HFBJIN_00005	JDIFCN_08180	45.8	443	224	4	4	430	2	444	3.48e-127	373
HFBJIN_00010	LMJHIN_04880	46.2	364	195	1	1	364	1	363	1.40e-117	342
HFBJIN_00010	IMLPOL_04765	34.2	363	236	3	5	364	5	367	6.67e-75	233
HFBJIN_00010	EEOPDA_06730	34.1	367	236	5	1	362	1	366	2.80e-74	231
HFBJIN_00020	IBIBLP_21290	43.6	369	193	5	1	363	54	413	5.38e-103	306
HFBJIN_00030	IDJOEI_11860	55.6	734	219	6	8	635	15	747	1.98e-274	766
HFBJIN_00030	NLLOJM_03475	33.6	658	399	11	8	633	7	658	4.19e-113	350
HFBJIN_00035	GJDIKO_00030	61.8	806	305	2	1	803	1	806	0.0	899
HFBJIN_00035	CIIHGC_05655	41.6	695	363	10	7	671	4	685	1.70e-160	486
HFBJIN_00035	EHJFJN_05890	32.8	685	422	16	13	685	5	663	5.13e-102	328
HFBJIN_00070	FNINNI_00085	64.0	172	60	1	1	170	1	172	1.11e-75	220
HFBJIN_00075	HNGOGK_09900	28.8	476	314	9	3	456	2	474	4.03e-61	203
HFBJIN_00110	NPLHCN_07855	28.8	1199	782	14	1	1146	16	1195	3.20e-179	555
HFBJIN_00115	NKCJOK_09390	46.9	1325	610	21	1	1244	1	1312	0.0	1103
HFBJIN_00115	CHFKLB_13610	39.3	1265	703	21	1	1242	1	1223	1.34e-268	791
HFBJIN_00130	ALJKBN_18190	40.8	260	146	4	47	300	342	599	1.84e-57	191
HFBJIN_00140	IHMAMP_18595	62.0	295	111	1	1	294	1	295	2.81e-136	384
HFBJIN_00155	LJALIN_17780	68.0	525	165	3	1	524	50	572	1.05e-267	738
HFBJIN_00155	OBHJLJ_05995	28.3	541	369	5	1	525	4	541	3.90e-80	260
HFBJIN_00155	IMJCGK_11625	31.7	518	327	10	1	504	3	507	1.50e-72	236
HFBJIN_00155	EHHHNJ_03925	28.6	539	321	12	1	525	3	491	1.11e-56	196
HFBJIN_00165	GBDDDA_04680	50.2	217	104	3	1	215	1	215	3.41e-66	199
HFBJIN_00165	DHFKBB_07845	40.3	211	122	3	6	215	9	216	3.40e-48	154
HFBJIN_00170	INKIHH_11820	49.2	252	124	1	12	263	11	258	2.99e-82	244
HFBJIN_00175	JFOKOO_10945	50.1	397	193	4	20	414	17	410	3.27e-132	382
HFBJIN_00190	NDJCGB_23505	47.0	389	163	5	1	346	19	407	2.77e-114	335
HFBJIN_00195	CPMPBM_01325	54.3	1080	463	5	1	1056	1	1073	0.0	1113
HFBJIN_00210	LOEBFA_04170	47.7	241	126	0	1	241	1	241	1.85e-79	236
HFBJIN_00215	CFGLOL_04020	68.6	172	54	0	1	172	50	221	4.61e-86	248
HFBJIN_00225	MNAECF_18475	41.4	237	124	3	1	222	1	237	3.54e-57	177
HFBJIN_00230	ICHLBC_08475	42.5	414	228	7	619	1027	4	412	3.77e-90	303
HFBJIN_00230	NIIHOH_00330	30.1	652	333	10	29	563	26	671	1.49e-85	287
HFBJIN_00235	ANGKFO_01360	40.6	315	166	4	7	320	3	297	3.82e-79	239
HFBJIN_00245	CFMBFO_15475	43.5	336	155	3	5	305	8	343	1.75e-98	290
HFBJIN_00270	AEOEGG_04380	55.2	1044	456	7	1	1034	58	1099	0.0	1213
HFBJIN_00270	GMHKEG_05155	27.9	835	508	21	17	835	4	760	3.25e-84	288
HFBJIN_00285	JEKOGE_06050	48.8	459	232	2	1	456	1	459	6.35e-154	441
HFBJIN_00285	ADOCAH_04505	40.6	207	123	0	24	230	2	208	1.68e-50	168
HFBJIN_00285	DNBNEF_09455	26.9	431	305	4	15	439	16	442	3.70e-49	170
HFBJIN_00285	JDIFCN_01505	38.3	243	145	4	5	244	2	242	1.42e-48	163
HFBJIN_00310	PHLAAH_09875	37.4	593	365	4	3	591	1	591	4.04e-144	426
HFBJIN_00315	ENNDNJ_17255	56.4	665	261	4	6	642	57	720	7.23e-264	738
HFBJIN_00330	LMPNBJ_03605	45.8	177	96	0	1	177	1	177	5.23e-49	153
HFBJIN_00335	KGACJP_08975	48.2	276	137	2	7	276	32	307	1.08e-86	258
HFBJIN_00350	BCNBMK_19470	64.0	258	89	3	1	255	1	257	2.40e-118	335
HFBJIN_00360	DELOGM_05175	46.2	266	134	5	3	267	4	261	1.44e-74	226
HFBJIN_00370	DKBPMI_16625	45.1	195	106	1	20	214	17	210	1.63e-54	170
HFBJIN_00380	MFOGNL_02710	42.4	276	157	2	1	276	1	274	1.24e-75	228
HFBJIN_00385	PENENA_11575	39.2	693	309	17	110	694	122	810	3.41e-138	422
HFBJIN_00385	FCAKMF_09100	28.5	722	466	26	4	694	5	707	7.71e-74	249
HFBJIN_00395	HIADJD_12750	49.8	576	282	3	4	573	7	581	2.97e-199	569
HFBJIN_00395	JFOKOO_10025	30.5	560	333	11	5	517	37	587	1.12e-66	228
HFBJIN_00400	ALJKBN_18000	47.8	159	80	2	5	160	3	161	1.58e-49	154
HFBJIN_00405	DKDCDL_01975	55.4	204	89	2	1	203	24	226	1.34e-72	216
HFBJIN_00415	OEDLLD_10520	63.2	307	113	0	3	309	2	308	7.00e-139	394
HFBJIN_00415	NEALDO_03765	32.5	323	202	8	5	321	3	315	2.65e-44	150
HFBJIN_00425	CJFJOL_15720	79.7	359	73	0	1	359	33	391	1.03e-213	586
HFBJIN_00440	GNBNBP_10965	69.5	459	138	2	1	459	1	457	1.93e-234	645
HFBJIN_00445	ANHNJA_13465	65.9	261	89	0	7	267	29	289	4.00e-129	364
HFBJIN_00455	JFOKOO_02910	40.3	196	117	0	251	446	8	203	2.82e-49	164
HFBJIN_00460	DKDCDL_00950	74.2	318	82	0	1	318	13	330	1.16e-172	478
HFBJIN_00465	GEHMID_04080	41.3	225	123	3	7	226	3	223	8.79e-53	166
HFBJIN_00465	FPMAMI_13105	38.0	221	135	2	7	225	2	222	2.84e-49	157
HFBJIN_00465	MCPLNH_08930	37.7	220	131	4	8	224	4	220	2.94e-47	152
HFBJIN_00470	GANHPB_00400	30.8	442	280	6	42	464	30	464	3.40e-58	195
HFBJIN_00480	ODHFDB_00935	41.7	1144	619	8	3	1099	32	1174	1.43e-304	882
HFBJIN_00480	JKEOBL_06960	38.8	1134	668	10	32	1160	44	1156	5.51e-247	731
HFBJIN_00480	DHOMEH_12720	33.5	436	216	7	623	990	253	682	3.05e-61	220
HFBJIN_00490	CNNHAB_03230	47.1	172	85	3	11	181	5	171	3.67e-52	161
HFBJIN_00495	FPHHHP_11230	57.0	514	215	3	1	511	1	511	3.14e-199	561
HFBJIN_00495	HJGNEK_11040	24.4	516	365	5	6	497	14	528	7.53e-41	150
HFBJIN_00595	GKEJOP_10070	41.6	469	263	6	3	467	3	464	7.58e-117	347
HFBJIN_00605	ACCPON_01955	45.9	608	300	9	9	602	11	603	1.06e-168	491
HFBJIN_00610	OBGAOG_06790	53.7	205	94	1	352	556	3	206	8.51e-66	209
HFBJIN_00615	LDGBGO_07050	49.0	257	125	2	1	256	1	252	2.19e-81	242
HFBJIN_00620	CGJECG_04975	50.8	317	150	4	2	314	5	319	8.36e-110	318
HFBJIN_00625	ONBPBO_08675	51.9	158	74	1	4	159	2	159	3.03e-50	155
HFBJIN_00630	CPMPBM_10790	53.9	479	215	4	21	498	17	490	2.89e-179	514
HFBJIN_00655	JIDGJJ_02675	67.9	464	148	1	1	463	65	528	2.10e-240	664
HFBJIN_00660	GGKJAP_00545	51.3	462	220	2	1	458	1	461	3.74e-150	444
HFBJIN_00660	PBJMKO_02295	33.0	446	287	6	19	458	9	448	2.26e-68	221
HFBJIN_00710	GAOLHI_00175	50.6	318	148	4	1	314	1	313	1.64e-95	281
HFBJIN_00725	EGEPOE_04770	47.2	199	104	1	2	200	217	414	5.42e-54	174
HFBJIN_00740	AEGBGH_08240	48.0	256	131	2	1	255	1	255	1.60e-76	235
HFBJIN_00770	KBOILM_00790	42.5	341	192	3	1	337	1	341	2.19e-91	273
HFBJIN_00775	BDLLLF_08695	49.1	776	380	8	40	809	175	941	9.19e-244	703
HFBJIN_00780	GNBPPJ_17065	40.0	310	176	3	4	306	7	313	7.17e-68	219
HFBJIN_00790	JCMKKN_07565	34.7	455	288	7	4	456	5	452	6.07e-96	293
HFBJIN_00795	EDPPFC_01500	49.1	336	170	1	17	351	15	350	5.47e-108	317
HFBJIN_00800	CGCKMD_06365	60.8	367	138	3	1	365	53	415	2.48e-146	417
HFBJIN_00810	NIFJOO_10840	55.7	540	236	3	6	542	1	540	1.70e-211	596
HFBJIN_00815	KMGACI_09375	50.6	470	221	4	1	465	8	471	1.13e-158	454
HFBJIN_00815	PDHKAH_02565	38.4	477	269	7	3	463	5	472	2.71e-99	302
HFBJIN_00825	MPNMPI_08090	47.3	243	124	3	61	300	4	245	2.18e-73	222
HFBJIN_00845	IFDCNO_03920	76.4	165	38	1	1	164	32	196	3.75e-86	256
HFBJIN_00850	IFDCNO_03920	77.7	206	46	0	1	206	223	428	1.43e-113	327
HFBJIN_00865	NLMKLO_11100	53.6	168	78	0	5	172	76	243	1.71e-66	199
HFBJIN_00870	BPPMOK_07490	73.4	139	37	0	1	139	19	157	3.58e-70	204
HFBJIN_00875	GLOKCI_14050	66.2	228	77	0	2	229	23	250	4.41e-105	300
HFBJIN_00890	EEOPDA_05455	61.3	1243	413	9	2	1181	6	1243	0.0	1472
HFBJIN_00895	OEKCMO_01405	55.9	1356	396	10	7	1162	12	1365	0.0	1429
HFBJIN_00900	GBFPPP_00960	75.7	136	20	1	1	123	22	157	4.43e-65	191
HFBJIN_00905	JOOEPC_00745	65.4	156	54	0	1	156	44	199	3.06e-72	212
HFBJIN_00910	JIBNCO_01295	64.0	702	237	3	3	688	35	736	0.0	905
HFBJIN_00910	FKJBDL_04740	37.6	688	423	3	5	688	45	730	4.17e-165	488
HFBJIN_00910	HGOKLA_01315	26.3	681	450	14	9	663	2	656	3.14e-64	222
HFBJIN_00910	PPPHGA_13940	23.9	700	422	12	14	672	16	645	1.54e-53	195
HFBJIN_00910	HFPDKM_12815	28.4	507	306	17	7	491	41	512	2.08e-44	164
HFBJIN_00915	IFDCNO_03920	75.9	398	94	2	1	397	32	428	6.60e-219	602
HFBJIN_00925	MFOGNL_14960	58.7	206	83	1	3	208	2	205	3.04e-83	242
HFBJIN_00930	DPDMEB_04405	49.5	218	98	1	1	206	1	218	4.10e-68	204
HFBJIN_00940	DPDMEB_04415	69.3	274	84	0	1	274	28	301	2.76e-134	378
HFBJIN_00955	DEDJGM_13625	64.1	209	74	1	1	209	1	208	2.17e-92	272
HFBJIN_00960	CJMCHC_02490	71.3	136	39	0	1	136	1	136	1.44e-65	193
HFBJIN_00975	AAPNJG_07775	89.5	124	11	1	1	122	1	124	9.57e-74	211
HFBJIN_00985	FEAPNK_12085	62.7	177	66	0	3	179	12	188	3.57e-84	243
HFBJIN_00995	JKJAJN_00245	57.6	132	54	1	1	132	1	130	1.28e-52	159
HFBJIN_01000	ALJLGD_10060	76.1	180	43	0	1	180	35	214	2.68e-99	282
HFBJIN_01010	GNANIN_06060	72.0	164	46	0	2	165	13	176	3.76e-82	236
HFBJIN_01020	AJKFOC_09065	62.6	147	54	1	1	146	1	147	1.52e-51	157
HFBJIN_01025	DLFNKE_04470	39.0	474	238	8	1	432	1	465	5.00e-103	310
HFBJIN_01030	DFHILB_18235	71.6	215	58	1	1	215	1	212	1.97e-110	311
HFBJIN_01035	EGEACP_03415	57.0	249	106	1	1	248	16	264	3.72e-99	286
HFBJIN_01055	EGMGCA_06090	72.6	124	32	1	1	122	1	124	9.63e-58	171
HFBJIN_01060	JHIMFH_02475	78.0	118	26	0	14	131	21	138	2.13e-64	189
HFBJIN_01065	ANAEHF_05660	46.6	206	99	4	1	206	1	195	9.66e-54	167
HFBJIN_01070	NPACKI_02020	61.0	318	120	3	1	315	1	317	3.48e-133	377
HFBJIN_01075	KPCHOM_01925	69.0	113	35	0	1	113	39	151	5.51e-51	154
HFBJIN_01080	BCFHOD_10075	42.9	266	147	4	21	282	15	279	1.35e-65	203
HFBJIN_01085	BCFHOD_10075	48.9	272	138	1	1	272	1	271	1.94e-88	261
HFBJIN_01090	FOMOBF_02515	54.3	269	118	3	1	265	1	268	6.86e-88	259
HFBJIN_01100	LPAOAJ_05615	62.2	143	54	0	1	143	61	203	5.90e-61	183
HFBJIN_01105	AEGBGH_07565	71.3	129	36	1	3	130	10	138	8.80e-59	174
HFBJIN_01120	MCCICN_05395	50.4	280	138	1	1	280	1	279	3.31e-98	286
HFBJIN_01125	ECLNLI_04625	64.4	180	64	0	2	181	22	201	4.44e-81	236
HFBJIN_01140	HAINKJ_00320	52.3	262	123	1	186	447	458	717	1.78e-79	257
HFBJIN_01140	FGCNNA_15325	38.9	275	161	3	178	449	489	759	2.40e-53	187
HFBJIN_01145	JIBNCO_17045	50.5	721	334	5	39	743	51	764	1.10e-253	718
HFBJIN_01150	NJKLPJ_08545	65.4	344	117	1	3	344	25	368	1.29e-164	460
HFBJIN_01155	JPGONO_05465	38.9	475	282	4	68	535	70	543	9.76e-102	314
HFBJIN_01160	JLCMGD_15675	60.9	442	171	1	1	440	30	471	1.10e-191	537
HFBJIN_01195	ANAEHF_02140	47.6	248	126	1	16	259	15	262	1.50e-68	213
HFBJIN_01205	GCDEGP_05015	44.5	550	253	13	37	543	32	572	9.82e-135	406
HFBJIN_01210	LPHKDC_03635	43.9	301	169	0	1	301	1	301	2.45e-84	252
HFBJIN_01215	JLFFKH_10735	45.5	347	188	1	2	348	3	348	1.04e-104	308
HFBJIN_01225	FPHNOE_03040	63.3	267	97	1	1	267	26	291	4.36e-121	344
HFBJIN_01230	BKGNKE_03870	52.3	151	71	1	117	267	2	151	3.94e-48	154
HFBJIN_01245	GPHIJJ_07705	52.0	448	210	3	1	446	1	445	2.79e-156	446
HFBJIN_01255	OHKOAG_01070	52.8	159	74	1	1	158	1	159	1.94e-51	158
HFBJIN_01265	HIADJD_12750	32.7	416	274	5	5	419	8	418	1.33e-66	219
HFBJIN_01270	EIKLNG_11410	71.4	161	46	0	1	161	1	161	9.67e-78	239
HFBJIN_01275	PKHOKF_04630	61.9	360	133	1	1	356	93	452	1.38e-149	426
HFBJIN_01280	KPNMII_11605	53.6	558	248	4	1	554	1	551	7.50e-204	576
HFBJIN_01285	FOLEJH_19415	77.4	328	73	1	1	328	1	327	2.47e-185	511
HFBJIN_01300	FFLAPM_17200	58.2	292	115	3	2	287	23	313	2.69e-87	259
HFBJIN_01305	FKNOEG_02840	41.1	258	146	2	43	299	20	272	1.57e-68	211
HFBJIN_01305	OBHHPC_05035	32.9	295	182	4	21	299	4	298	9.77e-52	168
HFBJIN_01310	PPPHGA_08905	50.6	496	239	4	1	493	1	493	2.55e-190	540
HFBJIN_01310	ELNOCH_01590	43.0	472	254	8	3	471	34	493	1.58e-127	397
HFBJIN_01330	JLCMGD_15675	45.7	293	158	1	13	304	177	469	4.90e-89	270
HFBJIN_01345	LKLDMN_19325	44.3	219	117	3	6	224	4	217	4.96e-59	182
HFBJIN_01355	NHIAMB_19525	32.9	425	235	11	3	380	114	535	2.08e-62	205
HFBJIN_01360	MDIEPL_13060	32.2	426	238	9	2	378	97	520	3.84e-61	201
HFBJIN_01360	NHIAMB_19525	30.3	422	248	10	1	377	116	536	4.27e-58	194
HFBJIN_01370	FOHGMI_14860	51.3	226	101	4	242	467	2	218	4.38e-62	203
HFBJIN_01390	PNJNHA_06825	50.1	611	295	4	1	608	1	604	1.87e-199	568
HFBJIN_01435	ELNOCH_01590	68.4	749	235	2	6	753	533	1280	0.0	1022
HFBJIN_01435	DEAEDM_14640	38.9	803	432	16	5	753	16	813	5.61e-165	493
HFBJIN_01450	ILEJOP_08300	79.5	195	40	0	1	195	41	235	3.29e-111	313
HFBJIN_01475	BOPGEP_09895	44.1	637	343	6	1	632	1	629	5.21e-190	547
HFBJIN_01505	JLNLFB_04605	55.0	151	68	0	1	151	231	381	9.20e-51	163
HFBJIN_01530	IADIMG_01355	45.5	332	177	2	1	328	32	363	5.29e-103	304
HFBJIN_01535	MAHJHN_05475	65.3	857	294	2	3	859	8	861	0.0	1124
HFBJIN_01535	LEJEEC_08915	37.1	391	218	4	469	859	16	378	9.94e-75	245
HFBJIN_01535	HAFNKM_08490	32.4	398	236	7	460	854	12	379	2.59e-53	186
HFBJIN_01535	OLKGPM_09705	29.5	393	232	10	473	857	41	396	3.31e-42	162
HFBJIN_01595	OEDLLD_08805	26.6	485	352	2	94	577	240	721	8.44e-57	199
HFBJIN_01595	MGCPIK_11245	41.9	227	130	2	347	572	45	270	8.16e-52	176
HFBJIN_01595	KAJCKN_09590	27.0	419	296	6	159	573	151	563	3.24e-44	162
HFBJIN_01645	KOGAEP_18980	40.7	935	475	9	1	861	5	934	3.05e-206	608
HFBJIN_01645	IFHDGK_16005	27.5	683	437	17	51	725	87	719	5.35e-55	201
HFBJIN_01655	BLDCGJ_07655	41.2	277	162	1	4	280	7	282	1.86e-75	228
HFBJIN_01670	AGFMKF_04480	64.2	377	135	0	15	391	17	393	5.75e-177	496
HFBJIN_01675	CAGOKC_07435	67.2	466	150	2	1	465	7	470	1.37e-223	619
HFBJIN_01695	HCBGLF_06190	36.2	307	176	9	8	307	41	334	1.97e-51	169
HFBJIN_01725	AHFGAK_10390	48.5	379	193	2	1	378	1	378	3.07e-118	344
HFBJIN_01735	AJKFOC_11935	46.8	329	170	4	7	333	6	331	4.54e-97	287
HFBJIN_01735	AGFMKF_04480	42.6	329	178	4	6	329	71	393	4.40e-82	251
HFBJIN_01740	FBNFHD_05595	70.8	284	81	1	1	282	2	285	2.58e-140	393
HFBJIN_01745	PPLGEL_09165	56.2	308	133	2	1	306	1	308	1.30e-124	355
HFBJIN_01750	INGAKC_09930	38.3	506	282	8	1	496	1	486	1.00e-98	302
HFBJIN_01750	NGIGMC_08570	36.7	496	297	6	11	492	29	521	7.83e-89	278
HFBJIN_01760	BKGFAN_12710	69.2	523	159	2	1	521	1	523	3.75e-247	685
HFBJIN_01770	HHJGNO_12810	64.7	201	70	1	113	313	1	200	1.84e-83	253
HFBJIN_01775	JGACAL_04805	57.6	507	213	2	6	510	7	513	1.29e-216	605
HFBJIN_01820	NEEMKD_06435	50.2	430	202	4	5	434	2	419	3.73e-148	425
HFBJIN_01835	PKJHON_07320	58.5	130	54	0	137	266	115	244	3.53e-50	162
HFBJIN_01840	PCHHPE_13495	43.1	248	129	2	1	236	57	304	5.80e-62	192
HFBJIN_01870	INKIHH_10100	49.3	755	362	9	1	753	1	736	2.71e-227	650
HFBJIN_01870	NIHDHO_00130	30.5	610	366	17	43	634	2	571	2.45e-66	226
HFBJIN_01875	OJBOFE_04935	78.4	662	143	0	1	662	21	682	0.0	1046
HFBJIN_01875	FCAKMF_01695	38.9	669	384	10	2	661	9	661	6.79e-146	436
HFBJIN_01895	JGACAL_10860	41.4	324	190	0	1	324	1	324	4.15e-86	258
HFBJIN_02065	ALJKBN_18190	53.7	281	123	2	408	681	319	599	1.92e-89	287
HFBJIN_02150	MFPIGK_04845	36.4	321	196	3	3	316	3	322	6.82e-69	214
HFBJIN_02160	JAEGOD_01515	43.0	230	103	2	1	230	1	202	1.89e-62	190
HFBJIN_02165	PDFOOG_03610	54.8	336	150	1	1	336	1	334	6.58e-124	355
HFBJIN_02175	BAJPMC_02220	35.1	393	218	9	27	393	136	517	3.17e-49	172
HFBJIN_02190	AEOGEB_05770	49.6	371	186	1	1	371	1	370	2.83e-130	375
HFBJIN_02210	AEOGEB_05770	46.9	371	196	1	1	371	1	370	8.36e-112	328
HFBJIN_02215	AGOHIM_16235	62.1	330	125	0	1	330	1	330	3.58e-157	440
HFBJIN_02220	JNFNLP_17600	52.8	286	124	3	1	285	1	276	6.25e-102	295
HFBJIN_02225	MJOLHA_09170	49.4	174	66	2	3	176	4	155	7.04e-53	162
HFBJIN_02250	BLAABG_00920	47.7	279	145	1	1	279	4	281	7.30e-91	267
HFBJIN_02270	LLPFOP_13100	61.6	528	203	0	4	531	58	585	3.87e-244	679
HFBJIN_02275	OBMNEO_04895	56.5	368	153	4	108	470	257	622	1.94e-135	401
HFBJIN_02295	KAHMBC_00285	59.7	583	230	2	1	583	1	578	4.88e-243	677
HFBJIN_02295	OJKFBE_02800	35.2	307	160	5	313	583	28	331	7.72e-50	172
HFBJIN_02300	ENCFBG_02550	59.7	355	143	0	2	356	27	381	1.32e-150	426
HFBJIN_02300	NKBHGG_10765	37.4	243	147	3	107	345	126	367	3.50e-45	155
HFBJIN_02310	ANAEHF_00370	49.4	239	104	3	18	239	36	274	5.05e-70	216
HFBJIN_02320	EAAFOH_08395	60.9	207	81	0	2	208	3	209	2.85e-96	276
HFBJIN_02325	OKDDHK_07450	66.5	164	53	1	1	164	36	197	1.98e-79	230
HFBJIN_02330	PKNBNM_10200	53.0	370	171	1	1	367	1	370	2.74e-136	391
HFBJIN_02335	DEDJGM_09950	51.2	406	183	5	1	392	1	405	3.68e-122	356
HFBJIN_02365	KAMEPO_10485	55.7	497	220	0	6	502	180	676	3.55e-190	546
HFBJIN_02375	IIPEEC_05240	71.3	456	130	1	6	460	61	516	6.71e-229	634
HFBJIN_02390	MDIEPL_01320	43.2	419	231	6	1	417	1	414	4.13e-109	324
HFBJIN_02395	DFJNBN_06280	48.8	291	147	1	62	352	103	391	7.09e-94	281
HFBJIN_02410	GNANIN_05050	51.8	328	155	1	7	331	3	330	2.70e-119	344
HFBJIN_02460	CPMPBM_08260	68.5	387	121	1	1	387	1	386	1.22e-194	539
HFBJIN_02465	ADAMEB_07400	43.4	739	408	6	1	733	86	820	2.00e-203	592
HFBJIN_02480	NKCJOK_11325	57.7	175	72	1	1	175	1	173	7.85e-68	201
HFBJIN_02485	MIMOKC_00785	52.3	909	369	8	9	852	2	910	1.44e-309	870
HFBJIN_02490	NKBHGG_10765	51.2	322	154	2	5	323	47	368	1.83e-117	340
HFBJIN_02490	ENCFBG_02550	34.5	304	190	6	23	321	70	369	2.12e-51	171
HFBJIN_02520	GLPEDO_16060	50.3	800	305	5	7	717	6	801	1.04e-252	723
HFBJIN_02535	DHNCOO_00765	39.1	304	179	3	19	316	28	331	3.61e-72	223
HFBJIN_02550	PPCHMH_03275	28.1	413	295	1	3	413	34	446	4.42e-51	175
HFBJIN_02575	JLJJEA_09515	47.0	334	171	3	366	697	1	330	4.38e-93	288
HFBJIN_02600	JBCEHI_12990	44.4	250	132	5	13	258	2	248	1.04e-58	183
HFBJIN_02600	JHLGGO_08550	42.1	259	131	4	13	258	14	266	6.66e-57	179
HFBJIN_02640	JHFCEN_10015	46.1	241	113	4	3	242	3	227	4.24e-63	193
HFBJIN_02665	OKLCDA_08070	51.9	376	157	4	3	354	8	383	2.47e-132	379
HFBJIN_02735	GHIDNG_08150	35.4	350	216	6	9	351	294	640	2.24e-59	201
HFBJIN_02740	NIHDHO_06285	43.0	474	266	3	1	472	1	472	2.24e-131	385
HFBJIN_02745	CFELJI_00540	41.5	480	279	1	1	480	1	478	6.60e-117	348
HFBJIN_02765	NGNBGJ_09385	41.4	210	122	1	16	225	17	225	1.51e-53	168
HFBJIN_02770	GNANIN_05050	50.2	331	161	2	7	334	3	332	1.24e-113	329
HFBJIN_02800	NEHECH_00655	47.4	247	127	2	1	246	1	245	3.01e-77	231
HFBJIN_02840	PFNDEF_09710	51.1	613	290	4	1	611	1	605	5.17e-229	644
HFBJIN_02865	CFMCFG_03040	87.0	100	11	1	1	98	1	100	1.96e-58	171
HFBJIN_02870	JFOKOO_06090	43.4	429	232	4	1	428	1	419	1.65e-112	333
HFBJIN_02895	LDMJKE_01680	45.3	234	123	3	68	299	27	257	5.25e-54	173
HFBJIN_02895	BKMNND_09895	36.7	278	167	6	19	291	18	291	1.28e-45	153
HFBJIN_02905	HEEEIG_03320	59.0	363	145	1	3	361	2	364	2.44e-161	452
HFBJIN_02910	NPACKI_09380	33.8	275	172	5	30	298	66	336	6.75e-44	155
HFBJIN_02935	MCPLNH_08930	44.4	223	120	3	1	221	1	221	4.94e-64	195
HFBJIN_02935	FPMAMI_13105	37.2	223	138	1	3	223	2	224	2.90e-48	154
HFBJIN_02940	KNCOJD_00140	36.4	275	165	4	83	350	108	379	1.51e-54	180
HFBJIN_02940	GANHPB_00400	37.5	264	163	1	88	349	202	465	1.03e-53	180
HFBJIN_02990	OPDKDG_08630	61.9	223	84	1	46	268	1	222	2.09e-94	274
HFBJIN_03000	BMJLCO_02760	46.5	215	113	2	1	215	1	213	4.06e-66	199
HFBJIN_03010	IMMPMF_02225	54.1	229	102	3	1	228	1	227	2.01e-84	247
HFBJIN_03015	DHNCOO_02905	43.7	535	248	9	8	497	9	535	5.75e-142	416
HFBJIN_03030	CFGLOL_04020	60.8	166	65	0	58	223	53	218	6.59e-68	204
HFBJIN_03035	DKAAEG_05130	32.3	603	338	14	1	570	1	566	2.42e-84	271
HFBJIN_03055	LMBKNE_15370	49.9	387	174	8	1	385	69	437	4.80e-123	359
HFBJIN_03060	FIGKOO_03390	38.0	508	267	7	2	464	3	507	3.46e-58	196
HFBJIN_03065	NLAFOC_00650	43.0	270	143	4	5	268	5	269	6.50e-70	213
HFBJIN_03070	GFMNBM_06415	46.3	246	127	2	5	248	52	294	6.81e-73	221
HFBJIN_03130	NGBLNP_13770	44.6	289	159	1	1	288	1	289	1.97e-88	262
HFBJIN_03140	CPMPBM_03600	57.0	605	257	2	6	610	2	603	6.44e-260	725
HFBJIN_03150	AFKLCO_01805	41.3	305	159	8	7	303	2	294	1.27e-65	204
HFBJIN_03160	MNPOJG_08080	40.2	224	130	4	11	233	13	233	2.22e-55	173
HFBJIN_03170	FOHGMI_07400	47.7	310	152	2	1	301	1	309	1.55e-101	296
HFBJIN_03170	JLJPKD_12840	33.9	345	177	5	1	298	31	371	1.47e-57	186
HFBJIN_03170	HAFNKM_03170	40.2	254	143	4	53	298	98	350	2.48e-49	164
HFBJIN_03185	AHFGAK_17940	45.9	407	216	2	1	404	1	406	3.95e-123	359
HFBJIN_03190	BMJLCO_11060	47.8	429	220	4	5	432	5	430	6.58e-133	386
HFBJIN_03200	ILHBJB_06250	50.3	191	94	1	8	198	39	228	1.41e-66	201
HFBJIN_03205	OBHJLJ_05995	40.6	651	371	3	3	637	4	654	1.02e-159	470
HFBJIN_03205	IMJCGK_11625	35.6	525	327	7	1	524	1	515	2.36e-97	304
HFBJIN_03205	LJALIN_17780	34.9	542	323	10	3	534	50	571	1.80e-87	281
HFBJIN_03205	EHHHNJ_03925	32.2	552	311	10	1	543	1	498	1.01e-80	263
HFBJIN_03215	BDLLLF_04730	36.6	292	181	2	209	500	83	370	4.68e-50	173
HFBJIN_03215	HAINKJ_00320	37.7	265	162	2	221	485	440	701	5.18e-47	170
HFBJIN_03230	PPBGAG_04970	56.8	155	63	3	3	153	2	156	9.41e-59	176
HFBJIN_03245	PPBGAG_05060	47.2	337	177	1	8	344	1	336	2.82e-101	298
HFBJIN_03250	ENCFBG_07925	61.4	332	123	4	4	332	5	334	1.79e-134	382
HFBJIN_03255	PKLMMB_11890	58.9	392	147	6	6	389	3	388	1.15e-151	430
HFBJIN_03260	HOBHPC_14180	83.5	248	41	0	1	248	21	268	1.29e-148	412
HFBJIN_03265	EEMLEJ_12835	59.9	511	199	2	2	510	90	596	1.98e-212	597
HFBJIN_03275	OKHOCL_06405	54.7	422	185	4	9	428	5	422	4.07e-153	437
HFBJIN_03295	OODMEK_16380	43.1	202	115	0	35	236	17	218	6.03e-53	169
HFBJIN_03300	OOMOLM_10315	41.8	771	412	10	3	757	78	827	4.41e-163	489
HFBJIN_03300	PJGAFD_00175	37.3	539	314	8	216	751	93	610	2.26e-98	314
HFBJIN_03300	INHOHM_11200	32.2	515	326	6	209	715	163	662	1.43e-65	228
HFBJIN_03305	AOHBGH_01715	37.9	243	137	5	27	263	58	292	5.80e-46	159
HFBJIN_03310	NHIAMB_19525	70.6	419	123	0	10	428	118	536	5.41e-210	585
HFBJIN_03310	MDIEPL_13060	43.0	405	228	3	27	428	115	519	2.35e-108	326
HFBJIN_03315	OODMEK_16380	36.7	245	153	2	18	262	4	246	4.23e-48	157
HFBJIN_03375	NHIAMB_19525	40.8	429	244	6	3	428	115	536	1.94e-99	303
HFBJIN_03375	MDIEPL_13060	34.8	431	274	3	1	429	95	520	5.23e-88	273
HFBJIN_03380	HDCAKM_06170	45.0	262	141	3	8	269	7	265	7.80e-73	221
HFBJIN_03385	EDPPFC_05720	37.6	242	143	4	1	241	6	240	3.04e-56	177
HFBJIN_03390	OOFIDG_04160	42.8	215	122	1	3	217	4	217	2.10e-51	162
HFBJIN_03395	CEPJKO_06160	40.2	281	155	5	3	281	2	271	3.67e-67	206
HFBJIN_03410	NHIAMB_19525	30.0	423	247	9	4	382	119	536	5.16e-59	196
HFBJIN_03410	MDIEPL_13060	31.5	406	229	10	23	383	119	520	2.34e-53	181
HFBJIN_03415	AFKLCO_01805	40.7	297	169	4	9	303	3	294	5.24e-65	202
HFBJIN_03430	GKNBCF_07930	47.0	400	210	1	217	614	46	445	3.71e-111	341
HFBJIN_03440	CGCKMD_14990	44.0	1102	529	32	20	1076	14	1072	2.58e-266	783
HFBJIN_03445	EDPPFC_05720	42.8	229	127	3	1	228	6	231	3.66e-53	171
HFBJIN_03450	OOFIDG_04160	49.8	209	104	1	4	212	9	216	8.61e-64	193
HFBJIN_03455	CEPJKO_06160	46.4	276	139	4	4	276	2	271	3.43e-77	232
HFBJIN_03490	BDLLLF_08695	42.7	801	365	10	82	860	215	943	5.43e-206	607
HFBJIN_03495	ACAFCJ_09955	54.1	196	86	1	1	196	1	192	6.21e-67	200
HFBJIN_03500	LKEOCB_14045	54.4	239	108	1	28	266	27	264	7.66e-83	246
HFBJIN_03510	LJOEIG_03945	46.6	268	136	2	25	286	8	274	1.08e-85	254
HFBJIN_03525	EOGDPL_27240	37.1	455	270	6	124	577	364	803	6.48e-93	299
HFBJIN_03525	AIOPCH_03715	32.2	428	287	2	150	577	84	508	6.90e-79	254
HFBJIN_03525	NPLHCN_14260	29.1	464	300	8	132	577	101	553	7.74e-53	191
HFBJIN_03575	PNJNHA_01100	50.4	272	126	3	1	272	1	263	1.94e-90	266
HFBJIN_03580	KKMOGI_12335	59.7	464	177	7	3	464	1	456	2.12e-180	509
HFBJIN_03580	NLNKCD_09525	37.1	423	248	9	42	461	127	534	2.98e-73	239
HFBJIN_03580	PFNDEF_04205	37.0	419	238	12	51	462	362	761	6.79e-63	215
HFBJIN_03650	MEIOOM_03965	35.5	251	152	7	2	246	97	343	1.73e-46	154
HFBJIN_03665	BGMBNC_07920	39.5	440	257	5	1	434	5	441	1.73e-104	314
HFBJIN_03740	IFEOCD_10150	27.9	517	345	13	52	561	55	550	3.84e-47	170
HFBJIN_03880	MMNNJC_09750	29.0	490	306	15	3	462	4	481	1.21e-43	159
HFBJIN_03925	IDAAGF_01625	56.1	474	193	3	6	473	277	741	3.73e-193	552
HFBJIN_03930	HCBGLF_06190	44.4	293	163	0	4	296	41	333	6.12e-79	239
HFBJIN_03975	NPLHCN_14260	34.0	409	251	7	376	769	1451	1855	2.39e-53	197
HFBJIN_03975	JHIMFH_08715	31.6	374	243	5	404	769	31	399	7.97e-49	174
HFBJIN_04060	GGCBJB_04630	45.5	475	182	4	1	475	1	398	1.76e-137	398
HFBJIN_04060	OKLCDA_08950	45.7	328	170	4	1	326	61	382	2.71e-94	289
HFBJIN_04065	OGOOED_16440	31.6	339	217	5	10	339	3	335	1.85e-49	165
HFBJIN_04075	FFLAPM_17200	32.9	283	188	2	2	283	30	311	3.38e-49	162
HFBJIN_04080	FKNOEG_02840	39.2	278	159	5	1	274	1	272	6.41e-55	175
HFBJIN_04085	DPDMEB_15410	51.7	542	231	10	21	543	2	531	9.46e-194	549
HFBJIN_04115	MFGBFB_07135	51.9	212	93	4	1	211	1	204	8.90e-73	216
HFBJIN_04165	AKJKEO_08215	73.3	632	157	3	1	625	58	684	0.0	906
HFBJIN_04165	BBKFDB_00315	36.1	515	282	15	9	516	5	479	1.03e-89	283
HFBJIN_04180	NIIHOH_18445	41.7	278	151	2	132	398	233	510	1.54e-61	203
HFBJIN_04185	MGCPIK_09490	64.4	376	132	2	5	378	44	419	2.68e-155	441
HFBJIN_04190	EEOPDA_07390	37.7	302	180	5	1	297	1	299	2.72e-70	216
HFBJIN_04195	FAIDMJ_00835	40.8	272	145	5	150	411	49	314	1.09e-62	201
HFBJIN_04200	FAIDMJ_00835	43.6	275	151	3	189	460	42	315	6.10e-79	244
HFBJIN_04210	OEJBDN_14890	54.9	381	170	1	4	384	1	379	9.33e-157	443
HFBJIN_04235	PBAKMA_15545	67.1	307	99	2	1	306	1	306	1.45e-148	416
HFBJIN_04290	NHIAMB_19525	73.3	420	112	0	10	429	118	537	1.96e-217	604
HFBJIN_04290	MDIEPL_13060	43.7	405	225	3	27	428	115	519	5.28e-113	338
HFBJIN_04310	FFLAPM_17200	33.0	276	179	3	3	278	30	299	8.46e-48	158
HFBJIN_04315	FKNOEG_02840	37.6	263	162	1	15	275	11	273	1.04e-53	172
HFBJIN_04345	MJOLHA_09170	59.2	157	62	1	1	157	1	155	1.22e-67	199
HFBJIN_04350	BLHEAE_07080	65.6	285	98	0	1	285	14	298	9.66e-140	392
HFBJIN_04370	FGMGBK_10205	54.5	255	116	0	1	255	1	255	1.47e-92	270
HFBJIN_04375	LPPKAH_00625	43.0	337	185	5	1	331	1	336	1.70e-104	306
HFBJIN_04385	CAGOKC_03555	50.3	161	43	1	121	281	6	129	2.15e-47	152
HFBJIN_04390	ANBPFB_04615	73.2	568	127	2	1	543	1	568	1.21e-300	824
HFBJIN_04410	LBBLIC_10685	61.1	239	83	2	31	259	4	242	1.18e-96	280
HFBJIN_04420	BDKJEH_07835	47.1	289	148	3	5	291	15	300	2.78e-89	265
HFBJIN_04425	LKIDNC_01490	57.1	389	165	2	1	388	1	388	8.05e-154	449
HFBJIN_04430	LKIDNC_01490	60.3	277	110	0	3	279	430	706	2.37e-108	325
HFBJIN_04430	LKEOCB_10345	47.6	273	142	1	1	272	1	273	1.24e-80	241
HFBJIN_04450	BAJPMC_08090	66.1	345	106	3	3	336	25	369	1.39e-166	466
HFBJIN_04460	NLCFLM_09960	92.4	185	14	0	1	185	1	185	3.12e-120	343
HFBJIN_04465	CFMBFO_09915	39.8	995	462	12	1	867	1	986	8.96e-225	657
HFBJIN_04505	ALJKBN_18190	38.5	260	150	2	383	632	306	565	1.36e-40	152
HFBJIN_04510	ALJKBN_18190	41.2	272	153	4	404	669	329	599	2.40e-50	181
HFBJIN_04530	KGLJGB_06615	52.0	152	60	2	3	142	7	157	1.86e-49	153
HFBJIN_04535	GLPAEG_01685	46.2	247	114	1	19	246	6	252	2.97e-63	195
HFBJIN_04540	ICHLBC_14895	62.9	143	53	0	8	150	39	181	7.78e-61	182
HFBJIN_04545	KOGAEP_23345	49.6	347	165	1	1	337	94	440	3.38e-117	342
HFBJIN_04555	KOGAEP_18980	22.6	745	503	16	22	705	25	756	7.35e-46	173
HFBJIN_04575	IBDNDD_02480	51.7	329	152	2	4	326	86	413	6.02e-110	322
HFBJIN_04590	CHFKLB_06175	71.7	597	168	1	8	603	56	652	2.32e-314	862
HFBJIN_04590	PHAIHL_05095	29.2	503	294	17	11	483	58	528	9.51e-45	165
HFBJIN_04600	BDFMEP_07880	50.1	369	179	3	5	373	3	366	2.55e-118	344
HFBJIN_04605	PFGANA_12245	62.5	344	128	1	4	347	6	348	5.98e-152	428
HFBJIN_04605	LPCGND_06910	36.7	349	210	4	9	348	3	349	1.51e-75	234
HFBJIN_04615	OFMOME_08970	58.6	556	219	2	1	546	12	566	1.17e-217	615
HFBJIN_04620	MKABCP_06035	46.3	380	190	3	1	377	1	369	4.75e-113	331
HFBJIN_04630	NCKDCM_06075	50.7	217	105	1	1	217	1	215	3.28e-75	223
HFBJIN_04630	ADMHII_15160	40.2	209	121	3	1	207	36	242	9.26e-49	156
HFBJIN_04635	AEOGEB_05155	63.7	311	113	0	1	311	23	333	1.57e-147	414
HFBJIN_04635	JIDGJJ_02600	37.2	352	176	9	4	311	2	352	1.32e-64	204
HFBJIN_04640	JLCMGD_11090	49.4	255	118	3	1	252	1	247	6.19e-73	219
HFBJIN_04640	NDJAKL_07675	37.2	253	148	5	1	247	1	248	1.42e-49	160
HFBJIN_04645	ODHFDB_02170	39.9	416	220	3	36	422	5	419	2.13e-104	317
HFBJIN_04645	NJKLPJ_06960	32.7	395	245	6	40	422	48	433	3.51e-63	209
HFBJIN_04645	BGMBNC_08915	30.8	415	271	5	40	444	30	438	2.91e-61	203
HFBJIN_04650	PMOLLI_10965	57.0	114	49	0	1	114	28	141	4.21e-51	154
HFBJIN_04660	AEOJIK_02975	61.2	147	57	0	4	150	3	149	6.77e-57	171
HFBJIN_04675	JHFCEN_02080	47.2	362	188	1	319	680	12	370	8.80e-114	344
HFBJIN_04690	IMLPOL_01605	48.3	294	146	2	3	292	2	293	3.17e-94	277
HFBJIN_04705	MNAECF_14965	46.4	211	108	2	1	210	1	207	1.05e-59	183
HFBJIN_04710	DHNCOO_05400	43.2	877	489	3	1	872	1	873	5.68e-263	751
HFBJIN_04720	HDOCPC_01655	49.7	338	161	3	1	337	41	370	1.42e-102	303
HFBJIN_04725	MKBKLI_00520	46.7	321	164	2	1	321	1	314	1.12e-103	313
HFBJIN_04730	OPOMOC_16115	50.3	292	137	3	86	375	57	342	1.42e-87	265
HFBJIN_05030	OGOOED_16440	61.9	333	125	1	1	333	1	331	6.51e-144	406
HFBJIN_05035	PPPHGA_08905	51.1	495	238	3	1	493	1	493	1.71e-185	528
HFBJIN_05035	ELNOCH_01590	42.4	476	249	11	3	470	34	492	1.24e-116	368
HFBJIN_05040	DEAEDM_14640	44.1	803	419	9	4	778	11	811	5.13e-215	623
HFBJIN_05040	ELNOCH_01590	43.1	733	377	17	57	778	575	1278	1.37e-174	533
HFBJIN_05045	HPIFBD_01690	38.5	322	189	4	3	318	2	320	6.36e-65	204
HFBJIN_05055	NKCJOK_06160	32.2	699	386	22	4	658	23	677	1.80e-87	287
HFBJIN_05060	BMADOL_09965	59.5	131	52	1	166	295	1	131	5.13e-50	158
HFBJIN_05070	FFLKCG_02860	44.2	412	224	3	4	409	1	412	8.88e-114	335
HFBJIN_05070	OIDBIB_02930	33.1	417	245	10	13	410	71	472	1.01e-56	193
HFBJIN_05095	DKDGNM_16825	42.1	535	249	8	6	483	8	538	1.62e-128	380
HFBJIN_05095	OJKFBE_03005	27.5	494	316	12	5	471	57	535	1.97e-43	157
HFBJIN_05100	NKBHGG_16915	49.7	302	149	2	35	336	60	358	1.16e-102	302
HFBJIN_05105	OODMEK_16380	43.6	250	135	3	3	250	1	246	5.70e-71	214
HFBJIN_05110	PHBJAG_09105	69.6	250	76	0	23	272	56	305	5.05e-116	332
HFBJIN_05130	AAIDMG_03830	49.2	309	153	3	37	344	41	346	1.94e-101	299
HFBJIN_05140	NPACKI_09380	33.9	327	183	10	45	352	66	378	2.41e-43	155
HFBJIN_05145	IBDNDD_04560	52.3	243	111	2	2	239	3	245	6.93e-85	249
HFBJIN_05160	MPNMPI_01965	48.9	321	157	4	2	316	4	323	1.41e-95	297
HFBJIN_05160	HFAHKK_07810	31.9	592	298	16	3	514	5	571	1.73e-67	237
HFBJIN_05165	IDNIFB_15035	45.1	793	427	5	1	785	1	793	4.34e-216	625
HFBJIN_05300	PIPLNM_12695	42.9	1023	436	12	1	979	1	919	5.96e-265	761
HFBJIN_05315	KOJDON_08905	36.5	263	160	2	4	259	5	267	1.65e-50	163
HFBJIN_05405	NEHECH_06065	49.2	197	97	3	92	288	320	513	2.07e-56	186
HFBJIN_05410	MKHMMK_07280	66.4	366	121	2	1	365	23	387	8.96e-168	470
HFBJIN_05420	MADIOF_14010	37.8	312	179	5	3	305	9	314	1.04e-68	214
HFBJIN_05425	BPEEIP_15400	50.8	266	117	7	8	266	41	299	5.51e-76	231
HFBJIN_05430	LKEOCB_03390	41.4	360	197	4	6	365	7	352	1.72e-85	259
HFBJIN_05440	EBLBNC_05495	61.9	302	115	0	5	306	30	331	1.92e-135	386
HFBJIN_05450	KPFMEK_26910	54.4	399	177	3	1	399	33	426	3.30e-155	441
HFBJIN_05450	OKHOCL_06690	33.9	422	245	8	1	394	1	416	3.24e-74	234
HFBJIN_05455	OKHOCL_06685	42.9	301	154	6	38	321	1	300	2.84e-75	230
HFBJIN_05460	MGCHGM_08105	42.3	239	129	3	8	245	2	232	3.64e-63	194
HFBJIN_05485	JFOKOO_09130	62.2	738	273	5	8	743	5	738	0.0	924
HFBJIN_05490	MDJFIL_00095	65.4	107	37	0	1	107	1	107	2.15e-51	159
HFBJIN_05495	JFOKOO_09130	62.7	738	269	5	8	743	5	738	0.0	930
HFBJIN_05510	OEDLLD_10335	44.9	314	170	1	1	314	1	311	5.47e-91	270
HFBJIN_05515	NPKNPB_15660	45.3	327	172	4	1	323	1	324	4.60e-98	289
HFBJIN_05520	NDCBAB_01755	40.1	334	185	8	15	340	9	335	5.63e-63	200
HFBJIN_05530	COAOJB_02605	40.1	212	117	2	1	208	1	206	2.09e-49	156
HFBJIN_05535	PNJNHA_04955	48.8	572	277	7	1	563	1	565	2.23e-189	540
HFBJIN_05535	FCHNIC_10895	33.9	510	309	12	77	563	82	586	1.22e-70	234
HFBJIN_05550	LLGOHG_10015	46.4	233	121	2	6	238	7	235	2.56e-74	222
HFBJIN_05555	EGCKLK_14120	58.2	213	87	2	1	213	1	211	2.20e-77	229
HFBJIN_05560	KGINLD_04375	43.2	266	130	5	36	290	54	309	2.13e-56	181
HFBJIN_05600	MLDKME_23815	51.2	281	132	2	1	278	1	279	2.71e-95	279
HFBJIN_05600	OAEEIH_06680	36.7	275	169	3	1	273	37	308	1.39e-55	178
HFBJIN_05605	OMINCF_03955	43.0	460	261	1	12	471	4	462	8.09e-133	388
HFBJIN_05610	LNKMPC_13665	76.6	269	63	0	1	269	1	269	1.05e-150	432
HFBJIN_05610	MDAJGJ_00800	28.4	566	348	14	1	534	1	541	1.36e-61	215
HFBJIN_05620	KOGAEP_18980	45.6	936	427	12	2	864	8	934	3.37e-248	715
HFBJIN_05620	IFHDGK_16005	27.1	727	472	18	10	728	46	722	1.92e-58	211
HFBJIN_05640	MPNMPI_06135	42.1	209	118	1	5	213	4	209	9.35e-48	153
HFBJIN_05650	JAFONP_12205	34.1	569	361	4	3	563	39	601	1.90e-95	300
HFBJIN_05650	OEDLLD_08805	33.0	527	337	6	46	563	201	720	2.10e-88	285
HFBJIN_05650	KAJCKN_09590	31.7	498	314	5	80	563	81	566	7.82e-70	231
HFBJIN_05650	MGCPIK_11245	44.1	229	128	0	334	562	45	273	4.56e-61	200
HFBJIN_05650	KMMJBO_11065	26.3	600	403	6	3	563	2	601	2.53e-60	207
HFBJIN_05650	NDBPJJ_01855	26.3	558	378	9	3	536	13	561	1.07e-43	160
HFBJIN_05660	LAPOAN_06745	54.7	340	152	2	4	342	32	370	1.72e-133	381
HFBJIN_05665	JGACAL_08620	49.4	626	307	6	4	628	6	622	2.94e-192	557
HFBJIN_05675	CGOKML_00970	47.4	291	152	1	19	309	19	308	7.29e-49	162
HFBJIN_05690	EEGFHJ_09505	51.9	239	114	1	36	274	23	260	6.79e-83	246
HFBJIN_05700	EDPPFC_05720	45.2	221	115	2	1	221	6	220	8.72e-64	195
HFBJIN_05710	BCFHOD_11480	55.0	1256	536	10	2	1248	89	1324	0.0	1298
HFBJIN_05720	HHJGNO_01565	57.9	235	94	2	1	235	1	230	1.41e-89	261
HFBJIN_05725	JMCFPI_01740	51.4	453	214	3	15	462	3	454	2.02e-168	479
HFBJIN_05725	MGNIFA_13410	29.7	394	254	8	22	405	21	401	1.30e-46	164
HFBJIN_05730	AEGBGH_02380	52.5	337	151	5	2	332	7	340	8.60e-117	337
HFBJIN_05740	MPNMPI_02045	51.6	512	232	9	4	502	2	510	1.29e-171	490
HFBJIN_05745	AEGBGH_02400	43.6	417	224	5	3	413	25	436	1.92e-115	341
HFBJIN_05790	JLCMGD_15675	66.2	305	103	0	2	306	167	471	2.68e-149	424
HFBJIN_05810	IDJOEI_10225	40.4	359	175	2	4	323	4	362	5.35e-92	275
HFBJIN_05815	CFELJI_04890	52.3	306	143	2	4	306	2	307	9.67e-104	302
HFBJIN_05820	JKBIAL_06555	46.4	308	161	4	5	311	2	306	2.68e-87	260
HFBJIN_05825	EDPPFC_16165	45.3	245	132	2	2	246	3	245	2.60e-65	199
HFBJIN_05830	AHPIPH_01830	61.5	408	157	0	1	408	16	423	5.33e-186	520
HFBJIN_05845	IJGGGM_15885	49.9	441	211	3	1	440	1	432	8.60e-153	437
HFBJIN_05845	AADGFO_06055	46.8	449	231	3	3	443	26	474	1.13e-136	417
HFBJIN_05850	NPKNPB_04480	58.0	288	116	3	1	285	1	286	9.93e-116	331
HFBJIN_05875	GCDEGP_08150	35.7	294	186	2	43	333	100	393	2.52e-61	197
HFBJIN_05880	CGFENC_13365	42.6	270	144	3	6	264	59	328	5.04e-51	168
HFBJIN_05890	PHEGCG_16825	39.8	211	127	0	20	230	9	219	1.09e-46	157
HFBJIN_05895	PHEGCG_16825	48.8	211	105	2	25	232	237	447	3.72e-62	198
HFBJIN_06115	AAIDMG_03830	46.8	348	177	6	3	346	5	348	1.14e-105	310
HFBJIN_06145	ONBPBO_06850	33.0	339	167	9	109	425	81	381	5.45e-50	175
HFBJIN_06155	PBNOEJ_04290	52.3	516	229	7	3	501	2	517	2.63e-186	528
HFBJIN_06170	PNJNHA_05030	43.1	288	161	1	3	290	2	286	5.72e-79	238
HFBJIN_06175	LKLDMN_19325	46.2	223	116	2	1	223	1	219	3.13e-58	192
HFBJIN_06200	LFFHHF_03375	43.7	405	212	7	3	394	100	501	7.82e-102	308
HFBJIN_06210	MKENAJ_04070	48.6	395	199	4	2	393	3	396	1.08e-136	392
HFBJIN_06210	BOLFNP_06995	32.6	396	220	13	4	373	37	411	7.01e-52	175
HFBJIN_06215	LKLDMN_17670	81.8	143	24	1	1	143	13	153	7.69e-84	239
HFBJIN_06220	JCMKKN_12205	49.3	357	171	3	1	355	1	349	1.34e-119	346
HFBJIN_06240	GLAJCN_12950	51.1	861	421	0	7	867	7	867	3.04e-299	869
HFBJIN_06260	ACCGGA_04760	66.9	142	47	0	8	149	48	189	2.79e-71	209
HFBJIN_06265	KDFDAI_07250	74.2	554	143	0	1	554	153	706	5.64e-306	841
HFBJIN_06270	PHAIHL_05095	61.8	597	222	4	4	595	53	648	8.82e-260	724
HFBJIN_06270	CHFKLB_06175	26.9	547	333	17	1	511	51	566	1.10e-43	162
HFBJIN_06280	IOMEKN_03295	47.6	210	105	3	4	211	4	210	6.52e-61	186
HFBJIN_06280	DKDGNM_20170	44.4	216	115	5	1	211	1	216	2.08e-51	162
HFBJIN_06285	MPNMPI_01965	39.3	333	193	3	5	336	7	331	7.51e-75	233
HFBJIN_06300	CPJMGC_11990	51.7	319	153	1	17	334	53	371	2.16e-108	318
HFBJIN_06310	AEGBGH_03235	53.0	302	140	2	14	315	25	324	3.86e-98	295
HFBJIN_06325	GLPAEG_01685	37.2	250	134	2	26	254	5	252	3.41e-52	167
HFBJIN_06335	GOBLEJ_10390	55.1	147	66	0	1	147	67	213	2.79e-55	169
HFBJIN_06340	COHCOF_07855	52.1	219	100	2	25	243	21	234	6.43e-72	216
HFBJIN_06345	GEHMID_04080	45.9	231	110	4	5	230	3	223	1.57e-57	179
HFBJIN_06345	FPMAMI_13105	40.3	226	131	3	5	230	2	223	1.86e-51	163
HFBJIN_06345	JOFPOO_08530	36.3	226	140	2	5	229	6	228	2.90e-49	157
HFBJIN_06360	BGHMFE_09910	38.3	287	156	5	21	293	10	289	5.67e-49	161
HFBJIN_06365	GFNANP_06710	36.2	268	147	5	31	289	28	280	4.73e-46	153
HFBJIN_06370	KBKJLO_09160	53.8	247	112	1	4	248	13	259	3.25e-93	271
HFBJIN_06375	AJABLI_09725	47.3	220	114	1	1	220	1	218	1.15e-58	181
HFBJIN_06380	AJABLI_09725	45.5	220	118	2	1	220	1	218	8.16e-59	181
HFBJIN_06395	LKEOCB_03770	45.7	431	225	2	1	430	1	423	2.46e-127	372
HFBJIN_06400	DKAAEG_09340	55.2	435	194	1	3	436	21	455	1.50e-171	485
HFBJIN_06405	DIIMPP_15145	50.2	327	162	1	3	328	18	344	1.71e-100	296
HFBJIN_06410	MLIPEK_11975	50.2	490	242	2	3	492	2	489	2.20e-172	491
HFBJIN_06425	GLACJI_08370	52.7	296	135	3	1	293	1	294	2.31e-95	280
HFBJIN_06435	ODHFDB_03390	42.8	201	113	1	6	204	4	204	5.05e-47	150
HFBJIN_06445	MPNMPI_05465	56.1	392	171	1	3	393	2	393	1.71e-143	410
HFBJIN_06450	BGHMFE_11675	42.2	714	328	14	28	728	26	667	7.98e-175	513
HFBJIN_06460	INKIHH_03230	44.8	310	168	3	1	308	1	309	6.14e-88	262
HFBJIN_06465	LLGOHG_08460	51.3	226	109	1	6	230	4	229	4.91e-73	218
HFBJIN_06470	GNBNBP_13670	56.0	439	191	2	1	438	1	438	1.77e-177	499
HFBJIN_06470	PIHIOG_01285	31.7	445	277	9	1	439	7	430	1.59e-69	223
HFBJIN_06475	LNKMPC_14405	82.1	346	62	0	1	346	1	346	1.18e-210	586
HFBJIN_06480	LNKMPC_14405	68.0	241	75	1	1	239	349	589	5.20e-112	330
HFBJIN_06480	EOJLEP_03115	37.1	232	141	3	6	234	7	236	6.21e-52	165
HFBJIN_06485	HEMAGP_10015	52.5	602	251	7	1	571	1	598	7.02e-173	508
HFBJIN_06485	HIHCLH_08345	35.9	630	335	12	3	572	5	625	2.54e-92	299
HFBJIN_06490	EIKLNG_09905	49.0	292	143	4	1	287	63	353	5.20e-92	273
HFBJIN_06495	BMJLCO_02760	48.6	212	108	1	2	213	3	213	7.26e-63	191
HFBJIN_06515	NPACKI_04800	43.5	579	284	7	11	546	10	588	3.26e-147	432
HFBJIN_06520	DHOMEH_12720	35.9	719	397	6	1	657	1	717	9.72e-141	425
HFBJIN_06520	ODHFDB_00935	37.5	408	237	6	246	645	661	1058	3.05e-68	239
HFBJIN_06520	JKEOBL_06960	35.6	396	239	5	246	635	618	1003	9.79e-61	216
HFBJIN_06525	DBLLCN_04525	81.3	182	34	0	1	182	12	193	1.64e-108	305
HFBJIN_06545	GLCPEN_06100	50.9	397	188	3	5	401	3	392	1.10e-135	390
HFBJIN_06550	CAHMJP_02730	40.1	344	185	5	2	329	3	341	2.23e-74	229
HFBJIN_06555	MFPDBE_04580	52.5	400	185	3	1	400	1	395	1.35e-146	418
HFBJIN_06570	DKAAEG_11885	40.2	331	189	5	1	325	1	328	1.50e-75	233
HFBJIN_06580	OKHOCL_01060	46.0	224	115	2	8	230	6	224	1.96e-59	183
HFBJIN_06585	NIHMFO_11420	62.5	152	46	1	1	141	1	152	2.13e-60	187
HFBJIN_06595	MJOLHA_01865	36.5	1258	651	19	1	1185	1	1183	4.72e-168	526
HFBJIN_06600	GFNANP_05010	62.6	297	110	1	6	301	241	537	9.44e-121	353
HFBJIN_06620	FLKHEJ_00860	53.7	434	191	6	3	434	2	427	2.69e-150	431
HFBJIN_06640	FMAOBM_02935	49.6	240	111	6	5	234	5	244	5.22e-74	222
HFBJIN_06645	COHCOF_08135	72.8	114	31	0	1	114	38	151	1.08e-58	174
HFBJIN_06650	EGEPOE_05725	45.1	288	153	3	1	285	1	286	6.06e-83	248
HFBJIN_06665	EKIEJL_17310	40.6	502	273	7	11	499	11	500	1.26e-118	355
HFBJIN_06670	PGPAMD_08360	43.0	214	122	0	69	282	4	217	4.20e-48	160
HFBJIN_06675	NKDPLI_06995	52.1	662	306	4	5	655	6	667	4.01e-230	671
HFBJIN_06680	PJAAIO_08660	56.3	256	106	3	4	257	5	256	2.28e-90	264
HFBJIN_06685	FFOHFI_09755	70.6	228	66	1	1	228	86	312	6.00e-113	323
HFBJIN_06690	IBBLIJ_02180	46.7	304	159	1	5	305	4	307	3.92e-87	259
HFBJIN_06695	ANAEHF_04215	63.0	230	84	1	6	234	4	233	3.50e-101	290
HFBJIN_06700	FIODKN_03895	46.6	176	94	0	10	185	32	207	5.59e-50	157
HFBJIN_06705	JFOKOO_05605	44.4	232	121	3	22	252	6	230	4.68e-67	204
HFBJIN_06720	DKDGNM_00610	59.2	272	108	2	104	374	1	270	1.02e-97	289
HFBJIN_06725	FMEHEA_05590	48.0	350	164	4	1	334	1	348	2.28e-107	314
HFBJIN_06730	AEGBGH_05720	45.9	342	181	2	6	346	2	340	2.37e-105	310
HFBJIN_06740	BKEOOB_09970	59.2	343	136	1	4	346	5	343	1.55e-141	407
HFBJIN_06755	CIIHGC_05040	59.8	585	229	3	113	692	267	850	4.64e-235	672
HFBJIN_06770	NNFGHE_08485	36.9	298	170	6	1	286	1	292	4.41e-54	175
HFBJIN_06775	FIPDDK_01965	44.7	295	161	2	4	296	3	297	2.64e-88	263
HFBJIN_06785	ODKGDC_12345	57.4	699	298	0	2	700	43	741	2.35e-287	802
HFBJIN_06790	MKABCP_04060	43.4	410	229	2	1	407	1	410	6.88e-113	334
HFBJIN_06790	PHEGCG_16300	32.9	353	225	7	7	352	41	388	9.33e-54	182
HFBJIN_06800	GJDIKO_03450	44.9	396	217	1	1	396	1	395	5.19e-124	360
HFBJIN_06800	PIJCBA_09290	33.3	406	254	5	3	398	12	410	7.41e-68	217
HFBJIN_06805	MJHEOC_08970	59.2	206	84	0	30	235	48	253	3.29e-82	245
HFBJIN_06810	AEGBGH_00130	45.3	488	250	11	306	782	609	1090	5.97e-111	360
HFBJIN_06815	NJKLPJ_06960	46.8	442	232	2	24	462	43	484	3.91e-142	412
HFBJIN_06815	BGMBNC_08915	26.9	438	308	5	29	461	30	460	1.15e-58	196
HFBJIN_06815	ODHFDB_02170	28.0	460	291	11	29	457	9	459	1.51e-43	157
HFBJIN_06820	KKGKIC_00675	49.2	191	78	3	1	189	1	174	5.10e-48	151
HFBJIN_06825	OIDBIB_12205	46.5	318	169	1	9	326	4	320	2.58e-99	293
HFBJIN_06830	JLFFKH_01745	69.8	377	114	0	137	513	183	559	8.30e-180	513
HFBJIN_06850	LNKMPC_14825	93.0	199	14	0	81	279	1	199	5.01e-132	377
HFBJIN_06865	ICHLBC_04555	48.9	368	177	3	1	357	1	368	7.66e-120	347
HFBJIN_06870	AFLAMK_09165	45.8	216	113	2	1	216	1	212	8.78e-64	193
HFBJIN_06875	MOJDIP_00905	53.7	397	175	5	3	397	2	391	3.47e-140	401
HFBJIN_06880	LLGOHG_02035	76.7	150	35	0	1	150	131	280	5.89e-79	232
HFBJIN_06915	OEKCMO_04465	31.7	268	181	2	326	592	323	589	5.46e-40	150
HFBJIN_06925	JHLGGO_16935	46.5	1034	455	13	8	1005	8	979	0.0	922
HFBJIN_06940	PEFDJK_00040	29.7	607	397	12	1	590	1	594	1.72e-76	253
HFBJIN_06985	CFELJI_10390	37.3	306	158	6	10	283	9	312	1.79e-61	195
HFBJIN_07020	DEAMOH_14925	50.0	618	298	4	161	770	211	825	4.53e-187	552
HFBJIN_07065	CNOENP_09380	53.4	358	164	1	6	363	3	357	3.41e-129	371
HFBJIN_07065	FMAOBM_00120	39.5	339	205	0	12	350	11	349	8.18e-78	239
HFBJIN_07095	BLDCGJ_09585	47.0	304	157	2	1	300	1	304	7.09e-89	265
HFBJIN_07100	OPBKNC_03935	39.5	332	196	3	21	350	43	371	1.38e-82	252
HFBJIN_07115	BDKJEH_01155	51.5	239	115	1	6	243	4	242	8.60e-76	238
HFBJIN_07130	FMNLNK_06465	52.2	268	126	2	1	267	1	267	1.55e-92	271
HFBJIN_07130	KKGKIC_03535	37.1	267	162	4	2	265	3	266	1.81e-51	166
HFBJIN_07140	ANJGBN_13520	39.3	580	328	9	10	586	43	601	6.95e-129	387
HFBJIN_07150	AOOCMJ_03895	59.7	300	121	0	1	300	25	324	5.22e-128	364
HFBJIN_07165	CPCJJL_13295	57.3	213	91	0	1	213	56	268	6.58e-95	274
HFBJIN_07180	NGNBGJ_13300	47.6	250	127	3	15	260	5	254	2.24e-65	204
HFBJIN_07180	KEIMNK_01000	38.4	289	172	4	13	298	154	439	8.25e-56	183
HFBJIN_07185	NLFOCH_03850	38.5	478	281	8	3	472	5	477	5.02e-96	295
HFBJIN_07190	KAEPKB_01145	61.4	319	123	0	12	330	15	333	7.44e-142	401
HFBJIN_07195	KJBCNO_05935	39.4	421	242	5	2	422	3	410	6.21e-99	298
HFBJIN_07200	JFOKOO_03005	47.5	200	99	2	1	200	1	194	8.53e-60	182
HFBJIN_07220	EIKLNG_11410	47.2	489	250	1	3	483	168	656	3.83e-155	452
HFBJIN_07225	FGMGBK_04520	46.7	300	147	5	1	292	1	295	6.80e-86	256
HFBJIN_07295	HEOPIF_01560	37.1	499	291	8	1	488	1	487	5.93e-106	321
HFBJIN_07315	MKENAJ_04070	39.1	384	223	6	3	380	5	383	6.26e-90	273
HFBJIN_07320	HEEEIG_05985	47.9	386	191	9	1	383	1	379	4.88e-114	334
HFBJIN_07330	ENNDNJ_12480	34.3	324	212	1	8	331	11	333	8.42e-58	193
HFBJIN_07335	BKEOOB_07480	52.2	205	97	1	3	206	4	208	1.29e-70	210
HFBJIN_07335	ENNDNJ_12480	45.5	211	108	4	3	208	343	551	2.32e-54	178
HFBJIN_07340	OKHBPB_07570	58.5	398	163	1	34	429	74	471	6.34e-157	448
HFBJIN_07350	LOBHJJ_04520	55.9	188	81	2	10	195	8	195	3.97e-70	208
HFBJIN_07355	NEALDO_02625	46.3	201	104	2	1	201	1	197	3.48e-58	178
HFBJIN_07365	NMNMDH_09010	52.0	252	120	1	1	251	1	252	6.49e-88	258
HFBJIN_07390	OLKGPM_00030	43.8	386	216	1	13	398	13	397	7.04e-98	296
HFBJIN_07395	PMOLLI_04005	79.9	194	39	0	1	194	37	230	2.66e-110	311
HFBJIN_07400	BEHLNB_01715	44.6	401	200	6	11	397	5	397	5.24e-101	303
HFBJIN_07410	NEHECH_06135	53.7	505	232	2	28	532	28	530	4.66e-191	543
HFBJIN_07410	NGBLNP_01320	42.8	493	253	7	46	531	130	600	5.38e-123	371
HFBJIN_07415	DEAMOH_14925	46.6	777	402	6	6	771	54	828	1.22e-233	671
HFBJIN_07420	BCFHOD_02865	57.3	150	64	0	1	150	1	150	2.42e-59	181
HFBJIN_07445	ACCGGA_14810	54.8	135	61	0	1	135	39	173	3.56e-51	157
HFBJIN_07460	IFFOPK_14205	44.0	470	258	4	19	487	11	476	1.10e-139	407
HFBJIN_07465	NIHDHO_00130	31.7	577	377	9	41	607	2	571	2.63e-87	281
HFBJIN_07465	INKIHH_10100	30.3	646	390	20	5	609	7	633	1.12e-62	218
HFBJIN_07500	CAHMAH_08565	45.6	379	203	2	14	391	14	390	2.34e-106	315
HFBJIN_07500	AOOCMJ_07215	38.2	382	233	2	6	387	5	383	2.86e-83	256
HFBJIN_07505	MDHDGC_08370	62.3	329	114	3	1	321	1	327	2.86e-146	411
HFBJIN_07505	EAGKMD_14100	35.4	345	181	6	5	310	6	347	7.42e-58	187
HFBJIN_07515	CAHJBE_10785	41.3	494	290	0	1	494	1	494	3.29e-120	358
HFBJIN_07535	FIODKN_16670	40.6	497	255	5	1	459	1	495	6.99e-120	363
HFBJIN_07560	NEHECH_01815	36.5	304	181	5	4	303	8	303	6.96e-56	182
HFBJIN_07570	MGCPIK_00310	50.3	825	363	7	11	797	23	838	1.21e-271	769
HFBJIN_07575	ABEGPG_12235	49.4	267	134	1	1	267	1	266	3.84e-88	259
HFBJIN_07605	JEELJN_04115	47.4	285	148	1	2	284	6	290	4.42e-92	273
HFBJIN_07605	KGMLLG_04725	48.4	281	143	1	2	280	3	283	1.15e-90	268
HFBJIN_07610	EOAKDK_06705	71.1	457	132	0	8	464	51	507	1.17e-242	669
HFBJIN_07635	EGEPOE_09535	45.1	213	104	2	1	201	1	212	3.52e-51	160
HFBJIN_07660	KEIMNK_00130	26.2	458	326	5	8	455	40	495	6.19e-54	184
HFBJIN_07680	FCCLFG_02395	36.1	274	153	7	1	256	18	287	4.13e-44	152
HFBJIN_07700	PBNOEJ_11460	49.8	564	260	7	1	551	1	554	1.09e-185	530
HFBJIN_07700	MBIIBD_01400	31.2	548	294	20	24	546	15	504	7.00e-55	189
HFBJIN_07710	JFOKOO_01880	54.8	546	239	4	5	550	2	539	1.55e-211	595
HFBJIN_07720	NJNCGO_16320	87.8	425	52	0	1	425	61	485	1.72e-277	754
HFBJIN_07740	ANBPFB_04615	67.9	577	159	4	2	564	4	568	1.58e-273	756
HFBJIN_07750	AOHBGH_01715	58.2	273	109	1	50	322	3	270	2.69e-100	308
HFBJIN_07780	FFLAPM_17200	45.4	284	141	4	68	345	38	313	4.81e-70	218
HFBJIN_07785	FKNOEG_02840	39.8	269	145	5	20	285	18	272	3.65e-57	181
HFBJIN_07785	OBHHPC_05035	37.2	293	168	6	5	285	10	298	2.06e-53	172
HFBJIN_07795	DPDMEB_15410	39.9	551	295	10	20	554	2	532	1.84e-128	382
HFBJIN_07820	INHOHM_11200	50.2	705	329	8	112	805	10	703	7.89e-210	607
HFBJIN_07820	OOMOLM_10315	32.6	807	455	22	21	766	2	780	8.05e-106	340
HFBJIN_07820	PJGAFD_00175	34.5	560	341	8	229	778	45	588	4.56e-93	301
HFBJIN_07820	ALODHP_02915	27.8	551	372	8	239	778	125	660	7.18e-60	212
HFBJIN_07820	DIIMPP_11540	27.5	574	348	15	236	752	21	583	3.10e-43	163
HFBJIN_07845	NIIHOH_00330	27.5	636	343	13	25	558	44	663	1.46e-59	207
HFBJIN_07855	NIIHOH_00330	28.1	598	315	11	61	558	81	663	3.39e-62	214
HFBJIN_07865	GHIDNG_08685	56.1	1172	499	8	1	1163	1	1166	0.0	1305
HFBJIN_07875	APHOBL_06710	60.6	587	198	4	4	558	2	587	6.44e-246	684
HFBJIN_07880	DIIMPP_11540	56.4	688	275	8	7	678	15	693	1.13e-242	685
HFBJIN_07880	OOMOLM_10315	30.3	502	323	8	75	570	288	768	8.67e-53	191
HFBJIN_07885	NMPEPJ_05060	46.3	201	90	2	1	201	1	183	5.23e-57	175
HFBJIN_07895	IDBFDI_13260	41.8	877	500	6	2	877	22	889	1.25e-219	641
HFBJIN_07900	JOFPOO_08530	54.3	232	105	1	1	232	1	231	4.09e-90	261
HFBJIN_07925	JEKOGE_21950	44.6	285	151	2	287	571	185	462	6.85e-65	220
HFBJIN_07935	PNJNHA_01100	50.4	272	126	3	1	272	1	263	2.75e-90	266
HFBJIN_07940	KKMOGI_12335	59.9	464	176	7	3	464	1	456	5.25e-181	510
HFBJIN_07940	NLNKCD_09525	37.4	423	247	9	42	461	127	534	2.13e-73	239
HFBJIN_07940	PFNDEF_04205	37.0	419	238	12	51	462	362	761	6.79e-63	215
HFBJIN_07990	GAOLHI_08680	34.3	420	259	5	13	432	16	418	6.96e-79	248
HFBJIN_08050	FBNFHD_02190	82.9	228	39	0	1	228	47	274	4.18e-142	395
HFBJIN_08055	GKLKJE_13615	78.5	339	67	1	1	333	1	339	8.70e-186	512
HFBJIN_08075	IHHBLC_10885	58.8	119	49	0	4	122	5	123	1.46e-55	166
HFBJIN_08145	BELKOM_17185	43.2	192	108	1	7	198	51	241	1.56e-60	186
HFBJIN_08160	LJGBCE_12900	82.7	554	96	0	1	554	31	584	0.0	929
HFBJIN_08160	GIBOLB_11285	42.6	554	286	10	17	553	13	551	5.25e-121	364
HFBJIN_08210	PCHHPE_18365	47.6	687	340	5	8	677	9	692	3.45e-227	645
HFBJIN_08215	EBLBNC_01455	45.8	238	125	2	1	238	1	234	4.22e-71	214
HFBJIN_08230	GBGCDL_06090	81.1	254	48	0	3	256	76	329	1.53e-147	412
HFBJIN_08235	OBHJLJ_10055	57.1	364	153	2	22	384	5	366	2.95e-150	426
HFBJIN_08235	OACJHM_06000	33.7	329	212	5	54	378	58	384	4.41e-56	187
HFBJIN_08260	APAIPM_19325	36.2	412	245	6	5	405	28	432	4.94e-76	240
HFBJIN_08300	KCGDMB_05840	60.1	326	130	0	13	338	14	339	1.50e-132	379
HFBJIN_08305	KMMJBO_08230	63.7	339	123	0	1	339	1	339	3.53e-156	441
HFBJIN_08310	FPHNOE_05055	68.5	368	116	0	5	372	4	371	1.53e-194	540
HFBJIN_08325	ICGKAE_00315	40.5	385	212	5	11	391	12	383	2.97e-75	247
HFBJIN_08325	IFDCNO_13355	33.3	415	266	7	4	409	2	414	3.89e-61	200
HFBJIN_08340	CMLBML_04810	54.7	172	73	2	3	171	4	173	2.35e-63	189
HFBJIN_08345	AJOCFB_04545	45.9	745	367	10	2	735	74	793	1.64e-214	619
HFBJIN_08355	EDPPFC_09585	41.7	204	113	2	1	198	1	204	2.33e-52	163
HFBJIN_08360	HIADJD_14290	46.9	409	205	6	66	470	168	568	5.71e-120	359
HFBJIN_08365	OKHOCL_01980	53.6	414	187	2	3	411	1	414	8.31e-170	478
HFBJIN_08370	JAEGOD_04615	49.3	584	291	4	8	589	6	586	3.94e-200	569
HFBJIN_08370	ODHFDB_02970	39.7	580	326	13	22	587	4	573	2.02e-132	396
HFBJIN_08385	IKMFJC_07050	58.6	169	69	1	1	168	1	169	3.80e-59	181
HFBJIN_08400	NPACKI_02135	40.2	430	221	10	4	429	2	399	1.03e-87	269
HFBJIN_08410	ALJKBN_18190	49.0	298	152	0	316	613	303	600	2.73e-88	282
HFBJIN_08415	NKDPLI_00055	35.3	465	284	10	58	509	80	540	3.23e-84	269
HFBJIN_08440	AFILLI_03470	47.3	201	104	2	5	203	6	206	6.78e-66	198
HFBJIN_08455	LKEOCB_12235	44.2	301	168	0	5	305	7	307	5.79e-86	261
HFBJIN_08465	IMJCGK_11625	59.4	515	207	2	1	514	1	514	1.18e-224	625
HFBJIN_08465	OBHJLJ_05995	30.8	523	349	5	3	512	4	526	4.89e-82	265
HFBJIN_08465	LJALIN_17780	30.5	499	336	8	3	496	50	542	6.05e-74	241
HFBJIN_08465	EHHHNJ_03925	28.2	517	320	8	3	512	3	475	2.34e-59	202
HFBJIN_08485	MKBKLI_04840	48.6	183	90	3	118	297	19	200	2.87e-50	161
HFBJIN_08490	NDJCGB_25485	56.0	166	73	0	19	184	99	264	5.18e-58	179
HFBJIN_08500	DCEHBH_13415	76.5	119	28	0	1	119	1	119	6.75e-61	179
HFBJIN_08515	EFDFGM_07515	40.5	353	194	6	1	339	1	351	7.49e-89	267
HFBJIN_08520	JCMKKN_10135	47.9	796	405	8	1	791	1	791	2.86e-250	712
HFBJIN_08525	DBGIOG_14085	61.3	142	54	1	1	142	30	170	1.14e-62	186
HFBJIN_08530	KIFOBE_02715	51.0	308	148	1	3	310	4	308	1.57e-101	296
HFBJIN_08540	HJGNEK_09000	35.2	673	379	10	21	683	25	650	1.72e-120	372
HFBJIN_08540	BPPMOK_10790	30.3	636	384	13	12	615	45	653	5.97e-78	260
HFBJIN_08545	HJGNEK_09000	32.1	676	392	13	26	684	25	650	4.64e-106	335
HFBJIN_08545	BPPMOK_10790	31.4	628	385	12	18	619	46	653	1.15e-75	254
HFBJIN_08555	APHOBL_11345	37.2	465	264	9	5	452	151	604	9.52e-90	281
HFBJIN_08560	LKEOCB_02010	45.9	307	161	2	17	323	7	308	1.19e-85	257
HFBJIN_08565	GLACJI_00375	51.8	359	167	4	13	366	13	370	1.87e-117	342
HFBJIN_08565	OJKFBE_02425	34.8	374	232	4	6	368	130	502	1.34e-63	207
HFBJIN_08590	FPHNOE_02620	42.0	224	123	4	2	218	8	231	4.35e-56	175
HFBJIN_08625	OMINCF_04520	43.7	286	150	5	16	293	15	297	1.37e-65	204
HFBJIN_08630	MFPDBE_02375	45.9	170	89	2	7	175	4	171	1.23e-49	154
HFBJIN_08635	INKIHH_07930	48.1	374	190	3	5	375	6	378	8.87e-115	336
HFBJIN_08645	JPFHKD_11655	35.5	608	344	15	1	568	7	606	2.06e-103	321
HFBJIN_08650	BDFMEP_04085	48.0	281	123	5	1	275	1	264	7.15e-80	238
HFBJIN_08650	CPMPBM_01325	36.2	276	173	3	3	275	1095	1370	2.15e-56	191
HFBJIN_08670	PGEJHJ_01480	41.2	422	224	7	24	439	19	422	2.46e-93	285
HFBJIN_08715	JFOKOO_10195	66.5	185	61	1	1	185	1	184	1.23e-85	246
HFBJIN_08725	KAIHOP_11310	39.8	299	161	5	6	287	4	300	3.08e-75	229
HFBJIN_08775	KDJCIO_04690	42.0	274	142	4	4	276	2	259	2.53e-66	204
HFBJIN_08775	CKFMIE_05350	38.7	271	157	3	7	269	3	272	2.71e-58	184
HFBJIN_08780	GIBOLB_01575	41.7	398	224	3	3	396	5	398	5.65e-99	296
HFBJIN_08795	NGMOPK_00295	51.8	616	294	3	3	615	2	617	6.61e-223	631
HFBJIN_08800	INKIHH_10055	46.4	239	124	2	7	245	6	240	3.36e-63	196
HFBJIN_08805	FKEMDL_14575	37.1	286	165	5	1	272	11	295	2.05e-53	172
HFBJIN_08815	FHGONL_08010	34.9	564	346	6	1	554	1	553	1.04e-93	294
HFBJIN_08820	JPEPBC_05735	49.9	407	185	7	2	395	54	454	5.35e-135	390
HFBJIN_08825	EOGDPL_25690	64.1	270	91	2	5	273	4	268	1.09e-123	350
HFBJIN_08845	DCNHNC_00255	40.3	390	187	6	23	388	35	402	1.85e-80	253
HFBJIN_08875	MAHJHN_05475	39.7	411	221	5	1	384	454	864	6.01e-91	288
HFBJIN_08875	LEJEEC_08915	37.9	396	219	6	1	384	1	381	1.62e-82	253
HFBJIN_08875	HAFNKM_08490	34.9	384	236	6	3	378	4	381	1.07e-66	213
HFBJIN_08875	OLKGPM_09705	29.6	372	232	9	19	377	40	394	7.53e-45	161
HFBJIN_08890	NEALDO_03765	32.6	313	206	3	8	316	4	315	8.58e-57	183
HFBJIN_08890	OEDLLD_10520	35.3	309	190	4	9	309	6	312	1.31e-55	181
HFBJIN_08905	PNJNHA_05030	44.7	284	157	0	2	285	3	286	1.94e-83	249
HFBJIN_08925	GEHMID_04080	43.8	226	118	5	5	225	3	224	3.38e-57	177
HFBJIN_08930	IEDJIN_05035	48.3	209	108	0	287	495	1	209	1.69e-65	207
HFBJIN_08975	CPHDEA_10650	52.2	312	136	3	1	308	1	303	3.63e-113	326
HFBJIN_08980	JAFONP_18590	37.1	210	130	1	12	221	46	253	2.17e-46	151
HFBJIN_08985	PPPHGA_13940	42.0	707	347	7	5	675	15	694	4.75e-181	538
HFBJIN_08985	HGOKLA_01315	26.3	676	426	13	5	625	6	664	9.99e-65	223
HFBJIN_08985	JIBNCO_01295	25.7	701	421	14	3	626	43	720	5.07e-54	194
HFBJIN_09010	NNLPHK_08690	36.7	365	229	2	1	364	1	364	4.26e-79	245
HFBJIN_09010	LKAFFP_06110	38.9	337	204	2	8	342	8	344	9.41e-78	240
HFBJIN_09010	FLJHGF_06385	36.5	362	223	5	4	361	2	360	1.91e-65	208
HFBJIN_09025	FIGKOO_11715	39.5	501	257	7	7	463	96	594	1.90e-106	325
HFBJIN_09025	KHCMCM_03020	33.0	454	279	6	29	463	29	476	4.80e-76	242
HFBJIN_09030	LCBAOM_08305	48.9	188	91	4	1	185	1	186	5.27e-60	183
HFBJIN_09035	DNJKHC_10565	51.3	335	161	2	2	336	1	333	5.72e-116	335
HFBJIN_09040	EKLPOK_11260	42.0	205	114	2	56	255	56	260	6.12e-46	151
HFBJIN_09050	KKGKIC_13160	53.5	383	174	3	1	381	8	388	4.11e-138	397
HFBJIN_09055	OJPNIC_09355	45.8	260	137	2	1	257	1	259	1.17e-80	239
HFBJIN_09095	GKLKJE_14420	39.1	404	243	3	5	406	7	409	7.03e-84	262
HFBJIN_09095	DIFDMH_04115	35.1	396	236	5	6	391	7	391	3.79e-60	200
HFBJIN_09095	OMINCF_06730	32.2	404	270	2	6	408	4	404	1.27e-56	190
HFBJIN_09095	AIAJBN_07055	29.4	388	272	1	4	391	5	390	3.63e-48	168
HFBJIN_09095	NGIBDE_08595	29.0	379	267	1	16	394	57	433	9.19e-45	159
HFBJIN_09105	GBCGGE_04600	48.4	395	183	10	1	382	61	447	1.16e-108	323
HFBJIN_09110	NGIGMC_11335	46.6	307	146	8	7	300	2	303	2.50e-69	214
HFBJIN_09115	FCHPAI_07580	36.6	410	166	11	11	331	18	422	3.15e-60	196
HFBJIN_09115	BNHFML_03630	42.3	279	122	5	62	333	70	316	5.29e-58	187
HFBJIN_09120	OIDBIB_07015	52.2	249	117	2	3	251	4	250	1.55e-76	229
HFBJIN_09125	NBGKDJ_08915	54.7	234	106	0	1	234	5	238	2.06e-86	253
HFBJIN_09130	GBCGGE_04600	49.0	394	183	9	1	383	61	447	4.80e-113	334
HFBJIN_09170	JHFIBJ_16095	41.4	423	206	7	222	642	203	585	3.95e-100	325
HFBJIN_09170	AHNHLJ_13685	38.9	416	203	8	222	634	189	556	6.06e-87	278
HFBJIN_09200	EBDDCO_13450	59.5	126	50	1	1	126	1	125	5.01e-52	157
HFBJIN_09205	HCBGLF_06585	49.7	193	96	1	67	258	2	194	1.68e-60	191
HFBJIN_09210	GMHKEG_05155	59.6	858	339	6	7	861	4	856	0.0	1045
HFBJIN_09210	AEOEGG_04380	26.4	837	515	20	3	748	57	883	2.96e-86	294
HFBJIN_09220	PJAAIO_03310	44.9	430	230	4	3	431	1	424	2.45e-118	348
HFBJIN_09240	EEGFHJ_12815	60.3	174	68	1	1	173	1	174	3.08e-74	217
HFBJIN_09250	AHGGGF_11555	64.8	196	68	1	8	202	9	204	9.51e-92	264
HFBJIN_09255	LPNJBB_01050	65.9	232	79	0	4	235	20	251	1.43e-55	174
HFBJIN_09260	NKLDCP_09645	39.6	371	217	5	11	375	16	385	9.24e-90	272
HFBJIN_09260	GNBNBP_12875	28.6	384	252	11	1	366	3	382	1.46e-47	163
HFBJIN_09275	NNFGHE_04830	45.1	255	133	4	1	249	1	254	1.68e-72	218
HFBJIN_09280	PAHPGF_09515	51.9	287	137	1	1	286	1	287	6.60e-102	296
HFBJIN_09285	BFELGM_14740	93.6	330	21	0	1	330	37	366	1.48e-231	629
HFBJIN_09295	IBDNDD_01930	36.8	250	146	4	3	245	2	246	9.23e-49	157
HFBJIN_09300	CGOKML_10095	46.7	289	153	1	1	289	1	288	8.21e-88	260
HFBJIN_09310	JIBNCO_15410	37.1	280	123	3	1	279	19	246	3.10e-50	168
HFBJIN_09340	LKLDMN_19325	46.3	203	105	2	24	226	19	217	6.60e-60	185
HFBJIN_09340	EDPPFC_05720	37.5	232	134	5	7	236	6	228	1.16e-46	152
HFBJIN_09360	NEFOEM_04370	41.1	358	203	4	1	351	1	357	7.39e-86	260
HFBJIN_09385	FOOLJF_09805	50.5	192	95	0	4	195	3	194	1.70e-59	191
HFBJIN_09410	FLJHGF_06385	46.9	371	195	2	7	377	3	371	8.53e-112	328
HFBJIN_09410	NNLPHK_08690	29.8	359	247	4	4	361	2	356	7.86e-53	178
HFBJIN_09415	NNLPHK_08690	37.3	362	225	2	5	365	3	363	2.34e-77	244
HFBJIN_09415	LKAFFP_06110	36.1	349	214	5	12	354	10	355	3.24e-69	222
HFBJIN_09420	EGEACP_03415	41.4	244	142	1	44	287	19	261	1.63e-64	200
HFBJIN_09420	PODFGD_12430	62.3	138	52	0	150	287	1	138	4.70e-62	189
HFBJIN_09425	HIADJD_07200	44.4	608	310	3	9	588	7	614	7.83e-170	510
HFBJIN_09455	KKMOGI_12335	40.7	415	226	4	10	406	37	449	2.20e-94	287
HFBJIN_09455	PFNDEF_04205	31.5	403	260	6	22	411	362	761	2.10e-55	192
HFBJIN_09455	NLNKCD_09525	27.5	411	282	6	12	409	126	533	1.13e-50	177
HFBJIN_09455	CFELJI_12430	28.1	402	264	10	17	406	452	840	3.51e-43	157
HFBJIN_09460	OGOOED_16440	31.5	337	213	7	5	330	3	332	9.05e-47	157
HFBJIN_09465	EFDFGM_03780	56.0	464	204	0	1	464	36	499	1.53e-196	551
HFBJIN_09470	KGACJP_24205	48.5	476	228	3	15	479	32	501	6.34e-155	446
HFBJIN_09485	ALJLGD_18505	43.1	209	118	1	5	212	6	214	3.52e-63	192
HFBJIN_09495	KGACJP_24205	47.9	476	231	3	15	479	32	501	5.11e-154	444
HFBJIN_09500	IOBNAI_02850	57.0	495	211	2	1	495	77	569	5.78e-198	559
HFBJIN_09510	CCLBIH_12445	31.8	274	184	3	2	273	1	273	2.05e-56	179
HFBJIN_09515	PFNDEF_12515	46.4	248	131	2	1	246	1	248	1.24e-70	213
HFBJIN_09520	BIKKBB_00065	59.7	300	121	0	1	300	1	300	4.04e-123	351
HFBJIN_09525	BKMNND_07850	59.8	659	242	4	1	640	1	655	2.04e-272	757
HFBJIN_09545	ENGCDO_01175	55.9	245	106	2	2	244	51	295	6.16e-88	259
HFBJIN_09550	MGCPIK_03845	69.5	465	141	1	6	469	43	507	8.77e-241	664
HFBJIN_09560	OCKFBD_09800	64.5	392	139	0	8	399	19	410	3.66e-189	527
HFBJIN_09570	GHIDNG_08685	56.4	1172	491	11	2	1162	3	1165	0.0	1297
HFBJIN_09585	BELKOM_17185	47.2	197	103	1	3	199	46	241	9.26e-68	204
HFBJIN_09595	MFOGNL_02710	44.8	281	153	2	1	281	1	279	3.49e-78	235
HFBJIN_09600	BMADOL_09965	58.3	132	52	2	157	287	2	131	4.10e-47	150
HFBJIN_09610	GNBNBP_18980	38.4	443	263	4	2	434	3	445	8.94e-94	287
HFBJIN_09640	GBPAEP_08355	49.2	252	128	0	1	252	1	252	1.86e-61	190
HFBJIN_09645	LMHIPG_08860	56.3	394	160	3	13	395	27	419	2.42e-152	434
HFBJIN_09670	NKCJOK_06160	62.4	742	261	7	1	726	19	758	4.87e-303	843
HFBJIN_09670	NMDBHH_21210	35.4	659	349	17	1	586	1	655	2.54e-104	333
HFBJIN_09675	MKABCP_10815	44.4	354	192	3	43	394	38	388	6.58e-99	296
HFBJIN_09680	PMOLLI_08705	54.5	242	106	1	6	243	52	293	1.73e-79	238
HFBJIN_09685	EHJFJN_15775	46.3	175	93	1	16	190	2	175	7.84e-51	158
HFBJIN_09700	HMNLEO_03150	38.7	253	139	6	39	275	68	320	2.25e-45	155
HFBJIN_09710	INGFOG_01710	67.1	425	140	0	1	425	28	452	4.43e-216	597
HFBJIN_09750	DAEBIN_05080	49.8	233	113	2	4	236	12	240	9.62e-75	223
HFBJIN_09755	FCHNIC_07725	46.6	279	147	2	11	289	5	281	3.74e-85	253
HFBJIN_09760	ANOIGO_10885	31.4	440	249	8	5	441	1	390	7.35e-61	199
HFBJIN_09810	BFIMKO_02670	42.2	377	203	6	74	449	43	405	5.99e-100	301
HFBJIN_09810	NGIGMC_08570	33.4	374	188	6	95	412	146	514	4.26e-62	206
HFBJIN_09810	INGAKC_09930	33.0	364	187	6	95	407	105	462	1.12e-54	186
HFBJIN_09820	CJHDOF_01680	70.1	288	83	2	1	288	1	285	8.02e-141	394
HFBJIN_09845	IJCGKP_13240	39.6	475	260	2	5	455	8	479	1.83e-104	316
HFBJIN_09850	JIBNCO_04780	45.1	193	106	0	8	200	92	284	1.68e-55	174
HFBJIN_09855	FAIDMJ_00870	54.0	465	205	4	2	464	39	496	1.11e-171	488
HFBJIN_09880	GDPODL_10295	45.4	174	95	0	4	177	1	174	4.02e-48	151
HFBJIN_09885	IAJJHN_03140	62.1	319	120	1	3	320	4	322	4.87e-143	403
HFBJIN_09905	OGGMNN_00110	49.7	298	149	1	1	298	22	318	8.16e-102	297
HFBJIN_09910	MMNNJC_09750	30.7	440	267	9	4	415	5	434	3.42e-49	171
HFBJIN_09970	BGHMFE_04500	53.2	664	304	6	3	664	4	662	1.42e-248	698
HFBJIN_09980	HEMAGP_10015	52.5	318	143	3	1	313	1	315	1.81e-103	323
HFBJIN_09980	HIHCLH_08345	46.3	270	140	2	3	272	5	269	1.83e-81	265
HFBJIN_09995	MDMJGO_07865	47.0	389	200	4	1	388	1	384	1.80e-125	363
HFBJIN_09995	EEOPDA_04385	35.6	396	236	8	1	388	1	385	1.08e-79	246
HFBJIN_10000	INGFOG_01710	64.1	421	148	2	1	419	28	447	1.38e-193	540
HFBJIN_10025	KKMOGI_03320	30.8	413	238	14	26	433	40	409	9.02e-49	168
HFBJIN_10030	LEJEEC_08915	33.0	348	209	7	30	365	26	361	8.23e-60	194
HFBJIN_10030	OLKGPM_09705	35.0	337	210	5	30	363	47	377	9.97e-53	184
HFBJIN_10030	MAHJHN_05475	34.0	359	206	8	30	359	481	837	3.92e-50	176
HFBJIN_10030	HAFNKM_08490	28.9	384	256	8	1	375	1	376	5.27e-44	153
HFBJIN_10035	OODMEK_16380	35.9	245	150	5	26	269	2	240	1.29e-46	153
HFBJIN_10075	HPIFBD_01690	36.8	310	182	4	17	317	15	319	2.49e-70	218
HFBJIN_10075	CDILFK_05205	35.6	292	170	7	34	313	59	344	2.52e-47	163
HFBJIN_10130	OLKGPM_09705	45.7	457	246	1	10	466	406	860	7.63e-137	411
HFBJIN_10175	HJMBIE_06540	48.2	168	85	1	3	168	4	171	6.40e-55	167
HFBJIN_10200	NLNKCD_03020	39.2	293	171	5	2	292	1	288	3.46e-69	213
HFBJIN_10230	OIJDCC_03805	45.0	311	168	2	1	311	57	364	4.86e-88	267
HFBJIN_10235	LMJHIN_02325	47.4	211	110	1	1	210	1	211	1.20e-67	204
HFBJIN_10245	DCNHNC_05265	79.1	383	80	0	5	387	8	390	2.39e-229	628
HFBJIN_10250	ACAFCJ_08195	48.5	307	145	5	6	302	60	363	2.59e-89	267
HFBJIN_10255	PIPLNM_21055	43.4	459	253	5	2	456	5	460	1.22e-130	382
HFBJIN_10260	OLKGPM_10185	43.6	204	110	2	7	208	6	206	5.23e-55	171
HFBJIN_10265	AHOMGJ_00200	51.7	418	198	3	1	418	1	414	4.85e-152	434
HFBJIN_10270	CFELJI_12430	44.7	976	512	12	1	956	1	968	1.05e-284	816
HFBJIN_10270	KKMOGI_12335	31.5	422	260	12	444	841	43	459	3.87e-50	180
HFBJIN_10270	PFNDEF_04205	29.4	435	261	14	448	860	360	770	3.41e-40	156
HFBJIN_10275	CNNHAB_12390	41.7	460	246	3	13	472	2	439	1.14e-112	336
HFBJIN_10285	BGMBNC_05215	50.7	367	176	2	30	396	28	389	7.85e-127	367
HFBJIN_10290	PKDIEA_12970	93.4	442	29	0	1	442	29	470	6.22e-313	844
HFBJIN_10305	FKEMDL_11265	32.2	422	281	5	11	430	3	421	7.10e-58	192
HFBJIN_10310	CFELJI_13150	43.6	993	418	8	2	853	3	994	3.87e-260	747
HFBJIN_10310	ACMOBE_04080	26.6	673	418	14	241	844	87	752	3.22e-52	191
HFBJIN_10320	CFELJI_13150	27.4	507	329	12	29	516	237	723	6.26e-42	160
HFBJIN_10340	GBFPPP_02610	66.3	350	107	2	1	339	54	403	8.49e-173	482
HFBJIN_10345	BEEJFJ_04365	41.0	327	178	6	1	324	1	315	4.27e-77	235
HFBJIN_10395	HDCAKM_06170	42.4	262	148	3	3	264	7	265	6.27e-69	211
HFBJIN_10560	AHFGAK_10390	48.8	379	192	2	1	378	1	378	7.64e-119	346
HFBJIN_10570	AJKFOC_11935	46.8	329	170	4	7	333	6	331	4.54e-97	287
HFBJIN_10570	AGFMKF_04480	42.6	329	178	4	6	329	71	393	4.40e-82	251
HFBJIN_10580	JEKOGE_21950	49.6	266	127	2	228	493	202	460	1.53e-72	238
HFBJIN_10585	BGHMFE_11105	43.3	520	288	5	5	517	2	521	7.75e-142	415
HFBJIN_10620	JPJGOO_09760	51.3	382	177	4	26	400	15	394	8.04e-138	396
HFBJIN_10650	DPDMEB_13265	37.4	219	135	2	3	221	36	252	3.44e-52	166
HFBJIN_10660	LKLDMN_19325	44.4	223	118	3	1	221	1	219	3.78e-59	182
HFBJIN_10670	JLCMGD_15675	66.2	305	103	0	2	306	167	471	2.68e-149	424
HFBJIN_10690	EKIEJL_04035	34.1	302	196	2	9	310	16	314	1.06e-54	177
HFBJIN_10690	HFMJLE_01865	30.2	301	196	3	13	301	47	345	1.58e-44	151
HFBJIN_10720	JLCMGD_15675	66.2	305	103	0	2	306	167	471	2.68e-149	424
HFBJIN_10745	FFLKCG_02860	59.8	413	161	4	6	414	4	415	3.35e-168	474
HFBJIN_10840	BPPMOK_02305	44.9	296	155	4	1	289	1	295	2.80e-87	261
HFBJIN_10855	ALJKBN_18190	41.9	485	212	8	186	644	160	600	1.18e-107	334
HFBJIN_10890	KAJCKN_09590	40.3	583	330	4	3	584	4	569	5.80e-127	381
HFBJIN_10890	KMMJBO_11065	37.5	618	334	3	3	584	3	604	1.57e-125	379
HFBJIN_10890	OEDLLD_08805	31.0	526	360	2	61	584	199	723	2.64e-74	248
HFBJIN_10890	JAFONP_12205	29.7	592	379	7	3	584	40	604	2.96e-67	226
HFBJIN_10890	MGCPIK_11245	34.3	265	169	3	316	580	14	273	1.23e-45	159
HFBJIN_10895	OEDLLD_08805	50.2	733	261	6	1	635	1	727	1.03e-231	657
HFBJIN_10895	JAFONP_12205	36.2	608	358	6	29	636	32	609	3.00e-119	364
HFBJIN_10895	KAJCKN_09590	33.4	527	345	3	110	634	50	572	1.08e-88	283
HFBJIN_10895	KMMJBO_11065	25.6	641	413	7	38	641	1	614	1.30e-66	226
HFBJIN_10895	MGCPIK_11245	42.3	246	141	1	397	642	44	288	9.26e-61	201
HFBJIN_10895	NDBPJJ_01855	35.9	262	158	5	349	601	301	561	2.78e-43	160
HFBJIN_10920	JEKOGE_21950	41.5	294	142	2	256	523	182	471	5.48e-68	227
HFBJIN_10925	IOMEKN_05545	51.8	485	219	5	2	484	10	481	7.94e-175	496
HFBJIN_10940	CLNFJC_09055	75.1	430	106	1	7	436	101	529	1.54e-240	663
HFBJIN_10975	CJFJOL_17290	65.2	247	83	3	288	533	36	280	5.10e-102	306
HFBJIN_10980	DKDGNM_06150	74.1	112	27	2	24	134	18	128	8.44e-52	157
HFBJIN_10985	EDGMOJ_05785	32.5	354	219	4	6	349	42	385	4.97e-59	191
HFBJIN_10995	DBKLJG_08495	86.2	203	28	0	293	495	1	203	1.22e-127	366
HFBJIN_11000	IDNIFB_15035	38.9	519	311	3	1	513	1	519	6.19e-118	366
HFBJIN_11010	JOFPOO_08530	37.9	227	135	3	6	231	7	228	4.76e-48	154
HFBJIN_11015	HAINKJ_00320	35.0	592	325	16	144	714	162	714	1.77e-72	246
HFBJIN_11015	FGCNNA_15325	42.4	278	156	2	442	716	480	756	1.97e-59	210
HFBJIN_11040	AIAJBN_00020	49.1	273	137	1	29	299	31	303	2.48e-92	273
HFBJIN_11055	NGIBDE_03660	48.4	419	207	5	17	429	89	504	1.97e-131	384
HFBJIN_11065	BCPHIN_09760	51.7	468	223	3	7	474	10	474	6.01e-160	458
HFBJIN_11070	DELOGM_05665	48.4	463	232	6	3	465	4	459	1.04e-147	427
HFBJIN_11085	JLCMGD_15675	45.7	293	158	1	13	304	177	469	4.90e-89	270
HFBJIN_11105	GNBPPJ_17065	34.7	303	189	5	204	499	6	306	1.17e-45	165
HFBJIN_11110	GEHJPL_02760	55.7	185	82	0	3	187	87	271	2.12e-72	216
HFBJIN_11140	GMPGOM_08675	43.5	255	144	0	1	255	1	255	3.62e-80	239
HFBJIN_11155	KMMJBO_11065	44.5	604	302	2	1	571	1	604	1.14e-160	469
HFBJIN_11155	KAJCKN_09590	41.0	566	327	3	8	571	9	569	2.71e-133	397
HFBJIN_11155	JAFONP_12205	28.3	573	397	6	4	571	41	604	3.01e-67	226
HFBJIN_11155	OEDLLD_08805	28.8	518	365	2	54	571	210	723	2.11e-63	218
HFBJIN_11155	MGCPIK_11245	34.3	242	157	1	331	572	39	278	1.41e-45	159
HFBJIN_11160	OEDLLD_08805	46.4	526	282	0	51	576	200	725	1.60e-161	475
HFBJIN_11160	JAFONP_12205	36.4	574	363	1	3	576	35	606	1.76e-112	345
HFBJIN_11160	KAJCKN_09590	32.0	575	378	5	8	576	4	571	1.56e-83	268
HFBJIN_11160	KMMJBO_11065	28.1	609	391	6	9	576	4	606	4.74e-67	225
HFBJIN_11160	MGCPIK_11245	45.9	231	124	1	341	571	45	274	9.56e-64	207
HFBJIN_11160	NDBPJJ_01855	28.8	482	304	12	87	544	95	561	4.75e-47	169
HFBJIN_11170	JEKOGE_21950	48.8	252	123	2	362	612	227	473	1.49e-65	223
HFBJIN_11245	JHIMFH_08715	30.5	387	259	6	427	803	27	413	5.66e-51	182
HFBJIN_11245	NPLHCN_14260	32.0	375	233	8	428	785	1480	1849	3.38e-45	174
HFBJIN_11275	JLCMGD_15675	61.1	442	170	1	1	440	30	471	7.78e-192	537
HFBJIN_11330	CPMPBM_09225	52.3	535	236	8	27	551	24	549	1.22e-191	549
HFBJIN_11360	JEKOGE_21950	49.0	239	117	1	311	549	223	456	5.61e-67	226
HFBJIN_11365	MAHJHN_05475	39.0	415	226	5	1	388	454	868	8.09e-92	290
HFBJIN_11365	LEJEEC_08915	37.9	396	219	6	1	384	1	381	1.30e-84	259
HFBJIN_11365	HAFNKM_08490	36.6	385	228	7	3	378	4	381	1.94e-67	214
HFBJIN_11365	OLKGPM_09705	29.9	364	226	8	27	377	47	394	3.47e-46	165
HFBJIN_11370	PNJNHA_01100	48.4	279	135	3	1	279	1	270	1.11e-89	265
HFBJIN_11375	KKMOGI_12335	58.0	462	186	7	1	460	1	456	3.45e-178	503
HFBJIN_11375	NLNKCD_09525	37.5	424	246	10	39	458	126	534	1.01e-72	238
HFBJIN_11375	PFNDEF_04205	38.0	424	224	15	49	458	362	760	1.06e-61	212
HFBJIN_11375	CFELJI_12430	31.6	427	262	12	32	454	440	840	8.72e-47	169
HFBJIN_11440	LMAAGL_07260	40.5	210	122	1	1	210	1	207	7.83e-50	162
HFBJIN_11460	OCDBMN_13345	40.6	471	270	7	3	470	5	468	1.04e-115	345
HFBJIN_11460	FGMGBK_12975	27.4	475	322	10	2	467	7	467	1.09e-47	167
HFBJIN_11470	APAIPM_20955	30.4	345	223	9	31	369	56	389	1.37e-44	154
HFBJIN_11470	PEEOIC_08100	30.0	343	218	6	45	372	71	406	1.28e-43	152
HFBJIN_11530	JEKOGE_06050	40.0	463	275	2	1	460	1	463	1.02e-104	316
HFBJIN_11540	ALJLGD_02565	32.2	370	201	12	40	400	113	441	3.74e-40	150
HFBJIN_11565	AAIDMG_03830	49.3	347	173	3	4	348	4	349	8.67e-118	341
HFBJIN_11720	ALJLGD_02565	32.2	370	201	12	40	400	113	441	3.74e-40	150
HFBJIN_11740	ANBPFB_04615	67.4	577	162	4	2	564	4	568	6.03e-271	750
HFBJIN_11760	ANBPFB_04615	46.3	575	281	5	3	552	2	573	1.53e-179	517
HFBJIN_11780	ANBPFB_04615	47.5	573	273	6	1	548	1	570	1.27e-182	525
HFBJIN_11910	KDFDAI_07250	59.1	553	226	0	6	558	155	707	3.51e-252	704
HFBJIN_12015	PAMFFB_11460	48.5	266	126	4	2	263	325	583	1.69e-78	244
HFBJIN_12020	NPKNPB_10680	49.8	500	202	5	1	457	2	495	4.62e-170	484
HFBJIN_12030	JPDGNJ_11930	37.3	399	210	7	3	393	9	375	1.71e-74	238
HFBJIN_12050	MOBKGA_09500	51.4	253	112	3	1	251	1	244	4.10e-85	250
HFBJIN_12070	MMNNJC_09750	58.1	468	195	1	1	467	1	468	5.22e-187	527
HFBJIN_12075	DPDMEB_15410	44.6	542	279	8	19	550	2	532	5.59e-152	442
HFBJIN_12100	DEAMOH_15020	45.2	219	114	1	5	217	2	220	2.89e-60	185
HFBJIN_12100	EGEPOE_04770	43.2	213	119	1	5	217	5	215	6.24e-54	174
HFBJIN_12110	MAHJHN_07515	37.5	291	175	2	1	286	1	289	7.28e-72	221
HFBJIN_12180	AAIDMG_03410	63.4	456	167	0	4	459	44	499	8.61e-209	583
HFBJIN_12250	GKMFOG_13490	68.0	453	143	1	1	451	26	478	3.97e-218	605
HFBJIN_12265	CPMPBM_03600	57.8	592	247	2	6	597	2	590	7.35e-257	717
HFBJIN_12275	GMHKEG_18370	42.7	253	139	3	3	252	2	251	5.90e-80	237
HFBJIN_12300	AOOCMJ_06760	72.9	505	135	2	1	503	43	547	3.49e-281	769
HFBJIN_12390	LFKIEE_01960	26.6	530	295	12	1	438	1	528	9.36e-55	187
HFBJIN_12400	CCDOAK_00015	37.1	512	315	5	2	510	26	533	1.46e-103	317
HFBJIN_12400	MIKFNA_15845	43.2	229	126	3	277	504	12	237	1.69e-49	167
HFBJIN_12400	IOBNAI_13140	41.3	213	119	4	290	499	1	210	1.79e-48	163
HFBJIN_12405	NMNMDH_20545	38.7	380	215	4	27	388	32	411	8.72e-67	214
HFBJIN_12415	NAGHPK_09505	48.2	496	247	2	3	498	2	487	2.68e-167	478
HFBJIN_12430	AEGBGH_00595	57.1	658	275	6	6	662	4	655	6.81e-254	712
HFBJIN_12435	PKNJCI_08760	43.5	207	108	5	3	206	5	205	1.50e-48	154
HFBJIN_12440	CKMOEO_08105	45.6	500	257	9	1	490	1	495	4.83e-161	462
HFBJIN_12460	GAOLHI_08600	43.5	184	104	0	15	198	13	196	2.20e-47	152
HFBJIN_12465	EDPPFC_05720	51.1	237	116	0	2	238	6	242	9.99e-82	241
HFBJIN_12475	NIIHOH_13450	39.5	296	162	4	21	301	16	309	1.10e-71	221
HFBJIN_12480	GEHMID_04670	50.0	220	107	2	92	308	194	413	1.10e-68	216
HFBJIN_12495	GEHMID_04080	42.6	223	121	2	4	221	3	223	6.55e-54	169
HFBJIN_12500	PHEGCG_16300	55.3	412	184	0	1	412	29	440	4.77e-160	454
HFBJIN_12510	INNILH_18990	61.5	239	88	1	1	239	1	235	3.18e-104	298
HFBJIN_12520	PGPAMD_00760	60.8	1405	546	3	5	1406	2	1404	0.0	1706
HFBJIN_12540	JEICDI_06325	43.8	283	157	2	6	286	5	287	3.30e-68	210
HFBJIN_12560	OAOAHE_06260	31.3	444	292	4	6	445	47	481	2.46e-74	237
HFBJIN_12595	LKEOCB_02700	50.7	668	320	5	11	676	5	665	2.59e-220	627
HFBJIN_12595	NIIHOH_06385	37.3	667	400	8	15	671	55	713	1.05e-141	429
HFBJIN_12605	EEOPDA_04385	49.2	392	191	6	1	387	1	389	2.21e-125	363
HFBJIN_12605	MDMJGO_07865	40.4	386	227	3	1	384	1	385	2.70e-102	304
HFBJIN_12630	DCNHNC_00255	28.6	437	252	11	38	445	38	443	2.13e-48	169
HFBJIN_12635	COAOJB_00535	44.0	191	104	2	1	188	1	191	3.93e-48	152
HFBJIN_12650	OHPCOF_10190	45.9	405	216	3	5	406	6	410	5.57e-118	346
HFBJIN_12665	LKLDMN_19325	48.2	220	107	4	6	224	4	217	3.42e-66	200
HFBJIN_12670	CMLBML_12860	46.5	359	192	0	3	361	4	362	2.76e-114	333
HFBJIN_12685	ALJKBN_18190	53.2	282	132	0	343	624	318	599	3.88e-98	308
HFBJIN_12705	JKFCNN_08040	47.2	343	170	3	1	339	29	364	2.28e-103	305
HFBJIN_12720	DIIMPP_01125	41.9	186	107	1	1	185	1	186	2.33e-48	152
HFBJIN_12750	MDJFIL_01580	53.9	152	67	3	179	329	1	150	1.55e-53	169
HFBJIN_12770	GNFLKF_08300	38.2	380	225	4	16	389	38	413	7.91e-93	284
HFBJIN_12775	IJMKAA_11630	43.5	333	164	4	30	343	12	339	1.18e-85	259
HFBJIN_12790	ANAEHF_05030	43.1	188	105	2	4	190	3	189	1.97e-48	152
HFBJIN_12810	OGOOED_16440	35.2	332	192	11	5	322	3	325	3.28e-47	159
HFBJIN_12815	GBJPGG_16335	53.2	280	127	1	3	278	17	296	5.72e-105	303
HFBJIN_12820	EOGDPL_27240	42.1	430	241	2	550	979	381	802	1.52e-104	341
HFBJIN_12820	NPLHCN_14260	32.0	425	274	6	560	980	137	550	5.22e-60	220
HFBJIN_12825	BBKFDB_05170	61.2	134	52	0	11	144	198	331	4.27e-59	182
HFBJIN_12835	FOOLJF_09805	62.4	375	130	2	1	366	1	373	3.25e-127	367
HFBJIN_12845	MNNBJI_10430	43.9	310	174	0	3	312	2	311	2.87e-95	281
HFBJIN_12860	PDFOOG_00510	48.4	661	329	5	1	658	1	652	4.72e-214	610
HFBJIN_12865	KNCOJD_04640	60.1	699	269	4	28	719	55	750	2.93e-317	879
HFBJIN_12900	KNCOJD_00140	34.9	318	193	5	34	343	67	378	6.05e-66	209
HFBJIN_12905	MCPLNH_08930	44.6	222	120	2	1	220	1	221	1.01e-68	207
HFBJIN_12960	JOFPOO_08530	39.4	221	133	1	4	224	7	226	6.94e-49	156
HFBJIN_13000	EOGDPL_27240	33.7	630	372	13	212	804	179	799	1.45e-95	313
HFBJIN_13000	AIOPCH_03715	35.7	434	272	5	375	804	74	504	1.68e-83	272
HFBJIN_13000	NPLHCN_14260	29.9	418	281	5	391	804	137	546	8.62e-56	205
HFBJIN_13015	AAIDMG_03830	43.3	307	169	4	40	345	42	344	2.30e-79	243
HFBJIN_13070	ALJKBN_18190	42.0	264	142	4	223	479	340	599	1.11e-50	178
HFBJIN_13080	AAIDMG_03830	42.0	348	194	6	5	349	6	348	9.33e-87	262
HFBJIN_13100	GHIDNG_09660	50.5	220	108	1	3	221	1	220	1.00e-70	211
HFBJIN_13105	OGGMNN_12325	52.9	225	99	2	1	225	1	218	9.37e-77	227
HFBJIN_13110	EDPPFC_05720	48.3	240	122	2	6	245	4	241	4.52e-77	229
HFBJIN_13125	JHIMFH_08715	29.7	384	257	7	322	695	30	410	1.76e-44	162
HFBJIN_13150	OMINCF_06730	35.8	424	261	5	4	422	4	421	2.60e-81	254
HFBJIN_13150	GKLKJE_14420	34.4	436	283	3	1	434	5	439	1.85e-76	243
HFBJIN_13150	AIAJBN_07055	30.5	452	303	4	2	447	5	451	2.11e-60	200
HFBJIN_13150	ADMHII_00410	40.7	199	118	0	3	201	9	207	1.47e-47	159
HFBJIN_13195	ACCPON_01955	41.8	545	286	10	58	578	64	601	2.65e-126	381
HFBJIN_13205	AHGGGF_14050	46.4	304	157	4	1	303	1	299	3.48e-94	277
HFBJIN_13225	MPNMPI_08435	38.0	681	319	16	2	584	3	678	6.95e-134	404
HFBJIN_13250	NIPFKF_13915	46.1	241	106	3	4	221	3	242	3.45e-66	201
HFBJIN_13255	FOHGMI_00905	61.9	189	72	0	5	193	70	258	5.21e-79	233
HFBJIN_13270	PEAHOH_01300	47.8	402	207	3	4	403	5	405	2.66e-120	352
HFBJIN_13280	GHIDNG_08150	39.1	653	365	12	1	633	1	640	3.78e-138	416
HFBJIN_13295	CNNHAB_12390	38.2	440	251	5	1	424	2	436	4.92e-83	258
HFBJIN_13300	IMLPOL_12395	45.3	258	133	4	176	430	137	389	1.91e-68	219
HFBJIN_13345	BGMBNC_08915	46.3	432	231	1	22	453	28	458	6.54e-134	390
HFBJIN_13345	NJKLPJ_06960	31.5	441	282	7	26	454	50	482	2.08e-67	219
HFBJIN_13345	ODHFDB_02170	29.8	409	251	6	26	404	11	413	1.06e-58	197
HFBJIN_13355	MMNNJC_07175	71.6	327	93	0	3	329	135	461	8.81e-169	474
HFBJIN_13390	LEKCMK_00765	46.8	295	127	5	1	284	1	276	9.87e-79	238
HFBJIN_13395	JFBMBM_14950	32.5	795	404	13	1	664	1	793	3.42e-117	365
HFBJIN_13405	PPDBCL_05260	54.0	383	168	4	4	383	5	382	4.68e-144	410
HFBJIN_13420	ANBPFB_10370	76.4	967	175	6	1	927	1	954	0.0	1383
HFBJIN_13460	NIMMDJ_02025	63.9	363	114	5	1	348	1	361	1.62e-169	473
HFBJIN_13465	NMNMDH_14380	48.0	298	135	4	1	291	1	285	1.90e-92	272
HFBJIN_13465	OKHOCL_06130	35.9	295	168	4	1	291	1	278	4.46e-59	186
HFBJIN_13515	CGOKML_07875	50.7	353	173	1	1	353	1	352	1.16e-126	364
HFBJIN_13565	BOLFNP_06995	51.9	378	177	2	1	375	36	411	6.53e-134	385
HFBJIN_13575	ILCLPH_03175	46.6	174	90	1	1	174	1	171	1.11e-56	173
HFBJIN_13615	EOJLEP_12515	54.8	279	125	1	2	280	3	280	5.90e-104	300
HFBJIN_13620	JECBHO_05075	68.3	120	38	0	1	120	1	120	1.94e-53	166
HFBJIN_13625	CIPHAP_11235	44.0	268	150	0	13	280	6	273	1.59e-77	235
HFBJIN_13635	PIPLNM_12695	51.7	573	256	6	513	1083	364	917	1.15e-186	563
HFBJIN_13645	EHHHNJ_03925	44.6	639	302	5	3	639	3	591	8.07e-181	522
HFBJIN_13645	OBHJLJ_05995	29.7	671	427	13	3	640	4	662	5.56e-87	281
HFBJIN_13645	LJALIN_17780	29.7	545	365	9	3	540	50	583	2.48e-72	241
HFBJIN_13645	IMJCGK_11625	29.8	521	348	11	1	513	1	511	1.20e-62	213
HFBJIN_13655	KPNMII_11605	44.2	557	302	5	1	553	1	552	3.86e-155	452
HFBJIN_13680	ALJKBN_17780	54.1	218	98	2	2	218	1	217	1.65e-80	236
HFBJIN_13685	FCHPAI_09745	41.6	221	124	2	1	218	2	220	1.56e-54	171
HFBJIN_13695	GKLKJE_14420	34.6	431	277	2	1	428	1	429	1.57e-81	256
HFBJIN_13695	DIFDMH_04115	35.2	392	239	6	8	391	7	391	1.42e-65	214
HFBJIN_13695	GNBNBP_18980	26.8	447	309	9	8	441	6	447	1.00e-41	150
HFBJIN_13710	PCHHPE_13495	40.5	262	129	4	1	254	58	300	5.06e-58	183
HFBJIN_13735	DEAMOH_13710	53.1	433	196	4	4	434	1	428	2.33e-150	430
HFBJIN_13760	LMAAGL_07260	44.2	206	114	1	4	209	3	207	1.07e-49	161
HFBJIN_13795	LMBKNE_15370	41.0	368	201	8	11	373	69	425	3.71e-87	268
HFBJIN_13795	ODPBAK_16055	32.7	376	236	10	22	385	1	371	8.98e-62	200
HFBJIN_13820	GNBPPJ_17065	39.4	302	178	1	1	297	10	311	5.32e-68	219
HFBJIN_13825	NPCMJE_01930	49.7	179	85	3	6	179	15	193	1.36e-52	163
HFBJIN_13940	HPMMNG_04720	35.1	368	222	5	1	361	2	359	8.51e-65	206
HFBJIN_14035	OKHOCL_06405	54.7	422	185	4	9	428	5	422	8.18e-153	436
HFBJIN_14050	JLCMGD_15675	61.1	442	170	1	1	440	30	471	2.73e-192	538
HFBJIN_14090	BGHMFE_04500	35.5	665	373	15	3	632	5	648	7.67e-114	352
HFBJIN_14095	ALJKBN_18190	42.5	273	147	5	214	478	329	599	4.64e-55	190
HFBJIN_14140	OFOEJC_06820	36.4	291	179	4	2	287	5	294	9.24e-51	165
HFBJIN_14230	ANJGBN_04410	47.4	359	180	4	3	361	8	357	6.32e-102	301
HFBJIN_14235	IJGGGM_15885	49.7	443	213	3	1	442	1	434	1.65e-149	429
HFBJIN_14235	AADGFO_06055	48.4	448	223	3	2	441	25	472	1.60e-145	441
HFBJIN_14250	CAGOKC_07305	48.9	227	112	2	9	235	4	226	5.00e-75	224
HFBJIN_14255	NEHECH_06835	46.1	369	197	1	6	372	2	370	8.25e-119	345
HFBJIN_14260	IJCGKP_02285	62.1	248	94	0	1	248	26	273	3.43e-115	328
HFBJIN_14290	NBGKDJ_08915	58.1	234	97	1	1	233	5	238	1.96e-88	258
HFBJIN_14295	OIDBIB_07015	53.2	250	115	2	3	252	4	251	2.08e-84	249
HFBJIN_14300	BNHFML_03630	41.0	315	171	4	24	327	12	322	7.14e-71	221
HFBJIN_14300	FCHPAI_07580	37.3	276	125	6	54	282	39	313	5.86e-46	158
HFBJIN_14305	NGIGMC_11335	45.1	297	152	3	2	288	2	297	1.78e-73	224
HFBJIN_14310	GBCGGE_04600	36.0	397	228	11	8	390	62	446	9.08e-62	202
HFBJIN_14325	IMJCGK_11625	28.4	514	333	12	1	499	3	496	5.85e-54	187
HFBJIN_14325	OBHJLJ_05995	27.6	539	350	16	1	515	4	526	7.84e-46	167
HFBJIN_14330	NIIHOH_13450	36.8	307	175	3	11	299	6	311	1.90e-66	207
HFBJIN_14390	NNLPHK_08690	39.3	361	217	2	6	365	3	362	3.42e-88	273
HFBJIN_14390	LKAFFP_06110	35.5	363	224	4	11	367	8	366	1.84e-76	241
HFBJIN_14390	FLJHGF_06385	30.4	359	246	3	13	368	7	364	3.85e-52	177
HFBJIN_14405	ALJKBN_18190	47.6	271	136	2	258	522	329	599	6.30e-70	231
HFBJIN_14420	OEDLLD_10335	32.8	308	199	3	7	312	7	308	4.29e-62	196
HFBJIN_14425	GCDEGP_08150	33.3	300	197	2	43	339	100	399	1.22e-53	177
HFBJIN_14435	JAFONP_12205	32.5	569	370	6	5	567	46	606	4.53e-91	289
HFBJIN_14435	OEDLLD_08805	31.1	540	361	6	35	571	198	729	1.14e-84	275
HFBJIN_14435	KAJCKN_09590	32.8	549	362	4	22	565	23	569	8.90e-81	261
HFBJIN_14435	KMMJBO_11065	27.0	593	393	5	18	571	19	610	6.31e-66	222
HFBJIN_14435	MGCPIK_11245	39.1	258	152	3	310	562	17	274	7.27e-52	176
HFBJIN_14440	JAFONP_12205	55.5	577	256	1	13	589	37	612	3.95e-211	598
HFBJIN_14440	OEDLLD_08805	37.9	512	315	3	72	582	215	724	4.51e-98	311
HFBJIN_14440	KAJCKN_09590	30.4	483	333	2	100	581	89	569	1.69e-71	236
HFBJIN_14440	KMMJBO_11065	27.4	610	407	2	15	588	2	611	1.57e-69	232
HFBJIN_14440	MGCPIK_11245	43.0	265	145	2	320	578	10	274	9.94e-67	215
HFBJIN_14605	CPJNAH_18580	32.4	330	174	9	1	297	1	314	2.09e-47	157
HFBJIN_14660	CPMPBM_06160	50.0	180	69	3	6	184	4	163	2.24e-54	167
HFBJIN_14780	ALJLGD_02565	68.5	463	146	0	9	471	68	530	2.35e-228	634
HFBJIN_14805	EOGDPL_27240	40.8	471	262	6	309	771	338	799	8.80e-106	339
HFBJIN_14805	AIOPCH_03715	37.0	430	268	3	344	771	76	504	1.06e-92	296
HFBJIN_14805	NPLHCN_14260	30.0	416	283	4	358	771	137	546	6.14e-59	214
HFBJIN_14805	BDIMAC_12110	27.9	524	313	18	2	507	29	505	4.35e-43	160
HFBJIN_14845	KPNMII_11605	34.0	541	344	9	9	541	1	536	3.33e-86	274
HFBJIN_14850	JLCMGD_15675	61.1	442	170	1	1	440	30	471	2.73e-192	538
HFBJIN_14855	FNINNI_04550	54.8	524	233	3	1	524	1	520	1.85e-187	531
HFBJIN_14905	ODPBAK_16055	55.1	370	160	4	5	369	3	371	2.95e-149	422
HFBJIN_14905	LMBKNE_15370	34.7	366	223	9	6	368	84	436	3.54e-66	212
HFBJIN_14920	AHFGAK_10390	46.9	375	197	2	1	374	1	374	3.27e-107	316
HFBJIN_14925	CAGOKC_07435	49.4	441	217	3	29	469	36	470	2.93e-148	428
HFBJIN_14935	AJKFOC_11935	43.7	309	158	8	18	311	24	331	2.98e-72	223
HFBJIN_15100	AAIDMG_03830	46.5	314	163	4	32	344	37	346	1.92e-96	286
HFBJIN_15120	ALJKBN_17780	58.9	214	87	1	5	217	2	215	4.59e-85	248
HFBJIN_15125	FCHPAI_09745	51.4	220	104	2	1	217	1	220	3.43e-74	220
HFBJIN_15145	JEKOGE_21950	46.2	292	148	2	102	388	185	472	2.30e-79	253
HFBJIN_15195	NNLPHK_08690	42.6	357	202	3	6	361	3	357	1.66e-87	272
HFBJIN_15195	LKAFFP_06110	41.6	358	206	3	11	366	8	364	2.25e-83	260
HFBJIN_15195	FLJHGF_06385	33.6	357	230	4	9	363	4	355	9.06e-62	203
HFBJIN_15275	MNAECF_10400	64.9	521	183	0	2	522	43	563	2.14e-242	673
HFBJIN_15310	BIKKBB_09420	48.8	877	380	10	1	828	1	857	3.92e-274	777
HFBJIN_15455	ILCLPH_22225	42.4	297	169	1	1	297	1	295	6.80e-75	228
HFBJIN_15580	BIKKBB_09420	42.2	538	299	5	4	533	3	536	8.97e-130	396
HFBJIN_15585	DMGPIM_03820	36.7	289	176	3	5	286	7	295	1.10e-55	179
HFBJIN_15595	FCCLFG_02395	38.5	273	147	6	1	255	18	287	7.65e-49	164
HFBJIN_15615	OOFIDG_04160	46.0	200	107	1	9	208	10	208	1.42e-50	160
HFBJIN_15620	EDPPFC_05720	42.2	232	130	3	11	241	12	240	2.33e-56	180
HFBJIN_15620	LKLDMN_19325	41.8	220	124	3	2	221	4	219	1.92e-54	174
HFBJIN_15625	INGAKC_15905	46.4	332	176	2	3	333	2	332	4.25e-105	307
HFBJIN_15630	PCHHPE_15105	43.3	344	187	4	7	349	1	337	4.92e-95	283
HFBJIN_15665	ANBPFB_04615	45.6	430	207	5	1	406	1	427	9.72e-123	367
HFBJIN_15750	FCCLFG_10765	43.5	441	241	4	14	448	4	442	1.68e-105	317
HFBJIN_15755	BEGHAF_02940	47.4	213	110	2	4	215	2	213	1.71e-68	206
HFBJIN_15765	KOGAEP_18980	42.6	937	455	14	1	861	5	934	1.41e-214	629
HFBJIN_15765	IFHDGK_16005	26.5	709	470	18	22	725	57	719	7.19e-62	221
HFBJIN_15800	ACCPON_01955	62.1	630	214	7	1	625	1	610	1.91e-258	721
HFBJIN_15805	LLGOHG_08460	44.4	223	120	2	1	219	1	223	4.12e-58	180
HFBJIN_15845	IMJCGK_11625	65.8	193	65	1	4	195	322	514	4.40e-92	275
HFBJIN_15850	IMJCGK_11625	65.3	285	99	0	1	285	1	285	9.73e-129	372
HFBJIN_15850	OBHJLJ_05995	31.3	288	189	2	3	281	4	291	2.46e-42	150
HFBJIN_15885	MDIEPL_01880	46.4	476	253	2	3	478	94	567	1.38e-156	454
HFBJIN_15890	FGDENG_17745	65.2	132	46	0	10	141	178	309	1.44e-59	183
HFBJIN_15900	PJGAFD_00175	65.2	607	207	2	13	619	15	617	3.04e-258	719
HFBJIN_15900	OOMOLM_10315	38.8	546	313	9	88	617	286	826	1.24e-105	334
HFBJIN_15900	INHOHM_11200	30.1	594	387	6	46	621	124	707	2.62e-82	270
HFBJIN_15900	ALODHP_02915	30.4	543	371	7	63	602	134	672	3.43e-67	228
HFBJIN_15920	AAIDMG_03830	45.0	313	162	5	38	347	43	348	7.13e-85	257
HFBJIN_15925	AAIDMG_03830	42.1	311	177	3	37	346	37	345	4.08e-80	245
HFBJIN_15930	NPLHCN_14260	36.0	378	224	6	296	661	1484	1855	2.65e-58	209
HFBJIN_15930	JHIMFH_08715	31.9	373	242	5	296	661	32	399	1.74e-54	188
HFBJIN_15935	EOGDPL_27240	38.9	501	272	10	95	584	328	805	2.74e-106	334
HFBJIN_15935	AIOPCH_03715	30.7	424	288	5	160	581	88	507	1.79e-63	213
HFBJIN_15935	NPLHCN_14260	30.4	451	272	6	150	582	124	550	7.89e-57	203
HFBJIN_15950	NPLHCN_14260	32.7	437	257	12	331	745	1435	1856	1.78e-49	184
HFBJIN_15950	JHIMFH_08715	32.9	377	237	8	376	744	31	399	1.49e-47	170
HFBJIN_15955	JHIMFH_08715	29.6	379	251	9	646	1017	31	400	4.65e-42	155
HFBJIN_15955	NPLHCN_14260	29.7	408	264	9	618	1014	1458	1853	1.16e-39	156
HFBJIN_15990	LPAOAJ_10890	45.5	165	90	0	3	167	5	169	3.84e-50	155
HFBJIN_16000	MGCPIK_11245	53.4	232	105	1	339	570	45	273	3.86e-74	234
HFBJIN_16000	OEDLLD_08805	31.2	497	316	6	96	578	243	727	7.12e-66	224
HFBJIN_16000	JAFONP_12205	30.9	495	294	11	98	567	126	597	2.27e-59	204
HFBJIN_16000	KAJCKN_09590	27.0	497	355	4	88	579	81	574	1.03e-55	194
HFBJIN_16000	NDBPJJ_01855	28.6	489	307	12	82	544	89	561	1.04e-41	154
HFBJIN_16020	MGCPIK_11245	45.3	278	150	1	303	580	2	277	1.63e-72	231
HFBJIN_16020	OEDLLD_08805	30.3	538	349	12	53	577	196	720	7.91e-57	200
HFBJIN_16020	KAJCKN_09590	32.5	382	247	6	201	577	191	566	1.04e-51	183
HFBJIN_16020	KMMJBO_11065	35.8	232	149	0	346	577	370	601	4.38e-42	157
HFBJIN_16040	INHOHM_09930	60.6	492	194	0	1	492	54	545	7.22e-212	593
HFBJIN_16050	GGKJAP_04230	46.7	420	221	3	5	423	3	420	2.13e-122	360
HFBJIN_16050	NIIHOH_07395	28.8	358	217	6	3	335	49	393	2.52e-42	151
HFBJIN_16060	JEKOGE_06050	33.8	459	297	4	6	457	5	463	9.43e-82	256
HFBJIN_16065	MGCPIK_11245	46.5	269	144	0	298	566	2	270	3.05e-77	243
HFBJIN_16065	OEDLLD_08805	29.3	508	355	1	68	571	214	721	1.21e-62	216
HFBJIN_16065	JAFONP_12205	28.0	472	322	4	106	566	133	597	4.20e-58	201
HFBJIN_16065	KAJCKN_09590	27.5	465	323	2	122	577	114	573	1.18e-51	182
HFBJIN_16070	MGCPIK_11245	49.8	281	138	1	294	574	1	278	3.50e-91	279
HFBJIN_16070	JAFONP_12205	33.9	472	293	8	107	572	145	603	1.73e-71	238
HFBJIN_16070	OEDLLD_08805	29.2	520	342	6	74	576	216	726	1.37e-65	224
HFBJIN_16070	KAJCKN_09590	27.2	507	328	5	93	578	88	574	7.40e-57	197
HFBJIN_16070	NDBPJJ_01855	29.4	480	309	8	84	543	92	561	1.62e-43	160
HFBJIN_16070	KMMJBO_11065	34.7	239	155	1	340	578	372	609	9.03e-42	155
HFBJIN_16100	MGCPIK_00310	27.2	892	536	25	12	864	22	839	3.09e-82	284
HFBJIN_16125	BPPMOK_02305	43.2	315	168	6	1	305	1	314	2.59e-83	251
HFBJIN_16195	APHOBL_08810	56.9	204	86	2	4	206	13	215	2.26e-69	208
HFBJIN_16200	HONECH_05975	43.4	302	149	5	15	294	15	316	2.12e-69	214
HFBJIN_16205	ANAEHF_03930	33.5	376	209	8	8	373	8	352	5.02e-49	167
HFBJIN_16210	CCDOAK_00015	53.2	509	235	3	4	510	25	532	1.09e-177	507
HFBJIN_16220	KIBBKD_06890	60.8	237	93	0	1	237	41	277	4.39e-97	281
HFBJIN_16230	ODHFDB_06390	43.7	380	203	7	10	381	1	377	1.07e-99	298
HFBJIN_16240	MKDNFB_00930	53.1	213	92	2	8	215	13	222	3.81e-73	220
HFBJIN_16265	MGCHGM_05220	51.7	331	156	1	1	331	1	327	2.07e-125	359
HFBJIN_16270	AAIDMG_03830	44.0	348	186	5	1	343	1	344	4.91e-100	296
HFBJIN_16310	AAIDMG_03830	43.4	235	131	2	14	248	116	348	1.36e-68	211
HFBJIN_16325	INKIHH_10100	29.1	764	428	29	7	688	4	735	8.76e-52	187
HFBJIN_16380	JEKOGE_06050	37.8	444	269	6	12	450	11	452	3.28e-83	260
HFBJIN_16440	ALJKBN_18190	46.7	285	144	4	330	609	319	600	2.57e-71	237
HFBJIN_16595	GNANIN_05050	50.2	331	161	2	8	335	4	333	2.75e-110	321
HFBJIN_16695	HAAAJJ_06910	49.8	1266	598	14	208	1442	439	1697	0.0	1194
HFBJIN_16705	BOPGEP_09895	46.1	629	334	3	1	624	1	629	1.79e-204	584
HFBJIN_16735	APAIPM_19325	35.7	417	250	6	1	406	26	435	9.22e-76	239
HFBJIN_16740	AAIDMG_03410	99.8	486	1	0	1	486	30	515	0.0	947
HFBJIN_16895	DANLCD_01670	46.2	461	192	3	1	406	1	460	1.06e-138	401
HFBJIN_16900	AAIDMG_03410	47.7	465	243	0	1	465	41	505	1.25e-147	427
HFBJIN_16905	ICHLBC_08475	41.9	415	231	7	77	486	4	413	1.38e-94	301
HFBJIN_17070	BGHMFE_11105	45.9	514	272	4	1	508	1	514	2.88e-149	434
HFBJIN_17130	AAIDMG_03830	45.1	350	180	8	5	349	6	348	1.30e-99	295
HFBJIN_17135	OEDLLD_08805	41.9	563	293	3	79	641	197	725	9.36e-135	408
HFBJIN_17135	JAFONP_12205	34.6	610	358	5	31	640	37	605	1.73e-106	331
HFBJIN_17135	KMMJBO_11065	27.3	531	369	7	121	641	83	606	2.58e-57	200
HFBJIN_17135	MGCPIK_11245	42.4	231	132	1	406	636	45	274	7.29e-57	190
HFBJIN_17140	KAJCKN_09590	56.9	573	245	2	1	572	1	572	7.42e-209	590
HFBJIN_17140	KMMJBO_11065	35.1	607	356	3	2	571	1	606	4.69e-113	346
HFBJIN_17140	JAFONP_12205	31.1	572	391	2	1	571	37	606	7.87e-81	262
HFBJIN_17140	OEDLLD_08805	31.2	520	345	4	60	573	215	727	2.60e-72	242
HFBJIN_17140	MGCPIK_11245	37.3	279	169	3	299	577	12	284	1.25e-56	188
HFBJIN_17180	OEDLLD_08805	45.3	506	277	0	104	609	218	723	1.00e-142	428
HFBJIN_17180	JAFONP_12205	40.1	489	293	0	121	609	116	604	1.57e-114	351
HFBJIN_17180	KAJCKN_09590	30.9	486	324	4	130	609	90	569	1.21e-68	229
HFBJIN_17180	MGCPIK_11245	42.2	244	133	2	366	602	28	270	6.68e-56	187
HFBJIN_17180	KMMJBO_11065	25.4	607	407	7	43	609	4	604	2.81e-51	183
HFBJIN_17185	KAJCKN_09590	32.7	565	377	3	9	570	10	574	3.17e-99	309
HFBJIN_17185	KMMJBO_11065	32.2	605	369	6	6	570	6	609	8.52e-96	301
HFBJIN_17185	OEDLLD_08805	31.5	531	355	4	43	569	202	727	1.20e-74	248
HFBJIN_17185	JAFONP_12205	27.5	563	402	3	7	565	44	604	1.38e-68	229
HFBJIN_17185	MGCPIK_11245	35.3	266	167	2	306	566	13	278	1.80e-44	155
HFBJIN_17280	LMAAGL_07260	41.4	227	128	3	5	226	3	229	4.42e-56	175
HFBJIN_17290	OEDLLD_01520	34.4	433	279	4	3	432	1	431	6.41e-73	233
HFBJIN_17290	CJHDOF_08685	29.1	426	286	5	12	435	7	418	3.82e-63	206
HFBJIN_17290	OHAPKC_02295	37.1	280	166	5	167	441	16	290	3.61e-52	174
HFBJIN_17295	GNBPPJ_17065	44.1	315	163	6	6	313	9	317	1.18e-76	245
HFBJIN_17310	OODMEK_16380	39.5	215	123	3	19	230	2	212	1.40e-48	158
HFBJIN_17365	DFHILB_11720	48.5	301	154	1	1	300	1	301	1.20e-102	299
HFBJIN_17365	NICIMJ_05420	34.1	293	185	6	1	289	39	327	6.07e-44	150
HFBJIN_17375	AAIDMG_03830	45.1	344	186	3	4	345	4	346	6.64e-103	303
HFBJIN_17395	BGHMFE_11105	44.5	521	282	5	1	514	1	521	5.97e-143	418
HFBJIN_17400	JEKOGE_21950	48.6	294	136	4	228	514	186	471	5.76e-76	248
HFBJIN_17410	MFGBFB_07135	46.7	212	104	4	1	211	1	204	5.93e-66	198
HFBJIN_17430	LOBHJJ_01635	47.1	227	120	0	1	227	1	227	1.51e-71	214
HFBJIN_17465	JHLGGO_08550	85.6	264	38	0	4	267	11	274	1.21e-164	453
HFBJIN_17495	ALJKBN_18190	44.8	277	145	3	768	1036	324	600	3.99e-62	219
HFBJIN_17685	ELNOCH_14010	59.5	291	118	0	9	299	31	321	6.25e-116	334
HFBJIN_17785	POKEEB_00595	53.5	243	110	3	7	248	5	245	6.85e-84	247
HFBJIN_17990	LFKIEE_01960	27.2	551	357	18	1	529	1	529	2.25e-45	163
HFBJIN_18025	EBFHBG_15540	37.7	284	175	2	1	283	1	283	2.49e-62	195
HFBJIN_18045	BDEHPM_10945	43.2	264	146	4	16	277	1	262	3.50e-75	227
HFBJIN_18205	FNINNI_04550	36.0	283	172	5	3	282	225	501	3.13e-50	170
HFBJIN_18215	NHIAMB_19525	41.8	428	246	3	6	431	111	537	1.99e-112	337
HFBJIN_18215	MDIEPL_13060	37.6	418	257	3	18	432	105	521	1.57e-94	290
HFBJIN_18275	JECHMI_25170	56.4	408	170	6	4	407	361	764	3.10e-150	440
HFBJIN_18310	BPMCBO_10905	39.1	297	162	3	116	412	112	389	3.87e-55	184
HFBJIN_18315	FPMAMI_13105	43.2	220	123	2	3	221	2	220	5.20e-52	164
HFBJIN_18315	GEHMID_04080	42.1	233	120	4	1	226	1	225	1.06e-47	153
HFBJIN_18425	CPMPBM_10790	45.4	489	255	5	20	507	13	490	2.38e-141	417
HFBJIN_18510	LOEBFA_04170	42.7	248	134	4	3	247	8	250	7.72e-58	181
HFBJIN_18565	PODFGD_12430	62.6	139	52	0	150	288	1	139	3.15e-65	197
HFBJIN_18565	EGEACP_03415	39.6	245	147	1	44	288	19	262	5.84e-62	193
HFBJIN_18620	JLCMGD_15675	61.1	442	170	1	1	440	30	471	2.73e-192	538
HFBJIN_18645	DEDJGM_09950	47.8	406	196	6	1	391	1	405	4.07e-113	333
HFBJIN_18810	BDLLLF_04730	38.4	242	148	1	124	365	131	371	3.03e-49	167
HFBJIN_18810	HAINKJ_00320	33.8	311	191	4	64	362	409	716	1.78e-42	153
HFBJIN_18840	LMAAGL_07260	44.5	209	113	3	4	211	3	209	7.83e-53	169
HFBJIN_18915	LKLDMN_19325	50.9	220	104	2	1	220	1	216	1.20e-67	204
HFBJIN_18945	EBLBNC_02485	41.6	190	111	0	20	209	28	217	3.72e-57	178
HFBJIN_18975	EKIEJL_04035	39.3	318	184	4	28	345	11	319	4.91e-73	226
HFBJIN_18975	HFMJLE_01865	38.4	331	182	8	19	336	28	349	7.07e-67	211
HFBJIN_18990	IADIMG_09525	39.8	226	130	3	16	240	17	237	1.58e-52	167
HFBJIN_19010	HEJLIN_12385	39.1	363	206	7	8	360	3	360	1.42e-71	224
HFBJIN_19020	EIKLNG_06140	80.9	115	22	0	71	185	1	115	5.79e-63	189
HFBJIN_19025	BCFHOD_10075	34.9	241	149	3	6	238	3	243	4.12e-46	152
HFBJIN_19170	APDHGK_13705	41.2	216	126	1	4	218	2	217	3.18e-58	179
HFBJIN_19220	MPBHFN_09345	70.3	155	46	0	1	155	1	155	3.48e-80	231
HFBJIN_19225	EHAAIM_10510	83.9	124	20	0	1	124	15	138	1.08e-71	207
HFBJIN_19260	GMPGOM_08675	46.2	253	136	0	8	260	4	256	3.07e-75	226
HFBJIN_19260	IADIMG_09525	37.4	246	149	2	22	267	17	257	2.32e-50	162
HFBJIN_19315	JCFJEP_06495	30.6	651	379	24	77	677	75	702	2.26e-76	257
HFBJIN_19320	MMNNJC_09750	35.8	472	287	6	5	463	4	472	4.67e-86	268
HFBJIN_19325	KCDKMK_07335	36.6	352	190	11	8	343	26	360	2.66e-60	199
HFBJIN_19340	PFNDEF_04205	33.8	471	261	11	191	616	296	760	2.01e-62	220
HFBJIN_19340	KKMOGI_12335	36.0	406	242	6	225	614	48	451	7.83e-58	199
HFBJIN_19410	BEEJFJ_04365	46.4	321	163	5	1	318	1	315	5.54e-95	280
HFBJIN_19425	JHFIBJ_16095	52.4	374	174	2	83	456	214	583	2.12e-126	388
HFBJIN_19425	AHNHLJ_13685	45.9	370	189	3	83	452	200	558	1.24e-108	329
HFBJIN_19535	JEKOGE_21950	41.4	307	157	6	159	452	230	526	4.00e-60	202
HFBJIN_19550	BGHMFE_11105	46.1	514	268	6	3	508	2	514	1.17e-146	427
HFBJIN_19585	LMAAGL_07260	38.3	243	143	5	1	242	1	237	9.96e-47	154
HFBJIN_19615	ELNOCH_15095	51.2	205	94	1	263	467	3	201	6.11e-66	207
HFBJIN_19620	FCHPAI_09745	48.6	216	108	2	2	214	3	218	1.15e-64	196
HFBJIN_19625	ALJKBN_17780	53.3	210	97	1	9	217	4	213	2.00e-77	228
HFBJIN_19690	CPJNAH_18580	35.3	320	163	5	1	284	1	312	4.57e-69	213
HFBJIN_19700	PHBJAG_07175	46.2	223	117	2	2	221	1	223	6.85e-69	207
HFBJIN_19710	LKLDMN_19325	42.5	221	117	4	5	222	4	217	6.57e-51	162
HFBJIN_19775	AEOGEB_09245	39.6	212	114	2	2	213	6	203	2.99e-51	161
HFBJIN_19820	KCDKMK_07335	34.4	369	221	9	21	380	16	372	5.94e-73	233
HFBJIN_19830	HJGNEK_01760	37.3	279	172	2	23	300	19	295	5.00e-67	207
HFBJIN_19835	DIIMPP_04560	36.9	293	175	4	35	320	14	303	2.51e-51	168
HFBJIN_19915	JPGONO_00560	44.1	222	121	2	1	221	43	262	2.14e-61	189
HFBJIN_19930	EDPPFC_16165	40.4	245	141	4	4	246	3	244	6.56e-49	157
HFBJIN_19990	AAIDMG_03830	41.8	323	178	7	31	350	34	349	1.72e-83	253
HFBJIN_20055	ALJKBN_18190	44.8	261	139	2	649	905	340	599	3.82e-57	203
HFBJIN_20095	AAIDMG_03830	52.8	307	143	2	43	348	44	349	3.96e-111	324
HFBJIN_20295	KOGAEP_24830	61.5	330	125	2	3	331	35	363	6.87e-148	417
HFBJIN_20310	NEEMKD_13085	43.8	226	123	3	104	325	1	226	1.62e-61	192
HFBJIN_20320	JIBABB_11530	43.7	270	150	1	9	278	73	340	2.36e-79	240
HFBJIN_20320	ADMHII_10200	35.9	245	132	3	57	278	213	455	4.45e-48	162
HFBJIN_20325	MFKGBO_06890	41.3	315	172	1	6	320	3	304	1.22e-77	236
HFBJIN_20340	ALJKBN_18190	43.5	276	148	4	515	782	324	599	9.10e-53	189
HFBJIN_20345	IDAAGF_01625	52.6	477	206	9	3	474	277	738	7.91e-166	483
HFBJIN_20365	AHPIPH_01830	55.4	408	182	0	1	408	16	423	2.56e-162	459
HFBJIN_20380	CJHDOF_08685	31.1	415	264	6	13	423	15	411	1.71e-64	209
HFBJIN_20380	OEDLLD_01520	30.9	424	284	6	11	428	15	435	5.74e-64	209
HFBJIN_20380	OHAPKC_02295	35.5	282	159	5	163	430	17	289	6.58e-53	175
HFBJIN_20395	AAIDMG_03830	48.2	307	153	4	42	345	43	346	1.97e-87	263
HFBJIN_20455	JHFIBJ_16095	39.9	383	215	4	21	390	150	530	1.12e-83	276
HFBJIN_20455	AHNHLJ_13685	37.3	367	221	5	22	383	145	507	4.91e-79	254
HFBJIN_20465	PMOLLI_04005	70.8	192	54	1	1	192	37	226	5.76e-96	275
HFBJIN_20485	JLFFKH_10735	46.2	353	189	1	2	354	3	354	2.54e-108	317
HFBJIN_20495	OGFFFB_05795	65.3	389	135	0	1	389	36	424	8.54e-184	513
HFBJIN_20520	FGMGBK_12975	29.2	463	308	5	2	458	3	451	1.86e-70	229
HFBJIN_20525	BIKKBB_09420	29.5	448	308	5	2	442	3	449	4.19e-60	206
HFBJIN_20535	NPLHCN_14260	37.4	390	220	9	27	402	1480	1859	5.25e-59	207
HFBJIN_20535	JHIMFH_08715	33.9	386	233	9	26	398	27	403	3.79e-55	187
HFBJIN_20550	PPECAL_01620	41.7	717	381	9	5	684	6	722	8.14e-163	482
HFBJIN_20550	EDPPFC_12330	28.8	723	447	17	8	685	7	706	5.93e-93	300
HFBJIN_20555	NBBJMH_14115	63.8	116	42	0	1	116	7	122	6.75e-50	151
HFBJIN_20565	EBFHBG_25625	39.8	332	194	3	340	671	3	328	3.10e-78	255
HFBJIN_20565	JCFJEP_06495	30.1	685	394	18	4	634	52	705	5.15e-70	240
HFBJIN_20590	ELHJGG_08225	37.9	256	148	7	1	253	1	248	5.49e-45	150
HFBJIN_20605	MHMMDG_07390	50.0	270	134	1	2	271	28	296	1.80e-90	268
HFBJIN_20635	DEAMOH_13710	49.2	433	214	4	5	436	1	428	2.76e-131	382
HFBJIN_20655	NLCFLM_09960	44.4	180	100	0	6	185	6	185	6.91e-52	168
HFBJIN_20675	CNNHAB_12390	42.1	437	243	2	17	444	1	436	7.33e-109	325
HFBJIN_20680	MJFKLL_00790	88.1	118	14	0	134	251	1	118	3.68e-72	213
HFBJIN_20700	OEDLLD_10335	32.7	312	198	3	1	308	1	304	5.86e-62	196
HFBJIN_20715	IHGOGA_02000	43.6	305	169	2	1	304	1	303	3.30e-83	249
HFBJIN_20745	EFDFGM_03780	52.6	468	221	1	1	468	36	502	7.92e-183	517
HFBJIN_20750	EMGIMK_04390	56.0	375	146	7	82	447	299	663	2.38e-128	387
HFBJIN_20755	EMGIMK_04390	50.7	337	165	1	1	336	1	337	1.51e-124	370
HFBJIN_20810	GIBOLB_11285	51.9	566	253	4	5	570	3	549	1.77e-207	585
HFBJIN_20810	LJGBCE_12900	41.2	566	292	11	16	571	48	582	1.59e-121	367
HFBJIN_20850	GEHMID_04080	40.3	226	126	4	4	223	3	225	1.79e-49	158
HFBJIN_20855	FAIDMJ_00835	42.8	264	148	3	201	463	56	317	6.68e-72	226
HFBJIN_20865	FAIDMJ_00835	51.6	244	116	2	219	461	74	316	1.81e-81	251
HFBJIN_20880	AHNHLJ_13685	59.3	560	223	4	1	559	1	556	2.64e-249	692
HFBJIN_20880	JHFIBJ_16095	42.0	578	314	8	5	562	4	580	1.14e-155	468
HFBJIN_20885	NEEMKD_07245	54.6	606	255	5	6	602	11	605	2.43e-236	664
HFBJIN_20890	KEIMNK_08395	63.1	157	58	0	1	157	34	190	1.12e-67	200
HFBJIN_20910	NEHECH_06835	47.6	370	191	3	8	375	3	371	1.82e-115	337
HFBJIN_20945	KHCMCM_03020	52.1	455	207	5	6	451	23	475	2.97e-147	425
HFBJIN_20945	FIGKOO_11715	33.0	440	274	5	31	451	156	593	5.83e-66	218
HFBJIN_20950	LCBAOM_08305	44.8	194	106	1	1	193	1	194	3.75e-55	171
HFBJIN_20955	ACDGMF_10700	45.7	387	205	2	10	391	8	394	3.13e-115	338
HFBJIN_20985	EGMGCA_09000	32.6	387	236	4	4	365	10	396	1.97e-68	218
HFBJIN_20995	NDJCGB_22180	44.9	412	199	5	4	391	61	468	1.03e-114	339
HFBJIN_21000	KDFDAI_07250	57.7	556	235	0	16	571	152	707	1.53e-244	686
HFBJIN_21010	NJJKOA_12030	41.7	623	324	18	11	625	22	613	8.06e-153	452
HFBJIN_21010	KNCOJD_04640	27.1	480	258	16	135	567	214	648	3.20e-43	162
HFBJIN_21045	KIBBKD_06890	47.0	232	123	0	4	235	48	279	1.70e-63	196
HFBJIN_21050	APHOBL_08810	56.7	210	89	2	4	212	13	221	6.89e-71	212
HFBJIN_21055	HONECH_05975	43.4	302	149	5	15	294	15	316	7.53e-70	215
HFBJIN_21060	ANAEHF_03930	34.7	377	217	8	1	373	1	352	1.84e-49	168
HFBJIN_21065	CCDOAK_00015	53.6	509	233	3	4	510	25	532	1.91e-178	509
HFBJIN_21075	OGOOED_16440	31.4	338	222	6	5	338	3	334	1.76e-53	175
HFBJIN_21080	NKLDCP_09645	51.2	383	184	2	7	387	6	387	6.69e-140	400
HFBJIN_21080	MNPOJG_01295	39.8	367	206	7	31	385	54	417	3.63e-85	261
HFBJIN_21095	BDLLLF_08695	36.7	738	383	7	76	747	216	935	4.15e-153	467
HFBJIN_21105	MKABCP_07780	29.2	463	302	11	4	452	10	460	9.60e-58	194
HFBJIN_21105	NIIHOH_23285	27.0	562	272	14	5	454	4	539	3.78e-49	173
HFBJIN_21110	PJGAFD_04830	50.1	337	165	2	1	335	1	336	5.69e-114	330
HFBJIN_21115	PHEGCG_16300	31.1	408	269	5	6	411	41	438	1.20e-58	194
HFBJIN_21120	PDFOOG_10895	45.1	452	240	5	4	452	3	449	8.90e-148	425
HFBJIN_21150	PPPHGA_13235	46.6	742	279	11	1	638	1	729	1.80e-210	603
HFBJIN_21150	ENNKMM_10645	26.9	543	353	13	11	532	62	581	3.31e-60	209
HFBJIN_21160	IBGCAC_19095	61.7	253	97	0	1	253	10	262	8.89e-110	313
HFBJIN_21165	CEPJKO_06065	55.9	179	79	0	43	221	2	180	3.06e-67	201
HFBJIN_21175	CEPJKO_06065	48.7	156	80	0	293	448	23	178	7.49e-46	154
HFBJIN_21190	LKLDMN_19325	42.7	218	121	2	5	222	4	217	1.03e-52	167
HFBJIN_21195	GOMFON_01025	36.0	203	125	2	122	324	116	313	8.83e-45	152
HFBJIN_21200	PHBJAG_07175	49.8	225	110	1	36	257	1	225	3.87e-77	230
HFBJIN_21220	EDPPFC_05720	51.9	237	114	0	1	237	6	242	3.50e-79	234
HFBJIN_21255	FKJBDL_15490	31.4	389	225	7	7	354	5	392	7.94e-54	178
HFBJIN_21270	EDPPFC_12330	35.7	728	400	13	6	693	2	701	6.71e-137	416
HFBJIN_21270	PPECAL_01620	34.3	391	242	7	317	697	337	722	6.65e-69	236
HFBJIN_21310	EDPPFC_05720	36.0	239	148	3	3	237	7	244	1.33e-48	160
HFBJIN_21310	OIJDCC_03805	35.7	280	153	6	7	266	62	334	7.52e-45	155
HFBJIN_21345	MPNMPI_08435	53.6	727	315	10	1	711	1	721	1.39e-265	746
HFBJIN_21345	ENNDNJ_02705	26.3	716	460	18	7	667	95	797	2.45e-65	228
HFBJIN_21360	CAEOFN_12655	43.9	399	224	0	1	399	1	399	3.23e-123	359
HFBJIN_21380	PPECAL_07255	51.4	537	208	3	1	488	1	533	5.08e-186	527
HFBJIN_21385	EDPPFC_06940	45.7	1501	765	18	15	1503	4	1466	0.0	1262
HFBJIN_21400	BEIPKJ_08610	55.4	439	193	1	1	436	1	439	1.62e-169	479
HFBJIN_21480	PGEJHJ_01480	50.4	367	169	3	187	553	73	426	6.39e-112	337
HFBJIN_21485	JKBIAL_02150	44.4	248	135	2	5	249	4	251	2.02e-72	218
HFBJIN_21715	MKBKLI_02280	54.3	245	108	3	1	241	1	245	4.15e-87	255
HFBJIN_21725	FGMGBK_12975	40.6	453	259	7	17	464	19	466	5.12e-105	318
HFBJIN_21740	CGDHDB_07975	48.3	615	284	8	2	593	3	606	5.65e-173	501
HFBJIN_21765	BIJIBE_02780	40.8	689	371	12	51	728	33	695	1.04e-154	467
HFBJIN_21765	CNNHAB_05870	35.4	780	389	17	39	727	35	790	9.37e-112	359
HFBJIN_21785	HPIFBD_09180	48.9	223	112	2	3	224	4	225	7.57e-74	221
HFBJIN_21835	KOGAEP_18980	43.9	906	432	14	9	845	25	923	4.16e-205	604
HFBJIN_21835	IFHDGK_16005	26.6	743	485	16	6	741	53	742	3.88e-59	213
HFBJIN_21840	CGDHDB_11180	49.5	547	270	4	1	545	1	543	2.57e-189	538
HFBJIN_21840	HDKNDC_07670	39.4	535	322	2	5	538	50	583	9.88e-148	434
HFBJIN_21880	NMPEPJ_07300	55.1	294	125	2	160	448	10	301	1.22e-102	304
HFBJIN_21885	PPECAL_01430	41.5	718	375	6	10	688	5	716	2.75e-159	473
HFBJIN_21890	ENGICC_20285	44.5	613	335	2	1	613	25	632	7.51e-176	509
HFBJIN_21900	MPNMPI_05755	48.7	261	129	3	2	258	4	263	1.42e-80	239
HFBJIN_21920	CFMCFG_03760	47.4	403	163	10	1	363	1	394	2.74e-94	283
HFBJIN_21945	CMLBML_04400	57.2	421	178	2	6	425	2	421	5.99e-160	455
HFBJIN_21955	NDDJEC_06240	76.8	142	32	1	1	142	1	141	6.40e-72	216
HFBJIN_22020	FOLEJH_15465	36.3	842	335	6	134	776	7	846	6.30e-179	531
HFBJIN_22030	CGDHDB_08820	42.3	570	153	11	1	570	1	394	2.37e-90	280
HFBJIN_22050	EOCOAH_08725	61.3	124	47	1	1	123	5	128	5.95e-52	157
HFBJIN_22110	PNIHGE_02065	64.0	456	108	6	1	403	1	453	1.11e-173	489
HFBJIN_22125	NBBJMH_14115	88.2	119	14	0	1	119	7	125	2.93e-72	207
HFBJIN_22140	EDPPFC_12330	39.2	709	409	8	1	690	1	706	7.05e-149	446
HFBJIN_22140	PPECAL_01620	27.0	729	465	18	10	689	12	722	1.35e-55	198
HFBJIN_22150	NDCBAB_13250	35.4	373	198	8	1	362	1	341	1.71e-62	200
HFBJIN_22150	FKJBDL_15490	29.6	392	243	6	3	363	2	391	8.62e-53	176
HFBJIN_22180	MNPOJG_01295	57.9	394	166	0	1	394	24	417	3.85e-166	468
HFBJIN_22180	NKLDCP_09645	40.7	369	201	8	33	396	32	387	3.00e-80	248
HFBJIN_22190	GHIDNG_08685	59.4	1170	457	8	2	1160	3	1165	0.0	1377
HFBJIN_22200	KCPKPB_06465	53.5	353	164	0	5	357	26	378	3.28e-140	399
HFBJIN_22200	KNCJAM_10130	33.3	354	224	6	5	347	2	354	3.26e-55	182
HFBJIN_22205	HKDGPL_08525	42.4	587	312	7	4	588	5	567	4.31e-160	466
HFBJIN_22215	GJDIKO_00030	44.2	659	351	8	12	664	5	652	4.74e-174	523
HFBJIN_22215	CIIHGC_05655	40.9	674	360	13	15	666	5	662	8.03e-148	457
HFBJIN_22215	EHJFJN_05890	32.1	663	407	22	19	672	4	632	2.76e-84	283
HFBJIN_22220	IDJOEI_11860	40.5	746	320	9	9	649	15	741	2.19e-177	519
HFBJIN_22220	NLLOJM_03475	31.4	657	422	9	9	647	7	652	9.70e-97	307
HFBJIN_22235	EBLBNC_05865	52.1	236	113	0	355	590	2	237	3.06e-77	241
HFBJIN_22265	PBNOEJ_04290	28.8	500	314	12	25	498	28	511	5.07e-51	178
HFBJIN_22285	LPNJBB_08810	46.2	260	137	2	3	260	6	264	3.70e-66	204
HFBJIN_22320	NIJAON_03930	47.9	286	139	3	2	277	3	288	1.62e-85	254
HFBJIN_22330	APAIPM_19325	29.3	413	274	8	51	455	37	439	1.17e-46	164
HFBJIN_22345	LKAFFP_03145	31.0	426	243	11	19	436	1	383	4.53e-56	187
HFBJIN_22370	EDPPFC_05720	51.7	232	111	1	7	238	12	242	6.35e-80	236
HFBJIN_22370	LKLDMN_19325	41.1	219	120	7	3	216	5	219	9.49e-47	151
HFBJIN_22395	AFKLCO_01805	43.8	304	159	7	8	309	1	294	5.82e-69	213
HFBJIN_22415	MMNNJC_09750	30.4	474	317	8	1	468	1	467	8.13e-80	253
HFBJIN_22420	MKDNFB_06670	39.9	734	391	7	12	695	9	742	3.76e-178	526
HFBJIN_22440	OFOEJC_06820	40.0	295	172	2	18	309	2	294	5.33e-63	197
HFBJIN_22450	MKDNFB_06670	39.7	705	382	6	10	673	7	709	2.26e-170	506
HFBJIN_22485	LFIBHA_14155	40.3	471	182	5	8	379	5	475	5.03e-119	350
HFBJIN_22495	DBPIFH_03400	81.3	400	75	0	1	400	1	400	4.01e-251	689
HFBJIN_22500	GJDIKO_00970	56.6	279	118	3	4	280	3	280	1.44e-116	333
HFBJIN_22505	MKABCP_07780	49.6	482	241	1	4	483	3	484	1.82e-168	480
HFBJIN_22510	JECHMI_13235	45.8	264	138	2	4	267	1	259	6.35e-84	248
HFBJIN_22515	ABLLAG_03005	47.8	186	94	2	19	204	5	187	9.49e-57	176
HFBJIN_22545	GIAEGI_04580	56.7	157	68	0	232	388	2	158	9.85e-56	177
HFBJIN_22550	FNBBHI_10615	43.5	338	180	5	1	328	37	373	4.00e-86	260
HFBJIN_22565	FKEMDL_10030	40.1	578	189	5	1	421	7	584	1.98e-131	389
HFBJIN_22580	AAIDMG_03830	56.8	310	133	1	37	346	41	349	1.03e-123	356
HFBJIN_22585	AAIDMG_03830	59.0	310	126	1	40	349	41	349	2.39e-131	375
HFBJIN_22590	AAIDMG_03830	33.1	354	217	11	2	342	3	349	1.21e-49	166
HFBJIN_22600	OEKCMO_04465	51.4	589	284	2	2	590	1	587	6.88e-215	607
HFBJIN_22610	HDOOEE_06365	62.0	429	141	5	1	408	1	428	2.19e-165	467
HFBJIN_22615	CCDOAK_00015	37.2	487	297	4	3	481	27	512	2.73e-99	305
HFBJIN_22615	IOBNAI_13140	49.2	199	101	0	284	482	1	199	1.24e-58	189
HFBJIN_22615	MIKFNA_15845	43.1	216	117	2	280	492	21	233	6.18e-46	157
HFBJIN_22620	AAIDMG_03830	35.1	296	186	5	44	334	42	336	1.01e-53	177
HFBJIN_22630	EOGDPL_27240	36.7	425	261	3	54	478	389	805	8.42e-91	290
HFBJIN_22630	NPLHCN_14260	29.9	421	270	6	55	466	136	540	3.57e-57	201
HFBJIN_22645	OACJHM_06000	47.9	461	231	3	12	472	22	473	1.96e-143	416
HFBJIN_22665	AEPIDE_09480	34.0	285	177	4	1	275	1	284	2.29e-50	164
HFBJIN_22670	NMNMDH_20545	51.1	395	183	3	9	397	21	411	9.30e-118	345
HFBJIN_22675	CCDOAK_00015	36.1	507	303	7	4	501	25	519	5.29e-92	287
HFBJIN_22675	IOBNAI_13140	49.5	212	103	2	295	504	1	210	7.64e-60	193
HFBJIN_22680	NPCMJE_14900	43.4	325	178	3	51	374	33	352	2.00e-83	254
HFBJIN_22690	DDOCLK_06550	70.9	525	151	1	12	534	26	550	5.34e-283	776
HFBJIN_22695	AEGBGH_00595	57.2	656	268	7	6	657	4	650	1.47e-255	716
HFBJIN_22705	IMMPMF_02225	55.9	229	97	3	1	228	1	226	3.10e-88	256
HFBJIN_22715	ADOCAH_00385	53.9	495	218	3	5	489	6	500	1.69e-191	540
HFBJIN_22720	OEKCMO_04465	28.8	553	356	14	50	586	57	587	3.11e-64	218
HFBJIN_22725	KAGJDG_11430	39.9	321	178	4	23	329	28	347	2.92e-69	217
HFBJIN_22730	ABEMBM_08395	52.0	331	145	3	13	329	7	337	1.51e-105	310
HFBJIN_22735	CCDOAK_00015	33.6	512	325	6	3	505	25	530	5.19e-86	271
HFBJIN_22735	MIKFNA_15845	51.8	228	110	0	276	503	11	238	8.43e-77	238
HFBJIN_22735	IOBNAI_13140	43.1	216	121	1	290	503	1	216	1.15e-50	169
HFBJIN_22740	KGACJP_17535	50.2	271	127	5	47	312	78	345	5.42e-81	248
HFBJIN_22755	MJLBJD_19950	56.4	351	147	4	1	350	1	346	7.16e-137	389
HFBJIN_22790	CEPJKO_06065	45.6	171	93	0	12	182	4	174	1.32e-51	160
HFBJIN_22795	CEPJKO_06065	47.4	175	92	0	13	187	4	178	3.63e-51	160
HFBJIN_22800	KOGAEP_18980	32.3	961	550	19	9	908	14	934	1.03e-129	410
HFBJIN_22800	IFHDGK_16005	23.1	789	500	18	18	794	53	746	1.12e-38	151
HFBJIN_22805	HIADJD_07200	41.4	609	320	6	10	585	6	610	2.50e-154	462
HFBJIN_22815	HGOKLA_19985	41.9	425	193	5	8	379	4	427	2.22e-103	309
HFBJIN_22825	PMEPJL_13775	34.2	406	239	6	456	835	9	412	1.33e-73	243
HFBJIN_22840	ALJKBN_18190	53.3	272	121	2	296	564	331	599	5.37e-85	272
HFBJIN_22860	CFELJI_06925	35.1	271	145	4	11	260	10	270	3.35e-49	160
HFBJIN_22865	EAGKMD_10480	63.0	435	161	0	1	435	62	496	4.76e-198	554
HFBJIN_22870	HJGNEK_06795	49.0	261	130	2	1	260	1	259	2.38e-70	214
HFBJIN_22885	EKIEJL_04035	44.7	318	171	3	30	346	5	318	2.52e-95	283
HFBJIN_22885	HFMJLE_01865	35.7	300	180	2	37	324	39	337	2.93e-58	188
HFBJIN_22895	FPMAMI_13105	39.4	218	128	3	11	224	3	220	3.31e-48	154
HFBJIN_22905	PBAKMA_17510	43.6	280	156	2	9	288	9	286	1.87e-66	206
HFBJIN_22910	PPCHMH_10210	43.1	218	124	0	4	221	3	220	2.28e-58	180
HFBJIN_22920	MFPIGK_04845	52.8	326	153	1	3	328	4	328	2.08e-121	352
HFBJIN_22925	HNGOGK_09900	48.6	477	240	4	1	475	1	474	1.72e-152	439
HFBJIN_22930	CPMPBM_00160	53.3	499	228	4	1	499	1	494	3.50e-182	516
HFBJIN_22935	MLIPEK_08015	42.2	187	106	2	1	185	1	187	1.14e-47	150
HFBJIN_22940	ACCGGA_01290	51.9	231	109	2	1	230	1	230	5.04e-81	239
HFBJIN_22945	PNDHNJ_00120	42.1	515	294	2	35	546	67	580	3.97e-137	406
HFBJIN_22960	BDFMEP_06280	56.6	401	171	3	5	405	2	399	2.65e-162	458
HFBJIN_22965	KIBBKD_08070	57.1	455	195	0	2	456	3	457	1.17e-189	533
HFBJIN_22970	PIJCBA_10525	43.1	346	194	2	1	344	73	417	8.15e-97	290
HFBJIN_22975	CPCJJL_13635	45.9	401	214	2	15	414	9	407	4.18e-116	341
HFBJIN_22980	GKLKJE_06895	55.8	283	122	2	1	283	5	284	3.75e-110	317
HFBJIN_22985	LKAFFP_03145	46.3	391	203	5	5	391	4	391	1.62e-119	348
HFBJIN_22985	KKMOGI_03320	38.9	396	234	3	1	392	21	412	5.59e-93	281
HFBJIN_22995	PKLMMB_01070	39.7	348	190	8	4	339	3	342	4.45e-71	229
HFBJIN_22995	MHMDOE_03535	32.6	285	182	5	4	281	10	291	3.89e-44	157
HFBJIN_23000	MFGBFB_07135	63.5	208	72	3	1	208	1	204	3.31e-98	280
HFBJIN_23005	IDAAGF_01625	44.9	474	240	10	2	456	270	741	1.68e-137	409
HFBJIN_23040	BBKFDB_00315	55.4	487	205	3	1	476	1	486	4.26e-191	538
HFBJIN_23040	AKJKEO_08215	36.2	516	274	12	5	469	66	577	1.76e-90	288
HFBJIN_23085	PDFOOG_00510	47.7	652	329	5	2	649	8	651	2.27e-209	597
HFBJIN_23090	AHFGAK_10390	43.5	379	204	3	1	374	1	374	5.13e-98	293
HFBJIN_23095	BGHMFE_11105	46.3	523	271	6	5	517	3	525	1.54e-149	435
HFBJIN_23140	LEJEEC_08915	34.4	384	223	8	3	373	2	369	5.36e-57	187
HFBJIN_23140	HAFNKM_08490	34.8	310	197	4	30	335	31	339	2.74e-52	175
HFBJIN_23140	MAHJHN_05475	32.9	359	210	6	30	359	481	837	2.72e-47	168
HFBJIN_23140	OLKGPM_09705	32.4	336	220	3	30	363	47	377	3.68e-43	156
HFBJIN_23190	ELHJGG_11730	53.7	242	110	1	1	242	1	240	1.39e-87	256
HFBJIN_23200	OBLGAK_01710	35.4	381	234	6	1	375	1	375	1.23e-70	222
HFBJIN_23220	PBMMBN_15485	39.9	268	156	4	1	267	4	267	1.03e-59	187
HFBJIN_23225	LKEOCB_02500	48.9	227	116	0	97	323	29	255	1.09e-70	218
HFBJIN_23240	IBDNDD_06235	41.0	261	151	3	4	263	3	261	1.85e-63	196
HFBJIN_23250	MPNMPI_02470	48.5	357	182	1	1	357	1	355	1.57e-110	323
HFBJIN_23250	NMDBHH_02165	35.1	413	200	4	5	357	6	410	3.83e-76	237
HFBJIN_23255	KNMGON_10840	39.2	451	232	7	3	426	2	437	1.93e-94	288
HFBJIN_23260	GAOLHI_01445	52.2	347	166	0	1	347	42	388	5.19e-133	381
HFBJIN_23260	NIINMJ_19970	39.1	340	200	3	9	344	43	379	2.96e-72	226
HFBJIN_23265	LKEOCB_02500	46.5	230	123	0	97	326	29	258	2.44e-69	214
HFBJIN_23275	PHMEJC_20060	45.1	470	253	3	13	477	67	536	1.57e-143	418
HFBJIN_23275	KHMKPO_15140	34.6	355	228	3	126	477	168	521	1.51e-57	195
HFBJIN_23280	OJBOFE_06605	79.7	816	166	0	1	816	74	889	0.0	1355
HFBJIN_23280	JAPGFK_07470	23.8	669	364	20	16	603	33	636	5.24e-39	152
HFBJIN_23340	FDDOCG_07575	48.7	312	156	2	1	309	1	311	1.34e-97	287
HFBJIN_23340	HPIFBD_01690	36.0	333	179	6	1	313	1	319	5.68e-58	186
HFBJIN_23380	FLKHEJ_00260	47.7	243	127	0	17	259	7	249	1.55e-67	207
HFBJIN_23400	AGOHIM_03540	63.8	229	82	1	1	229	9	236	5.29e-117	330
HFBJIN_23415	JLFFKH_10735	47.3	353	185	1	2	354	3	354	2.10e-112	328
HFBJIN_23425	PHMEJC_03885	60.1	406	158	2	4	406	67	471	2.59e-181	509
HFBJIN_23445	PNJNHA_05030	47.1	280	148	0	3	282	4	283	8.33e-89	263
HFBJIN_23450	DCEHBH_13500	72.9	362	94	3	1	359	29	389	1.29e-188	523
HFBJIN_23490	CACJBM_15755	36.6	331	199	7	1	324	2	328	1.72e-65	209
HFBJIN_23500	FKNOEG_01930	46.1	653	299	6	1	604	95	743	5.43e-187	543
HFBJIN_23500	GOBLEJ_02435	36.7	294	168	8	280	568	32	312	3.99e-46	163
HFBJIN_23515	PBNOEJ_07315	41.4	210	119	2	5	210	2	211	1.36e-48	162
HFBJIN_23570	IDAAGF_01625	40.3	484	254	12	6	470	274	741	3.66e-113	347
HFBJIN_23575	AEGBGH_00595	57.2	656	268	7	6	657	4	650	4.80e-254	712
HFBJIN_23640	EFDFGM_03780	50.8	465	228	1	1	465	36	499	3.79e-175	497
HFBJIN_23645	EMGIMK_04390	56.1	374	147	6	82	447	299	663	1.01e-133	401
HFBJIN_23650	EMGIMK_04390	50.4	337	166	1	1	336	1	337	6.00e-124	369
HFBJIN_23695	IDAAGF_01625	55.2	484	192	9	9	486	277	741	2.64e-183	528
HFBJIN_23710	DEAMOH_13710	47.2	439	219	6	6	442	1	428	3.17e-118	349
HFBJIN_23715	LMAAGL_07260	53.9	206	94	1	5	210	3	207	2.42e-71	217
HFBJIN_23730	JCFJEP_06495	59.9	703	275	4	12	708	47	748	3.81e-309	857
HFBJIN_23745	OEKCMO_04465	30.9	398	255	8	199	584	196	585	6.07e-46	167
HFBJIN_23765	CKMOEO_08105	45.9	499	255	9	1	489	1	494	2.98e-162	465
HFBJIN_23800	IJGGGM_11235	37.8	426	262	3	373	798	515	937	1.01e-92	313
HFBJIN_23830	JLCMGD_15675	61.1	442	170	1	1	440	30	471	2.73e-192	538
HFBJIN_23885	DEAMOH_13710	28.8	448	281	12	8	441	3	426	3.61e-46	161
HFBJIN_23890	AKJKEO_08215	34.0	535	319	14	5	520	66	585	5.74e-82	267
HFBJIN_23890	BBKFDB_00315	30.8	533	308	15	1	519	1	486	5.72e-55	188
HFBJIN_23920	PEEOIC_08100	33.4	326	201	4	2	314	33	355	2.09e-45	157
HFBJIN_23920	ALJLGD_16575	34.4	317	173	5	25	306	62	378	1.60e-44	155
HFBJIN_23930	FOLEJH_15465	66.9	302	100	0	31	332	5	306	5.21e-141	434
HFBJIN_23945	HFPDKM_12815	77.0	531	122	0	1	531	34	564	4.61e-306	834
HFBJIN_23945	JIBNCO_01295	28.2	510	321	11	8	484	39	536	2.94e-47	171
HFBJIN_24005	LKLDMN_19325	42.5	221	123	2	1	221	1	217	3.07e-51	173
HFBJIN_24055	CGHKFF_00600	31.6	383	227	14	1	364	1	367	1.30e-46	162
HFBJIN_24080	PIHIOG_12120	49.5	311	156	1	1	310	1	311	2.85e-108	314
HFBJIN_24085	DPDMEB_15410	50.6	541	238	9	21	543	2	531	1.33e-188	536
HFBJIN_24100	HJGNEK_01760	32.4	299	189	5	2	292	1	294	3.18e-50	164
HFBJIN_24100	HMNLEO_04995	30.9	285	190	5	13	292	9	291	9.86e-48	157
HFBJIN_24105	DIIMPP_04560	38.6	285	170	2	11	292	21	303	6.24e-64	200
HFBJIN_24115	OEKCMO_04465	33.8	234	148	2	339	566	353	585	2.68e-41	154
HFBJIN_24130	PHEGCG_16825	46.3	227	119	2	37	262	219	443	1.73e-64	205
HFBJIN_24175	NEALDO_03765	45.0	307	164	4	3	306	2	306	9.72e-92	272
HFBJIN_24205	PPPHGA_03180	42.9	233	131	1	6	238	2	232	1.09e-58	188
HFBJIN_24205	IFHDGK_04315	41.3	240	139	2	1	238	1	240	3.66e-57	194
HFBJIN_24210	OJOMAB_09255	46.9	245	128	2	215	458	16	259	7.23e-78	239
HFBJIN_24215	OKHOCL_06130	54.6	280	120	2	2	278	3	278	8.63e-106	305
HFBJIN_24215	NMNMDH_14380	41.5	287	154	4	2	278	3	285	1.57e-66	205
HFBJIN_24225	NIMMDJ_02025	57.0	363	120	7	4	336	5	361	3.00e-143	406
HFBJIN_24240	AEHBLL_10425	48.0	487	220	4	1	454	1	487	9.83e-141	409
HFBJIN_24245	CFMBFO_11210	31.0	381	238	10	1	369	1	368	8.42e-49	165
HFBJIN_24325	FGOPKK_02625	45.4	3058	1396	36	10	3013	64	2902	0.0	2516
HFBJIN_24335	PKNFGM_01310	40.0	463	237	4	16	443	7	463	3.47e-116	345
HFBJIN_24345	PAHPGF_09515	47.9	282	147	0	5	286	3	284	1.85e-89	265
HFBJIN_24350	IFIEJI_09795	43.0	172	98	0	4	175	3	174	2.94e-45	150
HFBJIN_24360	EDPPFC_05720	54.4	239	106	2	1	238	6	242	4.57e-87	254
HFBJIN_24365	GAOLHI_08600	54.2	212	97	0	6	217	5	216	2.84e-76	225
HFBJIN_24380	ACCPON_01955	64.6	596	204	4	18	607	7	601	5.25e-260	728
HFBJIN_24400	CAGOKC_05665	47.3	427	216	3	7	429	1	422	7.21e-143	411
HFBJIN_24405	GFMNBM_18445	51.8	218	104	1	7	223	4	221	1.95e-78	231
HFBJIN_24425	HDKNDC_03395	46.8	393	208	1	1	393	1	392	3.44e-139	399
HFBJIN_24425	MNPOJG_01295	30.2	378	224	10	34	388	54	414	1.44e-44	155
HFBJIN_24465	OOMOLM_10315	62.8	820	287	6	4	806	8	826	0.0	941
HFBJIN_24465	PJGAFD_00175	36.9	596	334	11	217	808	60	617	1.47e-110	347
HFBJIN_24465	INHOHM_11200	31.8	762	439	21	71	808	1	705	1.16e-85	283
HFBJIN_24465	ALODHP_02915	31.7	504	332	6	263	762	155	650	3.46e-70	241
HFBJIN_24465	DIIMPP_11540	30.5	538	340	8	234	745	53	582	2.95e-53	193
HFBJIN_24480	DEAMOH_13710	30.8	445	278	10	5	439	2	426	4.56e-59	196
HFBJIN_24485	AKJKEO_08215	34.3	540	330	8	1	527	58	585	2.83e-92	295
HFBJIN_24485	BBKFDB_00315	27.6	536	319	14	5	525	1	482	2.68e-55	189
HFBJIN_24495	CEPJKO_06065	47.3	167	88	0	414	580	12	178	8.21e-44	150
HFBJIN_24500	OMINCF_00680	37.2	374	220	5	15	378	13	381	4.41e-76	237
HFBJIN_24500	CAHMAH_08565	38.3	339	202	3	16	348	14	351	7.52e-72	226
HFBJIN_24500	AOOCMJ_07215	33.4	383	237	6	13	382	10	387	6.29e-61	198
HFBJIN_24525	NPLHCN_14260	27.8	569	341	18	453	967	1308	1860	4.29e-46	176
HFBJIN_24525	JHIMFH_08715	30.6	372	240	9	598	958	31	395	2.53e-44	162
HFBJIN_24585	NDCBAB_13250	46.2	338	174	4	1	332	1	336	1.56e-89	268
HFBJIN_24590	BDJIAA_08435	50.7	268	128	4	4	270	1	265	6.05e-86	254
HFBJIN_24600	PPECAL_01620	39.7	726	385	15	6	685	4	722	7.94e-151	451
HFBJIN_24600	EDPPFC_12330	31.0	726	425	18	11	686	7	706	4.34e-101	321
HFBJIN_24620	IDAAGF_01625	42.1	484	249	9	9	480	277	741	1.76e-121	369
HFBJIN_24630	OMDIBH_06250	57.6	368	151	1	4	366	29	396	1.04e-138	397
HFBJIN_24665	CPJNAH_07045	35.5	530	257	8	3	451	4	529	2.84e-112	340
HFBJIN_24670	NIHDHO_06285	48.8	477	234	4	1	472	1	472	8.16e-148	427
HFBJIN_24675	LKEOCB_03390	36.4	319	181	2	2	298	7	325	1.46e-67	211
HFBJIN_24680	JCMKKN_05780	47.3	1197	563	14	4	1189	2	1141	0.0	1042
HFBJIN_24690	PIHIOG_02935	47.9	313	160	2	1	312	1	311	2.38e-92	273
HFBJIN_24695	MPNMPI_07760	50.2	311	152	1	104	411	7	317	5.96e-101	301
HFBJIN_24700	KDNFKF_00210	46.0	285	149	2	1	283	1	282	9.32e-88	260
HFBJIN_24705	CFMBFO_15145	44.4	313	144	3	20	302	17	329	2.02e-81	246
HFBJIN_24710	PKLMMB_01070	50.9	623	302	3	1	621	1	621	3.62e-220	622
HFBJIN_24710	MHMDOE_03535	41.5	609	337	7	11	617	18	609	5.98e-148	438
HFBJIN_24715	IINDLL_04140	30.7	472	298	10	15	481	23	470	4.47e-54	185
HFBJIN_24720	GLCPEN_08265	58.6	403	166	1	4	405	4	406	9.21e-164	462
HFBJIN_24730	NCLFML_05230	60.8	941	364	4	1	939	1	938	0.0	1139
HFBJIN_24735	BMCEAO_10385	68.0	651	208	0	4	654	66	716	9.85e-316	870
HFBJIN_24750	ILCLPH_22225	46.5	297	156	2	1	296	1	295	4.91e-80	241
HFBJIN_24755	BKEOOB_02685	54.8	217	98	0	2	218	4	220	1.46e-82	242
HFBJIN_24755	LKLDMN_19325	36.9	217	131	3	2	215	4	217	6.24e-47	151
HFBJIN_24765	ECMPMP_08745	42.3	298	170	2	8	304	18	314	5.60e-74	227
HFBJIN_24770	OPDKDG_08630	61.7	222	84	1	48	269	1	221	2.66e-95	276
HFBJIN_24790	MCNJPA_03870	33.0	515	316	9	1	500	1	501	4.51e-81	258
HFBJIN_24810	FIPDDK_10380	45.4	251	136	1	19	268	18	268	2.54e-66	205
HFBJIN_24830	PBNOEJ_00970	35.4	836	433	13	13	755	1	822	2.85e-155	469
HFBJIN_24845	GCBDME_20340	51.3	273	130	1	3	275	2	271	2.05e-91	268
HFBJIN_24865	GKEJOP_02715	50.0	214	106	1	1	213	1	214	1.54e-73	218
HFBJIN_24870	JIBABB_11780	45.3	245	134	0	2	246	4	248	1.29e-67	206
HFBJIN_24875	GOMFON_03155	50.5	186	91	1	38	222	36	221	1.78e-62	191
HFBJIN_24970	IBDNDD_05395	49.6	242	118	3	3	242	2	241	1.81e-78	233
HFBJIN_24980	JAEGOD_06035	45.5	402	216	3	1	401	3	402	1.67e-113	335
HFBJIN_24985	PIHIOG_12120	36.6	314	194	5	1	311	1	312	1.69e-58	187
HFBJIN_24985	DHFKBB_08410	33.2	316	204	3	3	312	2	316	1.80e-55	179
HFBJIN_24995	FKJBDL_04740	43.5	689	382	5	1	686	42	726	1.67e-203	587
HFBJIN_24995	JIBNCO_01295	38.7	690	408	5	2	677	35	723	9.60e-177	518
HFBJIN_25040	HCBGLF_13375	62.7	268	97	1	1	265	1	268	4.40e-116	330
HFBJIN_25060	OEDLLD_10335	36.2	301	188	2	1	301	8	304	5.18e-70	216
HFBJIN_25090	NEHECH_07515	57.7	357	151	0	3	359	45	401	1.13e-151	432
HFBJIN_25090	FKEMDL_01610	37.6	327	198	5	3	327	16	338	6.83e-74	231
HFBJIN_25100	DEAEDM_14640	46.4	797	414	6	15	802	19	811	6.54e-242	692
HFBJIN_25100	ELNOCH_01590	41.2	803	401	19	14	802	533	1278	7.79e-175	534
HFBJIN_25105	GNANIN_05260	49.8	480	232	5	2	477	3	477	7.38e-172	488
HFBJIN_25110	OCLNOI_00625	47.7	625	306	9	216	834	15	624	2.75e-210	607
HFBJIN_25110	ANGKFO_07170	40.0	525	292	8	220	739	140	646	6.83e-127	395
HFBJIN_25175	IPLLHO_16290	55.4	249	110	1	2	249	31	279	1.90e-92	270
HFBJIN_25180	NICIMJ_15570	43.2	222	125	1	3	223	2	223	1.82e-58	181
HFBJIN_25205	FGDENG_17745	47.0	304	161	0	1	304	1	304	3.00e-84	253
HFBJIN_25220	AIAJBN_19275	53.6	416	186	2	1	416	1	409	5.09e-160	453
HFBJIN_25225	CDILFK_05205	37.6	298	172	4	16	301	38	333	2.79e-62	202
HFBJIN_25230	AAHMDH_12575	61.5	559	204	4	1	550	1	557	5.33e-247	685
HFBJIN_25235	NEEMKD_13085	56.4	227	95	3	100	323	1	226	2.43e-90	266
HFBJIN_25240	NEEMKD_13085	41.7	228	125	6	95	317	1	225	1.70e-46	154
HFBJIN_25245	ADMHII_10200	45.9	268	120	5	69	315	194	457	1.16e-72	228
HFBJIN_25245	JIBABB_11530	38.1	291	173	1	24	314	58	341	2.17e-63	200
HFBJIN_25250	DNHLFN_07150	40.0	305	182	1	1	305	1	304	9.17e-75	228
HFBJIN_25255	PAMFFB_09560	39.2	324	196	1	1	324	1	323	9.31e-75	231
HFBJIN_25260	LKAFFP_03145	29.9	385	239	12	67	442	27	389	1.37e-42	151
HFBJIN_25285	JLBLBH_05410	31.9	310	160	5	17	283	11	312	6.97e-45	150
HFBJIN_25335	LKEOCB_18860	62.6	198	73	1	2	199	1	197	5.80e-95	271
HFBJIN_25345	MLIPEK_01420	44.0	357	198	2	3	359	2	356	2.64e-93	291
HFBJIN_25350	CHFKLB_10885	38.6	277	136	7	1	251	7	275	6.12e-56	177
HFBJIN_25360	CPJMGC_00225	54.6	229	103	1	63	291	66	293	4.67e-83	248
HFBJIN_25400	AADGFO_06055	84.8	1146	173	1	1	1146	21	1165	0.0	1935
HFBJIN_25400	IJGGGM_15885	43.1	448	237	7	5	451	2	432	9.97e-108	341
HFBJIN_25400	FLAJJJ_08755	47.0	202	99	2	531	732	11	204	1.39e-51	177
HFBJIN_25415	OEKCMO_04465	32.8	311	197	6	282	584	281	587	6.44e-47	170
HFBJIN_25440	CCDOAK_00015	35.1	502	304	6	2	487	26	521	4.10e-96	297
HFBJIN_25440	IOBNAI_13140	55.0	218	92	2	285	496	1	218	1.34e-74	231
HFBJIN_25440	MIKFNA_15845	42.2	230	129	1	271	496	11	240	7.03e-53	175
HFBJIN_25450	MCIHLG_04880	50.3	169	82	2	1	167	1	169	3.01e-56	171
HFBJIN_25465	BDIMAC_08940	42.1	311	165	8	3	308	5	305	1.10e-66	221
HFBJIN_25475	JCFJEP_06495	60.3	692	268	4	12	697	47	737	2.37e-305	847
HFBJIN_25490	AKJKEO_08215	33.3	475	284	8	57	511	126	587	1.66e-64	219
HFBJIN_25490	BBKFDB_00315	33.6	453	264	13	57	499	52	477	1.64e-61	206
HFBJIN_25520	AKJKEO_08215	42.7	531	274	8	7	515	63	585	4.08e-138	414
HFBJIN_25520	BBKFDB_00315	34.1	522	293	13	9	516	4	488	2.10e-78	250
HFBJIN_25540	ACDGMF_10700	51.8	396	183	3	3	391	1	395	4.22e-143	409
HFBJIN_25575	KCDKMK_07335	37.3	327	192	6	26	343	25	347	6.40e-73	233
HFBJIN_25585	MMNNJC_09750	36.7	466	265	11	7	448	8	467	9.79e-81	254
HFBJIN_25620	DEAMOH_13710	30.6	448	272	13	6	438	3	426	3.28e-49	169
HFBJIN_25625	AKJKEO_08215	39.0	534	312	6	1	526	58	585	1.73e-123	376
HFBJIN_25625	BBKFDB_00315	33.1	534	303	14	6	531	2	489	2.44e-70	229
HFBJIN_25665	ALJLGD_02565	68.5	463	146	0	9	471	68	530	2.35e-228	634
HFBJIN_25675	NCLFML_05230	32.2	933	441	17	6	746	5	937	5.30e-141	434
HFBJIN_25770	JLCMGD_15675	61.1	442	170	1	1	440	30	471	2.73e-192	538
HFBJIN_25950	IFHDGK_16005	36.9	807	472	11	20	796	57	856	9.96e-152	461
HFBJIN_25955	PGIDOF_19085	36.4	214	120	2	36	233	22	235	1.28e-46	151
HFBJIN_25960	NNLPHK_08690	41.9	358	203	4	6	361	3	357	1.01e-89	278
HFBJIN_25960	LKAFFP_06110	39.4	360	213	5	11	367	8	365	3.55e-74	236
HFBJIN_25960	FLJHGF_06385	32.3	350	231	5	9	355	4	350	1.19e-55	187
HFBJIN_25975	BAAIKL_11970	51.4	177	85	1	9	184	8	184	8.89e-60	183
HFBJIN_25985	FFLKCG_02860	58.4	413	167	4	6	414	4	415	1.04e-164	465
HFBJIN_25995	MIMPCD_10300	42.4	517	291	2	3	518	4	514	5.62e-134	397
HFBJIN_26000	PAHPGF_09515	33.1	287	191	1	1	287	1	286	6.78e-51	166
HFBJIN_26005	HEEEIG_02325	44.1	245	136	1	6	250	6	249	8.52e-74	222
HFBJIN_26040	NPBNMM_02560	55.2	183	82	0	3	185	34	216	3.96e-71	211
HFBJIN_26045	FNBLEF_15250	69.3	287	88	0	2	288	87	373	1.62e-135	384
HFBJIN_26055	GBCGGE_04600	36.7	381	225	9	10	378	69	445	6.43e-58	191
HFBJIN_26060	NGIGMC_11335	48.8	301	139	5	4	291	5	303	4.41e-76	231
HFBJIN_26065	BNHFML_03630	44.2	317	163	4	1	303	1	317	1.07e-71	222
HFBJIN_26070	OIDBIB_07015	53.8	249	113	2	1	249	4	250	8.34e-83	244
HFBJIN_26075	NBGKDJ_08915	58.1	234	97	1	1	233	5	238	2.26e-87	255
HFBJIN_26090	CHFKLB_14210	39.8	726	355	14	31	710	28	717	1.01e-147	444
HFBJIN_26125	FHGONL_08930	59.9	399	159	1	1	398	1	399	9.39e-177	497
HFBJIN_26130	AHFGAK_10390	48.5	379	193	2	1	378	1	378	1.50e-111	336
HFBJIN_26165	AOOCMJ_18300	37.4	254	152	3	4	256	5	252	2.20e-55	175
HFBJIN_26170	MDIEPL_01320	44.0	418	228	5	1	416	1	414	8.31e-112	331
HFBJIN_26195	EEGFHJ_17085	49.9	399	195	4	1	398	1	395	4.41e-138	396
HFBJIN_26200	NIFNPL_02540	42.9	315	155	8	9	323	13	302	9.92e-81	244
HFBJIN_26270	AIGKOF_07555	38.5	403	239	6	7	407	11	406	2.36e-82	257
HFBJIN_26270	PEAHOH_01300	28.7	407	281	4	4	407	3	403	1.53e-49	169
HFBJIN_26285	OKNPEK_06340	60.5	428	166	2	1	428	1	425	1.24e-193	540
HFBJIN_26285	LAMMKD_09880	41.9	420	243	1	1	420	56	474	4.03e-116	344
HFBJIN_26290	OGFFFB_05795	57.0	391	167	1	1	391	36	425	6.16e-155	440
HFBJIN_26300	JCMKKN_07165	47.3	264	128	4	4	264	2	257	1.36e-73	222
HFBJIN_26310	BGMBNC_07920	47.0	436	227	2	9	443	12	444	1.40e-130	381
HFBJIN_26315	NGBLNP_01320	48.0	562	281	6	68	627	48	600	5.05e-179	517
HFBJIN_26315	NEHECH_06135	44.8	480	239	8	139	603	38	506	2.80e-125	378
HFBJIN_26325	KAIHOP_08130	35.1	592	361	9	78	646	91	682	4.94e-114	353
HFBJIN_26370	BOLFNP_06995	43.5	382	212	3	3	383	37	415	2.91e-107	318
HFBJIN_26385	OMLJMP_19125	51.5	165	80	0	1	165	1	165	4.12e-54	166
HFBJIN_26395	MEIOOM_03965	52.6	249	117	1	2	250	97	344	3.65e-94	277
HFBJIN_26400	PPLGEL_11885	67.0	112	37	0	1	112	1	112	8.16e-50	156
HFBJIN_26405	LKEOCB_18790	44.2	226	124	2	14	239	12	235	9.74e-64	195
HFBJIN_26410	PNJNHA_07840	50.7	613	275	6	11	622	15	601	4.57e-186	535
HFBJIN_26415	ODHFDB_12125	41.0	490	250	12	5	462	11	493	3.41e-104	315
HFBJIN_26415	EKDKGG_09510	37.1	342	209	3	5	345	2	338	1.03e-71	231
HFBJIN_26420	CAHMAH_16055	47.9	211	106	3	1	208	1	210	2.21e-57	177
HFBJIN_26425	CEMNBA_00560	54.0	252	111	2	1	249	4	253	1.04e-88	260
HFBJIN_26510	ICHLBC_08475	42.3	414	229	7	619	1027	4	412	1.52e-86	293
HFBJIN_26510	NIIHOH_00330	30.3	680	336	14	9	562	3	670	5.32e-85	285
HFBJIN_26540	MEIOOM_03965	36.3	256	157	4	24	275	91	344	1.06e-45	153
HFBJIN_26570	JLCMGD_15675	61.1	442	170	1	1	440	30	471	2.73e-192	538
HFBJIN_26660	LKLDMN_19325	48.3	203	101	2	25	227	19	217	3.71e-62	191
HFBJIN_26695	MMNNJC_07175	49.8	319	142	4	3	303	143	461	1.08e-95	286
