EABAIN_00005	AAKGEC_06445	99.8	455	1	0	1	455	1	455	0.0	889
EABAIN_00005	AANGNE_00005	70.8	455	129	1	1	455	1	451	2.38e-232	643
EABAIN_00005	CNLKLD_05110	59.7	461	180	2	1	455	1	461	8.51e-190	535
EABAIN_00010	AAKGEC_06440	99.7	380	1	0	1	380	1	380	6.08e-265	719
EABAIN_00010	CNLKLD_05105	71.1	380	110	0	1	380	1	380	3.56e-190	530
EABAIN_00015	AAKGEC_06435	99.5	1099	5	0	1	1099	1	1099	0.0	2098
EABAIN_00015	HNNKEJ_10460	70.7	1094	319	2	1	1094	1	1092	0.0	1534
EABAIN_00015	IAFHMK_09015	62.7	1099	403	4	1	1098	1	1093	0.0	1363
EABAIN_00015	AANGNE_00015	61.6	1103	414	7	1	1094	1	1102	0.0	1320
EABAIN_00015	OFBCLB_12165	60.3	1095	434	1	1	1095	1	1094	0.0	1291
EABAIN_00015	DNKGCI_07335	58.9	1097	445	4	1	1094	1	1094	0.0	1278
EABAIN_00015	LBKFJK_02405	58.0	1093	458	1	1	1093	1	1092	0.0	1271
EABAIN_00015	CNLKLD_05100	51.0	1099	517	8	1	1092	1	1085	0.0	1059
EABAIN_00020	AAKGEC_06430	99.3	1203	9	0	1	1203	1	1203	0.0	2281
EABAIN_00020	IAFHMK_09020	71.2	1203	344	2	1	1201	1	1202	0.0	1661
EABAIN_00020	DNKGCI_07340	67.2	1212	382	5	1	1202	1	1207	0.0	1562
EABAIN_00020	DDDLLA_05735	66.9	1207	392	7	1	1202	1	1204	0.0	1551
EABAIN_00020	LBKFJK_02400	67.2	1214	382	7	1	1202	1	1210	0.0	1551
EABAIN_00020	LEAGNF_00795	64.9	1214	389	12	1	1201	1	1190	0.0	1477
EABAIN_00020	CNLKLD_05095	58.7	1224	469	9	1	1203	1	1209	0.0	1323
EABAIN_00030	ONFANJ_08325	86.5	185	21	1	1	185	1	181	1.54e-105	300
EABAIN_00030	BGHOFK_05385	62.2	185	70	0	1	185	1	185	7.38e-77	227
EABAIN_00035	BGHOFK_05390	95.1	371	17	1	1	371	1	370	5.89e-249	678
EABAIN_00040	AAKGEC_06410	97.2	107	3	0	1	107	1	107	1.18e-68	200
EABAIN_00045	DIBOGN_09235	74.3	113	29	0	1	113	1	113	1.33e-61	183
EABAIN_00045	AJCMKJ_09415	76.8	112	26	0	1	112	1	112	2.46e-57	172
EABAIN_00045	FNBHCB_06685	75.0	108	26	1	6	112	50	157	2.16e-51	159
EABAIN_00045	BPHPFJ_00045	74.3	109	24	1	6	110	8	116	2.45e-51	157
EABAIN_00050	AIGDEK_10485	99.2	656	5	0	1	656	1	656	0.0	1190
EABAIN_00050	IAFHMK_10660	67.6	658	211	1	1	656	1	658	2.80e-291	809
EABAIN_00050	AAKGEC_06400	57.2	663	277	3	1	656	1	663	4.30e-235	666
EABAIN_00050	ABIMCM_08810	51.4	663	314	4	1	656	1	662	4.31e-209	600
EABAIN_00050	BJAFKI_00805	51.3	663	316	2	1	656	1	663	3.46e-203	585
EABAIN_00050	GNOKMM_00140	49.2	663	322	6	1	656	1	655	9.37e-196	566
EABAIN_00050	AIPJBK_05020	32.5	668	431	9	2	656	3	663	6.88e-89	290
EABAIN_00050	COBKPA_03255	31.0	678	431	12	1	656	2	664	4.95e-76	256
EABAIN_00050	ACNHAK_05535	29.3	694	447	14	1	655	1	689	2.10e-68	236
EABAIN_00050	AANGNE_08745	29.4	695	441	12	1	655	1	685	9.98e-68	234
EABAIN_00050	AAOIOD_10935	27.6	692	457	11	1	655	1	685	2.65e-67	233
EABAIN_00050	DIBOGN_09240	65.8	158	54	0	1	158	1	158	2.52e-61	201
EABAIN_00055	AAKGEC_06395	99.5	211	1	0	1	211	1	211	5.15e-145	402
EABAIN_00055	BNBIEO_06585	71.0	210	61	0	1	210	1	210	1.59e-102	294
EABAIN_00055	AIPJBK_05025	65.1	209	73	0	1	209	2	210	3.20e-95	276
EABAIN_00055	CJHCCN_01235	62.2	209	79	0	1	209	2	210	2.17e-89	261
EABAIN_00055	NIHKFI_08805	49.8	209	65	1	1	209	1	169	5.45e-58	180
EABAIN_00055	APEJKH_00395	64.9	134	47	0	76	209	1	134	2.73e-55	172
EABAIN_00055	NPEGAB_08025	45.9	209	113	0	1	209	7	215	4.83e-54	171
EABAIN_00055	BLCAGE_09240	46.9	209	111	0	1	209	167	375	8.29e-54	176
EABAIN_00055	JOJNOE_11530	43.7	197	110	1	1	196	3	199	4.01e-53	169
EABAIN_00055	DOCKDI_10880	43.4	212	115	2	1	211	1	208	1.49e-52	168
EABAIN_00055	CMJOEM_01300	43.8	210	115	2	1	209	1	208	8.87e-52	166
EABAIN_00055	IAFHMK_08740	41.7	211	120	1	1	211	1	208	1.16e-50	162
EABAIN_00055	DNKGCI_08685	42.3	201	113	1	1	201	1	198	3.64e-46	151
EABAIN_00055	HNAFAL_03450	40.5	195	113	1	1	195	1	192	5.61e-46	150
EABAIN_00060	AANGNE_00035	76.8	185	43	0	1	185	4	188	3.33e-102	291
EABAIN_00060	OAEMLE_01860	100	87	0	0	99	185	1	87	6.43e-59	178
EABAIN_00065	DNKGCI_07370	81.3	1159	217	0	1	1159	1	1159	0.0	1888
EABAIN_00065	CNLKLD_05075	74.0	1167	297	2	1	1161	1	1167	0.0	1709
EABAIN_00065	CMMBIF_01890	38.4	409	232	7	584	982	264	662	3.17e-72	254
EABAIN_00065	DCAANM_00070	100	81	0	0	1	81	1	81	1.48e-47	164
EABAIN_00065	MKICBC_11860	100	81	0	0	1	81	1	81	4.23e-47	164
EABAIN_00070	EKJHIG_00075	77.6	156	5	1	1	156	1	126	5.67e-70	206
EABAIN_00080	AAKGEC_06365	100	124	0	0	1	124	1	124	1.01e-77	224
EABAIN_00080	CDIIGJ_08470	73.9	119	31	0	1	119	1	119	2.76e-52	160
EABAIN_00085	AAKGEC_06360	99.1	107	1	0	1	107	1	107	1.22e-70	205
EABAIN_00090	FGFHJG_12135	100	448	0	0	1	448	1	448	0.0	867
EABAIN_00090	CDIIGJ_08485	70.6	442	126	1	8	449	1	438	6.84e-227	628
EABAIN_00090	HNNKEJ_10525	69.5	442	131	1	8	449	1	438	2.75e-219	609
EABAIN_00090	BGHOFK_05425	64.1	443	154	2	8	449	1	439	7.88e-205	572
EABAIN_00090	IAFHMK_09125	59.3	423	168	2	27	449	6	424	1.55e-174	495
EABAIN_00090	LBKFJK_02355	58.8	442	177	3	8	449	1	437	9.85e-174	493
EABAIN_00090	DNKGCI_07400	56.2	443	188	2	8	449	1	438	5.85e-173	491
EABAIN_00090	DDDLLA_05805	56.6	442	186	1	8	449	1	436	2.38e-169	482
EABAIN_00090	AANGNE_00065	53.2	442	198	2	8	449	1	433	8.17e-162	463
EABAIN_00090	CNLKLD_05055	53.2	442	201	1	8	449	1	436	2.97e-160	459
EABAIN_00095	ABCLFC_00075	82.0	423	75	1	1	423	1	422	6.81e-249	682
EABAIN_00095	CDIIGJ_08490	68.5	419	132	0	1	419	1	419	7.44e-208	578
EABAIN_00095	BGHOFK_05430	65.8	424	143	2	1	423	1	423	2.97e-201	561
EABAIN_00095	HNNKEJ_10530	63.5	419	149	1	1	415	1	419	1.37e-192	540
EABAIN_00095	IAFHMK_09130	60.6	419	165	0	1	419	1	419	1.55e-183	516
EABAIN_00095	DNKGCI_07405	58.4	416	169	1	4	415	6	421	2.08e-173	491
EABAIN_00095	DDDLLA_05810	59.1	421	161	4	4	415	6	424	3.79e-171	485
EABAIN_00095	LBKFJK_02350	55.8	423	179	3	1	415	1	423	8.50e-170	482
EABAIN_00095	AGDPFD_00075	53.6	414	191	1	7	419	3	416	1.66e-150	432
EABAIN_00095	CNLKLD_05050	51.0	414	197	4	4	415	3	412	7.30e-136	395
EABAIN_00100	CJHCCN_08360	78.1	178	39	0	6	183	2	179	4.40e-96	276
EABAIN_00100	DNKGCI_07020	54.5	167	75	1	10	175	8	174	2.85e-61	187
EABAIN_00105	BNPKDP_00090	97.8	695	14	1	1	694	1	695	0.0	1294
EABAIN_00150	AAOIOD_00790	77.9	611	128	2	1	607	1	608	0.0	909
EABAIN_00150	CDIIGJ_08545	68.9	640	163	4	1	607	1	637	8.97e-301	830
EABAIN_00150	HNNKEJ_10585	67.5	625	165	10	1	607	1	605	1.23e-278	773
EABAIN_00150	IAFHMK_09190	61.0	649	206	7	1	607	1	644	8.92e-257	719
EABAIN_00150	ONKCDP_03650	82.5	399	67	1	1	399	1	396	8.52e-220	636
EABAIN_00150	ABJDJH_02515	98.6	288	4	0	320	607	1	288	3.89e-190	535
EABAIN_00155	AAKGEC_06290	99.8	645	1	0	1	645	1	645	0.0	1225
EABAIN_00155	CDIIGJ_08550	66.6	649	213	2	1	645	1	649	1.26e-301	834
EABAIN_00155	BGHOFK_05490	64.2	645	230	1	1	645	1	644	4.93e-300	830
EABAIN_00155	HNNKEJ_10590	63.7	645	233	1	1	645	1	644	2.92e-294	815
EABAIN_00155	LBKFJK_02280	60.1	646	255	3	1	645	1	644	1.23e-271	758
EABAIN_00155	IAFHMK_09195	60.5	646	252	3	1	645	1	644	2.08e-270	755
EABAIN_00155	DDDLLA_05875	58.1	645	266	3	1	645	1	641	1.31e-260	730
EABAIN_00155	AANGNE_04230	50.8	646	315	3	1	645	1	644	6.71e-219	624
EABAIN_00155	CNLKLD_07360	50.9	644	308	3	1	641	1	639	3.17e-214	612
EABAIN_00155	DGJKMP_04945	69.6	450	136	1	197	645	1	450	4.82e-210	594
EABAIN_00155	ONKCDP_03650	51.2	572	277	2	74	645	399	968	2.46e-189	560
EABAIN_00160	BGHOFK_05495	79.0	143	30	0	1	143	8	150	1.14e-80	234
EABAIN_00165	ABCLFC_00145	79.7	384	78	0	1	384	1	384	6.38e-222	611
EABAIN_00165	DDDLLA_05885	69.1	385	118	1	1	385	1	384	5.25e-192	535
EABAIN_00165	EHFDLC_06800	69.2	377	114	1	1	377	1	375	3.57e-180	505
EABAIN_00165	CNLKLD_07350	66.6	383	126	1	1	383	1	381	6.76e-178	499
EABAIN_00175	AIPJBK_03060	93.9	148	9	0	1	148	1	148	1.52e-101	287
EABAIN_00175	PAGFJI_13165	67.1	146	48	0	1	146	1	146	1.66e-68	203
EABAIN_00180	AAKGEC_06265	97.5	80	2	0	1	80	1	80	1.32e-57	170
EABAIN_00185	PHBBGM_08270	98.9	540	5	1	1	540	1	539	0.0	974
EABAIN_00185	AANGNE_07235	35.8	534	328	8	11	532	13	543	8.12e-89	283
EABAIN_00190	AAKGEC_06255	99.4	173	1	0	1	173	1	173	3.51e-122	341
EABAIN_00190	HJMHNM_02535	63.4	172	63	0	1	172	1	172	7.29e-76	224
EABAIN_00190	FFEJFE_02890	57.0	172	74	0	1	172	1	172	3.59e-69	207
EABAIN_00190	AANGNE_02480	56.5	170	74	0	3	172	3	172	1.56e-63	192
EABAIN_00190	CCDPJE_08950	50.3	173	85	1	1	172	1	173	1.68e-53	167
EABAIN_00200	DDDLLA_05940	80.1	391	78	0	1	391	1	391	4.87e-224	617
EABAIN_00200	AAOIOD_01880	67.0	388	127	1	1	388	1	387	6.63e-188	525
EABAIN_00200	IAFHMK_00775	36.2	370	219	9	31	389	32	395	3.31e-69	223
EABAIN_00200	DNKGCI_05550	34.5	386	235	9	12	386	13	391	1.53e-68	221
EABAIN_00200	CNLKLD_01740	33.3	402	247	10	4	390	1	396	1.01e-67	219
EABAIN_00200	AANGNE_07435	35.2	398	239	10	1	386	1	391	1.60e-66	216
EABAIN_00200	BGHOFK_08220	35.1	367	220	10	31	386	32	391	4.90e-64	209
EABAIN_00205	LBKFJK_02205	78.3	253	53	1	1	251	1	253	2.07e-144	404
EABAIN_00205	CNLKLD_04990	71.3	251	72	0	1	251	3	253	7.83e-135	379
EABAIN_00210	ABJDJH_02575	95.2	293	14	0	1	293	1	293	6.74e-200	547
EABAIN_00210	CDIIGJ_07390	61.1	296	112	1	1	293	1	296	3.58e-126	361
EABAIN_00210	HNNKEJ_10635	55.9	288	127	0	1	288	5	292	4.47e-108	315
EABAIN_00210	DNKGCI_09450	54.2	288	124	2	1	288	1	280	5.50e-99	291
EABAIN_00210	LBKFJK_02200	50.3	288	143	0	1	288	1	288	9.70e-98	289
EABAIN_00210	IAFHMK_08840	43.7	295	160	2	1	293	1	291	3.30e-77	236
EABAIN_00215	EGHGNB_07270	97.9	425	9	0	1	425	2	426	1.20e-310	838
EABAIN_00215	AJGINB_02810	61.3	424	156	2	1	424	1	416	3.47e-194	543
EABAIN_00215	DNKGCI_09445	54.3	372	166	2	1	371	1	369	1.04e-153	439
EABAIN_00215	IAFHMK_08845	34.5	440	267	9	1	424	1	435	2.31e-87	272
EABAIN_00215	LBKFJK_02195	34.9	444	258	11	1	424	4	436	1.18e-81	257
EABAIN_00215	DDDLLA_04830	33.9	445	259	13	1	425	1	430	4.06e-74	238
EABAIN_00220	HHKMPO_00085	100	520	0	0	1	520	1	520	0.0	930
EABAIN_00220	GFNALM_06825	39.3	524	296	3	1	520	1	506	5.86e-117	354
EABAIN_00220	ABJDJH_00730	37.2	527	324	2	1	520	1	527	2.96e-102	317
EABAIN_00225	AAKGEC_06230	100	472	0	0	1	472	1	472	0.0	910
EABAIN_00230	IAFHMK_09250	75.2	549	104	10	1	532	1	534	4.39e-268	740
EABAIN_00230	DBFDDP_04740	98.0	200	4	0	1	200	1	200	2.40e-124	362
EABAIN_00235	AAKGEC_06220	100	326	0	0	1	326	1	326	1.04e-231	630
EABAIN_00240	MKICBC_12190	98.3	352	6	0	1	352	1	352	3.63e-253	689
EABAIN_00245	AAKGEC_06210	100	333	0	0	1	333	1	333	7.48e-249	674
EABAIN_00250	AAKGEC_06205	99.6	281	1	0	1	281	1	281	4.29e-206	562
EABAIN_00250	ABCLFC_00240	71.8	284	77	1	1	281	1	284	4.36e-147	413
EABAIN_00250	HNNKEJ_10675	60.6	282	104	2	3	279	4	283	1.50e-115	333
EABAIN_00250	DNKGCI_07545	58.1	279	110	2	3	276	4	280	1.54e-111	323
EABAIN_00250	CNLKLD_04985	54.3	282	122	3	3	279	4	283	2.38e-106	310
EABAIN_00250	OFBCLB_11905	60.4	245	95	1	34	278	40	282	7.58e-105	306
EABAIN_00250	IAFHMK_09270	54.7	278	119	2	1	273	1	276	3.43e-101	296
EABAIN_00250	EIKFFD_06060	52.1	257	118	2	18	274	4	255	6.54e-91	270
EABAIN_00250	AANGNE_00225	53.7	242	110	1	35	276	17	256	5.17e-89	265
EABAIN_00250	BNBIEO_06540	53.6	239	109	1	35	273	34	270	1.18e-84	254
EABAIN_00250	CDIIGJ_08605	50.9	265	106	3	33	277	2	262	3.53e-81	245
EABAIN_00250	ACIHME_11400	48.7	238	120	1	36	273	212	447	4.83e-78	243
EABAIN_00250	BGHOFK_05555	47.2	265	114	4	34	277	3	262	2.47e-73	225
EABAIN_00250	MLDONN_04255	39.2	245	145	3	30	274	1	241	9.16e-50	173
EABAIN_00255	DIBOGN_00045	79.6	216	44	0	1	216	49	264	1.52e-123	350
EABAIN_00255	CDIIGJ_08610	71.6	215	61	0	1	215	1	215	7.73e-113	321
EABAIN_00255	BGHOFK_05560	68.5	216	67	1	1	216	1	215	9.20e-103	295
EABAIN_00255	HNNKEJ_10680	67.9	215	68	1	1	215	1	214	4.47e-102	293
EABAIN_00255	DNKGCI_07550	67.6	213	68	1	1	213	6	217	6.05e-99	286
EABAIN_00255	CKLNFN_05800	63.5	211	76	1	1	211	10	219	1.87e-93	272
EABAIN_00255	IAFHMK_09275	66.2	207	69	1	4	210	4	209	1.35e-91	267
EABAIN_00255	CNLKLD_04980	61.7	214	78	2	1	214	1	210	4.59e-87	255
EABAIN_00260	BNBIEO_06530	89.1	340	37	0	1	340	1	340	3.44e-218	598
EABAIN_00265	AAKGEC_06190	99.3	145	1	0	1	145	1	145	5.07e-97	275
EABAIN_00265	BGHOFK_05575	68.3	145	45	1	1	144	1	145	1.44e-62	188
EABAIN_00265	DBFGIH_07110	63.9	144	52	0	1	144	1	144	1.90e-58	177
EABAIN_00265	HNAFAL_12330	62.3	146	53	1	1	144	1	146	5.16e-56	171
EABAIN_00270	CPLMAE_04040	98.6	440	3	1	1	437	1	440	2.38e-287	781
EABAIN_00270	AAOIOD_09020	62.7	407	148	1	1	407	1	403	3.13e-164	468
EABAIN_00275	BIHALF_08130	81.9	331	58	1	1	331	1	329	9.69e-184	509
EABAIN_00275	CNLKLD_04915	73.9	329	85	1	1	328	1	329	1.03e-163	459
EABAIN_00280	NOKDAP_05290	98.5	270	3	1	1	270	1	269	4.41e-191	523
EABAIN_00280	DNKGCI_07645	60.0	270	107	1	1	269	1	270	1.49e-113	327
EABAIN_00280	HNNKEJ_10760	60.8	268	105	0	1	268	1	268	2.89e-113	326
EABAIN_00280	DNKIME_05105	60.0	270	107	1	1	269	1	270	1.62e-111	325
EABAIN_00280	IAFHMK_09325	58.5	270	109	1	1	267	1	270	2.19e-106	309
EABAIN_00280	CNLKLD_04910	50.8	262	129	0	6	267	4	265	6.81e-87	259
EABAIN_00280	AANGNE_00255	47.6	267	140	0	1	267	1	267	2.64e-84	253
EABAIN_00280	AJKPDP_02915	34.2	263	172	1	5	267	1	262	3.38e-49	163
EABAIN_00285	AANGNE_00260	87.5	545	64	1	1	545	1	541	0.0	947
EABAIN_00285	CNLKLD_07330	33.8	551	343	10	1	542	3	540	5.45e-85	275
EABAIN_00285	DNKGCI_09945	32.3	538	343	8	5	531	7	534	2.71e-84	274
EABAIN_00285	AANGNE_04410	31.6	547	356	8	1	540	3	538	2.07e-81	266
EABAIN_00285	KCGGLB_01940	31.6	544	354	9	1	536	3	536	6.77e-79	259
EABAIN_00285	AANGNE_02030	31.4	512	336	5	1	507	3	504	9.47e-77	251
EABAIN_00285	AAKGEC_02945	31.0	523	331	9	1	511	3	507	3.65e-69	231
EABAIN_00285	ABJDJH_14520	28.6	552	365	11	8	540	9	550	4.69e-68	231
EABAIN_00285	BFGFFC_06765	27.8	532	360	11	1	521	2	520	1.15e-61	211
EABAIN_00285	IJGGPP_00190	27.5	524	357	10	1	513	2	513	8.40e-56	195
EABAIN_00285	KPPIIN_12385	28.5	541	338	13	6	520	5	522	1.10e-55	195
EABAIN_00285	IAFHMK_03460	27.8	511	350	9	1	503	2	501	1.53e-55	194
EABAIN_00285	CNLKLD_03745	26.3	543	372	12	5	541	7	527	1.29e-51	186
EABAIN_00285	EIKFFD_03410	25.9	541	292	14	7	513	11	476	1.84e-43	160
EABAIN_00295	JGEBEK_11345	100	140	0	0	1	140	16	155	5.35e-93	265
EABAIN_00300	AAKGEC_08810	100	277	0	0	1	277	1	277	3.63e-196	536
EABAIN_00300	BGHOFK_02665	66.7	273	91	0	1	273	1	273	7.81e-128	363
EABAIN_00300	EIKFFD_00500	55.9	272	120	0	1	272	1	272	2.12e-99	291
EABAIN_00300	CHBPFB_09075	52.9	274	129	0	1	274	1	274	2.29e-98	289
EABAIN_00300	IAFHMK_08125	48.1	268	139	0	1	268	1	268	2.05e-87	261
EABAIN_00300	AAOIOD_01895	43.9	271	152	0	3	273	2	272	6.31e-78	237
EABAIN_00300	DNKGCI_05755	45.5	275	149	1	1	275	1	274	7.44e-77	234
EABAIN_00300	CNLKLD_01190	46.8	265	141	0	4	268	2	266	2.81e-76	233
EABAIN_00300	HNNKEJ_11425	47.1	272	143	1	1	272	1	271	4.37e-76	232
EABAIN_00300	AAKGEC_12835	46.2	277	148	1	1	277	1	276	1.89e-72	223
EABAIN_00300	ABCLFC_07605	40.4	272	162	0	3	274	2	273	4.79e-72	223
EABAIN_00300	FPMMJC_13740	45.1	264	144	1	6	268	6	269	1.39e-69	216
EABAIN_00300	ABJDJH_06550	42.5	268	154	0	6	273	6	273	2.96e-68	213
EABAIN_00300	BEJELC_07700	40.4	265	158	0	4	268	3	267	2.86e-66	207
EABAIN_00300	NNPKJK_13575	39.9	263	154	2	6	265	6	267	4.25e-64	202
EABAIN_00300	DNKGCI_05570	41.5	260	151	1	6	265	8	266	4.14e-63	199
EABAIN_00300	CCDPJE_02970	41.7	259	150	1	6	264	9	266	2.34e-61	194
EABAIN_00300	ABJDJH_12310	36.6	268	169	1	1	268	10	276	1.01e-53	175
EABAIN_00300	BACFJJ_05370	36.7	270	166	2	6	273	9	275	1.24e-49	164
EABAIN_00300	GNPDOB_01730	34.7	262	171	0	6	267	6	267	2.60e-49	164
EABAIN_00300	HNNKEJ_04685	34.0	265	174	1	1	265	1	264	6.03e-49	162
EABAIN_00300	CNLKLD_04840	35.8	265	169	1	1	265	1	264	5.28e-48	160
EABAIN_00300	BGHOFK_01525	33.1	272	177	2	3	274	3	269	7.79e-47	157
EABAIN_00300	KILFKA_08800	35.3	269	172	2	1	268	1	268	3.47e-45	153
EABAIN_00300	NNPKJK_13475	36.2	265	167	1	6	270	7	269	1.48e-44	151
EABAIN_00305	AHPAPB_00360	95.2	434	13	1	1	426	1	434	2.75e-300	813
EABAIN_00305	FBLNFP_09685	36.2	417	222	7	10	425	6	379	9.81e-71	228
EABAIN_00305	BGHOFK_07520	32.0	416	223	7	7	422	4	359	4.94e-57	191
EABAIN_00310	BGHOFK_05610	83.3	276	46	0	1	276	1	276	9.61e-165	457
EABAIN_00310	LBKFJK_07820	70.0	273	81	1	1	273	1	272	2.39e-135	383
EABAIN_00310	IAFHMK_09335	69.1	275	84	1	3	277	4	277	1.01e-133	379
EABAIN_00310	LPKMGL_00765	69.0	261	80	1	3	263	8	267	2.36e-124	355
EABAIN_00310	ABCLFC_00300	65.0	260	90	1	4	263	2	260	3.61e-119	342
EABAIN_00310	CNLKLD_02685	60.8	263	101	2	3	265	4	264	3.10e-110	319
EABAIN_00310	JAFLJO_08295	45.8	253	129	5	1	248	1	250	4.46e-64	201
EABAIN_00310	ABCBPP_07190	41.4	249	144	2	5	251	3	251	4.83e-60	191
EABAIN_00310	CJHCCN_03235	39.3	270	161	3	3	270	4	272	1.15e-55	180
EABAIN_00315	BCIBOL_00400	94.2	155	6	1	1	155	1	152	1.87e-94	269
EABAIN_00315	KCGGLB_08060	72.3	155	42	1	1	155	1	154	2.75e-69	206
EABAIN_00315	CDIIGJ_08690	63.2	155	57	0	1	155	1	155	6.32e-66	197
EABAIN_00325	AAKGEC_08100	100	206	0	0	1	206	1	206	3.81e-149	412
EABAIN_00325	AANGNE_03705	56.9	202	86	1	1	202	1	201	3.05e-83	245
EABAIN_00325	BGHOFK_05635	57.4	204	87	0	1	204	1	204	2.73e-81	240
EABAIN_00325	LBKFJK_01670	59.2	206	78	3	1	204	1	202	4.32e-78	232
EABAIN_00325	DNKGCI_06215	55.4	202	89	1	1	202	1	201	3.63e-74	222
EABAIN_00325	HNNKEJ_10930	59.3	140	57	0	63	202	1	140	2.48e-54	169
EABAIN_00330	KFKDLK_03905	79.9	383	75	1	7	389	1	381	5.32e-224	616
EABAIN_00330	FMNMPI_06115	64.0	383	134	3	9	388	2	383	9.99e-179	501
EABAIN_00335	AAKGEC_08090	100	196	0	0	1	196	1	196	6.88e-138	382
EABAIN_00335	HNNKEJ_10940	70.3	195	58	0	1	195	1	195	4.26e-100	287
EABAIN_00335	BGHOFK_05645	66.2	195	66	0	1	195	1	195	2.73e-89	259
EABAIN_00335	DNKGCI_06225	60.5	195	76	1	1	195	21	214	3.38e-80	237
EABAIN_00335	LBKFJK_01680	57.9	195	82	0	1	195	1	195	1.04e-79	235
EABAIN_00335	AANGNE_05870	48.2	195	101	0	1	195	1	195	1.01e-65	200
EABAIN_00345	LILODB_09580	85.9	1015	136	1	1	1015	1	1008	0.0	1644
EABAIN_00345	CGMKCF_10535	94.6	735	36	1	285	1019	1	731	0.0	1294
EABAIN_00345	JBDDCD_08805	71.3	973	273	3	1	968	1	972	0.0	1276
EABAIN_00345	DHALJH_05805	77.9	859	182	2	1	858	1	852	0.0	1242
EABAIN_00345	MNCDBI_02980	53.9	950	404	13	3	947	8	928	5.73e-306	874
EABAIN_00345	BJLDLK_10950	49.2	859	415	8	1	843	1	854	4.67e-275	795
EABAIN_00345	IAFHMK_02720	35.6	977	439	17	12	971	12	815	4.24e-170	520
EABAIN_00345	BEIAAA_00735	36.7	964	424	19	5	947	6	804	2.59e-167	513
EABAIN_00345	CBFHCM_07015	37.1	860	377	15	1	847	1	709	1.66e-158	490
EABAIN_00345	PELOCJ_11720	35.6	908	412	16	18	912	18	765	6.94e-155	480
EABAIN_00345	GKAHPE_09085	34.6	1038	489	23	1	1009	1	877	2.85e-153	476
EABAIN_00345	HJLFLE_00595	33.5	996	468	23	2	970	2	830	4.94e-144	452
EABAIN_00345	BMKIOK_10090	30.2	986	459	19	1	964	1	779	3.87e-127	406
EABAIN_00345	AJKPDP_09815	37.8	600	321	19	422	994	11	585	5.00e-97	319
EABAIN_00345	KDEKFF_05540	37.8	502	269	12	426	908	285	762	3.10e-87	299
EABAIN_00345	OFBCLB_00005	51.2	281	126	3	696	971	1	275	8.61e-85	276
EABAIN_00345	CBFHCM_11490	36.8	506	285	15	453	945	1	484	1.82e-79	270
EABAIN_00345	OFBCLB_07785	41.3	320	180	3	696	1008	1	319	4.14e-71	239
EABAIN_00345	BEIAAA_00745	39.0	374	197	11	591	950	70	426	1.28e-62	221
EABAIN_00345	LEAGNF_01235	40.1	317	166	8	643	952	69	368	3.33e-61	215
EABAIN_00345	FMBBOG_10295	51.2	211	74	3	703	911	2	185	2.59e-56	197
EABAIN_00345	BLIMPP_07410	36.1	319	186	6	681	994	1	306	2.99e-48	174
EABAIN_00365	AAKGEC_02970	99.3	593	4	0	1	593	1	593	0.0	1084
EABAIN_00365	AANGNE_00315	72.2	593	165	0	1	593	1	593	4.59e-292	806
EABAIN_00365	DDDLLA_06105	68.5	607	176	1	1	592	1	607	4.15e-279	773
EABAIN_00365	CNLKLD_05200	68.8	593	185	0	1	593	1	593	3.11e-277	768
EABAIN_00365	BGCJLL_06690	56.0	595	259	2	1	592	1	595	5.59e-213	605
EABAIN_00365	ANFPEE_11195	31.4	577	366	8	42	591	190	763	2.19e-81	271
EABAIN_00365	AAOIOD_03725	30.1	572	376	9	40	592	112	678	1.39e-79	264
EABAIN_00365	LBKFJK_08485	33.1	489	299	9	75	540	92	575	1.99e-73	246
EABAIN_00365	DIBOGN_04755	28.3	584	385	10	2	565	9	578	6.91e-72	242
EABAIN_00365	ABIMCM_02075	29.9	556	370	7	22	565	35	582	1.39e-70	238
EABAIN_00365	DNKGCI_09585	32.9	489	303	9	75	540	89	575	7.51e-70	237
EABAIN_00365	CNLKLD_07600	31.6	594	362	12	25	593	123	697	8.93e-70	238
EABAIN_00365	AGDPFD_04350	29.3	533	351	10	54	569	69	592	1.18e-68	233
EABAIN_00365	ACIHME_07560	31.8	490	307	8	75	540	95	581	1.48e-68	234
EABAIN_00365	HNNKEJ_00865	28.5	565	384	7	42	592	50	608	1.62e-68	233
EABAIN_00365	ABIMCM_08870	29.8	531	345	10	43	546	128	657	4.96e-68	233
EABAIN_00365	EIKFFD_03600	28.2	564	375	8	17	559	23	577	9.80e-67	228
EABAIN_00365	FFPGDJ_00115	31.7	495	311	8	77	546	270	762	1.45e-66	231
EABAIN_00365	FFPGDJ_00105	30.8	543	345	11	74	592	108	643	6.69e-66	226
EABAIN_00365	BGHOFK_01575	30.0	601	368	15	25	588	122	706	5.39e-65	225
EABAIN_00365	OFBCLB_10685	31.3	521	310	12	59	546	164	669	5.65e-64	223
EABAIN_00365	CGMKCF_08225	28.8	541	359	10	18	540	23	555	2.45e-62	217
EABAIN_00365	BGHOFK_08910	30.4	507	326	10	51	538	60	558	7.63e-62	215
EABAIN_00365	AANGNE_03555	28.6	590	374	14	25	588	120	688	1.32e-61	216
EABAIN_00365	PKGHFF_07395	30.0	553	354	11	67	593	66	611	1.72e-60	211
EABAIN_00370	MNCEOE_11380	99.6	251	1	0	1	251	1	251	1.71e-169	469
EABAIN_00370	CDIIGJ_08830	73.5	260	69	0	1	260	1	260	3.50e-129	366
EABAIN_00370	HNNKEJ_10960	72.3	264	64	2	1	261	1	258	1.72e-126	359
EABAIN_00370	BGHOFK_05675	68.7	262	81	1	1	261	1	262	1.65e-115	331
EABAIN_00370	IAFHMK_09410	65.5	261	89	1	1	261	5	264	6.93e-109	315
EABAIN_00370	LBKFJK_07745	64.8	264	83	2	1	261	1	257	8.67e-108	311
EABAIN_00370	DNKGCI_07730	64.3	263	89	2	3	261	3	264	3.76e-106	308
EABAIN_00370	DDDLLA_06125	62.5	261	97	1	1	261	1	260	1.62e-101	296
EABAIN_00370	CNLKLD_05210	57.9	261	105	2	1	261	1	256	3.91e-91	269
EABAIN_00370	BNBIEO_06755	55.3	262	108	3	1	259	1	256	2.08e-89	265
EABAIN_00375	BGHOFK_05680	91.8	416	34	0	1	416	1	416	8.06e-278	755
EABAIN_00375	LCPCCG_08485	38.1	425	251	4	3	415	13	437	7.57e-87	271
EABAIN_00380	GJCPBB_00490	100	156	0	0	1	156	1	156	8.24e-112	315
EABAIN_00380	DNKGCI_07740	66.7	162	54	0	1	162	1	162	4.22e-79	231
EABAIN_00380	LBKFJK_07735	64.2	162	58	0	1	162	1	162	1.15e-76	225
EABAIN_00380	DDDLLA_06135	57.8	161	68	0	1	161	1	161	3.30e-69	206
EABAIN_00380	IAFHMK_09420	61.1	157	61	0	1	157	1	157	3.78e-67	201
EABAIN_00380	NPEGAB_00150	59.9	157	62	1	1	157	1	156	2.33e-63	191
EABAIN_00380	CNLKLD_05220	48.1	160	80	2	1	157	1	160	3.06e-50	158
EABAIN_00385	AAKGEC_02950	100	155	0	0	1	155	1	155	1.17e-109	308
EABAIN_00385	DDDLLA_06140	69.7	155	47	0	1	155	1	155	2.95e-78	228
EABAIN_00385	IAFHMK_09425	67.7	155	50	0	1	155	1	155	9.83e-77	224
EABAIN_00385	CNLKLD_05225	71.0	155	45	0	1	155	1	155	4.00e-76	223
EABAIN_00385	AANGNE_00330	63.9	155	55	1	1	155	1	154	4.76e-70	207
EABAIN_00390	AAKGEC_02945	99.2	517	4	0	1	517	1	517	0.0	1002
EABAIN_00390	AANGNE_02030	63.3	518	189	1	1	517	1	518	4.27e-239	665
EABAIN_00390	KCGGLB_01940	34.7	522	336	5	1	517	1	522	4.96e-102	319
EABAIN_00390	AANGNE_04410	34.2	511	331	4	1	507	1	510	3.17e-98	309
EABAIN_00390	CNLKLD_07330	34.1	510	331	4	1	507	1	508	1.04e-97	308
EABAIN_00390	DNKGCI_09945	34.9	516	326	5	1	507	1	515	5.33e-97	306
EABAIN_00390	ABJDJH_14520	33.8	491	311	6	18	498	17	503	3.11e-79	259
EABAIN_00390	KPPIIN_12385	30.9	517	324	12	7	502	4	508	2.21e-70	234
EABAIN_00390	IAFHMK_03460	29.9	505	339	6	3	498	2	500	4.09e-70	233
EABAIN_00390	AANGNE_00260	31.9	514	334	9	3	507	1	507	4.71e-68	228
EABAIN_00390	IJGGPP_00190	31.0	520	342	7	3	511	2	515	4.80e-68	227
EABAIN_00390	BFGFFC_06765	29.9	511	341	9	3	502	2	506	7.71e-65	219
EABAIN_00390	CNLKLD_03745	28.3	520	335	11	8	511	8	505	6.07e-56	197
EABAIN_00395	AAKGEC_02940	98.9	94	1	0	1	94	1	94	2.65e-59	176
EABAIN_00395	CGMKCF_08880	96.7	92	3	0	1	92	1	92	1.07e-54	170
EABAIN_00400	BDMBBJ_10605	99.4	162	1	0	1	162	17	178	9.23e-114	319
EABAIN_00400	CGMKCF_08880	98.8	162	2	0	1	162	108	269	5.05e-111	316
EABAIN_00400	DIBOGN_00245	83.6	159	26	0	4	162	246	404	3.97e-89	265
EABAIN_00400	BGHOFK_05710	71.6	162	46	0	1	162	2	163	9.65e-83	240
EABAIN_00405	NPEGAB_00160	78.9	317	67	0	1	317	22	338	8.57e-181	502
EABAIN_00405	DNKGCI_07765	75.1	317	78	1	1	317	1	316	8.24e-176	488
EABAIN_00410	AAKGEC_02925	98.8	250	3	0	1	250	1	250	7.50e-171	470
EABAIN_00410	CDIIGJ_08875	72.7	249	68	0	1	249	1	249	4.33e-131	370
EABAIN_00410	HNNKEJ_11025	68.4	250	79	0	1	250	1	250	4.80e-121	344
EABAIN_00410	BGHOFK_05720	68.8	250	78	0	1	250	1	250	1.95e-120	343
EABAIN_00410	IAFHMK_09490	67.9	249	80	0	1	249	1	249	1.35e-118	338
EABAIN_00410	LBKFJK_07685	64.8	250	88	0	1	250	1	250	2.84e-113	325
EABAIN_00410	DNKGCI_07770	62.0	250	95	0	1	250	1	250	9.41e-112	321
EABAIN_00410	DDDLLA_08325	62.7	249	93	0	1	249	1	249	4.09e-111	319
EABAIN_00410	CMMAPM_05105	61.1	252	96	1	1	250	1	252	2.35e-110	317
EABAIN_00410	CNLKLD_05245	64.3	249	87	1	1	249	1	247	1.94e-108	312
EABAIN_00415	AAKGEC_02920	99.7	318	1	0	1	318	1	318	7.79e-223	607
EABAIN_00415	CDIIGJ_08880	67.4	319	99	3	1	317	1	316	7.18e-147	415
EABAIN_00415	IONAOH_02615	74.5	251	61	1	70	317	71	321	1.95e-133	381
EABAIN_00415	BNBIEO_02180	70.0	240	72	0	78	317	70	309	2.39e-120	348
EABAIN_00415	LBKFJK_02290	53.1	324	144	3	1	317	1	323	2.14e-104	308
EABAIN_00415	OFBCLB_12030	54.9	315	138	3	4	315	3	316	2.49e-104	307
EABAIN_00415	DNKGCI_07460	60.4	245	97	0	73	317	78	322	3.13e-101	300
EABAIN_00415	CNLKLD_05205	48.8	320	160	3	1	317	1	319	1.44e-95	285
EABAIN_00420	CMMBIF_04950	94.3	740	42	0	1	740	7	746	0.0	1380
EABAIN_00425	BGHOFK_05730	77.5	311	68	1	1	311	1	309	1.78e-169	472
EABAIN_00425	AGINCK_11245	73.1	308	83	0	4	311	3	310	1.20e-161	452
EABAIN_00425	GGNLIA_09980	72.4	308	85	0	1	308	366	673	4.44e-155	449
EABAIN_00425	BFGFFC_10470	73.8	305	78	2	4	308	4	306	1.15e-153	432
EABAIN_00425	DNKGCI_07200	57.7	300	120	3	4	299	5	301	8.09e-118	341
EABAIN_00425	HNNKEJ_08550	55.6	306	134	2	1	304	1	306	2.98e-113	329
EABAIN_00425	AOJAFJ_02440	53.8	303	139	1	4	305	2	304	1.25e-112	328
EABAIN_00425	DNKGCI_06105	51.3	302	146	1	4	304	4	305	1.17e-107	315
EABAIN_00425	IAFHMK_01430	52.8	305	143	1	1	304	1	305	1.91e-106	312
EABAIN_00425	DDDLLA_09495	49.0	302	153	1	4	304	3	304	1.30e-101	300
EABAIN_00425	LBKFJK_06565	48.4	308	157	2	1	306	3	310	4.55e-98	291
EABAIN_00425	BPDDPD_09935	48.0	304	155	2	4	304	7	310	2.06e-94	281
EABAIN_00425	CNLKLD_04045	47.9	311	156	2	4	308	9	319	1.20e-90	272
EABAIN_00425	ACPHPF_12840	84.1	113	18	0	1	113	1	113	6.68e-60	186
EABAIN_00430	CDIIGJ_08895	82.8	151	25	1	1	151	1	150	1.40e-83	241
EABAIN_00430	AANGNE_00350	72.5	149	41	0	1	149	1	149	1.47e-71	211
EABAIN_00435	CDIIGJ_08900	81.9	299	53	1	32	330	29	326	2.05e-168	471
EABAIN_00435	CNLKLD_05275	68.8	272	81	1	63	330	49	320	8.01e-119	345
EABAIN_00435	HNNKEJ_11045	62.0	258	98	0	66	323	59	316	3.16e-110	323
EABAIN_00435	LBKFJK_07670	62.8	242	90	0	74	315	38	279	3.16e-106	311
EABAIN_00435	IAFHMK_09515	60.9	243	95	0	71	313	36	278	1.54e-97	290
EABAIN_00435	DPMHNO_05195	83.8	117	16	1	1	114	1	117	7.22e-54	172
EABAIN_00440	AIKIDN_03325	99.5	207	1	0	1	207	1	207	2.97e-150	415
EABAIN_00440	HNNKEJ_11050	69.6	204	62	0	3	206	2	205	1.17e-103	297
EABAIN_00440	BIHALF_07980	61.8	207	79	0	1	207	1	207	2.59e-90	263
EABAIN_00440	DNKGCI_07785	58.3	204	85	0	3	206	2	205	7.34e-86	252
EABAIN_00440	AANGNE_00355	56.9	204	88	0	1	204	1	204	2.38e-83	245
EABAIN_00440	CJHCCN_02640	57.2	201	86	0	1	201	1	201	1.88e-82	243
EABAIN_00440	EIKFFD_05915	57.2	201	86	0	1	201	1	201	2.58e-82	243
EABAIN_00440	IAFHMK_09520	55.6	205	91	0	1	205	1	205	4.33e-82	242
EABAIN_00440	DDDLLA_08345	56.8	206	88	1	1	206	1	205	8.97e-77	229
EABAIN_00440	LBKFJK_07665	56.6	189	82	0	3	191	2	190	3.10e-74	222
EABAIN_00440	AMNNAF_03165	54.7	201	91	0	1	201	1	201	5.65e-74	221
EABAIN_00440	CNLKLD_05280	52.7	201	95	0	4	204	2	202	1.67e-71	215
EABAIN_00440	ONFANJ_06075	44.8	201	105	2	1	200	1	196	2.30e-55	174
EABAIN_00440	AJONOJ_03515	43.1	211	109	3	3	207	2	207	1.16e-54	172
EABAIN_00440	DNKGCI_07650	43.9	205	107	3	3	205	2	200	8.70e-51	162
EABAIN_00440	DBDHAK_09950	44.4	207	104	3	1	206	4	200	1.91e-50	162
EABAIN_00445	IAFHMK_09525	74.8	472	115	1	1	468	1	472	5.25e-254	699
EABAIN_00445	DNKGCI_11505	74.1	468	121	0	1	468	1	468	5.15e-245	676
EABAIN_00445	APHGJF_12490	98.5	336	5	0	130	465	1	336	7.26e-230	632
EABAIN_00445	CEPOIM_11970	50.5	465	3	1	1	465	1	238	6.86e-127	367
EABAIN_00445	AANGNE_10010	34.5	447	283	7	21	464	17	456	6.35e-72	234
EABAIN_00445	CDIIGJ_01385	32.7	444	290	7	23	464	22	458	2.65e-70	230
EABAIN_00445	BGHOFK_03805	31.7	470	311	8	1	468	1	462	5.74e-69	226
EABAIN_00445	HNNKEJ_04310	33.3	414	257	7	23	429	20	421	1.76e-66	220
EABAIN_00450	IAFHMK_09535	74.6	205	51	1	10	213	1	205	8.20e-116	328
EABAIN_00450	AANGNE_00360	70.9	206	58	2	10	213	1	206	1.57e-104	299
EABAIN_00455	DIBOGN_00300	84.0	163	26	0	1	163	4	166	5.11e-94	269
EABAIN_00455	BGHOFK_05755	57.8	161	68	0	1	161	1	161	4.37e-59	181
EABAIN_00455	HNNKEJ_00685	54.9	153	68	1	5	156	6	158	3.01e-49	155
EABAIN_00455	IAFHMK_07745	51.6	155	74	1	6	159	4	158	4.86e-47	150
EABAIN_00460	DDDLLA_04900	76.2	214	49	1	1	214	1	212	2.81e-118	334
EABAIN_00460	IAFHMK_07740	60.1	218	80	4	1	214	1	215	1.61e-85	251
EABAIN_00460	DPMHNO_05225	92.2	115	9	0	100	214	1	115	6.87e-74	218
EABAIN_00465	BLCAGE_00425	84.0	865	130	2	1	865	1	857	0.0	1424
EABAIN_00465	BNBIEO_05230	40.7	794	439	7	16	802	15	783	1.42e-188	560
EABAIN_00465	AMLBPA_04225	39.7	790	440	11	15	794	2	765	6.26e-171	514
EABAIN_00465	HNNKEJ_07630	37.8	796	458	11	17	801	10	779	6.05e-170	512
EABAIN_00465	CJHCCN_00510	39.4	791	437	13	26	801	19	782	9.33e-170	511
EABAIN_00465	KEBHBI_09400	37.2	811	452	13	16	803	4	780	1.42e-167	506
EABAIN_00465	DDDLLA_02880	36.6	805	458	11	16	801	4	775	2.11e-162	492
EABAIN_00465	CNLKLD_02325	38.0	793	455	9	12	794	3	768	2.80e-159	484
EABAIN_00465	BAFONJ_00325	38.0	776	439	11	13	781	4	744	6.04e-158	480
EABAIN_00465	KPGHOL_04850	37.5	768	443	10	37	798	21	757	1.85e-156	476
EABAIN_00465	CMOKEC_00270	37.8	773	443	11	19	783	3	745	3.90e-155	473
EABAIN_00465	PELOCJ_11855	38.1	785	402	13	13	781	3	719	3.37e-153	467
EABAIN_00465	GNPDOB_00420	36.5	784	448	14	11	782	2	747	7.77e-144	444
EABAIN_00465	BNPKDP_04565	36.2	782	455	10	13	781	7	757	2.93e-143	442
EABAIN_00465	PHBBGM_12185	35.3	798	462	12	13	798	4	759	1.50e-139	432
EABAIN_00465	FAAIHB_05155	41.8	347	177	4	13	354	3	329	2.38e-70	247
EABAIN_00470	DLODMN_07810	100	345	0	0	1	345	1	345	1.28e-256	696
EABAIN_00475	AAKGEC_04700	100	88	0	0	1	88	1	88	7.59e-54	161
EABAIN_00480	AAKGEC_04705	99.8	575	1	0	1	575	1	575	0.0	1093
EABAIN_00485	AIGDEK_10895	92.4	105	8	0	1	105	1	105	1.62e-65	192
EABAIN_00490	AAKGEC_04715	100	99	0	0	1	99	1	99	1.96e-61	181
EABAIN_00500	BAFDFF_00515	85.2	310	46	0	2	311	23	332	4.78e-198	545
EABAIN_00500	LBKFJK_07555	70.3	306	91	0	6	311	4	309	2.59e-160	449
EABAIN_00500	OFBCLB_11585	68.6	306	96	0	6	311	3	308	2.37e-158	444
EABAIN_00500	KAAGFE_02320	68.4	310	98	0	1	310	1	310	4.72e-157	441
EABAIN_00500	CNLKLD_08410	66.6	305	98	2	11	311	4	308	7.44e-148	417
EABAIN_00500	BGHOFK_09745	41.4	295	168	4	16	309	7	297	3.80e-78	239
EABAIN_00500	ACNHAK_08585	43.9	289	150	5	28	309	24	307	4.28e-77	237
EABAIN_00500	AGDPFD_06085	44.0	268	146	3	43	309	71	335	1.59e-75	234
EABAIN_00500	HNNKEJ_06200	44.8	268	141	4	46	309	33	297	7.85e-75	231
EABAIN_00500	IAFHMK_09030	42.6	265	145	4	47	307	38	299	9.25e-66	208
EABAIN_00500	LPLJMN_09205	38.2	301	174	6	18	309	13	310	1.37e-61	197
EABAIN_00500	AAKGEC_08885	36.4	324	185	6	1	309	1	318	9.60e-61	196
EABAIN_00500	CGMKCF_08775	96.9	97	3	0	2	98	7	103	6.88e-60	186
EABAIN_00500	GKAHPE_09495	38.2	272	149	8	44	306	104	365	3.31e-49	167
EABAIN_00500	CNOINH_04840	33.7	270	157	6	56	306	97	363	1.25e-42	150
EABAIN_00505	AMHKJB_02450	100	106	0	0	1	106	1	106	1.38e-70	205
EABAIN_00505	HNNKEJ_11105	70.8	106	31	0	1	106	1	106	5.81e-55	166
EABAIN_00510	AANGNE_04635	79.9	383	77	0	1	383	1	383	2.09e-209	579
EABAIN_00510	DNKGCI_09745	77.2	382	86	1	3	383	2	383	7.47e-201	558
EABAIN_00510	DDDLLA_03540	68.5	378	118	1	1	377	1	378	1.71e-170	481
EABAIN_00515	AGINCK_11245	92.2	308	24	0	1	308	1	308	4.13e-204	560
EABAIN_00515	GGNLIA_09980	71.2	306	88	0	2	307	368	673	1.31e-154	448
EABAIN_00515	BFGFFC_10470	70.5	308	89	2	1	308	2	307	6.88e-153	430
EABAIN_00515	BGHOFK_05730	65.8	307	103	1	2	308	3	307	1.04e-140	399
EABAIN_00515	DNKGCI_07200	60.1	298	116	2	3	298	5	301	6.61e-122	352
EABAIN_00515	AOJAFJ_02440	56.4	303	131	1	3	304	2	304	5.76e-121	349
EABAIN_00515	HNNKEJ_08550	53.9	304	138	2	2	303	3	306	1.61e-115	335
EABAIN_00515	IAFHMK_01430	53.0	302	141	1	3	303	4	305	3.63e-109	319
EABAIN_00515	DNKGCI_06105	51.3	302	146	1	3	303	4	305	6.81e-107	313
EABAIN_00515	DDDLLA_09495	47.7	304	158	1	1	303	1	304	1.99e-98	292
EABAIN_00515	LBKFJK_06565	47.7	306	158	2	2	305	5	310	3.91e-94	281
EABAIN_00515	BPDDPD_09935	45.9	305	162	2	2	303	6	310	9.51e-93	278
EABAIN_00515	CNLKLD_04045	46.2	314	163	2	3	310	9	322	9.71e-90	270
EABAIN_00515	BGHOFK_04850	32.4	309	200	3	3	303	5	312	1.50e-47	162
EABAIN_00520	AAKGEC_04750	99.8	411	1	0	2	412	2	412	3.32e-276	750
EABAIN_00520	ACIHME_04085	71.6	405	114	1	2	405	2	406	3.96e-194	543
EABAIN_00520	ABCLFC_13965	59.7	407	164	0	3	409	3	409	1.50e-159	455
EABAIN_00520	CDIIGJ_04865	49.4	405	204	1	4	407	12	416	2.67e-125	369
EABAIN_00530	CNLKLD_04730	82.3	396	68	2	2	396	1	395	1.10e-245	672
EABAIN_00535	DDDLLA_09845	80.1	458	91	0	1	458	1	458	1.85e-267	732
EABAIN_00540	ABCLFC_00780	95.7	397	17	0	1	397	1	397	2.75e-264	719
EABAIN_00540	DDDLLA_11320	45.5	391	211	1	6	394	15	405	6.62e-119	351
EABAIN_00540	HNNKEJ_00615	41.8	385	220	2	4	385	8	391	6.13e-100	302
EABAIN_00540	DDDLLA_02400	38.2	387	233	2	4	385	2	387	1.09e-87	271
EABAIN_00540	IAFHMK_03505	37.7	371	227	2	32	398	3	373	6.58e-82	255
EABAIN_00545	JKPMLC_01570	99.5	189	1	0	1	189	1	189	7.05e-132	367
EABAIN_00545	DNKGCI_07860	69.2	185	56	1	1	185	1	184	1.49e-81	239
EABAIN_00545	CNLKLD_04745	63.2	185	66	1	1	185	1	183	5.35e-76	225
EABAIN_00550	HNNKEJ_11135	88.0	117	14	0	1	117	22	138	2.14e-71	209
EABAIN_00550	CNLKLD_04750	68.4	117	37	0	1	117	1	117	3.50e-52	159
EABAIN_00555	BGHOFK_02105	91.4	267	23	0	1	267	1	267	4.03e-169	468
EABAIN_00560	DNKGCI_07875	79.0	314	54	4	1	304	1	312	6.79e-159	445
EABAIN_00560	AANGNE_00410	72.8	305	80	3	1	304	1	303	4.63e-143	404
EABAIN_00560	LOKICG_00720	99.5	218	1	0	1	218	1	218	8.70e-142	398
EABAIN_00560	CNLKLD_04760	64.8	318	98	3	1	304	1	318	3.72e-129	370
EABAIN_00570	AJGINB_03135	99.7	301	1	0	1	301	1	301	1.61e-221	603
EABAIN_00570	CNLKLD_04770	69.6	303	92	0	1	303	1	303	8.20e-160	447
EABAIN_00570	EKEFPE_01730	69.2	117	36	0	1	117	1	117	4.78e-52	167
EABAIN_00575	AAKGEC_04820	100	88	0	0	1	88	1	88	2.53e-61	180
EABAIN_00580	AAKGEC_04825	99.3	143	1	0	1	143	1	143	4.36e-97	275
EABAIN_00585	ANIMCG_00600	100	91	0	0	17	107	23	113	1.21e-60	180
EABAIN_00590	AAKGEC_04835	99.5	183	1	0	1	183	1	183	7.87e-133	369
EABAIN_00590	DHALJH_01705	61.7	183	70	0	1	183	1	183	2.36e-86	251
EABAIN_00590	BPDDPD_09920	56.8	183	77	1	1	183	1	181	3.09e-72	215
EABAIN_00590	IAFHMK_05555	45.7	186	94	2	1	182	1	183	9.83e-51	161
EABAIN_00590	DDDLLA_00520	50.9	165	76	3	1	162	1	163	3.96e-50	159
EABAIN_00590	DNKGCI_06950	43.5	177	94	3	1	174	1	174	3.11e-46	150
EABAIN_00595	MNCDBI_02505	94.5	275	1	1	1	261	1	275	6.23e-181	497
EABAIN_00595	HNNKEJ_11180	71.0	259	74	1	1	259	1	258	1.03e-132	375
EABAIN_00595	LBKFJK_09590	60.2	244	92	4	1	242	2	242	2.29e-95	280
EABAIN_00595	IAFHMK_10645	57.1	247	99	5	1	242	1	245	2.54e-91	270
EABAIN_00595	CNLKLD_00465	53.7	244	110	3	1	242	1	243	6.15e-85	253
EABAIN_00595	JAFLJO_02595	52.5	244	113	3	1	242	1	243	4.20e-80	241
EABAIN_00600	FMHHMN_08380	94.3	106	3	1	1	103	1	106	1.37e-68	200
EABAIN_00605	CDIIGJ_09055	76.9	260	58	1	1	260	1	258	1.19e-135	382
EABAIN_00605	IAFHMK_09295	69.2	260	79	1	1	260	1	259	1.74e-121	346
EABAIN_00605	PLIDEH_00650	86.4	140	19	0	1	140	1	140	1.78e-79	235
EABAIN_00605	HJLFLE_00630	43.3	254	141	3	6	257	6	258	1.20e-62	197
EABAIN_00605	PKHBOA_11795	41.4	263	146	5	1	257	1	261	4.89e-60	190
EABAIN_00610	AAKGEC_04855	99.4	181	1	0	1	181	1	181	5.56e-132	366
EABAIN_00610	HNNKEJ_11190	68.6	175	55	0	1	175	1	175	2.33e-87	253
EABAIN_00615	BGHOFK_02160	79.1	647	134	1	1	647	1	646	0.0	1068
EABAIN_00615	CNLKLD_04720	77.0	647	143	5	3	646	1	644	0.0	1034
EABAIN_00615	AANGNE_09435	74.7	647	160	3	3	646	2	647	0.0	1007
EABAIN_00615	DBFGIH_07460	69.2	185	55	1	465	647	1	185	1.97e-84	262
EABAIN_00615	OAEMLE_02420	98.0	101	2	0	548	648	1	101	3.39e-66	211
EABAIN_00620	ABCBPP_00885	96.2	106	4	0	1	106	12	117	2.05e-73	213
EABAIN_00625	DGMGJF_06725	87.0	2011	231	2	1	1980	1	2011	0.0	3336
EABAIN_00625	JBKKJP_00810	63.4	1992	523	4	1	1980	1	1797	0.0	2423
EABAIN_00625	CGMKCF_11585	75.7	903	29	1	1079	1981	12	724	0.0	1263
EABAIN_00625	ANIMCG_09195	35.8	1809	1049	46	2	1759	7	1754	3.90e-303	926
EABAIN_00625	LBKFJK_03255	35.7	1545	909	36	212	1719	206	1703	1.95e-268	833
EABAIN_00625	HDDPIO_05190	29.3	1982	90	2	1	1980	1	673	1.44e-192	595
EABAIN_00625	ABNNBP_01725	60.4	485	136	3	1	454	1	460	8.26e-177	544
EABAIN_00625	MIJMLJ_12910	36.5	998	597	18	195	1186	215	1181	1.75e-173	575
EABAIN_00625	DNKGCI_04460	32.5	1077	653	27	193	1247	33	1057	9.59e-136	455
EABAIN_00625	AGKMKK_05830	32.7	1121	641	37	775	1856	427	1473	5.89e-123	426
EABAIN_00625	KJOAFL_01280	26.6	1854	1027	69	256	1927	294	1996	1.11e-118	419
EABAIN_00625	BDNBEJ_01860	33.9	1015	496	39	1055	1979	1523	2452	1.68e-116	412
EABAIN_00625	BEIAAA_02935	33.9	702	386	23	1192	1829	1386	2073	8.77e-79	290
EABAIN_00625	HKMGEG_13205	68.3	161	51	0	197	357	63	223	4.40e-72	240
EABAIN_00625	BOKJIE_02100	43.1	267	145	5	1465	1729	540	801	1.79e-52	200
EABAIN_00625	BOKJIE_00615	39.5	314	180	7	1452	1762	531	837	2.47e-52	200
EABAIN_00625	KPGHOL_08185	30.7	508	314	13	1151	1651	346	822	1.00e-49	192
EABAIN_00625	ONKCDP_07230	33.6	330	185	7	1445	1744	448	773	7.96e-46	179
EABAIN_00630	ACPHPF_12520	94.7	377	20	0	1	377	1	377	1.38e-248	677
EABAIN_00630	NOKDAP_12550	64.3	373	133	0	4	376	3	375	1.30e-164	465
EABAIN_00630	HIJKML_11900	64.6	364	129	0	14	377	13	376	2.46e-163	462
EABAIN_00630	BPDDPD_01530	62.4	348	131	0	30	377	8	355	1.70e-146	418
EABAIN_00630	IAFHMK_09975	51.2	342	163	2	18	355	10	351	3.96e-113	334
EABAIN_00630	FMBBOG_09955	50.6	342	164	4	14	352	9	348	3.89e-105	314
EABAIN_00630	AGKMKK_06515	46.8	340	177	3	19	355	9	347	1.01e-99	300
EABAIN_00630	IAFHMK_01715	46.7	336	176	2	19	352	13	347	1.67e-97	294
EABAIN_00630	AGINCK_01885	43.4	348	191	2	5	352	2	343	1.42e-93	284
EABAIN_00630	DDDLLA_03665	44.4	329	181	2	29	357	21	347	4.58e-87	267
EABAIN_00630	DBFGIH_10445	42.7	342	188	4	19	355	41	379	2.66e-85	264
EABAIN_00630	ACPHPF_04830	46.2	344	171	8	14	354	6	338	2.97e-85	263
EABAIN_00630	HEDEDB_00145	41.3	366	208	5	15	374	12	376	7.79e-84	259
EABAIN_00630	HNNKEJ_07210	44.1	347	176	6	14	355	6	339	9.11e-84	259
EABAIN_00630	IAAGLG_06900	39.7	340	199	4	16	354	10	344	6.58e-81	252
EABAIN_00630	DNKGCI_10240	40.3	362	208	7	17	374	17	374	1.47e-80	251
EABAIN_00630	LBKFJK_01790	40.6	330	191	5	32	358	23	350	7.33e-76	239
EABAIN_00630	DKACCG_04410	41.4	326	177	6	30	354	22	334	5.21e-73	231
EABAIN_00630	CDIIGJ_08210	38.7	354	204	6	20	370	12	355	6.52e-73	231
EABAIN_00630	BACFJJ_05360	38.2	356	213	6	19	371	11	362	2.61e-72	229
EABAIN_00630	CDIIGJ_00755	38.3	368	216	7	14	377	3	363	8.06e-72	229
EABAIN_00630	IAFHMK_05340	38.1	349	203	5	12	357	4	342	1.16e-70	226
EABAIN_00630	HEBBGL_10610	35.0	366	227	6	14	374	3	362	2.26e-63	206
EABAIN_00630	BGLHNG_03630	37.5	333	174	8	19	350	13	312	4.10e-53	179
EABAIN_00630	BBKIGO_05640	34.4	334	189	5	14	347	5	308	2.28e-51	174
EABAIN_00635	AAKGEC_04885	100	89	0	0	1	89	1	89	3.07e-58	172
EABAIN_00640	AGINCK_06210	78.6	238	48	2	1	236	1	237	9.21e-117	332
EABAIN_00640	ACPHPF_12510	68.2	236	73	2	1	236	1	234	2.37e-90	265
EABAIN_00640	ICGPBP_14190	66.8	241	71	3	1	233	1	240	8.29e-88	259
EABAIN_00640	IAFHMK_09985	51.3	238	111	5	1	236	1	235	1.30e-62	195
EABAIN_00640	AHPAPB_00975	60.1	158	62	1	79	236	1	157	1.02e-56	177
EABAIN_00640	ACNHAK_04805	47.8	245	110	8	1	236	1	236	9.16e-50	162
EABAIN_00645	CLGIEB_13390	89.3	917	95	3	1	916	1	915	0.0	1563
EABAIN_00645	BNPKDP_00765	70.7	919	260	5	1	916	1	913	0.0	1249
EABAIN_00645	BPDDPD_01520	62.7	928	328	6	1	916	1	922	0.0	1091
EABAIN_00645	DGMGJF_12685	64.5	926	111	7	1	916	1	718	0.0	1028
EABAIN_00645	NOKDAP_12565	57.5	918	374	5	1	916	1	904	0.0	1000
EABAIN_00645	HIJKML_11910	54.8	954	378	13	1	916	1	939	0.0	941
EABAIN_00645	IAFHMK_09990	38.9	735	349	23	254	916	304	1010	3.17e-124	400
EABAIN_00645	OFBCLB_03215	29.5	1069	562	42	1	916	1	1030	3.36e-76	269
EABAIN_00645	IAFHMK_01700	32.0	734	315	28	1	644	13	652	6.15e-56	209
EABAIN_00645	ABJDJH_06000	26.4	1072	570	42	1	916	1	1009	3.29e-53	201
EABAIN_00645	DBDHAK_00605	27.1	1028	470	46	1	916	1	861	2.23e-45	176
EABAIN_00645	HEDEDB_00160	25.7	871	445	33	226	916	299	1147	3.50e-44	173
EABAIN_00645	CDIIGJ_02125	33.8	536	269	23	26	499	51	562	1.01e-42	168
EABAIN_00645	BLJABE_04860	30.7	600	284	22	32	524	60	634	5.97e-39	156
EABAIN_00650	AAKGEC_04900	100	106	0	0	1	106	1	106	3.01e-75	217
EABAIN_00655	ABCBPP_01615	100	346	0	0	1	346	1	346	4.40e-259	701
EABAIN_00655	AJONOJ_10005	69.9	346	100	2	1	344	1	344	1.13e-176	493
EABAIN_00655	AOJAFJ_11175	49.6	337	170	0	1	337	1	337	5.60e-124	359
EABAIN_00655	DBFGIH_00410	47.1	346	181	2	1	345	1	345	2.26e-118	345
EABAIN_00655	GIPIII_07355	48.3	315	163	0	1	315	1	315	7.10e-109	320
EABAIN_00655	ALBBCB_05815	40.9	345	196	4	2	341	34	375	6.74e-92	279
EABAIN_00655	PHBCNO_02945	41.1	341	187	4	2	331	3	340	4.96e-84	258
EABAIN_00655	NPNEBP_04715	41.2	328	184	4	3	324	4	328	1.54e-82	254
EABAIN_00655	DDLDKC_07840	41.0	329	184	6	3	324	4	329	5.09e-78	242
EABAIN_00660	CEPOIM_03315	95.3	297	13	1	1	296	1	297	6.21e-200	548
EABAIN_00660	DNKGCI_08870	74.1	294	75	1	3	296	4	296	3.10e-156	437
EABAIN_00660	ACPHPF_09700	48.0	296	1	1	1	296	1	143	2.98e-70	213
EABAIN_00660	GMJBDL_13125	98.0	102	2	0	35	136	149	250	5.70e-65	204
EABAIN_00660	FHJCCB_11970	93.0	115	8	0	182	296	96	210	6.14e-65	202
EABAIN_00660	AJANDE_10295	40.0	285	168	3	14	295	12	296	4.39e-64	203
EABAIN_00660	EIIOFH_12270	84.4	96	15	0	201	296	40	135	9.43e-48	155
EABAIN_00665	ABCBPP_01625	100	526	0	0	1	526	1	526	0.0	912
EABAIN_00670	ABCBPP_01630	100	254	0	0	1	254	1	254	1.53e-181	498
EABAIN_00670	PLDCIE_02190	36.7	221	139	1	1	220	1	221	1.13e-49	162
EABAIN_00670	HNNKEJ_08245	34.0	238	155	1	1	236	9	246	3.34e-46	154
EABAIN_00675	AAKGEC_07240	97.3	299	8	0	1	299	12	310	7.96e-200	548
EABAIN_00675	IAFHMK_05035	67.1	298	98	0	1	298	4	301	3.08e-135	384
EABAIN_00675	DDDLLA_06430	61.9	299	114	0	1	299	1	299	1.34e-123	355
EABAIN_00675	BACFJJ_02560	34.5	293	188	3	8	298	6	296	8.26e-53	174
EABAIN_00675	BPNNAG_07700	32.4	287	193	1	8	294	8	293	2.94e-46	157
EABAIN_00675	NOKDAP_11445	31.7	287	195	1	8	294	5	290	1.76e-44	152
EABAIN_00680	CEPOIM_03315	96.0	297	11	1	1	296	1	297	1.07e-200	550
EABAIN_00680	DNKGCI_08870	74.8	294	73	1	3	296	4	296	2.67e-157	440
EABAIN_00680	ACPHPF_09700	48.0	296	1	1	1	296	1	143	2.98e-70	213
EABAIN_00680	AJANDE_10295	40.7	285	166	3	14	295	12	296	2.45e-66	209
EABAIN_00680	GMJBDL_13125	99.0	102	1	0	35	136	149	250	2.52e-66	207
EABAIN_00680	FHJCCB_11970	93.9	115	7	0	182	296	96	210	2.17e-65	203
EABAIN_00680	EIIOFH_12270	85.4	96	14	0	201	296	40	135	3.34e-48	157
EABAIN_00685	ABJDJH_13255	99.1	106	1	0	1	106	1	106	1.47e-71	215
EABAIN_00690	ABCBPP_01650	100	126	0	0	1	126	1	126	3.94e-85	243
EABAIN_00695	ABCBPP_01655	99.2	121	1	0	1	121	1	121	9.46e-86	244
EABAIN_00695	ONKCDP_07255	60.5	119	47	0	2	120	3	121	1.65e-50	155
EABAIN_00695	DDLDKC_13700	59.5	116	47	0	2	117	3	118	3.47e-48	150
EABAIN_00700	ABCBPP_01660	100	88	0	0	1	88	1	88	4.40e-53	159
EABAIN_00705	ABCBPP_01665	99.6	265	1	0	1	265	1	265	2.98e-189	518
EABAIN_00705	OPPHHN_12920	68.0	244	77	1	1	244	1	243	3.65e-126	358
EABAIN_00705	DFOKEG_14255	63.0	262	95	1	1	260	1	262	1.17e-120	345
EABAIN_00705	EBGJEB_12415	48.3	263	129	3	1	260	1	259	2.00e-84	253
EABAIN_00705	DNKGCI_01745	50.6	235	113	1	1	235	2	233	1.92e-82	248
EABAIN_00705	NEBMPO_09000	42.1	259	140	3	2	260	12	260	6.50e-71	218
EABAIN_00705	ABIMCM_11765	42.7	267	145	3	1	265	1	261	2.32e-69	214
EABAIN_00705	NEHKFL_06940	34.8	270	159	5	1	260	1	263	7.76e-52	169
EABAIN_00705	ABCBPP_13740	34.7	242	151	3	1	238	1	239	1.23e-47	159
EABAIN_00720	CFHHLL_10515	88.7	115	13	0	1	115	1	115	4.54e-71	207
EABAIN_00720	NMIFFA_05145	90.5	116	11	0	1	116	184	299	8.27e-70	210
EABAIN_00725	AKOOIJ_12720	98.8	488	6	0	1	488	58	545	0.0	943
EABAIN_00725	BAFDFF_13455	69.1	479	148	0	6	484	1	479	3.96e-241	668
EABAIN_00725	DOHOGG_04665	67.5	474	150	1	9	478	2	475	4.05e-229	637
EABAIN_00725	ABJDJH_14140	62.6	481	177	1	1	478	1	481	2.98e-217	607
EABAIN_00725	LBKFJK_04705	63.6	442	156	1	42	478	1	442	6.12e-198	559
EABAIN_00725	DIBOGN_05550	58.6	473	193	1	9	478	3	475	1.52e-196	555
EABAIN_00725	DNKGCI_06625	48.5	478	237	7	10	478	12	489	1.52e-141	415
EABAIN_00725	DDDLLA_09675	46.1	477	249	7	10	478	15	491	3.61e-132	391
EABAIN_00725	DNKGCI_07225	61.4	241	91	1	247	485	1	241	2.33e-91	278
EABAIN_00725	NMIFFA_05145	83.1	154	26	0	303	456	1	154	7.53e-74	234
EABAIN_00725	CPNLII_00365	58.8	194	79	1	286	478	3	196	1.27e-64	207
EABAIN_00725	MNCDBI_12110	85.4	96	14	0	393	488	36	131	2.02e-45	154
EABAIN_00730	ABCBPP_01695	99.6	285	1	0	1	285	1	285	9.04e-210	572
EABAIN_00730	EKEFPE_03860	35.8	282	168	6	10	283	13	289	7.54e-55	179
EABAIN_00730	ABIMCM_02695	33.9	286	176	7	1	283	2	277	5.97e-50	166
EABAIN_00730	ABJDJH_14390	32.7	281	169	9	8	281	11	278	1.57e-47	159
EABAIN_00735	DDDLLA_07690	96.1	282	11	0	1	282	9	290	9.15e-183	503
EABAIN_00735	HNNKEJ_10265	67.9	280	89	1	4	282	1	280	3.86e-126	360
EABAIN_00735	ANFPEE_03960	42.5	287	156	2	4	281	1	287	3.15e-72	223
EABAIN_00735	BGHOFK_08010	38.3	282	165	2	9	281	12	293	4.69e-50	166
EABAIN_00745	PLDCIE_00900	84.4	614	95	1	1	614	1	613	0.0	1018
EABAIN_00745	IBNKIA_08840	58.5	612	254	0	3	614	4	615	3.04e-264	737
EABAIN_00745	HNNKEJ_10255	57.5	421	145	1	1	421	1	387	7.59e-167	481
EABAIN_00745	HNNKEJ_10250	71.0	169	49	0	446	614	4	172	1.48e-81	253
EABAIN_00750	ABCBPP_01720	100	406	0	0	1	406	1	406	3.37e-266	724
EABAIN_00750	FAEDPP_12440	67.8	401	129	0	1	401	1	401	1.35e-179	505
EABAIN_00750	BGHOFK_08015	51.9	395	188	2	1	393	1	395	4.31e-121	357
EABAIN_00750	DNKGCI_09435	43.7	394	218	2	6	398	4	394	3.83e-97	295
EABAIN_00750	OIGCPG_06545	41.4	391	226	3	1	389	1	390	8.34e-82	256
EABAIN_00750	HNNKEJ_10645	38.7	390	237	2	1	389	1	389	2.60e-80	252
EABAIN_00755	FIJOGA_03665	84.8	230	29	1	1	224	1	230	9.47e-144	400
EABAIN_00755	LCDEGG_14340	90.4	209	20	0	1	209	1	209	5.11e-137	387
EABAIN_00755	OBFACL_13940	76.1	226	43	1	1	226	1	215	4.72e-123	347
EABAIN_00755	OBFACL_14235	93.1	145	10	0	1	145	1	145	1.60e-98	285
EABAIN_00755	HIJKML_06220	82.2	135	12	1	75	209	1	123	3.89e-75	223
EABAIN_00755	AJANDE_09880	81.0	137	26	0	90	226	48	184	7.77e-75	224
EABAIN_00755	OAJDKB_12175	87.9	99	12	0	1	99	1	99	4.63e-62	190
EABAIN_00755	IAAGLG_13260	92.4	92	7	0	75	166	1	92	2.16e-57	178
EABAIN_00755	IAMNKG_14170	72.6	113	31	0	114	226	31	143	5.68e-53	167
EABAIN_00755	ILDBOH_12915	89.0	82	9	0	1	82	1	82	1.46e-50	160
EABAIN_00755	COBMDH_07970	80.4	97	19	0	109	205	3	99	2.34e-49	158
EABAIN_00760	ABCBPP_13010	100	100	0	0	1	100	1	100	2.45e-69	201
EABAIN_00775	AGDPFD_10765	90.4	115	11	0	8	122	17	131	1.72e-70	206
EABAIN_00780	AAKGEC_07025	81.2	191	36	0	1	191	1	191	6.39e-111	314
EABAIN_00780	DHALJH_09745	72.7	194	50	1	1	191	1	194	2.55e-97	280
EABAIN_00785	AAKGEC_07020	83.3	114	19	0	1	114	1	114	4.44e-65	192
EABAIN_00785	AGKELP_11530	72.3	112	31	0	3	114	4	115	1.30e-55	168
EABAIN_00795	HEDEDB_08195	79.2	106	18	1	1	106	1	102	5.99e-54	163
EABAIN_00795	HIJKML_07860	100	78	0	0	29	106	1	78	1.96e-52	158
EABAIN_00800	NMIFFA_05295	91.3	184	16	0	1	184	1	184	9.01e-103	299
EABAIN_00800	KOHNEB_02180	84.2	184	29	0	1	184	1	184	8.67e-94	276
EABAIN_00800	ANIMCG_09965	75.6	164	37	1	1	161	1	164	1.07e-73	225
EABAIN_00800	NCNHMD_00120	54.1	181	77	4	5	184	3	178	1.57e-45	152
EABAIN_00810	AGINCK_02330	94.0	100	5	1	1	99	1	100	1.66e-60	179
EABAIN_00810	ABJDJH_14460	94.0	100	5	1	1	99	37	136	5.22e-60	179
EABAIN_00815	PPBJPA_12015	98.3	121	2	0	38	158	1	121	4.76e-82	237
EABAIN_00815	NGIILC_01340	74.7	158	36	1	1	158	1	154	5.07e-75	220
EABAIN_00815	BNBIEO_08880	61.9	139	50	2	1	139	1	136	2.02e-49	155
EABAIN_00815	AANGNE_07020	59.5	153	58	3	1	152	1	150	4.82e-48	152
EABAIN_00820	EAKCFB_11090	96.8	557	18	0	1	557	1	557	0.0	1056
EABAIN_00820	PHNKGJ_02235	41.0	424	241	5	33	451	20	439	5.07e-107	330
EABAIN_00820	NOKDAP_11250	39.7	436	256	5	11	442	11	443	2.48e-95	302
EABAIN_00820	CPACNB_10170	35.1	481	269	11	79	544	81	533	7.90e-77	252
EABAIN_00820	AGKELP_03070	32.9	565	325	13	3	543	2	536	1.35e-74	246
EABAIN_00820	OABIGA_03695	40.4	386	202	10	71	442	77	448	1.49e-74	246
EABAIN_00820	AGDPFD_09255	35.0	477	261	12	56	514	59	504	1.49e-73	243
EABAIN_00820	ABJDJH_03155	33.4	440	266	9	23	453	31	452	6.27e-72	238
EABAIN_00820	BAFONJ_04330	36.0	386	230	6	78	462	90	459	2.44e-69	231
EABAIN_00820	CPLMAE_05915	35.7	381	224	10	78	453	90	454	1.55e-67	227
EABAIN_00820	BPPLAM_03650	38.6	316	176	7	128	442	148	446	7.48e-64	216
EABAIN_00820	BEKHAI_08680	35.1	419	227	11	58	455	61	455	1.87e-61	209
EABAIN_00820	NCBCII_00045	32.6	328	203	10	111	430	4	321	2.94e-47	168
EABAIN_00825	ABIMCM_06495	100	229	0	0	1	229	1	229	7.61e-165	453
EABAIN_00825	ABJDJH_05525	39.6	230	127	6	1	223	1	225	6.01e-47	154
EABAIN_00830	ABCBPP_01795	100	392	0	0	1	392	1	392	8.90e-280	758
EABAIN_00830	BEIADI_02480	69.1	392	120	1	1	392	1	391	1.32e-193	540
EABAIN_00830	FKGECP_07505	62.1	385	145	1	1	385	1	384	4.69e-168	475
EABAIN_00830	ABJDJH_12230	54.6	390	174	3	1	388	1	389	8.93e-142	408
EABAIN_00830	AIKIDN_06255	51.9	393	182	3	2	392	3	390	1.54e-126	369
EABAIN_00830	ABJDJH_03190	49.4	385	191	1	2	386	3	383	6.73e-115	340
EABAIN_00830	AOJAFJ_04010	47.8	391	193	5	1	388	1	383	1.70e-112	333
EABAIN_00840	ABIMCM_06510	100	152	0	0	2	153	11	162	1.53e-97	277
EABAIN_00845	ACIHME_07450	95.1	384	19	0	1	384	35	418	7.14e-272	738
EABAIN_00845	CJHCCN_02420	67.2	381	125	0	1	381	32	412	1.20e-195	545
EABAIN_00845	PHNKGJ_02200	40.6	387	208	6	1	373	18	396	4.36e-90	276
EABAIN_00845	CNLKLD_07280	38.8	384	209	8	1	373	17	385	1.31e-77	244
EABAIN_00845	DCLJAL_09785	37.0	335	207	3	1	334	17	348	2.45e-77	242
EABAIN_00845	ACIHME_09185	35.9	382	217	9	1	379	20	376	5.03e-58	193
EABAIN_00845	OABIGA_03705	33.5	331	204	7	49	370	69	392	7.47e-48	167
EABAIN_00855	AAKGEC_06960	95.4	109	5	0	1	109	1	109	4.39e-74	214
EABAIN_00855	AMFMEJ_10465	94.0	84	4	1	1	84	1	83	1.16e-51	161
EABAIN_00860	AAKGEC_06955	82.5	103	18	0	1	103	1	103	1.34e-54	164
EABAIN_00865	ABJDJH_12205	84.7	85	13	0	1	85	8	92	1.35e-52	158
EABAIN_00880	AGDPFD_10850	97.4	416	11	0	1	416	14	429	2.31e-279	759
EABAIN_00880	BCOINH_08770	61.8	432	134	6	1	416	1	417	8.55e-164	466
EABAIN_00880	DHALJH_09675	63.9	324	110	3	94	414	22	341	1.45e-134	389
EABAIN_00880	KJOAFL_08280	77.6	205	43	2	65	269	81	282	3.18e-96	289
EABAIN_00880	AIPJBK_05115	37.0	292	176	5	123	410	125	412	1.66e-48	170
EABAIN_00880	HNNKEJ_09825	39.9	233	135	3	179	410	1	229	4.76e-44	153
EABAIN_00885	AAKGEC_04515	98.9	87	1	0	1	87	1	87	2.27e-59	175
EABAIN_00890	BIHALF_02460	80.7	135	26	0	1	135	1	135	1.06e-76	223
EABAIN_00895	ABCBPP_01860	98.8	867	10	0	1	867	1	867	0.0	1677
EABAIN_00895	FGEEDJ_07095	49.1	866	440	1	3	867	4	869	2.49e-293	831
EABAIN_00895	ACNHAK_01695	40.1	857	481	5	7	862	4	829	1.73e-209	615
EABAIN_00895	AGKELP_03115	39.6	867	498	9	8	867	8	855	6.51e-204	602
EABAIN_00895	AAOIOD_09580	36.7	856	522	6	10	864	11	847	2.11e-185	554
EABAIN_00895	ABJDJH_03220	36.2	863	509	6	8	860	10	840	8.81e-180	539
EABAIN_00895	OABIGA_03745	34.4	854	525	6	8	860	5	824	2.28e-177	532
EABAIN_00895	CEHFAN_11975	34.4	858	529	4	7	863	12	836	2.91e-175	527
EABAIN_00895	AOJAFJ_10560	28.7	835	558	8	10	843	7	805	1.48e-111	360
EABAIN_00895	BPDDPD_02950	29.8	842	540	11	12	843	9	809	2.26e-111	360
EABAIN_00895	LEAGNF_11495	29.1	835	547	8	14	843	11	805	6.11e-108	351
EABAIN_00895	AJKPDP_08145	29.8	833	542	11	16	843	13	807	3.45e-106	346
EABAIN_00895	DOHOGG_09210	28.9	838	548	12	15	848	12	805	3.31e-102	335
EABAIN_00895	NCBCII_00095	26.6	868	567	17	12	857	9	828	1.32e-85	291
EABAIN_00900	ABCBPP_01865	95.1	719	35	0	2	720	2	720	0.0	1167
EABAIN_00900	DHALJH_09655	63.3	659	232	4	71	719	37	695	1.51e-263	743
EABAIN_00900	IFDCOA_05220	51.2	545	252	3	2	533	2	545	4.29e-154	463
EABAIN_00900	AMFMEJ_10465	95.6	137	6	0	584	720	76	212	1.27e-77	247
EABAIN_00900	MJMKOD_09680	90.0	130	13	0	591	720	43	172	2.86e-67	218
EABAIN_00900	CPDEKO_03525	97.4	117	3	0	604	720	154	270	6.94e-64	213
EABAIN_00900	ABJDJH_03225	30.9	382	250	3	102	479	93	464	3.85e-43	166
EABAIN_00905	MKICBC_13355	95.7	347	15	0	1	347	1	347	1.64e-246	671
EABAIN_00905	HNNKEJ_09790	73.6	269	65	1	79	347	2	264	4.03e-148	417
EABAIN_00905	ABJDJH_03230	63.1	331	117	2	19	347	14	341	6.15e-147	417
EABAIN_00905	LIIBMF_00870	71.3	265	70	4	2	260	3	267	4.01e-130	372
EABAIN_00905	NOKDAP_11045	54.4	307	134	2	41	346	37	338	3.36e-119	347
EABAIN_00905	AAOIOD_09590	49.0	351	165	5	2	347	5	346	8.85e-106	313
EABAIN_00905	DANMKC_12360	67.0	179	56	3	2	177	3	181	4.13e-74	226
EABAIN_00905	AJANDE_09010	66.9	136	45	0	212	347	61	196	1.95e-64	202
EABAIN_00905	LBKFJK_01725	62.2	135	46	1	212	346	230	359	5.18e-58	191
EABAIN_00905	DDDLLA_01050	52.0	177	69	3	180	347	192	361	5.80e-57	188
EABAIN_00905	FPMMJC_07475	58.9	141	55	1	210	347	55	195	3.39e-56	181
EABAIN_00905	CDIIGJ_06825	50.0	178	75	2	170	347	147	310	9.03e-56	184
EABAIN_00905	JAFLJO_06510	47.5	181	79	4	173	347	202	372	4.57e-55	184
EABAIN_00905	EHKLLF_12630	63.6	129	47	0	219	347	27	155	6.22e-55	176
EABAIN_00905	HMJMNM_07675	61.3	137	47	2	212	347	133	264	4.23e-54	178
EABAIN_00905	ONFANJ_08250	38.0	305	170	11	30	321	554	852	4.23e-49	176
EABAIN_00905	AEMMAL_00340	56.8	125	53	1	224	347	67	191	2.73e-47	158
EABAIN_00905	LFLIBM_06035	56.5	124	53	1	224	346	73	196	1.64e-44	151
EABAIN_00905	KDEKFF_05040	36.0	300	164	11	36	319	532	819	8.26e-43	157
EABAIN_00905	CFKGLB_00380	34.9	298	171	10	36	319	577	865	7.69e-42	155
EABAIN_00905	CCDPJE_01695	35.3	300	166	11	36	319	535	822	1.81e-41	154
EABAIN_00910	ABCBPP_01875	96.9	163	5	0	1	163	1	163	6.66e-113	317
EABAIN_00910	BIHALF_02495	68.1	163	51	1	1	163	1	162	3.39e-83	241
EABAIN_00910	AOJAFJ_10540	68.1	163	52	0	1	163	1	163	3.35e-81	236
EABAIN_00910	KDEKFF_08885	61.6	164	62	1	1	163	1	164	4.71e-72	213
EABAIN_00910	COBKPA_07825	56.4	163	71	0	1	163	3	165	1.21e-63	192
EABAIN_00920	AGDPFD_10810	98.4	376	6	0	1	376	1	376	7.17e-272	736
EABAIN_00920	EGPLAC_05235	52.9	376	174	2	1	376	1	373	3.59e-137	395
EABAIN_00920	AIKIDN_02670	48.1	378	190	5	1	376	1	374	1.70e-120	353
EABAIN_00920	MKCKPI_02320	46.2	370	196	2	7	376	8	374	2.40e-112	332
EABAIN_00920	CPNLII_00140	44.3	377	204	6	1	374	1	374	1.79e-110	328
EABAIN_00920	ABIMCM_03400	42.7	382	209	7	1	376	1	378	3.14e-98	296
EABAIN_00920	AGKELP_03145	40.1	379	218	8	1	376	1	373	2.00e-92	281
EABAIN_00920	EIKFFD_03360	46.2	305	160	3	1	304	1	302	1.94e-88	268
EABAIN_00920	IHNEIG_11550	39.2	393	218	10	1	376	1	389	1.14e-81	254
EABAIN_00920	AGKELP_03185	37.4	318	195	3	60	376	1	315	7.35e-68	216
EABAIN_00920	KLNDEB_08360	36.3	375	224	8	4	374	3	366	1.63e-66	214
EABAIN_00920	JBKKJP_09590	34.6	390	237	8	1	376	1	386	8.85e-66	213
EABAIN_00935	AAKGEC_04910	100	382	0	0	1	382	1	382	1.63e-295	796
EABAIN_00940	ABCLFC_00950	89.6	230	23	1	1	230	1	229	7.38e-145	403
EABAIN_00940	HNNKEJ_11215	67.8	230	74	0	1	230	1	230	7.23e-111	317
EABAIN_00940	CDIIGJ_09120	65.7	236	71	2	1	228	1	234	1.02e-102	296
EABAIN_00940	LBKFJK_04900	56.1	228	94	1	1	228	1	222	1.17e-84	250
EABAIN_00940	IAFHMK_10680	55.3	228	97	2	1	228	1	223	6.62e-79	236
EABAIN_00940	DNKGCI_00035	46.9	228	111	2	1	228	1	218	1.84e-65	201
EABAIN_00940	AGCFKM_01405	48.5	231	109	4	5	228	9	236	3.43e-64	199
EABAIN_00940	CNLKLD_08025	42.4	238	127	3	1	228	1	238	9.97e-60	187
EABAIN_00940	BIHALF_02325	43.6	227	120	2	6	228	6	228	2.26e-55	176
EABAIN_00945	AAKGEC_04920	99.7	393	1	0	1	393	1	393	1.03e-274	745
EABAIN_00945	CPNLII_09420	66.3	392	129	1	2	393	3	391	5.47e-178	500
EABAIN_00945	PGBAFI_01940	65.1	390	132	2	2	390	3	389	3.11e-173	488
EABAIN_00945	AMCIGH_05875	61.1	391	148	2	2	392	3	389	2.40e-163	463
EABAIN_00945	DNKGCI_04390	56.5	386	165	1	2	387	4	386	4.95e-145	416
EABAIN_00945	IAFHMK_02435	55.2	386	171	1	2	387	4	387	7.27e-143	411
EABAIN_00945	LBKFJK_04895	54.2	391	173	2	2	391	3	388	1.06e-138	400
EABAIN_00945	AANGNE_07910	48.5	404	195	5	2	393	3	405	4.41e-120	353
EABAIN_00945	ANFPEE_02155	39.1	381	230	1	1	381	1	379	5.07e-92	281
EABAIN_00945	DNKGCI_00025	61.8	233	85	1	2	234	3	231	6.98e-91	274
EABAIN_00945	FPMMJC_13730	37.6	391	241	2	1	391	1	388	2.09e-85	264
EABAIN_00945	FPMMJC_11150	41.1	282	162	3	107	387	2	280	3.80e-67	214
EABAIN_00945	GLMKIB_08540	98.1	107	2	0	1	107	1	107	6.14e-63	199
EABAIN_00945	CNLKLD_00615	43.0	249	130	4	156	393	2	249	2.57e-58	190
EABAIN_00950	NAFEBK_04355	98.6	145	2	0	1	145	1	145	4.64e-100	285
EABAIN_00950	OOHJDG_00740	98.6	144	2	0	1	144	1	144	1.34e-99	281
EABAIN_00950	IAFHMK_10685	70.1	144	43	0	2	145	3	146	2.58e-72	213
EABAIN_00955	EKFMNI_01615	98.5	266	1	1	1	263	1	266	8.17e-189	517
EABAIN_00955	IAFHMK_10690	73.6	265	63	3	1	261	1	262	4.26e-138	389
EABAIN_00955	LBKFJK_04885	66.8	259	80	2	2	260	4	256	2.16e-125	356
EABAIN_00955	OFBCLB_03565	61.8	262	91	2	1	260	3	257	1.72e-115	331
EABAIN_00955	ANIMCG_09485	52.4	248	103	5	14	256	13	250	4.26e-80	241
EABAIN_00955	HNNKEJ_09000	55.8	197	81	3	59	254	87	278	1.59e-71	220
EABAIN_00955	NGAPDN_00360	53.7	216	89	3	42	256	48	253	5.73e-71	218
EABAIN_00955	AEFDGK_04045	54.9	204	80	5	54	256	64	256	3.96e-69	213
EABAIN_00955	CDIIGJ_10825	52.8	216	91	4	43	257	51	256	7.69e-69	213
EABAIN_00955	NCNHMD_14145	55.1	198	83	3	59	255	84	276	1.51e-68	213
EABAIN_00955	IHNEIG_04285	49.0	202	98	3	59	256	116	316	1.74e-62	198
EABAIN_00955	ABJDJH_09815	47.3	207	104	3	55	257	114	319	2.31e-60	193
EABAIN_00955	KPGHOL_10035	47.0	202	104	3	58	257	118	318	1.95e-55	180
EABAIN_00970	AAKGEC_04945	99.8	527	1	0	1	527	1	527	0.0	987
EABAIN_00970	BGHOFK_02230	67.9	527	169	0	1	527	1	527	9.04e-253	701
EABAIN_00970	HNNKEJ_11245	61.5	527	202	1	1	527	1	526	1.88e-230	644
EABAIN_00970	CDIIGJ_09150	61.6	531	196	3	1	527	1	527	9.34e-224	627
EABAIN_00970	IAFHMK_09820	50.6	536	246	4	1	527	1	526	1.61e-169	489
EABAIN_00970	DNKGCI_07910	48.6	533	268	3	1	527	1	533	1.22e-165	479
EABAIN_00970	LBKFJK_07490	52.2	464	218	1	68	527	105	568	4.59e-161	469
EABAIN_00970	DDDLLA_09795	51.1	483	231	2	49	527	52	533	1.53e-158	461
EABAIN_00970	NDBEOE_00460	47.2	477	247	3	56	527	59	535	1.73e-142	421
EABAIN_00970	CNLKLD_04790	43.6	512	275	3	27	524	49	560	3.88e-139	413
EABAIN_00975	AAKGEC_04950	99.8	404	1	0	1	404	1	404	8.55e-300	809
EABAIN_00975	AANGNE_07435	27.0	400	266	10	10	399	8	391	3.21e-42	152
EABAIN_00980	AAKGEC_04955	99.6	262	1	0	1	262	1	262	3.76e-186	510
EABAIN_00985	AAKGEC_04960	99.0	101	1	0	1	101	1	101	4.94e-65	191
EABAIN_00990	AANGNE_00455	80.6	484	94	0	1	484	1	484	2.08e-276	757
EABAIN_00990	CEHAJH_00010	64.4	239	85	0	243	481	1	239	1.81e-106	316
EABAIN_00995	AAKGEC_04970	99.5	200	1	0	1	200	1	200	3.03e-143	396
EABAIN_01000	AAKGEC_04975	99.8	477	1	0	1	477	1	477	0.0	941
EABAIN_01010	BPNIAE_10600	98.6	499	7	0	1	499	1	499	0.0	947
EABAIN_01010	CDIIGJ_09180	74.8	508	119	1	1	499	1	508	4.62e-270	743
EABAIN_01010	BGHOFK_02265	71.5	499	137	1	1	499	1	494	2.11e-257	710
EABAIN_01010	HNNKEJ_11275	72.1	498	130	1	2	499	14	502	1.66e-256	708
EABAIN_01010	DNKGCI_07950	71.4	497	138	1	3	499	4	496	1.14e-250	693
EABAIN_01010	LBKFJK_07455	69.5	499	149	1	1	499	1	496	8.36e-246	681
EABAIN_01010	IAFHMK_09860	68.9	498	146	1	1	498	1	489	2.73e-240	666
EABAIN_01010	OFBCLB_05565	66.7	499	157	1	1	499	1	490	3.60e-236	656
EABAIN_01010	AANGNE_04615	65.7	498	162	1	1	498	1	489	6.94e-228	635
EABAIN_01015	DDDLLA_09760	80.9	444	85	0	1	444	9	452	1.05e-250	689
EABAIN_01015	DNKGCI_09455	48.6	444	221	3	1	441	1	440	3.35e-135	395
EABAIN_01025	AAKGEC_05000	100	177	0	0	1	177	1	177	1.22e-124	347
EABAIN_01025	CDIIGJ_09205	68.9	177	55	0	1	177	1	177	4.83e-83	242
EABAIN_01025	BGHOFK_02280	64.9	174	61	0	1	174	1	174	1.63e-76	226
EABAIN_01025	HNNKEJ_11290	60.6	175	68	1	1	175	1	174	2.15e-69	207
EABAIN_01025	DNKGCI_07965	57.4	176	73	1	1	174	1	176	4.69e-65	197
EABAIN_01025	DDDLLA_09750	55.6	171	74	1	1	169	1	171	1.87e-63	192
EABAIN_01025	LBKFJK_07440	57.3	171	71	1	1	169	1	171	2.97e-62	189
EABAIN_01025	AANGNE_00475	56.8	169	72	1	1	169	1	168	7.96e-62	188
EABAIN_01025	IAFHMK_09875	55.9	179	73	1	1	173	1	179	9.96e-62	188
EABAIN_01025	CNLKLD_04855	56.2	169	73	1	1	169	1	168	3.29e-58	179
EABAIN_01030	BMNCPF_07660	100	228	0	0	1	228	1	228	1.10e-159	441
EABAIN_01030	HNNKEJ_11295	64.8	230	81	0	1	230	1	230	3.83e-108	310
EABAIN_01030	AANGNE_00480	59.6	230	93	0	1	230	1	230	2.94e-98	285
EABAIN_01030	DDDLLA_09745	60.3	232	84	1	5	228	5	236	1.18e-92	271
EABAIN_01030	IAFHMK_09880	57.6	229	96	1	1	228	1	229	2.42e-90	265
EABAIN_01030	CNLKLD_04860	47.4	230	121	0	1	230	1	230	4.79e-73	221
EABAIN_01035	AAKGEC_05010	100	143	0	0	1	143	1	143	8.16e-102	287
EABAIN_01035	DNKGCI_07975	64.0	139	50	0	1	139	1	139	1.20e-66	198
EABAIN_01035	IAFHMK_09915	64.0	139	50	0	1	139	1	139	6.94e-66	196
EABAIN_01035	AANGNE_04425	56.0	141	62	0	1	141	1	141	5.90e-58	176
EABAIN_01040	AAKGEC_05015	97.7	350	8	0	1	350	1	350	5.93e-250	679
EABAIN_01040	BGHOFK_02300	64.3	353	122	2	1	350	1	352	3.15e-155	439
EABAIN_01040	CDIIGJ_09225	62.9	350	120	2	1	350	1	340	1.12e-152	432
EABAIN_01040	DDKKPM_02930	59.2	343	124	2	10	350	10	338	1.05e-140	402
EABAIN_01040	IAFHMK_09890	57.1	350	132	3	1	350	1	332	1.90e-132	380
EABAIN_01040	DNKGCI_07985	55.4	350	140	3	1	350	1	334	4.14e-127	367
EABAIN_01040	LBKFJK_07420	54.6	350	143	2	1	350	1	334	1.67e-126	365
EABAIN_01040	DDDLLA_09730	55.3	349	138	4	4	350	2	334	1.67e-126	365
EABAIN_01040	HNNKEJ_11320	62.2	262	90	2	91	350	1	255	1.08e-110	322
EABAIN_01045	DDDLLA_09725	82.6	363	63	0	1	363	1	363	4.34e-226	620
EABAIN_01045	LBKFJK_03860	56.4	358	155	1	1	358	1	357	5.98e-147	419
EABAIN_01045	DNKGCI_11020	55.4	361	160	1	1	361	1	360	4.79e-141	404
EABAIN_01045	ACDDAG_09855	53.6	358	165	1	1	358	1	357	1.33e-138	398
EABAIN_01045	EJEPOM_07935	47.8	362	185	3	1	359	1	361	4.32e-123	359
EABAIN_01045	AGDPFD_04830	46.3	356	187	4	3	357	4	356	1.09e-109	324
EABAIN_01045	BOKJIE_13465	44.0	364	200	4	4	364	2	364	2.44e-107	318
EABAIN_01045	CGMKCF_11740	91.3	103	9	0	133	235	1	103	1.31e-64	200
EABAIN_01050	CGMKCF_11750	99.2	494	3	1	1	494	1	493	0.0	934
EABAIN_01050	AFCONC_09375	71.3	494	138	2	1	494	1	490	1.40e-255	705
EABAIN_01050	ABNNBP_07205	29.6	487	273	8	12	493	9	430	9.86e-58	197
EABAIN_01050	EPOEKF_01745	30.2	483	267	10	16	494	14	430	1.88e-55	191
EABAIN_01050	DNKGCI_11030	30.7	482	257	10	1	482	1	405	2.41e-54	187
EABAIN_01050	BGHOFK_08335	30.5	495	269	11	1	489	1	426	2.59e-53	185
EABAIN_01050	DDKKPM_03600	29.1	491	272	9	1	487	1	419	1.66e-52	183
EABAIN_01050	AANGNE_03570	30.2	480	270	13	8	482	5	424	3.49e-52	182
EABAIN_01050	GNOKMM_07820	29.4	480	253	10	12	481	9	412	5.34e-51	179
EABAIN_01050	AGDPFD_04840	30.6	484	268	14	1	481	1	419	8.65e-51	178
EABAIN_01050	FMNMPI_06710	26.9	490	286	10	12	492	35	461	3.19e-46	167
EABAIN_01050	AEMMAL_06830	27.8	492	286	12	6	494	7	432	2.32e-44	161
EABAIN_01050	BOKJIE_13470	34.6	321	178	8	171	487	125	417	1.83e-43	158
EABAIN_01050	HNNKEJ_05840	31.4	436	244	15	80	488	45	452	2.93e-43	159
EABAIN_01050	NGIILC_02175	30.5	407	238	11	96	494	69	438	9.97e-42	154
EABAIN_01050	DDDLLA_08890	29.3	406	242	9	84	481	64	432	1.13e-40	151
EABAIN_01065	BGHOFK_02325	88.1	478	57	0	1	478	1	478	0.0	915
EABAIN_01065	CNOINH_06885	76.7	348	81	0	1	348	1	348	6.43e-205	570
EABAIN_01065	ANILPM_08310	42.1	473	253	7	6	477	1	453	1.14e-120	360
EABAIN_01065	EJEPOM_07925	41.7	472	249	9	9	475	3	453	1.87e-118	354
EABAIN_01065	EJEPOM_07405	40.0	487	255	10	6	476	1	466	6.83e-114	343
EABAIN_01065	CFLCIE_01560	38.4	466	259	8	13	471	6	450	4.96e-112	338
EABAIN_01065	DAEIAJ_08645	38.2	492	258	9	9	476	3	472	1.10e-110	335
EABAIN_01065	ACPHPF_05020	39.3	476	256	9	7	478	6	452	2.12e-108	328
EABAIN_01065	NOKDAP_10530	40.1	466	254	6	11	471	6	451	3.43e-107	326
EABAIN_01065	BDEBFB_07100	37.5	496	263	9	9	476	3	479	1.14e-106	325
EABAIN_01065	ALNFEK_03480	36.3	504	270	10	1	475	1	482	7.57e-105	320
EABAIN_01065	DNKIME_04800	38.0	498	262	12	6	476	1	478	1.34e-104	320
EABAIN_01065	HDKJGO_06115	36.6	497	267	8	7	475	6	482	1.55e-104	320
EABAIN_01065	AIKIDN_03085	35.7	504	273	10	6	478	1	484	3.97e-102	313
EABAIN_01065	DDDLLA_05595	37.1	491	270	12	7	475	3	476	7.45e-102	313
EABAIN_01065	IAFHMK_01915	37.3	485	271	11	4	475	2	466	2.13e-100	309
EABAIN_01065	KPGHOL_06290	36.0	489	268	11	12	476	6	473	4.46e-99	305
EABAIN_01065	DNKGCI_06365	33.8	477	289	7	7	478	3	457	9.27e-99	304
EABAIN_01065	ACDDAG_07275	35.3	496	278	10	4	478	5	478	1.18e-98	304
EABAIN_01065	CNLKLD_06025	36.4	494	268	11	9	478	3	474	4.16e-98	303
EABAIN_01065	DDDLLA_10775	37.2	494	263	14	9	478	3	473	8.78e-98	302
EABAIN_01065	ANILPM_09555	35.6	514	266	12	4	478	2	489	9.33e-98	302
EABAIN_01065	IAFHMK_00320	34.0	477	287	7	6	476	2	456	1.62e-96	298
EABAIN_01065	FFEJFE_01165	34.6	500	276	11	6	475	3	481	1.60e-94	294
EABAIN_01065	AANGNE_08355	35.1	498	274	9	8	478	2	477	5.46e-94	292
EABAIN_01070	AAKGEC_05045	99.3	150	1	0	1	150	1	150	1.10e-107	302
EABAIN_01075	ABJDJH_00635	83.7	233	37	1	5	236	28	260	4.76e-136	382
EABAIN_01075	JBKKJP_00160	78.4	236	50	1	2	236	44	279	8.02e-130	367
EABAIN_01075	OFBCLB_12000	71.5	235	66	1	3	236	36	270	7.11e-117	334
EABAIN_01080	AAKGEC_05055	100	153	0	0	2	154	2	154	4.96e-106	298
EABAIN_01085	AAKGEC_05060	99.6	447	2	0	1	447	1	447	0.0	894
EABAIN_01085	LBKFJK_07380	70.7	444	122	5	1	441	1	439	3.64e-224	622
EABAIN_01085	IAFHMK_09930	69.2	442	126	5	1	442	1	432	3.28e-222	616
EABAIN_01085	DNKGCI_08035	64.7	450	153	4	1	447	1	447	1.23e-215	600
EABAIN_01085	DDDLLA_04230	67.2	448	139	5	1	445	1	443	1.07e-211	590
EABAIN_01085	FFDIKI_02450	64.4	447	149	5	1	447	1	437	2.48e-206	577
EABAIN_01085	LEJDNH_04165	65.4	448	144	6	1	447	1	438	1.57e-205	582
EABAIN_01085	CNLKLD_04880	62.1	449	159	6	1	447	1	440	3.95e-184	520
EABAIN_01090	ABCBPP_01045	78.2	252	54	1	1	252	1	251	1.13e-115	331
EABAIN_01090	BGHOFK_02340	85.6	146	17	1	1	142	1	146	1.66e-87	259
EABAIN_01090	CDIIGJ_09265	87.7	146	14	1	1	142	1	146	8.90e-87	257
EABAIN_01090	HNNKEJ_11365	74.0	169	37	2	1	162	1	169	1.18e-77	234
EABAIN_01090	DFJEHO_06595	70.3	138	41	0	3	140	3	140	9.86e-72	218
EABAIN_01090	IAFHMK_09935	71.4	147	37	2	1	142	1	147	4.57e-71	217
EABAIN_01090	LEJDNH_04165	70.7	140	41	0	3	142	451	590	3.28e-68	221
EABAIN_01090	LBKFJK_07375	70.5	146	38	2	1	141	1	146	6.89e-66	205
EABAIN_01090	DDDLLA_04235	67.6	148	43	2	1	143	1	148	3.11e-65	204
EABAIN_01090	DNKGCI_08040	69.2	146	40	2	1	141	1	146	3.53e-64	201
EABAIN_01090	CNLKLD_04875	63.2	144	50	1	1	141	1	144	1.51e-63	197
EABAIN_01095	DFCDFN_08850	89.2	352	38	0	8	359	13	364	1.05e-233	639
EABAIN_01100	AAKGEC_05075	100	203	0	0	1	203	1	203	5.41e-143	396
EABAIN_01100	AANGNE_00535	70.9	203	59	0	1	203	1	203	4.32e-101	290
EABAIN_01100	CNLKLD_03440	64.5	203	72	0	1	203	1	203	1.00e-85	251
EABAIN_01100	HNNKEJ_11375	56.2	203	89	0	1	203	1	203	6.17e-75	224
EABAIN_01100	OOKIAJ_04960	44.3	203	93	1	1	203	1	183	8.42e-56	174
EABAIN_01105	ABCLFC_01100	95.8	330	14	0	7	336	8	337	3.40e-224	612
EABAIN_01105	IAFHMK_09995	73.3	326	87	0	11	336	1	326	8.25e-167	467
EABAIN_01105	DDDLLA_04250	70.4	328	95	1	11	336	1	328	2.29e-162	456
EABAIN_01105	CNLKLD_03435	63.9	324	116	1	14	336	4	327	4.73e-145	412
EABAIN_01105	AAKGEC_09715	36.4	321	194	3	14	334	7	317	9.42e-65	207
EABAIN_01105	DNKGCI_01905	36.8	321	193	3	14	334	7	317	7.43e-64	204
EABAIN_01105	LBKFJK_04040	37.4	321	189	4	15	334	8	317	2.09e-63	203
EABAIN_01105	AANGNE_06705	35.3	323	199	3	13	335	6	318	2.02e-60	196
EABAIN_01110	ABCBPP_01065	100	301	0	0	1	301	1	301	6.75e-204	558
EABAIN_01110	IAFHMK_10000	71.1	298	86	0	1	298	1	298	6.38e-149	419
EABAIN_01110	DDDLLA_04255	70.8	298	87	0	1	298	1	298	2.96e-145	410
EABAIN_01110	CNLKLD_03430	71.5	298	85	0	1	298	1	298	1.59e-144	408
EABAIN_01110	AANGNE_03525	42.6	237	120	3	1	222	17	252	5.04e-51	171
EABAIN_01110	BGHOFK_02895	37.2	301	173	3	1	286	1	300	7.26e-50	167
EABAIN_01115	AAKGEC_05090	98.4	374	6	0	1	374	1	374	9.36e-253	689
EABAIN_01115	CDIIGJ_09290	58.6	382	142	6	1	374	1	374	2.28e-139	401
EABAIN_01115	HNNKEJ_03225	38.7	372	214	7	1	365	1	365	4.31e-66	214
EABAIN_01125	EHLNLG_02765	94.6	709	20	1	1	709	1	691	0.0	1284
EABAIN_01125	IAFHMK_10005	73.6	715	165	4	1	709	1	697	0.0	1025
EABAIN_01125	BNBIEO_07085	70.0	706	190	3	1	702	1	688	0.0	965
EABAIN_01125	CNLKLD_00520	63.0	714	233	8	2	707	3	693	1.96e-314	871
EABAIN_01125	CMMBIF_07075	32.9	699	348	17	1	672	3	607	5.03e-100	319
EABAIN_01130	AAKGEC_05105	99.3	152	1	0	1	152	1	152	9.67e-103	290
EABAIN_01130	DDDLLA_04270	66.2	151	51	0	1	151	1	151	1.86e-71	211
EABAIN_01130	IAFHMK_10010	63.2	152	55	1	1	151	1	152	1.17e-62	189
EABAIN_01130	DBFGIH_04200	64.5	152	53	1	1	151	1	152	1.33e-62	189
EABAIN_01130	CNLKLD_00525	51.7	151	72	1	1	151	1	150	3.81e-51	159
EABAIN_01135	BGHOFK_03980	82.3	141	25	0	2	142	3	143	4.86e-87	249
EABAIN_01135	DNKGCI_10290	74.1	139	36	0	4	142	4	142	7.76e-78	226
EABAIN_01135	CFKGLB_00695	67.9	140	45	0	3	142	7	146	4.72e-70	207
EABAIN_01135	NEHKFL_04495	68.2	129	41	0	9	137	7	135	1.91e-65	195
EABAIN_01140	AANGNE_00560	87.4	557	66	2	1	554	1	556	0.0	940
EABAIN_01145	ABCLFC_01135	98.4	122	2	0	1	122	23	144	2.10e-76	222
EABAIN_01155	AAKGEC_05130	99.5	219	1	0	1	219	1	219	1.86e-151	419
EABAIN_01155	LBKFJK_07310	56.1	221	84	4	1	213	1	216	5.49e-75	225
EABAIN_01155	IAFHMK_10035	52.5	221	100	3	1	218	1	219	1.07e-74	224
EABAIN_01155	BNBIEO_04925	53.6	220	96	3	1	219	1	215	2.35e-74	223
EABAIN_01155	DNKGCI_08115	56.0	218	89	4	1	213	13	228	4.62e-74	223
EABAIN_01155	DDDLLA_04295	51.6	217	99	4	1	213	1	215	8.68e-74	222
EABAIN_01155	CNLKLD_03400	50.7	221	97	4	1	213	13	229	2.34e-67	206
EABAIN_01160	LBKFJK_07305	93.7	287	18	0	1	287	36	322	1.70e-195	537
EABAIN_01160	AMBJPI_04715	66.5	191	61	1	42	229	1	191	5.38e-82	254
EABAIN_01160	BEGLKA_05695	59.3	182	71	1	104	282	1	182	6.38e-75	227
EABAIN_01165	BDNBEJ_06200	100	90	0	0	1	90	1	90	1.18e-69	201
EABAIN_01170	AANGNE_00600	91.3	195	17	0	1	195	1	195	5.82e-133	370
EABAIN_01175	ABCBPP_01130	98.8	83	1	0	1	83	1	83	1.60e-58	173
EABAIN_01180	LPKMGL_09325	93.1	348	23	1	1	348	78	424	4.05e-243	664
EABAIN_01180	IKDNFJ_10340	48.6	282	131	5	53	330	13	284	2.99e-86	262
EABAIN_01185	BDNBEJ_06220	100	601	0	0	1	601	1	601	0.0	1217
EABAIN_01185	KCGGLB_01265	53.3	621	219	6	1	597	1	574	1.20e-236	665
EABAIN_01185	EGEBJK_02625	47.6	595	290	5	2	594	3	577	2.86e-203	580
EABAIN_01185	AHPAPB_01290	40.4	594	331	8	2	594	5	576	1.99e-156	461
EABAIN_01185	BGHOFK_02470	40.6	539	304	6	2	537	3	528	3.26e-147	437
EABAIN_01185	AJCMKJ_08585	40.1	534	307	7	1	531	1	524	3.43e-136	409
EABAIN_01185	DNKGCI_08175	37.3	555	331	7	1	552	1	541	1.13e-129	392
EABAIN_01185	AANGNE_00645	38.8	533	315	6	1	531	1	524	2.99e-129	391
EABAIN_01185	CNLKLD_03325	37.6	535	324	6	1	531	1	529	4.35e-129	390
EABAIN_01185	BJGLGA_10060	38.3	533	318	5	1	531	1	524	6.72e-129	390
EABAIN_01185	PHJNPH_10190	37.8	535	318	9	1	531	1	524	6.67e-125	380
EABAIN_01190	AHPAPB_01245	99.4	1096	7	0	1	1096	1	1096	0.0	2137
EABAIN_01190	BGHOFK_02430	70.9	1095	319	0	1	1095	1	1095	0.0	1603
EABAIN_01190	AJGINB_03485	61.2	621	233	3	474	1090	378	994	1.35e-260	761
EABAIN_01190	BIFMNE_02135	57.7	669	269	6	430	1089	309	972	9.33e-257	750
EABAIN_01190	DDDLLA_04400	56.4	668	277	5	431	1089	12	674	1.05e-256	739
EABAIN_01190	AGKELP_03465	56.1	676	267	7	431	1089	12	674	1.37e-253	731
EABAIN_01190	HNNKEJ_11605	55.5	683	272	7	431	1095	12	680	1.10e-252	728
EABAIN_01190	CCDPJE_04245	55.1	673	289	5	431	1094	329	997	2.32e-250	734
EABAIN_01190	AGDPFD_00585	47.9	365	188	2	3	366	2	365	2.55e-116	365
EABAIN_01190	ABIMCM_08125	48.1	418	206	7	3	413	2	415	3.68e-116	365
EABAIN_01190	BIFMNE_02125	44.9	408	219	4	3	409	2	404	8.11e-114	358
EABAIN_01190	HNNKEJ_11615	45.5	391	208	3	1	390	1	387	1.06e-112	355
EABAIN_01190	ABCBPP_01185	45.8	389	206	3	3	390	2	386	5.43e-112	353
EABAIN_01190	AGKELP_03475	44.8	391	211	3	1	390	1	387	1.58e-110	350
EABAIN_01190	DDDLLA_04410	41.6	413	228	4	3	406	2	410	9.01e-106	337
EABAIN_01195	BEGPPK_01230	99.0	299	3	0	1	299	15	313	6.77e-220	599
EABAIN_01195	KDEKFF_01455	57.7	281	117	1	1	279	1	281	7.20e-109	317
EABAIN_01195	JOBCMP_06630	57.6	276	117	0	1	276	1	276	2.54e-108	315
EABAIN_01195	AANGNE_00880	53.0	281	130	1	1	279	1	281	5.52e-101	297
EABAIN_01195	BEGLKA_05685	39.3	305	153	10	2	281	3	300	1.01e-55	182
EABAIN_01195	AMBJPI_04715	42.5	268	136	10	23	281	198	456	5.26e-51	174
EABAIN_01200	IAFHMK_10095	74.2	380	96	1	1	378	1	380	4.06e-212	586
EABAIN_01200	CNLKLD_03355	64.5	377	132	1	3	379	2	376	4.95e-181	507
EABAIN_01200	BAOMEA_03900	49.1	387	187	3	2	378	3	389	2.19e-134	389
EABAIN_01200	AMHKJB_02675	50.3	388	183	3	1	378	1	388	9.81e-133	385
EABAIN_01200	BCJFJG_09820	46.1	393	193	6	2	383	3	387	2.10e-119	351
EABAIN_01200	DHKPCD_08570	46.5	396	194	7	1	379	1	395	1.66e-117	346
EABAIN_01200	DLKKNM_13765	46.6	388	190	6	1	375	1	384	1.56e-116	343
EABAIN_01205	BJIKCJ_09010	76.2	311	73	1	1	310	1	311	4.79e-179	496
EABAIN_01205	PHJNPH_10205	71.2	312	90	0	1	312	3	314	5.46e-163	456
EABAIN_01205	IAFHMK_10100	69.6	309	88	3	1	308	1	304	2.39e-150	423
EABAIN_01205	DBFGIH_00855	62.8	309	113	1	1	309	1	307	3.11e-144	408
EABAIN_01205	DDDLLA_04385	65.6	308	102	2	1	308	1	304	1.07e-142	404
EABAIN_01205	LBKFJK_07260	62.7	308	111	2	1	308	1	304	3.23e-139	395
EABAIN_01205	DNKGCI_08160	62.0	308	113	2	1	308	1	304	8.08e-138	392
EABAIN_01205	CNLKLD_03350	62.3	308	112	2	1	308	1	304	3.34e-134	382
EABAIN_01205	AKOOIJ_07935	62.5	304	113	1	1	303	1	304	4.69e-130	372
EABAIN_01205	DNKIME_03520	47.3	313	154	4	1	308	12	318	5.45e-84	255
EABAIN_01205	BPDDPD_02460	43.2	308	168	3	1	308	1	301	5.00e-83	252
EABAIN_01205	CNLKLD_07020	46.3	315	155	7	2	309	3	310	6.04e-83	252
EABAIN_01205	HNNKEJ_11590	71.7	152	43	0	161	312	1	152	4.43e-78	234
EABAIN_01205	DCAANM_00940	42.5	313	163	6	1	303	1	306	8.18e-73	226
EABAIN_01205	KCGGLB_01270	44.8	261	127	4	1	254	1	251	8.53e-65	206
EABAIN_01205	AKPIPJ_02320	40.2	271	150	4	3	269	4	266	1.19e-61	197
EABAIN_01205	LBKFJK_07205	35.8	316	184	5	1	310	1	303	8.86e-61	196
EABAIN_01205	ABJDJH_03680	49.3	219	103	5	3	216	4	219	2.37e-55	181
EABAIN_01210	AAKGEC_05170	81.4	269	50	0	1	269	1	269	6.72e-156	434
EABAIN_01215	CNLKLD_03340	78.7	403	79	2	3	398	2	404	1.36e-224	619
EABAIN_01215	PHJNPH_10195	65.7	402	121	6	4	396	3	396	1.12e-177	500
EABAIN_01215	AAOIOD_07790	69.9	319	86	4	6	319	4	317	2.00e-150	430
EABAIN_01215	BIFMNE_02140	58.8	379	142	5	3	374	2	373	1.23e-146	421
EABAIN_01215	CPFDGH_01380	66.3	323	97	3	3	319	2	318	9.72e-144	413
EABAIN_01215	ABCBPP_01170	60.6	358	126	5	6	357	4	352	9.69e-138	398
EABAIN_01215	ABJDJH_11950	40.4	245	138	4	1	242	8	247	8.21e-56	190
EABAIN_01215	BFGFFC_08235	42.6	223	121	3	22	242	3	220	1.78e-53	183
EABAIN_01215	ACNHAK_01415	37.2	269	161	3	6	269	9	274	3.24e-49	173
EABAIN_01215	AAKGEC_07170	40.3	196	116	1	47	242	44	238	1.17e-48	171
EABAIN_01215	CJHCCN_03455	42.3	196	112	1	47	242	47	241	3.29e-46	165
EABAIN_01215	DDDLLA_03635	41.3	196	114	1	47	242	32	226	5.15e-46	165
EABAIN_01220	CMMBIF_05500	76.8	457	106	0	1	457	12	468	3.14e-251	691
EABAIN_01220	BIHALF_02885	70.1	451	135	0	7	457	4	454	3.93e-232	642
EABAIN_01220	AAKGEC_05180	67.8	456	146	1	3	457	3	458	8.24e-228	632
EABAIN_01220	IAFHMK_10115	59.7	457	180	4	3	457	2	456	9.91e-188	530
EABAIN_01220	ABIMCM_08140	58.5	451	187	0	7	457	3	453	2.07e-186	526
EABAIN_01220	AGHDIE_00340	55.3	456	192	5	12	457	11	464	1.28e-165	474
EABAIN_01220	DDKKPM_09400	55.8	459	191	5	9	457	8	464	1.03e-164	472
EABAIN_01220	AHPAPB_01280	98.0	246	5	0	212	457	1	246	2.69e-162	457
EABAIN_01220	CNLKLD_03335	47.3	455	230	5	12	457	11	464	1.75e-129	382
EABAIN_01225	BDNBEJ_06260	100	308	0	0	1	308	1	308	7.86e-227	617
EABAIN_01225	BGHOFK_02465	67.1	304	99	1	1	303	1	304	1.14e-145	411
EABAIN_01225	AAKGEC_05185	56.8	324	112	2	1	303	1	317	1.12e-127	366
EABAIN_01225	AJCMKJ_08590	56.9	313	125	2	1	303	1	313	3.87e-123	355
EABAIN_01225	BIHALF_02890	50.8	321	138	2	1	303	1	319	4.13e-113	329
EABAIN_01225	IAFHMK_10120	50.8	315	138	3	4	303	4	316	2.83e-112	327
EABAIN_01225	AANGNE_00640	56.1	285	118	3	1	278	1	285	1.56e-108	318
EABAIN_01225	AJGINB_03485	51.4	329	132	3	1	303	1	327	3.84e-107	333
EABAIN_01225	BJGLGA_10065	52.4	273	127	1	1	270	1	273	1.98e-104	307
EABAIN_01225	GPMKBM_05525	48.9	307	150	3	1	303	1	304	5.90e-102	301
EABAIN_01225	CNLKLD_03330	50.6	271	130	3	4	273	5	272	1.80e-95	285
EABAIN_01225	CCDPJE_04245	54.0	272	120	2	1	269	1	270	2.08e-91	291
EABAIN_01225	LIMBNG_00020	45.5	231	119	4	4	227	5	235	8.33e-66	207
EABAIN_01230	AHPAPB_01290	97.1	584	17	0	1	584	1	584	0.0	1135
EABAIN_01230	BGHOFK_02470	62.3	584	208	3	4	584	2	576	6.15e-261	726
EABAIN_01230	EGEBJK_02625	58.5	578	237	2	5	579	3	580	9.59e-252	703
EABAIN_01230	BDNBEJ_06220	40.2	594	332	8	5	576	2	594	1.40e-153	453
EABAIN_01230	BJGLGA_10060	35.2	586	355	10	6	580	3	574	1.13e-118	363
EABAIN_01230	AANGNE_00645	34.9	581	361	8	6	579	3	573	4.40e-117	359
EABAIN_01230	KCGGLB_01265	37.5	530	279	9	6	531	3	484	2.00e-116	357
EABAIN_01230	CNLKLD_03325	35.5	586	360	10	6	581	3	580	6.73e-113	348
EABAIN_01230	AJCMKJ_08585	33.5	585	366	9	6	580	3	574	5.53e-110	340
EABAIN_01230	DNKGCI_08175	32.7	581	376	7	6	579	3	575	1.11e-107	335
EABAIN_01230	PHJNPH_10190	33.4	583	367	10	6	579	3	573	5.96e-107	333
EABAIN_01235	AHPAPB_01295	99.2	237	2	0	1	237	1	237	7.27e-167	459
EABAIN_01235	AGKELP_03485	73.0	233	63	0	5	237	4	236	2.28e-117	334
EABAIN_01235	CPFDGH_01410	72.4	232	63	1	7	237	6	237	2.24e-115	329
EABAIN_01235	CNLKLD_03315	44.3	230	120	4	7	230	4	231	3.50e-53	171
EABAIN_01235	ABIMCM_08110	37.5	240	143	4	5	237	4	243	4.47e-46	153
EABAIN_01240	PHNKGJ_00990	99.1	112	1	0	1	112	1	112	7.17e-66	194
EABAIN_01240	EJHBKF_00970	99.1	112	1	0	1	112	1	112	5.48e-62	194
EABAIN_01245	EJHBKF_00970	99.7	315	1	0	1	315	113	427	1.15e-222	611
EABAIN_01245	AJCMKJ_08570	73.7	315	83	0	1	315	1	315	1.88e-169	472
EABAIN_01245	AGDPFD_00605	72.7	315	85	1	1	315	1	314	6.78e-167	466
EABAIN_01245	HNNKEJ_02195	66.0	312	106	0	1	312	1	312	3.32e-146	413
EABAIN_01245	DBFDDP_05190	60.4	275	109	0	39	313	1	275	1.20e-121	350
EABAIN_01245	IIHIFJ_11780	49.2	305	155	0	4	308	23	327	5.54e-100	296
EABAIN_01250	AAKGEC_05205	76.1	347	83	0	5	351	2	348	1.47e-190	528
EABAIN_01250	ABCBPP_01205	66.5	346	116	0	5	350	2	347	1.60e-166	468
EABAIN_01255	BDNBEJ_06290	100	331	0	0	1	331	1	331	1.62e-242	658
EABAIN_01255	ABCBPP_01215	47.2	326	171	1	4	328	2	327	4.03e-104	308
EABAIN_01255	HNNKEJ_11640	38.2	325	199	2	3	327	3	325	6.26e-88	266
EABAIN_01255	AGHDIE_00300	38.9	329	200	1	3	330	2	330	7.53e-81	248
EABAIN_01255	AANGNE_00670	35.9	329	210	1	3	330	2	330	7.11e-76	236
EABAIN_01255	ABIMCM_08100	35.2	330	206	6	1	328	1	324	7.69e-67	212
EABAIN_01260	BDNBEJ_06295	100	278	0	0	1	278	1	278	8.01e-205	558
EABAIN_01260	PLBPOI_02490	71.0	272	79	0	3	274	2	273	1.46e-149	419
EABAIN_01260	BPDDPD_02485	71.0	269	78	0	3	271	2	270	1.06e-146	411
EABAIN_01260	AKPIPJ_02310	55.3	273	119	2	3	273	5	276	1.79e-108	315
EABAIN_01260	GEDPFN_07475	54.7	274	121	3	4	275	3	275	1.74e-106	310
EABAIN_01260	FMBBOG_00930	53.1	271	126	1	3	273	2	271	2.25e-105	306
EABAIN_01260	AIKIDN_03810	47.4	274	139	3	3	272	2	274	9.60e-91	270
EABAIN_01260	ABCBPP_01220	49.4	267	131	4	9	273	8	272	1.00e-89	267
EABAIN_01260	PHJNPH_10145	49.2	264	120	4	17	272	1	258	3.00e-80	242
EABAIN_01260	PLBPOI_02505	44.7	273	147	3	3	272	2	273	7.85e-79	239
EABAIN_01260	DNKGCI_08200	45.1	273	144	5	3	272	2	271	2.63e-77	235
EABAIN_01260	ALBBCB_07980	44.2	278	149	4	1	274	2	277	1.37e-75	231
EABAIN_01260	IAFHMK_00865	43.3	277	151	4	3	275	2	276	2.58e-72	223
EABAIN_01260	PHJNPH_10165	46.4	276	141	6	1	272	18	290	2.34e-71	221
EABAIN_01260	AGDPFD_08720	43.2	278	152	4	3	276	2	277	3.15e-71	220
EABAIN_01260	ALNFEK_01490	42.3	274	152	4	3	272	2	273	3.25e-69	215
EABAIN_01260	CNLKLD_06995	44.2	274	146	5	4	273	3	273	4.43e-67	209
EABAIN_01260	CPFDGH_01435	41.2	277	156	4	3	274	2	276	3.14e-66	207
EABAIN_01260	CNLKLD_03290	40.9	279	151	7	4	277	7	276	4.15e-63	199
EABAIN_01260	LBKFJK_06740	39.7	272	161	3	3	272	2	272	5.87e-63	199
EABAIN_01260	DNKGCI_05465	37.4	273	168	3	3	273	2	273	1.73e-58	187
EABAIN_01265	BDNBEJ_06300	100	332	0	0	1	332	1	332	1.32e-237	646
EABAIN_01265	BJIKCJ_08935	38.5	325	194	4	1	322	1	322	2.52e-67	214
EABAIN_01265	AGDPFD_00625	34.8	322	203	4	1	320	1	317	3.78e-59	192
EABAIN_01265	IIEPLP_05300	36.3	328	198	7	1	322	1	323	1.18e-58	191
EABAIN_01265	BEKHAI_00180	34.3	329	198	9	1	320	1	320	2.79e-52	175
EABAIN_01265	BJGLGA_10020	38.2	259	153	6	1	257	1	254	6.79e-45	153
EABAIN_01270	BDNBEJ_06305	100	232	0	0	1	232	1	232	4.24e-168	462
EABAIN_01270	AGINCK_05885	70.9	227	66	0	1	227	1	227	7.20e-119	337
EABAIN_01270	DNKGCI_08205	66.4	232	78	0	1	232	1	232	2.74e-114	326
EABAIN_01270	CNLKLD_07015	61.1	229	89	0	1	229	1	229	7.73e-100	289
EABAIN_01270	AJONOJ_12395	50.3	183	89	1	1	181	1	183	4.99e-61	189
EABAIN_01270	ABCBPP_01225	33.3	228	150	2	1	226	1	228	2.70e-45	150
EABAIN_01275	BDNBEJ_06310	100	351	0	0	1	351	1	351	6.41e-250	679
EABAIN_01275	PLBPOI_02500	70.6	350	103	0	1	350	1	350	1.81e-177	496
EABAIN_01275	PHJNPH_10155	62.6	345	127	1	6	350	5	347	1.88e-154	437
EABAIN_01275	AGINCK_05880	62.5	344	127	1	6	349	5	346	1.04e-148	422
EABAIN_01275	DNKGCI_08210	57.8	344	143	1	6	349	5	346	1.56e-137	394
EABAIN_01275	CNLKLD_07010	50.4	345	157	5	6	348	5	337	5.62e-112	329
EABAIN_01275	DDDLLA_04455	27.9	351	242	6	6	350	5	350	7.93e-51	172
EABAIN_01280	BDNBEJ_06315	100	313	0	0	1	313	1	313	6.25e-231	627
EABAIN_01280	PHJNPH_10150	47.1	310	164	0	4	313	5	314	3.89e-98	291
EABAIN_01280	DNKGCI_08215	48.2	311	160	1	4	313	5	315	2.45e-97	289
EABAIN_01280	ABJDJH_03710	42.1	311	179	1	4	313	5	315	6.37e-86	260
EABAIN_01280	LBKFJK_07190	42.3	310	177	2	4	313	5	312	5.85e-84	255
EABAIN_01280	EIIOFH_07370	42.1	311	179	1	4	313	5	315	2.60e-81	259
EABAIN_01280	GEDPFN_07505	39.0	310	186	3	4	313	6	312	1.00e-76	236
EABAIN_01280	DNKGCI_05420	37.9	314	189	4	4	313	6	317	1.19e-73	229
EABAIN_01280	HNNKEJ_11655	37.9	311	191	2	3	313	5	313	1.71e-69	218
EABAIN_01280	LBKFJK_06785	37.6	314	190	4	4	313	6	317	2.16e-68	215
EABAIN_01280	AGDPFD_08725	35.8	313	196	4	4	313	6	316	4.19e-68	214
EABAIN_01280	ALBBCB_07965	36.7	311	194	3	4	313	6	314	4.34e-58	189
EABAIN_01280	PLBPOI_02515	34.0	312	201	5	4	313	6	314	5.17e-56	183
EABAIN_01280	FGFHJG_02890	35.4	314	193	5	4	313	12	319	3.98e-53	176
EABAIN_01285	AIKIDN_03835	81.2	463	87	0	1	463	1	463	3.81e-261	717
EABAIN_01285	GEDPFN_07510	69.1	469	145	0	1	469	1	469	6.84e-226	628
EABAIN_01285	PLBPOI_02520	65.0	474	166	0	1	474	1	474	2.72e-218	609
EABAIN_01285	CNLKLD_03275	65.4	474	164	0	1	474	1	474	3.44e-214	598
EABAIN_01285	FMBBOG_00905	65.6	468	161	0	1	468	1	468	1.39e-213	597
EABAIN_01285	HNNKEJ_11660	51.1	466	226	1	1	464	1	466	5.67e-157	453
EABAIN_01285	ACDDAG_04780	50.1	465	232	0	10	474	4	468	5.50e-155	448
EABAIN_01285	AGHDIE_00290	49.7	465	234	0	2	466	2	466	2.96e-151	439
EABAIN_01285	CNLKLD_03255	49.0	455	232	0	10	464	4	458	2.56e-149	434
EABAIN_01285	AKPIPJ_02280	48.2	469	243	0	1	469	1	469	6.06e-148	430
EABAIN_01285	KCGGLB_01185	47.6	473	248	0	1	473	1	473	1.20e-145	424
EABAIN_01285	AKOOIJ_07980	47.9	461	240	0	1	461	1	461	2.63e-139	408
EABAIN_01285	AHPAPB_01335	42.7	473	271	0	1	473	1	473	3.57e-129	382
EABAIN_01285	AANGNE_00695	38.2	474	293	0	1	474	1	474	2.08e-117	352
EABAIN_01285	DABPFD_01190	40.2	473	275	2	2	474	2	466	2.44e-116	349
EABAIN_01285	AAKGEC_05240	41.4	461	270	0	1	461	1	461	4.00e-115	346
EABAIN_01285	ONFANJ_11390	39.8	472	284	0	1	472	1	472	6.21e-115	346
EABAIN_01285	PHJNPH_10140	40.0	453	269	3	2	452	2	453	2.28e-111	337
EABAIN_01285	DNKIME_08335	38.9	450	275	0	1	450	14	463	1.35e-109	337
EABAIN_01285	DNKGCI_04110	40.4	450	268	0	1	450	2	451	3.18e-109	332
EABAIN_01285	GIHCPC_04945	38.4	461	284	0	1	461	1	461	9.13e-109	330
EABAIN_01285	FMBBOG_09135	38.2	469	290	0	1	469	1	469	6.29e-107	325
EABAIN_01285	BPHPFJ_00680	37.6	450	281	0	1	450	1	450	1.79e-102	314
EABAIN_01285	BEMMBD_00590	36.7	460	291	0	6	465	7	466	4.26e-102	313
EABAIN_01285	MNMEHJ_08755	37.4	473	296	0	1	473	1	473	1.06e-100	309
EABAIN_01290	ABJDJH_11990	86.1	374	52	0	1	374	8	381	8.29e-255	694
EABAIN_01290	APHEGK_13895	61.7	368	135	4	8	374	2	364	1.71e-169	477
EABAIN_01290	IKDNFJ_10315	58.6	372	145	3	8	374	2	369	1.69e-161	457
EABAIN_01290	HDKJGO_08840	60.4	376	57	2	1	375	1	285	1.62e-156	441
EABAIN_01295	BDNBEJ_06330	100	596	0	0	1	596	1	596	0.0	1149
EABAIN_01295	AHPAPB_01340	65.9	575	194	2	23	595	11	585	2.33e-273	758
EABAIN_01295	KCGGLB_01180	64.8	577	202	1	18	594	6	581	1.27e-262	731
EABAIN_01295	FMBBOG_00900	63.8	585	208	2	12	596	3	583	1.01e-259	723
EABAIN_01295	DDKKPM_09455	38.9	563	332	8	32	585	20	579	1.80e-123	376
EABAIN_01295	AANGNE_00700	35.6	537	336	7	37	566	32	565	8.40e-115	354
EABAIN_01295	GPMKBM_05590	33.6	569	313	14	45	593	45	568	2.59e-80	263
EABAIN_01295	AGKELP_03535	32.0	594	342	15	19	594	10	559	4.91e-76	251
EABAIN_01295	ABCLFC_01250	32.6	573	348	18	11	559	2	560	1.32e-71	241
EABAIN_01295	AJCMKJ_08525	30.3	608	361	19	12	580	7	590	1.72e-70	238
EABAIN_01295	AKOOIJ_07955	30.8	581	353	14	40	595	36	592	8.61e-69	233
EABAIN_01295	GEDPFN_07520	29.6	577	330	17	36	587	30	555	9.58e-64	219
EABAIN_01295	ALBBCB_07955	29.3	593	343	19	20	585	10	553	9.58e-64	219
EABAIN_01295	CKLNFN_06260	29.0	606	345	17	10	593	12	554	1.54e-57	202
EABAIN_01295	AMCIGH_07240	27.8	580	326	15	46	593	38	556	1.02e-53	191
EABAIN_01295	AGHDIE_00270	28.0	560	329	13	38	577	11	516	2.01e-49	179
EABAIN_01295	HNNKEJ_11685	30.2	507	271	16	104	587	23	469	3.52e-49	177
EABAIN_01295	BIFMNE_02065	26.2	602	363	17	17	593	8	553	3.15e-46	171
EABAIN_01295	ONFANJ_11380	26.3	548	367	14	47	566	38	576	3.52e-46	171
EABAIN_01295	CDIIGJ_09420	27.3	561	364	18	37	566	26	573	4.64e-41	157
EABAIN_01300	BDNBEJ_06335	100	467	0	0	1	467	1	467	0.0	896
EABAIN_01300	KCGGLB_01175	66.8	467	152	1	1	467	4	467	1.08e-230	640
EABAIN_01300	FMBBOG_00895	67.2	467	148	2	2	467	4	466	9.83e-229	635
EABAIN_01300	AHPAPB_01345	69.2	468	138	3	1	467	1	463	9.69e-226	627
EABAIN_01300	DDKKPM_09460	47.8	456	225	5	19	467	9	458	2.65e-135	397
EABAIN_01300	AANGNE_00705	46.3	454	236	4	18	467	7	456	5.40e-129	381
EABAIN_01300	CIJHDH_00955	42.2	455	250	7	14	465	18	462	1.27e-109	332
EABAIN_01300	AKOOIJ_07975	43.6	450	242	5	14	461	2	441	1.74e-108	328
EABAIN_01300	IAFHMK_10185	41.1	460	242	5	19	463	22	467	7.02e-108	327
EABAIN_01300	HNNKEJ_11670	42.4	458	240	5	18	464	18	462	5.02e-101	310
EABAIN_01300	ABCLFC_01255	42.1	447	244	3	18	462	37	470	6.17e-101	310
EABAIN_01300	ABCBPP_01255	40.4	458	247	7	19	463	20	464	5.60e-100	307
EABAIN_01300	CDHEJB_06930	41.4	457	249	7	18	463	13	461	2.10e-99	305
EABAIN_01300	FGFHJG_02910	39.4	454	273	2	11	462	6	459	6.19e-98	301
EABAIN_01300	AKPIPJ_02270	38.4	445	267	4	21	463	22	461	1.79e-97	300
EABAIN_01300	AGHDIE_00280	40.7	455	258	4	15	464	15	462	1.95e-97	300
EABAIN_01300	OFBCLB_11030	37.0	462	272	8	10	463	14	464	4.20e-93	289
EABAIN_01300	AAOIOD_07710	37.4	452	266	7	18	463	11	451	6.37e-92	286
EABAIN_01300	LPLJMN_02465	37.6	449	271	3	18	463	13	455	1.04e-91	285
EABAIN_01300	PHJNPH_10130	37.9	454	277	4	13	463	8	459	1.29e-90	283
EABAIN_01300	CKLNFN_06265	39.1	453	265	7	13	463	8	451	4.04e-90	281
EABAIN_01300	AMCIGH_07245	38.5	457	253	8	19	463	14	454	6.21e-90	281
EABAIN_01300	CNOINH_02420	39.7	451	247	9	19	464	16	446	4.35e-89	278
EABAIN_01300	AJCMKJ_08520	36.7	458	271	6	21	465	26	477	6.68e-88	276
EABAIN_01300	ALNFEK_01465	36.2	461	268	11	13	463	11	455	1.18e-86	272
EABAIN_01305	BFCBHP_01385	99.8	458	1	0	1	458	1	458	5.34e-287	781
EABAIN_01305	BJGLGA_10000	63.6	371	129	4	1	367	1	369	3.05e-158	455
EABAIN_01305	DBDHAK_10575	61.3	385	136	5	1	379	1	378	1.17e-148	439
EABAIN_01305	AJGINB_03555	67.8	320	101	2	1	320	1	318	2.81e-145	430
EABAIN_01305	ABCBPP_01265	67.2	323	104	2	1	323	1	321	1.08e-144	426
EABAIN_01305	BFGFFC_01185	62.2	489	121	10	1	458	38	493	2.63e-144	421
EABAIN_01305	ADJCAM_13765	54.0	459	169	9	1	458	5	422	4.75e-119	354
EABAIN_01305	HNNKEJ_11690	62.5	296	90	4	66	354	25	306	8.03e-117	354
EABAIN_01305	LBLLFD_07180	52.6	367	152	9	1	366	1	346	9.53e-116	346
EABAIN_01305	CPFDGH_01470	55.7	325	114	8	1	323	1	297	3.60e-101	310
EABAIN_01305	PLBPOI_02550	46.9	480	203	11	1	458	1	450	3.84e-96	296
EABAIN_01305	IAFHMK_10195	47.3	368	145	11	2	363	25	349	1.33e-93	289
EABAIN_01305	IAFHMK_10190	46.2	377	155	9	4	368	4	344	2.26e-92	286
EABAIN_01305	CDIIGJ_09430	42.4	406	165	13	1	366	1	377	9.63e-86	268
EABAIN_01305	CNLKLD_03105	47.7	367	149	12	12	368	10	343	2.68e-84	265
EABAIN_01305	CKLNFN_06270	50.7	302	129	7	76	368	106	396	2.98e-81	259
EABAIN_01305	CNLKLD_03250	49.0	294	120	6	78	366	30	298	3.77e-81	255
EABAIN_01305	JAFLJO_03940	41.7	348	125	9	81	366	65	396	1.77e-71	233
EABAIN_01305	OFBCLB_11040	46.8	327	138	10	2	319	4	303	6.24e-71	236
EABAIN_01305	AGDPFD_00650	53.8	251	103	5	76	324	104	343	5.63e-70	231
EABAIN_01305	CFKGLB_02265	53.5	245	101	5	76	318	104	337	2.30e-67	226
EABAIN_01305	DNKGCI_04605	46.7	285	124	10	92	367	136	401	2.85e-65	217
EABAIN_01305	LBKFJK_07155	39.0	403	173	15	5	366	2	372	2.57e-61	206
EABAIN_01305	DNKGCI_10270	47.1	238	100	6	92	322	129	347	2.08e-56	197
EABAIN_01310	AAKGEC_05260	100	493	0	0	1	493	1	493	0.0	948
EABAIN_01310	CNOINH_11755	56.3	135	53	2	364	492	1	135	9.86e-45	153
EABAIN_01315	HNNKEJ_11700	82.9	391	47	3	11	400	1	372	2.17e-234	642
EABAIN_01320	AAKGEC_05270	100	167	0	0	1	167	1	167	4.49e-122	340
EABAIN_01320	IAFHMK_04775	59.5	163	62	2	5	167	2	160	1.81e-63	192
EABAIN_01320	HNNKEJ_11725	52.5	162	75	2	2	163	28	187	8.05e-56	174
EABAIN_01325	AAKGEC_05275	99.5	414	2	0	1	414	1	414	4.52e-291	788
EABAIN_01330	AAKGEC_05280	98.1	104	2	0	1	104	1	104	8.74e-65	190
EABAIN_01335	DDDLLA_04545	77.9	199	43	1	5	203	1	198	1.38e-112	319
EABAIN_01335	IAFHMK_10225	74.9	199	48	1	5	203	1	197	1.09e-111	317
EABAIN_01335	CNLKLD_03525	69.8	199	59	1	5	203	1	198	7.69e-103	294
EABAIN_01335	AANGNE_09505	68.8	199	60	1	5	203	1	197	1.36e-98	283
EABAIN_01335	HNNKEJ_03810	44.7	190	93	2	24	202	2	190	2.20e-48	156
EABAIN_01340	AAKGEC_05290	100	196	0	0	1	196	1	196	2.14e-141	391
EABAIN_01340	IAFHMK_10230	69.9	196	59	0	1	196	1	196	4.43e-96	277
EABAIN_01340	CNLKLD_03520	60.2	196	77	1	1	195	1	196	9.58e-81	238
EABAIN_01340	JAFLJO_03980	55.4	193	82	2	8	196	1	193	4.47e-69	208
EABAIN_01345	AAKGEC_05295	100	141	0	0	1	141	1	141	3.61e-95	270
EABAIN_01345	ABNNBP_02110	73.8	141	37	0	1	141	1	141	1.49e-67	200
EABAIN_01345	CDIIGJ_09490	67.4	141	46	0	1	141	1	141	4.04e-60	181
EABAIN_01345	HNNKEJ_11750	67.4	141	46	0	1	141	1	141	5.74e-60	181
EABAIN_01345	BGHOFK_02595	63.8	141	51	0	1	141	1	141	4.93e-54	166
EABAIN_01350	HNNKEJ_11755	83.2	119	20	0	1	119	7	125	1.70e-68	201
EABAIN_01355	ABCLFC_01315	93.4	244	16	0	1	244	33	276	3.72e-171	472
EABAIN_01355	LBKFJK_08630	66.5	260	70	2	1	244	1	259	3.31e-124	352
EABAIN_01355	DDDLLA_04565	67.2	244	78	1	1	244	1	242	7.43e-124	351
EABAIN_01355	DNKGCI_10350	63.4	265	76	1	1	244	1	265	5.51e-122	347
EABAIN_01355	DBFGIH_03085	63.9	241	85	1	4	244	5	243	1.52e-114	327
EABAIN_01355	CNLKLD_03510	59.5	237	92	1	7	243	11	243	2.72e-103	299
EABAIN_01355	IAFHMK_10240	58.8	238	92	2	7	244	11	242	5.93e-102	295
EABAIN_01360	BJLDLK_06240	85.1	395	48	1	1	384	1	395	2.17e-240	658
EABAIN_01360	CDIIGJ_09505	69.3	384	103	2	1	384	1	369	1.45e-187	523
EABAIN_01360	BGHOFK_02610	66.0	385	109	2	1	384	1	364	4.11e-175	492
EABAIN_01360	IAFHMK_10245	62.5	384	130	2	1	384	1	370	4.96e-162	459
EABAIN_01360	HNNKEJ_11765	60.7	384	126	3	1	384	1	359	2.00e-161	457
EABAIN_01360	FMFGKO_09240	57.9	385	135	3	1	384	1	359	2.20e-149	426
EABAIN_01360	DNKGCI_10355	58.4	387	134	4	1	384	1	363	8.89e-149	425
EABAIN_01360	DDDLLA_04570	58.1	387	139	4	1	384	1	367	9.58e-147	420
EABAIN_01360	LBKFJK_08625	55.9	390	146	3	1	384	1	370	1.52e-142	409
EABAIN_01360	CNLKLD_03505	52.1	388	155	5	1	384	1	361	6.70e-131	379
EABAIN_01365	AAKGEC_05315	100	141	0	0	1	141	1	141	4.88e-84	242
EABAIN_01370	ABCLFC_01325	98.7	239	2	1	1	238	1	239	1.06e-162	449
EABAIN_01370	DDDLLA_04575	73.2	239	63	1	1	238	1	239	8.60e-121	343
EABAIN_01375	AAKGEC_05325	99.1	213	2	0	1	213	1	213	4.78e-151	417
EABAIN_01375	CDIIGJ_09515	63.6	209	76	0	1	209	1	209	1.45e-94	274
EABAIN_01375	BGHOFK_02620	58.7	208	86	0	5	212	3	210	2.46e-84	248
EABAIN_01375	AANGNE_02325	55.6	207	91	1	3	208	4	210	3.04e-74	223
EABAIN_01375	BNBIEO_03150	50.7	209	102	1	5	212	7	215	4.04e-72	218
EABAIN_01375	HNNKEJ_11780	57.5	181	77	0	29	209	1	181	9.60e-70	210
EABAIN_01375	DBFGIH_03425	52.4	206	96	2	1	204	1	206	4.34e-69	210
EABAIN_01375	FHONGL_01275	75.0	108	27	0	106	213	1	108	3.97e-52	163
EABAIN_01380	AAKGEC_05330	100	219	0	0	1	219	1	219	9.69e-163	447
EABAIN_01380	CNLKLD_03490	68.9	219	64	1	1	219	1	215	7.73e-111	316
EABAIN_01385	AGINCK_05770	99.0	302	3	0	1	302	1	302	3.65e-215	587
EABAIN_01385	IAFHMK_08365	60.8	301	118	0	1	301	1	301	1.00e-127	365
EABAIN_01385	HNNKEJ_08690	54.9	304	133	2	2	301	1	304	1.80e-114	332
EABAIN_01385	LBKFJK_03420	52.4	307	140	2	1	301	1	307	2.76e-102	301
EABAIN_01390	AAKGEC_05340	99.4	181	1	0	1	181	1	181	2.34e-124	347
EABAIN_01390	CNLKLD_03480	50.6	178	88	0	1	178	1	178	9.40e-57	176
EABAIN_01395	AMNNAF_11335	99.2	472	4	0	2	473	15	486	2.13e-319	865
EABAIN_01395	IAFHMK_08395	58.3	468	195	0	3	470	16	483	1.82e-182	518
EABAIN_01395	IAFHMK_07675	57.9	470	198	0	2	471	15	484	3.93e-179	510
EABAIN_01395	CNLKLD_03475	51.9	468	225	0	3	470	16	483	7.92e-156	451
EABAIN_01395	DNKGCI_10150	30.3	446	310	1	2	446	16	461	2.22e-63	213
EABAIN_01395	DDDLLA_01290	31.3	467	310	5	2	462	15	476	5.10e-63	212
EABAIN_01395	AANGNE_01905	30.4	471	323	2	2	469	15	483	1.11e-62	211
EABAIN_01395	HNNKEJ_02285	29.5	468	325	2	2	466	15	480	1.88e-59	202
EABAIN_01400	ABCLFC_01365	94.8	116	6	0	1	116	1	116	1.86e-65	193
EABAIN_01410	AAKGEC_05360	100	270	0	0	1	270	1	270	4.39e-189	518
EABAIN_01410	CDIIGJ_09545	58.8	267	110	0	1	267	1	267	2.69e-108	313
EABAIN_01410	HNNKEJ_11800	58.9	265	107	1	1	265	5	267	3.22e-107	311
EABAIN_01410	BGHOFK_02635	54.5	268	119	1	1	265	1	268	8.87e-96	282
EABAIN_01410	LBKFJK_02525	39.3	262	149	2	4	261	3	258	4.32e-59	188
EABAIN_01410	DNKGCI_10700	40.8	262	145	2	4	261	3	258	2.74e-57	184
EABAIN_01410	EHLNLG_11535	38.0	263	153	2	3	261	2	258	3.87e-54	176
EABAIN_01410	BGHOFK_02795	40.0	260	146	2	3	258	2	255	5.45e-53	172
EABAIN_01410	AANGNE_03790	36.4	258	154	2	4	257	2	253	2.93e-50	166
EABAIN_01410	EMAPBM_05680	36.3	262	157	2	4	261	3	258	6.14e-49	162
EABAIN_01415	BGHOFK_02640	99.2	398	3	0	1	398	17	414	6.66e-282	764
EABAIN_01420	ABCBPP_01400	97.9	328	7	0	1	328	1	328	9.68e-238	646
EABAIN_01420	JAFLJO_00505	71.7	329	92	1	1	328	1	329	1.50e-170	476
EABAIN_01420	BJIKCJ_08765	43.5	329	182	3	2	328	5	331	9.09e-84	256
EABAIN_01425	GNPDOB_08160	94.1	188	3	1	1	180	1	188	1.66e-123	345
EABAIN_01425	JAFLJO_00510	55.3	179	80	0	1	179	1	179	9.33e-65	196
EABAIN_01425	LKGJOH_01285	76.6	124	29	0	1	124	1	124	5.74e-61	185
EABAIN_01430	BJIKCJ_08765	98.8	329	4	0	2	330	4	332	1.07e-231	631
EABAIN_01430	ABCBPP_01400	43.8	329	181	3	3	329	2	328	9.45e-86	261
EABAIN_01430	JAFLJO_00505	43.0	330	183	3	3	329	2	329	6.27e-84	256
EABAIN_01435	AAKGEC_05385	97.9	192	4	0	1	192	1	192	3.68e-131	365
EABAIN_01435	JAFLJO_00520	74.2	190	49	0	1	190	1	190	3.59e-92	266
EABAIN_01440	AAKGEC_05390	100	123	0	0	1	123	1	123	1.69e-80	231
EABAIN_01440	JAFLJO_00525	64.2	120	43	0	4	123	3	122	6.04e-51	157
EABAIN_01445	AAKGEC_05395	99.3	135	1	0	1	135	1	135	6.35e-90	261
EABAIN_01445	ABNNBP_02220	94.2	121	7	0	39	159	1	121	3.74e-77	224
EABAIN_01445	AEMMAL_03055	64.0	136	49	0	1	136	1	136	2.72e-54	171
EABAIN_01445	AGINCK_05445	57.4	129	55	0	7	135	8	136	1.10e-49	159
EABAIN_01445	CNLKLD_01970	54.8	135	61	0	2	136	5	139	6.60e-49	157
EABAIN_01445	ABCLFC_08035	56.4	133	58	0	4	136	7	139	2.28e-46	150
EABAIN_01455	ABNNBP_02230	93.0	460	31	1	1	459	1	460	0.0	872
EABAIN_01455	CNLKLD_07660	62.1	462	168	4	2	459	10	468	3.53e-213	595
EABAIN_01455	CPFDGH_01620	97.9	238	5	0	1	238	1	238	8.10e-172	484
EABAIN_01455	NIPMJN_08215	58.8	274	109	2	187	459	1	271	4.29e-116	341
EABAIN_01455	CGMKCF_05085	99.4	162	1	0	298	459	80	241	2.39e-110	325
EABAIN_01460	HKDBOC_09260	100	215	0	0	1	215	1	215	6.33e-145	402
EABAIN_01460	HNNKEJ_10230	46.7	212	113	0	4	215	3	214	2.28e-63	195
EABAIN_01460	NOKDAP_01670	45.1	213	117	0	1	213	1	213	5.85e-60	187
EABAIN_01460	DNKGCI_09485	42.4	205	117	1	4	208	3	206	4.08e-51	164
EABAIN_01460	LBKFJK_08785	39.6	212	127	1	4	215	3	213	2.63e-49	159
EABAIN_01465	CGMKCF_05070	100	248	0	0	1	248	13	260	6.27e-174	478
EABAIN_01465	KEMHDF_01300	98.0	248	5	0	1	248	1	248	3.64e-166	473
EABAIN_01465	IAFHMK_07430	64.7	241	85	0	3	243	2	242	2.63e-109	314
EABAIN_01465	HNNKEJ_10225	61.7	240	92	0	1	240	1	240	1.39e-105	305
EABAIN_01465	DNKGCI_09480	62.0	242	92	0	1	242	1	242	2.31e-103	299
EABAIN_01465	AANGNE_09825	59.1	235	93	1	1	235	1	232	2.27e-95	279
EABAIN_01465	AMHKJB_13550	49.2	240	122	0	1	240	1	240	2.84e-76	230
EABAIN_01470	AAKGEC_05415	99.4	325	2	0	1	325	1	325	4.14e-214	589
EABAIN_01470	KEMHDF_01300	99.4	325	2	0	1	325	249	573	5.27e-210	588
EABAIN_01470	IAFHMK_07435	53.5	331	141	5	1	324	1	325	1.42e-98	296
EABAIN_01470	EIKFFD_09900	52.0	319	136	3	1	319	1	302	1.40e-91	277
EABAIN_01470	DNKGCI_09475	48.2	340	155	6	1	324	1	335	1.91e-84	260
EABAIN_01470	HNNKEJ_10220	45.8	365	150	6	1	324	1	358	2.64e-84	260
EABAIN_01470	FDILLL_09550	47.7	325	145	7	1	319	1	306	8.22e-74	230
EABAIN_01470	AMHKJB_13555	36.8	337	191	7	1	319	1	333	9.49e-55	183
EABAIN_01475	HNNKEJ_11810	77.2	394	85	1	1	389	1	394	5.12e-219	604
EABAIN_01475	CNLKLD_03450	72.2	388	107	1	1	388	1	387	1.32e-203	565
EABAIN_01475	AANGNE_09280	71.7	389	110	0	1	389	1	389	1.82e-199	554
EABAIN_01475	DNKGCI_10635	67.9	390	124	1	1	389	32	421	6.59e-191	534
EABAIN_01475	IAFHMK_08445	65.6	427	109	2	1	389	22	448	9.87e-190	532
EABAIN_01475	LBKFJK_08585	67.2	390	127	1	1	389	15	404	4.57e-187	523
EABAIN_01475	MKICBC_13930	87.7	155	19	0	1	155	1	155	2.62e-92	273
EABAIN_01480	AAKGEC_05425	99.4	640	4	0	1	640	1	640	0.0	1266
EABAIN_01480	DDDLLA_10670	67.2	640	210	0	1	640	1	640	8.08e-320	880
EABAIN_01480	CNLKLD_05420	60.3	638	249	2	4	640	30	664	1.62e-280	781
EABAIN_01480	BEJELC_10195	44.6	635	347	4	2	633	3	635	1.50e-194	561
EABAIN_01480	IAMLOO_03640	69.4	310	95	0	331	640	1	310	3.80e-156	451
EABAIN_01490	CDIIGJ_09670	78.8	425	89	1	1	424	1	425	2.60e-236	650
EABAIN_01490	AANGNE_09260	71.0	420	121	1	6	424	2	421	1.64e-210	585
EABAIN_01490	DNKGCI_10660	71.3	411	118	0	8	418	4	414	2.93e-207	577
EABAIN_01490	IAFHMK_08475	72.0	410	114	1	8	416	4	413	1.15e-206	575
EABAIN_01490	CNLKLD_04610	72.0	414	115	1	6	418	2	415	2.48e-206	574
EABAIN_01490	DDDLLA_04720	68.2	418	131	1	8	425	4	419	5.18e-202	563
EABAIN_01495	FGPNLL_01315	85.8	275	32	1	1	275	1	268	1.74e-157	438
EABAIN_01495	HNNKEJ_11855	68.0	275	88	0	1	275	1	275	1.66e-124	355
EABAIN_01495	BGHOFK_02715	64.6	274	97	0	1	274	1	274	5.55e-111	321
EABAIN_01495	IAFHMK_08465	63.3	275	97	2	1	273	7	279	1.64e-109	317
EABAIN_01495	CDIIGJ_09675	62.3	276	102	1	1	274	1	276	6.51e-106	308
EABAIN_01495	JAFLJO_05085	60.5	276	105	2	1	274	1	274	2.38e-105	306
EABAIN_01495	OFBCLB_11285	60.9	276	104	2	1	274	1	274	7.77e-105	305
EABAIN_01495	LBKFJK_08565	60.2	274	104	3	4	274	4	275	6.47e-98	288
EABAIN_01495	CNLKLD_04605	59.9	272	102	3	1	272	11	275	7.64e-98	288
EABAIN_01495	DNKGCI_10665	59.8	184	70	2	1	182	1	182	2.26e-62	195
EABAIN_01500	AAKGEC_05445	99.3	137	1	0	1	137	1	137	1.38e-97	276
EABAIN_01500	HNNKEJ_11860	69.1	136	42	0	1	136	1	136	7.05e-66	196
EABAIN_01500	CDIIGJ_09680	66.9	136	45	0	1	136	1	136	2.35e-64	192
EABAIN_01500	IAFHMK_08460	58.6	133	55	0	4	136	5	137	4.04e-56	171
EABAIN_01500	HDDPIO_04645	67.2	137	1	1	1	137	1	93	5.42e-54	164
EABAIN_01500	DNKGCI_10675	53.3	137	64	0	1	137	1	137	2.21e-53	164
EABAIN_01505	ABNNBP_02275	86.8	608	62	2	1	608	1	590	0.0	987
EABAIN_01505	CDIIGJ_09685	73.5	635	132	2	1	600	1	634	4.05e-316	870
EABAIN_01505	DNKGCI_10680	67.9	608	178	2	1	608	1	591	5.96e-282	781
EABAIN_01505	EMAPBM_09010	35.3	572	342	6	20	587	21	568	3.10e-97	308
EABAIN_01505	BNBIEO_02540	32.1	588	367	8	14	592	40	604	5.00e-90	290
EABAIN_01505	AAKGEC_05730	32.4	596	361	8	12	592	11	579	2.02e-89	288
EABAIN_01505	IAFHMK_09940	26.5	559	382	6	28	581	55	589	4.48e-58	204
EABAIN_01505	HNNKEJ_11875	24.0	625	424	9	6	589	21	635	2.84e-55	197
EABAIN_01505	NGAPDN_04410	25.0	571	396	9	22	589	46	587	1.39e-54	195
EABAIN_01505	CNLKLD_02765	26.0	572	383	9	20	588	62	596	2.63e-53	191
EABAIN_01505	AANGNE_01510	24.8	549	364	10	54	589	66	578	8.75e-51	184
EABAIN_01505	AANGNE_08905	25.4	560	386	8	36	587	158	693	1.30e-48	180
EABAIN_01505	HNNKEJ_12255	26.7	509	342	8	86	587	220	704	9.55e-46	172
EABAIN_01505	DDDLLA_07465	27.3	578	385	10	18	587	22	572	1.50e-45	170
EABAIN_01505	FJJMED_07175	24.2	575	416	8	18	587	178	737	7.76e-45	169
EABAIN_01505	EMAPBM_09015	25.1	541	372	10	53	589	86	597	1.29e-42	161
EABAIN_01505	LBKFJK_02080	25.5	552	377	9	49	587	71	601	1.42e-42	161
EABAIN_01505	AAKGEC_01790	26.3	605	388	15	21	610	25	586	1.64e-41	158
EABAIN_01505	AMDFJK_02110	23.2	590	417	10	2	586	154	712	8.45e-40	154
EABAIN_01505	AMLBPA_01235	23.4	529	355	11	61	573	225	719	2.32e-39	153
EABAIN_01505	DDDLLA_07570	26.5	396	257	7	196	586	350	716	2.87e-39	153
EABAIN_01505	OABIGA_05845	25.3	570	382	12	22	582	27	561	4.20e-39	151
EABAIN_01505	PLIDEH_04110	28.9	332	213	6	257	587	408	717	1.47e-38	151
EABAIN_01510	HNNKEJ_11875	79.9	636	117	2	1	625	1	636	0.0	964
EABAIN_01510	EMAPBM_09015	41.2	617	338	5	12	624	2	597	8.20e-146	435
EABAIN_01510	AANGNE_08905	38.6	528	298	5	104	623	185	694	4.27e-116	361
EABAIN_01510	HNNKEJ_12255	36.8	527	311	5	103	623	195	705	5.08e-104	330
EABAIN_01510	IAFHMK_09940	32.8	525	325	7	105	623	94	596	6.42e-89	287
EABAIN_01510	NGAPDN_04410	32.9	502	318	5	123	622	101	585	2.70e-78	259
EABAIN_01510	AANGNE_01510	30.7	525	345	4	100	622	69	576	5.32e-78	258
EABAIN_01510	LBKFJK_02080	31.5	496	335	4	129	622	109	601	5.27e-76	253
EABAIN_01510	IAFHMK_03340	31.1	521	342	4	103	622	86	590	1.49e-75	252
EABAIN_01510	CNLKLD_02765	29.5	522	350	3	103	622	90	595	6.19e-75	250
EABAIN_01510	AAKGEC_01790	31.4	487	316	5	139	622	102	573	5.52e-72	243
EABAIN_01510	BNBIEO_02540	30.1	539	338	7	101	625	89	602	7.63e-71	239
EABAIN_01510	DDDLLA_07465	29.6	486	325	4	139	622	102	572	7.96e-71	239
EABAIN_01510	AAKGEC_05730	28.1	598	399	11	35	625	4	577	3.37e-66	226
EABAIN_01510	FJJMED_07175	28.3	527	355	3	107	623	225	738	1.10e-63	223
EABAIN_01510	PLIDEH_04110	29.1	491	329	4	135	623	245	718	1.52e-62	220
EABAIN_01510	EMAPBM_09010	30.7	505	331	7	121	622	80	568	8.50e-61	212
EABAIN_01510	ABNNBP_02275	27.3	553	383	6	76	624	34	571	1.13e-60	212
EABAIN_01510	DNKGCI_10680	27.4	566	381	7	69	624	27	572	1.53e-59	209
EABAIN_01510	EOHHJN_03385	27.2	533	361	5	96	622	56	567	4.00e-59	207
EABAIN_01510	CDIIGJ_09685	25.3	600	387	5	76	624	34	623	1.24e-57	205
EABAIN_01510	AMFMEJ_11100	28.7	487	321	9	140	622	239	703	1.60e-45	171
EABAIN_01510	JFFJEL_12155	25.6	519	357	9	108	621	206	700	6.95e-43	164
EABAIN_01510	CPLMAE_00305	31.7	325	189	7	304	620	288	587	1.84e-42	161
EABAIN_01510	PLDCIE_07790	30.7	371	219	9	265	622	363	708	3.21e-42	162
EABAIN_01515	ABCLFC_01505	89.1	221	20	1	1	217	1	221	2.82e-130	365
EABAIN_01515	BGHOFK_02735	77.5	204	46	0	14	217	20	223	2.45e-106	305
EABAIN_01515	CDIIGJ_09700	76.7	202	47	0	15	216	21	222	1.15e-104	300
EABAIN_01515	CNLKLD_05130	61.1	203	79	0	15	217	16	218	9.71e-82	242
EABAIN_01515	DDDLLA_04750	47.6	210	108	1	8	215	13	222	8.71e-58	181
EABAIN_01515	LBKFJK_08535	48.2	197	102	0	12	208	17	213	5.43e-57	179
EABAIN_01515	DNKGCI_10695	45.5	213	114	1	1	211	1	213	7.12e-54	171
EABAIN_01520	MFNPDC_09835	76.7	335	75	1	3	337	2	333	2.35e-192	532
EABAIN_01520	AANGNE_06170	48.4	337	171	3	5	339	2	337	1.67e-115	338
EABAIN_01520	IBNKIA_01385	96.0	125	5	0	1	125	1	125	5.20e-78	234
EABAIN_01530	AANGNE_09235	83.5	158	26	0	1	158	1	158	4.15e-98	279
EABAIN_01535	AAKGEC_05480	98.7	154	2	0	1	154	1	154	2.03e-114	320
EABAIN_01540	AAKGEC_05485	100	281	0	0	1	281	1	281	2.13e-206	563
EABAIN_01540	DNKGCI_08600	68.1	279	88	1	1	278	1	279	6.36e-137	387
EABAIN_01540	HNNKEJ_05950	63.7	270	97	1	13	281	1	270	8.70e-125	356
EABAIN_01540	IAFHMK_02645	62.1	282	106	1	1	281	1	282	2.05e-121	348
EABAIN_01540	LBKFJK_01770	61.0	282	109	1	1	281	2	283	4.04e-119	342
EABAIN_01540	IAFHMK_06940	49.6	270	133	3	3	270	4	272	5.78e-79	240
EABAIN_01540	EIKFFD_02290	45.7	267	139	5	3	265	2	266	4.33e-71	220
EABAIN_01540	AANGNE_05130	44.3	282	144	5	4	281	3	275	3.38e-69	215
EABAIN_01540	ABCBPP_06850	43.3	277	148	5	7	281	7	276	4.93e-69	214
EABAIN_01540	CDIIGJ_01590	43.4	272	140	4	5	272	2	263	8.32e-66	206
EABAIN_01540	MJPEDB_02500	42.1	273	145	5	9	277	6	269	1.88e-63	200
EABAIN_01540	LBKFJK_09485	39.5	261	143	4	9	266	7	255	1.03e-62	198
EABAIN_01540	CMMBIF_02665	42.2	282	146	6	6	280	3	274	9.52e-62	196
EABAIN_01540	BGHOFK_00970	39.4	284	158	4	3	281	5	279	6.55e-61	194
EABAIN_01540	HCCODA_06110	42.1	266	141	4	5	267	2	257	4.27e-60	192
EABAIN_01540	ABNNBP_07265	42.3	286	142	7	6	281	3	275	4.27e-60	192
EABAIN_01540	AAKGEC_11745	40.9	264	144	4	8	269	6	259	5.37e-60	191
EABAIN_01540	CGMKCF_02875	39.2	278	132	5	9	281	3	248	3.64e-58	186
EABAIN_01540	MCFIIO_04210	39.9	268	147	4	3	266	1	258	6.19e-58	186
EABAIN_01540	DNKGCI_00585	39.5	263	146	4	6	266	5	256	8.72e-56	181
EABAIN_01540	IAFHMK_03355	39.3	272	153	5	9	277	12	274	3.77e-51	169
EABAIN_01540	HNNKEJ_03150	38.8	273	157	4	8	278	11	275	7.49e-51	168
EABAIN_01540	KMLCHM_05630	39.9	281	145	6	7	278	15	280	1.24e-49	170
EABAIN_01545	AAKGEC_05490	100	170	0	0	1	170	1	170	8.01e-122	340
EABAIN_01545	LBKFJK_08510	72.8	169	46	0	1	169	1	169	4.74e-89	257
EABAIN_01545	IAFHMK_08520	74.1	170	43	1	1	169	1	170	6.96e-89	256
EABAIN_01545	CNLKLD_08310	66.9	169	56	0	1	169	1	169	6.81e-82	239
EABAIN_01550	AAKGEC_05495	99.5	182	1	0	1	182	1	182	2.25e-127	355
EABAIN_01550	AANGNE_04970	66.5	182	60	1	1	181	1	182	1.47e-84	246
EABAIN_01550	DNKGCI_10950	64.1	184	64	2	1	182	1	184	1.00e-80	237
EABAIN_01550	HNNKEJ_02995	63.0	184	66	2	1	182	1	184	1.65e-79	234
EABAIN_01550	DDDLLA_03630	61.4	184	69	2	1	182	1	184	2.22e-77	228
EABAIN_01550	LBKFJK_02510	62.0	184	68	2	1	182	1	184	7.38e-76	224
EABAIN_01555	AAKGEC_05500	100	94	0	0	1	94	1	94	2.86e-63	186
EABAIN_01560	CGMKCF_05690	95.5	445	14	1	1	439	1	445	2.20e-257	705
EABAIN_01560	CDIIGJ_09730	72.6	441	112	3	1	439	1	434	1.66e-207	578
EABAIN_01560	JAFLJO_04995	64.6	444	141	6	1	439	1	433	2.80e-147	426
EABAIN_01560	LBKFJK_08505	52.7	448	188	5	1	439	1	433	3.42e-143	415
EABAIN_01560	DDDLLA_08290	53.6	440	179	5	1	439	1	416	1.10e-142	413
EABAIN_01560	DFOKEG_14585	53.1	439	188	6	1	436	1	424	1.47e-125	372
EABAIN_01560	IAFHMK_10790	34.0	376	193	10	66	438	29	352	6.42e-46	162
EABAIN_01560	DDDLLA_02340	32.5	382	204	11	66	438	29	365	6.52e-44	157
EABAIN_01565	LBKFJK_08495	84.6	741	106	2	15	747	15	755	0.0	1280
EABAIN_01570	DNKGCI_10790	80.8	203	35	1	1	199	1	203	6.09e-123	345
EABAIN_01570	DFCDFN_10345	71.8	216	43	1	1	198	1	216	3.50e-117	331
EABAIN_01575	ABCLFC_01570	79.2	168	35	0	1	168	1	168	6.57e-93	266
EABAIN_01575	BGHOFK_02780	61.3	173	56	3	1	168	1	167	1.34e-64	195
EABAIN_01575	HNNKEJ_12025	61.1	167	65	0	1	167	1	167	1.46e-63	192
EABAIN_01575	CDIIGJ_09745	60.4	169	66	1	1	168	1	169	1.66e-63	192
EABAIN_01575	DNKGCI_08435	60.1	168	66	1	1	167	1	168	1.47e-61	187
EABAIN_01575	IAFHMK_08545	60.7	168	63	2	1	168	1	165	2.46e-59	181
EABAIN_01575	LBKFJK_08445	54.9	175	68	2	1	167	1	172	1.05e-57	177
EABAIN_01575	BDGMGM_05820	56.4	165	68	1	1	165	1	161	1.86e-55	172
EABAIN_01575	CNLKLD_03620	51.8	168	74	2	1	168	1	161	4.33e-52	163
EABAIN_01575	DDDLLA_08260	54.9	175	65	4	1	168	1	168	7.40e-52	162
EABAIN_01580	KEMHDF_01420	99.1	422	4	0	1	422	1	422	2.75e-300	812
EABAIN_01580	DBMAKJ_12120	55.5	416	177	6	5	413	4	418	7.26e-150	432
EABAIN_01590	AANGNE_09170	76.5	277	64	1	1	277	1	276	1.06e-149	419
EABAIN_01590	CNLKLD_04640	72.7	278	70	2	1	277	1	273	5.35e-142	399
EABAIN_01590	CNLKLD_04630	32.5	280	181	4	4	275	1	280	6.59e-44	150
EABAIN_01595	CNLKLD_04630	74.8	278	68	2	1	277	1	277	1.69e-143	404
EABAIN_01595	BEGLKA_07635	91.6	143	12	0	1	143	1	143	1.31e-86	254
EABAIN_01600	AANGNE_09160	83.1	266	45	0	1	266	1	266	1.85e-154	430
EABAIN_01605	EIIOFH_04115	100	203	0	0	1	203	1	203	1.31e-147	408
EABAIN_01605	HNNKEJ_12050	70.0	203	61	0	1	203	1	203	1.58e-103	296
EABAIN_01605	CDIIGJ_09775	70.0	203	61	0	1	203	1	203	1.06e-101	291
EABAIN_01605	IAFHMK_08565	63.1	203	75	0	1	203	1	203	2.04e-92	268
EABAIN_01605	DNKGCI_08455	60.3	204	80	1	1	203	1	204	1.04e-85	251
EABAIN_01605	CNLKLD_04620	57.4	202	85	1	1	202	1	201	1.04e-80	238
EABAIN_01605	DDDLLA_08240	57.1	203	86	1	1	202	1	203	4.02e-76	227
EABAIN_01605	LBKFJK_08425	57.0	172	73	1	1	171	1	172	5.36e-69	207
EABAIN_01610	BGHOFK_02850	71.9	256	47	4	1	256	1	231	8.84e-65	201
EABAIN_01610	NHHNJB_01115	100	97	0	0	1	97	1	97	2.58e-63	192
EABAIN_01615	AAKGEC_05560	99.2	384	3	0	1	384	1	384	1.66e-280	759
EABAIN_01615	AAOIOD_01845	58.6	367	151	1	4	369	8	374	9.30e-160	453
EABAIN_01615	DNKGCI_01305	33.3	366	231	8	3	363	9	366	1.07e-55	187
EABAIN_01615	BGHOFK_09310	33.0	376	229	11	4	365	18	384	1.27e-55	187
EABAIN_01615	IAFHMK_07090	34.1	370	223	8	5	369	8	361	2.10e-55	186
EABAIN_01615	ABCBPP_13855	32.0	375	236	9	4	366	18	385	3.17e-55	186
EABAIN_01615	HNNKEJ_05130	33.5	382	240	8	4	380	10	382	1.39e-54	184
EABAIN_01615	BGHOFK_05020	32.1	364	231	8	4	362	11	363	1.16e-49	171
EABAIN_01620	ABNNBP_02420	78.4	370	80	0	3	372	4	373	7.09e-205	566
EABAIN_01620	EGEBJK_02250	100	283	0	0	1	283	1	283	7.54e-194	535
EABAIN_01620	BGHOFK_02860	58.6	365	139	2	9	372	34	387	1.11e-140	404
EABAIN_01620	DNKGCI_02015	49.9	373	183	4	2	371	6	377	4.76e-112	331
EABAIN_01620	HNNKEJ_02910	51.2	367	164	3	20	372	12	377	6.53e-112	331
EABAIN_01620	CDIIGJ_05660	49.0	390	165	4	17	372	3	392	6.87e-110	326
EABAIN_01620	CNLKLD_04080	48.9	368	181	1	12	372	6	373	3.43e-108	321
EABAIN_01620	CCDPJE_10090	48.7	357	168	4	15	370	9	351	6.98e-108	320
EABAIN_01620	PLNMDF_10610	48.5	365	173	4	9	371	6	357	2.41e-107	318
EABAIN_01620	JEKAEJ_08045	47.8	356	173	1	15	370	7	349	7.47e-107	317
EABAIN_01620	DDDLLA_00005	47.2	373	186	5	4	371	6	372	1.87e-102	306
EABAIN_01620	LBKFJK_04150	47.4	363	187	4	12	371	12	373	7.05e-100	300
EABAIN_01620	PLBPOI_10225	43.2	366	191	2	6	371	10	358	1.46e-95	288
EABAIN_01620	AGHDIE_09655	53.6	265	100	4	107	371	101	342	2.34e-90	275
EABAIN_01620	MMHDPA_10130	48.5	268	116	2	105	372	99	344	6.30e-85	261
EABAIN_01620	FFDIKI_10370	69.5	141	43	0	231	371	1	141	6.30e-66	205
EABAIN_01620	OFBCLB_09270	50.2	213	105	1	160	371	153	365	8.09e-63	204
EABAIN_01620	IAFHMK_06860	51.2	207	101	0	165	371	216	422	6.93e-62	204
EABAIN_01620	LBKFJK_07890	48.5	202	103	1	170	371	133	333	9.69e-59	193
EABAIN_01620	DBJPJM_06415	43.9	198	110	1	173	370	277	473	3.11e-49	172
EABAIN_01620	CJHCCN_04535	44.0	200	111	1	171	370	271	469	4.02e-49	171
EABAIN_01620	BCIMIN_09645	42.9	182	104	0	175	356	273	454	3.01e-45	161
EABAIN_01640	AGDPFD_07695	93.1	203	14	0	1	203	20	222	9.01e-135	376
EABAIN_01645	LBKFJK_08390	78.2	712	146	1	1	712	1	703	0.0	1060
EABAIN_01650	BPNNAG_02670	98.0	147	3	0	1	147	21	167	6.07e-108	303
EABAIN_01650	HNNKEJ_12110	71.8	142	40	0	1	142	1	142	5.24e-75	219
EABAIN_01650	DDDLLA_08205	66.4	140	45	1	3	142	7	144	5.98e-67	199
EABAIN_01650	DNKGCI_08530	66.4	143	46	1	3	145	9	149	7.92e-66	196
EABAIN_01650	PELOCJ_04500	64.5	141	46	2	2	140	1	139	5.17e-65	194
EABAIN_01650	LBKFJK_08385	63.1	141	50	1	2	142	8	146	4.79e-63	189
EABAIN_01655	AAKGEC_05600	99.1	344	3	0	1	344	1	344	5.06e-248	673
EABAIN_01655	HNNKEJ_12115	72.9	343	92	1	1	343	1	342	1.26e-181	505
EABAIN_01655	CCDPJE_04485	71.5	347	94	3	1	344	1	345	8.42e-178	496
EABAIN_01655	IAFHMK_08640	68.9	344	105	2	1	344	1	342	4.86e-172	481
EABAIN_01655	DNKGCI_08535	66.3	341	114	1	2	342	1	340	2.57e-169	474
EABAIN_01655	CNLKLD_02985	66.4	345	114	1	1	343	1	345	3.85e-167	469
EABAIN_01655	OFBCLB_11440	61.6	344	132	0	1	344	1	344	1.54e-154	437
EABAIN_01660	DIBOGN_01240	81.6	217	27	1	1	217	1	204	1.08e-86	254
EABAIN_01660	EJEPOM_07610	65.1	229	68	1	1	217	1	229	4.80e-79	236
EABAIN_01660	ANILPM_08510	56.7	217	91	1	1	217	1	214	2.82e-67	205
EABAIN_01660	BGHOFK_09115	63.1	217	78	1	1	217	1	215	5.45e-65	199
EABAIN_01660	AANGNE_04995	59.0	217	84	2	1	217	1	212	3.25e-63	195
EABAIN_01660	HNAFAL_01535	49.8	217	106	3	1	217	1	214	1.56e-56	178
EABAIN_01660	LBKFJK_02295	59.2	147	60	0	71	217	50	196	8.72e-52	165
EABAIN_01660	BEIAAA_00810	60.3	141	56	0	76	216	182	322	1.93e-51	168
EABAIN_01665	ENIHOO_01595	99.8	561	0	1	1	560	1	561	0.0	1101
EABAIN_01665	CEFOCI_09510	35.8	551	345	6	12	556	4	551	2.03e-120	366
EABAIN_01670	ABCLFC_01695	93.9	82	5	0	1	82	2	83	8.15e-51	153
EABAIN_01675	AAKGEC_05620	98.8	241	3	0	1	241	1	241	4.51e-163	450
EABAIN_01675	HNNKEJ_12140	71.5	242	68	1	1	241	1	242	6.95e-119	338
EABAIN_01675	DNKGCI_08560	69.7	241	73	0	1	241	1	241	3.17e-117	334
EABAIN_01675	OFBCLB_11455	66.0	241	82	0	1	241	1	241	7.77e-111	318
EABAIN_01675	AANGNE_08965	66.0	241	77	2	1	241	1	236	1.68e-106	306
EABAIN_01675	CNLKLD_01065	62.1	243	88	4	1	241	1	241	5.29e-97	283
EABAIN_01680	BGHOFK_04625	88.8	188	21	0	1	188	1	188	1.54e-122	343
EABAIN_01680	IAFHMK_08670	70.2	188	51	1	1	188	1	183	7.71e-92	265
EABAIN_01680	DDDLLA_08180	65.4	188	60	1	1	188	1	183	5.82e-85	248
EABAIN_01680	AANGNE_08960	59.6	188	71	1	1	188	1	183	2.87e-78	231
EABAIN_01680	CNLKLD_01060	55.0	189	77	3	3	188	4	187	4.98e-66	201
EABAIN_01685	AAKGEC_05630	100	156	0	0	1	156	1	156	4.40e-110	309
EABAIN_01685	CDIIGJ_09965	69.2	133	41	0	24	156	4	136	2.05e-65	195
EABAIN_01685	BGHOFK_04620	61.1	144	54	1	13	156	6	147	1.24e-59	181
EABAIN_01685	HNNKEJ_12150	55.8	156	64	2	1	156	1	151	1.70e-53	166
EABAIN_01690	AANGNE_08950	80.7	342	62	3	1	341	1	339	1.84e-192	533
EABAIN_01700	KEMHDF_01815	98.9	95	1	0	1	95	1	95	2.91e-64	188
EABAIN_01700	AIGDEK_08320	98.9	95	1	0	2	96	30	124	1.39e-63	187
EABAIN_01705	LCPCCG_07505	94.1	253	3	1	1	253	1	241	2.19e-164	454
EABAIN_01705	CDIIGJ_09985	66.9	251	83	0	3	253	12	262	7.76e-119	339
EABAIN_01705	BGHOFK_04605	65.5	249	86	0	5	253	14	262	5.18e-117	335
EABAIN_01705	HNNKEJ_12170	59.6	250	99	1	6	253	17	266	4.54e-98	287
EABAIN_01705	LBKFJK_08270	52.9	255	118	1	1	253	10	264	8.78e-90	266
EABAIN_01705	AANGNE_08940	54.0	250	113	1	6	253	16	265	7.37e-89	263
EABAIN_01705	DNKGCI_08585	50.2	251	122	2	6	253	16	266	1.82e-79	239
EABAIN_01705	CNLKLD_01015	46.7	255	134	1	1	253	9	263	4.36e-77	233
EABAIN_01710	ABCBPP_02025	99.4	349	2	0	1	349	1	349	3.55e-246	669
EABAIN_01715	AAKGEC_05665	100	246	0	0	1	246	1	246	3.88e-171	471
EABAIN_01715	AANGNE_02185	39.4	216	122	3	18	233	20	226	1.54e-46	154
EABAIN_01715	IAFHMK_08785	37.8	241	129	5	18	239	37	275	2.20e-45	155
EABAIN_01715	BOCCFK_10945	37.7	236	133	6	1	232	1	226	4.38e-45	150
EABAIN_01715	CJHCCN_05470	38.9	226	125	5	1	225	1	214	2.46e-44	152
EABAIN_01720	COJBJG_01010	88.9	270	30	0	1	270	1	270	2.85e-158	440
EABAIN_01720	DPMHNO_06260	94.3	87	5	0	184	270	1	87	1.74e-49	157
EABAIN_01725	ABCLFC_01785	94.8	269	14	0	1	269	5	273	2.45e-175	483
EABAIN_01725	COJBJG_01010	44.8	270	137	6	1	269	14	272	6.29e-56	180
EABAIN_01730	ABCLFC_01790	77.3	519	118	0	1	519	2	520	6.19e-301	822
EABAIN_01730	OFBCLB_11625	72.8	518	141	0	1	518	1	518	1.80e-281	773
EABAIN_01730	HNNKEJ_12220	67.5	520	165	2	1	519	2	518	8.45e-261	720
EABAIN_01730	HDKJGO_02400	64.9	519	181	1	1	519	1	518	7.31e-244	677
EABAIN_01740	ANFPEE_06180	100	160	0	0	1	160	1	160	3.43e-114	320
EABAIN_01740	DNKGCI_00965	71.3	160	46	0	1	160	1	160	3.43e-84	244
EABAIN_01740	DDDLLA_05390	70.3	158	47	0	1	158	1	158	4.00e-83	241
EABAIN_01740	IAFHMK_08690	69.4	160	49	0	1	160	1	160	8.06e-83	240
EABAIN_01740	BGHOFK_04595	69.4	160	49	0	1	160	1	160	2.99e-78	229
EABAIN_01740	CNLKLD_01010	67.5	154	50	0	5	158	4	157	2.59e-72	214
EABAIN_01740	CNLKLD_01005	48.7	158	78	1	1	158	1	155	3.71e-53	165
EABAIN_01745	AAKGEC_05695	99.4	846	5	0	1	846	1	846	0.0	1667
EABAIN_01745	DDDLLA_05395	70.2	845	252	0	1	845	1	845	0.0	1198
EABAIN_01750	BIHALF_03385	98.0	397	8	0	1	397	118	514	4.05e-268	733
EABAIN_01750	JEJJDG_08175	100	305	0	0	1	305	1	305	5.93e-210	578
EABAIN_01750	DFCDFN_10520	72.0	393	110	0	1	393	1	393	8.95e-198	551
EABAIN_01750	CNLKLD_00965	65.8	395	135	0	1	395	1	395	1.52e-178	502
EABAIN_01750	EIKFFD_01250	63.0	395	145	1	3	397	4	397	4.37e-171	483
EABAIN_01750	DDDLLA_02350	64.9	385	135	0	5	389	7	391	1.50e-168	477
EABAIN_01750	BEIAAA_05820	60.3	368	146	0	3	370	4	371	2.18e-150	431
EABAIN_01750	DANMKC_02190	93.5	215	14	0	182	396	1	215	7.61e-130	371
EABAIN_01750	KEJEGF_09260	34.4	366	233	4	1	366	1	359	3.65e-52	178
EABAIN_01755	AAKGEC_05705	100	157	0	0	1	157	1	157	7.57e-107	301
EABAIN_01755	HNNKEJ_05930	61.1	149	58	0	8	156	4	152	3.86e-60	182
EABAIN_01755	DDDLLA_02355	60.4	149	59	0	6	154	2	150	1.11e-54	169
EABAIN_01755	IAFHMK_08715	52.6	156	74	0	1	156	1	156	5.72e-51	159
EABAIN_01755	AANGNE_08920	53.7	147	68	0	8	154	4	150	7.54e-48	151
EABAIN_01760	BGHOFK_04575	81.0	421	79	1	1	421	1	420	8.09e-238	654
EABAIN_01760	DNKGCI_00955	67.5	422	120	2	1	422	1	405	8.48e-190	532
EABAIN_01760	IAFHMK_08720	64.6	415	124	2	6	419	6	398	1.03e-180	509
EABAIN_01760	BNBIEO_02545	62.0	421	139	2	4	424	7	406	2.45e-176	498
EABAIN_01760	CNLKLD_00950	62.3	411	132	3	9	419	9	396	3.49e-166	472
EABAIN_01760	EOLLIN_00815	96.5	173	6	0	253	425	1	173	1.18e-110	322
EABAIN_01760	AIKIDN_09685	56.0	282	124	0	7	288	7	288	2.72e-100	300
EABAIN_01760	DBFGIH_07550	52.7	281	133	0	9	289	9	289	5.00e-93	281
EABAIN_01765	AAKGEC_05715	100	116	0	0	1	116	1	116	1.43e-80	231
EABAIN_01770	AAKGEC_05730	88.9	579	64	0	1	579	1	579	0.0	981
EABAIN_01770	BNBIEO_02540	68.6	579	180	2	1	579	28	604	1.24e-268	746
EABAIN_01770	ABNNBP_02275	33.8	529	333	5	59	579	55	574	3.86e-92	294
EABAIN_01770	EMAPBM_09010	34.5	521	330	5	62	578	59	572	2.01e-86	279
EABAIN_01770	DNKGCI_10680	32.8	530	338	5	59	579	55	575	1.41e-81	266
EABAIN_01770	CDIIGJ_09685	30.4	585	330	8	59	579	55	626	4.98e-80	264
EABAIN_01770	DDDLLA_07465	32.9	484	311	5	96	575	100	573	2.11e-68	232
EABAIN_01770	HNNKEJ_11875	28.3	615	391	12	2	577	33	636	1.99e-65	224
EABAIN_01770	EMAPBM_09015	28.4	524	358	8	60	576	84	597	7.06e-65	222
EABAIN_01770	AAKGEC_01790	32.6	420	278	2	157	575	159	574	1.04e-58	206
EABAIN_01770	IAFHMK_09940	27.1	587	389	9	4	574	32	595	4.59e-58	204
EABAIN_01770	PHNKGJ_05220	100	98	0	0	1	98	1	98	4.98e-56	183
EABAIN_01770	AANGNE_08905	27.1	510	363	6	69	574	189	693	8.23e-53	191
EABAIN_01770	AMDFJK_02110	37.9	261	158	4	312	570	451	709	4.76e-49	181
EABAIN_01770	FJJMED_07175	31.5	397	245	7	191	570	347	733	2.93e-48	179
EABAIN_01770	CJHCCN_07670	36.0	264	165	3	308	571	436	695	4.13e-46	172
EABAIN_01770	PLIDEH_04110	30.2	391	264	4	185	574	335	717	4.23e-46	172
EABAIN_01770	AMFMEJ_11100	32.1	271	179	3	308	577	440	706	8.12e-44	166
EABAIN_01770	EOHHJN_03385	34.8	267	170	3	311	574	302	567	1.16e-42	160
EABAIN_01770	PLDCIE_07790	35.1	239	153	2	333	571	469	705	8.94e-41	157
EABAIN_01770	AAOIOD_04820	34.4	262	165	5	312	571	457	713	6.35e-39	151
EABAIN_01775	HNNKEJ_12255	84.6	708	65	5	1	664	1	708	0.0	1118
EABAIN_01775	AANGNE_08905	68.8	703	165	4	10	664	1	697	0.0	896
EABAIN_01775	HNNKEJ_11875	34.5	539	320	3	151	662	103	635	1.31e-103	328
EABAIN_01775	EMAPBM_09015	37.2	494	296	6	174	662	113	597	2.67e-93	300
EABAIN_01775	LBKFJK_02080	32.0	509	305	10	177	660	109	601	9.62e-72	243
EABAIN_01775	IAFHMK_03340	31.7	492	321	7	176	662	111	592	1.02e-70	240
EABAIN_01775	NGAPDN_04410	26.7	516	369	6	149	662	79	587	5.16e-64	222
EABAIN_01775	AAKGEC_01790	31.2	491	326	5	177	662	92	575	1.62e-62	218
EABAIN_01775	BNBIEO_02540	27.1	521	363	6	148	660	88	599	2.85e-60	212
EABAIN_01775	CNLKLD_02765	27.9	488	344	4	177	662	116	597	4.87e-60	211
EABAIN_01775	FJJMED_07175	28.8	497	337	4	178	662	248	739	5.01e-60	214
EABAIN_01775	PLIDEH_04110	31.0	497	308	11	180	661	242	718	7.62e-57	205
EABAIN_01775	DDDLLA_07570	30.4	477	310	9	188	657	253	714	1.38e-56	204
EABAIN_01775	DDDLLA_07465	27.5	491	343	4	177	662	92	574	2.43e-56	201
EABAIN_01775	AMLBPA_01235	29.8	480	315	9	187	659	268	732	5.37e-55	199
EABAIN_01775	AAOIOD_04820	29.3	481	312	8	187	657	251	713	8.17e-55	199
EABAIN_01775	AMFMEJ_11100	28.2	472	327	7	188	657	239	700	1.75e-53	195
EABAIN_01775	PLDCIE_07790	30.4	506	323	12	163	657	218	705	1.13e-52	192
EABAIN_01775	OFBCLB_00055	29.1	478	315	9	188	657	252	713	3.30e-50	186
EABAIN_01775	ABNNBP_02275	26.3	491	349	7	176	660	86	569	8.31e-50	182
EABAIN_01775	AMDFJK_02110	28.4	479	334	6	180	656	238	709	4.46e-48	179
EABAIN_01775	JFFJEL_12155	26.6	522	347	14	156	659	197	700	6.65e-47	176
EABAIN_01775	CPLMAE_00305	36.7	297	179	6	363	657	297	586	7.68e-47	174
EABAIN_01775	DNKGCI_10680	25.7	522	370	8	148	660	58	570	6.40e-45	169
EABAIN_01775	CDIIGJ_09685	23.4	546	347	8	176	660	86	621	1.44e-44	169
EABAIN_01780	AIPJBK_01780	99.8	421	1	0	1	421	1	421	2.85e-296	802
EABAIN_01780	CNLKLD_04550	40.7	423	246	4	1	421	1	420	8.85e-104	313
EABAIN_01785	AAKGEC_05745	100	72	0	0	1	72	1	72	4.55e-50	150
EABAIN_01790	AAKGEC_05765	100	117	0	0	1	117	1	117	6.46e-69	202
EABAIN_01790	DNKGCI_00930	69.9	113	34	0	4	116	4	116	2.94e-49	152
EABAIN_01795	AAKGEC_05770	100	182	0	0	1	182	1	182	6.39e-118	331
EABAIN_01795	DNKGCI_00925	68.5	181	57	0	1	181	1	181	3.07e-84	246
EABAIN_01795	BGHOFK_04540	69.8	182	55	0	1	182	1	182	2.43e-83	243
EABAIN_01795	DDDLLA_05450	69.1	181	56	0	1	181	1	181	4.81e-81	238
EABAIN_01795	AANGNE_06285	55.2	181	81	0	1	181	1	181	5.69e-63	192
EABAIN_01795	CNLKLD_00575	52.7	182	86	0	1	182	1	182	3.32e-57	177
EABAIN_01800	BKOEEG_01850	94.9	158	8	0	1	158	30	187	2.04e-102	291
EABAIN_01805	BCIBOL_01580	97.7	175	4	0	1	175	1	175	1.65e-112	317
EABAIN_01805	CNLKLD_00565	48.0	173	86	1	4	176	2	170	1.30e-49	157
EABAIN_01805	DDDLLA_05460	49.7	181	88	2	1	181	1	178	2.91e-47	152
EABAIN_01805	AANGNE_08875	48.0	177	89	2	1	177	1	174	1.17e-46	150
EABAIN_01810	CGMKCF_02540	98.6	289	1	1	1	286	1	289	2.60e-192	528
EABAIN_01810	DDDLLA_05475	71.6	285	81	0	1	285	1	285	7.65e-138	390
EABAIN_01810	IAFHMK_08775	68.9	286	86	2	1	285	1	284	8.03e-128	364
EABAIN_01810	AAKGEC_05800	57.1	287	120	2	1	285	1	286	4.63e-108	314
EABAIN_01810	IAFHMK_08780	58.4	286	118	1	1	285	1	286	9.32e-108	313
EABAIN_01810	CNLKLD_00560	57.7	286	118	2	1	285	1	284	1.04e-106	311
EABAIN_01810	BAFONJ_06385	56.5	285	121	1	1	285	1	282	1.20e-105	308
EABAIN_01810	BEJELC_09410	52.1	288	135	2	1	285	1	288	6.19e-104	304
EABAIN_01810	DDDLLA_05485	55.6	284	121	2	4	285	2	282	4.44e-100	294
EABAIN_01810	DNKGCI_00900	52.1	288	135	3	1	285	1	288	1.44e-97	288
EABAIN_01810	IAFHMK_05095	52.6	285	133	1	1	285	1	283	1.79e-92	275
EABAIN_01810	DDDLLA_03420	49.0	288	143	2	1	285	1	287	6.00e-92	273
EABAIN_01810	HNNKEJ_04280	48.6	286	145	2	1	284	1	286	2.38e-86	259
EABAIN_01815	CGMKCF_02540	75.3	288	68	1	1	285	1	288	1.64e-149	419
EABAIN_01815	DDDLLA_05475	70.3	286	85	0	1	286	1	286	5.68e-140	395
EABAIN_01815	IAFHMK_08775	67.4	288	89	2	1	286	1	285	7.72e-133	377
EABAIN_01815	BAFONJ_06385	61.5	286	107	1	1	286	1	283	9.64e-122	349
EABAIN_01815	AAKGEC_05800	59.9	287	112	2	1	285	1	286	1.55e-118	341
EABAIN_01815	CNLKLD_00560	58.7	286	117	1	1	286	1	285	2.45e-117	338
EABAIN_01815	BEJELC_09410	54.5	288	128	2	1	285	1	288	3.22e-111	322
EABAIN_01815	DNKGCI_00900	54.7	287	127	3	1	284	1	287	4.03e-107	312
EABAIN_01815	DDDLLA_05485	58.0	281	117	1	4	284	2	281	9.40e-107	311
EABAIN_01815	IAFHMK_08780	53.1	286	133	1	1	285	1	286	7.12e-105	306
EABAIN_01815	IAFHMK_05095	53.1	286	132	1	1	286	1	284	4.40e-103	301
EABAIN_01815	DDDLLA_03420	51.7	288	135	2	1	285	1	287	2.98e-102	300
EABAIN_01815	HNNKEJ_04280	49.8	289	137	3	1	284	1	286	3.44e-96	284
EABAIN_01815	BEGLKA_07965	52.5	139	65	1	1	138	1	139	4.06e-47	154
EABAIN_01820	BEJELC_09410	98.5	275	2	1	1	273	14	288	5.54e-188	516
EABAIN_01820	IAFHMK_08780	75.4	264	65	0	10	273	23	286	1.39e-139	394
EABAIN_01820	DNKGCI_00900	66.4	274	90	2	2	273	15	288	2.83e-130	370
EABAIN_01820	IAFHMK_08775	61.3	256	97	2	19	273	30	284	3.18e-107	311
EABAIN_01820	DDDLLA_05475	56.7	268	115	1	6	273	19	285	1.44e-103	302
EABAIN_01820	AAKGEC_05800	54.6	273	122	2	1	273	16	286	1.17e-102	300
EABAIN_01820	CGMKCF_02540	54.3	265	120	1	9	273	25	288	2.12e-101	297
EABAIN_01820	CNLKLD_00560	50.9	273	132	2	1	273	14	284	1.52e-90	269
EABAIN_01820	BAFONJ_06385	50.9	275	132	3	1	273	9	282	8.70e-90	267
EABAIN_01820	IAFHMK_05095	49.6	272	135	2	2	273	14	283	2.40e-89	266
EABAIN_01820	DDDLLA_05485	47.6	273	138	2	1	273	15	282	5.52e-85	255
EABAIN_01820	HNNKEJ_04280	44.9	274	148	2	1	272	14	286	4.16e-81	245
EABAIN_01820	DDDLLA_03420	45.0	271	147	2	4	273	18	287	1.67e-80	244
EABAIN_01825	AAKGEC_05800	100	286	0	0	1	286	1	286	1.81e-205	561
EABAIN_01825	IAFHMK_05095	68.6	287	85	2	1	286	1	283	1.17e-136	387
EABAIN_01825	DDDLLA_05485	62.9	283	103	1	4	286	2	282	4.40e-129	367
EABAIN_01825	IAFHMK_08775	62.0	287	105	2	1	286	1	284	4.37e-125	357
EABAIN_01825	DDDLLA_05475	58.4	286	118	1	1	286	1	285	2.25e-113	328
EABAIN_01825	IAFHMK_08780	57.5	287	120	2	1	286	1	286	3.48e-110	320
EABAIN_01825	CGMKCF_02540	56.6	290	120	2	1	286	1	288	1.10e-109	318
EABAIN_01825	BEJELC_09410	53.1	290	130	3	1	286	1	288	2.84e-107	312
EABAIN_01825	BAFONJ_06385	54.7	285	123	2	2	286	4	282	8.46e-106	308
EABAIN_01825	CNLKLD_00560	53.5	286	131	1	1	286	1	284	2.44e-100	295
EABAIN_01825	DNKGCI_00900	52.1	290	133	4	1	286	1	288	7.68e-100	293
EABAIN_01825	HNNKEJ_04280	49.8	285	142	1	2	285	2	286	9.14e-94	278
EABAIN_01825	DDDLLA_03420	46.7	287	152	1	1	286	1	287	3.93e-90	269
EABAIN_01825	BEGLKA_07965	77.2	145	29	2	1	143	1	143	1.58e-73	222
EABAIN_01830	AAKGEC_05805	99.7	368	1	0	1	368	1	368	8.19e-257	697
EABAIN_01830	CNLKLD_00555	74.8	365	91	1	1	364	1	365	8.98e-190	528
EABAIN_01830	IAFHMK_08785	70.0	377	99	3	1	363	1	377	1.19e-178	500
EABAIN_01830	AANGNE_01045	64.9	362	113	2	3	360	2	353	6.08e-159	449
EABAIN_01830	AAKGEC_12175	40.5	257	132	5	4	260	5	240	2.01e-51	171
EABAIN_01830	AANGNE_02185	38.1	260	140	5	1	260	1	239	8.11e-51	169
EABAIN_01830	AAKGEC_12360	37.5	256	139	5	5	260	7	241	3.34e-46	157
EABAIN_01830	AANGNE_03680	39.7	257	137	7	4	260	1	239	4.58e-44	152
EABAIN_01835	AAKGEC_05810	100	231	0	0	1	231	1	231	1.17e-144	402
EABAIN_01835	AANGNE_01050	64.1	231	83	0	1	231	1	231	4.01e-94	275
EABAIN_01835	CNLKLD_00550	66.7	231	76	1	1	231	1	230	1.01e-84	251
EABAIN_01840	OCIPFJ_01930	96.2	182	7	0	1	182	7	188	5.17e-123	344
EABAIN_01840	DDDLLA_01320	51.6	182	86	2	1	182	1	180	1.65e-59	183
EABAIN_01845	PLDCIE_10175	86.0	565	61	1	1	565	1	547	0.0	944
EABAIN_01845	HNNKEJ_12610	71.8	557	157	0	1	557	1	557	3.02e-287	791
EABAIN_01845	IAFHMK_08800	67.8	565	182	0	1	565	1	565	8.07e-273	754
EABAIN_01845	LBKFJK_01875	47.5	573	288	8	2	565	3	571	1.47e-164	480
EABAIN_01845	DDDLLA_01315	47.4	551	278	6	2	543	3	550	1.67e-163	477
EABAIN_01845	CNLKLD_04640	37.8	238	142	4	296	528	2	238	1.58e-41	150
EABAIN_01850	AAKGEC_05825	99.6	273	1	0	1	273	1	273	1.01e-124	355
EABAIN_01850	DDDLLA_01310	34.6	269	171	2	9	272	6	274	4.04e-46	155
EABAIN_01860	AGINCK_05250	99.2	250	2	0	1	250	10	259	1.88e-173	477
EABAIN_01860	IAFHMK_08815	73.0	248	67	0	1	248	1	248	1.59e-126	358
EABAIN_01860	DNKGCI_00875	68.1	248	79	0	3	250	12	259	1.88e-120	343
EABAIN_01860	AANGNE_02560	69.6	247	75	0	3	249	12	258	1.12e-119	341
EABAIN_01860	CNLKLD_00545	63.1	249	92	0	1	249	10	258	2.50e-111	320
EABAIN_01860	ABIMCM_04370	44.6	240	132	1	1	240	13	251	2.31e-67	208
EABAIN_01860	DDDLLA_05525	42.1	233	131	2	2	233	9	238	8.01e-55	176
EABAIN_01860	EIKFFD_02925	37.9	232	142	2	1	231	9	239	1.16e-47	158
EABAIN_01860	HNNKEJ_04655	37.1	232	142	2	3	233	11	239	1.35e-47	157
EABAIN_01865	AAKGEC_05840	100	316	0	0	1	316	1	316	2.85e-208	570
EABAIN_01865	IAFHMK_08820	71.5	316	90	0	1	316	1	316	5.54e-148	418
EABAIN_01865	DNKGCI_00870	65.5	316	109	0	1	316	1	316	7.31e-139	395
EABAIN_01865	LBKFJK_05390	62.0	316	120	0	1	316	1	316	1.13e-135	387
EABAIN_01865	CNLKLD_00540	54.4	316	144	0	1	316	1	316	1.00e-108	318
EABAIN_01865	AANGNE_02565	59.9	297	119	0	20	316	20	316	1.65e-108	318
EABAIN_01865	AANGNE_08125	34.7	294	183	4	28	316	49	338	9.74e-45	155
EABAIN_01870	AAKGEC_05845	99.7	312	1	0	1	312	1	312	1.11e-203	558
EABAIN_01870	DNKGCI_00865	71.2	312	90	0	1	312	1	312	1.24e-149	422
EABAIN_01870	LBKFJK_05395	69.6	312	95	0	1	312	1	312	1.30e-144	409
EABAIN_01870	CNLKLD_00535	63.3	311	114	0	1	311	1	311	3.48e-133	380
EABAIN_01870	EIKFFD_08845	64.3	297	106	0	16	312	18	314	1.68e-126	363
EABAIN_01875	AAKGEC_05850	99.7	313	1	0	1	313	1	313	2.94e-204	560
EABAIN_01875	LBKFJK_05400	71.0	310	89	1	1	309	1	310	7.37e-154	432
EABAIN_01875	DNKGCI_00860	68.4	310	98	0	1	310	1	310	6.41e-150	422
EABAIN_01875	BLCAGE_02670	71.9	281	79	0	33	313	33	313	1.48e-145	412
EABAIN_01875	CNLKLD_00530	68.2	274	87	0	40	313	38	311	5.66e-134	382
EABAIN_01880	EHLNLG_10510	99.7	301	1	0	1	301	1	301	3.28e-216	589
EABAIN_01880	OFBCLB_06955	30.0	303	210	2	1	301	1	303	1.56e-49	166
EABAIN_01880	HNNKEJ_08150	28.2	301	214	2	2	300	4	304	9.76e-44	151
EABAIN_01885	BEIAAA_00140	80.3	390	77	0	1	390	1	390	4.00e-209	580
EABAIN_01885	BGHOFK_00975	69.0	378	117	0	2	379	3	380	4.07e-169	478
EABAIN_01885	CHBPFB_10980	99.3	150	1	0	244	393	1	150	9.35e-89	264
EABAIN_01890	CGMKCF_02875	88.6	272	7	1	1	272	1	248	7.18e-172	474
EABAIN_01890	BGHOFK_00970	63.0	270	99	1	3	272	11	279	5.51e-121	346
EABAIN_01890	FAAIHB_09145	73.5	151	40	0	122	272	1	151	2.89e-76	228
EABAIN_01890	MCFIIO_04210	47.1	261	127	5	1	257	5	258	4.18e-73	225
EABAIN_01890	DNKGCI_08600	45.6	263	131	4	3	257	9	267	4.62e-73	224
EABAIN_01890	HNNKEJ_05950	44.2	274	141	4	7	272	1	270	6.39e-73	224
EABAIN_01890	AAKGEC_05485	43.7	279	142	5	3	272	9	281	3.29e-70	217
EABAIN_01890	ACNHAK_01805	43.5	260	141	3	1	257	4	260	5.76e-70	217
EABAIN_01890	CMMBIF_02665	45.6	259	132	4	2	257	5	257	2.11e-69	215
EABAIN_01890	ABNNBP_07265	45.8	260	130	5	2	257	5	257	5.97e-69	214
EABAIN_01890	HCCODA_06110	43.6	264	141	3	3	264	6	263	1.20e-68	213
EABAIN_01890	MJPEDB_02500	43.2	259	138	4	2	257	5	257	1.54e-65	205
EABAIN_01890	IAFHMK_02645	40.6	278	153	4	3	272	9	282	3.59e-64	202
EABAIN_01890	ABCBPP_06850	40.8	260	148	3	3	260	9	264	4.79e-64	201
EABAIN_01890	AANGNE_05130	40.4	272	154	5	3	270	8	275	2.97e-62	197
EABAIN_01890	AAKGEC_11745	40.6	261	144	5	1	258	5	257	4.45e-62	196
EABAIN_01890	HNNKEJ_03150	42.4	264	143	5	3	263	12	269	1.46e-60	192
EABAIN_01890	DNKGCI_00585	41.2	260	141	5	1	257	6	256	1.46e-60	192
EABAIN_01890	EIKFFD_02290	39.5	266	146	4	2	257	7	267	1.54e-60	192
EABAIN_01890	IAFHMK_06940	37.9	269	153	4	3	262	10	273	2.06e-60	192
EABAIN_01890	IAFHMK_03355	41.3	264	148	4	2	263	11	269	2.91e-60	192
EABAIN_01890	CDIIGJ_01590	41.5	260	143	4	1	257	4	257	8.95e-60	191
EABAIN_01890	LBKFJK_01770	39.8	279	156	4	2	272	9	283	9.50e-59	188
EABAIN_01890	LBKFJK_09485	38.1	260	149	5	1	257	5	255	2.76e-57	184
EABAIN_01890	CFLCIE_00940	38.9	262	152	3	1	260	4	259	1.64e-56	182
EABAIN_01895	ACDDAG_03585	82.6	115	20	0	1	115	1	115	1.19e-67	199
EABAIN_01895	BGHOFK_00965	68.4	114	36	0	2	115	3	116	8.31e-55	166
EABAIN_01900	ABCBPP_02320	98.5	130	2	0	1	130	1	130	3.45e-90	256
EABAIN_01900	BGHOFK_01545	65.6	125	43	0	6	130	6	130	2.27e-54	166
EABAIN_01905	LKGJOH_01855	99.1	233	2	0	1	233	1	233	4.70e-174	477
EABAIN_01910	AAKGEC_05885	100	187	0	0	1	187	1	187	8.48e-139	384
EABAIN_01910	HNNKEJ_07005	72.2	187	52	0	1	187	1	187	2.83e-96	276
EABAIN_01915	AANGNE_04950	71.1	509	146	1	2	509	1	509	3.41e-267	736
EABAIN_01915	CNLKLD_06545	72.4	511	137	4	1	509	1	509	1.13e-265	732
EABAIN_01915	LLNAOI_02160	99.7	353	1	0	157	509	1	353	5.38e-251	688
EABAIN_01915	HJKBNP_05400	97.9	286	6	0	1	286	1	286	5.96e-194	541
EABAIN_01915	FGEEDJ_05235	34.6	301	191	5	209	505	4	302	1.84e-48	169
EABAIN_01915	MKCKPI_06015	33.3	306	189	6	209	506	21	319	9.16e-45	159
EABAIN_01920	OECBDL_03680	90.0	733	61	1	1	721	1	733	0.0	1255
EABAIN_01920	ABJDJH_12780	74.5	698	176	2	25	721	22	718	0.0	1019
EABAIN_01920	IAFHMK_08865	63.0	691	251	3	25	712	29	717	4.68e-294	821
EABAIN_01920	DDDLLA_05515	57.4	697	279	6	34	719	36	725	3.89e-265	748
EABAIN_01920	AANGNE_01075	56.8	703	292	5	25	719	20	718	1.37e-264	746
EABAIN_01920	CNLKLD_00500	54.5	701	312	3	25	719	16	715	3.72e-256	724
EABAIN_01925	AAKGEC_05900	100	198	0	0	1	198	1	198	4.83e-139	385
EABAIN_01930	ABCLFC_02025	97.1	349	10	0	1	349	56	404	1.94e-245	669
EABAIN_01930	CNLKLD_00490	60.8	352	134	3	1	349	1	351	3.70e-151	429
EABAIN_01935	IAFHMK_08880	71.7	441	123	2	1	440	1	440	5.26e-230	636
EABAIN_01935	CNLKLD_00485	72.8	441	116	3	1	440	13	450	6.90e-229	634
EABAIN_01935	DDDLLA_05605	73.4	443	114	3	1	440	1	442	8.85e-224	620
EABAIN_01935	AANGNE_01110	69.1	443	132	4	1	440	1	441	2.56e-216	601
EABAIN_01940	GCFKAO_09000	99.8	541	1	0	10	550	14	554	0.0	1058
EABAIN_01940	CNLKLD_00880	59.4	554	221	2	1	550	1	554	2.63e-226	635
EABAIN_01940	IAFHMK_08890	56.6	558	233	5	1	550	1	557	3.35e-213	602
EABAIN_01940	DNKGCI_00815	56.1	560	232	4	1	550	1	556	1.79e-212	600
EABAIN_01940	AANGNE_01115	55.6	556	241	3	1	550	1	556	2.63e-212	600
EABAIN_01940	DDDLLA_09065	55.3	557	241	3	1	550	1	556	4.45e-208	589
EABAIN_01940	BGHOFK_04425	55.6	554	233	4	1	550	7	551	1.74e-206	585
EABAIN_01940	DNKGCI_10480	54.3	551	241	5	2	550	3	544	2.15e-203	577
EABAIN_01940	LBKFJK_06405	54.0	548	240	5	7	549	14	554	1.35e-194	555
EABAIN_01940	CDIIGJ_04550	51.5	551	256	3	1	547	1	544	1.44e-189	542
EABAIN_01940	DBDHAK_11915	46.4	554	285	4	1	549	13	559	1.43e-169	491
EABAIN_01940	NAFEBK_07190	97.7	175	4	0	41	215	1	175	1.15e-114	339
EABAIN_01945	BGHOFK_04425	91.7	545	45	0	1	545	7	551	0.0	991
EABAIN_01945	DNKGCI_00815	59.4	557	213	5	1	545	1	556	3.37e-221	622
EABAIN_01945	IAFHMK_08890	58.5	561	213	8	1	545	1	557	1.05e-210	596
EABAIN_01945	DDDLLA_09065	57.4	561	218	7	1	545	1	556	4.56e-209	592
EABAIN_01945	AANGNE_01115	57.5	558	222	6	1	545	1	556	2.71e-208	590
EABAIN_01945	CNLKLD_00880	56.1	558	228	6	1	545	1	554	1.30e-205	583
EABAIN_01945	GCFKAO_09000	57.1	536	217	4	19	545	23	554	4.91e-203	576
EABAIN_01945	LBKFJK_06405	50.1	547	269	4	1	544	9	554	8.49e-174	502
EABAIN_01945	CDIIGJ_04550	50.6	545	265	4	1	542	1	544	1.95e-170	493
EABAIN_01945	DNKGCI_10480	48.6	549	273	4	1	545	1	544	5.25e-167	484
EABAIN_01945	DBDHAK_11915	45.0	545	297	3	1	542	13	557	1.73e-150	442
EABAIN_01945	NAFEBK_07190	64.0	175	63	0	45	219	1	175	6.00e-73	231
EABAIN_01950	AAKGEC_05925	100	303	0	0	1	303	1	303	3.35e-205	561
EABAIN_01950	AANGNE_01120	70.1	301	90	0	3	303	4	304	1.44e-144	408
EABAIN_01950	AAKGEC_11930	33.0	318	194	7	3	303	3	318	2.29e-44	153
EABAIN_01955	AAKGEC_05930	100	343	0	0	1	343	1	343	2.66e-238	649
EABAIN_01955	AANGNE_01125	68.6	344	107	1	1	343	1	344	1.59e-163	459
EABAIN_01960	BGHOFK_04410	97.1	348	10	0	1	348	1	348	1.25e-251	683
EABAIN_01960	DFCDFN_03525	59.0	334	135	2	3	335	4	336	6.07e-134	385
EABAIN_01960	ABCLFC_03590	47.1	276	145	1	6	281	17	291	3.94e-81	250
EABAIN_01960	ABNNBP_08060	37.7	345	200	6	4	336	8	349	1.25e-68	218
EABAIN_01960	DFCDFN_03530	33.4	317	186	5	1	316	3	295	3.25e-58	190
EABAIN_01960	AANGNE_01135	39.2	273	156	5	1	270	1	266	3.20e-57	187
EABAIN_01960	DDDLLA_05570	36.6	325	193	4	3	321	16	333	3.34e-56	187
EABAIN_01960	AAKGEC_11925	38.7	271	145	6	5	265	3	262	2.89e-53	177
EABAIN_01960	BCFLNJ_05705	37.7	273	155	5	5	270	3	267	2.58e-50	177
EABAIN_01965	AANGNE_01135	77.8	311	67	1	1	311	1	309	1.25e-170	475
EABAIN_01965	DFCDFN_03530	52.2	312	144	4	1	310	1	309	4.07e-103	304
EABAIN_01965	AAKGEC_11925	50.0	236	115	2	28	263	30	262	5.12e-70	219
EABAIN_01965	BCFLNJ_05705	50.0	242	118	2	28	269	30	268	1.21e-67	222
EABAIN_01965	BGHOFK_04410	42.6	272	149	5	2	268	1	270	1.53e-61	199
EABAIN_01965	DDDLLA_05570	42.7	241	134	2	28	266	42	280	2.42e-59	194
EABAIN_01965	DFCDFN_03525	41.5	265	147	6	2	260	1	263	6.39e-58	189
EABAIN_01965	JOJNOE_06315	44.4	234	122	4	28	260	30	256	1.69e-54	181
EABAIN_01965	ABCLFC_03590	38.6	246	145	4	27	267	35	279	7.26e-51	171
EABAIN_01965	ABNNBP_08060	37.6	266	155	5	3	260	7	269	1.62e-50	170
EABAIN_01970	DNKGCI_00780	87.4	524	63	2	1	523	1	522	0.0	914
EABAIN_01970	AAKGEC_04640	29.4	493	305	9	1	457	1	486	4.12e-58	204
EABAIN_01975	IAFHMK_08920	75.5	551	122	5	1	547	1	542	1.41e-265	734
EABAIN_01975	ALNFEK_00715	100	293	0	0	255	547	1	293	9.28e-168	476
EABAIN_01975	AAKGEC_08515	37.3	359	223	2	1	357	1	359	7.77e-73	238
EABAIN_01980	DDDLLA_05670	89.4	303	32	0	1	303	9	311	5.36e-197	541
EABAIN_01985	AAKGEC_05960	100	530	0	0	1	530	1	530	0.0	1077
EABAIN_01990	FHIFIE_05630	99.6	271	1	0	1	271	1	271	1.03e-197	540
EABAIN_01990	HNNKEJ_12755	71.1	273	78	1	1	272	1	273	2.67e-143	402
EABAIN_01990	CDIIGJ_10230	71.3	272	78	0	1	272	1	272	2.26e-142	400
EABAIN_01990	IAFHMK_08935	65.6	282	86	4	1	272	1	281	9.68e-125	356
EABAIN_01990	ACDDAG_05325	63.7	273	96	3	1	271	1	272	2.35e-123	352
EABAIN_01990	DDDLLA_05680	61.3	282	96	3	1	270	1	281	1.83e-118	340
EABAIN_01990	DNKGCI_11640	65.2	256	88	1	1	255	1	256	5.08e-118	338
EABAIN_01995	DNKGCI_11635	87.3	395	41	3	1	386	1	395	4.83e-233	639
EABAIN_01995	LLMEEB_11955	46.7	332	164	3	19	347	29	350	8.82e-100	300
EABAIN_01995	EIIOFH_10990	46.1	319	165	2	19	337	19	330	2.73e-92	280
EABAIN_01995	EPKBNI_02225	98.0	100	2	0	1	100	1	100	2.38e-58	186
EABAIN_01995	FHIFIE_01670	44.6	193	100	2	145	337	4	189	1.83e-47	168
EABAIN_02000	CDIIGJ_10240	81.3	459	84	1	1	457	1	459	4.29e-263	721
EABAIN_02000	CNLKLD_00825	68.2	456	137	1	5	452	2	457	1.11e-222	619
EABAIN_02000	IAFHMK_03485	70.0	447	134	0	8	454	13	459	9.40e-221	614
EABAIN_02000	PHNFPI_05015	61.9	454	165	1	7	452	5	458	2.63e-196	552
EABAIN_02000	IAFHMK_10320	63.4	459	159	2	8	457	22	480	5.90e-196	552
EABAIN_02000	AGFMFG_04015	69.9	319	96	0	139	457	3	321	8.03e-154	439
EABAIN_02000	FIHDIM_11920	33.8	458	286	5	8	454	7	458	1.11e-81	259
EABAIN_02000	JBKKJP_13050	35.1	388	239	6	13	393	14	395	2.32e-64	214
EABAIN_02000	BNBIEO_00300	30.5	374	255	5	16	386	12	383	2.01e-58	198
EABAIN_02000	AAKGEC_06030	32.5	397	251	6	7	393	2	391	4.00e-57	195
EABAIN_02000	DNKGCI_09195	33.9	354	218	6	4	345	3	352	2.43e-55	191
EABAIN_02000	CDIIGJ_07805	33.5	352	221	6	8	348	8	357	4.58e-52	182
EABAIN_02005	PHNFPI_05015	99.8	458	1	0	1	458	1	458	0.0	893
EABAIN_02005	IAFHMK_10320	70.3	454	130	2	6	456	22	473	1.07e-225	627
EABAIN_02005	CDIIGJ_10240	64.0	453	157	3	6	458	8	454	2.09e-200	562
EABAIN_02005	CNLKLD_00825	60.0	458	182	1	1	458	1	457	1.08e-194	548
EABAIN_02005	IAFHMK_03485	59.6	455	176	1	4	458	11	457	3.00e-191	539
EABAIN_02005	AGFMFG_04015	58.1	320	126	2	139	458	5	316	4.82e-123	360
EABAIN_02005	FIHDIM_11920	34.7	444	255	8	9	436	10	434	1.52e-74	241
EABAIN_02005	JBKKJP_13050	38.2	356	201	7	9	357	12	355	1.29e-69	228
EABAIN_02005	AAKGEC_06030	36.9	363	210	5	4	358	1	352	8.84e-63	210
EABAIN_02005	DNKGCI_09195	35.2	369	216	6	1	357	1	358	1.04e-61	207
EABAIN_02005	BNBIEO_00300	30.0	387	258	6	7	390	5	381	6.97e-61	204
EABAIN_02005	CDIIGJ_07805	35.1	365	214	8	6	358	8	361	2.89e-59	201
EABAIN_02005	FAKCMI_12975	27.3	461	305	7	4	458	1	437	1.57e-56	193
EABAIN_02010	ABCLFC_02110	82.4	108	19	0	1	108	19	126	3.86e-60	179
EABAIN_02015	BGHOFK_04355	75.0	108	27	0	1	108	1	108	5.51e-54	163
EABAIN_02020	AAKGEC_05995	100	172	0	0	1	172	1	172	2.78e-123	343
EABAIN_02020	HNNKEJ_12785	73.8	172	45	0	1	172	1	172	4.93e-92	265
EABAIN_02020	BGHOFK_04350	70.3	172	51	0	1	172	1	172	4.30e-86	249
EABAIN_02020	IAFHMK_08955	58.7	172	71	0	1	172	1	172	1.82e-66	200
EABAIN_02020	CNOINH_01910	52.3	172	82	0	1	172	4	175	3.40e-60	184
EABAIN_02020	DNKGCI_11610	50.0	172	86	0	1	172	1	172	3.88e-56	174
EABAIN_02020	OFBCLB_04925	49.4	172	87	0	1	172	1	172	3.15e-55	171
EABAIN_02020	CNLKLD_00810	52.1	167	78	2	1	165	1	167	3.05e-53	166
EABAIN_02020	LBKFJK_05530	47.7	172	90	0	1	172	1	172	5.56e-51	160
EABAIN_02025	AANGNE_01215	80.7	197	38	0	1	197	1	197	3.11e-112	318
EABAIN_02030	AJCMKJ_02375	87.3	268	1	1	1	268	1	235	2.81e-158	439
EABAIN_02030	IAFHMK_02300	71.7	265	75	0	4	268	1	265	3.65e-131	371
EABAIN_02030	BGHOFK_08040	61.5	260	95	1	14	268	12	271	4.55e-112	323
EABAIN_02030	ACDDAG_07330	43.0	242	136	2	14	253	12	253	9.36e-63	197
EABAIN_02035	HNNKEJ_12795	90.7	226	21	0	1	226	4	229	2.79e-148	411
EABAIN_02040	DFCDFN_00335	81.9	270	49	0	1	270	2	271	4.27e-162	450
EABAIN_02040	AANGNE_01225	67.4	270	88	0	1	270	1	270	1.35e-137	388
EABAIN_02040	CNLKLD_00795	63.2	266	97	1	3	268	5	269	4.08e-123	351
EABAIN_02045	AIGDEK_07960	99.7	292	1	0	1	292	1	292	3.95e-214	583
EABAIN_02045	DNKGCI_11590	67.2	317	80	2	1	293	1	317	7.74e-152	427
EABAIN_02045	IAFHMK_04075	70.1	294	86	2	1	292	1	294	5.52e-150	421
EABAIN_02045	CNLKLD_00790	67.2	296	94	2	1	293	1	296	4.82e-142	401
EABAIN_02045	ACDDAG_05370	60.2	294	114	2	1	293	1	292	1.03e-129	370
EABAIN_02050	HNNKEJ_12810	77.5	275	60	2	4	276	2	276	4.92e-143	402
EABAIN_02050	OFBCLB_04900	67.6	272	82	2	5	276	4	269	2.39e-118	339
EABAIN_02050	CDIIGJ_10285	66.5	275	84	4	4	276	2	270	1.04e-112	325
EABAIN_02050	DNKGCI_11570	76.2	210	46	2	70	276	70	278	2.29e-106	309
EABAIN_02050	IAFHMK_04070	75.1	209	50	2	70	276	56	264	7.75e-102	297
EABAIN_02050	CNLKLD_01145	59.5	274	101	4	5	276	2	267	7.29e-98	287
EABAIN_02050	AANGNE_01235	58.0	276	85	6	4	276	3	250	1.88e-89	265
EABAIN_02055	AAKGEC_06030	100	477	0	0	1	477	1	477	0.0	926
EABAIN_02055	JBKKJP_13050	67.5	474	152	2	4	477	10	481	4.72e-231	642
EABAIN_02055	CDIIGJ_07805	56.5	480	199	5	6	475	11	490	1.68e-188	534
EABAIN_02055	DNKGCI_09195	57.2	474	195	5	6	475	10	479	7.33e-187	530
EABAIN_02055	OFBCLB_02110	39.0	461	261	6	4	459	17	462	8.55e-105	320
EABAIN_02055	FIHDIM_11920	34.7	429	259	7	6	425	10	426	1.49e-72	236
EABAIN_02055	CNLKLD_00825	33.0	446	269	10	1	428	1	434	1.01e-63	213
EABAIN_02055	IAFHMK_10320	36.1	385	212	8	6	380	25	385	8.80e-62	208
EABAIN_02055	PHNFPI_05015	36.9	363	210	5	1	352	4	358	1.79e-61	207
EABAIN_02055	CDIIGJ_10240	33.1	393	242	7	9	391	14	395	3.13e-57	196
EABAIN_02055	IAFHMK_03485	33.7	404	246	8	1	391	4	398	4.67e-57	195
EABAIN_02055	FAKCMI_12975	30.9	440	285	9	1	433	1	428	9.68e-54	186
EABAIN_02055	HNNKEJ_12840	95.1	81	4	0	1	81	1	81	4.01e-46	155
EABAIN_02060	AAKGEC_06035	99.3	270	2	0	1	270	1	270	1.17e-193	530
EABAIN_02060	ABCLFC_02160	71.0	269	76	2	1	269	1	267	2.98e-131	372
EABAIN_02060	HNNKEJ_12875	71.5	246	70	0	1	246	11	256	3.68e-120	345
EABAIN_02060	CDIIGJ_10295	62.7	271	86	3	1	266	1	261	1.02e-109	318
EABAIN_02060	LBKFJK_00160	62.4	245	82	2	1	236	1	244	1.05e-99	294
EABAIN_02060	DNKGCI_03165	56.1	289	99	6	1	266	1	284	7.77e-99	291
EABAIN_02060	BGHOFK_04295	57.6	255	107	1	1	254	1	255	7.01e-98	287
EABAIN_02060	LBKFJK_05595	58.6	232	82	2	1	232	1	218	2.71e-94	276
EABAIN_02060	AANGNE_01250	61.5	234	54	2	1	234	1	198	4.58e-93	272
EABAIN_02060	DNKGCI_11540	57.3	232	90	1	1	232	1	223	1.40e-90	267
EABAIN_02060	DDDLLA_10180	51.3	232	99	3	1	232	1	218	1.91e-69	213
EABAIN_02060	CNLKLD_07770	55.2	183	81	1	1	183	1	182	3.72e-67	206
EABAIN_02060	DDDLLA_03095	47.9	190	97	2	1	189	1	189	1.92e-53	172
EABAIN_02060	DDDLLA_02915	47.3	188	97	2	1	187	2	188	8.85e-53	176
EABAIN_02060	CDIIGJ_08625	51.4	173	82	2	1	172	1	172	1.26e-51	167
EABAIN_02060	CNLKLD_04295	44.2	190	102	2	1	187	1	189	2.22e-50	170
EABAIN_02060	CDIIGJ_08620	47.3	186	96	2	1	185	1	185	1.84e-48	171
EABAIN_02060	DDDLLA_02910	47.7	176	90	2	1	175	1	175	8.22e-48	157
EABAIN_02065	AAKGEC_06040	99.1	325	3	0	1	325	1	325	4.25e-235	639
EABAIN_02065	CDIIGJ_10300	67.6	315	102	0	11	325	12	326	1.03e-157	443
EABAIN_02065	BGHOFK_04290	64.0	322	116	0	1	322	1	322	4.86e-151	426
EABAIN_02065	DNKGCI_11535	58.1	322	129	1	1	322	1	316	5.56e-130	373
EABAIN_02065	DNKGCI_03160	60.2	322	117	3	4	322	1	314	3.21e-128	368
EABAIN_02065	LBKFJK_05600	56.9	313	129	1	11	323	11	317	1.02e-127	367
EABAIN_02065	HNNKEJ_05330	55.3	318	142	0	8	325	6	323	1.17e-127	367
EABAIN_02065	LBKFJK_00155	55.7	314	133	1	11	324	9	316	4.36e-121	350
EABAIN_02065	DDDLLA_10185	54.3	322	141	2	1	322	1	316	5.58e-118	342
EABAIN_02065	EIKFFD_04980	51.4	315	147	2	12	323	5	316	4.12e-112	327
EABAIN_02065	CJHCCN_09955	52.9	314	142	2	12	322	5	315	1.35e-110	323
EABAIN_02065	AANGNE_01255	48.9	315	155	3	12	323	5	316	1.09e-104	308
EABAIN_02065	CNLKLD_07775	43.1	262	147	2	11	271	3	263	1.38e-76	236
EABAIN_02065	AIGDEK_03135	42.6	291	160	5	10	297	1	287	3.76e-67	212
EABAIN_02065	DDDLLA_02905	38.9	311	174	5	12	320	5	301	1.24e-62	201
EABAIN_02065	CNLKLD_04285	37.4	302	185	3	13	310	5	306	2.31e-61	197
EABAIN_02065	AANGNE_06505	34.6	298	190	4	12	305	34	330	1.88e-57	189
EABAIN_02065	CNLKLD_06645	33.9	304	190	4	9	305	31	330	2.81e-53	178
EABAIN_02070	DFCDFN_00400	84.6	494	75	1	1	494	1	493	7.84e-314	852
EABAIN_02070	PHJNPH_06755	71.7	240	63	3	259	494	1	239	7.06e-118	345
EABAIN_02075	AAKGEC_06050	98.2	272	5	0	1	272	1	272	3.60e-189	518
EABAIN_02075	CDIIGJ_10310	71.7	272	77	0	1	272	1	272	1.10e-137	388
EABAIN_02075	DDDLLA_11225	58.9	270	111	0	1	270	1	270	3.52e-109	316
EABAIN_02075	BGHOFK_06895	54.7	267	121	0	1	267	1	267	1.34e-100	294
EABAIN_02075	ACDDAG_05200	52.4	271	129	0	1	271	1	271	5.50e-100	293
EABAIN_02075	HNNKEJ_12900	52.4	269	128	0	1	269	1	269	2.34e-97	286
EABAIN_02075	JBKKJP_02305	52.4	271	129	0	1	271	1	271	1.24e-95	282
EABAIN_02075	LBKFJK_02110	48.3	265	137	0	4	268	4	268	9.18e-87	259
EABAIN_02075	CBEECJ_09560	39.0	267	163	0	1	267	1	267	2.88e-62	197
EABAIN_02075	BOCCFK_00540	36.6	273	165	2	1	268	1	270	2.11e-52	171
EABAIN_02075	LPLJMN_09180	34.0	268	171	2	1	268	1	262	1.83e-51	169
EABAIN_02075	CBEECJ_09605	34.7	268	174	1	1	268	1	267	6.77e-51	167
EABAIN_02075	CBEECJ_09600	32.6	270	179	2	1	268	1	269	5.32e-45	152
EABAIN_02075	CCDPJE_09840	33.0	270	179	2	1	270	1	268	1.70e-44	151
EABAIN_02080	BFMEKC_02065	99.1	346	3	0	1	346	1	346	2.06e-230	629
EABAIN_02080	AGDPFD_01255	72.4	330	86	2	18	344	23	350	9.46e-156	440
EABAIN_02080	DDDLLA_09030	69.6	326	99	0	21	346	9	334	3.27e-147	418
EABAIN_02080	CNLKLD_01105	67.4	325	105	1	21	344	9	333	2.91e-143	408
EABAIN_02085	AANGNE_00875	79.6	313	64	0	1	313	1	313	9.17e-184	508
EABAIN_02085	FAKCMI_10230	93.0	213	8	1	1	206	1	213	8.35e-137	387
EABAIN_02085	AANGNE_06610	46.9	307	161	2	6	311	6	311	1.01e-98	293
EABAIN_02085	CNLKLD_01560	41.7	314	179	2	5	314	5	318	2.00e-84	256
EABAIN_02085	BGHOFK_03765	40.4	322	180	4	1	314	1	318	6.43e-81	248
EABAIN_02085	IAFHMK_06925	40.1	312	178	3	6	313	6	312	3.32e-76	235
EABAIN_02085	DDDLLA_03935	38.5	314	185	3	7	314	3	314	1.09e-74	231
EABAIN_02085	AMDFJK_06380	98.3	115	2	0	1	115	1	115	1.15e-72	221
EABAIN_02085	AANGNE_02105	30.6	310	205	4	6	314	2	302	2.25e-48	163
EABAIN_02090	JBKKJP_02305	96.3	271	10	0	1	271	1	271	2.29e-185	509
EABAIN_02090	BGHOFK_06895	67.4	267	87	0	1	267	1	267	4.63e-130	369
EABAIN_02090	ACDDAG_05200	59.8	271	109	0	1	271	1	271	2.66e-115	332
EABAIN_02090	DDDLLA_11225	56.6	267	116	0	1	267	1	267	3.98e-106	308
EABAIN_02090	CDIIGJ_10310	56.6	267	116	0	1	267	1	267	2.57e-103	301
EABAIN_02090	HNNKEJ_12900	52.2	268	128	0	1	268	1	268	1.83e-99	291
EABAIN_02090	AAKGEC_06050	53.2	267	125	0	1	267	1	267	2.13e-97	286
EABAIN_02090	LBKFJK_02110	51.9	264	127	0	4	267	4	267	1.02e-93	277
EABAIN_02090	CBEECJ_09560	39.0	272	164	2	1	271	1	271	5.95e-62	196
EABAIN_02090	BOCCFK_00540	39.0	269	162	1	1	267	1	269	4.35e-61	194
EABAIN_02090	LPLJMN_09180	34.6	269	166	3	1	267	1	261	5.37e-57	183
EABAIN_02090	CBEECJ_09605	37.5	267	166	1	1	267	1	266	2.02e-56	182
EABAIN_02090	CBEECJ_09600	33.1	269	177	2	1	267	1	268	4.72e-50	166
EABAIN_02095	AAKGEC_06070	99.4	324	2	0	1	324	1	324	2.10e-214	587
EABAIN_02095	AANGNE_01080	58.3	309	129	0	2	310	1	309	7.28e-113	329
EABAIN_02095	BGHOFK_06900	56.7	307	132	1	2	307	1	307	7.97e-104	306
EABAIN_02100	BGHOFK_04275	87.5	407	48	1	3	406	35	441	1.40e-255	699
EABAIN_02105	KJCAIL_02750	96.7	479	3	2	1	466	1	479	1.62e-318	862
EABAIN_02105	IKDMIA_03030	71.9	467	130	1	1	466	1	467	1.58e-234	650
EABAIN_02105	IAFHMK_03990	66.1	466	157	1	2	466	4	469	2.11e-209	586
EABAIN_02105	CNLKLD_01090	62.2	465	175	1	3	466	4	468	1.14e-207	582
EABAIN_02105	DDDLLA_10605	70.0	250	74	1	218	466	1	250	8.23e-116	340
EABAIN_02105	AGINCK_07820	30.9	460	282	10	8	459	1	432	1.92e-49	174
EABAIN_02105	HNNKEJ_02390	30.8	468	281	14	8	459	11	451	3.87e-47	169
EABAIN_02105	DDDLLA_01290	27.1	476	313	9	4	453	6	473	2.88e-45	164
EABAIN_02105	DNKGCI_10150	30.0	423	284	7	4	421	7	422	2.49e-44	161
EABAIN_02105	IAFHMK_02475	32.5	342	219	5	8	341	11	348	3.44e-44	160
EABAIN_02105	HNNKEJ_02285	28.4	482	311	10	4	459	6	479	3.21e-42	155
EABAIN_02110	AAKGEC_08370	100	201	0	0	1	201	1	201	1.55e-141	392
EABAIN_02110	CNLKLD_01085	71.1	201	58	0	1	201	1	201	4.55e-102	292
EABAIN_02110	HNNKEJ_12950	70.1	201	58	1	1	201	1	199	1.35e-98	283
EABAIN_02110	LKBOJM_01180	100	136	0	0	1	136	1	136	3.85e-92	267
EABAIN_02110	AANGNE_04945	64.9	205	68	1	1	201	1	205	3.33e-91	265
EABAIN_02110	IAFHMK_06800	55.3	206	87	3	1	201	1	206	4.84e-72	216
EABAIN_02110	DDDLLA_10620	73.5	136	34	1	1	136	1	134	4.28e-66	199
EABAIN_02115	AAKGEC_08375	98.6	144	2	0	1	144	1	144	1.46e-100	284
EABAIN_02115	HNNKEJ_12955	71.3	143	41	0	1	143	1	143	4.02e-73	214
EABAIN_02115	CDIIGJ_10350	69.4	144	44	0	1	144	1	144	1.43e-71	211
EABAIN_02115	AANGNE_04625	60.4	144	57	0	1	144	1	144	1.71e-61	185
EABAIN_02115	EIKFFD_00795	60.1	143	57	0	1	143	1	143	4.91e-58	176
EABAIN_02115	DNKGCI_08860	55.2	145	62	1	3	144	5	149	2.23e-50	157
EABAIN_02120	PLDCIE_09900	96.3	680	24	1	1	680	1	679	0.0	1203
EABAIN_02120	AGDPFD_01270	66.4	682	225	2	2	679	2	683	1.97e-312	865
EABAIN_02120	IAFHMK_03980	67.6	678	219	1	1	677	1	678	1.02e-307	852
EABAIN_02120	DDDLLA_10595	62.1	678	256	1	1	677	1	678	7.08e-279	779
EABAIN_02120	CNLKLD_00755	59.9	680	271	2	2	679	2	681	9.28e-269	754
EABAIN_02120	DBFGIH_02225	57.7	683	284	4	1	679	1	682	2.16e-253	715
EABAIN_02125	AAKGEC_08385	100	156	0	0	1	156	1	156	2.08e-99	282
EABAIN_02125	BGHOFK_04255	70.5	156	45	1	1	156	1	155	2.67e-65	196
EABAIN_02125	HNNKEJ_12965	60.4	154	59	1	1	154	1	152	7.80e-53	164
EABAIN_02130	AAKGEC_08390	99.3	419	3	0	1	419	1	419	4.28e-303	819
EABAIN_02135	ABCLFC_02260	88.4	805	89	1	1	801	1	805	0.0	1387
EABAIN_02135	IAFHMK_03965	71.0	803	220	4	1	795	1	798	0.0	1090
EABAIN_02135	DDDLLA_10580	69.4	761	222	2	35	795	17	766	0.0	1040
EABAIN_02135	AGHDIE_04215	64.7	812	263	7	1	794	1	806	0.0	1006
EABAIN_02135	CNLKLD_00730	65.7	790	259	7	10	794	8	790	0.0	994
EABAIN_02135	CNLKLD_03020	32.2	581	313	18	124	680	115	638	2.08e-59	215
EABAIN_02135	DNKGCI_00215	32.1	564	314	17	124	678	121	624	5.20e-58	211
EABAIN_02135	AOEAIB_02700	31.6	560	319	16	124	675	133	636	4.67e-54	199
EABAIN_02135	HNNKEJ_09155	30.7	560	326	16	125	678	120	623	5.95e-53	196
EABAIN_02135	IAFHMK_10485	31.2	558	319	17	129	678	117	617	2.06e-52	194
EABAIN_02140	CNLKLD_00720	78.1	356	77	1	1	355	1	356	2.27e-204	564
EABAIN_02145	AAKGEC_08405	98.9	94	1	0	1	94	1	94	2.01e-63	186
EABAIN_02150	AAKGEC_08410	100	105	0	0	1	105	1	105	1.14e-74	215
EABAIN_02155	AAKGEC_08415	98.6	208	3	0	1	208	1	208	1.74e-146	405
EABAIN_02155	DFCDFN_00470	73.2	209	53	1	1	206	1	209	9.76e-108	307
EABAIN_02155	AANGNE_01340	65.9	208	70	1	1	208	1	207	1.28e-95	276
EABAIN_02155	CNLKLD_00705	67.2	195	63	1	14	208	1	194	3.01e-91	265
EABAIN_02160	AANGNE_03260	81.4	446	82	1	1	446	1	445	1.49e-266	729
EABAIN_02160	DIBOGN_02540	70.2	446	132	1	1	446	1	445	5.54e-227	629
EABAIN_02160	PKLIGD_02350	60.1	446	173	4	1	446	1	441	4.03e-178	504
EABAIN_02160	AGDPFD_05235	30.7	453	300	5	1	446	1	446	1.12e-63	212
EABAIN_02160	AAKGEC_02565	31.3	438	286	6	1	434	1	427	9.68e-59	198
EABAIN_02160	HNNKEJ_07450	28.9	439	300	6	1	434	1	432	2.33e-57	195
EABAIN_02160	BGHOFK_07245	28.9	443	306	4	1	442	1	435	5.70e-57	194
EABAIN_02160	IAFHMK_09655	27.9	455	299	8	1	442	1	439	1.94e-55	190
EABAIN_02160	HNNKEJ_10210	27.5	440	305	5	1	434	1	432	1.02e-53	185
EABAIN_02160	BGHOFK_05100	29.4	453	290	11	1	438	1	438	1.55e-42	155
EABAIN_02160	AAKGEC_07820	28.5	449	305	10	2	444	4	442	1.80e-41	154
EABAIN_02160	DNKGCI_09520	27.2	449	313	8	2	444	4	444	2.40e-40	151
EABAIN_02160	DDDLLA_06090	28.4	450	308	11	2	444	4	446	1.06e-39	151
EABAIN_02165	AAKGEC_08425	98.4	129	2	0	1	129	1	129	4.92e-85	243
EABAIN_02165	IAFHMK_03940	69.8	129	39	0	1	129	1	129	7.30e-62	185
EABAIN_02165	LBKFJK_07995	66.7	129	43	0	1	129	1	129	8.12e-59	177
EABAIN_02165	DNKGCI_08930	66.7	129	43	0	1	129	1	129	9.45e-58	174
EABAIN_02165	OFBCLB_02900	68.2	129	41	0	1	129	1	129	1.34e-57	174
EABAIN_02165	AANGNE_01345	54.3	129	59	0	1	129	1	129	3.16e-49	153
EABAIN_02170	AAKGEC_08430	100	94	0	0	1	94	1	94	1.12e-60	179
EABAIN_02175	AAKGEC_08435	100	542	0	0	1	542	1	542	0.0	998
EABAIN_02180	ENIHOO_02120	100	270	0	0	1	270	28	297	2.95e-198	542
EABAIN_02185	AAKGEC_08445	99.6	480	2	0	1	480	1	480	0.0	911
EABAIN_02185	LBKFJK_05835	59.6	475	187	3	6	477	6	478	5.36e-189	535
EABAIN_02185	IAFHMK_01870	60.9	447	173	2	1	446	1	446	5.42e-183	520
EABAIN_02185	DNKGCI_02710	55.6	471	207	2	3	472	3	472	3.61e-174	497
EABAIN_02185	OFBCLB_04515	55.6	471	197	4	3	468	3	466	8.89e-168	481
EABAIN_02185	AANGNE_01370	52.4	473	213	4	3	469	3	469	1.66e-161	465
EABAIN_02185	CNLKLD_02965	42.3	475	259	7	3	468	2	470	3.19e-113	342
EABAIN_02190	CNLKLD_02960	77.2	232	50	2	2	231	4	234	5.82e-126	355
EABAIN_02190	CNLKLD_03860	42.8	229	124	3	2	228	4	227	3.52e-58	183
EABAIN_02190	BGHOFK_04845	42.7	232	121	4	2	230	3	225	1.78e-54	174
EABAIN_02190	AGINCK_01445	38.6	228	125	4	2	228	3	216	3.39e-53	170
EABAIN_02190	EHLNLG_05575	43.3	233	115	6	1	230	1	219	1.40e-52	169
EABAIN_02190	AMCIGH_06210	40.0	230	133	2	4	228	5	234	4.61e-52	168
EABAIN_02190	CNLKLD_07520	39.9	238	126	5	1	228	4	234	2.14e-50	164
EABAIN_02190	KJOAFL_06700	39.5	228	123	4	2	228	3	216	1.20e-49	171
EABAIN_02190	ABCBPP_13365	38.2	228	133	2	2	228	10	230	1.39e-49	161
EABAIN_02190	ACDDAG_10670	40.3	226	129	3	3	226	4	225	1.81e-49	161
EABAIN_02190	DNKGCI_09535	41.0	227	124	3	1	226	1	218	4.70e-48	157
EABAIN_02190	CNLKLD_07450	39.6	230	122	4	2	228	28	243	4.93e-48	158
EABAIN_02190	KMMJML_04780	34.8	227	146	1	3	229	4	228	2.43e-47	155
EABAIN_02190	CJHCCN_01640	36.8	234	139	3	1	230	13	241	1.04e-46	154
EABAIN_02190	BLCAGE_07870	38.0	216	130	2	4	218	5	217	4.08e-46	152
EABAIN_02190	DDDLLA_07600	38.3	227	136	3	3	228	6	229	1.18e-45	151
EABAIN_02195	EIIOFH_10725	99.5	211	1	0	1	211	33	243	3.98e-145	403
EABAIN_02200	AAKGEC_08460	99.7	286	1	0	1	286	1	286	2.88e-202	553
EABAIN_02200	HNNKEJ_13040	73.4	286	76	0	1	286	1	286	1.51e-150	422
EABAIN_02200	BGHOFK_04180	72.7	286	78	0	1	286	1	286	1.47e-149	419
EABAIN_02200	IAFHMK_01855	67.1	286	94	0	1	286	1	286	9.69e-135	382
EABAIN_02200	DNKGCI_02695	64.7	286	101	0	1	286	1	286	2.47e-131	374
EABAIN_02200	LBKFJK_05850	60.1	286	114	0	1	286	1	286	4.58e-128	365
EABAIN_02200	AANGNE_01385	62.9	286	106	0	1	286	1	286	4.95e-127	362
EABAIN_02200	OFBCLB_04500	62.2	286	107	1	1	286	1	285	7.38e-125	357
EABAIN_02200	CNLKLD_02950	51.7	288	137	2	1	286	1	288	2.34e-101	297
EABAIN_02205	AAKGEC_08465	99.6	260	1	0	1	260	1	260	3.22e-186	510
EABAIN_02205	BGHOFK_04175	73.8	260	68	0	1	260	1	260	9.08e-138	387
EABAIN_02205	CDIIGJ_10440	72.3	260	72	0	1	260	1	260	1.72e-133	377
EABAIN_02205	HNNKEJ_13045	70.8	260	74	1	1	260	1	258	2.82e-129	366
EABAIN_02205	IAFHMK_01850	64.8	256	90	0	1	256	1	256	4.43e-122	348
EABAIN_02205	AANGNE_01390	59.5	257	104	0	1	257	1	257	4.42e-114	327
EABAIN_02205	LBKFJK_05855	60.3	262	102	1	1	260	1	262	6.66e-110	317
EABAIN_02205	DDDLLA_08995	56.5	260	113	0	1	260	1	260	1.05e-103	301
EABAIN_02205	CNLKLD_02945	58.8	260	106	1	1	259	1	260	4.16e-101	295
EABAIN_02205	DNKGCI_02690	54.2	260	119	0	1	260	1	260	1.77e-97	285
EABAIN_02205	AMLBPA_01985	97.9	141	3	0	1	141	1	141	1.34e-88	260
EABAIN_02210	AAKGEC_08470	100	108	0	0	1	108	1	108	3.48e-75	217
EABAIN_02210	DDDLLA_08990	69.4	108	33	0	1	108	1	108	1.77e-50	154
EABAIN_02215	AAKGEC_08475	99.3	291	2	0	1	291	1	291	8.93e-204	557
EABAIN_02215	CNLKLD_02935	72.0	286	80	0	6	291	4	289	4.89e-143	403
EABAIN_02225	AAKGEC_08485	100	310	0	0	1	310	1	310	1.20e-222	606
EABAIN_02230	EJHBKF_02395	99.4	318	2	0	1	318	14	331	2.00e-219	599
EABAIN_02230	JFNFKK_06735	76.5	310	71	1	3	312	38	345	3.71e-155	449
EABAIN_02230	CNLKLD_02910	68.5	314	98	1	5	317	7	320	2.12e-142	404
EABAIN_02235	AAKGEC_08495	99.4	329	2	0	1	329	1	329	2.08e-228	622
EABAIN_02235	CDIIGJ_10470	73.9	329	82	1	1	329	1	325	3.68e-168	470
EABAIN_02235	HNNKEJ_13090	66.2	328	104	1	1	328	1	321	8.38e-150	423
EABAIN_02235	BGHOFK_04145	61.0	328	124	1	1	328	1	324	3.81e-137	391
EABAIN_02235	AANGNE_01435	58.0	319	122	1	10	328	11	317	4.83e-124	358
EABAIN_02235	JFNFKK_06735	57.7	319	123	1	10	328	353	659	1.44e-118	355
EABAIN_02235	IAFHMK_01810	50.9	330	144	4	6	326	3	323	1.38e-105	311
EABAIN_02235	OFBCLB_04455	46.1	334	163	5	6	324	3	334	6.78e-91	274
EABAIN_02235	CNLKLD_02905	45.9	327	159	4	10	329	4	319	4.14e-88	266
EABAIN_02235	LBKFJK_05880	43.1	332	169	5	8	325	5	330	4.84e-87	264
EABAIN_02235	DNKGCI_02565	43.9	335	166	6	6	326	3	329	7.31e-86	261
EABAIN_02240	ABCLFC_02380	88.2	347	41	0	1	347	2	348	2.63e-220	603
EABAIN_02240	HNNKEJ_13095	74.4	347	89	0	1	347	1	347	6.66e-188	521
EABAIN_02240	CDIIGJ_10475	73.8	347	90	1	2	347	3	349	3.20e-185	515
EABAIN_02240	BGHOFK_04140	71.4	346	99	0	1	346	2	347	7.94e-174	486
EABAIN_02240	IAFHMK_01805	63.3	346	124	2	3	346	2	346	3.79e-152	431
EABAIN_02240	DNKGCI_02560	58.5	349	140	3	3	347	2	349	2.26e-137	394
EABAIN_02240	AANGNE_01440	57.5	346	141	3	5	347	3	345	3.20e-137	393
EABAIN_02240	CNLKLD_02900	59.6	349	137	3	1	347	1	347	5.06e-136	390
EABAIN_02240	LBKFJK_05885	58.4	353	140	4	1	347	1	352	5.57e-136	390
EABAIN_02240	OFBCLB_04450	57.6	347	143	3	4	347	3	348	1.40e-135	389
EABAIN_02245	AANGNE_01445	77.2	206	43	2	1	206	1	202	1.31e-114	324
EABAIN_02250	DDDLLA_03355	78.1	794	160	3	2	781	4	797	0.0	1224
EABAIN_02250	CEFOCI_14520	96.3	216	8	0	393	608	1	216	2.78e-136	401
EABAIN_02250	AOPEMA_02265	98.9	92	1	0	693	784	1	92	1.32e-48	166
EABAIN_02255	AAKGEC_08515	99.8	446	1	0	1	446	1	446	4.98e-318	859
EABAIN_02255	IAFHMK_08920	39.6	331	198	2	1	331	1	329	7.89e-73	238
EABAIN_02260	AAKGEC_08520	97.9	194	4	0	1	194	1	194	6.09e-131	365
EABAIN_02260	BGHOFK_04125	60.6	193	75	1	1	193	1	192	2.05e-71	214
EABAIN_02260	IAFHMK_01790	56.9	195	82	2	1	194	1	194	1.04e-66	202
EABAIN_02260	CNLKLD_05670	51.3	199	89	3	1	194	1	196	1.60e-56	176
EABAIN_02260	DBFGIH_01900	52.4	191	88	3	1	190	1	189	3.07e-54	171
EABAIN_02260	AANGNE_01455	48.7	191	95	3	1	190	1	189	1.93e-49	158
EABAIN_02260	DNKGCI_02330	48.7	197	95	3	2	193	14	209	5.54e-47	152
EABAIN_02260	LBKFJK_05905	45.7	197	101	3	2	193	8	203	3.73e-46	150
EABAIN_02265	DNKGCI_02325	88.0	242	29	0	2	243	1	242	7.68e-153	425
EABAIN_02265	DNKGCI_06350	46.3	244	130	1	1	243	1	244	3.58e-78	235
EABAIN_02265	AFCONC_09380	49.8	241	120	1	2	241	4	244	1.20e-77	234
EABAIN_02265	AAKGEC_07675	45.0	242	132	1	3	243	4	245	1.15e-75	229
EABAIN_02265	AANGNE_02385	44.2	242	133	1	2	241	1	242	4.08e-71	218
EABAIN_02265	IAFHMK_00330	44.8	241	132	1	3	242	4	244	6.81e-71	217
EABAIN_02265	HNNKEJ_04590	39.6	235	142	0	6	240	6	240	1.48e-59	188
EABAIN_02265	DDDLLA_06075	41.2	238	132	1	2	239	1	230	6.55e-57	181
EABAIN_02270	DDDLLA_08905	89.7	107	11	0	1	107	1	107	2.34e-62	184
EABAIN_02275	AAKGEC_08535	100	116	0	0	1	116	1	116	9.29e-77	221
EABAIN_02280	DANMKC_02965	89.1	258	12	1	1	242	1	258	1.96e-159	441
EABAIN_02280	BGHOFK_04105	73.6	242	64	0	1	242	1	242	2.93e-125	354
EABAIN_02280	IAFHMK_01770	65.6	241	83	0	1	241	1	241	1.29e-112	322
EABAIN_02280	DNKGCI_02310	61.8	241	92	0	1	241	1	241	5.75e-105	303
EABAIN_02280	DDDLLA_08895	60.7	239	93	1	1	239	1	238	1.17e-103	300
EABAIN_02280	ABNNBP_08085	45.8	240	128	2	1	239	1	239	9.52e-76	229
EABAIN_02280	DDDLLA_05560	44.4	239	133	0	1	239	1	239	6.76e-69	211
EABAIN_02280	AGINCK_05450	42.9	240	136	1	1	239	1	240	9.70e-67	206
EABAIN_02280	LBKFJK_02035	39.9	238	141	2	1	237	1	237	1.33e-58	185
EABAIN_02285	NGIILC_02175	98.7	449	2	1	1	445	1	449	0.0	867
EABAIN_02285	DDDLLA_08890	73.7	453	109	2	1	443	1	453	5.17e-240	662
EABAIN_02285	AGDPFD_02310	67.0	440	145	0	1	440	1	440	2.29e-227	629
EABAIN_02285	AGINCK_05455	67.3	441	142	2	1	440	1	440	5.93e-214	595
EABAIN_02285	AEMMAL_03045	63.4	440	160	1	1	440	1	439	1.11e-208	582
EABAIN_02285	AANGNE_01470	62.6	436	163	0	1	436	1	436	1.01e-203	570
EABAIN_02285	HNNKEJ_05840	45.7	466	226	4	1	441	1	464	1.29e-140	410
EABAIN_02285	GNOKMM_07820	34.4	448	264	8	1	438	1	428	4.04e-79	251
EABAIN_02285	AANGNE_03570	33.0	448	279	9	8	443	7	445	8.51e-75	241
EABAIN_02285	BGHOFK_08335	32.3	433	279	7	1	428	1	424	2.42e-73	236
EABAIN_02285	DNKGCI_11030	30.1	439	274	9	3	435	6	417	1.03e-66	219
EABAIN_02285	ABNNBP_07205	31.4	436	271	8	15	438	15	434	2.39e-62	207
EABAIN_02285	BOKJIE_13470	29.7	445	284	10	1	436	1	425	2.04e-61	205
EABAIN_02285	DDKKPM_03600	30.6	458	274	12	4	445	7	436	1.03e-60	203
EABAIN_02285	CFLCIE_01555	27.7	437	294	5	3	436	6	423	2.30e-59	199
EABAIN_02285	AGDPFD_04840	30.7	446	281	11	4	438	7	435	2.92e-59	199
EABAIN_02285	EPOEKF_01745	30.7	365	239	7	69	429	70	424	1.88e-51	179
EABAIN_02285	AGDPFD_04395	28.6	444	284	14	4	438	7	426	3.85e-50	176
EABAIN_02285	NOKDAP_10535	29.1	444	277	10	5	434	11	430	1.64e-49	174
EABAIN_02285	AEMMAL_06830	30.1	369	236	7	69	429	72	426	1.64e-48	171
EABAIN_02285	CGMKCF_11750	30.2	397	236	10	69	429	96	487	4.83e-48	171
EABAIN_02285	FMNMPI_06710	28.1	445	272	16	24	445	50	469	3.10e-47	168
EABAIN_02285	BOGGMI_12595	28.1	459	288	10	1	445	1	431	1.34e-45	166
EABAIN_02285	AFCONC_09375	29.8	420	257	9	43	425	62	480	3.14e-44	160
EABAIN_02290	CDIIGJ_10515	78.1	503	85	3	1	478	1	503	2.17e-300	818
EABAIN_02290	DDDLLA_05595	65.0	471	160	2	7	475	9	476	1.74e-234	650
EABAIN_02290	CNLKLD_06025	53.0	483	213	4	1	478	1	474	1.89e-185	526
EABAIN_02290	AANGNE_08355	53.2	485	212	6	1	478	1	477	1.60e-178	508
EABAIN_02290	DNKIME_04800	53.4	485	205	7	5	478	6	480	3.23e-173	495
EABAIN_02290	DDDLLA_10775	50.6	488	216	5	1	478	1	473	2.21e-172	493
EABAIN_02290	DAEIAJ_08645	52.4	487	210	9	1	478	1	474	1.26e-168	483
EABAIN_02290	IAFHMK_01915	51.2	471	214	7	5	474	10	465	3.82e-167	479
EABAIN_02290	BDEBFB_07100	48.4	500	217	8	1	478	1	481	4.84e-163	469
EABAIN_02290	EJEPOM_07405	49.7	481	217	8	5	478	6	468	6.25e-163	468
EABAIN_02290	GEDPFN_03055	48.1	480	237	3	3	478	2	473	1.65e-161	465
EABAIN_02290	ANILPM_09555	47.5	484	233	5	5	474	9	485	2.83e-161	465
EABAIN_02290	ACDDAG_07275	48.2	485	222	10	5	478	12	478	2.17e-160	462
EABAIN_02290	PPBJPA_11480	48.3	501	212	9	5	478	12	492	2.24e-156	452
EABAIN_02290	ALNFEK_03480	46.3	477	245	5	5	475	11	482	2.69e-155	449
EABAIN_02290	KPGHOL_06290	43.8	482	256	4	1	476	1	473	1.49e-153	445
EABAIN_02290	AIKIDN_03085	45.3	494	237	7	4	478	5	484	4.30e-152	441
EABAIN_02290	HDKJGO_06115	46.4	487	237	8	2	475	7	482	3.10e-149	434
EABAIN_02290	LBKFJK_04760	45.7	473	242	6	6	474	9	470	1.19e-148	432
EABAIN_02290	FFEJFE_01165	44.3	490	250	7	2	478	5	484	2.50e-148	432
EABAIN_02290	NAGBDA_10950	44.2	491	250	8	2	478	5	485	2.28e-141	414
EABAIN_02290	AGFMFG_00740	42.3	487	251	10	7	478	13	484	9.32e-132	389
EABAIN_02290	CGMKCF_07905	96.9	163	5	0	316	478	1	163	1.05e-116	339
EABAIN_02290	ACPHPF_05020	39.7	481	247	11	4	478	9	452	4.16e-114	343
EABAIN_02290	AEMMAL_06825	37.2	481	268	10	3	478	2	453	1.44e-105	322
EABAIN_02295	AAKGEC_08555	100	93	0	0	1	93	1	93	2.86e-67	196
EABAIN_02305	AAKGEC_00655	99.5	654	3	0	1	654	1	654	0.0	1257
EABAIN_02310	IAFHMK_01730	80.4	336	64	1	1	336	1	334	2.38e-195	540
EABAIN_02310	DBFGIH_01950	73.2	339	86	1	1	339	1	334	2.94e-182	506
EABAIN_02310	DDDLLA_02185	70.8	339	95	3	2	337	7	344	9.22e-170	475
EABAIN_02315	AAKGEC_00645	100	378	0	0	1	378	1	378	3.06e-273	740
EABAIN_02315	HNNKEJ_12195	39.3	356	187	6	20	369	17	349	3.90e-76	239
EABAIN_02315	GNOKMM_04940	38.5	366	203	8	11	373	9	355	5.00e-71	226
EABAIN_02315	ABJDJH_10240	44.0	243	121	2	5	247	9	236	6.89e-65	210
EABAIN_02315	BGHOFK_03950	38.8	299	164	3	2	300	37	316	9.24e-63	207
EABAIN_02315	JAFLJO_05055	37.0	262	149	4	3	260	2	251	1.09e-49	168
EABAIN_02315	LBKFJK_08540	38.5	247	136	4	3	245	2	236	1.48e-48	165
EABAIN_02315	CNLKLD_01840	37.7	231	132	2	16	246	17	235	2.06e-47	161
EABAIN_02315	IAFHMK_08490	37.3	268	150	5	3	266	2	255	3.05e-47	162
EABAIN_02315	BPDDPD_09330	34.2	243	146	3	4	246	2	230	1.62e-45	156
EABAIN_02315	BNBIEO_02790	37.7	247	138	4	3	245	2	236	3.14e-45	156
EABAIN_02315	DNKGCI_00740	38.4	232	130	3	20	248	20	241	2.14e-44	157
EABAIN_02315	AAKGEC_07545	36.0	253	148	3	16	264	12	254	8.19e-44	153
EABAIN_02315	IAFHMK_06375	43.6	218	108	6	4	213	7	217	1.18e-43	151
EABAIN_02320	ABNNBP_03185	93.8	1223	76	0	1	1223	1	1223	0.0	2274
EABAIN_02320	CNLKLD_00665	74.1	1170	300	3	9	1178	1	1167	0.0	1734
EABAIN_02320	PKLIGD_02230	59.4	1193	473	5	2	1187	4	1192	0.0	1458
EABAIN_02325	AAKGEC_00635	99.7	292	1	0	1	292	1	292	3.61e-199	545
EABAIN_02325	MDDIOL_00270	99.6	282	1	0	1	282	1	282	2.09e-188	530
EABAIN_02330	HAGFLF_02785	100	319	0	0	1	319	1	319	2.17e-215	589
EABAIN_02330	MDDIOL_00270	100	319	0	0	1	319	290	608	5.29e-211	589
EABAIN_02330	HNNKEJ_13210	74.1	316	82	0	1	316	1	316	2.75e-161	452
EABAIN_02330	CDIIGJ_10555	70.7	317	92	1	1	316	1	317	7.42e-152	428
EABAIN_02330	DNKGCI_05625	62.0	316	120	0	1	316	1	316	1.66e-124	358
EABAIN_02330	AOEAIB_01860	58.2	316	132	0	1	316	1	316	2.36e-122	353
EABAIN_02330	IAFHMK_01690	59.4	315	128	0	1	315	1	315	4.18e-118	342
EABAIN_02330	LBKFJK_06550	57.6	316	134	0	1	316	1	316	6.39e-117	339
EABAIN_02330	DDDLLA_02210	54.8	314	142	0	1	314	1	314	1.29e-111	326
EABAIN_02330	CNLKLD_00655	47.5	318	159	3	4	316	5	319	1.42e-93	280
EABAIN_02335	DDDLLA_02215	86.1	452	63	0	1	452	1	452	1.66e-276	754
EABAIN_02340	AAKGEC_00620	100	238	0	0	1	238	1	238	2.45e-170	468
EABAIN_02340	IAFHMK_05680	68.5	238	75	0	1	238	1	238	7.62e-112	320
EABAIN_02340	DDDLLA_03315	63.7	237	86	0	1	237	1	237	1.52e-104	301
EABAIN_02340	LBKFJK_04280	65.0	237	83	0	1	237	1	237	8.76e-104	300
EABAIN_02340	CNLKLD_00640	63.9	238	86	0	1	238	1	238	1.36e-100	291
EABAIN_02340	DNKGCI_11110	61.6	237	91	0	1	237	1	237	9.09e-99	287
EABAIN_02340	CJHCCN_01520	60.8	237	93	0	1	237	24	260	7.98e-98	285
EABAIN_02340	BGHOFK_04675	61.8	238	91	0	1	238	1	238	1.41e-95	279
EABAIN_02340	DNKGCI_07140	53.2	235	110	0	1	235	1	235	1.65e-84	251
EABAIN_02345	BCFLNJ_00455	83.2	161	20	1	1	161	1	154	7.01e-92	263
EABAIN_02345	HNNKEJ_13225	69.6	161	48	1	1	161	1	160	9.77e-82	238
EABAIN_02345	CDIIGJ_10570	67.5	160	52	0	1	160	1	160	2.26e-78	229
EABAIN_02345	LBKFJK_04285	67.5	160	52	0	1	160	1	160	3.74e-77	226
EABAIN_02345	DNKGCI_11105	67.1	161	53	0	1	161	1	161	5.31e-77	226
EABAIN_02345	DDDLLA_03320	64.6	161	57	0	1	161	1	161	3.57e-75	221
EABAIN_02345	AANGNE_05915	61.5	161	62	0	1	161	1	161	4.59e-71	211
EABAIN_02345	IAFHMK_05675	60.5	162	63	1	1	161	1	162	3.18e-69	206
EABAIN_02345	LBKFJK_06540	59.6	161	65	0	1	161	1	161	1.02e-67	202
EABAIN_02345	DNKGCI_05635	57.8	161	68	0	1	161	1	161	3.39e-66	198
EABAIN_02345	BGHOFK_04670	56.5	161	70	0	1	161	1	161	3.73e-63	191
EABAIN_02345	DDDLLA_02220	53.8	160	74	0	1	160	1	160	1.28e-61	187
EABAIN_02345	GNOKMM_00985	52.8	159	70	2	1	158	1	155	5.45e-55	170
EABAIN_02345	DNKGCI_07135	49.7	155	77	1	6	160	5	158	1.61e-54	169
EABAIN_02345	CNLKLD_00645	49.1	163	81	1	1	161	1	163	2.10e-53	166
EABAIN_02345	CJHCCN_09490	45.8	166	85	2	1	161	1	166	9.95e-53	164
EABAIN_02345	DBFGIH_06580	45.0	160	84	1	6	161	7	166	1.63e-51	161
EABAIN_02345	CNLKLD_00635	54.8	146	66	0	16	161	6	151	1.59e-49	168
EABAIN_02345	AMCIGH_08855	45.3	161	88	0	1	161	1	161	1.42e-48	154
EABAIN_02350	BGHOFK_04665	84.5	524	68	5	1	520	1	515	5.70e-299	817
EABAIN_02350	DNKGCI_07130	72.3	519	135	3	1	519	1	510	1.74e-261	722
EABAIN_02350	CNLKLD_00635	73.4	527	113	6	3	520	166	674	2.12e-257	718
EABAIN_02350	DBFGIH_07715	65.6	523	167	6	1	519	1	514	7.41e-224	627
EABAIN_02350	DDDLLA_03325	54.0	552	216	7	1	520	1	546	2.73e-179	514
EABAIN_02350	ABCLFC_02505	97.1	241	7	0	1	241	1	241	6.08e-156	444
EABAIN_02350	BGHOFK_02935	35.7	526	277	14	1	514	1	477	3.58e-73	244
EABAIN_02350	CNLKLD_06030	33.7	520	300	12	1	513	1	482	2.73e-67	228
EABAIN_02350	JIGPNC_03510	33.7	498	276	12	7	502	6	451	3.30e-65	222
EABAIN_02350	DNKGCI_11580	33.0	509	276	12	3	497	4	461	1.56e-62	215
EABAIN_02350	PHNKGJ_02305	32.2	490	276	10	7	494	6	441	7.57e-60	207
EABAIN_02350	BDEBFB_07105	32.2	500	291	12	3	497	4	460	1.37e-56	199
EABAIN_02350	GEDPFN_08620	32.6	509	284	13	1	502	1	457	2.80e-56	198
EABAIN_02350	JAIDNN_07690	31.7	517	300	12	1	513	175	642	9.70e-55	196
EABAIN_02350	AANGNE_08360	31.1	514	285	12	1	502	1	457	1.23e-53	191
EABAIN_02350	BGHOFK_00615	31.1	521	303	12	1	517	1	469	6.00e-53	189
EABAIN_02350	CJHCCN_07355	30.2	506	304	9	1	505	1	458	1.94e-52	187
EABAIN_02350	EJEPOM_07410	29.1	508	293	13	4	504	3	450	7.95e-52	186
EABAIN_02350	PLIDEH_07035	30.9	512	290	14	1	502	1	458	2.10e-50	182
EABAIN_02350	BDEBFB_07090	30.4	497	282	13	3	490	2	443	2.81e-50	181
EABAIN_02350	BPDDPD_04225	29.4	449	265	7	6	454	7	403	1.34e-49	179
EABAIN_02350	GEDPFN_03060	28.2	528	307	15	3	519	4	470	3.37e-48	176
EABAIN_02350	CJHCCN_02135	28.3	515	300	14	3	511	2	453	4.37e-47	172
EABAIN_02350	DDDLLA_06080	28.4	482	295	11	3	484	2	433	5.93e-47	172
EABAIN_02350	AJKPDP_02710	30.2	516	289	17	11	512	19	477	1.89e-46	171
EABAIN_02355	ABCBPP_02800	99.3	769	5	0	1	769	1	769	0.0	1526
EABAIN_02355	CDIIGJ_10580	72.8	768	209	0	1	768	1	768	0.0	1139
EABAIN_02355	HNNKEJ_13235	72.0	774	211	2	2	769	4	777	0.0	1129
EABAIN_02355	DNKGCI_11095	67.1	768	249	2	5	768	4	771	0.0	1052
EABAIN_02355	OFBCLB_00565	64.7	773	269	2	1	769	1	773	0.0	1013
EABAIN_02355	LBKFJK_04295	63.9	773	274	2	1	768	1	773	0.0	997
EABAIN_02355	DNKGCI_07125	58.7	767	313	2	5	767	4	770	0.0	946
EABAIN_02355	DDKKPM_02795	27.9	752	476	23	7	745	5	703	4.12e-72	249
EABAIN_02355	AANGNE_02530	26.2	799	500	31	1	765	8	750	1.92e-60	217
EABAIN_02355	ELEKDE_01320	27.3	798	481	30	6	765	13	749	2.73e-60	217
EABAIN_02355	IAFHMK_08315	25.6	797	481	29	3	746	10	747	1.54e-59	215
EABAIN_02355	LBKFJK_09980	25.5	795	476	32	3	742	10	743	2.96e-57	208
EABAIN_02355	ACDDAG_05705	25.5	805	497	31	1	756	5	755	7.37e-53	196
EABAIN_02355	JAFLJO_08420	26.1	721	435	25	23	732	29	662	2.38e-51	190
EABAIN_02355	JAFLJO_08395	24.6	785	504	26	3	746	6	743	1.27e-50	189
EABAIN_02355	HNNKEJ_13350	26.0	731	431	27	23	736	20	657	1.80e-50	187
EABAIN_02355	ABJDJH_08710	23.0	777	512	25	6	742	12	742	6.01e-50	187
EABAIN_02355	ACDDAG_05725	26.2	729	444	27	13	730	9	654	8.68e-50	185
EABAIN_02355	CEHAJH_06470	24.7	788	508	28	7	758	12	750	3.14e-49	185
EABAIN_02355	IAFHMK_08335	25.9	734	446	28	14	735	10	657	2.45e-48	181
EABAIN_02355	LBKFJK_09960	25.7	751	437	29	4	732	2	653	1.14e-44	170
EABAIN_02360	GGBAMG_03330	92.3	220	17	0	1	220	1	220	7.89e-139	387
EABAIN_02360	ACIHME_09040	73.9	218	55	1	1	216	1	218	2.76e-106	305
EABAIN_02360	AANGNE_02535	71.5	221	61	1	1	219	1	221	3.97e-101	291
EABAIN_02360	DDKKPM_02810	69.3	218	65	1	1	216	1	218	9.95e-100	288
EABAIN_02360	ACDDAG_05730	69.7	218	64	1	1	216	1	218	6.13e-99	286
EABAIN_02365	ABCBPP_02810	100	255	0	0	1	255	14	268	2.08e-203	553
EABAIN_02365	HNNKEJ_13245	68.9	254	78	1	1	254	1	253	1.39e-144	404
EABAIN_02365	BGHOFK_08580	58.7	254	105	0	1	254	1	254	5.97e-122	347
EABAIN_02365	LBIEGE_09190	94.1	170	9	1	1	170	1	169	9.97e-120	340
EABAIN_02365	IAFHMK_01670	57.5	254	107	1	1	254	1	253	1.46e-115	331
EABAIN_02365	LBKFJK_06530	53.0	253	118	1	1	253	1	252	2.20e-107	310
EABAIN_02365	AGDPFD_04380	33.9	251	150	4	1	250	1	236	6.46e-44	150
EABAIN_02370	AAKGEC_00590	99.6	231	1	0	1	231	1	231	1.82e-85	253
EABAIN_02375	CDIIGJ_10595	87.9	149	17	1	7	154	1	149	7.65e-91	260
EABAIN_02375	CJHCCN_09475	71.1	149	42	1	7	154	6	154	1.60e-70	209
EABAIN_02380	AKPIPJ_05440	98.8	172	2	0	1	172	1	172	2.77e-121	338
EABAIN_02380	IAFHMK_01655	65.1	172	60	0	1	172	1	172	1.24e-78	231
EABAIN_02380	KJJMGA_01665	64.9	171	60	0	1	171	1	171	3.54e-77	227
EABAIN_02380	BIHALF_03950	60.9	161	63	0	10	170	9	169	3.24e-69	207
EABAIN_02385	CDIIGJ_10600	82.8	390	66	1	10	399	1	389	1.30e-224	624
EABAIN_02385	IAFHMK_01650	70.9	402	113	2	1	399	1	401	1.23e-197	556
EABAIN_02385	HNNKEJ_13260	68.9	411	112	3	1	398	1	408	4.72e-193	544
EABAIN_02385	LBKFJK_06510	62.1	412	142	2	1	399	1	411	3.59e-172	492
EABAIN_02385	DBFGIH_06595	65.2	394	129	4	10	401	1	388	1.77e-168	481
EABAIN_02385	CNLKLD_00600	61.8	398	143	5	10	404	1	392	4.91e-162	464
EABAIN_02385	OFBCLB_02715	62.7	397	132	4	10	393	1	394	2.06e-161	464
EABAIN_02385	IAFHMK_04240	54.6	412	167	9	2	403	33	434	2.20e-137	401
EABAIN_02385	MFAILH_05270	53.3	396	164	8	6	392	31	414	8.86e-133	389
EABAIN_02385	LBKFJK_03000	51.9	399	158	5	29	399	50	442	6.45e-129	383
EABAIN_02385	DNKGCI_03010	53.5	409	156	6	20	399	46	449	1.23e-128	383
EABAIN_02385	AAKGEC_07325	53.7	389	147	5	39	399	46	429	4.60e-128	377
EABAIN_02385	KDEKFF_10370	48.9	395	181	7	6	391	19	401	5.91e-115	343
EABAIN_02385	CMMBIF_02760	49.6	365	151	5	64	400	1	360	2.65e-112	335
EABAIN_02385	BEGLKA_08640	88.8	214	24	0	245	458	1	214	1.09e-107	317
EABAIN_02395	AAKGEC_00565	100	253	0	0	1	253	1	253	5.37e-186	509
EABAIN_02395	CJHCCN_09445	73.1	249	66	1	1	249	24	271	3.39e-129	366
EABAIN_02395	IAFHMK_04115	71.1	249	71	1	1	249	1	248	5.84e-127	359
EABAIN_02400	AJGINB_04670	99.6	261	1	0	1	261	1	261	4.24e-184	505
EABAIN_02400	HNNKEJ_13275	69.1	262	78	1	1	262	1	259	1.82e-128	364
EABAIN_02405	AAKGEC_00555	99.4	163	1	0	1	163	1	163	2.82e-114	320
EABAIN_02405	DDDLLA_02260	47.9	163	82	2	1	161	1	162	2.73e-47	150
EABAIN_02410	DFCDFN_00315	83.8	179	29	0	1	179	1	179	1.52e-104	297
EABAIN_02415	BGHOFK_08630	97.6	376	9	0	1	376	1	376	7.41e-268	726
EABAIN_02420	CPNLII_02110	88.6	533	61	0	1	533	52	584	0.0	954
EABAIN_02420	MOJHOD_00005	74.1	201	52	0	335	535	1	201	1.44e-91	278
EABAIN_02425	GHCKID_06985	99.7	304	1	0	1	304	1	304	5.81e-215	587
EABAIN_02425	AANGNE_02105	53.6	306	139	2	1	304	1	305	1.37e-111	325
EABAIN_02425	IAFHMK_06925	37.3	292	174	5	1	285	5	294	3.25e-55	181
EABAIN_02425	DDDLLA_03935	36.7	311	187	5	1	301	1	311	3.17e-52	173
EABAIN_02425	CNLKLD_01560	34.5	304	183	6	2	292	6	306	4.95e-52	173
EABAIN_02425	BGHOFK_03765	35.2	310	191	5	2	301	6	315	2.96e-51	171
EABAIN_02430	DDDLLA_02285	85.4	247	35	1	5	250	3	249	5.36e-151	423
EABAIN_02430	ACNHAK_04710	43.2	234	133	0	9	242	3	236	1.59e-59	189
EABAIN_02430	CMMAPM_09560	41.2	228	134	0	12	239	6	233	1.87e-56	181
EABAIN_02440	PHBBGM_10320	95.7	162	4	1	1	159	1	162	1.69e-107	303
EABAIN_02440	AANGNE_08275	72.8	158	43	0	1	158	1	158	2.05e-80	234
EABAIN_02440	BGHOFK_08650	71.7	159	45	0	1	159	1	159	1.96e-78	229
EABAIN_02445	AAKGEC_00515	100	184	0	0	1	184	1	184	9.15e-128	356
EABAIN_02445	BGHOFK_08655	71.7	184	52	0	1	184	1	184	2.07e-92	266
EABAIN_02445	AANGNE_08280	67.9	184	59	0	1	184	1	184	2.29e-89	259
EABAIN_02450	NAECHE_07625	99.5	218	0	1	1	217	1	218	1.16e-151	419
EABAIN_02450	KFHBHO_01280	56.7	210	90	1	3	212	1	209	4.99e-77	231
EABAIN_02455	ABCLFC_02770	95.6	344	15	0	1	344	1	344	1.18e-184	513
EABAIN_02455	IAFHMK_02985	79.4	316	64	1	29	344	40	354	2.01e-123	358
EABAIN_02455	CDIIGJ_04600	61.3	328	124	3	18	344	19	344	2.24e-102	304
EABAIN_02455	OAEMLE_12830	57.3	171	70	1	177	344	64	234	2.34e-66	208
EABAIN_02455	FLAJND_11760	57.3	171	70	1	177	344	292	462	1.29e-63	208
EABAIN_02460	CFBGPF_07120	81.7	393	71	1	14	405	3	395	1.04e-180	508
EABAIN_02460	CMMBIF_07090	68.0	406	123	4	1	405	1	400	9.29e-134	389
EABAIN_02460	CDIIGJ_04595	58.0	388	155	5	11	391	5	391	5.92e-109	325
EABAIN_02460	DHALJH_05995	78.2	188	40	1	218	405	86	272	5.45e-101	300
EABAIN_02460	BNBIEO_09290	64.1	184	65	1	222	405	24	206	3.82e-84	255
EABAIN_02465	AAKGEC_00505	99.3	1060	7	0	1	1060	1	1060	0.0	2060
EABAIN_02465	HNNKEJ_13310	74.6	1061	259	4	1	1060	1	1052	0.0	1558
EABAIN_02465	BGHOFK_08665	73.7	1061	269	3	1	1060	1	1052	0.0	1543
EABAIN_02465	IAFHMK_08975	69.1	1108	292	5	1	1060	1	1106	0.0	1471
EABAIN_02465	AANGNE_01640	66.0	1060	338	3	1	1060	1	1038	0.0	1380
EABAIN_02465	CNLKLD_00895	65.4	1062	350	5	1	1060	1	1047	0.0	1377
EABAIN_02465	DNKGCI_05715	66.3	1063	336	6	1	1060	1	1044	0.0	1372
EABAIN_02465	DDDLLA_02295	61.9	1063	383	5	1	1060	1	1044	0.0	1274
EABAIN_02470	BPDDPD_05540	99.5	217	1	0	1	217	1	217	1.92e-148	411
EABAIN_02470	DDDLLA_02300	71.6	211	60	0	7	217	6	216	3.33e-107	306
EABAIN_02470	AANGNE_01645	70.2	215	64	0	3	217	2	216	8.08e-106	303
EABAIN_02470	CNLKLD_07045	66.8	211	70	0	7	217	10	220	1.33e-100	290
EABAIN_02475	CGMKCF_06805	97.8	278	6	0	1	278	11	288	1.43e-189	520
EABAIN_02475	CNLKLD_07040	70.9	278	81	0	1	278	1	278	2.38e-136	385
EABAIN_02480	AAKGEC_00490	99.6	279	1	0	1	279	1	279	4.42e-198	541
EABAIN_02480	IAFHMK_08990	64.0	283	94	2	2	277	1	282	4.96e-124	354
EABAIN_02480	LBKFJK_06450	61.6	279	103	2	2	277	1	278	1.40e-120	345
EABAIN_02480	DNKGCI_05730	59.1	281	109	4	2	277	1	280	2.12e-108	315
EABAIN_02480	CNLKLD_07035	58.4	279	111	3	1	274	1	279	6.27e-108	313
EABAIN_02480	DDDLLA_02310	58.6	280	111	3	2	277	1	279	1.26e-107	313
EABAIN_02480	BLCAGE_01750	55.1	274	116	3	6	279	16	282	2.79e-99	291
EABAIN_02485	AAKGEC_00485	98.5	403	6	0	1	403	1	403	2.10e-279	758
EABAIN_02485	BGHOFK_08685	57.4	385	164	0	19	403	17	401	1.93e-150	431
EABAIN_02485	HNNKEJ_00015	68.3	227	72	0	177	403	2	228	1.89e-105	310
EABAIN_02490	AAKGEC_00480	100	218	0	0	1	218	1	218	5.30e-146	405
EABAIN_02490	BGHOFK_08690	70.3	219	64	1	1	218	1	219	4.93e-103	296
EABAIN_02490	HNNKEJ_00020	70.3	219	62	2	1	218	1	217	5.35e-102	293
EABAIN_02490	LBKFJK_06445	58.7	213	84	2	9	217	9	221	7.72e-79	235
EABAIN_02490	DNKGCI_05735	59.6	203	81	1	16	217	23	225	9.09e-79	235
EABAIN_02490	DDDLLA_02315	52.9	223	99	2	1	217	1	223	7.02e-73	220
EABAIN_02490	IAFHMK_08995	61.4	176	66	2	42	217	34	207	2.77e-71	215
EABAIN_02490	CNLKLD_07030	56.3	190	81	2	29	217	12	200	8.63e-71	214
EABAIN_02490	BNBIEO_05555	55.5	191	83	2	29	218	4	193	8.56e-67	203
EABAIN_02495	BCGFPE_10410	100	91	0	0	1	91	7	97	1.74e-57	171
EABAIN_02500	EHLNLG_12860	96.4	165	6	0	1	165	5	169	3.93e-116	325
EABAIN_02500	EBABJH_05730	98.2	163	3	0	1	163	1	163	4.77e-116	328
EABAIN_02500	DIBOGN_07195	63.0	165	61	0	1	165	1	165	9.60e-75	220
EABAIN_02500	BCFLNJ_00220	71.2	104	30	0	1	104	1	104	1.80e-52	162
EABAIN_02505	AAKGEC_00465	97.6	169	4	0	1	169	1	169	4.13e-119	333
EABAIN_02505	ONPFCC_02665	73.7	114	30	0	1	114	1	114	1.17e-58	178
EABAIN_02510	AAKGEC_00460	98.4	186	3	0	1	186	1	186	1.07e-136	379
EABAIN_02510	PEPBIK_02865	73.5	185	47	1	1	185	1	183	1.40e-102	292
EABAIN_02510	DIBOGN_07160	68.8	176	55	0	3	178	9	184	9.47e-90	260
EABAIN_02515	CEHNAA_02655	78.1	269	59	0	1	269	1	269	1.45e-146	410
EABAIN_02515	IAFHMK_04250	60.2	269	107	0	1	269	1	269	3.02e-105	306
EABAIN_02515	PEPBIK_13730	56.3	268	117	0	1	268	1	268	4.03e-103	300
EABAIN_02515	NAECHE_10365	57.6	269	114	0	1	269	1	269	3.28e-102	298
EABAIN_02515	CNLKLD_05825	46.3	270	143	1	1	268	1	270	1.42e-79	241
EABAIN_02515	HNNKEJ_12855	46.8	218	116	0	1	218	1	218	3.41e-64	201
EABAIN_02520	AAKGEC_00450	99.6	241	1	0	1	241	1	241	2.39e-158	438
EABAIN_02520	IAFHMK_04245	68.6	239	75	0	1	239	1	239	6.35e-110	315
EABAIN_02520	PEPBIK_13735	65.8	240	82	0	1	240	1	240	3.66e-109	313
EABAIN_02520	NAECHE_10370	67.2	241	78	1	1	240	1	241	2.00e-106	306
EABAIN_02520	HNNKEJ_12860	50.9	232	114	0	10	241	3	234	4.44e-73	222
EABAIN_02520	CNLKLD_05820	51.7	238	114	1	2	238	3	240	1.06e-70	216
EABAIN_02525	AAKGEC_00445	99.4	161	1	0	1	161	1	161	3.18e-110	310
EABAIN_02530	AAKGEC_00440	99.2	125	1	0	1	125	1	125	4.99e-83	238
EABAIN_02530	ABCLFC_02850	62.9	124	46	0	1	124	1	124	2.05e-50	155
EABAIN_02535	AAKGEC_00435	100	381	0	0	1	381	1	381	3.71e-271	735
EABAIN_02535	CNLKLD_05685	37.4	382	221	6	1	374	1	372	1.68e-73	233
EABAIN_02535	BGHOFK_07175	35.7	356	207	7	22	365	3	348	3.07e-59	195
EABAIN_02535	DDDLLA_01980	35.0	357	213	7	22	370	3	348	2.57e-55	185
EABAIN_02535	IAFHMK_04165	33.4	371	211	8	29	372	10	371	4.82e-54	182
EABAIN_02540	JAIDNN_03395	86.6	292	39	0	1	292	1	292	4.46e-146	411
EABAIN_02540	HNNKEJ_04820	69.8	242	72	1	51	292	49	289	3.86e-84	254
EABAIN_02540	DNKGCI_05765	75.6	160	39	0	133	292	50	209	1.61e-79	239
EABAIN_02540	LBKFJK_06410	66.9	160	53	0	133	292	43	202	9.74e-72	219
EABAIN_02545	DBDHAK_11915	99.1	549	5	0	1	549	13	561	0.0	1055
EABAIN_02545	CDIIGJ_04550	66.7	549	182	1	1	549	1	548	3.41e-261	724
EABAIN_02545	LBKFJK_06405	63.9	545	196	1	1	545	9	552	3.42e-251	699
EABAIN_02545	GCFKAO_09000	47.3	537	271	4	18	547	22	553	2.51e-168	488
EABAIN_02545	DNKGCI_00815	45.2	544	286	4	14	547	14	555	3.16e-156	457
EABAIN_02545	DNKGCI_10480	46.1	547	287	4	1	545	1	541	8.10e-154	451
EABAIN_02545	BGHOFK_04425	45.4	529	286	3	17	545	23	548	1.44e-150	442
EABAIN_02545	AANGNE_01115	44.5	560	297	6	1	549	1	557	7.16e-147	433
EABAIN_02545	IAFHMK_08890	45.5	545	278	7	19	549	19	558	1.18e-145	430
EABAIN_02545	DDDLLA_09065	44.5	557	289	6	1	543	1	551	4.44e-145	429
EABAIN_02545	CNLKLD_00880	44.5	546	281	6	14	545	14	551	5.32e-143	423
EABAIN_02545	NAFEBK_07190	56.1	171	75	0	45	215	1	171	1.76e-59	196
EABAIN_02550	MCFIIO_08320	99.0	310	2	1	1	310	1	309	1.97e-214	585
EABAIN_02550	CDIIGJ_03410	69.0	306	94	1	1	306	1	305	1.46e-141	401
EABAIN_02550	BGHOFK_01730	63.8	304	110	0	1	304	1	304	4.75e-133	379
EABAIN_02550	CNLKLD_07195	61.3	302	117	0	3	304	4	305	7.96e-121	348
EABAIN_02550	DNKGCI_05700	41.8	306	170	5	4	304	2	304	9.73e-69	216
EABAIN_02555	MKCKPI_03550	90.2	367	30	1	1	361	1	367	4.44e-171	480
EABAIN_02555	CDIIGJ_04540	70.2	362	106	2	1	361	1	361	2.36e-150	427
EABAIN_02555	IAFHMK_10790	58.0	362	141	5	1	361	1	352	5.30e-125	363
EABAIN_02555	DDDLLA_02340	54.1	370	156	3	1	361	1	365	8.15e-120	350
EABAIN_02555	DNKGCI_05775	59.0	371	137	3	1	361	1	366	5.86e-115	338
EABAIN_02555	KAAGFE_00985	63.2	304	86	6	1	281	1	301	2.35e-100	299
EABAIN_02555	CNLKLD_07900	57.1	289	113	3	1	281	1	286	6.16e-100	297
EABAIN_02560	ABCBPP_03010	98.6	210	3	0	1	210	1	210	6.57e-152	419
EABAIN_02560	BGHOFK_08720	66.2	210	69	1	1	210	1	208	2.24e-99	286
EABAIN_02560	CDIIGJ_04535	63.6	209	76	0	1	209	1	209	8.95e-97	280
EABAIN_02560	HNNKEJ_00055	64.6	209	71	2	1	209	1	206	9.87e-94	272
EABAIN_02560	LBKFJK_06390	59.0	210	84	1	1	210	1	208	5.43e-86	252
EABAIN_02560	IAFHMK_10785	60.1	208	81	1	1	208	1	206	4.96e-84	247
EABAIN_02560	DDDLLA_11365	58.6	210	85	1	1	210	1	208	1.52e-83	246
EABAIN_02560	DNKGCI_05800	58.6	210	85	1	1	210	1	208	1.76e-82	243
EABAIN_02560	JFBCPF_02090	55.5	209	90	2	1	208	1	207	6.29e-76	228
EABAIN_02560	CNLKLD_04585	53.4	208	95	1	1	208	3	208	2.27e-73	220
EABAIN_02565	ABJDJH_08590	96.3	697	20	2	1	691	1	697	0.0	1278
EABAIN_02565	IAFHMK_10780	69.7	689	191	7	1	677	1	683	0.0	922
EABAIN_02565	DNKGCI_05805	71.2	614	170	2	64	670	1	614	7.98e-310	856
EABAIN_02565	CNLKLD_04580	64.9	672	210	10	30	677	8	677	9.16e-292	812
EABAIN_02565	AANGNE_01690	62.0	690	225	9	18	673	3	689	3.16e-279	781
EABAIN_02570	AAKGEC_00400	100	213	0	0	1	213	1	213	2.11e-154	426
EABAIN_02570	DNKGCI_05810	68.4	228	56	3	1	212	1	228	4.03e-103	296
EABAIN_02570	AANGNE_01695	69.8	215	62	1	1	212	1	215	2.11e-102	294
EABAIN_02570	IAFHMK_10775	68.5	222	60	2	1	212	1	222	5.41e-102	293
EABAIN_02570	LBKFJK_06380	66.5	230	60	3	1	213	1	230	2.89e-100	290
EABAIN_02570	DDDLLA_11355	66.2	225	63	1	1	212	1	225	8.65e-100	288
EABAIN_02575	AAKGEC_00395	99.4	174	1	0	1	174	1	174	1.67e-125	349
EABAIN_02575	DNKGCI_05815	69.0	174	54	0	1	174	1	174	5.46e-90	259
EABAIN_02575	IAFHMK_10770	67.2	174	57	0	1	174	1	174	4.48e-89	257
EABAIN_02575	AANGNE_01700	64.2	173	62	0	1	173	1	173	1.21e-84	246
EABAIN_02575	DDDLLA_11350	62.6	174	65	0	1	174	1	174	5.51e-83	242
EABAIN_02575	CNLKLD_04570	56.3	174	76	0	1	174	1	174	1.65e-70	210
EABAIN_02575	PHNKGJ_12880	100	78	0	0	1	78	1	78	1.24e-51	160
EABAIN_02580	EHLNLG_12940	100	133	0	0	1	133	14	146	1.03e-93	266
EABAIN_02585	AAKGEC_00385	100	93	0	0	1	93	1	93	6.28e-62	182
EABAIN_02590	DPKBOM_07170	98.1	259	5	0	1	259	1	259	2.85e-187	513
EABAIN_02590	DDDLLA_11335	65.9	255	87	0	1	255	1	255	2.68e-123	351
EABAIN_02590	IAFHMK_10750	63.5	260	93	1	1	258	1	260	1.03e-120	344
EABAIN_02590	LBKFJK_06360	64.3	258	92	0	1	258	1	258	2.37e-117	336
EABAIN_02590	DNKGCI_05830	61.4	249	96	0	10	258	5	253	3.00e-114	328
EABAIN_02590	AANGNE_01715	51.6	254	122	1	1	253	1	254	1.22e-90	268
EABAIN_02590	BGCGKI_01730	51.6	254	122	1	1	253	83	336	1.69e-89	268
EABAIN_02590	CNLKLD_04555	53.1	245	114	1	10	253	12	256	8.90e-89	263
EABAIN_02595	CNLKLD_04550	82.5	422	73	1	2	423	1	421	2.53e-245	673
EABAIN_02595	AIPJBK_01780	42.3	423	240	3	2	422	1	421	6.89e-111	332
EABAIN_02605	AAKGEC_00365	98.8	427	5	0	1	427	1	427	3.32e-256	701
EABAIN_02700	MKCKPI_03695	99.8	637	1	0	1	637	29	665	0.0	1221
EABAIN_02700	IAFHMK_02560	70.2	644	179	4	1	637	1	638	3.16e-314	865
EABAIN_02700	EIKFFD_03540	67.5	643	187	6	1	637	1	627	1.26e-303	838
EABAIN_02700	LBKFJK_05990	65.6	640	202	3	1	637	1	625	4.38e-294	814
EABAIN_02700	DNKGCI_02805	66.0	639	203	6	1	637	1	627	5.46e-293	811
EABAIN_02700	CNLKLD_07755	64.2	637	205	6	4	637	2	618	6.51e-285	790
EABAIN_02700	OFBCLB_08965	63.8	638	222	2	1	637	1	630	1.46e-279	777
EABAIN_02705	IAFHMK_02555	83.7	449	71	1	1	447	1	449	7.79e-254	697
EABAIN_02705	BCFLNJ_13320	97.8	183	4	0	1	183	1	183	2.65e-113	330
EABAIN_02710	AAKGEC_06505	99.6	247	1	0	1	247	1	247	1.34e-167	462
EABAIN_02710	BGHOFK_05190	42.9	252	134	3	1	246	1	248	1.25e-58	186
EABAIN_02710	HNNKEJ_05295	39.8	249	147	2	1	246	1	249	4.21e-54	174
EABAIN_02710	DNKGCI_06985	36.8	250	152	3	1	246	1	248	4.87e-47	156
EABAIN_02710	LBKFJK_03530	35.5	248	158	2	1	246	54	301	9.43e-47	157
EABAIN_02710	BNBIEO_08270	35.5	251	157	2	1	246	1	251	1.79e-45	152
EABAIN_02715	CJHCCN_10300	85.6	452	65	0	1	452	1	452	4.94e-278	759
EABAIN_02715	BCFLNJ_13295	77.8	315	63	4	1	312	1	311	5.30e-154	439
EABAIN_02715	AGFMFG_10295	48.4	450	225	2	1	450	17	459	1.61e-141	413
EABAIN_02715	AGHDIE_09590	30.5	456	291	8	1	451	1	435	1.52e-63	211
EABAIN_02715	ABCBPP_13475	29.9	455	295	10	1	450	1	436	8.28e-59	199
EABAIN_02720	ABCLFC_03065	87.9	107	13	0	1	107	1	107	3.80e-70	204
EABAIN_02720	HNNKEJ_00205	68.2	107	34	0	1	107	1	107	3.91e-55	166
EABAIN_02725	HNNKEJ_00210	89.5	752	75	2	1	748	1	752	0.0	1278
EABAIN_02725	ABIMCM_12640	50.9	631	300	5	105	731	78	702	6.06e-204	592
EABAIN_02725	DDDLLA_01605	50.0	632	304	5	104	731	82	705	2.95e-203	590
EABAIN_02725	BGHOFK_00325	46.3	697	298	10	107	728	163	858	1.73e-188	558
EABAIN_02725	BIHALF_08510	47.0	613	314	5	107	708	177	789	2.94e-188	556
EABAIN_02725	BLCAGE_01905	46.8	613	315	5	107	708	177	789	2.34e-187	553
EABAIN_02725	DDDLLA_02545	47.3	613	312	5	107	708	176	788	2.54e-186	551
EABAIN_02725	CNLKLD_01815	47.6	614	309	6	107	708	176	788	7.15e-186	550
EABAIN_02725	BKOEEG_06540	37.2	629	310	12	106	714	6	569	3.80e-116	362
EABAIN_02725	AMHKJB_11010	36.6	618	319	11	106	713	6	560	3.78e-115	360
EABAIN_02725	CBFHCM_10005	37.4	617	315	9	106	713	11	565	1.22e-112	353
EABAIN_02725	EPKBNI_14320	34.3	638	327	15	107	729	4	564	6.90e-104	330
EABAIN_02725	KGJGGL_03015	37.7	567	282	10	106	663	6	510	7.77e-97	326
EABAIN_02730	AAKGEC_06525	100	156	0	0	1	156	1	156	1.72e-107	302
EABAIN_02730	IAFHMK_00170	69.4	157	47	1	1	156	1	157	8.01e-70	207
EABAIN_02730	CNLKLD_00745	66.9	154	51	0	1	154	1	154	2.85e-65	196
EABAIN_02735	EJEPOM_11610	100	337	0	0	1	337	31	367	1.13e-241	658
EABAIN_02735	EJEPOM_04945	56.5	338	139	6	1	333	1	335	1.96e-120	350
EABAIN_02740	AAKGEC_06535	100	211	0	0	1	211	1	211	2.21e-155	428
EABAIN_02745	AKPIPJ_03000	98.7	150	2	0	1	150	1	150	9.06e-109	305
EABAIN_02745	CDIIGJ_04345	73.5	151	40	0	1	151	1	151	6.89e-82	237
EABAIN_02745	HNNKEJ_00240	67.8	146	47	0	1	146	1	146	9.63e-75	219
EABAIN_02745	LBKFJK_02930	67.6	148	48	0	1	148	1	148	4.41e-73	215
EABAIN_02745	DDDLLA_02990	66.7	144	48	0	1	144	1	144	1.71e-66	198
EABAIN_02745	DNKGCI_02830	59.1	149	61	0	1	149	1	149	9.41e-64	191
EABAIN_02745	IAFHMK_03865	62.0	150	55	1	1	150	1	148	3.70e-63	190
EABAIN_02745	AANGNE_07955	59.5	148	55	3	1	146	15	159	1.88e-54	168
EABAIN_02745	CNLKLD_07785	51.0	149	71	1	1	149	1	147	1.44e-52	163
EABAIN_02750	AAKGEC_06545	99.7	692	2	0	1	692	1	692	0.0	1330
EABAIN_02755	CDIIGJ_04330	81.5	270	47	3	6	273	4	272	6.91e-146	409
EABAIN_02755	BGHOFK_09495	69.5	266	80	1	6	270	4	269	4.49e-121	346
EABAIN_02755	IAFHMK_03855	66.8	268	88	1	4	270	2	269	6.39e-116	333
EABAIN_02755	LBKFJK_02940	60.7	267	104	1	4	269	2	268	1.36e-105	307
EABAIN_02755	IAFHMK_03850	56.4	266	114	1	6	271	3	266	2.15e-96	283
EABAIN_02755	DDDLLA_02965	58.8	250	101	1	21	270	23	270	2.37e-94	278
EABAIN_02755	CNLKLD_00235	56.9	269	112	3	4	270	2	268	2.47e-93	276
EABAIN_02755	OFBCLB_09205	50.0	270	134	1	4	273	2	270	1.07e-84	254
EABAIN_02755	DNKGCI_00715	47.2	267	140	1	4	270	2	267	6.76e-83	249
EABAIN_02755	BNPKDP_03040	95.8	119	5	0	155	273	3	121	5.60e-72	216
EABAIN_02760	AJANDE_13115	98.7	374	3	1	1	372	1	374	1.01e-264	718
EABAIN_02760	HNNKEJ_00255	68.1	370	115	1	1	370	1	367	1.14e-183	513
EABAIN_02760	BGHOFK_09500	63.7	369	131	1	1	369	1	366	1.05e-162	459
EABAIN_02760	ABCLFC_03115	85.9	135	19	0	180	314	1	135	1.22e-74	228
EABAIN_02765	AANGNE_07930	97.3	146	4	0	4	149	5	150	7.33e-100	283
EABAIN_02770	LEOBIF_11090	99.6	245	1	0	1	245	1	245	1.38e-167	462
EABAIN_02775	AAKGEC_03060	99.7	320	1	0	1	320	1	320	2.23e-223	609
EABAIN_02775	DBFGIH_09700	74.1	321	78	3	1	320	23	339	5.48e-164	459
EABAIN_02775	DDDLLA_02940	72.8	323	83	2	1	319	8	329	6.51e-156	439
EABAIN_02775	CNLKLD_07170	66.5	322	105	2	1	320	1	321	1.76e-144	409
EABAIN_02780	DNKGCI_02990	87.2	250	32	0	1	250	1	250	1.39e-161	448
EABAIN_02780	BAFONJ_09505	38.9	270	138	5	1	249	1	264	2.48e-55	178
EABAIN_02785	AAKGEC_03070	99.5	196	1	0	1	196	1	196	2.55e-124	348
EABAIN_02785	GJNFIB_04240	99.5	184	1	0	13	196	81	264	1.60e-115	328
EABAIN_02785	CNLKLD_07155	71.9	192	54	0	1	192	1	192	2.09e-88	257
EABAIN_02785	IAFHMK_08280	71.0	193	56	0	1	193	1	193	3.99e-86	251
EABAIN_02785	ABCLFC_03140	69.4	196	60	0	1	196	1	196	4.05e-84	246
EABAIN_02785	DFCDFN_00615	56.9	195	84	0	1	195	1	195	3.05e-69	209
EABAIN_02790	AAKGEC_03075	100	178	0	0	1	178	1	178	1.04e-121	340
EABAIN_02790	CNLKLD_07150	71.9	178	50	0	1	178	1	178	3.31e-85	248
EABAIN_02790	DDDLLA_05660	70.6	170	50	0	1	170	1	170	4.78e-80	235
EABAIN_02795	AAKGEC_03080	99.6	231	1	0	1	231	1	231	5.99e-163	449
EABAIN_02795	CDIIGJ_04290	70.3	229	65	1	1	226	1	229	1.42e-106	306
EABAIN_02795	HNNKEJ_00295	67.1	225	74	0	1	225	1	225	1.60e-100	291
EABAIN_02795	BGHOFK_09540	63.7	234	82	1	1	231	1	234	2.46e-98	285
EABAIN_02795	IAFHMK_08270	61.2	227	88	0	1	227	1	227	1.14e-93	273
EABAIN_02795	AANGNE_07880	61.0	228	88	1	1	227	1	228	3.19e-91	267
EABAIN_02795	DNKGCI_00770	60.3	229	89	2	1	227	1	229	1.09e-89	263
EABAIN_02795	DDDLLA_05655	52.6	230	106	2	1	227	1	230	7.22e-76	228
EABAIN_02795	CNLKLD_07145	53.5	228	105	1	1	227	1	228	2.93e-72	219
EABAIN_02795	OBKEOE_03200	74.6	130	33	0	102	231	1	130	3.16e-58	180
EABAIN_02805	LIMBNG_08850	99.6	775	3	0	1	775	1	775	0.0	1407
EABAIN_02805	GNOKMM_08040	59.9	554	216	3	199	749	5	555	1.81e-202	584
EABAIN_02805	DBFGIH_00895	40.6	739	419	7	5	734	8	735	3.46e-160	483
EABAIN_02805	HNNKEJ_05105	37.3	673	405	8	3	667	8	671	6.92e-136	422
EABAIN_02805	DDDLLA_11280	36.0	670	409	8	5	667	9	665	2.32e-131	410
EABAIN_02805	MDKGKD_05780	36.0	670	407	7	5	667	10	664	4.10e-128	402
EABAIN_02805	DNKGCI_10915	34.1	669	420	9	5	664	8	664	3.12e-121	382
EABAIN_02805	LBKFJK_08710	28.5	685	430	18	21	650	38	717	1.22e-62	225
EABAIN_02805	JAPIMJ_06920	28.0	679	411	15	40	645	54	727	6.35e-62	223
EABAIN_02805	DDDLLA_09200	28.4	673	419	19	35	650	52	718	1.27e-60	219
EABAIN_02805	DNKGCI_09670	29.4	632	385	18	68	647	2	624	4.15e-60	217
EABAIN_02805	CNLKLD_05120	29.9	638	389	17	64	650	86	716	8.97e-57	208
EABAIN_02805	AANGNE_04040	26.6	729	449	21	2	652	18	738	7.32e-55	203
EABAIN_02805	EOHHJN_09855	28.8	650	401	17	61	653	83	727	8.94e-55	202
EABAIN_02805	BGHOFK_00755	25.9	721	449	21	3	647	19	730	1.79e-54	202
EABAIN_02805	CNLKLD_02820	24.9	686	435	17	5	631	33	697	4.85e-46	176
EABAIN_02805	HNNKEJ_12000	26.4	716	447	23	4	647	32	739	4.36e-45	174
EABAIN_02805	DDDLLA_06035	23.5	684	461	15	24	651	53	730	1.24e-44	172
EABAIN_02805	FHIFIE_03450	27.9	555	326	17	161	650	198	743	8.06e-42	164
EABAIN_02805	GKAHPE_00190	23.1	692	453	15	2	631	30	704	4.05e-41	161
EABAIN_02805	BGHOFK_01130	25.7	626	385	21	35	590	72	687	1.42e-40	160
EABAIN_02810	ILMBOP_12335	95.4	152	2	1	1	147	1	152	1.79e-99	281
EABAIN_02810	ABCLFC_03170	65.1	146	51	0	1	146	1	146	4.82e-64	192
EABAIN_02810	DBFGIH_11280	58.7	138	57	0	7	144	7	144	2.28e-53	165
EABAIN_02810	AANGNE_04860	58.8	136	56	0	9	144	11	146	4.59e-53	164
EABAIN_02810	COBKPA_11520	59.1	132	54	0	13	144	12	143	5.75e-53	164
EABAIN_02810	BGHOFK_08790	56.0	134	59	0	12	145	12	145	4.87e-50	156
EABAIN_02815	BAOMEA_11010	98.8	329	4	0	1	329	1	329	9.84e-222	607
EABAIN_02815	GKAHPE_08915	61.7	324	115	5	13	330	13	333	1.23e-117	343
EABAIN_02820	AAKGEC_03105	98.0	197	4	0	1	197	1	197	1.54e-130	364
EABAIN_02820	BCFLNJ_13155	73.5	196	52	0	1	196	1	196	2.48e-95	275
EABAIN_02820	BPDDPD_12570	47.5	198	102	2	1	197	1	197	1.62e-52	166
EABAIN_02820	CBEECJ_09590	42.3	194	112	0	1	194	1	194	5.37e-48	155
EABAIN_02825	ABCLFC_06230	83.1	160	26	1	1	160	1	159	1.97e-86	249
EABAIN_02825	AANGNE_05030	67.7	158	51	0	3	160	4	161	3.80e-72	213
EABAIN_02825	BGHOFK_06885	66.5	158	53	0	3	160	4	161	6.57e-66	197
EABAIN_02830	AAKGEC_03115	99.2	133	1	0	1	133	1	133	8.72e-90	256
EABAIN_02830	BPHPFJ_03390	63.6	129	47	0	2	130	3	131	3.54e-55	168
EABAIN_02830	CBFHCM_03360	60.9	128	50	0	2	129	16	143	1.14e-53	165
EABAIN_02835	AAKGEC_03120	99.3	598	4	0	1	598	1	598	0.0	1120
EABAIN_02835	AANGNE_03775	62.9	588	217	1	9	596	9	595	6.60e-250	699
EABAIN_02835	MIPKAO_00750	62.3	589	217	2	9	596	9	593	1.16e-247	693
EABAIN_02835	CDIIGJ_08260	55.6	595	260	2	2	596	3	593	1.09e-213	607
EABAIN_02835	BGHOFK_09790	54.5	591	258	3	9	596	9	591	8.20e-208	592
EABAIN_02835	BDEBFB_07260	51.7	588	279	1	9	596	8	590	1.03e-200	574
EABAIN_02835	NEHKFL_06955	47.2	591	300	9	9	596	10	591	6.90e-164	480
EABAIN_02835	NEHKFL_05020	46.4	588	307	6	10	596	3	583	7.04e-159	467
EABAIN_02840	ABCLFC_05850	87.6	233	29	0	1	233	1	233	3.11e-145	406
EABAIN_02840	CIJHDH_03820	69.3	257	79	0	1	257	1	257	1.39e-135	382
EABAIN_02840	EEJBJI_10780	68.9	257	79	1	1	257	1	256	1.92e-128	363
EABAIN_02840	BDEBFB_07265	65.0	257	90	0	1	257	1	257	3.26e-120	343
EABAIN_02840	BGHOFK_09795	64.3	249	88	1	10	257	10	258	1.06e-116	334
EABAIN_02840	NEHKFL_05025	60.3	257	102	0	1	257	1	257	1.69e-115	331
EABAIN_02840	NEHKFL_06960	61.9	257	98	0	1	257	1	257	5.59e-114	327
EABAIN_02840	CDIIGJ_08265	62.6	257	96	0	1	257	1	257	9.20e-113	324
EABAIN_02840	EIKFFD_00090	63.9	238	86	0	1	238	1	238	1.94e-112	322
EABAIN_02845	AAKGEC_03130	100	119	0	0	2	120	2	120	2.83e-82	236
EABAIN_02850	PHBBGM_06370	97.5	122	3	0	1	122	1	122	5.36e-84	240
EABAIN_02855	AAKGEC_03140	100	94	0	0	1	94	1	94	6.75e-62	182
EABAIN_02860	AAKGEC_03145	99.1	232	2	0	1	232	1	232	4.19e-159	439
EABAIN_02865	CFHHLL_10515	80.9	115	22	0	1	115	1	115	4.87e-66	195
EABAIN_02865	NMIFFA_05145	81.9	116	21	0	1	116	184	299	4.63e-64	196
EABAIN_02870	AKOOIJ_12720	89.8	488	50	0	1	488	58	545	0.0	877
EABAIN_02870	BAFDFF_13455	68.7	479	150	0	6	484	1	479	2.08e-243	674
EABAIN_02870	DOHOGG_04665	67.4	484	154	1	9	488	2	485	4.52e-233	647
EABAIN_02870	ABJDJH_14140	61.7	481	181	1	1	478	1	481	1.40e-215	603
EABAIN_02870	LBKFJK_04705	62.9	442	159	1	42	478	1	442	6.52e-200	564
EABAIN_02870	DIBOGN_05550	58.4	473	194	1	9	478	3	475	1.24e-195	552
EABAIN_02870	DNKGCI_06625	50.0	486	233	8	2	478	5	489	1.40e-147	431
EABAIN_02870	DDDLLA_09675	45.9	477	250	7	10	478	15	491	4.09e-131	389
EABAIN_02870	DNKGCI_07225	62.7	241	88	1	247	485	1	241	3.66e-93	282
EABAIN_02870	NMIFFA_05145	78.6	154	33	0	303	456	1	154	2.31e-72	231
EABAIN_02870	CPNLII_00365	60.8	194	75	1	286	478	3	196	8.74e-69	218
EABAIN_02870	MNCDBI_12110	88.5	96	11	0	393	488	36	131	3.39e-48	162
EABAIN_02875	AAKGEC_03160	96.6	177	6	0	1	177	1	177	6.27e-127	353
EABAIN_02880	AAKGEC_03170	97.2	143	4	0	1	143	1	143	4.03e-93	265
EABAIN_02880	AANGNE_04215	62.9	140	52	0	1	140	1	140	8.46e-59	178
EABAIN_02885	AAKGEC_03175	97.8	137	3	0	1	137	1	137	9.32e-96	271
EABAIN_02910	AIKIDN_03095	100	319	0	0	1	319	1	319	1.80e-233	634
EABAIN_02910	AIPJBK_04990	73.0	319	85	1	1	318	1	319	2.30e-172	480
EABAIN_02910	GFFGID_13915	69.6	316	95	1	4	318	3	318	2.85e-161	452
EABAIN_02910	KBHNFF_12035	69.0	319	98	1	1	318	1	319	1.39e-159	447
EABAIN_02910	FPMMJC_11160	31.7	319	204	5	5	318	6	315	2.07e-50	169
EABAIN_02915	OFBCLB_10540	78.8	604	127	1	1	604	1	603	0.0	894
EABAIN_02915	NAGBDA_10955	54.4	592	265	2	1	587	1	592	4.45e-219	622
EABAIN_02915	FFEJFE_01160	54.0	596	273	1	1	595	1	596	8.01e-214	608
EABAIN_02915	ANILPM_09560	50.9	591	278	3	1	581	40	628	1.46e-191	553
EABAIN_02915	AJKPDP_02710	37.4	617	366	9	8	604	17	633	6.54e-120	369
EABAIN_02915	EJEPOM_07410	35.5	619	381	9	1	604	1	616	1.21e-118	365
EABAIN_02915	LBKFJK_04765	35.2	603	378	8	7	596	9	611	7.15e-117	360
EABAIN_02915	BDEBFB_07090	38.2	629	344	12	1	598	1	615	1.10e-116	360
EABAIN_02915	GEDPFN_03060	35.0	588	371	6	4	581	6	592	3.12e-108	338
EABAIN_02915	CGMKCF_00010	50.7	337	165	1	190	525	4	340	1.98e-105	324
EABAIN_02915	IHNEIG_03910	34.2	617	387	8	1	602	1	613	7.97e-104	326
EABAIN_02915	PPBJPA_11475	35.9	619	365	11	1	596	1	610	4.86e-102	322
EABAIN_02915	JIGPNC_03510	34.9	627	384	9	1	604	1	626	9.86e-102	321
EABAIN_02915	AANGNE_08360	35.3	638	356	16	6	603	7	627	2.78e-100	318
EABAIN_02915	CJHCCN_07355	34.0	639	367	14	5	604	6	628	3.03e-100	317
EABAIN_02915	DDDLLA_06080	32.9	596	384	5	1	583	1	593	2.33e-99	315
EABAIN_02915	PLIDEH_07035	33.5	641	367	15	6	603	7	631	1.94e-97	310
EABAIN_02915	CJHCCN_02135	34.1	596	378	7	1	583	1	594	7.66e-97	308
EABAIN_02915	BGHOFK_00615	34.3	632	368	13	6	603	7	625	5.26e-95	304
EABAIN_02915	GEDPFN_08620	33.2	633	378	15	6	602	7	630	2.36e-94	302
EABAIN_02915	PHNKGJ_02305	33.5	620	393	9	1	604	1	617	5.04e-94	301
EABAIN_02915	BDEBFB_07105	31.7	638	393	10	5	604	7	639	9.36e-92	295
EABAIN_02915	DNKGCI_11580	33.0	643	378	12	6	604	8	641	1.93e-91	295
EABAIN_02915	JAIDNN_07690	34.3	630	368	14	6	603	181	796	9.86e-91	297
EABAIN_02915	BGHOFK_02935	33.4	622	357	12	6	581	7	617	2.28e-88	286
EABAIN_02920	AIKIDN_03085	100	487	0	0	1	487	1	487	0.0	1006
EABAIN_02920	FFEJFE_01165	62.0	481	181	2	4	484	6	484	2.90e-226	630
EABAIN_02920	NAGBDA_10950	59.6	478	192	1	4	481	6	482	1.06e-214	601
EABAIN_02920	ANILPM_09555	54.2	485	218	4	4	485	7	490	2.75e-196	554
EABAIN_02920	BDEBFB_07100	51.3	489	220	3	4	484	3	481	8.92e-186	527
EABAIN_02920	GEDPFN_03055	50.0	486	220	6	7	485	5	474	2.01e-167	480
EABAIN_02920	DDDLLA_10775	48.1	482	238	4	4	484	3	473	1.74e-166	478
EABAIN_02920	EJEPOM_07405	51.2	490	211	7	1	484	1	468	5.72e-166	476
EABAIN_02920	CNLKLD_06025	46.5	484	244	5	4	484	3	474	8.50e-159	458
EABAIN_02920	HDKJGO_06115	46.8	485	249	6	4	485	8	486	4.14e-157	454
EABAIN_02920	AANGNE_08355	47.6	490	233	6	4	484	3	477	4.01e-156	452
EABAIN_02920	DNKIME_04800	46.6	494	242	8	1	485	1	481	7.84e-151	438
EABAIN_02920	LBKFJK_04760	45.0	482	251	5	2	482	4	472	1.76e-150	437
EABAIN_02920	ALNFEK_03480	44.9	490	248	6	1	481	6	482	3.60e-150	437
EABAIN_02920	ACDDAG_07275	45.1	483	249	6	4	484	10	478	8.11e-150	436
EABAIN_02920	CDIIGJ_10515	43.5	517	238	12	5	484	4	503	6.51e-142	416
EABAIN_02920	AGFMFG_00740	42.6	484	267	6	4	484	9	484	2.00e-141	414
EABAIN_02920	DAEIAJ_08645	44.8	487	248	8	4	484	3	474	1.64e-140	412
EABAIN_02920	DDDLLA_05595	43.1	490	249	8	4	481	5	476	9.43e-140	410
EABAIN_02920	IAFHMK_01915	41.1	482	265	5	4	485	8	470	3.14e-137	404
EABAIN_02920	KPGHOL_06290	42.1	487	256	7	7	484	6	475	1.52e-134	397
EABAIN_02920	PPBJPA_11480	41.5	499	258	8	4	484	10	492	6.76e-134	395
EABAIN_02920	ANILPM_08310	38.0	492	257	11	1	483	1	453	1.60e-108	329
EABAIN_02920	NOKDAP_10530	39.0	482	258	10	6	482	6	456	8.13e-108	328
EABAIN_02920	ACPHPF_05020	36.5	485	270	8	3	486	7	454	5.02e-106	323
EABAIN_02925	ACNHAK_08115	73.0	278	75	0	4	281	3	280	1.69e-154	432
EABAIN_02925	ANILPM_09550	42.9	275	157	0	1	275	1	275	2.98e-83	251
EABAIN_02925	FFEJFE_01170	42.5	275	156	2	1	275	1	273	7.17e-80	242
EABAIN_02925	NAGBDA_10945	38.3	282	172	2	1	281	1	281	6.06e-76	232
EABAIN_02925	CJHCCN_07365	33.3	285	180	4	2	281	16	295	2.45e-54	177
EABAIN_02925	EJEPOM_07415	31.5	273	184	3	4	275	3	273	9.71e-54	175
EABAIN_02925	BDEBFB_07110	32.0	278	188	1	2	278	4	281	4.18e-53	174
EABAIN_02925	ABCLFC_04805	31.4	280	182	3	2	276	1	275	2.80e-50	166
EABAIN_02925	DNKGCI_11585	29.7	276	192	2	2	276	1	275	5.33e-47	158
EABAIN_02925	CJHCCN_02130	28.9	277	195	2	4	279	3	278	6.02e-46	155
EABAIN_02930	ABIMCM_00530	97.0	199	6	0	1	199	1	199	3.14e-140	389
EABAIN_02935	ABIMCM_00535	97.8	317	7	0	1	317	1	317	9.55e-228	620
EABAIN_02940	ABJDJH_10650	95.9	242	10	0	1	242	1	242	3.36e-154	427
EABAIN_02940	EIKFFD_06440	52.5	242	114	1	1	241	1	242	1.91e-78	236
EABAIN_02940	FFDIKI_06220	50.8	242	119	0	1	242	1	242	2.12e-77	233
EABAIN_02940	FIHDIM_06775	47.5	238	125	0	4	241	1	238	1.88e-67	207
EABAIN_02945	ABJDJH_10645	97.9	285	6	0	1	285	1	285	7.33e-200	546
EABAIN_02945	DBFGIH_10230	66.8	283	94	0	1	283	1	283	2.74e-135	383
EABAIN_02945	FIHDIM_06780	66.3	282	95	0	1	282	1	282	7.83e-135	382
EABAIN_02945	CMOKEC_11005	49.1	285	144	1	1	285	1	284	4.88e-98	289
EABAIN_02945	EIKFFD_06010	43.3	203	115	0	5	207	4	206	9.24e-54	174
EABAIN_02955	AGINCK_02330	94.0	100	5	1	1	99	1	100	1.66e-60	179
EABAIN_02955	ABJDJH_14460	94.0	100	5	1	1	99	37	136	5.22e-60	179
EABAIN_02960	PPBJPA_12015	98.3	121	2	0	38	158	1	121	4.76e-82	237
EABAIN_02960	NGIILC_01340	75.3	158	35	1	1	158	1	154	3.57e-75	221
EABAIN_02960	BNBIEO_08880	61.9	139	50	2	1	139	1	136	4.06e-49	155
EABAIN_02960	AANGNE_07020	59.5	153	58	3	1	152	1	150	4.18e-49	155
EABAIN_02965	EAKCFB_11090	96.2	559	21	0	1	559	1	559	0.0	1053
EABAIN_02965	PHNKGJ_02235	36.5	502	294	6	33	529	20	501	5.07e-107	330
EABAIN_02965	NOKDAP_11250	39.2	436	258	5	11	442	11	443	7.43e-94	298
EABAIN_02965	CPACNB_10170	34.1	560	313	15	8	544	7	533	7.47e-78	254
EABAIN_02965	AGKELP_03070	32.7	565	326	13	3	543	2	536	4.68e-76	250
EABAIN_02965	AGDPFD_09255	32.1	561	314	13	8	543	7	525	4.90e-76	249
EABAIN_02965	OABIGA_03695	38.2	434	235	11	23	442	34	448	2.77e-75	248
EABAIN_02965	ABJDJH_03155	33.4	440	266	9	23	453	31	452	2.40e-71	237
EABAIN_02965	BAFONJ_04330	36.0	386	230	6	78	462	90	459	1.30e-68	229
EABAIN_02965	CPLMAE_05915	32.9	438	272	11	78	510	90	510	2.30e-65	221
EABAIN_02965	BPPLAM_03650	38.6	316	176	7	128	442	148	446	1.04e-63	215
EABAIN_02965	BEKHAI_08680	38.6	324	174	8	137	455	152	455	5.09e-61	208
EABAIN_02965	NCBCII_00045	32.2	326	203	9	113	430	6	321	5.59e-46	165
EABAIN_02970	ACIHME_07450	99.0	383	4	0	1	383	35	417	2.55e-281	762
EABAIN_02970	CJHCCN_02420	66.7	381	127	0	1	381	32	412	1.62e-193	540
EABAIN_02970	PHNKGJ_02200	39.8	387	211	6	1	373	18	396	1.55e-87	270
EABAIN_02970	CNLKLD_07280	39.3	384	207	8	1	373	17	385	2.97e-79	248
EABAIN_02970	DCLJAL_09785	37.0	335	207	3	1	334	17	348	1.23e-77	243
EABAIN_02970	ACIHME_09185	35.9	382	217	9	1	379	20	376	3.32e-59	196
EABAIN_02970	OABIGA_03705	32.3	378	234	9	4	370	26	392	1.89e-49	171
EABAIN_02980	AAKGEC_06960	97.2	109	3	0	1	109	1	109	2.64e-75	217
EABAIN_02980	AMFMEJ_10465	91.7	84	6	1	1	84	1	83	1.09e-49	156
EABAIN_02985	AAKGEC_06955	84.5	103	16	0	1	103	1	103	1.40e-56	169
EABAIN_02990	ABJDJH_12205	84.7	85	13	0	1	85	8	92	5.51e-52	157
EABAIN_03000	AAKGEC_06935	94.3	141	7	1	1	140	1	141	1.20e-86	248
EABAIN_03000	AMHKJB_11775	68.8	138	38	2	1	137	1	134	3.91e-61	184
EABAIN_03010	HNNKEJ_09880	76.7	614	136	5	1	611	1	610	0.0	899
EABAIN_03010	CPACNB_10130	76.8	613	136	5	1	611	1	609	0.0	895
EABAIN_03010	ABJDJH_03195	61.8	602	225	4	12	611	13	611	5.81e-245	700
EABAIN_03010	AMHKJB_11760	52.6	751	215	6	1	612	1	749	1.06e-230	668
EABAIN_03010	AMHKJB_06385	57.8	602	245	4	18	612	12	611	8.47e-228	656
EABAIN_03010	NMIFFA_07010	53.8	604	269	6	13	611	4	602	1.08e-201	588
EABAIN_03010	EPIGCM_10440	53.4	624	263	8	13	611	14	634	5.89e-198	576
EABAIN_03010	NCNHMD_11360	53.8	576	240	10	11	564	13	584	2.44e-183	541
EABAIN_03010	BBKIGO_06380	41.7	744	278	10	18	611	12	749	9.45e-161	488
EABAIN_03010	OFBCLB_00330	47.1	630	304	10	1	611	1	620	1.10e-159	480
EABAIN_03010	KILFKA_07140	73.1	290	74	3	323	611	1	287	2.38e-134	401
EABAIN_03010	FPMMJC_07400	53.4	440	188	7	20	449	20	452	2.42e-130	405
EABAIN_03010	CPDEKO_03525	90.6	180	16	1	1	179	1	180	1.20e-102	311
EABAIN_03010	JEKAEJ_06075	36.3	651	360	19	3	611	5	642	3.88e-95	311
EABAIN_03010	EPKBNI_06640	33.0	430	211	10	1	382	1	401	3.05e-48	181
EABAIN_03010	KHHBNE_01090	43.9	246	123	8	231	472	12	246	3.25e-43	166
EABAIN_03010	CDIIGJ_10930	32.0	500	297	14	24	499	58	538	3.94e-43	166
EABAIN_03010	BGLHNG_00640	30.3	545	304	22	3	497	5	523	6.72e-38	150
EABAIN_03015	MKICBC_13355	96.9	260	8	0	3	262	88	347	1.67e-189	523
EABAIN_03015	HNNKEJ_09790	72.7	260	65	1	3	262	11	264	6.18e-142	398
EABAIN_03015	ABJDJH_03230	68.7	262	77	2	3	262	83	341	3.00e-132	377
EABAIN_03015	NOKDAP_11045	54.8	259	112	1	3	261	85	338	4.75e-104	305
EABAIN_03015	LIIBMF_00870	77.8	176	36	1	3	175	92	267	2.30e-100	293
EABAIN_03015	AAOIOD_09590	47.3	262	127	4	3	262	94	346	9.50e-77	236
EABAIN_03015	AJANDE_09010	66.2	136	46	0	127	262	61	196	5.08e-65	201
EABAIN_03015	LBKFJK_01725	63.0	135	45	1	127	261	230	359	1.27e-59	192
EABAIN_03015	CDIIGJ_06825	51.7	178	72	2	85	262	147	310	7.33e-59	189
EABAIN_03015	FPMMJC_07475	59.6	141	54	1	125	262	55	195	6.19e-58	182
EABAIN_03015	DDDLLA_01050	52.0	177	69	3	95	262	192	361	8.05e-58	187
EABAIN_03015	EHKLLF_12630	64.3	129	46	0	134	262	27	155	1.17e-56	178
EABAIN_03015	JAFLJO_06510	48.1	181	78	4	88	262	202	372	1.18e-56	185
EABAIN_03015	HMJMNM_07675	62.8	137	45	2	127	262	133	264	1.99e-56	181
EABAIN_03015	AEMMAL_00340	57.6	125	52	1	139	262	67	191	4.22e-49	160
EABAIN_03015	LFLIBM_06035	58.1	124	51	1	139	261	73	196	4.81e-47	155
EABAIN_03015	AEMMAL_09475	56.5	124	53	1	139	261	59	182	1.79e-46	153
EABAIN_03015	ONFANJ_08250	39.7	242	127	9	8	236	617	852	1.97e-41	150
EABAIN_03025	ABJDJH_12115	96.3	108	4	0	1	108	1	108	5.79e-74	214
EABAIN_03035	FNBHCB_09195	95.5	404	18	0	1	404	7	410	1.21e-280	761
EABAIN_03035	AAOIOD_02620	54.3	396	177	2	2	396	1	393	1.11e-148	426
EABAIN_03035	BBKIGO_01800	31.3	387	243	7	20	395	10	384	2.60e-51	176
EABAIN_03035	BCOINH_00325	29.5	387	253	7	15	396	5	376	5.74e-49	170
EABAIN_03035	AGKELP_11405	29.7	390	244	10	15	395	5	373	1.19e-48	169
EABAIN_03035	KDEKFF_08860	26.9	386	260	5	15	396	5	372	9.22e-46	161
EABAIN_03035	AANGNE_06905	28.6	385	247	7	20	396	10	374	3.66e-45	159
EABAIN_03035	NOKDAP_11390	29.2	384	246	6	20	395	10	375	1.45e-44	158
EABAIN_03035	AAOIOD_09615	27.5	378	259	4	20	396	10	373	3.88e-42	151
EABAIN_03035	IAMBHH_05155	28.2	337	224	6	64	395	19	342	7.62e-42	150
EABAIN_03040	HKGGDN_02860	84.5	187	29	0	1	187	17	203	1.45e-119	337
EABAIN_03045	EJHBKF_03110	100	146	0	0	1	146	1	146	8.35e-104	292
EABAIN_03050	AAKGEC_03190	99.7	357	1	0	1	357	1	357	1.45e-249	678
EABAIN_03050	DDDLLA_00375	35.0	349	206	8	3	344	64	398	1.38e-47	165
EABAIN_03055	AAKGEC_03195	99.4	175	1	0	1	175	1	175	3.50e-123	343
EABAIN_03055	KCGGLB_05835	65.7	175	60	0	1	175	1	175	5.65e-81	237
EABAIN_03055	CDIIGJ_04225	64.0	175	63	0	1	175	1	175	6.56e-80	234
EABAIN_03060	BPDDPD_10825	97.1	173	5	0	1	173	1	173	6.58e-116	328
EABAIN_03060	BGHOFK_06845	72.9	166	45	0	7	172	1	166	1.68e-83	246
EABAIN_03060	CNLKLD_06235	59.9	167	67	0	7	173	1	167	1.44e-62	192
EABAIN_03065	ABCLFC_10410	89.3	270	29	0	1	270	1	270	7.59e-172	474
EABAIN_03065	CDIIGJ_04220	73.5	268	71	0	2	269	7	274	2.79e-138	390
EABAIN_03065	BGHOFK_06840	69.3	270	82	1	1	269	1	270	1.20e-131	373
EABAIN_03065	HNNKEJ_00365	67.4	273	86	2	1	270	1	273	3.31e-127	362
EABAIN_03065	AGDPFD_09395	66.9	269	89	0	1	269	4	272	3.14e-125	357
EABAIN_03065	IAFHMK_03760	65.4	269	93	0	1	269	1	269	1.26e-121	347
EABAIN_03065	DNKGCI_03055	61.5	270	103	1	2	270	10	279	1.12e-112	325
EABAIN_03065	CNLKLD_07095	60.4	270	106	1	1	269	1	270	1.72e-112	324
EABAIN_03065	LBKFJK_00035	56.2	292	106	2	1	270	1	292	2.93e-106	309
EABAIN_03065	DDDLLA_02780	57.9	273	112	2	1	270	1	273	2.06e-104	304
EABAIN_03070	AAKGEC_03210	100	154	0	0	1	154	1	154	3.78e-110	309
EABAIN_03070	CDIIGJ_04215	61.0	154	60	0	1	154	1	154	4.82e-65	195
EABAIN_03070	BGHOFK_06835	53.9	154	69	1	1	154	1	152	6.97e-55	169
EABAIN_03075	AAKGEC_03215	100	306	0	0	1	306	1	306	2.48e-213	582
EABAIN_03075	BGHOFK_06830	70.6	306	90	0	1	306	1	306	1.03e-152	429
EABAIN_03075	CDIIGJ_04210	69.9	306	92	0	1	306	1	306	4.59e-149	420
EABAIN_03075	AANGNE_07665	70.3	195	58	0	111	305	5	199	1.53e-98	288
EABAIN_03075	CNLKLD_07090	73.3	191	51	0	112	302	5	195	6.44e-96	281
EABAIN_03080	AANGNE_07660	78.7	408	86	1	8	415	6	412	1.21e-226	625
EABAIN_03080	CNLKLD_05605	73.1	417	110	1	1	415	1	417	2.28e-212	589
EABAIN_03085	AAKGEC_03225	100	200	0	0	1	200	1	200	4.82e-140	388
EABAIN_03085	CNLKLD_05600	65.2	198	69	0	3	200	2	199	1.01e-88	258
EABAIN_03085	AANGNE_07655	64.1	198	71	0	3	200	6	203	1.64e-88	258
EABAIN_03090	AAKGEC_03230	100	365	0	0	1	365	1	365	2.68e-265	719
EABAIN_03090	BGHOFK_06815	66.1	363	123	0	3	365	4	366	1.02e-177	497
EABAIN_03090	IAFHMK_03015	66.5	364	119	2	2	365	3	363	1.48e-174	489
EABAIN_03090	DNKGCI_06835	66.0	362	120	2	1	362	1	359	4.49e-171	480
EABAIN_03090	DDDLLA_06315	64.2	374	120	2	1	362	1	372	4.40e-170	478
EABAIN_03090	HNNKEJ_03265	64.1	362	127	2	1	362	1	359	4.85e-170	478
EABAIN_03090	LBKFJK_01120	62.7	362	132	2	1	362	1	359	1.63e-166	469
EABAIN_03090	CNLKLD_04380	63.5	362	129	2	1	362	1	359	1.88e-161	456
EABAIN_03095	AAKGEC_03235	99.7	398	1	0	1	398	1	398	1.06e-290	786
EABAIN_03095	DNKGCI_06840	70.6	395	116	0	1	395	1	395	1.08e-207	576
EABAIN_03095	CNLKLD_04385	67.8	395	127	0	1	395	1	395	9.50e-199	553
EABAIN_03100	KABOBF_14650	81.0	211	40	0	1	211	1	211	4.72e-125	352
EABAIN_03100	CDIIGJ_04185	70.0	213	64	0	1	213	1	213	2.14e-109	312
EABAIN_03100	IAFHMK_02995	67.3	208	68	0	4	211	6	213	2.45e-99	286
EABAIN_03100	DDDLLA_06295	61.8	212	81	0	4	215	6	217	5.71e-94	273
EABAIN_03100	BGHOFK_06805	58.1	210	88	0	1	210	1	210	4.34e-85	250
EABAIN_03100	CNLKLD_04390	56.1	212	93	0	4	215	5	216	3.04e-84	248
EABAIN_03105	AGKELP_08790	100	96	0	0	1	96	1	96	9.88e-64	187
EABAIN_03110	AAKGEC_03250	99.2	252	2	0	1	252	1	252	4.33e-171	471
EABAIN_03110	CDIIGJ_04175	73.5	268	55	2	1	252	1	268	2.40e-128	363
EABAIN_03110	HNNKEJ_00400	73.4	252	62	1	1	252	1	247	2.32e-121	345
EABAIN_03110	BGHOFK_06790	67.9	262	74	2	1	252	1	262	4.73e-115	330
EABAIN_03110	IAFHMK_03720	63.9	252	85	1	1	252	1	246	8.11e-110	316
EABAIN_03110	AANGNE_07645	64.6	254	76	4	1	252	1	242	1.71e-103	300
EABAIN_03110	DDDLLA_02745	59.6	255	90	4	1	252	1	245	1.53e-90	267
EABAIN_03110	LBKFJK_00070	60.0	255	89	4	1	252	1	245	3.08e-90	266
EABAIN_03110	CNLKLD_05590	61.8	254	85	5	1	252	1	244	1.71e-89	264
EABAIN_03110	DNKGCI_03085	58.4	255	93	4	1	252	1	245	8.25e-88	260
EABAIN_03115	ABCLFC_10345	85.2	108	16	0	1	108	1	108	8.23e-65	191
EABAIN_03115	BGHOFK_06785	74.1	108	28	0	1	108	1	108	4.18e-56	169
EABAIN_03115	DFCDFN_00720	74.8	103	26	0	4	106	8	110	3.84e-53	161
EABAIN_03115	HNNKEJ_00405	66.4	107	36	0	1	107	1	107	5.72e-49	150
EABAIN_03120	DFCDFN_00725	89.8	147	15	0	1	147	1	147	1.23e-96	274
EABAIN_03125	AAKGEC_03260	100	501	0	0	1	501	1	501	0.0	877
EABAIN_03125	CNLKLD_04975	53.1	493	200	1	9	501	3	464	1.92e-174	498
EABAIN_03125	IAFHMK_08035	54.9	508	215	4	4	498	2	508	1.55e-169	488
EABAIN_03125	IAFHMK_05735	51.1	493	223	2	6	498	3	477	4.35e-167	480
EABAIN_03125	LBKFJK_00080	61.1	319	121	2	182	497	1	319	2.39e-107	322
EABAIN_03125	LBKFJK_00085	71.2	139	40	0	3	141	2	140	1.53e-62	200
EABAIN_03130	ABCLFC_10330	90.9	208	19	0	1	208	1	208	1.63e-133	372
EABAIN_03130	HNNKEJ_00420	56.7	194	84	0	14	207	4	197	2.41e-79	235
EABAIN_03130	IAFHMK_03680	60.1	193	77	0	14	206	4	196	3.30e-79	234
EABAIN_03130	DDDLLA_02725	57.0	193	83	0	14	206	4	196	4.69e-79	234
EABAIN_03130	LBKFJK_00090	57.0	193	83	0	14	206	7	199	1.31e-74	223
EABAIN_03130	IAFHMK_05745	44.5	191	101	1	14	204	4	189	1.41e-55	174
EABAIN_03130	CNLKLD_04970	43.1	195	106	1	12	206	6	195	1.50e-55	174
EABAIN_03135	AAKGEC_03270	99.6	284	1	0	1	284	1	284	3.17e-214	583
EABAIN_03140	AAKGEC_03275	100	301	0	0	1	301	1	301	1.36e-203	557
EABAIN_03140	JAFLJO_03170	65.7	297	102	0	5	301	1	297	6.01e-133	380
EABAIN_03140	CNLKLD_05575	64.4	289	103	0	12	300	10	298	9.16e-124	355
EABAIN_03140	AANGNE_07630	61.3	300	113	2	5	301	1	300	4.13e-116	336
EABAIN_03145	ABCBPP_03465	100	148	0	0	1	148	1	148	1.19e-101	287
EABAIN_03145	BGHOFK_06765	73.8	145	38	0	1	145	1	145	1.14e-74	219
EABAIN_03145	HNNKEJ_00440	70.8	144	42	0	1	144	52	195	5.77e-72	214
EABAIN_03150	AAKGEC_03285	97.1	243	7	0	1	243	1	243	2.23e-164	453
EABAIN_03155	AAKGEC_03290	98.9	91	1	0	1	91	1	91	5.43e-62	182
EABAIN_03160	ABCLFC_10300	99.7	309	1	0	1	309	1	309	7.46e-219	597
EABAIN_03165	AIPJBK_00310	100	261	0	0	1	261	1	261	8.85e-195	532
EABAIN_03165	AANGNE_07610	74.4	258	66	0	3	260	2	259	9.15e-150	418
EABAIN_03165	APEJKH_07355	70.6	252	74	0	8	259	4	255	1.16e-138	390
EABAIN_03165	ACIHME_07530	67.9	252	81	0	8	259	4	255	8.80e-135	380
EABAIN_03165	CNLKLD_01500	69.1	256	78	1	6	261	7	261	2.43e-134	379
EABAIN_03165	DNKIME_12070	66.3	252	85	0	8	259	5	256	1.64e-131	372
EABAIN_03165	BGCJLL_07015	46.5	254	129	3	10	257	8	260	2.07e-74	228
EABAIN_03170	AAKGEC_03305	98.6	138	2	0	2	139	2	139	1.64e-65	195
EABAIN_03175	AAKGEC_03310	98.9	187	2	0	1	187	1	187	3.16e-86	251
EABAIN_03175	BGHOFK_06745	74.6	197	39	1	1	186	1	197	3.25e-62	191
EABAIN_03180	DFCDFN_00775	88.7	471	52	1	3	472	4	474	2.20e-305	829
EABAIN_03180	DDKKPM_04605	36.1	319	182	10	6	322	49	347	3.70e-50	174
EABAIN_03180	GEDPFN_04480	37.6	242	135	7	5	242	2	231	1.31e-42	150
EABAIN_03185	HNNKEJ_00495	76.4	657	154	1	6	662	6	661	0.0	1002
EABAIN_03185	BGHOFK_06730	73.1	670	175	4	1	669	1	666	0.0	969
EABAIN_03185	PLCKHO_12835	67.2	399	131	0	263	661	1	399	7.39e-191	545
EABAIN_03185	GGNLIA_03115	97.6	208	5	0	1	208	1	208	1.31e-131	395
EABAIN_03185	KCPOOK_10000	68.3	252	80	0	415	666	3	254	5.26e-124	368
EABAIN_03190	BGHOFK_06730	90.6	669	59	2	5	670	3	670	0.0	1180
EABAIN_03190	HNNKEJ_00495	71.7	657	182	1	7	659	5	661	0.0	935
EABAIN_03190	PLCKHO_12835	67.2	399	130	1	261	658	1	399	3.03e-185	530
EABAIN_03190	KCPOOK_10000	71.8	252	71	0	412	663	3	254	1.51e-126	374
EABAIN_03190	GGNLIA_03115	71.6	204	54	1	7	206	5	208	1.52e-90	289
EABAIN_03200	BEGLKA_09505	95.5	221	10	0	1	221	1	221	1.60e-140	391
EABAIN_03200	BNBIEO_04260	68.5	219	66	1	1	219	1	216	1.86e-103	298
EABAIN_03200	EKJHIG_08755	63.3	210	77	0	1	210	1	210	5.68e-93	271
EABAIN_03200	DDDLLA_07900	59.5	210	85	0	1	210	16	225	3.35e-83	246
EABAIN_03200	IAFHMK_01170	59.0	210	86	0	1	210	1	210	1.02e-81	242
EABAIN_03200	BKMMEC_03620	72.9	133	36	0	78	210	1	133	3.76e-62	190
EABAIN_03205	CDIIGJ_04030	74.4	293	75	0	1	293	1	293	1.14e-150	423
EABAIN_03205	HNNKEJ_00520	72.9	292	78	1	4	294	3	294	2.67e-149	419
EABAIN_03205	LBKFJK_00185	70.3	290	85	1	4	293	3	291	4.23e-141	399
EABAIN_03205	DBFGIH_10345	69.4	294	86	2	1	294	23	312	7.43e-141	399
EABAIN_03205	IAFHMK_03615	71.0	293	85	0	1	293	1	293	1.73e-139	395
EABAIN_03205	DNKGCI_03190	70.3	290	85	1	4	293	3	291	5.60e-137	388
EABAIN_03205	CNLKLD_05485	71.0	279	81	0	4	282	3	281	6.97e-136	385
EABAIN_03205	DDDLLA_02610	65.5	290	99	1	4	293	14	302	1.47e-128	367
EABAIN_03210	AAKGEC_03345	98.6	222	3	0	1	222	1	222	2.03e-161	444
EABAIN_03210	HNNKEJ_00525	71.6	222	63	0	1	222	1	222	6.06e-115	327
EABAIN_03210	LBKFJK_00190	62.4	218	82	0	3	220	2	219	2.05e-101	292
EABAIN_03210	DDDLLA_02605	62.7	220	82	0	3	222	2	221	6.80e-100	288
EABAIN_03210	IAFHMK_03610	63.2	223	81	1	1	222	1	223	8.01e-97	281
EABAIN_03210	AANGNE_07530	59.0	222	91	0	1	222	1	222	1.56e-96	280
EABAIN_03210	CNLKLD_05480	61.3	217	84	0	6	222	4	220	1.19e-95	278
EABAIN_03210	DNKGCI_03195	64.1	206	74	0	17	222	1	206	6.31e-90	263
EABAIN_03215	LBKFJK_00195	89.5	294	31	0	5	298	7	300	9.53e-176	487
EABAIN_03225	AAKGEC_03360	98.8	86	1	0	1	86	1	86	1.48e-59	176
EABAIN_03235	CNLKLD_05555	76.5	307	71	1	1	306	1	307	1.56e-173	482
EABAIN_03240	AAKGEC_03375	97.9	233	5	0	1	233	1	233	7.50e-158	436
EABAIN_03240	BGHOFK_06670	71.2	233	66	1	1	233	1	232	1.46e-111	319
EABAIN_03240	HNNKEJ_00550	70.8	233	66	1	1	233	1	231	1.34e-109	314
EABAIN_03240	DNKGCI_03215	63.5	233	82	2	1	233	1	230	5.72e-99	287
EABAIN_03240	LBKFJK_00210	63.1	233	83	2	1	233	1	230	8.90e-96	279
EABAIN_03240	IAFHMK_03580	60.9	233	85	2	1	233	1	227	3.78e-94	275
EABAIN_03240	DDDLLA_02585	59.2	233	92	2	1	233	1	230	3.72e-90	265
EABAIN_03240	DBFGIH_04045	60.2	231	69	3	3	233	18	225	1.74e-82	245
EABAIN_03240	CNLKLD_05550	51.7	232	107	2	3	233	6	233	2.14e-75	227
EABAIN_03245	HNNKEJ_00555	77.1	742	166	1	1	742	1	738	0.0	1132
EABAIN_03245	DNKGCI_03220	72.0	739	204	1	1	739	1	736	0.0	1066
EABAIN_03245	AANGNE_01770	71.0	742	212	1	1	742	1	739	0.0	1060
EABAIN_03245	CNLKLD_01770	70.9	742	213	1	1	742	1	739	0.0	1056
EABAIN_03245	KABOBF_12095	91.4	362	31	0	381	742	1	362	1.11e-229	644
EABAIN_03250	ABCBPP_03570	100	170	0	0	1	170	16	185	4.73e-122	341
EABAIN_03255	BAFONJ_05365	76.3	173	40	1	1	173	1	172	7.13e-81	238
EABAIN_03260	IBNKIA_05190	94.5	560	20	1	1	549	1	560	0.0	952
EABAIN_03260	BGHOFK_06645	68.7	552	166	4	1	549	1	548	1.44e-226	636
EABAIN_03260	HNNKEJ_00570	66.7	553	160	5	1	547	1	535	3.82e-226	634
EABAIN_03260	CDIIGJ_03980	61.4	601	176	7	1	548	2	599	2.58e-220	622
EABAIN_03260	IAFHMK_03560	60.0	567	175	8	1	547	2	536	2.15e-196	559
EABAIN_03260	LBKFJK_00230	56.4	557	216	9	1	547	2	541	8.53e-187	535
EABAIN_03260	DNKGCI_03235	57.4	561	193	5	1	548	2	529	6.91e-183	524
EABAIN_03260	OFBCLB_08485	55.7	582	203	11	1	547	2	563	1.55e-177	512
EABAIN_03260	AMCIGH_03435	53.1	578	234	9	1	549	2	571	1.03e-169	492
EABAIN_03260	HDKJGO_04190	67.1	374	120	2	176	549	324	694	2.28e-169	496
EABAIN_03260	CNLKLD_01785	67.9	355	112	1	193	547	265	617	3.05e-164	480
EABAIN_03260	MBIFJH_10270	63.7	157	57	0	1	157	1	157	3.96e-48	164
EABAIN_03265	AANGNE_01790	80.6	155	30	0	1	155	2	156	1.53e-83	242
EABAIN_03270	AAKGEC_03405	100	151	0	0	1	151	1	151	1.09e-103	292
EABAIN_03275	BIHALF_08510	85.5	816	118	0	1	816	2	817	0.0	1328
EABAIN_03275	DDDLLA_02545	71.7	808	229	0	5	812	5	812	0.0	1119
EABAIN_03275	BLCAGE_01905	71.2	815	235	0	1	815	2	816	0.0	1103
EABAIN_03275	CNLKLD_01815	68.8	816	255	0	1	816	1	816	0.0	1068
EABAIN_03275	BGHOFK_00325	40.1	877	429	11	7	810	5	858	3.60e-192	570
EABAIN_03275	HNNKEJ_00210	46.3	613	318	5	176	788	111	712	4.44e-186	550
EABAIN_03275	ABIMCM_12640	43.7	618	325	9	176	788	80	679	1.86e-158	478
EABAIN_03275	DDDLLA_01605	41.2	645	349	8	176	809	85	710	3.02e-155	469
EABAIN_03275	AMHKJB_11010	38.5	624	314	9	171	791	2	558	1.03e-128	397
EABAIN_03275	CBFHCM_10005	37.8	630	322	9	171	797	7	569	5.39e-120	374
EABAIN_03275	BKOEEG_06540	37.5	634	314	10	171	791	2	566	1.45e-116	365
EABAIN_03275	KGJGGL_03015	37.8	600	303	9	171	767	2	534	7.47e-106	353
EABAIN_03275	EPKBNI_14320	33.4	601	331	11	198	795	25	559	7.38e-94	305
EABAIN_03280	AAKGEC_03415	100	185	0	0	1	185	1	185	3.74e-132	367
EABAIN_03285	DBMAKJ_12120	100	432	0	0	1	432	1	432	1.70e-311	842
EABAIN_03285	KEMHDF_01420	55.0	416	179	6	4	418	5	413	5.62e-147	424
EABAIN_03290	ABCLFC_10095	92.8	223	16	0	1	223	1	223	2.89e-144	401
EABAIN_03290	AANGNE_07810	72.2	223	62	0	1	223	1	223	3.79e-110	315
EABAIN_03290	DDDLLA_09015	70.0	220	66	0	1	220	1	220	1.91e-105	303
EABAIN_03290	CDIIGJ_08275	58.7	218	88	1	5	222	4	219	5.59e-83	246
EABAIN_03290	GNOKMM_10340	52.0	223	104	2	1	222	1	221	1.67e-73	222
EABAIN_03290	NEHKFL_05000	46.9	228	116	2	1	223	1	228	6.37e-64	197
EABAIN_03290	CEPOIM_07510	41.4	222	117	3	4	218	3	218	1.23e-46	162
EABAIN_03290	FFEJFE_01290	40.1	222	130	2	4	223	5	225	1.89e-46	153
EABAIN_03290	DFJEHO_03950	41.4	220	126	2	4	221	3	221	3.29e-46	161
EABAIN_03290	PNKCLE_05480	41.0	217	125	2	4	218	3	218	3.33e-46	158
EABAIN_03290	BOCCFK_10945	41.1	219	122	4	4	218	1	216	1.05e-45	151
EABAIN_03290	AANGNE_07255	41.0	217	125	2	4	218	3	218	1.62e-45	159
EABAIN_03290	ACNHAK_01800	41.5	217	124	2	4	218	3	218	2.31e-45	159
EABAIN_03290	HNNKEJ_00830	39.5	220	130	2	4	221	3	221	3.16e-45	159
EABAIN_03290	IAFHMK_03325	39.5	220	130	2	4	221	3	221	6.13e-45	158
EABAIN_03290	CNLKLD_02755	40.1	222	130	2	3	222	2	222	1.61e-44	157
EABAIN_03295	AAKGEC_03430	98.9	357	4	0	1	357	1	357	1.89e-229	627
EABAIN_03295	AANGNE_07815	61.3	357	138	0	1	357	1	357	2.66e-135	389
EABAIN_03295	LBKFJK_08075	59.7	357	143	1	1	356	1	357	1.04e-132	382
EABAIN_03295	DNKGCI_08840	56.3	357	155	1	1	356	1	357	9.80e-126	365
EABAIN_03295	OFBCLB_02985	54.3	357	161	2	1	356	1	356	3.30e-116	340
EABAIN_03295	CDIIGJ_08270	38.5	366	208	6	1	356	1	359	3.40e-72	228
EABAIN_03295	AGINCK_06570	38.5	361	212	6	1	356	2	357	6.40e-72	227
EABAIN_03295	NEHKFL_05005	31.3	368	240	6	1	356	1	367	2.55e-47	164
EABAIN_03295	GNOKMM_10345	31.2	359	233	6	1	355	1	349	5.32e-44	154
EABAIN_03300	NNPKJK_12180	99.5	188	1	0	1	188	1	188	6.63e-138	382
EABAIN_03300	LBKFJK_08080	63.0	189	70	0	1	189	1	189	6.77e-87	253
EABAIN_03300	DDDLLA_09025	57.2	180	77	0	1	180	1	180	4.85e-76	226
EABAIN_03300	DNKGCI_08835	56.7	180	78	0	1	180	1	180	2.37e-75	224
EABAIN_03300	AANGNE_07820	51.1	180	88	0	1	180	1	180	3.43e-67	203
EABAIN_03305	ACDDAG_08060	75.8	505	122	0	1	505	1	505	1.38e-290	796
EABAIN_03305	AOPEMA_03190	99.3	304	2	0	1	304	1	304	2.71e-216	599
EABAIN_03305	ACPHPF_09650	92.0	250	20	0	1	250	1	250	7.97e-163	461
EABAIN_03310	JBKKJP_10030	97.7	303	7	0	3	305	10	312	4.23e-213	582
EABAIN_03310	CNLKLD_05545	55.3	313	126	4	1	305	1	307	5.01e-110	321
EABAIN_03315	DDDLLA_02410	92.1	788	61	1	1	787	1	788	0.0	1477
EABAIN_03320	EKJHIG_03305	98.6	216	3	0	1	216	1	216	1.04e-142	397
EABAIN_03320	CDIIGJ_03935	61.8	238	69	2	2	217	4	241	9.90e-84	248
EABAIN_03320	HNNKEJ_00610	62.7	209	60	1	2	210	5	195	7.85e-82	242
EABAIN_03320	BGHOFK_06580	63.0	219	76	2	2	217	4	220	2.00e-80	239
EABAIN_03320	IAFHMK_03510	56.9	202	87	0	5	206	1	202	3.28e-70	213
EABAIN_03320	BNBIEO_05405	56.9	216	75	2	2	217	4	201	4.27e-69	209
EABAIN_03320	DNKGCI_03290	56.0	200	70	1	2	201	4	185	9.39e-67	203
EABAIN_03320	DDDLLA_02405	52.1	213	84	1	2	214	4	198	5.52e-64	196
EABAIN_03320	CNLKLD_01565	53.1	209	79	3	3	210	5	195	6.76e-63	194
EABAIN_03320	LBKFJK_00275	48.1	210	91	1	2	211	4	195	1.18e-57	180
EABAIN_03325	HNNKEJ_00615	91.5	378	29	1	1	375	31	408	1.25e-235	646
EABAIN_03325	DDDLLA_02400	74.9	379	90	1	1	374	25	403	1.17e-197	550
EABAIN_03325	IAFHMK_03505	72.7	373	101	1	4	375	1	373	5.98e-184	514
EABAIN_03325	ABCLFC_00780	41.9	358	207	1	2	358	28	385	5.40e-90	276
EABAIN_03325	DDDLLA_11320	41.6	361	208	2	1	358	36	396	6.30e-88	271
EABAIN_03335	AAKGEC_03470	100	420	0	0	1	420	1	420	5.67e-288	781
EABAIN_03335	LJBFKD_12630	99.5	408	2	0	1	408	1	408	1.69e-274	753
EABAIN_03335	DNKGCI_03300	71.9	409	115	0	2	410	19	427	5.11e-216	599
EABAIN_03335	IAFHMK_03495	68.1	408	128	1	3	410	5	410	2.30e-200	559
EABAIN_03335	DDDLLA_02395	67.9	408	121	2	3	410	5	402	1.23e-194	544
EABAIN_03335	AANGNE_01825	66.3	412	130	2	3	414	5	407	1.01e-187	526
EABAIN_03335	CNLKLD_07085	65.0	411	138	3	3	410	8	415	8.71e-185	520
EABAIN_03335	AAKGEC_07330	62.6	404	142	2	3	406	5	399	8.09e-178	501
EABAIN_03335	EMAPBM_06830	59.3	405	156	2	3	407	5	400	1.01e-167	476
EABAIN_03335	AEMMAL_05830	57.9	406	162	2	2	407	4	400	1.88e-159	455
EABAIN_03335	EJFEBF_11080	40.8	255	140	4	1	252	1	247	7.63e-47	163
EABAIN_03340	AANGNE_01830	82.0	1136	204	0	1	1136	1	1136	0.0	1892
EABAIN_03340	BNBIEO_00360	57.0	500	212	2	1	500	1	497	1.64e-187	558
EABAIN_03340	LPAKHB_10030	44.8	451	236	7	3	447	4	447	2.27e-122	384
EABAIN_03340	LJBFKD_12630	98.2	171	3	0	967	1137	406	576	8.55e-100	327
EABAIN_03345	AAKGEC_03480	100	441	0	0	1	441	1	441	1.37e-317	857
EABAIN_03345	DDDLLA_03295	71.5	435	124	0	7	441	9	443	5.34e-221	613
EABAIN_03345	JAFLJO_08255	76.0	100	24	0	342	441	37	136	7.10e-46	155
EABAIN_03350	CEHFAN_01790	99.1	848	7	1	1	848	1	847	0.0	1641
EABAIN_03350	LBKFJK_04240	74.8	849	213	1	1	848	1	849	0.0	1269
EABAIN_03355	PEPBIK_10005	81.2	410	77	0	1	410	1	410	5.76e-247	677
EABAIN_03355	LBKFJK_04245	70.2	410	122	0	1	410	1	410	1.48e-215	597
EABAIN_03355	DNKGCI_10990	69.8	410	124	0	1	410	1	410	2.54e-201	561
EABAIN_03360	AAKGEC_03495	100	199	0	0	1	199	1	199	1.05e-138	385
EABAIN_03365	FGPNLL_03370	89.8	176	2	1	1	176	1	160	1.05e-105	299
EABAIN_03365	GIPIII_04990	81.3	176	33	0	1	176	14	189	2.74e-103	294
EABAIN_03370	AAKGEC_03505	100	132	0	0	1	132	1	132	1.45e-92	263
EABAIN_03380	ABCBPP_03810	100	403	0	0	1	403	1	403	5.57e-280	759
EABAIN_03380	BNBIEO_00315	51.9	385	180	2	20	404	2	381	3.96e-125	366
EABAIN_03380	DNKGCI_09890	30.7	387	255	9	23	402	4	384	1.47e-44	158
EABAIN_03385	AKPIPJ_02055	98.4	918	15	0	1	918	17	934	0.0	1702
EABAIN_03385	AANGNE_04380	69.9	918	276	0	1	918	1	918	0.0	1233
EABAIN_03385	BGHOFK_00755	37.0	888	503	18	1	881	1	839	1.36e-159	490
EABAIN_03385	JAPIMJ_06920	34.9	921	552	13	1	918	2	877	2.28e-158	486
EABAIN_03385	FHIFIE_03450	34.7	940	537	16	1	914	1	889	1.04e-154	478
EABAIN_03385	AANGNE_04040	36.6	890	499	17	1	877	1	838	3.39e-152	471
EABAIN_03385	CNLKLD_08305	36.6	897	486	22	4	887	6	832	2.37e-147	457
EABAIN_03385	EOHHJN_09855	35.3	893	495	19	4	876	3	832	3.36e-147	457
EABAIN_03385	HNNKEJ_12000	36.6	885	497	19	20	889	31	866	3.10e-146	455
EABAIN_03385	CNLKLD_05120	34.4	914	531	17	10	914	9	862	1.63e-145	452
EABAIN_03385	DDDLLA_09200	33.1	909	529	16	1	895	1	844	2.40e-140	439
EABAIN_03385	EIKFFD_06365	35.7	817	455	14	32	842	30	782	5.24e-140	438
EABAIN_03385	LBKFJK_08710	33.4	868	501	16	1	855	1	804	6.87e-139	435
EABAIN_03385	DNKGCI_09670	32.3	829	495	14	100	916	1	775	6.04e-131	412
EABAIN_03385	BGHOFK_01130	27.9	717	462	17	7	716	31	699	4.74e-79	275
EABAIN_03385	CNLKLD_02820	27.1	734	462	17	2	723	3	675	4.23e-67	240
EABAIN_03385	HNNKEJ_03015	34.2	482	283	10	1	474	1	456	1.32e-64	226
EABAIN_03385	DDDLLA_06035	25.2	767	491	16	22	778	35	728	2.16e-64	233
EABAIN_03385	GKAHPE_00190	24.7	784	502	19	5	775	17	725	2.38e-61	224
EABAIN_03385	DBFGIH_00895	26.7	754	424	26	22	767	8	640	2.34e-44	172
EABAIN_03390	CGMKCF_06050	98.2	341	6	0	1	341	1	341	1.60e-237	656
EABAIN_03390	LMHNOH_08560	98.5	342	5	0	1	342	1	342	5.07e-237	661
EABAIN_03390	EHLNLG_04495	93.8	338	21	0	1	338	25	362	2.32e-231	632
EABAIN_03395	AAKGEC_03530	99.5	406	2	0	1	406	1	406	1.75e-284	771
EABAIN_03395	LMHNOH_08560	99.8	406	1	0	1	406	346	751	6.05e-280	773
EABAIN_03395	CGMKCF_06050	98.3	241	4	0	1	241	345	585	6.94e-150	436
EABAIN_03395	AGDPFD_05225	36.3	430	238	13	4	404	8	430	1.60e-57	194
EABAIN_03395	AANGNE_04520	32.5	418	246	13	14	404	30	438	2.05e-48	170
EABAIN_03395	KIDCCO_05445	30.4	427	251	13	3	404	15	420	8.30e-48	168
EABAIN_03405	FGPNLL_03425	78.2	293	64	0	2	294	32	324	1.67e-167	467
EABAIN_03405	LLPJJD_03290	94.5	164	9	0	1	164	1	164	2.17e-104	301
EABAIN_03405	MNFLLH_12510	97.5	80	2	0	144	223	1	80	1.99e-48	159
EABAIN_03410	AAKGEC_03545	99.2	484	4	0	1	484	1	484	0.0	938
EABAIN_03410	FFDIKI_08355	44.5	393	215	3	20	409	19	411	2.11e-113	345
EABAIN_03410	GNHKBD_11520	35.0	334	207	9	46	375	121	448	9.73e-50	182
EABAIN_03410	MNFLLH_12510	97.5	79	2	0	1	79	93	171	4.93e-45	155
EABAIN_03415	JOCPFP_03085	89.5	439	45	1	1	439	1	438	2.58e-267	731
EABAIN_03415	HIJKML_03040	43.3	439	246	1	3	441	2	437	1.58e-111	335
EABAIN_03415	EIKFFD_06375	40.0	435	258	1	3	437	2	433	1.08e-100	308
EABAIN_03420	AAKGEC_03555	100	90	0	0	1	90	1	90	8.39e-61	179
EABAIN_03420	OAEMLE_05035	100	90	0	0	1	90	92	181	1.50e-59	179
EABAIN_03425	AMHKJB_04215	98.8	84	1	0	1	84	1	84	1.03e-52	160
EABAIN_03425	LCDEGG_14340	98.8	84	1	0	1	84	243	326	3.95e-50	160
EABAIN_03430	LCDEGG_14340	99.1	115	1	0	3	117	224	338	1.79e-72	218
EABAIN_03430	AMHKJB_04215	98.9	88	1	0	22	109	1	88	1.27e-54	166
EABAIN_03430	CBFHCM_03370	87.5	96	8	1	22	117	1	92	1.09e-50	155
EABAIN_03435	OBFACL_08170	99.6	272	1	0	1	272	1	272	8.61e-197	540
EABAIN_03435	KPPIIN_12125	94.1	152	9	0	81	232	1	152	1.10e-99	290
EABAIN_03435	BOKGIH_10420	100	110	0	0	156	265	1	110	1.28e-73	222
EABAIN_03435	AHPAPB_10090	38.1	270	164	2	7	276	31	297	1.85e-52	172
EABAIN_03435	FAAIHB_09795	36.9	263	164	2	14	275	4	265	1.21e-49	164
EABAIN_03435	ACPHPF_04690	38.2	259	156	3	18	275	26	281	3.72e-49	164
EABAIN_03435	DPMHNO_00280	97.4	78	2	0	1	78	22	99	1.75e-46	150
EABAIN_03435	JOBCMP_04985	37.7	268	158	5	13	276	15	277	1.93e-46	156
EABAIN_03435	OMDMHF_02850	37.2	269	161	5	14	275	3	270	2.17e-45	154
EABAIN_03445	AGINCK_04405	99.4	993	6	0	1	993	1	993	0.0	1937
EABAIN_03445	AIKIDN_09935	100	149	0	0	1	149	1	149	4.19e-92	290
EABAIN_03450	AGINCK_04410	99.8	600	1	0	1	600	1	600	0.0	1129
EABAIN_03450	DDDLLA_05440	29.5	603	385	17	1	590	6	581	1.51e-61	213
EABAIN_03450	AMFMEJ_11100	30.3	360	215	8	246	590	362	700	2.41e-39	153
EABAIN_03455	KHHBNE_04000	98.5	412	6	0	1	412	1	412	1.26e-295	801
EABAIN_03460	AGINCK_04420	99.6	245	1	0	1	245	1	245	1.07e-172	474
EABAIN_03465	AGINCK_04425	99.3	682	5	0	1	682	1	682	0.0	1284
EABAIN_03465	FBLNFP_12225	70.0	696	194	7	1	682	1	695	1.27e-310	860
EABAIN_03465	JOJNOE_11555	35.2	361	199	13	219	560	110	454	7.44e-55	194
EABAIN_03465	BAOMEA_10550	97.7	88	2	0	526	613	46	133	2.73e-48	166
EABAIN_03470	AGINCK_04430	100	227	0	0	2	228	2	228	2.02e-164	452
EABAIN_03470	FJJMED_07195	48.7	226	109	4	2	227	7	225	2.93e-65	201
EABAIN_03475	AGINCK_04435	99.3	447	3	0	1	447	1	447	1.48e-315	853
EABAIN_03480	AGINCK_04440	99.6	225	1	0	1	225	1	225	4.74e-157	433
EABAIN_03480	CDIIGJ_04250	46.2	208	103	3	3	201	5	212	1.13e-51	169
EABAIN_03480	ABCBPP_13355	43.1	209	111	3	3	203	6	214	2.38e-50	165
EABAIN_03480	HNAFAL_01540	44.0	225	115	4	3	217	5	228	5.99e-49	162
EABAIN_03480	AJANDE_10960	41.0	229	122	4	3	224	4	226	1.46e-48	159
EABAIN_03480	AMBJPI_02350	38.0	237	126	4	1	216	1	237	2.03e-48	160
EABAIN_03480	EIEFBF_09630	40.7	221	121	3	8	220	12	230	6.32e-48	159
EABAIN_03480	AMBJPI_01915	40.2	209	117	4	3	203	6	214	3.61e-46	154
EABAIN_03480	KMMJML_04790	40.4	228	125	4	3	222	28	252	9.59e-46	154
EABAIN_03480	OFBCLB_00070	39.2	209	121	2	3	210	4	207	2.69e-45	151
EABAIN_03485	AGINCK_04445	100	242	0	0	1	242	1	242	4.87e-163	450
EABAIN_03490	AGINCK_04450	99.5	214	1	0	1	214	1	214	9.87e-140	389
EABAIN_03495	AHPAPB_10090	92.5	133	10	0	1	133	165	297	5.82e-86	252
EABAIN_03495	GLOJGG_04620	79.4	136	5	1	1	136	1	113	3.96e-69	203
EABAIN_03495	ACPHPF_04690	61.9	134	51	0	1	134	150	283	1.51e-58	182
EABAIN_03495	BGHOFK_10420	53.0	134	63	0	1	134	80	213	2.20e-48	154
EABAIN_03500	OOBKJG_03060	83.5	109	18	0	1	109	1	109	1.41e-59	179
EABAIN_03500	AHPAPB_10090	83.0	112	19	0	1	112	22	133	4.23e-59	183
EABAIN_03500	MHGLEN_14025	83.0	112	19	0	1	112	1	112	6.22e-59	183
EABAIN_03500	BEGLKA_08720	81.3	112	21	0	1	112	92	203	1.09e-57	178
EABAIN_03510	AAKGEC_03580	99.4	318	2	0	1	318	1	318	4.90e-226	615
EABAIN_03510	BNBIEO_01030	67.4	316	103	0	1	316	1	316	5.24e-147	416
EABAIN_03510	AAKGEC_03830	38.9	319	190	2	3	316	4	322	1.84e-73	229
EABAIN_03515	AAKGEC_03585	98.3	472	8	0	1	472	1	472	0.0	948
EABAIN_03515	DDDLLA_04210	67.2	472	153	1	1	472	1	470	1.41e-242	670
EABAIN_03515	JAFLJO_04755	64.5	471	167	0	1	471	1	471	1.94e-238	660
EABAIN_03515	ACDDAG_06080	65.5	470	162	0	1	470	1	470	1.08e-237	658
EABAIN_03515	BNBIEO_01025	61.1	470	176	3	3	472	19	481	9.20e-213	595
EABAIN_03520	AAKGEC_03590	99.2	650	5	0	1	650	1	650	0.0	1242
EABAIN_03520	BNBIEO_01020	72.1	649	178	1	1	649	1	646	0.0	934
EABAIN_03520	CPNLII_10460	35.8	478	296	5	2	476	4	473	7.78e-101	315
EABAIN_03520	NAGBDA_10955	32.8	634	376	13	1	628	1	590	2.02e-92	298
EABAIN_03520	PLIDEH_07035	32.7	643	398	14	10	644	12	627	3.35e-91	295
EABAIN_03520	JIGPNC_03510	32.0	660	404	13	1	649	1	626	1.75e-90	293
EABAIN_03520	GEDPFN_08620	32.0	654	396	15	10	648	12	631	4.94e-90	292
EABAIN_03520	ANILPM_09560	32.6	639	376	14	1	629	40	633	1.67e-89	291
EABAIN_03520	BGHOFK_00615	31.3	656	392	15	10	649	12	624	2.29e-89	290
EABAIN_03520	FFEJFE_01160	33.2	642	361	15	1	629	1	587	8.53e-89	288
EABAIN_03520	BDEBFB_07090	32.1	642	386	15	1	632	1	602	2.91e-88	287
EABAIN_03520	HNNKEJ_06800	32.1	663	396	17	4	647	7	634	4.94e-88	287
EABAIN_03520	JAIDNN_07690	32.1	638	386	12	10	637	186	786	4.73e-87	288
EABAIN_03520	AANGNE_08360	31.2	641	407	13	10	644	12	624	5.16e-87	284
EABAIN_03520	BGHOFK_02935	30.5	639	401	15	10	631	12	624	1.48e-86	283
EABAIN_03520	DNKGCI_11580	30.0	667	419	14	2	649	4	641	2.07e-86	283
EABAIN_03520	CJHCCN_07355	30.4	657	413	13	3	649	4	626	3.05e-86	282
EABAIN_03520	LBKFJK_04765	29.5	650	410	15	7	648	9	618	3.97e-86	281
EABAIN_03520	EJEPOM_07410	29.8	642	398	13	1	632	1	599	1.63e-85	280
EABAIN_03520	PHNKGJ_02305	30.8	660	399	13	1	647	1	615	9.60e-85	278
EABAIN_03520	BPDDPD_04225	29.8	647	394	12	4	643	6	599	2.33e-84	276
EABAIN_03520	GEDPFN_03060	30.1	638	396	11	2	631	4	599	4.77e-84	276
EABAIN_03520	BDEBFB_07105	29.0	634	419	9	2	624	4	617	4.48e-82	271
EABAIN_03520	IHNEIG_03910	31.3	652	374	18	1	633	1	597	9.39e-82	270
EABAIN_03520	AJKPDP_02710	29.7	650	412	15	8	647	17	631	2.14e-80	266
EABAIN_03525	EGHGNB_10360	94.8	291	14	1	1	290	1	291	1.42e-202	554
EABAIN_03525	ACDDAG_06090	68.2	280	89	0	3	282	1	280	5.48e-149	418
EABAIN_03525	DDDLLA_04200	68.5	286	90	0	1	286	1	286	2.75e-148	417
EABAIN_03525	JAFLJO_04745	67.8	286	92	0	1	286	1	286	3.91e-144	406
EABAIN_03525	DNKGCI_10055	64.0	278	100	0	6	283	4	281	1.20e-135	384
EABAIN_03525	GNOKMM_07805	62.5	285	107	0	1	285	1	285	4.28e-134	380
EABAIN_03525	AAKGEC_09335	62.3	289	109	0	1	289	1	289	1.36e-133	379
EABAIN_03525	LBKFJK_02540	62.5	280	105	0	6	285	5	284	9.14e-131	372
EABAIN_03525	ALNFEK_11655	60.1	281	108	2	6	283	4	283	1.39e-119	344
EABAIN_03525	OFBCLB_02070	65.1	249	83	1	5	253	4	248	2.76e-117	338
EABAIN_03525	AAKGEC_03835	55.1	283	120	3	6	283	4	284	4.07e-106	310
EABAIN_03525	CJHCCN_06830	49.7	288	139	4	6	289	5	290	4.42e-98	289
EABAIN_03525	HDKJGO_00725	61.1	157	61	0	1	157	1	157	6.72e-64	199
EABAIN_03530	ACIHME_07750	75.9	345	81	2	1	343	1	345	4.14e-195	540
EABAIN_03530	JFNFKK_08685	68.7	345	107	1	1	344	1	345	8.93e-185	514
EABAIN_03530	LMHNOH_08875	35.5	369	203	12	2	347	3	359	5.77e-54	181
EABAIN_03530	CMOKEC_05970	34.0	388	194	13	2	343	4	375	1.67e-50	172
EABAIN_03530	OOEIID_07480	33.6	369	194	11	1	340	1	347	5.87e-46	159
EABAIN_03535	ALHAGD_03395	99.8	661	1	0	1	661	1	661	0.0	1282
EABAIN_03535	KDFFJH_11850	67.2	659	216	0	3	661	2	660	2.55e-315	870
EABAIN_03535	OFBCLB_00020	32.6	668	406	16	10	655	8	653	1.07e-97	313
EABAIN_03560	AIPJBK_05020	98.2	665	12	0	1	665	1	665	0.0	1221
EABAIN_03560	COBKPA_03255	39.1	667	399	3	1	663	1	664	3.39e-146	439
EABAIN_03560	AIGDEK_10485	32.2	668	433	9	3	663	2	656	3.26e-91	296
EABAIN_03560	AAKGEC_06400	31.5	670	442	9	3	663	2	663	5.88e-89	290
EABAIN_03560	BJAFKI_00805	30.9	674	441	13	3	663	2	663	1.01e-82	274
EABAIN_03560	AANGNE_08745	30.8	689	443	11	3	662	2	685	6.42e-81	270
EABAIN_03560	ABIMCM_08810	29.8	681	438	11	3	663	2	662	2.10e-78	262
EABAIN_03560	AAOIOD_10935	30.3	696	437	14	3	662	2	685	2.53e-74	252
EABAIN_03560	GNOKMM_00140	29.3	672	446	11	3	663	2	655	4.90e-68	234
EABAIN_03560	ACNHAK_05535	28.4	696	454	12	3	662	2	689	9.02e-67	231
EABAIN_03565	AIPJBK_05025	98.6	210	3	0	1	210	1	210	5.57e-144	399
EABAIN_03565	AAKGEC_06395	65.6	209	72	0	2	210	1	209	1.58e-95	276
EABAIN_03565	CJHCCN_01235	63.3	210	77	0	1	210	1	210	5.43e-92	268
EABAIN_03565	BNBIEO_06585	61.2	209	81	0	2	210	1	209	1.07e-88	259
EABAIN_03565	DNKGCI_08685	45.3	201	107	2	2	202	1	198	1.15e-52	167
EABAIN_03565	NIHKFI_08805	44.0	209	77	1	2	210	1	169	6.00e-52	164
EABAIN_03565	APEJKH_00395	60.4	134	53	0	77	210	1	134	1.87e-50	159
EABAIN_03565	CMJOEM_01300	42.4	210	118	3	2	210	1	208	3.91e-50	161
EABAIN_03565	NPEGAB_08025	42.1	209	121	0	2	210	7	215	6.28e-49	158
EABAIN_03565	FKGECP_06060	38.6	210	125	2	2	210	1	207	1.99e-48	157
EABAIN_03565	BLCAGE_09240	42.6	209	120	0	2	210	167	375	7.02e-48	160
EABAIN_03565	JOJNOE_11530	38.6	197	120	1	2	197	3	199	2.07e-47	154
EABAIN_03565	IAFHMK_08740	38.8	209	125	1	2	210	1	206	3.29e-47	154
EABAIN_03565	DOCKDI_10880	40.0	210	121	2	2	210	1	206	1.51e-46	153
EABAIN_03575	AHPAPB_10090	87.5	279	35	0	1	279	22	300	7.19e-177	489
EABAIN_03575	ACPHPF_04690	56.1	278	121	1	1	277	6	283	5.96e-110	319
EABAIN_03575	BEGLKA_08720	84.7	157	24	0	1	157	92	248	8.14e-90	266
EABAIN_03575	MHGLEN_14025	85.3	156	23	0	1	156	1	156	5.50e-89	266
EABAIN_03575	FAAIHB_09795	47.5	265	136	2	14	275	1	265	6.56e-78	237
EABAIN_03575	JOBCMP_04985	43.3	270	145	6	12	276	11	277	6.33e-69	214
EABAIN_03575	ABJDJH_12790	41.5	270	154	3	11	276	10	279	1.47e-68	213
EABAIN_03575	GLOJGG_04620	79.3	135	5	1	144	278	1	112	3.04e-66	201
EABAIN_03575	OOBKJG_03060	84.5	110	17	0	1	110	1	110	4.88e-58	182
EABAIN_03575	BGHOFK_10420	51.8	170	79	2	111	277	44	213	7.24e-56	179
EABAIN_03575	OMDMHF_02850	37.3	268	159	5	17	275	3	270	4.73e-51	168
EABAIN_03575	OBFACL_08170	37.4	265	163	2	10	271	7	271	1.11e-50	168
EABAIN_03575	BDNBEJ_04175	64.2	120	41	1	55	174	14	131	1.28e-45	150
EABAIN_03575	CEHAJH_06490	37.4	254	152	6	19	269	12	261	5.60e-45	152
EABAIN_03585	AJCMKJ_10760	95.7	186	7	1	1	186	1	185	1.24e-119	335
EABAIN_03585	HIJKML_11945	67.6	185	59	1	1	185	1	184	1.34e-84	247
EABAIN_03585	AANGNE_06075	59.5	185	75	0	2	186	2	186	2.15e-74	221
EABAIN_03585	BGHOFK_10530	59.1	186	76	0	1	186	1	186	4.32e-74	220
EABAIN_03585	HJMHNM_08885	54.6	185	84	0	2	186	2	186	1.92e-70	211
EABAIN_03585	AMDFJK_00990	94.4	108	6	0	1	108	1	108	7.45e-67	202
EABAIN_03585	CDIIGJ_00440	54.3	186	85	0	1	186	1	186	5.63e-65	197
EABAIN_03595	CLAPNJ_06120	97.8	183	4	0	1	183	161	343	1.29e-112	323
EABAIN_03595	KKACAP_12135	85.2	183	2	1	1	183	1	158	4.07e-93	267
EABAIN_03595	BGHOFK_07025	73.0	163	44	0	20	182	6	168	2.96e-72	215
EABAIN_03595	AANGNE_03760	67.4	175	46	1	1	175	1	164	1.44e-70	211
EABAIN_03595	LBKFJK_04565	66.9	151	50	0	26	176	12	162	6.89e-63	191
EABAIN_03595	KGIGEE_00295	98.1	108	2	0	76	183	46	153	1.79e-60	184
EABAIN_03595	DDDLLA_10260	66.2	142	48	0	16	157	3	144	2.32e-58	179
EABAIN_03595	BNFMAL_06490	100	94	0	0	90	183	1	94	3.13e-53	164
EABAIN_03600	CEFGEI_08345	97.0	199	6	0	1	199	1	199	8.38e-128	363
EABAIN_03605	CEPOIM_03315	95.3	297	13	1	1	296	1	297	6.21e-200	548
EABAIN_03605	DNKGCI_08870	74.1	294	75	1	3	296	4	296	3.10e-156	437
EABAIN_03605	ACPHPF_09700	48.0	296	1	1	1	296	1	143	2.98e-70	213
EABAIN_03605	GMJBDL_13125	98.0	102	2	0	35	136	149	250	5.70e-65	204
EABAIN_03605	FHJCCB_11970	93.0	115	8	0	182	296	96	210	6.14e-65	202
EABAIN_03605	AJANDE_10295	40.0	285	168	3	14	295	12	296	4.39e-64	203
EABAIN_03605	EIIOFH_12270	84.4	96	15	0	201	296	40	135	9.43e-48	155
EABAIN_03610	CEFGEI_08345	93.6	109	7	0	1	109	205	313	4.82e-63	194
EABAIN_03615	BDMBBJ_03645	94.8	306	15	1	1	305	1	306	3.66e-211	577
EABAIN_03615	BGHOFK_01240	71.4	304	87	0	1	304	1	304	2.21e-159	446
EABAIN_03615	BJLDLK_00655	66.0	306	104	0	1	306	1	306	4.52e-150	423
EABAIN_03615	AANGNE_06065	63.8	309	112	0	1	309	1	309	2.47e-147	416
EABAIN_03615	LPLJMN_10770	63.5	304	111	0	1	304	1	304	1.62e-143	406
EABAIN_03615	AJCMKJ_07285	62.8	304	113	0	1	304	1	304	3.06e-142	403
EABAIN_03615	IAFHMK_05395	57.6	311	131	1	1	310	1	311	5.22e-130	372
EABAIN_03615	AGINCK_09360	69.9	226	15	1	86	311	1	173	6.95e-100	290
EABAIN_03620	AMFMEJ_11290	96.2	132	5	0	1	132	12	143	6.72e-80	231
EABAIN_03625	ABJDJH_10650	98.8	242	3	0	1	242	1	242	4.10e-155	430
EABAIN_03625	EIKFFD_06440	52.9	242	113	1	1	241	1	242	1.25e-76	231
EABAIN_03625	FFDIKI_06220	51.7	242	117	0	1	242	1	242	3.45e-76	230
EABAIN_03625	FIHDIM_06775	48.7	238	122	0	4	241	1	238	3.77e-67	207
EABAIN_03630	ABJDJH_10645	98.2	285	5	0	1	285	1	285	6.28e-201	549
EABAIN_03630	DBFGIH_10230	66.1	283	96	0	1	283	1	283	1.11e-134	382
EABAIN_03630	FIHDIM_06780	65.6	282	97	0	1	282	1	282	2.24e-134	381
EABAIN_03630	CMOKEC_11005	48.8	285	145	1	1	285	1	284	9.81e-98	288
EABAIN_03630	EIKFFD_06010	42.9	205	117	0	3	207	2	206	9.24e-54	174
EABAIN_03635	ABJDJH_10640	100	122	0	0	1	122	1	122	2.70e-81	233
EABAIN_03635	FIHDIM_06785	73.9	119	31	0	1	119	1	119	2.33e-57	173
EABAIN_03635	CMOKEC_11010	67.5	120	39	0	1	120	1	120	5.31e-52	159
EABAIN_03640	HMJMNM_03355	90.7	300	28	0	1	300	1	300	4.76e-194	533
EABAIN_03640	AAOIOD_09460	52.8	301	140	1	1	299	1	301	9.05e-109	317
EABAIN_03640	BIFMNE_01010	51.5	301	144	1	1	299	1	301	8.17e-97	287
EABAIN_03640	HNNKEJ_10010	51.0	302	146	2	1	301	1	301	3.40e-96	285
EABAIN_03640	KOJBHC_00880	61.5	205	78	1	1	204	1	205	6.08e-84	251
EABAIN_03640	ACNHAK_01790	43.4	311	164	4	1	300	1	310	7.55e-77	236
EABAIN_03640	DFJEHO_04880	38.1	291	167	7	1	280	3	291	6.30e-48	162
EABAIN_03645	ABJDJH_10630	68.3	120	36	1	1	120	1	118	1.65e-51	158
EABAIN_03645	AEFDGK_07485	67.2	119	38	1	2	120	28	145	2.21e-50	156
EABAIN_03645	BCOINH_11595	65.3	118	39	1	3	120	4	119	5.69e-50	154
EABAIN_03645	HNNKEJ_10005	62.5	120	44	1	1	120	1	119	1.89e-48	150
EABAIN_03660	NMIFFA_05295	73.5	362	86	2	1	354	1	360	1.35e-106	316
EABAIN_03660	ANIMCG_09965	73.4	365	90	2	1	358	1	365	1.06e-98	296
EABAIN_03660	KOHNEB_02180	67.7	359	109	3	1	358	1	353	2.74e-96	290
EABAIN_03660	NCNHMD_00120	56.0	359	129	9	5	358	3	337	3.59e-55	183
EABAIN_03665	AGINCK_02330	94.0	100	5	1	1	99	1	100	1.66e-60	179
EABAIN_03665	ABJDJH_14460	94.0	100	5	1	1	99	37	136	5.22e-60	179
EABAIN_03670	PPBJPA_12015	97.5	121	3	0	38	158	1	121	4.76e-82	237
EABAIN_03670	NGIILC_01340	74.7	158	36	1	1	158	1	154	3.57e-75	221
EABAIN_03670	BNBIEO_08880	59.5	153	58	3	1	152	1	150	3.52e-50	157
EABAIN_03670	AANGNE_07020	58.8	153	59	3	1	152	1	150	1.47e-49	156
EABAIN_03675	EAKCFB_11090	96.9	557	17	0	1	557	1	557	0.0	1060
EABAIN_03675	PHNKGJ_02235	36.7	502	293	6	33	529	20	501	2.74e-106	328
EABAIN_03675	NOKDAP_11250	39.4	436	257	5	11	442	11	443	5.14e-94	298
EABAIN_03675	CPACNB_10170	36.0	481	265	11	79	544	81	533	1.27e-79	259
EABAIN_03675	AGKELP_03070	33.3	565	323	13	3	543	2	536	3.09e-77	253
EABAIN_03675	AGDPFD_09255	32.1	561	314	13	8	543	7	525	1.84e-75	248
EABAIN_03675	OABIGA_03695	38.7	434	233	11	23	442	34	448	1.93e-75	248
EABAIN_03675	ABJDJH_03155	34.1	425	253	9	38	453	46	452	8.56e-72	238
EABAIN_03675	BAFONJ_04330	35.4	432	243	9	78	489	90	505	8.71e-70	233
EABAIN_03675	CPLMAE_05915	35.4	381	225	10	78	453	90	454	1.08e-67	227
EABAIN_03675	BPPLAM_03650	39.2	316	174	7	128	442	148	446	2.59e-65	219
EABAIN_03675	BEKHAI_08680	39.2	324	172	8	137	455	152	455	1.78e-62	212
EABAIN_03675	NCBCII_00045	31.8	340	213	9	111	441	4	333	7.74e-47	167
EABAIN_03680	ALHAGD_03530	100	122	0	0	1	122	1	122	4.91e-83	242
EABAIN_03685	ALHAGD_03530	100	110	0	0	1	110	124	233	3.55e-77	226
EABAIN_03690	ABCBPP_01795	79.8	392	79	0	1	392	1	392	9.27e-220	606
EABAIN_03690	BEIADI_02480	70.7	392	114	1	1	392	1	391	4.88e-196	546
EABAIN_03690	FKGECP_07505	62.3	385	144	1	1	385	1	384	2.62e-172	486
EABAIN_03690	ABJDJH_12230	54.1	390	176	3	1	388	1	389	2.37e-139	402
EABAIN_03690	AIKIDN_06255	51.2	387	185	2	2	388	3	385	5.42e-127	370
EABAIN_03690	ABJDJH_03190	49.1	385	192	2	2	386	3	383	1.67e-115	341
EABAIN_03690	AOJAFJ_04010	46.8	387	198	4	1	387	1	379	1.01e-108	324
EABAIN_03695	ACIHME_07450	99.0	384	4	0	1	384	35	418	4.40e-282	764
EABAIN_03695	CJHCCN_02420	66.4	381	128	0	1	381	32	412	6.58e-193	538
EABAIN_03695	PHNKGJ_02200	40.1	387	210	6	1	373	18	396	7.75e-88	271
EABAIN_03695	CNLKLD_07280	39.3	384	207	8	1	373	17	385	5.92e-79	248
EABAIN_03695	DCLJAL_09785	37.0	335	207	3	1	334	17	348	1.23e-77	243
EABAIN_03695	ACIHME_09185	35.9	382	217	9	1	379	20	376	2.36e-59	196
EABAIN_03695	OABIGA_03705	32.3	378	234	9	4	370	26	392	2.64e-49	171
EABAIN_03705	AAKGEC_06960	95.4	109	5	0	1	109	1	109	4.39e-74	214
EABAIN_03705	AMFMEJ_10465	89.3	84	8	1	1	84	1	83	1.77e-48	153
EABAIN_03710	AAKGEC_06955	84.5	103	16	0	1	103	1	103	1.15e-55	167
EABAIN_03715	ABJDJH_12205	83.5	85	14	0	1	85	8	92	3.19e-51	155
EABAIN_03720	BLCAGE_08900	94.4	234	13	0	1	234	40	273	8.48e-163	450
EABAIN_03720	MHGLEN_14120	94.1	221	13	0	1	221	1	221	4.63e-150	422
EABAIN_03720	OFBCLB_00125	73.7	232	61	0	1	232	43	274	4.77e-125	355
EABAIN_03720	FCNDOE_00480	68.7	233	73	0	2	234	40	272	1.33e-119	341
EABAIN_03720	BGHOFK_10420	66.8	211	70	0	17	227	1	211	4.09e-99	287
EABAIN_03720	DAEIAJ_02250	65.4	234	9	1	1	234	40	201	3.45e-96	279
EABAIN_03720	MILJBE_11495	75.2	153	32	2	87	234	23	174	2.13e-74	223
EABAIN_03720	DPMHNO_11055	94.6	111	6	0	123	233	1	111	2.39e-72	218
EABAIN_03720	OBFACL_14235	65.6	163	45	5	75	234	73	227	2.83e-59	186
EABAIN_03720	DICHKL_07830	94.8	77	4	0	157	233	4	80	1.67e-48	156
EABAIN_03720	DOLABL_06375	67.5	117	33	2	49	160	16	132	4.10e-46	150
EABAIN_03725	FFPGDJ_10745	91.2	91	8	0	1	91	97	187	9.23e-53	162
EABAIN_03725	GIPIII_01620	91.2	91	8	0	1	91	75	165	9.46e-53	161
EABAIN_03725	DFPFAH_04660	91.2	91	8	0	1	91	113	203	1.05e-52	162
EABAIN_03725	ABNNBP_10745	92.3	91	7	0	1	91	182	272	1.90e-52	164
EABAIN_03730	AGDPFD_10850	85.3	416	56	1	1	411	14	429	6.76e-243	667
EABAIN_03730	BCOINH_08770	66.0	432	111	5	1	411	1	417	2.33e-179	505
EABAIN_03730	DHALJH_09675	63.2	321	117	1	89	409	22	341	1.50e-135	391
EABAIN_03730	KJOAFL_08280	71.6	261	63	4	4	264	33	282	1.18e-105	313
EABAIN_03730	AIPJBK_05115	36.8	291	169	5	118	405	134	412	8.15e-46	162
EABAIN_03730	HNNKEJ_09825	39.5	233	136	3	174	405	1	229	1.65e-43	151
EABAIN_03735	ABJDJH_12145	96.6	88	3	0	1	88	1	88	1.65e-57	171
EABAIN_03740	AAKGEC_08795	91.6	131	11	0	1	131	1	131	3.58e-88	251
EABAIN_03745	FGEEDJ_07095	89.8	869	89	0	1	869	1	869	0.0	1558
EABAIN_03745	ABCBPP_01860	49.0	866	441	1	4	869	3	867	4.57e-296	838
EABAIN_03745	AAOIOD_09580	36.0	866	535	5	1	866	1	847	2.22e-175	528
EABAIN_03745	AGKELP_03115	35.2	867	537	8	9	869	8	855	9.98e-171	516
EABAIN_03745	ACNHAK_01695	34.3	857	532	5	8	864	4	829	3.67e-167	506
EABAIN_03745	OABIGA_03745	31.9	856	545	5	9	862	5	824	2.95e-153	470
EABAIN_03745	CEHFAN_11975	33.4	864	540	7	2	864	6	835	1.18e-152	469
EABAIN_03745	ABJDJH_03220	32.6	865	540	6	9	863	10	841	1.88e-149	461
EABAIN_03745	LEAGNF_11495	29.9	840	533	11	15	844	11	804	1.14e-110	358
EABAIN_03745	AJKPDP_08145	29.9	834	539	10	17	844	13	806	2.59e-106	347
EABAIN_03745	AOJAFJ_10560	27.8	836	564	10	11	844	7	804	2.65e-102	336
EABAIN_03745	PHNKGJ_02130	28.6	844	543	9	14	844	10	806	1.48e-97	323
EABAIN_03745	DOHOGG_09210	29.5	834	539	12	16	844	12	801	2.57e-95	317
EABAIN_03745	NCBCII_00095	25.7	868	572	16	13	857	9	826	6.15e-77	267
EABAIN_03750	IFDCOA_05220	97.2	711	12	1	2	704	2	712	0.0	1167
EABAIN_03750	DHALJH_09655	51.6	471	220	1	67	537	37	499	9.07e-148	446
EABAIN_03750	ABCBPP_01865	50.0	540	258	3	2	537	2	533	6.84e-147	444
EABAIN_03750	BCOINH_08745	71.6	169	47	1	1	168	1	169	1.18e-56	190
EABAIN_03755	MKICBC_13355	95.1	347	16	1	1	346	1	347	2.49e-243	662
EABAIN_03755	HNNKEJ_09790	72.9	269	67	1	78	346	2	264	1.05e-145	411
EABAIN_03755	ABJDJH_03230	62.2	331	119	3	19	346	14	341	5.59e-145	412
EABAIN_03755	LIIBMF_00870	71.3	265	69	4	2	259	3	267	2.72e-130	372
EABAIN_03755	NOKDAP_11045	53.7	307	136	2	40	345	37	338	7.48e-118	343
EABAIN_03755	AAOIOD_09590	48.1	351	167	5	2	346	5	346	8.54e-106	313
EABAIN_03755	DANMKC_12360	66.5	179	56	3	2	176	3	181	1.13e-73	225
EABAIN_03755	AJANDE_09010	65.4	136	47	0	211	346	61	196	6.03e-63	198
EABAIN_03755	LBKFJK_01725	61.5	135	47	1	211	345	230	359	7.72e-57	188
EABAIN_03755	CDIIGJ_06825	51.1	178	73	2	169	346	147	310	7.98e-57	186
EABAIN_03755	FPMMJC_07475	59.6	141	54	1	209	346	55	195	1.65e-56	182
EABAIN_03755	DDDLLA_01050	51.4	177	70	3	179	346	192	361	8.62e-56	185
EABAIN_03755	EHKLLF_12630	64.3	129	46	0	218	346	27	155	2.15e-55	177
EABAIN_03755	JAFLJO_06510	47.0	181	80	4	172	346	202	372	6.74e-54	181
EABAIN_03755	HMJMNM_07675	61.3	137	47	2	211	346	133	264	8.16e-54	177
EABAIN_03755	ONFANJ_08250	38.6	298	164	10	36	320	561	852	1.05e-48	174
EABAIN_03755	AEMMAL_00340	56.0	125	54	1	223	346	67	191	1.47e-46	156
EABAIN_03755	LFLIBM_06035	57.3	124	52	1	223	345	73	196	1.46e-45	154
EABAIN_03755	AEMMAL_09475	55.6	124	54	1	223	345	59	182	5.32e-45	152
EABAIN_03755	KDEKFF_05040	35.6	298	165	10	37	318	533	819	6.95e-42	155
EABAIN_03755	CFKGLB_00380	34.5	296	172	9	37	318	578	865	6.39e-41	152
EABAIN_03755	CCDPJE_01695	34.9	298	167	10	37	318	536	822	1.51e-40	151
EABAIN_03760	IHCKAN_06150	97.0	164	5	0	1	164	13	176	1.27e-111	314
EABAIN_03760	BIHALF_02490	62.1	161	61	0	1	161	1	161	8.63e-68	202
EABAIN_03760	AOPEMA_03485	93.9	98	6	0	67	164	181	278	7.12e-60	186
EABAIN_03765	ABCBPP_01875	96.9	163	5	0	1	163	1	163	6.66e-113	317
EABAIN_03765	BIHALF_02495	68.7	163	50	1	1	163	1	162	4.13e-84	244
EABAIN_03765	AOJAFJ_10540	67.5	163	53	0	1	163	1	163	6.75e-81	236
EABAIN_03765	KDEKFF_08885	62.2	164	61	1	1	163	1	164	8.17e-73	215
EABAIN_03765	COBKPA_07825	56.4	163	71	0	1	163	3	165	1.71e-63	192
EABAIN_03775	ABJDJH_05615	99.7	379	1	0	1	379	1	379	2.61e-270	733
EABAIN_03775	IHNEIG_01865	68.6	379	119	0	1	379	1	379	1.35e-196	546
EABAIN_03775	AANGNE_06905	45.8	382	197	2	1	379	1	375	5.53e-112	331
EABAIN_03775	BCOINH_00325	44.8	377	200	4	1	374	1	372	1.32e-110	328
EABAIN_03775	CJHCCN_02575	45.0	380	199	2	1	377	1	373	5.08e-110	326
EABAIN_03775	KDEKFF_08860	42.7	386	201	5	1	379	1	373	9.55e-110	325
EABAIN_03775	AGKELP_11405	44.0	377	201	4	1	374	1	370	1.44e-109	325
EABAIN_03775	AAOIOD_09615	45.9	377	199	3	1	377	1	372	5.62e-109	323
EABAIN_03775	BGLHNG_11310	43.9	378	206	3	1	374	1	376	7.03e-109	323
EABAIN_03775	HNNKEJ_09750	44.2	382	210	1	1	379	1	382	4.13e-108	322
EABAIN_03775	FFDIKI_07195	43.8	381	205	4	1	377	1	376	5.86e-107	318
EABAIN_03775	NOKDAP_11390	43.7	378	205	4	1	375	1	373	5.20e-105	313
EABAIN_03775	AMCIGH_03285	42.4	377	216	1	1	377	1	376	1.73e-103	310
EABAIN_03775	IAMBHH_05155	40.7	349	197	2	32	377	1	342	4.31e-90	274
EABAIN_03775	BBKIGO_01800	35.9	393	231	6	1	379	1	386	3.52e-82	255
EABAIN_03775	CHBPFB_04310	36.1	379	233	3	1	377	1	372	4.79e-82	254
EABAIN_03775	NOKDAP_10460	35.6	393	232	5	1	378	1	387	3.48e-79	248
EABAIN_03775	IAFHMK_02855	37.6	383	226	7	1	379	10	383	1.57e-76	241
EABAIN_03775	ABCLFC_02545	36.7	379	229	4	1	377	1	370	5.19e-75	237
EABAIN_03775	CCDPJE_10235	34.0	391	241	4	1	379	1	386	4.45e-67	216
EABAIN_03775	AIKIDN_11465	38.5	304	183	2	76	377	18	319	7.54e-67	214
EABAIN_03775	ACPHPF_10030	33.2	385	240	6	1	379	1	374	4.81e-62	203
EABAIN_03775	HNNKEJ_00920	33.8	379	232	8	4	375	4	370	1.14e-57	192
EABAIN_03775	BOGGMI_07930	35.1	382	223	10	4	375	4	370	4.68e-52	177
EABAIN_03775	BOCCFK_11655	32.5	394	231	11	1	376	1	377	8.86e-52	176
EABAIN_03780	BGHOFK_08795	98.4	257	4	0	1	257	6	262	4.01e-182	499
EABAIN_03780	DNKGCI_03325	71.1	253	73	0	1	253	12	264	2.24e-130	369
EABAIN_03780	IAFHMK_03455	69.6	257	78	0	1	257	1	257	1.14e-127	362
EABAIN_03780	CNLKLD_05505	68.4	256	81	0	1	256	1	256	6.27e-125	355
EABAIN_03780	DDDLLA_02370	67.2	256	84	0	1	256	24	279	1.56e-123	352
EABAIN_03780	DDKKPM_00325	68.2	255	81	0	1	255	7	261	4.08e-122	348
EABAIN_03785	BLJABE_10720	75.1	177	44	0	1	177	7	183	3.05e-92	266
EABAIN_03785	CDIIGJ_03855	71.8	177	50	0	1	177	1	177	5.58e-89	257
EABAIN_03785	IAFHMK_03445	69.5	177	54	0	1	177	1	177	1.52e-86	251
EABAIN_03785	NEBMPO_07225	83.6	134	15	1	1	134	1	127	1.02e-73	217
EABAIN_03785	HNNKEJ_00700	63.7	168	60	1	1	168	1	167	2.50e-71	213
EABAIN_03785	DDDLLA_08005	53.5	170	78	1	1	169	1	170	7.74e-60	183
EABAIN_03785	LBKFJK_00395	51.7	172	82	1	1	171	1	172	3.13e-59	182
EABAIN_03790	ABCLFC_03825	78.2	206	25	2	1	206	1	186	3.11e-107	305
EABAIN_03790	IAFHMK_03440	61.2	209	74	3	1	206	1	205	4.12e-84	247
EABAIN_03790	CNLKLD_05500	62.6	206	53	2	1	206	1	182	4.25e-84	246
EABAIN_03790	LEAGNF_12160	61.1	203	55	1	4	206	2	180	2.94e-82	242
EABAIN_03790	LBKFJK_00320	58.9	209	62	3	1	206	1	188	8.66e-76	226
EABAIN_03790	DNKGCI_03330	58.7	206	61	2	4	206	2	186	5.39e-74	221
EABAIN_03795	HJMHNM_01905	85.7	294	42	0	1	294	37	330	3.58e-177	491
EABAIN_03800	AAKGEC_11555	99.7	352	1	0	1	352	1	352	3.74e-254	689
EABAIN_03800	LBKFJK_00330	71.9	352	99	0	1	352	1	352	6.83e-188	522
EABAIN_03800	OFBCLB_08250	69.6	352	107	0	1	352	1	352	1.45e-182	508
EABAIN_03800	DNKGCI_03340	69.0	352	109	0	1	352	1	352	2.05e-182	508
EABAIN_03800	IAFHMK_03430	69.3	352	107	1	1	352	1	351	5.67e-182	507
EABAIN_03800	AANGNE_07325	66.5	352	115	2	1	352	1	349	6.72e-171	479
EABAIN_03800	CNLKLD_02195	60.5	352	136	3	1	352	1	349	1.43e-153	435
EABAIN_03800	MMHDPA_07455	61.7	149	30	2	191	338	13	135	2.36e-57	182
EABAIN_03805	AAKGEC_11550	100	185	0	0	1	185	1	185	7.24e-130	361
EABAIN_03810	AAKGEC_11545	99.2	133	1	0	1	133	1	133	1.02e-88	253
EABAIN_03810	CNLKLD_02205	74.6	134	32	2	1	133	1	133	1.24e-64	192
EABAIN_03815	BNFMAL_08360	98.1	324	5	1	1	323	1	324	5.66e-221	603
EABAIN_03815	HNNKEJ_00735	70.1	324	96	1	1	323	1	324	3.09e-158	444
EABAIN_03815	IAFHMK_03415	56.7	323	140	0	1	323	1	323	2.25e-127	366
EABAIN_03815	DNKGCI_03355	55.1	323	144	1	1	323	1	322	2.85e-120	348
EABAIN_03815	AANGNE_07310	53.9	323	149	0	1	323	1	323	2.10e-115	336
EABAIN_03815	DDDLLA_08070	53.3	323	150	1	1	323	1	322	7.15e-111	324
EABAIN_03820	AAKGEC_11535	99.4	667	4	0	1	667	1	667	0.0	1375
EABAIN_03820	CDIIGJ_03820	74.5	666	168	1	2	665	1	666	0.0	1066
EABAIN_03820	IAFHMK_03410	70.1	668	197	1	2	666	1	668	0.0	1000
EABAIN_03820	BIHALF_00070	68.1	662	208	1	2	660	1	662	0.0	972
EABAIN_03820	LBKFJK_00350	66.9	668	217	2	2	666	1	667	0.0	955
EABAIN_03820	DNKGCI_03360	66.7	664	218	1	6	666	4	667	0.0	945
EABAIN_03820	DDDLLA_08065	65.3	651	223	1	18	665	17	667	0.0	915
EABAIN_03820	LBKFJK_05090	60.6	670	258	4	2	666	1	669	6.11e-304	842
EABAIN_03820	DNKGCI_00255	53.8	234	104	2	2	231	1	234	8.12e-79	252
EABAIN_03825	HNNKEJ_00745	94.2	381	21	1	1	380	1	381	5.18e-248	676
EABAIN_03825	DBJPJM_10030	81.4	129	24	0	169	297	11	139	2.32e-70	219
EABAIN_03830	LACCIH_04975	98.2	379	7	0	1	379	1	379	3.06e-263	715
EABAIN_03830	IAFHMK_03400	68.9	379	118	0	1	379	1	379	2.39e-195	543
EABAIN_03830	DNKGCI_03370	67.5	379	122	1	1	379	1	378	9.79e-190	529
EABAIN_03830	BLIMPP_10925	64.4	374	133	0	1	374	1	374	1.07e-174	491
EABAIN_03830	CNLKLD_04480	54.7	384	169	4	1	379	1	384	2.99e-137	396
EABAIN_03835	NAFEBK_01195	99.4	478	3	0	1	478	29	506	0.0	960
EABAIN_03835	EIKFFD_06860	70.9	478	139	0	1	478	1	478	5.28e-259	712
EABAIN_03835	OFBCLB_08215	70.8	479	139	1	1	478	1	479	7.79e-258	709
EABAIN_03835	CNLKLD_04485	70.1	479	141	2	1	478	1	478	2.14e-250	691
EABAIN_03840	JAPIMJ_02335	78.1	798	175	0	1	798	1	798	0.0	1283
EABAIN_03845	AAKGEC_11510	98.5	600	9	0	1	600	1	600	0.0	1228
EABAIN_03845	HNNKEJ_00765	73.6	599	158	0	1	599	1	599	0.0	954
EABAIN_03845	IAFHMK_03385	70.5	600	177	0	1	600	1	600	0.0	920
EABAIN_03845	BGHOFK_08865	69.0	596	185	0	1	596	1	596	0.0	882
EABAIN_03845	DDKKPM_05595	66.2	598	202	0	1	598	17	614	7.11e-311	855
EABAIN_03845	DNKGCI_03385	63.5	598	218	0	1	598	1	598	8.34e-300	826
EABAIN_03845	CNLKLD_04495	62.7	600	224	0	1	600	1	600	2.26e-297	820
EABAIN_03845	BNBIEO_04325	33.4	443	215	18	96	500	95	495	8.43e-64	219
EABAIN_03845	LBKFJK_00575	32.2	485	256	19	100	548	95	542	1.47e-62	216
EABAIN_03845	CNLKLD_07865	30.2	451	243	16	85	500	88	501	6.41e-55	196
EABAIN_03850	HNNKEJ_00770	88.3	497	58	0	1	497	4	500	0.0	870
EABAIN_03855	HNNKEJ_00775	79.6	495	97	2	1	491	1	495	4.70e-294	802
EABAIN_03855	DNKGCI_06265	72.6	485	126	3	1	483	1	480	2.26e-254	701
EABAIN_03855	CNLKLD_02805	67.4	494	137	3	1	470	1	494	3.21e-241	669
EABAIN_03855	IAFHMK_03375	67.2	482	145	3	2	470	8	489	6.04e-240	665
EABAIN_03860	AAKGEC_11495	99.1	331	3	0	1	331	1	331	6.95e-228	621
EABAIN_03860	AANGNE_07275	72.5	331	91	0	1	331	1	331	3.14e-164	460
EABAIN_03860	CNLKLD_02800	69.0	339	97	1	1	331	1	339	1.13e-161	454
EABAIN_03865	AAKGEC_11490	99.0	584	6	0	1	584	1	584	0.0	1089
EABAIN_03865	IAFHMK_03365	69.8	569	171	1	1	568	1	569	9.73e-275	762
EABAIN_03865	CJHCCN_00570	66.7	568	189	0	1	568	1	568	9.59e-266	739
EABAIN_03865	CNLKLD_02780	66.9	571	186	1	1	568	1	571	2.58e-263	733
EABAIN_03865	DDDLLA_09900	63.4	569	207	1	1	568	1	569	5.16e-248	694
EABAIN_03865	AAOIOD_04820	28.0	518	351	13	58	565	210	715	1.59e-40	157
EABAIN_03865	DDDLLA_07570	25.9	510	354	10	64	562	217	713	1.75e-39	154
EABAIN_03870	BGHOFK_08890	82.0	573	103	0	1	573	1	573	0.0	909
EABAIN_03870	AANGNE_07265	71.5	569	161	1	3	571	1	568	1.09e-288	795
EABAIN_03870	IAFHMK_03360	69.4	571	175	0	1	571	1	571	6.17e-281	776
EABAIN_03870	CNLKLD_02775	67.3	571	186	1	1	571	1	570	2.03e-265	736
EABAIN_03870	DDDLLA_09895	66.2	571	193	0	1	571	1	571	2.27e-264	734
EABAIN_03880	CFBGPF_09820	76.9	295	57	2	1	291	1	288	2.85e-137	389
EABAIN_03880	HNNKEJ_00800	67.4	307	84	2	1	291	1	307	2.07e-115	334
EABAIN_03880	BGHOFK_08895	78.8	240	51	0	1	240	1	240	6.77e-112	324
EABAIN_03880	IAFHMK_03345	68.2	236	73	1	1	236	1	234	3.45e-86	259
EABAIN_03880	CDIIGJ_03760	48.1	239	97	4	1	229	1	222	1.07e-56	182
EABAIN_03880	CNLKLD_08060	60.4	154	60	1	1	154	1	153	1.11e-52	172
EABAIN_03880	AANGNE_07260	52.4	187	84	1	1	187	1	182	1.25e-52	171
EABAIN_03880	LBKFJK_10105	63.7	146	53	0	1	146	1	146	5.51e-50	165
EABAIN_03880	CNLKLD_02770	61.5	143	55	0	1	143	1	143	8.19e-50	165
EABAIN_03880	OFBCLB_10495	44.7	246	103	3	1	238	1	221	2.21e-49	164
EABAIN_03880	DNKGCI_06285	48.7	195	91	3	1	189	1	192	2.14e-45	153
EABAIN_03885	AAKGEC_11470	99.2	119	1	0	1	119	1	119	8.56e-80	231
EABAIN_03885	OFBCLB_00445	71.7	120	34	0	1	120	1	120	1.02e-57	176
EABAIN_03890	KPPIIN_06725	98.2	224	3	1	1	224	1	223	9.98e-156	430
EABAIN_03890	CNLKLD_08065	73.0	222	60	0	1	222	1	222	4.06e-114	325
EABAIN_03890	CDIIGJ_03755	71.3	223	64	0	1	223	1	223	1.92e-112	320
EABAIN_03890	HNNKEJ_00810	71.4	224	63	1	1	223	1	224	5.68e-112	319
EABAIN_03890	IAFHMK_08025	62.2	225	82	3	1	222	1	225	5.05e-94	274
EABAIN_03895	NGAPDN_04410	96.9	580	18	0	5	584	11	590	0.0	1044
EABAIN_03895	IAFHMK_03340	69.7	578	174	1	7	583	17	594	9.14e-289	797
EABAIN_03895	CNLKLD_02765	71.6	577	162	2	6	580	20	596	4.29e-288	795
EABAIN_03895	AANGNE_01510	67.9	573	184	0	11	583	8	580	5.17e-273	756
EABAIN_03895	FJJMED_07175	30.3	581	389	5	13	579	159	737	1.02e-78	263
EABAIN_03895	EOHHJN_03385	30.9	551	377	3	33	580	19	568	4.87e-77	254
EABAIN_03895	HNNKEJ_11875	31.1	512	325	3	95	579	123	633	2.06e-73	246
EABAIN_03895	IAFHMK_09940	32.9	484	310	7	98	572	111	588	1.46e-64	221
EABAIN_03895	EMAPBM_09015	29.5	488	339	3	95	579	110	595	4.01e-61	212
EABAIN_03895	HNNKEJ_12255	28.4	490	336	7	100	579	220	704	4.41e-59	209
EABAIN_03895	AANGNE_08905	27.2	489	343	5	100	579	209	693	1.14e-55	199
EABAIN_03895	DDDLLA_07465	27.9	502	328	11	92	574	81	567	1.75e-52	189
EABAIN_03895	OFBCLB_00055	28.0	572	395	9	11	574	149	711	2.34e-50	184
EABAIN_03895	DNKGCI_10680	25.8	493	351	7	99	581	85	572	3.30e-50	182
EABAIN_03895	ABNNBP_02275	24.2	488	362	5	100	581	86	571	6.26e-50	181
EABAIN_03895	LBKFJK_02080	28.0	497	324	9	101	573	109	595	2.00e-49	180
EABAIN_03895	EMAPBM_09010	26.0	562	390	11	32	579	19	568	2.91e-47	174
EABAIN_03895	AMLBPA_01235	29.2	472	319	6	109	574	266	728	1.22e-46	174
EABAIN_03895	PLIDEH_04110	27.7	487	326	10	106	579	244	717	6.24e-46	172
EABAIN_03895	DDDLLA_07570	27.1	487	348	4	90	574	231	712	6.78e-46	172
EABAIN_03895	AMFMEJ_11100	26.8	474	338	6	109	579	236	703	1.61e-45	171
EABAIN_03895	ENIHOO_09550	28.4	486	330	11	99	577	228	702	5.39e-45	169
EABAIN_03895	AAKGEC_01790	25.8	496	347	9	92	574	81	568	8.92e-45	167
EABAIN_03895	CDIIGJ_09685	22.6	540	358	5	100	581	86	623	1.23e-44	167
EABAIN_03895	AMDFJK_02110	27.7	495	340	6	92	577	226	711	3.58e-44	167
EABAIN_03900	AAKGEC_11450	98.6	214	3	0	1	214	1	214	7.25e-142	394
EABAIN_03900	IAFHMK_03335	70.4	206	61	0	1	206	1	206	9.80e-100	287
EABAIN_03905	CEPOIM_07510	95.2	664	31	1	1	664	1	663	0.0	1148
EABAIN_03905	ACNHAK_01800	70.2	662	196	1	1	661	1	662	2.80e-314	868
EABAIN_03905	DFJEHO_03950	67.2	665	216	2	1	664	1	664	7.97e-309	854
EABAIN_03905	HNNKEJ_00830	66.5	672	209	6	1	664	1	664	2.24e-284	792
EABAIN_03905	AANGNE_07255	63.6	674	222	8	1	664	1	661	3.51e-263	738
EABAIN_03905	IAFHMK_03325	62.1	670	244	5	1	664	1	666	2.42e-257	723
EABAIN_03905	CNLKLD_02755	61.2	676	240	9	1	664	1	666	7.40e-254	714
EABAIN_03905	PNKCLE_05480	50.6	664	107	1	1	664	1	443	2.20e-196	560
EABAIN_03905	AECHFI_08085	59.8	333	122	1	344	664	1	333	4.01e-111	337
EABAIN_03905	BOCCFK_10945	47.8	226	118	0	3	228	1	226	2.24e-62	206
EABAIN_03905	GNOKMM_04550	42.0	219	127	0	3	221	1	219	7.00e-57	191
EABAIN_03905	DIBOGN_07175	40.9	230	129	2	3	232	1	223	2.63e-53	182
EABAIN_03905	MFAILH_05290	41.8	225	130	1	3	226	1	225	6.63e-53	181
EABAIN_03905	LKGJOH_05815	44.1	222	116	4	1	220	1	216	1.32e-49	172
EABAIN_03905	BMKIOK_09960	39.4	218	132	0	3	220	1	218	2.69e-49	171
EABAIN_03905	EIBLCD_04820	40.5	220	130	1	1	220	31	249	4.76e-48	170
EABAIN_03905	AMLBPA_06185	39.2	232	135	2	4	234	5	231	7.45e-47	165
EABAIN_03905	AGKELP_12495	40.9	220	122	5	3	220	1	214	2.04e-46	163
EABAIN_03905	CDIIGJ_08275	40.9	230	125	4	1	226	1	223	7.23e-46	162
EABAIN_03905	FFEJFE_01290	41.8	220	124	2	3	220	5	222	9.07e-46	162
EABAIN_03905	CMOKEC_11020	37.9	219	135	1	3	220	4	222	3.45e-45	161
EABAIN_03905	AAKGEC_12360	39.2	237	136	6	4	238	7	237	5.26e-45	160
EABAIN_03905	ABCLFC_10095	40.3	221	129	2	2	221	3	221	5.50e-45	159
EABAIN_03905	OFBCLB_01040	37.7	231	138	3	4	233	3	228	1.72e-44	158
EABAIN_03905	CEHAJH_10205	37.3	335	199	8	334	664	4	331	8.56e-43	157
EABAIN_03910	AAKGEC_11440	100	72	0	0	1	72	1	72	6.69e-52	155
EABAIN_03915	ABJDJH_05770	99.5	220	1	0	1	220	15	234	7.30e-155	428
EABAIN_03915	CNLKLD_02735	64.5	211	75	0	9	219	1	211	1.69e-95	277
EABAIN_03915	DNKGCI_06310	55.9	220	97	0	1	220	1	220	2.53e-87	256
EABAIN_03915	DHALJH_07460	54.3	219	100	0	1	219	1	219	4.70e-81	241
EABAIN_03915	CBFHCM_03435	49.3	219	111	0	1	219	1	219	6.61e-76	228
EABAIN_03915	IAFHMK_03310	51.9	216	103	1	4	218	12	227	7.97e-76	228
EABAIN_03915	HNNKEJ_09160	39.8	211	127	0	6	216	9	219	1.16e-57	181
EABAIN_03915	EHLNLG_11895	40.1	207	124	0	6	212	9	215	8.79e-53	169
EABAIN_03920	BGHOFK_04020	71.1	329	94	1	1	328	1	329	6.29e-171	477
EABAIN_03920	HNNKEJ_00870	71.0	328	94	1	1	327	1	328	3.14e-170	475
EABAIN_03920	BCFLNJ_12515	91.1	246	22	0	83	328	6	251	1.16e-160	448
EABAIN_03920	LBKFJK_07710	64.0	331	115	3	1	327	1	331	1.77e-147	418
EABAIN_03920	OFBCLB_05440	68.2	314	96	3	17	327	18	330	9.29e-145	411
EABAIN_03920	CGMKCF_13060	96.9	196	6	0	1	196	1	196	4.00e-131	371
EABAIN_03925	AAKGEC_11425	99.5	369	2	0	1	369	1	369	2.09e-280	757
EABAIN_03925	IAFHMK_03305	72.7	366	98	2	4	369	2	365	3.16e-203	562
EABAIN_03925	CNLKLD_02730	70.7	365	104	3	6	369	4	366	1.33e-188	525
EABAIN_03925	HNNKEJ_08145	33.2	385	228	11	9	368	4	384	8.19e-60	197
EABAIN_03930	MILJBE_04635	98.8	250	3	0	1	250	1	250	7.33e-185	506
EABAIN_03935	AAKGEC_11415	99.0	312	3	0	1	312	1	312	7.88e-229	622
EABAIN_03940	IAFHMK_03270	76.2	172	24	1	1	155	1	172	5.45e-88	254
EABAIN_03940	DNKGCI_06320	79.5	156	31	1	1	155	5	160	7.76e-86	248
EABAIN_03950	AAKGEC_11400	97.1	174	5	0	1	174	1	174	6.54e-123	343
EABAIN_03955	DANMKC_04560	97.1	137	4	0	1	137	1	137	2.33e-92	263
EABAIN_03955	HNNKEJ_01715	59.0	134	54	1	1	134	1	133	6.19e-50	155
EABAIN_03960	AAKGEC_11390	99.5	370	2	0	1	370	1	370	1.48e-260	707
EABAIN_03960	HNNKEJ_01720	66.0	365	124	0	1	365	1	365	8.90e-171	480
EABAIN_03960	AAOIOD_08890	55.9	367	162	0	1	367	1	367	1.18e-144	414
EABAIN_03960	DDDLLA_03575	49.0	367	184	2	1	364	1	367	3.08e-124	362
EABAIN_03960	CNLKLD_02705	52.4	361	162	5	5	363	2	354	8.89e-121	353
EABAIN_03965	EGCJDI_00875	99.6	451	1	1	1	451	1	450	1.15e-319	864
EABAIN_03965	HNNKEJ_01725	70.2	450	134	0	1	450	1	450	1.45e-227	630
EABAIN_03965	AANGNE_03115	60.2	450	176	2	1	450	1	447	3.31e-178	505
EABAIN_03965	CNLKLD_02700	55.4	453	180	3	1	449	1	435	6.61e-165	471
EABAIN_03965	JAFLJO_01655	53.5	458	201	3	3	449	5	461	5.46e-160	459
EABAIN_03965	DDDLLA_05355	50.9	458	215	3	3	450	5	462	4.66e-151	437
EABAIN_03970	ABCLFC_04110	98.6	280	4	0	1	280	19	298	3.52e-202	553
EABAIN_03975	PEPBIK_09610	77.4	270	61	0	1	270	1	270	2.74e-153	428
EABAIN_03975	HNNKEJ_01735	58.5	270	112	0	1	270	1	270	3.90e-115	331
EABAIN_03975	CDIIGJ_03680	60.6	269	106	0	2	270	3	271	9.99e-115	330
EABAIN_03975	BGHOFK_01980	55.6	270	120	0	1	270	1	270	7.05e-103	300
EABAIN_03975	AANGNE_03125	44.4	270	149	1	1	270	1	269	4.03e-80	242
EABAIN_03975	CNLKLD_02675	48.6	245	110	4	26	270	5	233	1.16e-76	232
EABAIN_03975	DDDLLA_03570	40.7	270	156	1	1	270	7	272	3.82e-70	217
EABAIN_03980	ABCLFC_04120	87.0	560	67	2	1	560	1	554	0.0	954
EABAIN_03980	BGHOFK_01975	72.3	559	146	3	1	559	1	550	4.75e-286	787
EABAIN_03980	CDIIGJ_03675	72.0	557	148	2	1	557	1	549	6.27e-286	787
EABAIN_03980	HNNKEJ_01740	72.0	558	145	4	1	556	1	549	6.75e-286	787
EABAIN_03980	PCAMPM_02350	66.3	558	175	5	1	558	1	545	1.47e-255	710
EABAIN_03980	DDDLLA_03565	57.9	561	220	4	1	559	3	549	2.02e-227	639
EABAIN_03980	CNLKLD_02670	60.6	559	204	7	1	559	1	543	3.34e-222	625
EABAIN_03985	ABCBPP_04095	99.7	391	1	0	1	391	14	404	1.17e-289	783
EABAIN_03985	CDIIGJ_03670	70.4	379	112	0	13	391	1	379	1.37e-199	554
EABAIN_03985	HNNKEJ_01745	64.4	379	131	2	13	391	1	375	1.15e-178	501
EABAIN_03985	AANGNE_03135	58.2	380	156	2	13	391	1	378	1.89e-161	457
EABAIN_03985	BGHOFK_01970	59.9	379	149	1	13	391	1	376	3.54e-161	457
EABAIN_03985	OFBCLB_03305	49.4	385	186	6	14	391	35	417	6.70e-124	363
EABAIN_03985	CNLKLD_02665	50.1	381	170	6	13	391	1	363	1.80e-118	348
EABAIN_03990	ONPFCC_03930	79.3	193	33	1	1	193	1	186	5.93e-104	296
EABAIN_03990	CDIIGJ_03665	67.4	193	63	0	1	193	1	193	1.71e-86	252
EABAIN_03990	HNNKEJ_01780	67.8	180	58	0	1	180	1	180	4.79e-85	248
EABAIN_03990	BGHOFK_01965	63.4	175	64	0	1	175	8	182	6.24e-76	226
EABAIN_03990	IAFHMK_03255	60.6	180	71	0	1	180	1	180	3.04e-73	218
EABAIN_03990	CNLKLD_01925	56.9	188	81	0	3	190	5	192	3.33e-72	216
EABAIN_03990	BNBIEO_10335	52.3	176	84	0	1	176	1	176	7.55e-65	197
EABAIN_03990	AANGNE_03140	53.1	179	83	1	1	178	1	179	8.14e-60	184
EABAIN_03990	DDKKPM_05135	50.8	177	84	2	1	176	1	175	7.07e-54	169
EABAIN_03990	LBKFJK_00810	43.7	183	100	1	1	180	1	183	2.57e-50	160
EABAIN_03995	AAKGEC_11355	100	426	0	0	1	426	1	426	1.95e-298	808
EABAIN_03995	AANGNE_03145	67.6	426	138	0	1	426	1	426	6.53e-209	581
EABAIN_03995	CNLKLD_01930	68.1	426	136	0	1	426	1	426	1.84e-201	562
EABAIN_04000	BGHOFK_01955	88.2	306	36	0	1	306	1	306	1.49e-197	543
EABAIN_04005	DFCDFN_01175	76.4	322	75	1	1	322	1	321	1.47e-176	491
EABAIN_04005	CNLKLD_03885	72.7	322	87	1	1	322	6	326	1.07e-170	476
EABAIN_04010	HNNKEJ_01800	80.3	461	90	1	1	461	1	460	1.29e-273	748
EABAIN_04010	IAFHMK_03235	70.4	456	133	2	1	455	1	455	1.94e-228	634
EABAIN_04010	AAOIOD_08835	67.2	458	149	1	1	458	3	459	1.21e-223	622
EABAIN_04010	DDDLLA_06715	68.0	459	145	2	1	458	1	458	1.12e-222	619
EABAIN_04010	CNLKLD_03890	65.9	458	154	2	1	458	1	456	4.44e-216	602
EABAIN_04010	GJNFIB_10580	50.9	163	79	1	293	454	7	169	1.96e-46	158
EABAIN_04015	FPCCFF_08715	98.2	111	2	0	4	114	5	115	3.10e-63	187
EABAIN_04020	ABCBPP_04130	100	503	0	0	1	503	1	503	2.44e-245	680
EABAIN_04020	HNNKEJ_07060	68.3	473	128	1	25	497	25	475	1.54e-122	367
EABAIN_04020	KPGHOL_10370	47.4	487	222	2	21	503	19	475	2.89e-73	239
EABAIN_04025	IAFHMK_03195	78.4	450	94	2	1	449	1	448	4.92e-256	702
EABAIN_04025	DDDLLA_03135	49.1	440	220	3	11	450	1	436	9.58e-139	404
EABAIN_04025	NNGDEJ_04010	94.4	195	11	0	1	195	1	195	3.22e-126	364
EABAIN_04025	AAOIOD_01850	34.6	448	272	7	1	445	3	432	6.20e-82	259
EABAIN_04030	PAGFJI_03745	80.8	287	55	0	1	287	10	296	1.36e-164	458
EABAIN_04030	CEPOIM_07315	81.6	282	52	0	6	287	161	442	3.79e-161	455
EABAIN_04030	LILODB_12485	88.5	96	11	0	1	96	1	96	1.83e-51	164
EABAIN_04035	HKMGEG_10005	87.3	157	20	0	1	157	1	157	1.64e-89	258
EABAIN_04035	CEPOIM_07315	87.3	157	20	0	1	157	1	157	5.19e-86	258
EABAIN_04040	ICGPBP_03985	82.0	211	38	0	1	211	13	223	7.41e-125	352
EABAIN_04040	BGHOFK_01925	70.9	213	62	0	1	213	1	213	1.67e-108	310
EABAIN_04040	HNNKEJ_01810	71.4	213	61	0	1	213	1	213	1.94e-107	307
EABAIN_04040	CDIIGJ_03625	69.3	215	66	0	1	215	7	221	4.66e-105	302
EABAIN_04040	IAFHMK_03190	66.7	204	68	0	2	205	3	206	2.60e-94	274
EABAIN_04040	AANGNE_03170	62.3	215	81	0	2	216	3	217	2.20e-93	272
EABAIN_04040	LBKFJK_00860	59.3	204	83	0	3	206	12	215	1.55e-87	257
EABAIN_04040	DNKGCI_03950	55.8	206	91	0	3	208	40	245	1.73e-78	235
EABAIN_04040	DDDLLA_06760	56.2	203	89	0	10	212	1	203	9.59e-78	232
EABAIN_04040	AANGNE_07330	51.9	216	103	1	1	215	1	216	1.83e-77	231
EABAIN_04040	CNLKLD_03900	51.9	214	103	0	1	214	1	214	2.89e-76	228
EABAIN_04040	ACDDAG_00830	45.8	212	115	0	1	212	1	212	1.31e-64	199
EABAIN_04040	LACADI_06745	44.6	213	118	0	2	214	3	215	1.25e-62	194
EABAIN_04045	DDDLLA_06765	77.1	654	149	1	1	653	1	654	0.0	981
EABAIN_04045	AANGNE_03175	69.2	655	199	2	1	653	1	654	5.53e-319	879
EABAIN_04045	CNLKLD_03905	65.0	637	223	0	12	648	11	647	5.97e-291	808
EABAIN_04050	AAKGEC_11295	100	150	0	0	1	150	1	150	5.81e-94	268
EABAIN_04050	BGHOFK_01915	74.0	150	38	1	1	150	1	149	5.23e-67	199
EABAIN_04050	CNLKLD_03910	68.7	150	47	0	1	150	1	150	9.36e-61	184
EABAIN_04050	IAFHMK_03180	69.3	150	46	0	1	150	1	150	2.19e-59	180
EABAIN_04055	CNLKLD_03915	77.4	456	101	2	1	455	1	455	4.00e-241	665
EABAIN_04055	NHHNJB_12270	99.7	330	1	0	1	330	1	330	6.20e-226	622
EABAIN_04055	DFOKEG_14415	35.0	443	273	8	17	449	12	449	4.66e-63	216
EABAIN_04060	AANGNE_03190	87.2	86	9	1	1	84	1	86	7.32e-51	154
EABAIN_04065	AAKGEC_11280	99.6	257	1	0	1	257	1	257	3.51e-193	527
EABAIN_04065	DNKGCI_03975	64.0	258	91	1	2	257	1	258	1.45e-128	364
EABAIN_04065	CNLKLD_03925	62.5	253	95	0	5	257	2	254	8.84e-122	347
EABAIN_04065	AANGNE_03195	59.8	259	102	1	1	257	1	259	1.04e-114	329
EABAIN_04070	DNKGCI_03980	82.7	214	37	0	1	214	1	214	6.92e-134	374
EABAIN_04075	EKJHIG_03930	100	147	0	0	1	147	1	147	1.14e-98	280
EABAIN_04080	CDIIGJ_03585	77.6	392	82	3	1	388	1	390	1.42e-212	588
EABAIN_04080	HNNKEJ_01850	71.4	392	108	2	1	390	1	390	2.33e-196	546
EABAIN_04080	AANGNE_03210	63.7	383	129	3	1	379	1	377	5.52e-163	462
EABAIN_04080	IAFHMK_03150	61.9	378	141	2	1	378	1	375	5.72e-155	441
EABAIN_04080	LBKFJK_00900	46.5	387	196	3	1	378	1	385	7.35e-109	325
EABAIN_04080	DNKGCI_03990	43.4	380	208	3	1	375	1	378	2.01e-99	300
EABAIN_04080	CNLKLD_03940	42.1	394	220	4	1	389	1	391	3.34e-99	300
EABAIN_04080	OFBCLB_01960	43.4	392	206	6	1	378	1	390	1.39e-95	291
EABAIN_04085	MFHHKN_00865	75.2	294	72	1	1	293	1	294	4.95e-157	439
EABAIN_04085	IAFHMK_03145	65.6	299	91	3	1	293	1	293	8.12e-134	380
EABAIN_04085	CNLKLD_03945	64.4	292	104	0	1	292	1	292	5.13e-130	370
EABAIN_04085	DDDLLA_06805	62.8	296	105	2	1	293	1	294	2.03e-127	364
EABAIN_04085	CEPOIM_07265	93.7	175	11	0	1	175	1	175	3.50e-113	324
EABAIN_04090	ABCBPP_04200	99.6	240	1	0	1	240	1	240	6.94e-167	459
EABAIN_04090	AANGNE_03220	68.8	237	73	1	5	240	2	238	7.09e-113	323
EABAIN_04090	DNKGCI_04000	67.1	237	77	1	5	240	2	238	2.59e-108	311
EABAIN_04090	DDDLLA_06810	63.2	234	85	1	8	240	5	238	1.47e-100	291
EABAIN_04095	OAEMLE_05585	71.6	208	58	1	1	208	1	207	1.97e-73	220
EABAIN_04100	AAKGEC_07975	99.8	436	1	0	1	436	1	436	1.47e-314	849
EABAIN_04105	AAKGEC_07970	98.2	223	4	0	1	223	1	223	1.60e-139	391
EABAIN_04105	DHALJH_04220	51.6	219	105	1	1	219	1	218	1.90e-70	216
EABAIN_04105	CDIIGJ_03560	50.7	219	108	0	1	219	1	219	7.23e-68	209
EABAIN_04110	AIKIDN_06640	99.7	1182	4	0	1	1182	1	1182	0.0	2121
EABAIN_04110	BLJABE_04860	60.7	1201	418	19	1	1178	1	1170	0.0	1208
EABAIN_04110	ABJDJH_06005	55.4	1270	425	29	1	1179	1	1220	0.0	976
EABAIN_04110	PLDCIE_12340	45.9	1219	519	36	1	1178	1	1120	1.14e-270	794
EABAIN_04110	NMHJIK_03930	67.0	603	144	7	1	595	1	556	1.90e-219	645
EABAIN_04110	EHLNLG_05205	70.4	514	128	9	1	500	1	504	7.19e-202	624
EABAIN_04110	JNMKIO_11395	38.6	1280	592	41	1	1178	1	1188	6.05e-172	539
EABAIN_04110	BDEBFB_06665	58.4	519	177	12	1	515	1	484	4.30e-166	500
EABAIN_04110	CDIIGJ_02125	35.1	1221	608	39	10	1129	12	1149	2.06e-142	459
EABAIN_04110	CNLKLD_01805	37.4	730	399	17	418	1129	622	1311	5.29e-101	348
EABAIN_04110	IAFHMK_09990	38.2	704	347	23	28	699	9	656	3.19e-89	310
EABAIN_04110	IAFHMK_01700	43.9	551	239	21	33	558	27	532	2.20e-86	302
EABAIN_04110	OFBCLB_03215	43.7	476	216	16	33	493	15	453	1.11e-75	271
EABAIN_04110	CNLKLD_00285	31.7	1120	589	46	104	1138	2	1030	1.47e-72	262
EABAIN_04110	DBDHAK_00605	45.3	426	206	14	33	449	15	422	4.05e-71	255
EABAIN_04110	ACPHPF_09030	36.5	592	280	18	1	569	1	519	1.11e-69	245
EABAIN_04110	ABJDJH_06000	34.2	517	280	19	33	504	15	516	2.24e-41	165
EABAIN_04110	CNLKLD_07555	32.6	583	290	24	12	558	6	521	5.01e-41	165
EABAIN_04115	OCIPFJ_04125	81.0	616	106	5	1	614	16	622	4.67e-313	861
EABAIN_04115	CNLKLD_00305	47.0	658	269	21	1	603	1	633	8.59e-139	418
EABAIN_04115	IAFHMK_09760	46.6	644	288	19	1	612	1	620	2.48e-119	367
EABAIN_04115	ACNHAK_07820	42.4	628	285	17	1	610	1	569	7.70e-102	320
EABAIN_04115	DDDLLA_08480	41.4	665	287	25	5	611	4	623	3.16e-96	307
EABAIN_04115	DIBOGN_02250	42.9	658	307	21	1	614	1	633	7.61e-96	306
EABAIN_04115	BGHOFK_08080	32.7	649	306	26	1	611	1	556	3.17e-43	162
EABAIN_04115	HNNKEJ_02140	33.7	540	272	21	147	612	154	681	1.89e-41	159
EABAIN_04120	JIBFFE_00845	98.8	431	5	0	1	431	1	431	8.11e-304	823
EABAIN_04120	IAFHMK_09765	56.1	401	162	3	26	420	2	394	3.29e-153	439
EABAIN_04120	BGHOFK_08085	54.3	422	178	5	2	420	9	418	3.02e-152	437
EABAIN_04120	CNLKLD_00300	51.4	420	186	7	4	414	3	413	7.23e-133	389
EABAIN_04120	OFBCLB_11570	49.9	423	195	5	1	414	1	415	1.48e-131	385
EABAIN_04120	HNNKEJ_02145	59.0	283	109	3	1	282	1	277	5.37e-108	324
EABAIN_04120	HNNKEJ_01880	56.5	269	111	2	2	270	3	265	3.26e-106	315
EABAIN_04120	IAFHMK_05130	55.5	272	115	2	7	278	2	267	8.89e-99	296
EABAIN_04120	BGHOFK_01850	51.9	285	131	2	5	288	2	281	7.01e-98	294
EABAIN_04120	CDIIGJ_03530	51.2	287	134	2	3	288	2	283	4.39e-97	292
EABAIN_04120	EIKFFD_00980	50.9	281	133	1	5	285	7	282	2.59e-95	292
EABAIN_04120	NAECHE_09455	50.9	279	131	2	1	279	1	273	1.02e-93	283
EABAIN_04120	AAOIOD_10675	51.1	278	129	2	1	276	1	273	1.38e-91	282
EABAIN_04120	CFLCIE_00930	39.5	228	134	3	18	245	11	234	4.52e-51	173
EABAIN_04120	HNNKEJ_03540	39.9	253	141	3	10	260	2	245	2.31e-48	173
EABAIN_04120	OFBCLB_08750	35.2	281	173	2	10	290	7	278	3.16e-46	167
EABAIN_04125	DIBOGN_02260	77.4	243	53	2	1	241	1	243	1.60e-122	347
EABAIN_04125	BPDDPD_04845	58.5	246	94	4	3	241	2	246	4.61e-87	258
EABAIN_04130	DDDLLA_11745	84.9	232	35	0	1	232	2	233	3.83e-137	384
EABAIN_04135	IAFHMK_03125	77.5	120	27	0	1	120	1	120	6.27e-62	185
EABAIN_04135	CDIIGJ_03510	77.1	118	27	0	1	118	1	118	1.12e-58	179
EABAIN_04135	AANGNE_03345	73.1	119	32	0	1	119	1	119	7.08e-57	172
EABAIN_04140	AAKGEC_07935	100	157	0	0	1	157	1	157	2.86e-111	312
EABAIN_04140	AANGNE_03350	67.5	154	50	0	4	157	5	158	6.47e-74	218
EABAIN_04140	CNLKLD_08500	63.9	155	56	0	3	157	2	156	7.80e-70	207
EABAIN_04140	IAFHMK_03120	58.6	157	65	0	1	157	1	157	2.20e-67	201
EABAIN_04145	CNLKLD_08505	86.6	343	45	1	1	342	1	343	6.24e-208	576
EABAIN_04150	AAKGEC_07925	100	108	0	0	1	108	1	108	1.37e-72	210
EABAIN_04155	AAKGEC_07920	99.0	101	1	0	1	101	1	101	1.66e-63	187
EABAIN_04160	HNNKEJ_01925	79.0	966	173	8	1	944	1	958	0.0	1294
EABAIN_04160	CNLKLD_08520	73.1	968	191	12	1	943	1	924	0.0	1163
EABAIN_04160	DNKGCI_06755	74.2	948	216	10	1	944	1	923	0.0	1154
EABAIN_04160	OAEMLE_05685	98.0	497	10	0	1	497	1	497	5.09e-257	728
EABAIN_04160	PCAKLA_09795	71.5	130	37	0	1	130	1	130	5.82e-42	150
EABAIN_04165	HJDLAE_02345	83.2	119	19	1	1	119	3	120	2.58e-62	185
EABAIN_04170	AANGNE_03390	79.5	312	64	0	3	314	4	315	8.78e-194	534
EABAIN_04170	CFMACL_04935	35.7	269	166	6	49	310	1	269	8.52e-54	176
EABAIN_04175	BCFLNJ_12130	96.6	146	5	0	1	146	3	148	3.02e-99	281
EABAIN_04175	AOCDPA_06395	78.1	146	32	0	1	146	61	206	9.11e-77	226
EABAIN_04180	IAFHMK_03070	77.1	323	73	1	3	325	4	325	1.91e-176	491
EABAIN_04180	CNLKLD_01410	68.7	326	100	2	1	325	1	325	3.28e-156	439
EABAIN_04180	DNKGCI_06775	68.4	323	101	1	3	325	2	323	1.36e-152	430
EABAIN_04190	AANGNE_02595	81.6	304	54	1	3	306	2	303	1.33e-172	479
EABAIN_04195	AAKGEC_07880	99.2	243	2	0	1	243	1	243	2.60e-163	451
EABAIN_04195	HNNKEJ_13585	45.6	241	121	5	6	241	2	237	5.21e-57	181
EABAIN_04195	KDEKFF_00810	36.9	252	144	4	3	241	11	260	2.30e-46	155
EABAIN_04195	BPDDPD_01275	38.0	245	147	3	1	241	3	246	2.87e-46	154
EABAIN_04200	BGHOFK_01765	91.2	409	34	2	1	409	1	407	3.94e-266	724
EABAIN_04205	AAKGEC_07870	98.7	155	2	0	1	155	1	155	1.65e-100	285
EABAIN_04205	CDIIGJ_03440	75.2	157	36	3	1	155	1	156	2.07e-69	206
EABAIN_04205	BGHOFK_01760	71.3	160	41	2	1	155	1	160	5.24e-66	197
EABAIN_04205	HNNKEJ_02015	69.6	158	43	3	1	155	1	156	3.77e-65	195
EABAIN_04205	AANGNE_02610	67.5	160	44	3	1	155	1	157	8.63e-62	187
EABAIN_04205	IAFHMK_03045	66.7	156	51	1	1	155	3	158	2.41e-59	181
EABAIN_04205	LBKFJK_01095	64.2	159	51	2	1	155	1	157	3.85e-58	177
EABAIN_04205	DNKGCI_06805	60.6	170	40	2	1	155	1	158	1.07e-55	171
EABAIN_04205	CNLKLD_01440	62.6	155	57	1	1	155	1	154	5.44e-55	169
EABAIN_04205	DDDLLA_06350	60.2	161	56	2	1	155	1	159	3.66e-54	167
EABAIN_04210	AAKGEC_07865	100	144	0	0	1	144	1	144	8.45e-100	282
EABAIN_04215	LPAKHB_10030	99.6	457	0	1	1	455	1	457	0.0	888
EABAIN_04215	AANGNE_01830	47.0	449	227	7	4	445	3	447	1.35e-127	396
EABAIN_04215	BNBIEO_00360	41.9	446	247	7	4	443	3	442	6.33e-108	330
EABAIN_04220	DFCDFN_01390	85.1	282	42	0	1	282	1	282	3.72e-171	474
EABAIN_04220	OFBCLB_00990	61.3	282	109	0	1	282	1	282	2.12e-119	343
EABAIN_04225	AAKGEC_07850	99.6	264	1	0	1	264	1	264	2.84e-182	500
EABAIN_04225	OFBCLB_00985	68.3	161	51	0	104	264	1	161	6.18e-71	214
EABAIN_04230	FBLNFP_09685	98.4	379	6	0	1	379	1	379	8.05e-267	725
EABAIN_04230	FJJMED_07365	73.2	261	70	0	5	265	7	267	1.26e-135	387
EABAIN_04230	AOJAFJ_06850	46.8	374	199	0	4	377	3	376	3.31e-114	337
EABAIN_04230	BGHOFK_07520	40.2	376	207	2	1	376	2	359	8.04e-90	274
EABAIN_04230	AHPAPB_00360	35.8	422	219	8	9	379	13	433	9.79e-72	230
EABAIN_04235	CDIIGJ_03410	82.4	306	53	1	1	306	1	305	3.23e-179	496
EABAIN_04235	BGHOFK_01730	72.4	304	84	0	1	304	1	304	4.68e-158	442
EABAIN_04235	CNLKLD_07195	70.5	302	89	0	3	304	4	305	1.02e-153	432
EABAIN_04235	MCFIIO_08320	68.0	306	97	1	1	306	1	305	1.44e-141	401
EABAIN_04235	DNKGCI_05700	41.2	306	172	5	4	304	2	304	1.19e-71	223
EABAIN_04245	AAKGEC_07830	96.0	100	4	0	1	100	1	100	6.78e-67	195
EABAIN_04250	AAKGEC_07825	97.1	102	3	0	1	102	1	102	1.12e-66	195
EABAIN_04255	AAKGEC_07820	99.8	547	1	0	1	547	1	547	0.0	1048
EABAIN_04255	DNKGCI_09520	71.0	549	157	2	1	547	1	549	6.77e-280	771
EABAIN_04255	BGHOFK_00710	70.4	548	161	1	1	547	1	548	4.28e-277	764
EABAIN_04255	CJHCCN_10680	70.4	544	158	2	1	541	1	544	9.66e-275	758
EABAIN_04255	HNNKEJ_02875	69.4	545	166	1	1	544	1	545	6.22e-273	753
EABAIN_04255	DDDLLA_09245	66.2	547	184	1	1	546	1	547	3.87e-262	726
EABAIN_04255	DDDLLA_06090	49.5	543	268	4	1	538	1	542	6.11e-175	514
EABAIN_04255	DNKGCI_02955	47.1	397	206	3	152	545	2	397	1.49e-112	348
EABAIN_04255	AIPJBK_09975	36.2	553	337	9	4	544	2	550	4.42e-105	326
EABAIN_04255	DNKGCI_02950	56.1	148	63	1	1	146	1	148	5.71e-50	168
EABAIN_04255	PKLIGD_02350	27.9	445	307	9	4	440	2	440	1.56e-42	157
EABAIN_04255	DIBOGN_02540	28.4	447	306	11	4	440	2	444	5.68e-41	153
EABAIN_04255	AANGNE_03260	29.4	449	298	13	4	441	2	442	1.08e-40	152
EABAIN_04260	AAKGEC_07815	100	84	0	0	1	84	1	84	1.07e-49	150
EABAIN_04265	BMNCPF_13730	100	115	0	0	1	115	1	115	3.16e-83	238
EABAIN_04265	CDIIGJ_03375	70.2	114	34	0	3	116	4	117	2.58e-61	182
EABAIN_04265	HNNKEJ_02045	69.8	116	35	0	1	116	1	116	2.73e-60	180
EABAIN_04265	IAFHMK_02990	71.9	114	30	1	1	114	1	112	7.27e-58	174
EABAIN_04265	BGHOFK_01715	68.1	116	37	0	1	116	1	116	2.29e-57	172
EABAIN_04265	DNKGCI_06880	65.8	114	39	0	1	114	2	115	4.42e-55	167
EABAIN_04265	DBFGIH_05035	69.0	116	34	1	1	116	1	114	1.23e-54	166
EABAIN_04265	CNLKLD_04105	65.5	116	39	1	1	115	1	116	1.25e-52	160
EABAIN_04265	DDDLLA_06285	63.8	116	42	0	1	116	1	116	3.26e-52	159
EABAIN_04265	LBKFJK_01160	65.5	113	39	0	1	113	1	113	5.25e-52	159
EABAIN_04270	ABCLFC_04435	94.3	247	14	0	1	247	1	247	1.49e-162	449
EABAIN_04270	LBKFJK_08050	63.5	249	89	1	1	247	1	249	8.60e-109	313
EABAIN_04275	ADJCAM_11645	98.9	184	2	0	2	185	4	187	3.43e-133	370
EABAIN_04275	IAFHMK_05540	58.0	176	74	0	5	180	4	179	3.08e-68	205
EABAIN_04275	BGHOFK_07030	54.8	177	80	0	5	181	5	181	2.34e-64	196
EABAIN_04275	DNKGCI_06210	52.5	177	83	1	5	181	4	179	2.06e-62	191
EABAIN_04275	LBKFJK_10160	49.7	181	90	1	2	182	1	180	5.70e-62	189
EABAIN_04275	DNKGCI_06205	48.4	184	94	1	2	185	1	183	7.83e-62	189
EABAIN_04275	AANGNE_02285	48.6	181	92	1	1	181	1	180	1.07e-59	184
EABAIN_04275	HNNKEJ_02700	49.4	176	88	1	6	181	6	180	2.02e-59	183
EABAIN_04275	BEIAAA_04280	48.1	181	93	1	1	181	294	473	1.32e-55	182
EABAIN_04275	HNNKEJ_06775	46.9	177	89	3	6	181	5	177	1.09e-48	155
EABAIN_04280	AAKGEC_07795	99.3	285	2	0	1	285	1	285	3.25e-203	555
EABAIN_04280	AANGNE_02650	69.6	286	86	1	1	285	1	286	2.85e-142	401
EABAIN_04280	DDDLLA_06280	66.9	287	91	3	1	285	1	285	5.23e-133	377
EABAIN_04280	IAFHMK_02980	64.7	286	93	2	1	285	1	279	4.19e-126	360
EABAIN_04285	AGINCK_01660	97.9	666	10	1	1	662	1	666	0.0	1306
EABAIN_04285	CNLKLD_04130	73.4	662	170	1	1	662	1	656	0.0	1016
EABAIN_04285	HNNKEJ_02060	93.3	224	15	0	1	224	1	224	6.87e-152	441
EABAIN_04290	AAKGEC_07785	100	79	0	0	1	79	1	79	1.68e-55	165
EABAIN_04295	AAKGEC_07780	99.6	243	1	0	1	243	1	243	1.15e-166	459
EABAIN_04295	AANGNE_02670	72.3	242	60	2	2	243	5	239	3.53e-121	344
EABAIN_04295	CNLKLD_04140	68.0	241	71	1	3	243	4	238	7.97e-113	323
EABAIN_04295	OFBCLB_01280	65.6	241	74	1	3	243	4	235	2.49e-106	306
EABAIN_04300	ACDDAG_07210	81.1	169	32	0	1	169	17	185	6.81e-92	265
EABAIN_04300	IAFHMK_00415	69.8	169	51	0	1	169	1	169	2.22e-75	222
EABAIN_04300	DNKGCI_06895	52.7	165	73	3	8	169	14	176	1.49e-48	154
EABAIN_04305	AAKGEC_07770	98.6	210	3	0	1	210	1	210	2.03e-146	405
EABAIN_04305	HNNKEJ_02090	71.0	210	61	0	1	210	1	210	5.61e-105	300
EABAIN_04305	BGHOFK_01685	63.8	210	76	0	1	210	1	210	7.81e-92	267
EABAIN_04305	IAFHMK_05020	55.7	210	93	0	1	210	1	210	4.34e-76	227
EABAIN_04310	AKPIPJ_09015	98.5	340	5	0	1	340	8	347	1.04e-242	660
EABAIN_04310	DDDLLA_10905	56.2	340	149	0	1	340	1	340	4.53e-135	387
EABAIN_04315	ABCLFC_08405	85.4	396	57	1	1	396	1	395	8.81e-236	647
EABAIN_04315	DDDLLA_10900	69.8	391	117	1	6	396	6	395	1.76e-186	522
EABAIN_04315	KGIGEE_07600	85.4	137	19	1	1	136	1	137	5.04e-69	214
EABAIN_04320	AAKGEC_07755	99.5	377	2	0	1	377	1	377	6.12e-268	726
EABAIN_04320	IAFHMK_00065	69.0	377	117	0	1	377	1	377	2.67e-181	507
EABAIN_04320	DDDLLA_10895	67.4	377	123	0	1	377	1	377	1.31e-174	490
EABAIN_04320	DDDLLA_10205	29.2	397	238	9	18	375	31	423	7.97e-44	157
EABAIN_04325	AAKGEC_07750	99.3	283	2	0	1	283	1	283	2.86e-196	537
EABAIN_04325	IAFHMK_00060	74.6	276	70	0	6	281	6	281	1.50e-139	394
EABAIN_04325	DDDLLA_10890	63.4	276	100	1	6	281	3	277	2.19e-118	340
EABAIN_04330	DPMHNO_00485	99.4	332	2	0	1	332	1	332	9.96e-240	652
EABAIN_04330	AANGNE_00510	64.6	336	115	3	1	333	9	343	3.52e-151	428
EABAIN_04330	EPKBNI_09765	31.4	328	201	6	5	327	7	315	4.50e-45	156
EABAIN_04335	DNKGCI_06900	82.3	231	41	0	1	231	1	231	3.39e-135	379
EABAIN_04340	PEBHMD_04925	98.4	1175	18	1	1	1174	1	1175	0.0	1999
EABAIN_04340	HNNKEJ_02100	66.4	1171	393	0	1	1171	1	1171	0.0	1310
EABAIN_04340	DNKGCI_06905	63.8	1170	423	1	1	1169	1	1170	0.0	1234
EABAIN_04340	DDDLLA_06250	60.0	1172	468	1	1	1171	1	1172	0.0	1225
EABAIN_04340	IAFHMK_00390	62.8	1186	427	1	1	1172	1	1186	0.0	1210
EABAIN_04340	LBKFJK_01200	59.9	1172	469	1	1	1171	1	1172	0.0	1209
EABAIN_04340	AANGNE_03445	61.6	1173	450	1	1	1173	1	1172	0.0	1206
EABAIN_04340	CNLKLD_04165	57.8	1174	494	1	1	1173	1	1174	0.0	1106
EABAIN_04345	AAKGEC_07730	100	722	0	0	1	722	1	722	0.0	1423
EABAIN_04345	CNLKLD_04170	60.5	698	263	6	10	700	1	692	3.76e-301	840
EABAIN_04345	AEMMAL_04810	59.8	696	270	6	10	701	11	700	1.02e-296	829
EABAIN_04345	DDDLLA_06245	56.8	706	295	6	11	712	2	701	1.47e-280	787
EABAIN_04350	ABCLFC_08365	97.8	136	3	0	1	136	19	154	3.91e-96	273
EABAIN_04350	BGHOFK_01665	72.3	137	37	1	1	136	1	137	3.84e-72	211
EABAIN_04350	IAFHMK_00380	56.1	123	54	0	1	123	1	123	3.59e-51	158
EABAIN_04350	DDDLLA_06220	56.3	128	56	0	1	128	1	128	1.12e-49	154
EABAIN_04350	DNKGCI_06935	52.9	136	64	0	1	136	1	136	2.96e-48	151
EABAIN_04355	BGHOFK_01660	75.3	360	86	1	1	360	1	357	1.45e-180	504
EABAIN_04355	HNNKEJ_02120	71.9	359	98	1	2	360	11	366	7.58e-166	467
EABAIN_04355	IAFHMK_00370	65.3	354	120	1	4	357	8	358	8.99e-149	424
EABAIN_04355	LBKFJK_01240	64.0	350	123	1	3	352	12	358	1.05e-143	411
EABAIN_04355	DDDLLA_06215	63.2	351	126	1	10	360	24	371	7.00e-139	399
EABAIN_04355	DNKGCI_06940	60.9	353	134	2	8	360	15	363	9.99e-139	398
EABAIN_04355	CNLKLD_04190	57.8	358	147	3	2	356	10	366	4.07e-127	369
EABAIN_04355	AANGNE_03470	58.2	354	146	2	2	354	10	362	5.02e-122	356
EABAIN_04355	PEPBIK_09170	85.4	151	22	0	1	151	10	160	4.15e-79	239
EABAIN_04355	BJAFKI_10950	97.6	126	3	0	1	126	1	126	9.05e-76	229
EABAIN_04360	FAKCMI_12970	99.6	253	1	0	1	253	1	253	3.94e-151	422
EABAIN_04360	AANGNE_03475	68.3	252	80	0	1	252	1	252	8.86e-107	308
EABAIN_04360	DNKGCI_06945	66.3	249	84	0	1	249	1	249	6.15e-102	296
EABAIN_04360	DDDLLA_06210	65.7	248	85	0	1	248	1	248	3.53e-98	286
EABAIN_04360	CNLKLD_04195	59.4	249	101	0	1	249	1	249	9.05e-89	263
EABAIN_04365	FAKCMI_12975	99.3	443	3	0	1	443	1	443	3.21e-304	825
EABAIN_04365	BNBIEO_00300	51.3	439	211	2	3	438	4	442	7.95e-150	433
EABAIN_04365	BIHALF_06405	51.4	438	210	2	7	441	22	459	5.30e-148	429
EABAIN_04365	BGHOFK_08255	50.0	434	215	2	7	438	10	443	3.30e-145	421
EABAIN_04365	CNLKLD_05285	44.6	442	239	2	2	437	5	446	7.13e-130	382
EABAIN_04365	DDDLLA_08350	45.4	445	231	5	3	437	4	446	5.78e-127	375
EABAIN_04365	ABNNBP_11250	44.8	451	240	4	1	442	1	451	2.34e-122	363
EABAIN_04365	OFBCLB_02110	36.2	381	234	7	5	381	18	393	1.20e-58	199
EABAIN_04365	JBKKJP_13050	30.4	464	293	9	3	441	9	467	1.80e-56	193
EABAIN_04365	AAKGEC_06030	33.1	390	246	7	1	381	1	384	4.80e-53	184
EABAIN_04365	PHNFPI_05015	29.2	363	242	4	1	352	4	362	1.15e-52	183
EABAIN_04365	CDIIGJ_07805	29.2	390	263	6	4	383	9	395	2.57e-46	166
EABAIN_04370	ABCBPP_04480	98.8	692	8	0	1	692	1	692	0.0	1333
EABAIN_04370	BGHOFK_06735	60.6	693	269	1	3	691	3	695	3.03e-309	857
EABAIN_04370	AMCIGH_00390	59.7	692	275	1	2	689	9	700	9.59e-296	823
EABAIN_04370	CNLKLD_00165	40.6	662	371	9	3	654	5	654	2.08e-152	457
EABAIN_04370	HNNKEJ_08555	27.7	718	467	19	7	692	14	711	3.00e-65	228
EABAIN_04375	DIBOGN_02545	92.6	269	20	0	1	269	28	296	2.93e-177	489
EABAIN_04375	IAFHMK_00360	69.1	269	83	0	1	269	1	269	2.17e-131	372
EABAIN_04375	BLIMPP_08160	68.8	269	84	0	1	269	18	286	1.07e-128	366
EABAIN_04375	DNKGCI_04350	65.1	269	94	0	1	269	1	269	1.60e-126	360
EABAIN_04375	DNKIME_07440	63.1	268	99	0	1	268	7	274	6.79e-120	343
EABAIN_04375	CNLKLD_02245	56.9	269	116	0	1	269	1	269	1.41e-103	301
EABAIN_04375	AAKGEC_06655	34.0	268	171	3	5	269	2	266	1.86e-48	161
EABAIN_04380	CDIIGJ_03270	76.4	182	42	1	3	183	2	183	2.13e-89	259
EABAIN_04380	HNNKEJ_05895	72.3	184	50	1	1	183	1	184	1.64e-84	246
EABAIN_04380	DDDLLA_10680	50.8	199	77	2	6	183	7	205	2.19e-52	166
EABAIN_04380	IAFHMK_00355	48.2	193	87	2	3	182	4	196	5.96e-52	164
EABAIN_04380	DNKGCI_04355	46.3	216	76	1	8	183	6	221	9.53e-51	162
EABAIN_04380	LBKFJK_01380	47.5	204	85	1	2	183	3	206	1.80e-50	161
EABAIN_04385	BDMBBJ_07890	98.9	461	3	1	1	459	1	461	2.90e-292	795
EABAIN_04385	BIHALF_00570	75.2	472	84	6	1	459	1	452	3.15e-217	605
EABAIN_04385	JAFLJO_06440	71.2	472	87	8	1	459	1	436	2.21e-194	546
EABAIN_04385	IAFHMK_00350	82.6	311	53	1	149	459	124	433	1.43e-172	491
EABAIN_04385	BNBIEO_00620	62.7	464	139	5	1	459	1	435	2.17e-172	490
EABAIN_04385	CNLKLD_02250	82.3	305	53	1	155	459	109	412	1.29e-170	485
EABAIN_04390	BNBIEO_00615	84.5	322	50	0	1	322	16	337	2.14e-192	531
EABAIN_04390	AAKGEC_11835	49.8	319	157	3	4	322	6	321	2.97e-102	302
EABAIN_04395	AAKGEC_07685	100	223	0	0	1	223	1	223	1.46e-150	417
EABAIN_04395	BGHOFK_01630	71.7	223	63	0	1	223	1	223	3.59e-105	302
EABAIN_04395	HNNKEJ_05880	71.9	224	62	1	1	223	1	224	4.31e-104	299
EABAIN_04395	IAFHMK_00340	61.1	221	86	0	3	223	6	226	1.07e-83	248
EABAIN_04395	DNKGCI_06340	54.3	223	100	1	3	223	6	228	4.77e-73	221
EABAIN_04395	EIKFFD_07460	50.2	223	110	1	1	223	1	222	5.99e-70	213
EABAIN_04395	OFBCLB_10575	49.8	223	111	1	2	223	5	227	2.13e-66	204
EABAIN_04395	LBKFJK_10055	58.2	184	77	0	40	223	17	200	7.35e-66	201
EABAIN_04395	AANGNE_03495	48.0	223	115	1	1	223	1	222	3.73e-64	198
EABAIN_04395	CJHCCN_03260	46.6	223	118	1	1	223	1	222	1.56e-62	194
EABAIN_04400	AAKGEC_07680	99.9	829	1	0	1	829	1	829	0.0	1677
EABAIN_04400	CEHAJH_01155	54.6	390	136	3	446	827	1	357	7.76e-139	415
EABAIN_04405	AAKGEC_07675	100	251	0	0	1	251	1	251	1.59e-177	487
EABAIN_04405	DNKGCI_06350	69.4	245	75	0	2	246	1	245	1.32e-124	353
EABAIN_04405	IAFHMK_00330	57.1	247	104	2	1	246	1	246	1.73e-94	277
EABAIN_04405	HNNKEJ_04590	51.2	244	118	1	2	245	1	243	3.46e-82	246
EABAIN_04405	DNKGCI_02325	45.9	242	130	1	4	245	2	242	4.64e-79	238
EABAIN_04405	AFCONC_09380	39.4	241	144	2	4	243	5	244	7.89e-61	191
EABAIN_04405	AANGNE_02385	39.2	245	146	2	4	246	2	245	1.49e-58	186
EABAIN_04405	DDDLLA_06075	40.6	234	130	2	8	241	6	230	5.79e-56	179
EABAIN_04410	HNNKEJ_05840	86.1	468	60	1	1	468	1	463	1.45e-295	804
EABAIN_04410	AANGNE_01470	45.3	470	228	3	1	469	1	442	7.50e-136	398
EABAIN_04410	AGDPFD_02310	44.7	468	231	3	1	468	1	440	1.66e-133	392
EABAIN_04410	AEMMAL_03045	45.1	468	228	4	1	468	1	439	6.44e-133	390
EABAIN_04410	NGIILC_02175	42.4	467	239	4	1	466	1	438	1.02e-128	380
EABAIN_04410	DDDLLA_08890	43.0	479	233	6	1	468	1	450	2.83e-128	379
EABAIN_04410	AGINCK_05455	43.4	470	236	4	1	469	1	441	1.40e-124	369
EABAIN_04410	AANGNE_03570	33.7	466	264	8	9	465	9	438	6.59e-75	242
EABAIN_04410	GNOKMM_07820	31.4	474	271	7	1	466	1	428	1.72e-70	229
EABAIN_04410	DDKKPM_03600	29.6	469	282	10	4	468	7	431	2.04e-60	203
EABAIN_04410	BGHOFK_08335	30.0	460	280	7	1	455	1	423	3.55e-58	197
EABAIN_04410	DNKGCI_11030	32.9	474	259	14	4	472	7	426	3.54e-57	194
EABAIN_04410	BOKJIE_13470	29.9	469	282	12	1	465	1	426	3.84e-55	189
EABAIN_04410	CFLCIE_01555	27.3	462	292	4	3	464	6	423	6.04e-51	178
EABAIN_04410	AGDPFD_04840	28.8	476	288	13	1	466	1	435	7.63e-50	175
EABAIN_04410	CGMKCF_11750	31.0	436	250	14	45	457	80	487	3.26e-48	172
EABAIN_04410	NOKDAP_10535	27.5	465	284	8	5	462	12	430	2.18e-46	166
EABAIN_04410	AEMMAL_06830	29.4	418	268	9	60	464	30	433	1.10e-45	164
EABAIN_04410	ABNNBP_07205	27.8	442	275	10	15	450	15	418	1.46e-44	161
EABAIN_04410	AFCONC_09375	26.2	504	305	13	1	457	1	484	1.49e-44	162
EABAIN_04410	AGDPFD_04395	26.8	473	287	11	4	466	7	430	6.76e-43	157
EABAIN_04415	BNPKDP_04435	86.8	453	43	1	1	453	1	436	6.69e-302	818
EABAIN_04415	DNKGCI_06365	67.7	455	142	1	4	453	4	458	1.24e-235	651
EABAIN_04415	IAFHMK_00320	66.8	458	146	2	1	452	1	458	2.75e-232	643
EABAIN_04415	AEMMAL_06825	53.0	451	204	4	8	452	5	453	1.34e-176	502
EABAIN_04415	AANGNE_08355	37.1	477	265	9	7	452	5	477	1.18e-101	311
EABAIN_04415	EJEPOM_07405	37.4	470	265	12	6	452	5	468	2.65e-97	300
EABAIN_04415	ACPHPF_05020	36.2	458	275	9	2	452	5	452	1.85e-96	297
EABAIN_04415	ANILPM_08310	35.2	457	277	8	4	449	3	451	1.44e-93	290
EABAIN_04415	ACDDAG_07275	37.0	481	260	15	4	452	9	478	5.09e-93	289
EABAIN_04415	DDDLLA_05595	35.5	482	272	11	1	449	1	476	4.88e-92	286
EABAIN_04415	BGHOFK_02325	34.3	475	278	10	6	452	10	478	6.43e-91	283
EABAIN_04415	BDEBFB_07100	36.6	483	261	11	8	452	6	481	1.12e-89	280
EABAIN_04415	LBKFJK_04760	36.7	474	263	15	4	448	5	470	1.23e-89	280
EABAIN_04415	EJEPOM_07925	35.1	461	275	9	4	449	2	453	1.43e-89	279
EABAIN_04415	DAEIAJ_08645	35.2	480	265	12	8	452	6	474	2.44e-89	279
EABAIN_04415	HDKJGO_06115	34.9	487	277	11	2	453	5	486	6.76e-89	278
EABAIN_04415	PPBJPA_11480	34.7	499	257	13	6	452	11	492	9.27e-88	276
EABAIN_04415	ALNFEK_03480	33.4	482	274	9	6	449	10	482	1.74e-85	270
EABAIN_04415	CDIIGJ_10515	34.0	500	275	13	7	452	5	503	3.97e-85	269
EABAIN_04415	IAFHMK_01915	34.8	483	263	12	4	453	7	470	2.11e-82	261
EABAIN_04415	CFLCIE_01560	33.9	449	283	8	7	444	4	449	2.61e-82	260
EABAIN_04415	KPGHOL_06290	32.8	482	277	12	7	452	5	475	1.56e-81	259
EABAIN_04415	NAGBDA_10950	33.1	486	279	13	6	452	7	485	8.57e-75	242
EABAIN_04415	CNOINH_06885	36.6	298	177	5	6	295	10	303	1.18e-60	201
EABAIN_04415	DDDLLA_01640	32.4	466	282	14	4	448	3	456	1.34e-58	199
EABAIN_04420	BMNCPF_13565	99.2	265	2	0	3	267	8	272	1.42e-196	537
EABAIN_04420	ACDDAG_08030	64.3	266	95	0	1	266	1	266	1.81e-127	362
EABAIN_04420	IAFHMK_00315	64.6	263	93	0	1	263	1	263	2.48e-127	362
EABAIN_04420	DNKGCI_06375	61.1	265	103	0	1	265	1	265	1.34e-121	347
EABAIN_04420	CNLKLD_07655	61.4	264	101	1	1	264	1	263	2.52e-121	346
EABAIN_04420	OFBCLB_10585	59.6	267	108	0	1	267	1	267	6.07e-116	333
EABAIN_04420	COJBJG_08815	34.2	260	166	3	4	261	3	259	1.83e-46	155
EABAIN_04425	AAKGEC_07655	99.1	117	1	0	1	117	1	117	1.45e-81	234
EABAIN_04425	PHJNPH_01045	98.3	117	2	0	1	117	1	117	2.97e-80	232
EABAIN_04425	CDIIGJ_03220	80.9	94	18	0	24	117	24	117	1.10e-51	158
EABAIN_04425	HNNKEJ_05820	71.3	94	27	0	24	117	25	118	3.10e-49	152
EABAIN_04430	CNLKLD_07645	75.5	416	99	2	4	419	3	415	7.17e-225	621
EABAIN_04430	IAFHMK_00305	66.0	415	141	0	1	415	1	415	1.22e-192	548
EABAIN_04430	AANGNE_03520	66.2	414	139	1	1	414	1	413	1.91e-189	540
EABAIN_04430	DNKGCI_06390	62.7	415	155	0	1	415	1	415	5.50e-188	537
EABAIN_04430	HPKJMF_07735	100	218	0	0	202	419	1	218	7.53e-153	431
EABAIN_04435	AANGNE_03520	88.4	666	71	1	1	666	1	660	0.0	1166
EABAIN_04435	IAFHMK_00305	63.0	689	202	7	1	666	1	659	1.15e-305	846
EABAIN_04435	DNKGCI_06390	62.7	670	241	3	1	665	1	666	4.12e-291	809
EABAIN_04435	CNLKLD_07645	63.3	411	147	3	4	413	3	410	5.57e-180	517
EABAIN_04435	HPKJMF_07735	66.7	213	70	1	202	413	1	213	1.18e-92	285
EABAIN_04440	LKGJOH_04475	96.0	223	7	1	1	223	1	221	1.36e-150	417
EABAIN_04445	DNKGCI_06400	82.5	286	50	0	2	287	6	291	1.16e-159	445
EABAIN_04450	AAKGEC_07630	98.7	151	2	0	1	151	1	151	4.63e-105	296
EABAIN_04450	AANGNE_03545	68.1	144	46	0	1	144	1	144	1.16e-65	196
EABAIN_04450	IAFHMK_00290	67.2	134	43	1	16	149	1	133	2.40e-58	177
EABAIN_04450	DNKGCI_06415	60.7	145	57	0	3	147	2	146	1.62e-57	176
EABAIN_04450	CNLKLD_07610	53.2	141	66	0	4	144	1	141	4.60e-51	159
EABAIN_04460	BGHOFK_01575	78.8	717	149	1	1	717	1	714	0.0	1051
EABAIN_04460	AANGNE_03555	70.9	717	186	4	1	716	1	695	0.0	946
EABAIN_04460	OFBCLB_10685	68.8	737	192	4	1	717	1	719	0.0	906
EABAIN_04460	CNLKLD_07600	68.0	718	211	3	1	717	1	700	0.0	900
EABAIN_04460	HNNKEJ_05785	75.5	595	129	4	1	581	1	592	2.13e-300	832
EABAIN_04460	IAFHMK_00280	58.0	729	274	4	1	717	9	717	5.71e-277	778
EABAIN_04460	DNKGCI_09585	38.8	655	348	12	92	717	7	637	1.69e-120	374
EABAIN_04460	FFPGDJ_00115	35.8	757	424	19	5	715	77	817	3.72e-120	379
EABAIN_04460	LBKFJK_08485	37.8	661	347	14	92	718	8	638	3.22e-117	365
EABAIN_04460	OFBCLB_07720	37.2	647	358	11	92	711	9	634	1.84e-114	358
EABAIN_04460	ACIHME_07560	37.0	656	352	15	92	711	7	637	3.07e-110	348
EABAIN_04460	ANFPEE_11195	29.0	707	421	18	8	686	83	736	4.46e-82	276
EABAIN_04460	LDJGMM_06975	32.5	613	373	11	123	709	71	668	1.21e-80	270
EABAIN_04460	BGHOFK_01420	31.7	621	377	14	121	712	74	676	7.10e-79	265
EABAIN_04460	ABIMCM_08870	26.4	749	469	17	1	715	5	705	1.12e-72	249
EABAIN_04460	DIBOGN_04755	31.4	547	312	14	144	668	55	560	3.42e-66	229
EABAIN_04460	BGCJLL_06690	29.3	587	364	12	123	694	26	576	2.82e-63	221
EABAIN_04460	EIKFFD_03600	28.7	600	367	11	144	718	53	616	2.04e-62	219
EABAIN_04460	AAOIOD_03725	32.7	474	281	10	232	687	199	652	1.13e-61	218
EABAIN_04460	CNLKLD_05200	28.8	586	363	15	124	694	27	573	2.35e-61	216
EABAIN_04460	AAKGEC_02970	29.1	602	375	13	122	709	25	588	2.35e-61	216
EABAIN_04460	AGDPFD_04350	28.3	545	332	11	144	668	62	567	5.01e-58	207
EABAIN_04460	HNNKEJ_00865	26.4	579	358	13	112	668	31	563	5.13e-58	207
EABAIN_04460	BGCJLL_07025	27.3	549	340	9	144	668	53	566	1.24e-55	201
EABAIN_04460	BGHOFK_08910	27.7	574	345	13	146	689	58	591	1.30e-54	197
EABAIN_04470	ABCLFC_08230	90.5	883	84	0	1	883	9	891	0.0	1545
EABAIN_04470	BGHOFK_01570	73.3	874	231	1	1	872	1	874	0.0	1274
EABAIN_04470	CDIIGJ_03185	73.8	878	228	1	1	876	1	878	0.0	1265
EABAIN_04470	HNNKEJ_05770	71.0	882	252	3	1	880	25	904	0.0	1223
EABAIN_04470	IAFHMK_00270	65.8	868	294	2	1	868	6	870	0.0	1105
EABAIN_04470	CNLKLD_07595	59.3	873	347	3	3	875	4	868	0.0	994
EABAIN_04470	LBKFJK_09955	59.4	869	348	3	2	868	5	870	0.0	991
EABAIN_04470	DDDLLA_08770	57.8	872	364	3	3	872	24	893	0.0	979
EABAIN_04470	DNKGCI_06420	59.2	855	345	2	22	874	1	853	0.0	975
EABAIN_04470	AAOIOD_04085	57.2	872	360	7	3	874	4	862	0.0	936
EABAIN_04470	HDKJGO_10120	50.8	455	213	5	418	872	2	445	8.51e-147	441
EABAIN_04475	CDIIGJ_03180	75.5	253	61	1	7	259	2	253	6.05e-140	393
EABAIN_04475	IAFHMK_00265	69.6	257	77	1	1	257	11	266	6.73e-137	385
EABAIN_04475	LBKFJK_09950	66.8	259	85	1	1	259	1	258	3.90e-132	373
EABAIN_04475	OFBCLB_10695	65.6	259	88	1	1	259	1	258	3.98e-130	368
EABAIN_04475	AANGNE_06355	65.4	260	87	2	1	258	1	259	6.12e-129	365
EABAIN_04475	DNKGCI_06425	64.2	257	91	1	1	257	1	256	1.80e-125	356
EABAIN_04475	CNLKLD_07580	63.5	249	88	1	9	257	12	257	2.30e-117	336
EABAIN_04475	AJGINB_06650	98.7	153	2	0	1	153	1	153	6.90e-111	315
EABAIN_04480	AAKGEC_07600	99.5	384	2	0	1	384	1	384	8.01e-288	777
EABAIN_04485	DDDLLA_08790	92.9	408	29	0	1	408	1	408	1.53e-252	690
EABAIN_04490	AAKGEC_07590	98.3	238	4	0	1	238	1	238	4.54e-166	457
EABAIN_04490	DNKGCI_11530	71.3	237	68	0	1	237	1	237	5.68e-117	333
EABAIN_04495	AAKGEC_07585	99.2	237	2	0	1	237	1	237	6.49e-170	467
EABAIN_04500	ABJDJH_06405	99.7	691	2	0	2	692	6	696	0.0	1343
EABAIN_04505	CGMKCF_04160	97.2	390	8	1	1	387	1	390	1.59e-278	754
EABAIN_04505	BGHOFK_01460	68.5	378	105	1	1	378	1	364	1.98e-190	530
EABAIN_04505	HNNKEJ_05740	69.5	384	94	3	1	378	1	367	4.56e-187	522
EABAIN_04505	LBKFJK_09910	65.1	373	112	2	6	378	25	379	3.91e-177	497
EABAIN_04505	CNLKLD_02420	62.4	370	122	2	9	378	6	358	1.17e-168	475
EABAIN_04505	DNKGCI_06450	62.0	368	122	4	11	378	11	360	1.59e-164	464
EABAIN_04505	CJHCCN_07720	61.6	372	122	3	4	374	5	356	6.07e-162	458
EABAIN_04505	DDDLLA_08805	61.9	375	125	4	8	382	11	367	1.11e-159	452
EABAIN_04505	IAFHMK_00240	57.1	380	135	7	1	378	4	357	1.76e-141	406
EABAIN_04510	AAKGEC_07570	99.2	472	4	0	1	472	1	472	0.0	951
EABAIN_04510	CNLKLD_02430	74.1	475	116	3	1	472	1	471	4.89e-262	719
EABAIN_04510	ACDDAG_05170	48.9	472	228	7	3	470	2	464	1.03e-155	450
EABAIN_04510	EIKFFD_05205	47.6	471	234	7	4	470	3	464	7.35e-150	435
EABAIN_04515	DDDLLA_09560	75.4	118	28	1	1	117	13	130	1.04e-59	179
EABAIN_04515	IAFHMK_00220	71.4	119	34	0	1	119	1	119	1.54e-56	171
EABAIN_04515	CNLKLD_02435	64.7	119	41	1	1	118	1	119	1.34e-50	155
EABAIN_04515	AANGNE_02835	62.4	117	44	0	1	117	1	117	2.67e-48	150
EABAIN_04520	AAKGEC_07560	99.5	367	2	0	1	367	1	367	4.85e-269	728
EABAIN_04520	CDIIGJ_03115	72.1	366	102	0	1	366	1	366	2.22e-196	545
EABAIN_04520	BGHOFK_01445	70.0	367	110	0	1	367	1	367	3.61e-193	536
EABAIN_04520	DDDLLA_09565	65.7	367	126	0	1	367	1	367	2.56e-181	506
EABAIN_04520	CNLKLD_01715	62.6	366	137	0	1	366	1	366	2.48e-172	484
EABAIN_04520	AANGNE_02840	60.7	369	143	1	1	367	1	369	1.68e-168	474
EABAIN_04520	IAFHMK_09585	35.5	372	227	9	7	367	5	374	4.33e-67	216
EABAIN_04525	AAKGEC_07555	100	142	0	0	1	142	1	142	2.44e-98	278
EABAIN_04525	HNNKEJ_05655	69.7	142	43	0	1	142	1	142	3.53e-66	197
EABAIN_04525	CDIIGJ_03110	69.1	139	43	0	1	139	1	139	5.84e-65	194
EABAIN_04525	LBKFJK_09870	60.0	135	53	1	1	134	1	135	1.59e-55	170
EABAIN_04525	BNBIEO_01400	60.3	141	56	0	1	141	1	141	1.70e-55	170
EABAIN_04525	AANGNE_06755	57.9	140	59	0	1	140	1	140	1.52e-51	160
EABAIN_04525	JONLDN_06495	54.1	133	60	1	1	132	1	133	7.04e-48	150
EABAIN_04530	AAKGEC_07550	99.1	435	4	0	1	435	1	435	2.64e-312	843
EABAIN_04530	HNNKEJ_05650	65.7	435	149	0	1	435	1	435	6.96e-206	574
EABAIN_04530	BGHOFK_01435	58.9	435	179	0	1	435	1	435	8.38e-188	528
EABAIN_04530	EIKFFD_00920	50.1	437	215	2	2	435	4	440	4.35e-147	425
EABAIN_04530	CJHCCN_08880	49.0	437	220	2	2	435	4	440	4.50e-147	425
EABAIN_04530	LBKFJK_05305	46.5	439	231	1	1	435	1	439	2.23e-144	418
EABAIN_04530	CDIIGJ_02310	45.5	435	233	2	2	435	4	435	8.16e-136	396
EABAIN_04530	FGEEDJ_05250	31.6	434	290	3	2	428	3	436	1.12e-67	221
EABAIN_04530	CNLKLD_08285	46.3	218	115	1	218	435	1	216	4.91e-62	199
EABAIN_04530	CNLKLD_08290	47.2	163	86	0	51	213	1	163	5.75e-46	156
EABAIN_04535	AAKGEC_07545	99.7	305	1	0	1	305	1	305	1.45e-216	590
EABAIN_04535	LBKFJK_08540	54.2	277	124	2	2	278	3	276	1.76e-103	303
EABAIN_04535	BNBIEO_02790	57.8	249	105	0	2	250	3	251	3.45e-102	300
EABAIN_04535	IAFHMK_08490	56.6	258	110	1	2	257	3	260	4.53e-101	297
EABAIN_04535	JAFLJO_05055	50.2	299	140	2	2	300	3	292	1.15e-97	289
EABAIN_04535	CNLKLD_04950	51.7	294	134	5	2	290	4	294	7.41e-93	277
EABAIN_04535	DDDLLA_03435	50.0	278	128	1	1	267	4	281	1.02e-88	267
EABAIN_04535	CJHCCN_05470	41.6	281	156	3	1	280	1	274	2.21e-72	227
EABAIN_04535	DNKGCI_00740	42.9	233	132	1	1	233	5	236	5.06e-67	213
EABAIN_04535	ABJDJH_10240	41.6	238	135	2	1	238	4	237	5.62e-58	190
EABAIN_04535	LGJCEJ_06495	41.6	243	133	4	21	259	48	285	1.94e-56	187
EABAIN_04535	BGHOFK_03950	40.4	240	137	3	1	238	38	273	2.82e-53	180
EABAIN_04535	BPDDPD_09330	34.0	235	149	3	1	235	1	229	6.01e-47	157
EABAIN_04535	AAKGEC_12175	39.9	238	137	4	1	235	5	239	8.01e-47	157
EABAIN_04535	HNNKEJ_12195	36.1	252	156	4	1	250	1	249	2.55e-46	159
EABAIN_04535	CNLKLD_01840	37.2	239	140	5	2	238	7	237	1.37e-45	154
EABAIN_04535	GNOKMM_04940	38.4	237	141	4	1	235	1	234	2.86e-45	156
EABAIN_04535	AAKGEC_00645	36.0	253	148	3	12	254	16	264	2.40e-44	154
EABAIN_04540	IAFHMK_08485	77.8	500	110	1	1	500	1	499	2.74e-266	733
EABAIN_04540	DDDLLA_03430	51.2	518	230	8	1	500	24	536	6.21e-157	456
EABAIN_04540	CNLKLD_04955	50.4	512	242	6	1	500	1	512	9.61e-153	445
EABAIN_04540	DNKGCI_00735	48.9	182	93	0	21	202	18	199	3.84e-45	157
EABAIN_04540	DNKGCI_00730	35.4	277	164	6	229	496	26	296	6.84e-44	156
EABAIN_04545	JMOLFK_04215	78.5	708	96	5	1	683	1	677	0.0	951
EABAIN_04545	HMEOOC_02380	86.5	371	50	0	262	632	1	371	8.80e-231	655
EABAIN_04545	CEHFAN_06115	86.3	335	46	0	284	618	1	335	1.02e-206	595
EABAIN_04545	KKICCD_07885	99.7	294	1	0	458	751	1	294	2.04e-206	584
EABAIN_04545	CEHFAN_13105	86.7	323	36	2	364	684	1	318	5.33e-188	543
EABAIN_04545	BEGLKA_10855	63.8	439	137	7	364	792	1	427	8.81e-176	511
EABAIN_04545	CEPOIM_12730	81.2	234	32	2	458	683	1	230	1.28e-119	364
EABAIN_04545	ABJDJH_11265	43.2	525	260	7	1	506	1	506	2.71e-111	364
EABAIN_04545	HEBBGL_05150	53.4	373	164	6	192	561	196	561	3.51e-108	354
EABAIN_04545	CEPOIM_06645	56.1	337	126	7	466	792	3	327	6.33e-106	327
EABAIN_04545	OAEMLE_06945	41.4	577	254	9	1	536	1	534	3.39e-105	347
EABAIN_04545	BBKIGO_04155	84.4	192	27	1	587	778	1	189	2.25e-94	292
EABAIN_04545	IMIFJE_06555	73.4	199	7	1	213	365	1	199	4.23e-86	271
EABAIN_04545	CLAPNJ_03160	70.2	188	53	1	496	683	3	187	3.99e-78	253
EABAIN_04545	ABIMCM_11740	63.6	275	75	2	29	299	1	254	8.04e-73	240
EABAIN_04545	OAEMLE_03010	73.6	174	34	3	515	682	10	177	1.68e-71	233
EABAIN_04545	MAHILF_07660	94.3	87	5	0	403	489	1	87	6.13e-50	170
EABAIN_04545	CHBPFB_07955	98.8	86	1	0	1	86	1	86	3.18e-45	157
EABAIN_04545	EPFKBN_04480	68.5	127	37	1	557	683	1	124	3.79e-44	158
EABAIN_04545	BFGFFC_07845	48.7	199	93	4	340	536	3	194	7.79e-44	169
EABAIN_04545	DIBOGN_10890	47.2	254	100	10	557	792	1	238	2.45e-43	156
EABAIN_04545	MJPEDB_01415	43.4	212	103	5	359	561	94	297	1.59e-39	156
EABAIN_04550	AAKGEC_07525	94.6	184	10	0	1	184	1	184	1.10e-119	335
EABAIN_04550	ABJDJH_11615	63.7	182	64	1	4	183	12	193	1.93e-71	214
EABAIN_04555	AAKGEC_07520	97.1	138	4	0	1	138	1	138	1.73e-87	250
EABAIN_04560	BNPKDP_04650	82.1	179	16	1	1	163	1	179	1.59e-94	271
EABAIN_04565	AAKGEC_07510	98.4	125	2	0	1	125	1	125	3.95e-80	231
EABAIN_04570	ABJDJH_11615	91.9	185	15	0	1	185	9	193	6.86e-114	321
EABAIN_04570	AAKGEC_07525	63.2	185	66	1	1	185	1	183	3.69e-72	215
EABAIN_04575	PFILNK_05065	85.0	695	55	2	1	695	1	646	0.0	1052
EABAIN_04575	BGHOFK_01420	76.0	629	151	0	62	690	47	675	0.0	911
EABAIN_04575	APEJKH_07335	74.8	634	158	2	62	695	69	700	0.0	888
EABAIN_04575	LDJGMM_06975	70.6	635	180	4	65	694	42	674	1.55e-296	825
EABAIN_04575	FMNMPI_04050	44.9	644	329	14	64	695	71	700	4.95e-158	472
EABAIN_04575	LBKFJK_08485	34.3	642	402	10	63	694	4	635	1.37e-106	337
EABAIN_04575	ACIHME_07560	34.8	640	396	11	63	688	3	635	1.94e-102	327
EABAIN_04575	DNKGCI_09585	34.5	644	399	13	63	694	3	635	3.36e-102	325
EABAIN_04575	OFBCLB_07720	34.3	609	386	8	92	692	34	636	6.10e-102	325
EABAIN_04575	FFPGDJ_00115	33.9	616	383	14	98	694	207	817	3.39e-90	298
EABAIN_04575	BGHOFK_01575	33.3	619	372	12	91	694	120	712	4.03e-86	285
EABAIN_04575	IAFHMK_00280	32.0	644	390	16	69	694	102	715	3.65e-76	258
EABAIN_04575	AGDPFD_04350	31.5	615	361	17	71	665	15	589	7.30e-70	239
EABAIN_04575	ABIMCM_02075	32.1	548	339	14	162	695	92	620	1.20e-68	236
EABAIN_04575	DIBOGN_04755	31.2	554	340	13	97	641	40	561	4.28e-67	231
EABAIN_04575	EIKFFD_03600	32.9	544	331	14	162	690	85	609	1.09e-66	230
EABAIN_04575	ELFOBA_00945	76.7	150	35	0	545	694	96	245	3.29e-65	215
EABAIN_04575	HNNKEJ_00865	30.0	616	371	20	95	693	38	610	6.36e-64	223
EABAIN_04575	BGHOFK_08910	34.3	505	301	12	153	641	79	568	8.15e-64	223
EABAIN_04575	BGCJLL_07025	30.6	506	324	13	162	652	85	578	2.64e-63	221
EABAIN_04575	BGCJLL_06690	33.4	533	316	17	158	674	76	585	2.16e-59	210
EABAIN_04575	HNNKEJ_05785	31.9	480	281	12	91	541	121	583	6.39e-53	192
EABAIN_04580	DKIIMI_04455	84.5	504	77	1	1	504	8	510	4.01e-197	578
EABAIN_04580	DMIHID_10625	64.2	517	162	5	1	496	8	522	1.90e-154	468
EABAIN_04590	DNKGCI_06480	80.4	276	53	1	14	288	1	276	5.78e-155	433
EABAIN_04590	IAFHMK_00205	71.9	281	79	0	11	291	4	284	1.93e-139	394
EABAIN_04590	CNLKLD_06345	66.9	278	89	1	11	288	1	275	1.75e-129	369
EABAIN_04595	AEMMAL_03545	76.3	417	99	0	1	417	13	429	4.50e-231	637
EABAIN_04595	CNLKLD_06330	73.8	412	108	0	1	412	1	412	2.01e-215	597
EABAIN_04595	IAFHMK_00195	61.5	418	160	1	1	417	1	418	1.22e-178	504
EABAIN_04595	BGLHJG_00795	54.8	440	175	2	1	416	1	440	2.20e-155	446
EABAIN_04595	NHHNJB_11720	99.5	221	1	0	197	417	1	221	1.15e-147	417
EABAIN_04605	AAKGEC_07475	97.1	385	11	0	1	385	1	385	1.69e-269	731
EABAIN_04605	FIHDIM_08330	73.0	378	102	0	1	378	1	378	1.46e-197	549
EABAIN_04605	LBKFJK_08400	67.7	378	122	0	1	378	1	378	3.90e-181	507
EABAIN_04605	DNKGCI_08480	64.0	378	136	0	1	378	1	378	3.67e-170	479
EABAIN_04605	OFBCLB_04675	61.7	376	144	0	1	376	1	376	5.46e-162	459
EABAIN_04605	ABNNBP_09315	71.9	160	45	0	221	380	1	160	6.88e-79	239
EABAIN_04605	EPOEKF_01330	35.2	383	224	8	2	384	3	361	5.81e-58	192
EABAIN_04605	DDKKPM_02805	33.4	383	243	8	4	378	2	380	1.91e-57	191
EABAIN_04605	HNNKEJ_05580	33.0	379	219	8	4	382	2	345	2.35e-52	177
EABAIN_04605	CNLKLD_06320	29.8	373	226	7	4	374	2	340	8.57e-47	162
EABAIN_04610	LLNOII_01735	98.6	285	4	0	1	285	26	310	1.45e-196	539
EABAIN_04610	HNNKEJ_05560	72.6	285	78	0	1	285	1	285	4.32e-146	410
EABAIN_04610	BGHOFK_01395	71.6	285	81	0	1	285	4	288	6.96e-144	405
EABAIN_04610	IAFHMK_00045	68.8	279	87	0	7	285	10	288	1.85e-136	386
EABAIN_04610	DNKGCI_06525	66.0	282	96	0	1	282	1	282	3.69e-133	378
EABAIN_04610	OFBCLB_01615	66.8	283	94	0	1	283	1	283	8.61e-132	374
EABAIN_04610	AANGNE_02920	64.2	285	100	1	1	285	1	283	1.37e-125	358
EABAIN_04610	CNLKLD_01575	64.8	284	97	1	1	284	3	283	1.39e-123	353
EABAIN_04615	EPKBNI_04470	100	263	0	0	1	263	1	263	1.42e-185	509
EABAIN_04620	CLAPNJ_07735	100	146	0	0	1	146	1	146	1.68e-99	281
EABAIN_04620	HNNKEJ_05540	73.1	145	39	0	1	145	1	145	4.75e-69	204
EABAIN_04620	DDDLLA_09605	58.2	146	60	1	1	145	1	146	8.04e-54	166
EABAIN_04620	LBKFJK_02695	56.8	146	62	1	1	145	1	146	5.36e-52	161
EABAIN_04620	IAFHMK_00030	57.4	148	62	1	1	147	1	148	2.17e-51	160
EABAIN_04620	DNKGCI_06535	56.2	146	63	1	1	145	1	146	1.44e-49	155
EABAIN_04625	KEMHDF_04620	99.5	554	3	0	1	554	1	554	0.0	1018
EABAIN_04625	CNLKLD_01590	70.1	555	163	2	1	555	1	552	8.14e-265	733
EABAIN_04630	BMNCPF_13375	98.9	187	2	0	1	187	1	187	6.99e-124	347
EABAIN_04630	AGHDIE_10895	59.1	186	76	0	1	186	1	186	1.66e-70	211
EABAIN_04635	AAKGEC_07445	99.4	173	1	0	1	173	1	173	2.37e-120	336
EABAIN_04635	ABCLFC_05150	73.4	173	46	0	1	173	1	173	3.91e-94	270
EABAIN_04635	CDIIGJ_03050	57.8	173	73	0	1	173	1	173	1.08e-70	211
EABAIN_04635	CMMBIF_04105	58.9	175	70	1	1	173	1	175	1.34e-69	208
EABAIN_04635	HNNKEJ_05530	54.9	173	78	0	1	173	1	173	1.38e-66	200
EABAIN_04635	DDDLLA_09615	48.6	173	89	0	1	173	1	173	9.63e-55	170
EABAIN_04635	LBKFJK_02705	48.6	173	89	0	1	173	1	173	1.94e-54	169
EABAIN_04635	DNKGCI_06545	46.8	173	92	0	1	173	1	173	2.75e-54	169
EABAIN_04640	AJCMKJ_05155	97.4	308	8	0	1	308	1	308	1.79e-196	540
EABAIN_04640	GGBAMG_11060	55.7	309	137	0	1	309	1	309	1.02e-115	336
EABAIN_04640	HNNKEJ_05525	40.0	315	184	2	1	312	1	313	3.71e-68	214
EABAIN_04640	CDIIGJ_03045	39.0	315	188	2	1	312	1	314	4.81e-66	209
EABAIN_04640	CMMBIF_04100	36.9	279	173	2	1	279	1	276	4.29e-51	170
EABAIN_04640	IAFHMK_00015	35.1	313	198	4	1	310	1	311	1.64e-45	156
EABAIN_04645	AANGNE_02990	90.0	311	31	0	7	317	13	323	3.07e-198	545
EABAIN_04650	MHGLEN_09670	94.4	126	7	0	1	126	1	126	1.36e-74	217
EABAIN_04650	IAFHMK_05510	71.4	126	36	0	1	126	1	126	2.08e-55	168
EABAIN_04655	HNNKEJ_05510	76.5	762	178	1	1	762	1	761	0.0	1151
EABAIN_04655	ABJDJH_12775	69.8	767	228	2	1	763	1	767	0.0	1065
EABAIN_04655	IAFHMK_05505	67.9	764	242	3	1	762	1	763	0.0	1013
EABAIN_04655	DNKGCI_06565	60.6	774	287	10	1	763	1	767	2.57e-315	879
EABAIN_04655	CNLKLD_02065	59.1	762	308	3	1	761	1	759	4.02e-315	878
EABAIN_04655	AANGNE_03000	58.9	761	304	6	7	761	6	763	7.10e-312	870
EABAIN_04655	JLGDBK_01135	99.3	144	1	0	620	763	1	144	1.57e-88	274
EABAIN_04660	AAKGEC_07420	100	329	0	0	1	329	1	329	3.08e-230	627
EABAIN_04660	DDDLLA_09640	71.9	345	78	3	1	327	1	344	1.43e-170	477
EABAIN_04660	AANGNE_03005	72.3	328	90	1	1	327	1	328	1.54e-168	471
EABAIN_04660	CNLKLD_02070	67.5	351	91	2	1	328	1	351	1.19e-163	459
EABAIN_04670	BGHOFK_01340	81.9	509	87	4	1	506	1	507	5.28e-232	646
EABAIN_04670	IAFHMK_05490	68.8	507	147	4	1	506	1	497	2.20e-182	520
EABAIN_04670	JAFLJO_07050	62.0	516	168	6	1	506	1	498	2.35e-164	474
EABAIN_04670	EIKFFD_09250	56.3	515	204	8	1	506	1	503	4.85e-152	443
EABAIN_04670	JAFLJO_07030	67.6	457	132	5	63	506	1	454	1.00e-149	435
EABAIN_04670	CKLNFN_01970	53.2	515	213	8	1	506	1	496	1.71e-134	398
EABAIN_04670	OBEKJK_00895	43.6	385	193	6	1	377	1	369	2.21e-75	245
EABAIN_04670	DDKKPM_03620	38.7	419	219	7	1	409	1	391	9.24e-64	213
EABAIN_04675	FGPNLL_05100	93.2	220	15	0	1	220	1	220	4.89e-141	393
EABAIN_04675	EIKFFD_09605	56.3	213	93	0	3	215	2	214	1.77e-82	244
EABAIN_04675	OBEKJK_00890	52.6	213	100	1	3	214	2	214	4.52e-71	215
EABAIN_04675	DDLDKC_00505	55.3	190	85	0	27	216	12	201	1.78e-69	211
EABAIN_04675	HNAFAL_12690	44.8	223	118	2	1	218	5	227	9.64e-57	179
EABAIN_04675	OBEKJK_03075	46.2	223	114	3	1	217	5	227	1.60e-55	176
EABAIN_04675	NGAPDN_13740	45.0	220	114	5	3	215	5	224	2.28e-52	168
EABAIN_04680	AAKGEC_07400	99.7	291	1	0	1	291	1	291	6.84e-208	567
EABAIN_04680	BGHOFK_00085	46.6	292	152	1	3	290	1	292	1.52e-86	260
EABAIN_04680	OFBCLB_08830	45.9	292	154	1	3	290	1	292	3.39e-84	254
EABAIN_04680	DMLIFG_07875	47.8	228	116	1	3	227	1	228	1.84e-65	204
EABAIN_04680	DCLJAL_02880	47.1	172	86	2	3	169	1	172	9.57e-45	150
EABAIN_04685	BGHOFK_01330	91.5	223	19	0	2	224	3	225	4.49e-148	410
EABAIN_04685	CNLKLD_02090	67.8	211	68	0	6	216	6	216	9.15e-103	296
EABAIN_04690	CKLNFN_03530	87.5	112	14	0	1	112	3	114	4.33e-66	194
EABAIN_04695	ADJCAM_11235	99.2	376	3	0	1	376	1	376	1.51e-272	738
EABAIN_04695	BBNKOH_03370	56.6	376	163	0	1	376	1	376	1.49e-151	432
EABAIN_04695	AFCONC_04775	54.0	376	173	0	1	376	1	376	5.05e-140	402
EABAIN_04695	AGHDIE_04610	53.1	367	172	0	10	376	15	381	2.26e-137	396
EABAIN_04695	ELFOBA_02885	52.4	370	173	1	10	376	15	384	2.88e-131	380
EABAIN_04695	AAKGEC_02095	33.2	379	232	8	1	367	1	370	1.40e-52	178
EABAIN_04695	DNKGCI_01240	33.2	385	216	10	1	369	1	360	2.37e-51	175
EABAIN_04695	AGHDIE_01570	31.5	391	228	11	1	376	1	366	1.35e-50	173
EABAIN_04695	DDDLLA_11065	33.9	389	231	12	1	374	1	378	4.58e-50	172
EABAIN_04695	BEGLKA_11265	34.9	378	222	10	1	364	1	368	8.98e-50	171
EABAIN_04695	AGINCK_04610	32.8	393	229	9	1	373	1	378	9.20e-50	171
EABAIN_04695	BOCCFK_04030	32.4	392	237	12	1	376	1	380	4.84e-49	169
EABAIN_04695	BOCCFK_11655	34.4	381	222	10	1	366	1	368	3.73e-48	167
EABAIN_04695	BGCJLL_07260	30.9	395	232	12	1	376	1	373	9.32e-48	166
EABAIN_04695	OFBCLB_02205	32.7	391	230	11	1	373	1	376	2.73e-47	164
EABAIN_04695	AEFDGK_03675	31.9	398	220	13	1	376	1	369	1.79e-46	162
EABAIN_04695	ACNHAK_02030	32.8	384	222	11	1	367	1	365	1.36e-44	157
EABAIN_04695	KJJMGA_08575	30.6	382	244	9	1	376	1	367	1.27e-43	154
EABAIN_04700	EHKLLF_12025	93.5	92	6	0	1	92	1	92	1.06e-52	172
EABAIN_04700	PODEMB_07200	59.5	294	56	1	1	294	1	231	2.86e-47	157
EABAIN_04705	NKPHMN_05750	68.7	195	60	1	1	195	1	194	1.56e-92	268
EABAIN_04705	ACPHPF_03330	62.4	194	51	2	1	194	1	172	5.69e-81	238
EABAIN_04705	ABIMCM_01455	54.1	148	68	0	47	194	46	193	8.25e-54	169
EABAIN_04710	COOGCK_05555	82.2	180	27	2	1	177	1	178	5.06e-95	273
EABAIN_04710	FMFGKO_06655	64.6	178	54	2	1	176	1	171	1.72e-68	205
EABAIN_04710	PJCKBK_09080	67.8	171	47	2	1	170	1	164	1.85e-66	200
EABAIN_04710	BAFDFF_03035	90.1	121	12	0	1	121	1	121	2.24e-65	201
EABAIN_04710	DFHPHM_08360	94.0	117	7	0	1	117	1	117	3.05e-65	201
EABAIN_04710	CEHFAN_00050	52.9	174	79	1	7	177	10	183	2.02e-55	172
EABAIN_04710	LCPCCG_00790	70.8	137	39	1	1	136	1	137	2.65e-52	167
EABAIN_04710	ACIHME_01735	58.4	173	65	2	14	179	6	178	3.73e-52	164
EABAIN_04710	FMBOCI_08625	55.6	178	64	3	16	179	16	192	2.31e-51	162
EABAIN_04710	AIKIDN_11695	52.4	168	79	1	11	177	16	183	2.86e-50	159
EABAIN_04710	AJCMKJ_07295	91.7	96	8	0	84	179	58	153	3.23e-50	158
EABAIN_04710	AJCMKJ_12205	55.6	171	74	2	9	177	14	184	4.17e-50	159
EABAIN_04710	HPKJMF_08105	55.0	169	73	3	12	179	10	176	4.94e-47	151
EABAIN_04710	AAKGEC_12045	46.2	182	91	1	5	179	10	191	1.55e-46	150
EABAIN_04720	CBIMAL_04720	100	224	0	0	1	224	1	224	8.24e-162	445
EABAIN_04720	BJLDLK_09775	70.6	221	64	1	1	221	1	220	3.06e-111	317
EABAIN_04720	MJMKOD_04035	68.4	228	66	2	2	224	5	231	6.32e-108	309
EABAIN_04720	HCCFCF_07670	44.1	213	111	4	5	209	4	216	9.23e-53	169
EABAIN_04730	CBIMAL_04730	100	240	0	0	1	240	1	240	4.78e-178	488
EABAIN_04730	AGHDIE_07615	68.5	238	73	1	1	236	1	238	9.83e-119	338
EABAIN_04730	EHKLLF_05625	62.3	236	88	1	1	235	1	236	3.68e-108	311
EABAIN_04730	FGFHJG_06940	58.0	243	99	1	1	240	1	243	1.93e-100	291
EABAIN_04730	ACIHME_01725	90.8	142	13	0	99	240	97	238	8.97e-90	264
EABAIN_04730	BMHNLI_09005	58.7	218	81	2	30	238	18	235	1.35e-81	243
EABAIN_04730	BCFLNJ_08405	52.9	244	106	4	1	240	1	239	1.21e-78	236
EABAIN_04730	FPMMJC_06080	44.8	230	121	2	12	235	5	234	1.19e-64	200
EABAIN_04730	AOJAFJ_08550	44.4	241	127	3	1	236	1	239	5.24e-64	199
EABAIN_04730	CLEGAA_12495	43.6	241	121	4	1	235	1	232	2.35e-61	192
EABAIN_04730	JMBAEF_04335	36.8	234	134	3	10	238	12	236	8.78e-46	152
EABAIN_04730	APEJKH_05295	50.3	143	70	1	99	240	94	236	4.92e-45	150
EABAIN_04740	ACIHME_01715	98.8	83	1	0	1	83	1	83	9.50e-57	168
EABAIN_04760	GNPDOB_10985	93.1	144	9	1	1	144	1	143	1.39e-94	269
EABAIN_04760	BGLHJG_07695	72.2	151	34	3	1	144	1	150	1.03e-68	204
EABAIN_04760	CNLKLD_04595	67.9	165	31	4	1	144	1	164	2.35e-67	201
EABAIN_04760	BAOMEA_06055	71.9	153	33	4	1	144	1	152	5.29e-66	197
EABAIN_04760	ABJDJH_09900	63.4	161	40	3	2	144	1	160	4.37e-62	187
EABAIN_04760	OFBCLB_02830	65.5	145	48	2	1	144	1	144	5.26e-62	186
EABAIN_04760	CLEGAA_04795	84.1	107	16	1	1	107	1	106	5.61e-62	186
EABAIN_04760	FDLGOJ_03220	69.4	144	41	3	1	144	5	145	6.31e-61	184
EABAIN_04760	KPGHOL_10310	61.9	160	42	4	1	144	1	157	5.35e-60	182
EABAIN_04760	ALHAGD_09820	81.3	107	19	1	1	107	1	106	9.95e-59	179
EABAIN_04760	LBDMAD_12625	78.2	110	23	1	1	110	1	109	4.13e-56	173
EABAIN_04760	HNNKEJ_01600	75.7	107	25	1	1	107	1	106	3.88e-54	167
EABAIN_04760	NGAPDN_14150	56.2	162	52	3	1	144	1	161	4.20e-53	164
EABAIN_04765	BMHNLI_09040	97.2	286	4	1	1	282	1	286	5.52e-167	463
EABAIN_04765	DACDBD_10175	40.6	239	111	3	6	244	3	210	2.85e-48	161
EABAIN_04765	AKPIPJ_00995	67.0	109	36	0	6	114	5	113	3.97e-45	152
EABAIN_04770	ADJCAM_11175	84.0	131	21	0	1	131	1	131	2.59e-79	229
EABAIN_04780	ANFPEE_10995	91.7	169	14	0	1	169	1	169	2.37e-109	308
EABAIN_04780	ADJCAM_11170	68.0	169	54	0	1	169	1	169	5.74e-78	229
EABAIN_04780	EHKLLF_12100	93.0	128	9	0	1	128	1	128	4.29e-77	228
EABAIN_04785	CBIMAL_04785	100	105	0	0	1	105	1	105	1.28e-71	207
EABAIN_04785	HPKJMF_08175	87.6	97	12	0	1	97	1	97	5.00e-54	169
EABAIN_04790	CBIMAL_04790	100	186	0	0	1	186	1	186	1.07e-136	379
EABAIN_04790	NNPKJK_04225	69.4	193	51	2	1	186	1	192	9.46e-87	253
EABAIN_04790	PEPBIK_05745	60.1	198	64	5	1	186	1	195	3.04e-64	196
EABAIN_04790	MMOLKF_08435	60.8	189	68	4	1	186	1	186	1.23e-61	189
EABAIN_04790	LMHNOH_03710	51.8	218	64	6	1	186	1	209	4.75e-59	183
EABAIN_04790	OFBCLB_08005	53.3	210	73	3	1	186	1	209	1.16e-57	179
EABAIN_04790	OECBDL_01785	71.1	135	35	2	51	185	67	197	2.29e-57	178
EABAIN_04790	PFCLJG_04655	68.1	144	35	3	49	186	67	205	5.88e-57	177
EABAIN_04790	PCEMBB_02825	64.8	142	38	2	52	186	73	209	2.52e-56	176
EABAIN_04790	CPFDGH_11200	55.8	197	68	3	1	186	1	189	5.50e-56	174
EABAIN_04790	NNPKJK_03725	67.4	141	38	2	53	186	83	222	7.97e-56	175
EABAIN_04790	BLOIDM_02850	63.4	153	46	2	42	185	42	193	1.29e-55	174
EABAIN_04790	AIPJBK_06085	69.5	128	37	1	59	186	38	163	1.13e-54	170
EABAIN_04790	OPPHHN_12130	65.2	141	42	1	53	186	96	236	2.77e-54	172
EABAIN_04790	DCAANM_04945	71.5	130	35	2	58	186	43	171	5.89e-54	169
EABAIN_04790	NGDFHG_02850	61.9	147	48	2	46	185	76	221	2.79e-53	169
EABAIN_04790	IDJNJP_08390	68.7	134	36	3	59	186	81	214	8.84e-53	167
EABAIN_04790	BHKCDL_09195	50.0	202	84	4	1	186	1	201	1.27e-52	166
EABAIN_04790	BEJELC_02820	64.1	145	38	5	51	186	70	209	3.72e-51	163
EABAIN_04790	NCNHMD_06795	61.3	155	46	5	44	186	99	251	9.48e-50	160
EABAIN_04790	MMOLKF_12895	64.6	130	43	3	59	186	38	166	1.52e-48	155
EABAIN_04790	ANFPEE_11510	48.7	195	89	6	1	185	1	194	1.82e-48	155
EABAIN_04790	OMGJCD_02155	48.7	191	90	4	1	186	1	188	5.94e-48	154
EABAIN_04790	ALHAGD_05415	55.7	174	57	5	10	174	46	208	4.42e-47	153
EABAIN_04790	KKACAP_13130	55.8	181	70	7	1	174	1	178	5.24e-47	152
EABAIN_04795	AJONOJ_07245	64.8	165	7	1	1	114	1	165	5.95e-67	198
EABAIN_04795	DHCEMN_11640	93.9	82	5	0	33	114	47	128	4.18e-50	154
EABAIN_04800	CBIMAL_04800	100	132	0	0	1	132	1	132	1.84e-95	270
EABAIN_04800	DFPFAH_09245	66.7	141	25	4	1	132	1	128	9.83e-56	169
EABAIN_04800	ALBBCB_01755	65.1	146	30	4	1	132	1	139	1.48e-55	169
EABAIN_04800	OMGJCD_04315	68.2	132	33	2	1	132	1	123	4.84e-55	167
EABAIN_04800	FIHDIM_10110	63.6	143	37	3	1	132	1	139	1.62e-54	167
EABAIN_04800	IIEPLP_04800	67.7	133	37	2	1	132	1	128	3.48e-54	166
EABAIN_04800	LBLLFD_03635	87.5	80	10	0	1	80	1	80	4.91e-48	150
EABAIN_04800	FMBOCI_10285	79.3	92	19	0	1	92	1	92	6.15e-48	150
EABAIN_04820	AOPEMA_10185	94.4	90	5	0	1	90	1	90	1.02e-61	181
EABAIN_04830	AAKGEC_08675	97.0	99	3	0	1	99	1	99	2.57e-66	194
EABAIN_04835	ADJCAM_11105	76.1	197	47	0	1	197	1	197	3.58e-97	280
EABAIN_04835	ABIMCM_00930	74.1	197	51	0	1	197	1	197	1.97e-94	273
EABAIN_04835	IAFHMK_06555	65.7	198	66	1	1	196	1	198	3.01e-82	242
EABAIN_04835	ADJCAM_01710	61.9	197	75	0	1	197	1	197	2.85e-75	224
EABAIN_04835	AFCONC_04345	60.9	197	76	1	1	196	1	197	4.18e-75	224
EABAIN_04840	DFCDFN_06975	79.4	577	118	1	1	577	1	576	0.0	934
EABAIN_04840	DBFGIH_04540	69.3	579	174	3	1	577	2	578	3.87e-299	822
EABAIN_04850	ACIHME_05525	97.2	397	11	0	1	397	29	425	2.77e-281	763
EABAIN_04850	ADJCAM_01700	71.8	397	111	1	1	397	1	396	5.05e-210	582
EABAIN_04850	OFBCLB_05785	68.8	397	124	0	1	397	1	397	2.87e-207	575
EABAIN_04850	LBKFJK_02810	65.7	397	136	0	1	397	1	397	9.48e-199	553
EABAIN_04850	IAFHMK_06565	60.5	395	153	1	1	395	1	392	5.41e-176	495
EABAIN_04850	ANFPEE_10905	30.3	360	223	8	33	387	26	362	1.63e-45	160
EABAIN_04855	ABIMCM_00945	99.3	272	2	0	1	272	1	272	5.48e-184	505
EABAIN_04855	AGINCK_07165	48.5	272	130	3	1	272	1	262	7.37e-70	216
EABAIN_04855	AKOOIJ_09615	47.3	277	128	5	1	272	1	264	1.79e-68	212
EABAIN_04855	BPFCDP_07160	41.5	272	145	4	1	272	1	258	2.54e-61	194
EABAIN_04855	IAFHMK_06570	37.8	294	153	4	1	271	1	287	8.23e-52	170
EABAIN_04860	ABIMCM_00950	93.2	381	26	0	1	381	1	381	4.74e-258	702
EABAIN_04860	ADJCAM_11085	61.4	381	134	3	1	377	1	372	1.68e-158	449
EABAIN_04860	AAKGEC_08700	57.8	384	149	3	1	379	1	376	3.80e-146	418
EABAIN_04860	AGFMFG_01210	50.5	370	164	8	6	367	12	370	2.28e-109	325
EABAIN_04860	AJCMKJ_06765	48.2	380	178	8	5	376	11	379	2.74e-109	325
EABAIN_04870	AAKGEC_08710	81.6	98	18	0	1	98	1	98	8.54e-52	157
EABAIN_04875	AAKGEC_08715	81.3	128	24	0	1	128	1	128	4.18e-72	211
EABAIN_04875	IAFHMK_06590	69.0	126	39	0	1	126	1	126	1.01e-58	177
EABAIN_04880	AAKGEC_08720	85.1	134	20	0	1	134	1	134	2.02e-75	219
EABAIN_04880	IAFHMK_06595	71.6	134	38	0	1	134	1	134	6.03e-61	183
EABAIN_04885	ACIHME_05560	99.2	129	1	0	1	129	1	129	1.53e-88	252
EABAIN_04885	ABIMCM_00975	63.6	129	47	0	1	129	1	129	3.66e-55	168
EABAIN_04885	ADJCAM_04405	62.8	129	48	0	1	129	1	129	7.39e-55	167
EABAIN_04885	BGHOFK_09920	65.1	129	45	0	1	129	1	129	3.49e-53	163
EABAIN_04885	LBKFJK_02850	63.6	129	47	0	1	129	1	129	1.42e-52	161
EABAIN_04885	IAFHMK_06600	60.5	129	51	0	1	129	1	129	1.57e-49	154
EABAIN_04890	EEGLMF_08365	90.6	192	18	0	1	192	1	192	2.09e-124	348
EABAIN_04890	IAFHMK_06605	67.0	188	62	0	1	188	1	188	1.73e-86	253
EABAIN_04890	GMJOLA_00160	58.9	185	76	0	4	188	3	187	8.12e-77	228
EABAIN_04890	AGFMFG_01185	59.5	185	72	1	4	188	3	184	7.31e-75	224
EABAIN_04890	AJCMKJ_06740	54.7	190	84	2	1	189	1	189	1.89e-66	201
EABAIN_04890	EMELHB_00335	51.2	172	84	0	6	177	5	176	1.84e-59	184
EABAIN_04895	AAKGEC_08735	77.0	100	23	0	1	100	1	100	4.55e-52	158
EABAIN_04895	ADJCAM_04395	74.0	100	26	0	1	100	1	100	2.63e-51	156
EABAIN_04900	AMNNAF_06570	94.7	187	10	0	1	187	1	187	2.71e-126	352
EABAIN_04905	BPHPFJ_09270	87.9	1360	164	1	1	1359	1	1360	0.0	1810
EABAIN_04905	AMNNAF_06575	66.3	1366	388	3	1	1362	1	1297	0.0	1395
EABAIN_04905	BGCJLL_02675	58.3	1384	353	11	1	1359	1	1185	0.0	1277
EABAIN_04905	ENIHOO_04440	61.7	1367	475	6	1	1362	1	1323	0.0	1209
EABAIN_04905	EMELHB_00315	63.0	1378	416	12	1	1361	1	1301	0.0	1208
EABAIN_04905	ADJCAM_04390	59.8	1368	526	6	1	1362	1	1350	0.0	1122
EABAIN_04905	LBKFJK_02870	46.6	1362	534	9	1	1353	1	1178	0.0	1005
EABAIN_04905	OFBCLB_05840	55.2	1358	555	6	1	1353	1	1310	0.0	996
EABAIN_04905	DGJKMP_06350	49.7	1321	489	12	1	1304	1	1162	1.45e-313	913
EABAIN_04905	IAFHMK_06620	43.4	1340	556	13	1	1324	1	1154	1.43e-304	889
EABAIN_04905	BOCCFK_03800	54.9	1325	567	7	1	1310	1	1310	2.09e-303	892
EABAIN_04905	DBFGIH_04480	50.3	1327	599	12	1	1310	1	1284	4.75e-277	823
EABAIN_04905	ADJCAM_11030	66.8	761	128	5	630	1362	1	664	1.50e-243	713
EABAIN_04905	EPKBNI_10980	78.0	550	101	5	817	1362	1	534	4.89e-124	395
EABAIN_04905	AJONOJ_03125	61.3	168	64	1	1193	1359	176	343	1.24e-59	208
EABAIN_04905	EEJBJI_02600	30.4	477	299	10	23	471	128	599	3.23e-49	192
EABAIN_04905	GHPLOC_02575	33.3	357	219	8	131	473	258	609	1.78e-46	183
EABAIN_04905	EGCGDA_04265	27.2	393	267	4	119	510	28	402	2.15e-37	152
EABAIN_04905	BGCJLL_03800	29.1	374	244	5	139	510	48	402	6.44e-37	151
EABAIN_04910	AIPJBK_09120	83.8	513	73	4	4	508	2	512	9.74e-314	853
EABAIN_04910	EEJBJI_02615	69.5	512	145	4	7	508	5	515	1.42e-260	719
EABAIN_04910	ELFOBA_02675	63.8	495	168	3	21	508	18	508	5.90e-232	646
EABAIN_04910	NJGMDJ_12030	57.5	473	192	4	42	508	39	508	2.27e-190	541
EABAIN_04910	FHJCCB_12135	83.7	252	39	1	1	250	1	252	1.59e-135	399
EABAIN_04910	NBKJHM_05195	39.8	512	294	9	5	508	1	506	5.39e-113	343
EABAIN_04910	HCCFCF_12220	40.7	518	287	12	1	508	1	508	1.61e-112	342
EABAIN_04910	ANIMCG_05050	37.6	521	297	15	6	508	4	514	1.50e-98	306
EABAIN_04910	LBKFJK_02875	36.6	514	309	9	1	508	1	503	2.18e-98	305
EABAIN_04910	CIJHDH_10030	36.7	518	305	15	6	508	4	513	3.63e-92	290
EABAIN_04910	BPHPFJ_09265	35.1	522	316	14	1	508	1	513	1.57e-86	275
EABAIN_04910	ALHAGD_09615	34.6	518	315	15	7	508	5	514	1.01e-79	257
EABAIN_04910	DNKIME_11925	32.8	531	319	12	7	508	5	526	1.67e-76	249
EABAIN_04910	ABCBPP_10245	33.5	541	306	16	4	508	2	524	1.21e-75	247
EABAIN_04910	CMMBIF_08385	33.7	552	312	20	4	508	2	546	2.30e-73	241
EABAIN_04910	KNEDAK_02450	32.3	520	325	15	4	508	2	509	1.42e-72	238
EABAIN_04910	AGHDIE_07425	33.0	557	306	22	4	508	2	543	1.62e-72	239
EABAIN_04910	KCGGLB_07585	33.0	560	308	19	4	508	2	549	5.10e-72	238
EABAIN_04910	AMNNAF_06610	31.0	526	301	15	21	508	19	520	1.47e-70	233
EABAIN_04910	IBNKIA_06635	33.3	555	311	20	4	508	2	547	1.47e-69	231
EABAIN_04910	AMBJPI_07115	31.2	523	322	17	7	508	6	511	3.80e-67	224
EABAIN_04910	LIJIDN_02500	59.4	197	71	3	18	207	15	209	4.76e-67	214
EABAIN_04910	AAKGEC_08750	32.7	547	316	20	5	506	5	544	7.08e-61	208
EABAIN_04910	ADJCAM_09650	30.9	554	328	20	4	508	2	549	7.53e-61	208
EABAIN_04910	AGHDIE_04835	30.9	457	272	16	90	508	112	562	3.85e-46	169
EABAIN_04915	IJGGPP_01345	76.5	1067	209	12	1	1050	1	1042	0.0	1513
EABAIN_04915	AOPEMA_10085	69.5	1221	130	6	1	1050	1	1149	0.0	1513
EABAIN_04915	BNFMAL_00405	73.0	1017	250	12	1	1002	1	1007	0.0	1372
EABAIN_04915	BFMEKC_08105	61.3	1341	206	20	1	1050	1	1319	0.0	1369
EABAIN_04915	BFMEKC_11425	62.4	1262	249	17	1	1050	1	1249	0.0	1330
EABAIN_04915	DBFDDP_03925	59.2	1135	309	18	1	1002	1	1114	0.0	1155
EABAIN_04915	DPCCPE_10580	62.3	1002	182	5	1	1002	1	806	0.0	1121
EABAIN_04915	CPDEKO_08885	62.5	1083	255	14	113	1050	2	1078	0.0	1118
EABAIN_04915	AGKELP_01255	51.7	1313	298	19	1	1002	1	1288	0.0	1082
EABAIN_04915	MKAAIB_03190	60.6	960	313	4	1	959	1	896	0.0	1074
EABAIN_04915	JFNFKK_05845	69.3	860	157	11	1	836	1	777	0.0	1063
EABAIN_04915	AJONOJ_00085	49.3	1370	305	19	1	1002	1	1349	0.0	1060
EABAIN_04915	NJGMDJ_04270	48.8	1382	308	20	1	1002	1	1363	0.0	1055
EABAIN_04915	FIECOM_03105	55.6	1057	361	10	1	959	1	1047	0.0	1026
EABAIN_04915	BGLHJG_07400	45.9	1482	306	21	1	1002	1	1466	0.0	1021
EABAIN_04915	FNBHCB_03660	65.0	898	117	8	1	702	1	897	0.0	1008
EABAIN_04915	ODCPGL_00365	56.9	985	369	9	1	959	1	955	0.0	997
EABAIN_04915	EPKBNI_04835	69.5	771	39	1	1	771	1	575	0.0	976
EABAIN_04915	NJGMDJ_12025	66.4	771	63	1	1	771	1	575	0.0	941
EABAIN_04915	IIAFGB_10655	85.6	555	50	1	1	525	1	555	0.0	921
EABAIN_04915	NBKJHM_05200	51.1	1079	388	18	1	959	1	1059	2.69e-319	915
EABAIN_04915	ABIMCM_02635	67.2	702	226	2	1	699	1	701	1.80e-315	891
EABAIN_04915	KEMHDF_05635	49.9	975	403	9	1	959	1	906	6.04e-292	839
EABAIN_04915	GMJOLA_03550	54.7	894	270	10	1	836	1	817	5.92e-290	835
EABAIN_04915	ANEMGB_05025	60.2	771	111	1	1	771	1	575	1.28e-288	848
EABAIN_04920	AIPJBK_06250	98.7	78	1	0	1	78	1	78	3.45e-50	151
EABAIN_04930	ABJDJH_08810	93.2	88	6	0	1	88	1	88	1.40e-54	165
EABAIN_04930	ABCLFC_03285	91.5	94	8	0	1	94	1	94	1.88e-54	172
EABAIN_04935	ABCLFC_03285	96.5	259	9	0	1	259	97	355	7.10e-164	457
EABAIN_04935	BGHOFK_06095	89.2	260	27	1	1	259	1	260	4.04e-150	419
EABAIN_04935	ELEKDE_00760	64.5	259	6	1	1	259	1	173	2.42e-84	249
EABAIN_04945	ABNNBP_13855	99.5	393	2	0	1	393	1	393	5.46e-270	733
EABAIN_04945	FJJMED_10905	54.5	385	175	0	7	391	6	390	2.71e-148	425
EABAIN_04945	ABIMCM_09440	37.0	387	235	5	1	384	1	381	1.49e-66	216
EABAIN_04950	KIDCCO_05445	97.1	442	2	1	1	442	1	431	8.24e-310	837
EABAIN_04950	IAFHMK_09670	59.9	411	164	1	22	431	11	421	6.77e-177	501
EABAIN_04950	AANGNE_04520	58.5	436	178	2	3	435	7	442	8.96e-177	501
EABAIN_04950	BGHOFK_05085	58.9	416	168	2	23	435	11	426	6.59e-175	496
EABAIN_04950	CNLKLD_06630	59.2	407	165	1	26	431	14	420	1.24e-174	495
EABAIN_04950	BNBIEO_08370	57.5	424	179	1	13	435	3	426	2.67e-174	494
EABAIN_04950	DFCDFN_03175	53.4	410	184	3	26	431	18	424	1.57e-151	436
EABAIN_04950	PLBPOI_08845	75.9	274	66	0	160	433	1	274	7.88e-150	427
EABAIN_04950	CDIIGJ_07160	50.5	426	210	1	15	439	3	428	3.47e-145	420
EABAIN_04950	AGDPFD_05225	41.4	430	238	7	9	431	8	430	1.49e-99	304
EABAIN_04950	AAKGEC_03530	31.8	425	255	12	17	431	5	404	3.20e-55	188
EABAIN_04950	LMHNOH_08560	31.5	425	256	12	17	431	350	749	2.50e-52	187
EABAIN_04950	DHALJH_09840	64.3	115	41	0	1	115	46	160	1.57e-45	155
EABAIN_04950	PLBPOI_08840	63.7	113	41	0	1	113	1	113	2.64e-44	151
EABAIN_04955	DANMKC_05480	90.4	178	17	0	1	178	1	178	4.58e-110	311
EABAIN_04955	DNKGCI_05670	55.1	178	80	0	1	178	1	178	5.78e-66	199
EABAIN_04960	AAKGEC_07370	99.2	243	2	0	1	243	1	243	1.86e-172	474
EABAIN_04970	AMBJPI_03465	100	141	0	0	1	141	1	141	2.35e-95	271
EABAIN_04970	CDIIGJ_02975	70.9	141	41	0	1	141	1	141	2.54e-70	207
EABAIN_04970	HNNKEJ_04730	70.2	141	42	0	1	141	1	141	2.42e-68	202
EABAIN_04970	BGHOFK_05335	68.1	141	45	0	1	141	1	141	5.69e-67	199
EABAIN_04970	DNKGCI_01540	67.4	141	46	0	1	141	1	141	4.94e-61	184
EABAIN_04970	DDDLLA_01085	62.4	141	53	0	1	141	1	141	1.91e-58	177
EABAIN_04970	AANGNE_02690	58.9	141	58	0	1	141	1	141	3.47e-54	166
EABAIN_04970	ABIMCM_12585	58.9	141	58	0	1	141	1	141	1.41e-53	165
EABAIN_04970	AANGNE_05865	56.7	141	61	0	1	141	1	141	1.34e-51	160
EABAIN_04975	AAKGEC_07350	100	177	0	0	1	177	1	177	2.87e-123	344
EABAIN_04975	DDDLLA_09685	73.0	178	47	1	1	177	1	178	2.02e-89	258
EABAIN_04975	ACDDAG_04390	69.1	175	53	1	4	177	23	197	1.55e-81	239
EABAIN_04975	CNLKLD_02110	52.6	173	73	2	9	176	17	185	2.92e-55	172
EABAIN_04980	ABIMCM_04360	99.5	184	1	0	1	184	1	184	2.98e-116	352
EABAIN_04980	CDIIGJ_02960	84.8	184	28	0	1	184	1	184	4.83e-98	306
EABAIN_04980	BGHOFK_05320	83.2	184	31	0	1	184	1	184	7.28e-94	295
EABAIN_04980	LBLLFD_04310	83.2	184	31	0	1	184	1	184	1.63e-93	295
EABAIN_04980	DMLIFG_09200	99.3	134	1	0	3	136	46	179	1.72e-89	264
EABAIN_04980	HNNKEJ_05440	77.7	184	41	0	1	184	1	184	4.32e-89	281
EABAIN_04980	DNKGCI_06640	72.8	184	50	0	1	184	1	184	6.55e-85	270
EABAIN_04980	LBKFJK_03410	72.8	184	50	0	1	184	1	184	1.96e-82	265
EABAIN_04980	DDDLLA_09690	72.3	184	51	0	1	184	1	184	3.50e-80	259
EABAIN_04980	IAFHMK_05100	67.4	184	60	0	1	184	1	184	2.03e-78	253
EABAIN_04980	CNLKLD_02115	60.3	184	73	0	1	184	1	184	1.36e-67	224
EABAIN_04980	DDDLLA_08575	44.7	190	98	1	1	183	1	190	1.68e-46	166
EABAIN_04980	IAFHMK_08380	42.4	184	106	0	1	184	1	184	1.48e-44	160
EABAIN_04980	DNKGCI_03585	41.8	184	107	0	1	184	3	186	1.89e-42	155
EABAIN_04985	ABIMCM_04360	83.2	441	72	1	23	461	361	801	2.47e-141	424
EABAIN_04985	BGHOFK_05320	85.1	221	33	0	241	461	643	863	2.90e-115	358
EABAIN_04985	LBLLFD_04310	85.1	221	33	0	241	461	670	890	5.24e-115	358
EABAIN_04985	CDIIGJ_02960	84.3	217	34	0	245	461	655	871	6.02e-112	349
EABAIN_04985	HNNKEJ_05440	78.3	217	47	0	245	461	585	801	1.16e-99	315
EABAIN_04985	DDDLLA_09690	66.1	221	75	0	241	461	626	846	1.98e-83	273
EABAIN_04985	LBKFJK_03410	65.2	221	77	0	241	461	614	834	2.27e-83	273
EABAIN_04985	DNKGCI_06640	66.3	205	69	0	257	461	553	757	1.85e-78	258
EABAIN_04985	IAFHMK_05100	52.0	200	96	0	257	456	583	782	3.38e-59	207
EABAIN_04985	CNLKLD_02115	48.6	220	112	1	241	459	566	785	1.04e-55	197
EABAIN_04990	AANGNE_03070	87.9	107	13	0	4	110	6	112	4.30e-66	194
EABAIN_04995	CGMKCF_05245	93.4	316	21	0	1	316	1	316	1.04e-215	590
EABAIN_05000	AIKIDN_07530	100	457	0	0	1	457	1	457	0.0	897
EABAIN_05005	AHPAPB_10090	99.3	279	2	0	1	279	22	300	1.48e-201	551
EABAIN_05005	ACPHPF_04690	58.0	276	115	1	1	275	6	281	1.04e-110	321
EABAIN_05005	BEGLKA_08720	98.7	157	2	0	1	157	92	248	7.79e-105	305
EABAIN_05005	MHGLEN_14025	99.4	156	1	0	1	156	1	156	5.63e-104	305
EABAIN_05005	FAAIHB_09795	47.9	267	136	2	14	277	1	267	2.31e-78	238
EABAIN_05005	ABJDJH_12790	44.5	272	147	3	11	278	10	281	6.27e-73	224
EABAIN_05005	JOBCMP_04985	45.2	270	140	5	12	276	11	277	1.58e-69	216
EABAIN_05005	OOBKJG_03060	99.1	110	1	0	1	110	1	110	9.01e-69	209
EABAIN_05005	GLOJGG_04620	70.7	133	16	1	144	276	1	110	7.28e-57	177
EABAIN_05005	BGHOFK_10420	52.4	168	77	2	111	275	44	211	5.12e-56	179
EABAIN_05005	BDNBEJ_04175	91.2	91	8	0	84	174	41	131	1.08e-52	168
EABAIN_05005	OMDMHF_02850	38.1	268	157	5	17	275	3	270	4.73e-51	168
EABAIN_05005	OBFACL_08170	37.7	265	162	2	10	271	7	271	4.38e-50	167
EABAIN_05005	BCFLNJ_06580	97.5	80	2	0	1	80	1	80	3.64e-47	154
EABAIN_05005	OMDMHF_02875	36.9	260	156	5	10	266	1	255	8.74e-45	151
EABAIN_05010	KABOBF_01505	89.4	94	2	1	1	86	1	94	3.84e-50	152
EABAIN_05015	AIKIDN_07545	99.6	232	1	0	1	232	1	232	2.64e-162	447
EABAIN_05015	NKPHMN_11460	91.9	223	18	0	9	231	166	388	2.06e-140	398
EABAIN_05015	MPKHMJ_12845	67.3	248	56	4	9	232	185	431	5.24e-98	291
EABAIN_05015	CFMACL_12430	53.2	263	84	5	9	232	185	447	2.13e-78	242
EABAIN_05015	CFBGPF_07105	44.2	242	115	3	9	231	180	420	2.59e-48	163
EABAIN_05020	NOCPOP_00760	89.3	187	19	1	12	198	6	191	3.37e-117	330
EABAIN_05020	NKPHMN_11465	66.8	190	55	2	8	197	4	185	5.25e-85	248
EABAIN_05020	CFMACL_12425	64.7	184	55	2	12	195	6	179	6.46e-78	230
EABAIN_05030	AIKIDN_07560	100	278	0	0	1	278	1	278	6.78e-197	538
EABAIN_05035	AIKIDN_07565	100	314	0	0	1	314	1	314	1.66e-231	629
EABAIN_05035	DIPNED_02030	100	150	0	0	1	150	1	150	2.72e-103	306
EABAIN_05035	BEIAAA_10550	37.5	299	182	3	17	311	21	318	2.16e-60	195
EABAIN_05035	BLOIDM_06705	35.0	314	198	4	1	311	4	314	1.87e-57	187
EABAIN_05050	AIKIDN_07580	100	176	0	0	1	176	1	176	2.86e-118	331
EABAIN_05050	JMBAEF_07815	73.7	171	43	2	1	170	1	170	8.34e-81	236
EABAIN_05050	OFBCLB_06380	58.7	167	68	1	7	172	5	171	4.45e-64	194
EABAIN_05060	AIKIDN_07590	100	542	0	0	1	542	1	542	0.0	1078
EABAIN_05060	OFBCLB_06375	74.7	541	136	1	1	541	1	540	1.65e-293	805
EABAIN_05060	MFAILH_08460	64.4	539	190	1	3	541	4	540	1.77e-250	696
EABAIN_05060	DNKGCI_04785	59.3	541	218	1	1	541	1	539	2.78e-223	627
EABAIN_05060	OPPHHN_00950	56.1	540	235	1	1	540	1	538	6.84e-214	603
EABAIN_05065	ELEKDE_12045	95.7	94	4	0	1	94	3	96	2.48e-71	206
EABAIN_05065	MFAILH_08455	73.4	94	25	0	1	94	1	94	2.02e-54	163
EABAIN_05065	OFBCLB_06370	71.6	95	26	1	1	94	2	96	2.32e-49	150
EABAIN_05070	AIKIDN_07600	99.1	335	3	0	1	335	1	335	9.65e-234	638
EABAIN_05070	OOHPIC_05815	71.7	276	77	1	1	275	1	276	6.39e-136	387
EABAIN_05070	LBLLFD_03580	56.5	333	142	3	4	333	2	334	8.31e-126	365
EABAIN_05070	BOCCFK_00980	53.9	332	152	1	4	335	2	332	7.80e-123	357
EABAIN_05070	LBKFJK_03360	46.2	327	174	2	5	331	3	327	3.41e-95	286
EABAIN_05070	DNKGCI_04775	41.9	327	188	2	5	331	3	327	7.80e-82	252
EABAIN_05075	AIKIDN_07605	99.4	171	1	0	1	171	1	171	4.11e-120	335
EABAIN_05075	OFBCLB_06360	58.8	177	64	2	2	171	3	177	8.62e-61	186
EABAIN_05080	AIKIDN_07610	100	382	0	0	1	382	1	382	2.54e-258	702
EABAIN_05080	BLOIDM_08965	61.3	377	144	2	1	377	1	375	2.50e-147	421
EABAIN_05080	OFBCLB_06355	58.8	391	148	3	1	379	1	390	7.58e-147	421
EABAIN_05080	MFAILH_08440	49.0	388	186	8	1	380	1	384	3.71e-105	314
EABAIN_05080	DNKGCI_04765	53.1	322	144	5	64	380	78	397	2.03e-99	300
EABAIN_05080	LBKFJK_03350	51.5	324	150	5	59	377	70	391	5.94e-98	296
EABAIN_05080	OPPHHN_00930	35.8	444	211	13	1	377	1	437	1.51e-68	222
EABAIN_05085	AIKIDN_07615	100	91	0	0	1	91	1	91	2.30e-63	186
EABAIN_05090	AIKIDN_07620	100	104	0	0	1	104	1	104	8.38e-72	208
EABAIN_05095	AIKIDN_07625	100	112	0	0	1	112	1	112	1.45e-78	226
EABAIN_05095	ELEKDE_12075	72.3	112	31	0	1	112	1	112	4.82e-59	176
EABAIN_05100	BEIAAA_10475	86.6	119	16	0	3	121	6	124	7.59e-70	204
EABAIN_05105	JMBAEF_07870	83.6	219	36	0	1	219	1	219	1.64e-134	376
EABAIN_05105	OFBCLB_06330	55.3	215	93	2	1	215	1	212	5.15e-82	243
EABAIN_05105	MFAILH_08405	54.8	217	96	2	5	219	3	219	3.35e-78	236
EABAIN_05105	DNKGCI_04735	50.7	219	107	1	1	219	1	218	1.65e-74	224
EABAIN_05105	BBKIGO_09685	52.3	218	102	2	3	218	1	218	2.97e-73	224
EABAIN_05105	OPPHHN_00905	50.7	217	106	1	3	218	1	217	1.73e-72	223
EABAIN_05105	LBLLFD_03545	53.4	219	100	2	3	219	1	219	5.25e-71	219
EABAIN_05105	LBKFJK_03320	47.5	223	109	4	3	219	2	222	1.32e-64	199
EABAIN_05115	AIKIDN_07645	100	161	0	0	1	161	1	161	1.51e-108	305
EABAIN_05115	BEIAAA_10460	62.3	159	58	2	1	158	1	158	2.49e-61	186
EABAIN_05115	OFBCLB_06320	61.6	159	58	3	1	157	1	158	3.84e-60	183
EABAIN_05120	AIKIDN_07650	100	826	0	0	1	826	1	826	8.46e-308	864
EABAIN_05120	GNOKMM_05835	65.4	489	169	0	1	489	1	489	7.31e-186	553
EABAIN_05120	OFBCLB_06315	72.0	835	221	4	1	826	1	831	2.68e-181	541
EABAIN_05120	BEIAAA_10455	61.8	497	178	2	1	489	1	493	1.19e-172	519
EABAIN_05120	DNKGCI_04720	59.1	494	190	3	4	489	3	492	9.10e-165	498
EABAIN_05120	LBLLFD_03530	61.1	475	182	1	1	475	1	472	5.63e-158	478
EABAIN_05120	MFAILH_08390	71.9	352	99	0	1	352	1	352	5.18e-142	444
EABAIN_05120	LBKFJK_03305	62.8	374	137	1	1	372	1	374	5.26e-141	439
EABAIN_05120	BDMBBJ_00545	52.1	493	232	1	1	489	1	493	1.26e-136	426
EABAIN_05120	OPPHHN_00890	59.7	404	159	1	1	400	1	404	4.64e-123	393
EABAIN_05120	OECBDL_06840	51.4	370	176	1	1	366	1	370	2.55e-112	364
EABAIN_05125	AIKIDN_07655	99.8	452	1	0	1	452	1	452	0.0	927
EABAIN_05125	ELEKDE_12105	71.3	492	95	9	1	452	1	486	2.20e-233	647
EABAIN_05125	JMBAEF_07890	46.3	648	147	9	1	451	1	644	2.76e-179	515
EABAIN_05125	OOHPIC_03770	57.1	494	157	14	1	451	1	482	5.35e-178	506
EABAIN_05125	NOCPOP_00870	61.5	452	15	2	1	452	1	293	1.37e-177	498
EABAIN_05125	OABIGA_08215	52.6	513	168	13	1	452	1	499	3.26e-168	482
EABAIN_05125	MJEPMK_03325	42.8	638	173	13	1	451	1	633	9.82e-156	455
EABAIN_05125	LLPGEM_10455	39.2	640	193	8	1	452	1	632	2.59e-144	426
EABAIN_05125	PKGHFF_00800	47.1	499	207	11	1	452	1	489	1.58e-140	411
EABAIN_05125	OPPHHN_00885	39.6	452	128	7	2	452	3	310	2.52e-99	299
EABAIN_05125	BBKIGO_09665	38.6	453	122	4	1	452	1	298	1.92e-98	296
EABAIN_05125	GNOKMM_05830	37.3	453	130	3	1	452	1	300	4.82e-91	278
EABAIN_05125	MFAILH_08385	36.6	453	133	4	1	452	1	300	3.44e-88	270
EABAIN_05125	IGAAGB_10220	72.7	187	42	2	143	320	143	329	2.84e-85	269
EABAIN_05125	LBKFJK_03300	32.0	456	152	6	2	452	3	305	3.37e-74	234
EABAIN_05125	OFBCLB_06310	61.4	166	64	0	1	166	1	166	3.15e-71	239
EABAIN_05125	DEHNMP_05250	57.8	161	66	2	164	323	22	181	1.25e-58	192
EABAIN_05125	FGFHJG_08265	58.4	161	63	1	164	320	119	279	2.60e-54	189
EABAIN_05125	MJKNOC_12115	54.9	164	68	3	164	323	63	224	4.41e-54	180
EABAIN_05125	PLDCIE_05280	52.2	180	84	2	164	343	529	706	2.94e-53	191
EABAIN_05125	NFKPGO_01510	50.3	189	89	2	164	347	35	223	1.30e-52	185
EABAIN_05125	IIHIFJ_05825	56.8	162	68	1	164	323	507	668	1.31e-52	188
EABAIN_05125	AJANDE_06580	52.2	161	76	1	164	323	38	198	1.24e-51	175
EABAIN_05125	DLKKNM_05515	47.5	198	93	2	142	328	9	206	4.79e-51	182
EABAIN_05125	IKLGIG_12075	47.5	198	93	2	142	328	9	206	4.81e-50	182
EABAIN_05130	AMFMEJ_07060	87.1	163	20	1	1	162	1	163	7.06e-99	290
EABAIN_05135	AMFMEJ_07060	86.7	180	24	0	1	180	193	372	3.64e-114	328
EABAIN_05135	OFBCLB_06305	52.7	169	80	0	13	181	181	349	5.13e-59	187
EABAIN_05135	LBKFJK_03295	48.9	174	84	1	7	180	202	370	1.57e-53	174
EABAIN_05135	LBLLFD_03520	51.8	168	75	3	13	179	200	362	1.43e-52	171
EABAIN_05135	PKGHFF_00795	48.8	168	82	3	12	178	198	362	1.33e-50	166
EABAIN_05135	LLPGEM_10450	52.1	146	69	1	33	178	215	359	2.41e-50	165
EABAIN_05135	DNKGCI_04710	44.5	173	90	2	8	179	195	362	1.54e-48	160
EABAIN_05140	AIKIDN_07670	100	137	0	0	1	137	1	137	6.56e-96	271
EABAIN_05140	OABIGA_08205	72.4	134	34	3	1	132	1	133	1.39e-62	187
EABAIN_05140	IONDPO_02185	72.0	125	35	0	1	125	1	125	2.24e-62	187
EABAIN_05145	AIKIDN_07675	100	295	0	0	1	295	1	295	3.30e-217	591
EABAIN_05145	OFBCLB_06295	61.9	294	110	2	1	294	1	292	4.36e-129	368
EABAIN_05145	ELEKDE_12120	52.2	289	115	6	1	289	1	266	6.49e-86	258
EABAIN_05145	NOCPOP_00885	80.1	141	28	0	1	141	1	141	5.71e-78	238
EABAIN_05145	CEHAJH_10290	71.3	150	43	0	1	150	1	150	1.09e-69	216
EABAIN_05145	IONDPO_02190	51.5	231	85	5	1	226	1	209	4.27e-66	207
EABAIN_05145	OABIGA_08200	67.4	141	46	0	1	141	1	141	1.63e-60	193
EABAIN_05145	MFAILH_08370	42.1	261	129	6	1	261	1	239	2.49e-56	182
EABAIN_05145	FGMOCB_00885	38.1	289	158	6	1	289	1	268	1.02e-54	178
EABAIN_05145	BOCCFK_01060	42.5	240	114	5	1	233	1	223	1.51e-53	175
EABAIN_05145	GNOKMM_05815	42.2	263	127	8	1	253	1	248	3.00e-53	174
EABAIN_05145	LBLLFD_03505	41.6	226	120	3	1	226	1	214	2.16e-51	169
EABAIN_05145	BBKIGO_09645	35.4	288	152	8	1	288	1	254	5.38e-48	160
EABAIN_05145	LBKFJK_03285	43.9	196	97	2	1	194	1	185	1.16e-46	157
EABAIN_05145	PHNFPI_02840	51.8	141	68	0	1	141	1	141	2.99e-46	156
EABAIN_05145	DNKGCI_04700	54.5	134	60	1	1	133	1	134	7.92e-46	155
EABAIN_05145	BBKIGO_09650	47.4	175	87	1	1	170	1	175	9.28e-45	154
EABAIN_05150	AIKIDN_07680	100	107	0	0	1	107	1	107	8.60e-71	206
EABAIN_05155	AIKIDN_07685	100	325	0	0	1	325	1	325	2.75e-231	629
EABAIN_05155	PLIKPJ_02910	66.7	336	97	2	1	325	1	332	3.03e-144	409
EABAIN_05155	ELEKDE_12130	65.0	331	102	3	1	325	1	323	1.81e-131	377
EABAIN_05155	NOCPOP_00895	64.3	333	104	6	1	325	1	326	1.15e-130	375
EABAIN_05155	ACPHPF_09685	63.5	326	115	3	1	323	1	325	3.99e-124	358
EABAIN_05155	AMFMEJ_07080	56.5	331	131	5	1	325	1	324	1.59e-105	311
EABAIN_05155	JFFJEL_12675	56.3	325	57	5	1	325	1	240	1.35e-101	298
EABAIN_05155	GIGJJH_03265	53.4	337	132	6	1	325	1	324	2.54e-99	295
EABAIN_05155	EIKFFD_02010	50.8	329	139	7	1	322	1	313	5.39e-90	271
EABAIN_05155	AAOIOD_01270	49.7	318	150	3	10	324	6	316	3.16e-89	269
EABAIN_05155	BEIAAA_10425	49.4	330	150	5	1	324	22	340	9.50e-89	269
EABAIN_05155	DIPNED_02030	79.7	148	27	1	181	325	219	366	4.66e-71	224
EABAIN_05155	ONKCDP_06300	43.6	319	161	5	12	324	3	308	5.82e-68	214
EABAIN_05160	AIKIDN_07690	100	214	0	0	1	214	1	214	1.96e-155	428
EABAIN_05160	IIAFGB_04380	71.6	215	57	2	4	214	3	217	9.71e-104	298
EABAIN_05160	PLIKPJ_02905	66.7	225	61	2	4	214	3	227	7.40e-94	273
EABAIN_05160	BJLDLK_10550	91.6	119	10	0	96	214	1	119	4.75e-75	221
EABAIN_05160	JIKGJE_00270	48.4	221	88	3	4	214	3	207	8.02e-57	178
EABAIN_05160	IONDPO_02200	44.5	227	94	5	1	214	1	208	1.46e-49	160
EABAIN_05175	AAKGEC_07330	99.7	399	1	0	1	399	1	399	4.92e-276	749
EABAIN_05175	AANGNE_01825	62.2	399	151	0	1	399	1	399	2.02e-184	517
EABAIN_05175	AAKGEC_03470	62.6	404	142	2	5	399	3	406	4.96e-181	509
EABAIN_05175	IAFHMK_03495	59.6	406	157	2	1	399	1	406	1.12e-178	503
EABAIN_05175	DNKGCI_03300	60.8	406	150	2	3	399	18	423	1.13e-178	504
EABAIN_05175	LJBFKD_12630	62.6	404	142	2	5	399	3	406	8.41e-178	507
EABAIN_05175	EMAPBM_06830	59.1	399	163	0	1	399	1	399	8.83e-178	501
EABAIN_05175	DDDLLA_02395	61.2	399	154	1	1	399	1	398	7.76e-176	496
EABAIN_05175	AEMMAL_05830	55.6	399	177	0	1	399	1	399	2.28e-162	461
EABAIN_05175	CNLKLD_07085	54.7	408	176	3	1	399	4	411	1.95e-151	434
EABAIN_05180	AAKGEC_07325	98.8	432	5	0	1	432	1	432	1.38e-285	776
EABAIN_05180	DNKGCI_03010	67.7	396	125	1	39	431	56	451	4.35e-174	498
EABAIN_05180	CMMBIF_02760	69.9	359	108	0	71	429	1	359	5.14e-173	488
EABAIN_05180	LBKFJK_03000	65.6	398	136	1	33	429	45	442	4.02e-172	492
EABAIN_05180	IAFHMK_04240	54.6	425	157	5	16	429	31	430	6.16e-145	419
EABAIN_05180	MFAILH_05270	51.9	426	173	4	6	425	18	417	9.36e-138	400
EABAIN_05180	KDEKFF_10370	49.6	427	183	4	1	421	1	401	1.02e-129	380
EABAIN_05180	IAFHMK_01650	52.0	394	150	7	47	431	40	403	3.28e-124	368
EABAIN_05180	CDIIGJ_10600	52.7	389	148	6	47	429	31	389	8.17e-124	366
EABAIN_05180	CNLKLD_00600	48.8	412	172	8	28	429	5	387	6.75e-121	358
EABAIN_05180	HNNKEJ_13260	51.2	387	168	6	46	428	39	408	4.09e-120	357
EABAIN_05180	OFBCLB_02715	52.1	386	162	6	47	427	31	398	6.52e-118	352
EABAIN_05180	DBFGIH_06595	52.3	371	146	6	60	428	44	385	1.12e-117	350
EABAIN_05180	LBKFJK_06510	48.8	389	177	6	40	423	34	405	1.16e-109	331
EABAIN_05180	BEGLKA_08640	52.9	155	72	1	276	429	1	155	7.61e-52	173
EABAIN_05185	AAKGEC_07320	98.9	89	1	0	1	89	1	89	8.47e-56	166
EABAIN_05190	DMIHID_10295	91.9	209	16	1	1	209	1	208	1.51e-129	362
EABAIN_05190	HNNKEJ_05430	67.0	212	67	1	1	209	1	212	2.23e-95	276
EABAIN_05190	CDIIGJ_02950	69.0	213	62	2	1	209	1	213	2.31e-95	276
EABAIN_05190	BGHOFK_05305	66.4	214	67	2	1	209	1	214	5.30e-92	268
EABAIN_05190	LBKFJK_03425	58.9	214	83	2	1	209	1	214	6.75e-88	257
EABAIN_05190	IAFHMK_05085	58.3	211	86	1	1	209	1	211	3.97e-79	235
EABAIN_05190	DDDLLA_06480	53.7	214	94	2	1	209	3	216	1.89e-78	233
EABAIN_05190	DNKGCI_06660	56.5	186	76	2	29	209	1	186	6.98e-67	203
EABAIN_05190	CNLKLD_02125	51.2	209	99	2	1	209	1	206	1.24e-64	198
EABAIN_05190	AANGNE_06825	45.9	209	109	2	1	209	1	205	6.82e-59	183
EABAIN_05190	EIKFFD_02000	42.9	212	112	3	1	209	1	206	6.02e-55	173
EABAIN_05195	BGHOFK_05300	86.0	329	44	1	1	329	1	327	2.46e-185	514
EABAIN_05195	IAFHMK_05080	70.3	327	89	3	1	327	1	319	2.49e-145	412
EABAIN_05195	CJHCCN_04025	65.5	330	104	3	1	327	1	323	1.62e-134	385
EABAIN_05195	CNLKLD_02130	64.3	328	107	3	2	326	3	323	6.25e-129	371
EABAIN_05200	AANGNE_06815	89.0	209	23	0	1	209	1	209	3.61e-124	349
EABAIN_05205	AAKGEC_07300	99.6	268	1	0	1	268	1	268	1.00e-193	530
EABAIN_05205	DNKGCI_06675	70.9	268	77	1	1	268	1	267	2.26e-137	387
EABAIN_05205	CNLKLD_03690	67.5	268	86	1	1	268	1	267	6.79e-132	373
EABAIN_05205	DDDLLA_06465	64.9	268	93	1	1	268	1	267	7.49e-129	365
EABAIN_05205	AANGNE_06810	61.2	268	103	1	1	268	1	267	6.07e-121	345
EABAIN_05210	JIBFFE_12770	99.5	196	1	0	1	196	13	208	6.91e-143	395
EABAIN_05215	BCIBOL_04640	100	135	0	0	1	135	1	135	5.27e-96	272
EABAIN_05215	DNKGCI_06685	67.7	133	41	1	3	135	2	132	3.58e-63	189
EABAIN_05215	LBKFJK_03450	71.3	129	36	1	4	131	2	130	3.34e-62	187
EABAIN_05215	DDDLLA_06455	70.3	128	35	1	4	131	2	126	4.55e-61	184
EABAIN_05215	IAFHMK_05060	61.4	153	31	2	7	131	2	154	1.18e-59	181
EABAIN_05215	AANGNE_06800	66.2	136	41	1	1	136	1	131	1.50e-58	177
EABAIN_05215	CNLKLD_03700	63.2	133	44	2	4	135	3	131	2.23e-56	172
EABAIN_05220	JIBFFE_12760	98.5	201	2	1	1	201	1	200	5.86e-139	385
EABAIN_05225	NDPFCM_04505	98.6	416	4	1	1	414	1	416	1.05e-285	775
EABAIN_05225	IAFHMK_05050	74.4	410	105	0	1	410	1	410	3.81e-216	598
EABAIN_05225	CJHCCN_04000	72.7	392	106	1	2	393	12	402	1.03e-200	560
EABAIN_05225	CNLKLD_03710	67.1	410	134	1	2	411	14	422	3.41e-193	541
EABAIN_05230	AGINCK_01140	98.9	356	1	1	1	356	1	353	5.18e-260	704
EABAIN_05230	KIDCCO_05550	99.4	356	2	0	1	356	1	356	2.42e-259	712
EABAIN_05230	LBKFJK_00255	72.6	358	96	1	1	356	1	358	9.92e-188	522
EABAIN_05235	AAKGEC_07270	100	253	0	0	1	253	1	253	2.01e-181	497
EABAIN_05235	KIDCCO_05550	98.4	247	4	0	7	253	349	595	1.45e-169	480
EABAIN_05235	ABCLFC_01910	45.7	256	136	1	1	253	1	256	2.05e-68	211
EABAIN_05250	ABCBPP_12950	81.2	527	84	2	1	513	1	526	8.27e-299	816
EABAIN_05250	CDIIGJ_02890	70.2	513	139	4	1	511	1	501	2.17e-251	696
EABAIN_05250	IAFHMK_05040	68.9	511	129	2	1	511	1	481	6.87e-247	683
EABAIN_05250	BGHOFK_05255	65.0	514	166	5	1	510	1	504	3.16e-228	637
EABAIN_05250	HNNKEJ_05380	61.9	525	155	3	1	511	1	494	2.09e-218	612
EABAIN_05250	DDDLLA_06435	55.7	524	187	4	1	510	1	493	7.75e-192	544
EABAIN_05250	JAFLJO_04340	55.2	527	184	5	1	510	1	492	2.14e-186	530
EABAIN_05250	LBKFJK_03470	51.9	522	209	3	1	510	1	492	2.29e-178	510
EABAIN_05250	AANGNE_03805	52.5	524	203	5	1	510	1	492	1.39e-172	495
EABAIN_05250	CNLKLD_03715	48.9	519	219	6	1	513	1	479	1.28e-156	454
EABAIN_05250	BPLFFK_05485	40.8	525	263	9	1	510	1	492	9.81e-112	340
EABAIN_05250	IAFHMK_03460	30.3	542	314	17	4	512	3	513	2.01e-51	182
EABAIN_05250	IJGGPP_00190	30.1	538	322	17	4	512	3	515	2.81e-49	177
EABAIN_05250	DNKGCI_09945	26.2	531	333	12	13	510	13	517	1.00e-41	157
EABAIN_05250	KPPIIN_12385	26.7	529	332	16	7	503	4	508	2.23e-41	155
EABAIN_05250	CNLKLD_07330	26.4	531	325	15	13	510	13	510	4.28e-41	155
EABAIN_05250	AGFMFG_08190	27.4	529	296	17	3	505	4	470	6.48e-41	153
EABAIN_05250	BFGFFC_06765	27.6	536	326	15	4	506	3	509	6.65e-41	154
EABAIN_05250	AANGNE_04410	27.1	528	327	14	13	510	13	512	1.38e-39	151
EABAIN_05255	BLIMPP_07115	88.7	540	60	1	1	540	1	539	0.0	957
EABAIN_05255	HNNKEJ_00850	46.3	536	284	2	6	540	11	543	6.33e-164	476
EABAIN_05260	CNOINH_00640	79.8	425	62	1	1	425	1	401	2.43e-228	629
EABAIN_05260	ABCBPP_14170	48.3	422	215	3	3	423	21	440	5.91e-127	374
EABAIN_05265	AAKGEC_07240	100	310	0	0	1	310	1	310	5.02e-215	587
EABAIN_05265	IAFHMK_05035	67.4	298	97	0	12	309	4	301	2.01e-136	388
EABAIN_05265	DDDLLA_06430	61.2	299	116	0	12	310	1	299	1.43e-123	355
EABAIN_05265	BACFJJ_02560	33.6	292	192	2	19	309	6	296	1.62e-52	174
EABAIN_05265	BPNNAG_07700	32.8	287	192	1	19	305	8	293	4.03e-46	157
EABAIN_05265	NOKDAP_11445	31.0	287	197	1	19	305	5	290	2.40e-44	152
EABAIN_05270	GHPLOC_04750	98.6	363	0	1	1	363	1	358	5.60e-258	700
EABAIN_05270	OLIPBP_02510	66.4	229	77	0	1	229	1	229	3.72e-111	323
EABAIN_05270	IJBMGP_09455	73.8	202	53	0	102	303	3	204	3.91e-107	312
EABAIN_05270	CFLCIE_08945	73.4	188	50	0	154	341	1	188	6.03e-97	285
EABAIN_05270	BGHOFK_05245	38.1	370	210	8	1	363	1	358	3.58e-73	231
EABAIN_05270	CFLCIE_08950	59.3	123	50	0	1	123	1	123	4.93e-46	153
EABAIN_05275	AIGDEK_01755	98.2	225	4	0	2	226	3	227	1.52e-156	432
EABAIN_05275	CDIIGJ_02875	69.0	216	59	2	11	225	3	211	6.55e-99	286
EABAIN_05275	DNKGCI_06955	66.0	206	70	0	2	207	23	228	1.23e-96	281
EABAIN_05275	LBKFJK_03495	63.7	201	73	0	7	207	26	226	6.65e-89	261
EABAIN_05275	DDDLLA_06170	63.2	201	74	0	5	205	2	202	1.71e-88	259
EABAIN_05275	AANGNE_06410	67.9	196	63	0	12	207	1	196	2.72e-88	258
EABAIN_05275	IAFHMK_05030	64.8	196	69	0	12	207	1	196	2.49e-86	253
EABAIN_05275	CNLKLD_02260	70.9	179	52	0	12	190	1	179	1.01e-85	252
EABAIN_05280	HNNJHH_01325	99.7	651	2	0	1	651	37	687	0.0	1273
EABAIN_05280	CNLKLD_06600	51.0	641	296	10	15	647	8	638	2.33e-208	597
EABAIN_05280	LBKFJK_02495	32.5	687	382	20	19	650	10	669	1.85e-95	307
EABAIN_05290	EKJHIG_07470	98.4	245	4	0	1	245	30	274	2.47e-178	490
EABAIN_05290	AAOIOD_10510	61.7	243	93	0	1	243	1	243	6.84e-111	318
EABAIN_05290	AJKPDP_05570	56.8	243	105	0	1	243	1	243	2.99e-105	304
EABAIN_05290	BNPKDP_05045	73.9	165	43	0	77	241	1	165	9.45e-87	254
EABAIN_05295	AAKGEC_07210	99.1	217	2	0	1	217	1	217	2.50e-123	347
EABAIN_05295	JNMKIO_10085	66.1	221	67	3	1	217	1	217	2.68e-73	221
EABAIN_05300	AAKGEC_07205	99.4	154	1	0	1	154	1	154	3.22e-102	289
EABAIN_05300	CDIIGJ_02560	72.9	144	39	0	1	144	1	144	5.17e-66	197
EABAIN_05300	HNNKEJ_05315	65.5	148	51	0	1	148	1	148	2.55e-59	180
EABAIN_05300	AANGNE_03605	60.8	148	58	0	1	148	1	148	7.35e-54	166
EABAIN_05300	CNLKLD_03775	57.5	153	65	0	1	153	1	153	1.73e-53	166
EABAIN_05300	DDDLLA_00795	57.4	148	63	0	1	148	1	148	4.74e-52	162
EABAIN_05300	LBKFJK_03510	56.9	144	62	0	1	144	1	144	2.46e-51	160
EABAIN_05300	IAFHMK_05010	57.8	154	62	1	1	154	1	151	2.99e-51	160
EABAIN_05300	LBKFJK_09525	55.3	150	66	1	1	150	1	149	8.73e-48	151
EABAIN_05305	AAKGEC_07200	99.2	514	4	0	1	514	1	514	0.0	961
EABAIN_05305	DNKGCI_06970	70.1	488	146	0	6	493	13	500	4.67e-240	667
EABAIN_05305	EKEFPE_07370	66.2	494	167	0	1	494	1	494	1.26e-230	643
EABAIN_05305	DNKGCI_00620	64.1	490	173	1	11	497	14	503	8.30e-218	611
EABAIN_05305	CNLKLD_03780	57.6	493	209	0	7	499	45	537	3.51e-202	573
EABAIN_05305	ABCLFC_05815	55.3	506	225	1	1	506	1	505	2.20e-192	546
EABAIN_05305	IAFHMK_04510	54.0	500	226	1	11	510	3	498	2.38e-187	533
EABAIN_05305	DDDLLA_00295	49.4	492	231	2	6	497	2	475	4.43e-159	460
EABAIN_05305	HNNKEJ_02370	48.6	484	249	0	12	495	4	487	1.19e-157	457
EABAIN_05305	BNBIEO_09075	32.5	431	266	6	20	444	13	424	3.59e-65	218
EABAIN_05305	BIHALF_08420	29.0	479	304	11	24	497	16	463	4.78e-47	169
EABAIN_05310	KEEFBI_09855	100	238	0	0	1	238	1	238	4.26e-159	444
EABAIN_05310	BCFLNJ_11120	94.2	242	11	1	1	239	1	242	3.33e-151	420
EABAIN_05310	CDIIGJ_02550	73.4	237	63	0	1	237	1	237	5.78e-112	320
EABAIN_05310	LBKFJK_03520	65.8	237	81	0	3	239	2	238	4.96e-101	293
EABAIN_05310	IAFHMK_05000	59.9	274	72	3	1	237	1	273	3.43e-95	279
EABAIN_05310	HNNKEJ_05305	64.0	239	86	0	1	239	1	239	2.49e-94	276
EABAIN_05310	DNKGCI_06975	61.6	237	91	0	3	239	2	238	6.47e-92	270
EABAIN_05310	BLCAGE_03725	52.3	239	114	0	1	239	1	239	7.47e-79	236
EABAIN_05310	CJHCCN_09290	49.4	237	120	0	3	239	2	238	6.71e-72	219
EABAIN_05310	JAFLJO_07400	51.0	239	113	2	3	237	2	240	4.47e-68	209
EABAIN_05310	LBKFJK_09515	46.4	239	124	2	3	237	2	240	5.80e-61	191
EABAIN_05315	ABIMCM_04565	100	86	0	0	1	86	1	86	9.70e-56	166
EABAIN_05315	KEEFBI_09855	100	86	0	0	1	86	257	342	1.67e-52	166
EABAIN_05315	AGINCK_00965	97.7	86	2	0	1	86	220	305	7.42e-52	163
EABAIN_05320	AAKGEC_01025	100	411	0	0	1	411	1	411	1.01e-306	827
EABAIN_05320	BGHOFK_05185	71.8	411	107	2	1	411	1	402	5.12e-215	595
EABAIN_05325	NGDFHG_00145	97.4	78	2	0	1	78	41	118	1.54e-54	164
EABAIN_05325	HNNJHH_01220	95.0	80	2	1	1	78	1	80	3.24e-53	159
EABAIN_05330	AHPAPB_07960	97.9	235	4	1	1	234	1	235	1.30e-161	446
EABAIN_05335	NAFEBK_03350	98.0	150	1	1	1	148	1	150	6.08e-109	305
EABAIN_05335	CDIIGJ_02525	73.3	146	39	0	1	146	1	146	9.88e-83	239
EABAIN_05335	BGHOFK_05170	70.1	147	44	0	1	147	1	147	1.19e-76	224
EABAIN_05335	HNNKEJ_05265	61.2	147	55	1	1	147	1	145	5.64e-63	189
EABAIN_05335	AANGNE_05965	59.3	145	52	1	3	147	2	139	6.17e-59	179
EABAIN_05335	DNKGCI_07015	58.5	147	60	1	1	147	1	146	7.97e-59	179
EABAIN_05335	LBKFJK_03560	59.0	144	58	1	3	146	3	145	1.60e-58	178
EABAIN_05335	AJCMKJ_06890	56.8	148	62	2	1	147	1	147	3.00e-54	167
EABAIN_05335	IAFHMK_07120	53.5	142	59	1	6	147	8	142	8.48e-48	150
EABAIN_05340	DFCDFN_04420	82.2	107	19	0	1	107	1	107	9.75e-60	178
EABAIN_05340	CNLKLD_04355	72.0	107	30	0	1	107	1	107	6.16e-51	155
EABAIN_05345	AAKGEC_01000	99.6	555	2	0	1	555	1	555	0.0	1078
EABAIN_05345	NEBMPO_12075	67.3	147	48	0	55	201	12	158	5.53e-64	206
EABAIN_05345	NEBMPO_12080	67.4	141	46	0	202	342	1	141	2.99e-61	198
EABAIN_05350	AAKGEC_00995	99.0	196	2	0	2	197	2	197	7.34e-129	360
EABAIN_05350	CDIIGJ_02515	72.0	193	47	3	7	197	1	188	3.22e-84	246
EABAIN_05350	BGHOFK_05150	60.5	200	69	3	7	197	1	199	1.60e-70	212
EABAIN_05350	LBKFJK_03570	53.7	201	83	1	7	197	1	201	3.61e-67	204
EABAIN_05350	DNKGCI_07030	54.8	199	83	1	6	197	10	208	3.43e-64	196
EABAIN_05350	JAFLJO_07180	50.7	207	86	2	6	197	56	261	4.22e-59	185
EABAIN_05355	DNKGCI_10375	77.2	281	62	1	1	281	1	279	1.21e-152	427
EABAIN_05355	DDDLLA_08920	64.1	281	93	2	6	280	5	283	1.22e-125	358
EABAIN_05355	FLCEDE_04075	74.1	166	39	1	1	162	1	166	6.91e-81	241
EABAIN_05355	AANGNE_04620	43.6	282	154	5	1	281	1	278	5.76e-71	219
EABAIN_05355	IAFHMK_07085	40.9	274	152	7	7	275	6	274	1.51e-56	182
EABAIN_05355	AAKGEC_10505	36.4	280	167	7	7	281	7	280	6.81e-48	160
EABAIN_05360	ABJDJH_11510	99.3	295	2	0	1	295	27	321	9.71e-198	543
EABAIN_05365	AANGNE_03680	79.4	248	51	0	1	248	1	248	2.48e-140	393
EABAIN_05365	AAKGEC_12175	49.8	241	118	1	1	241	5	242	1.22e-76	231
EABAIN_05365	AAKGEC_12360	50.6	241	114	2	2	241	7	243	8.79e-75	227
EABAIN_05365	AANGNE_02185	46.1	245	127	2	1	244	4	244	5.00e-71	217
EABAIN_05365	LGJCEJ_06495	43.0	223	120	5	19	239	46	263	1.15e-49	167
EABAIN_05365	AANGNE_01045	35.1	268	154	5	1	249	3	269	1.40e-46	158
EABAIN_05365	AAKGEC_05805	39.7	257	137	6	1	239	4	260	4.85e-46	157
EABAIN_05365	CNLKLD_00555	37.6	258	142	5	1	239	4	261	3.89e-45	154
EABAIN_05365	IAFHMK_08785	35.8	271	142	5	1	239	4	274	5.26e-44	152
EABAIN_05365	CJHCCN_05470	35.8	246	150	4	1	244	1	240	2.13e-43	150
EABAIN_05375	MKCKPI_06015	99.4	308	2	0	1	308	16	323	2.19e-223	608
EABAIN_05375	FGEEDJ_05235	52.2	301	143	1	4	303	2	302	4.33e-111	324
EABAIN_05375	AANGNE_04950	32.3	300	200	3	6	304	209	506	6.94e-48	167
EABAIN_05375	LLNAOI_02160	32.8	305	192	5	6	304	53	350	1.32e-46	160
EABAIN_05385	HNNKEJ_05215	79.0	809	163	3	8	816	1	802	0.0	1244
EABAIN_05385	IAFHMK_04935	73.6	730	190	1	1	730	1	727	0.0	1073
EABAIN_05385	LBKFJK_03590	70.7	736	211	3	1	733	1	734	0.0	1033
EABAIN_05385	BLCAGE_03870	71.2	730	205	2	1	730	1	725	0.0	1026
EABAIN_05385	DNKGCI_07050	69.9	735	217	3	1	733	1	733	0.0	1010
EABAIN_05385	DDDLLA_00745	64.1	735	259	2	1	735	1	730	0.0	922
EABAIN_05385	CNLKLD_04440	51.8	722	330	7	3	722	2	707	2.33e-245	701
EABAIN_05385	DDDLLA_10910	52.2	663	304	6	69	725	11	666	1.35e-225	649
EABAIN_05385	DFCDFN_07685	48.6	667	318	10	64	717	15	669	5.03e-198	578
EABAIN_05385	DBFGIH_06730	47.2	661	326	10	72	720	41	690	1.02e-194	570
EABAIN_05385	PEPBIK_06785	46.2	660	336	7	74	723	18	668	4.28e-191	560
EABAIN_05390	BGHOFK_05110	75.3	190	47	0	1	190	1	190	3.44e-103	295
EABAIN_05390	AANGNE_03735	69.5	190	58	0	4	193	5	194	4.70e-94	271
EABAIN_05390	CNLKLD_04445	70.1	194	58	0	1	194	1	194	6.90e-94	271
EABAIN_05390	IAFHMK_04930	68.6	188	59	0	3	190	4	191	2.90e-90	262
EABAIN_05390	LBKFJK_03595	67.6	188	61	0	1	188	1	188	3.78e-88	256
EABAIN_05390	DNKGCI_07055	65.5	194	67	0	1	194	2	195	1.44e-86	253
EABAIN_05390	DDDLLA_00740	63.0	192	71	0	3	194	4	195	2.92e-81	239
EABAIN_05390	JBKKJP_08165	88.2	110	13	0	1	110	1	110	6.59e-67	200
EABAIN_05390	CDIIGJ_02475	68.8	112	35	0	1	112	1	112	5.62e-52	162
EABAIN_05395	EHLNLG_09380	96.6	352	12	0	1	352	4	355	3.85e-250	679
EABAIN_05395	CNLKLD_04450	60.6	343	133	1	10	350	3	345	3.69e-153	434
EABAIN_05395	DHALJH_04980	72.8	202	51	3	1	200	1	200	4.86e-99	291
EABAIN_05400	BGHOFK_05075	77.6	312	69	1	1	312	1	311	4.99e-175	486
EABAIN_05400	LBKFJK_03615	69.4	314	94	2	1	313	1	313	8.87e-153	430
EABAIN_05400	KGIGEE_08380	54.0	313	18	1	1	313	1	187	1.05e-87	260
EABAIN_05400	CGMKCF_11440	93.4	136	9	0	178	313	1	136	8.21e-80	238
EABAIN_05405	AAKGEC_00940	100	87	0	0	1	87	1	87	4.09e-53	159
EABAIN_05410	AAKGEC_00935	100	445	0	0	1	445	1	445	2.28e-286	779
EABAIN_05415	HNAFAL_02430	94.6	148	8	0	1	148	1	148	3.61e-98	279
EABAIN_05420	BGHOFK_05055	82.6	230	39	1	1	230	1	229	1.09e-144	402
EABAIN_05420	CNLKLD_03790	73.5	226	56	1	1	226	1	222	3.91e-120	340
EABAIN_05420	AMBJPI_05760	37.9	211	128	2	2	212	3	210	8.84e-47	154
EABAIN_05425	AAKGEC_00920	98.4	248	4	0	1	248	1	248	2.06e-167	461
EABAIN_05425	CDIIGJ_02430	64.0	261	79	2	1	247	1	260	1.32e-106	308
EABAIN_05425	BGHOFK_05050	70.7	215	63	0	33	247	35	249	5.52e-103	298
EABAIN_05425	HNNKEJ_05160	72.5	200	53	1	51	248	70	269	2.34e-94	277
EABAIN_05425	AANGNE_02115	64.9	211	71	2	40	247	50	260	1.29e-89	265
EABAIN_05425	CNLKLD_03795	57.5	252	99	3	4	247	15	266	7.29e-88	261
EABAIN_05425	DNKGCI_06725	60.6	216	78	2	39	247	54	269	2.14e-85	254
EABAIN_05425	IAFHMK_07245	63.5	211	75	1	39	247	54	264	7.34e-85	253
EABAIN_05425	LBKFJK_01020	58.6	227	88	3	27	247	42	268	1.80e-81	244
EABAIN_05425	DDDLLA_06425	61.4	197	74	1	53	247	77	273	1.96e-79	239
EABAIN_05425	CNLKLD_06790	44.7	235	103	8	30	246	58	283	1.67e-46	155
EABAIN_05430	AAKGEC_00915	99.3	134	1	0	1	134	1	134	1.33e-80	233
EABAIN_05430	HNNKEJ_05155	59.7	134	54	0	1	134	1	134	3.86e-50	155
EABAIN_05435	DFCDFN_06275	78.1	347	75	1	1	347	11	356	9.13e-202	557
EABAIN_05435	DDKKPM_00580	74.0	346	89	1	1	346	10	354	5.20e-189	525
EABAIN_05435	CNLKLD_03805	68.4	345	108	1	1	345	1	344	4.29e-172	481
EABAIN_05440	IAFHMK_07265	82.1	145	25	1	36	179	33	177	5.21e-76	224
EABAIN_05440	HNNKEJ_05145	67.1	146	46	1	36	179	36	181	1.16e-56	176
EABAIN_05440	HPDOHA_04170	64.6	147	51	1	34	179	46	192	3.78e-55	172
EABAIN_05445	KABOBF_10205	98.7	594	8	0	1	594	1	594	0.0	1088
EABAIN_05445	EGFJBH_00655	39.2	502	273	13	5	484	4	495	3.16e-92	293
EABAIN_05445	CDIIGJ_03135	36.6	495	293	10	5	487	4	489	2.05e-86	279
EABAIN_05450	MHGLEN_03375	95.1	587	29	0	1	587	1	587	0.0	1142
EABAIN_05450	DKACCG_05130	62.9	591	211	5	1	587	1	587	8.34e-272	754
EABAIN_05450	DNKGCI_03575	57.9	594	241	4	1	587	1	592	2.43e-248	694
EABAIN_05450	AGINCK_08250	55.4	590	259	2	1	587	1	589	1.12e-238	670
EABAIN_05450	LIMBNG_09570	30.2	566	332	16	27	543	8	559	1.12e-60	210
EABAIN_05455	AAKGEC_00885	98.9	379	4	0	1	379	1	379	7.47e-270	731
EABAIN_05455	HNNKEJ_05130	71.7	378	107	0	1	378	1	378	1.11e-195	544
EABAIN_05455	IAFHMK_07275	68.7	377	118	0	1	377	1	377	6.78e-188	524
EABAIN_05455	DDDLLA_00695	66.2	379	127	1	1	378	1	379	7.77e-180	504
EABAIN_05455	DNKGCI_01305	65.5	380	130	1	1	379	1	380	3.15e-179	502
EABAIN_05455	BGHOFK_05020	64.5	375	131	1	1	375	2	374	5.77e-173	486
EABAIN_05455	IAFHMK_07090	53.3	375	171	3	8	379	5	378	6.25e-138	397
EABAIN_05455	AAOIOD_01845	34.8	368	225	8	8	365	6	368	3.75e-53	180
EABAIN_05455	DNKGCI_10640	33.2	325	198	6	18	325	25	347	7.66e-44	156
EABAIN_05460	AAKGEC_00880	98.7	233	3	0	1	233	1	233	4.85e-154	426
EABAIN_05460	AANGNE_02145	67.1	231	76	0	1	231	1	231	5.47e-100	290
EABAIN_05460	IAFHMK_07280	63.6	231	84	0	1	231	1	231	2.68e-91	268
EABAIN_05460	DDDLLA_00690	58.9	231	95	0	1	231	4	234	5.68e-88	259
EABAIN_05460	LBKFJK_03675	58.4	231	96	0	1	231	15	245	3.90e-87	258
EABAIN_05460	DNKGCI_01310	56.3	222	97	0	10	231	3	224	1.14e-83	248
EABAIN_05465	AAKGEC_00875	98.0	305	6	0	1	305	1	305	5.41e-212	579
EABAIN_05465	AANGNE_02150	63.6	305	110	1	1	304	1	305	5.05e-132	377
EABAIN_05465	DNKGCI_01315	61.2	304	118	0	1	304	1	304	8.65e-130	371
EABAIN_05465	IAFHMK_07285	59.2	304	124	0	1	304	1	304	1.05e-126	363
EABAIN_05465	AAOIOD_01420	34.8	305	197	1	1	303	1	305	1.43e-55	182
EABAIN_05470	DDDLLA_00680	84.0	638	96	2	1	634	1	636	0.0	1010
EABAIN_05470	EPOEKF_01310	34.2	644	383	9	1	632	1	615	7.58e-108	338
EABAIN_05470	AAOIOD_01425	40.8	476	256	7	163	634	6	459	1.09e-101	322
EABAIN_05470	AIGDEK_01350	36.1	476	279	8	163	631	4	461	8.48e-85	278
EABAIN_05470	HNNKEJ_05590	30.9	660	406	15	1	634	1	636	1.72e-79	264
EABAIN_05470	AAOIOD_03820	33.1	649	391	22	1	621	1	634	1.06e-73	249
EABAIN_05470	AJKPDP_02890	31.0	649	408	20	1	622	1	636	2.42e-71	243
EABAIN_05470	HNNKEJ_05610	29.7	681	414	19	1	626	1	671	1.40e-69	238
EABAIN_05470	AANGNE_04005	36.0	456	259	10	163	600	5	445	1.69e-68	231
EABAIN_05470	BNBIEO_08450	33.7	489	286	12	163	627	5	479	6.87e-63	216
EABAIN_05470	EKEFPE_02095	28.5	481	308	11	1	464	1	462	1.25e-46	171
EABAIN_05475	DDDLLA_00675	80.5	477	93	0	5	481	8	484	2.00e-292	797
EABAIN_05475	AANGNE_03810	73.0	477	129	0	5	481	5	481	7.45e-264	725
EABAIN_05475	CNLKLD_03825	69.7	482	145	1	1	481	1	482	1.70e-246	681
EABAIN_05475	DKIIMI_05080	97.5	200	5	0	1	200	1	200	2.97e-134	385
EABAIN_05475	AAKGEC_11065	38.3	473	281	5	14	481	16	482	4.34e-110	334
EABAIN_05475	MCFIIO_10155	35.3	490	299	5	1	481	1	481	8.26e-104	318
EABAIN_05475	BGHOFK_00945	30.3	475	314	7	14	481	49	513	1.22e-63	214
EABAIN_05480	BGHOFK_04990	90.2	296	28	1	1	295	1	296	5.63e-191	525
EABAIN_05485	OAEMLE_06825	99.1	327	3	0	1	327	1	327	1.01e-232	635
EABAIN_05490	DDDLLA_00655	79.1	301	63	0	1	301	1	301	1.77e-167	466
EABAIN_05490	IAFHMK_07315	74.7	304	77	0	1	304	1	304	1.74e-155	436
EABAIN_05490	EEJBJI_05590	73.1	305	81	1	1	304	1	305	5.28e-153	430
EABAIN_05490	CNLKLD_03845	72.1	301	84	0	1	301	1	301	9.53e-145	409
EABAIN_05495	AAKGEC_00845	98.9	185	2	0	1	185	1	185	1.35e-125	350
EABAIN_05495	HNNKEJ_05070	58.9	185	76	0	1	185	1	185	8.10e-74	219
EABAIN_05495	BPFCDP_12265	56.8	185	80	0	1	185	1	185	3.72e-70	210
EABAIN_05495	ABNNBP_08540	56.8	185	80	0	1	185	32	216	9.79e-70	210
EABAIN_05495	LBKFJK_03740	57.3	185	79	0	1	185	1	185	2.94e-69	208
EABAIN_05495	DNKGCI_01395	55.7	185	82	0	1	185	1	185	5.91e-69	207
EABAIN_05495	IAFHMK_07320	57.0	186	79	1	1	185	1	186	3.64e-66	200
EABAIN_05495	DDDLLA_00600	51.9	183	88	0	1	183	1	183	1.22e-61	189
EABAIN_05495	CDIIGJ_02340	54.8	157	71	0	29	185	1	157	1.68e-57	177
EABAIN_05495	AANGNE_03830	43.8	185	104	0	1	185	1	185	6.69e-49	156
EABAIN_05500	BAOMEA_00695	97.6	295	4	1	1	292	1	295	4.21e-201	550
EABAIN_05500	BGHOFK_04975	71.9	292	82	0	1	292	1	292	4.66e-149	419
EABAIN_05500	LBKFJK_03745	69.8	291	88	0	1	291	1	291	1.64e-148	417
EABAIN_05500	BPFCDP_12260	67.8	292	94	0	1	292	1	292	1.51e-138	392
EABAIN_05500	AANGNE_03835	76.9	255	59	0	1	255	1	255	5.19e-129	383
EABAIN_05500	NOKDAP_01685	34.9	295	186	1	4	292	3	297	1.93e-62	199
EABAIN_05500	FFEJFE_02900	35.0	294	185	2	4	292	3	295	7.86e-60	192
EABAIN_05500	NOKDAP_01690	35.6	292	183	2	4	291	3	293	2.20e-57	186
EABAIN_05500	AJKPDP_06850	73.4	128	34	0	165	292	1	128	5.01e-56	176
EABAIN_05500	KMMJML_04790	33.6	295	187	6	4	289	27	321	9.98e-46	156
EABAIN_05505	AAKGEC_00835	98.1	540	10	0	1	540	1	540	0.0	992
EABAIN_05505	HNNKEJ_05060	69.8	540	163	0	1	540	1	540	4.28e-267	738
EABAIN_05505	CDIIGJ_02330	65.9	540	184	0	1	540	1	540	4.03e-246	685
EABAIN_05505	BGHOFK_04970	55.0	538	238	2	1	538	1	534	7.71e-194	552
EABAIN_05505	IAFHMK_07330	51.1	528	253	4	15	540	14	538	4.56e-178	512
EABAIN_05505	AAOIOD_06645	49.0	547	267	5	1	538	1	544	2.91e-173	500
EABAIN_05505	LBKFJK_03750	44.8	567	282	6	1	540	1	563	2.13e-153	450
EABAIN_05505	DDDLLA_00590	44.6	549	290	6	1	540	1	544	6.55e-153	448
EABAIN_05505	DNKGCI_01405	44.0	568	286	6	1	540	1	564	1.28e-149	440
EABAIN_05505	AANGNE_03835	48.8	488	240	3	59	538	255	740	8.81e-149	444
EABAIN_05505	BPFCDP_12255	33.3	544	351	6	1	540	1	536	1.22e-99	311
EABAIN_05505	BEGLKA_11690	71.6	102	29	0	201	302	1	102	3.29e-45	155
EABAIN_05510	AAKGEC_00830	98.4	123	2	0	1	123	1	123	3.27e-78	226
EABAIN_05515	ABNNBP_08525	93.9	264	16	0	1	264	1	264	5.62e-176	484
EABAIN_05515	CNLKLD_02580	69.5	256	78	0	1	256	1	256	7.99e-128	362
EABAIN_05520	CNLKLD_02275	93.8	176	11	0	1	176	10	185	6.30e-124	346
EABAIN_05525	BNPKDP_05395	80.1	301	60	0	1	301	22	322	2.55e-181	502
EABAIN_05525	BGHOFK_04955	72.1	297	83	0	4	300	5	301	1.42e-159	446
EABAIN_05525	CDIIGJ_02300	69.5	298	91	0	1	298	1	298	1.33e-152	428
EABAIN_05525	HNNKEJ_05040	67.8	298	96	0	1	298	1	298	7.27e-150	421
EABAIN_05525	LBKFJK_03770	57.0	300	126	1	1	300	1	297	3.15e-122	351
EABAIN_05525	DDDLLA_00570	57.4	298	124	1	1	298	1	295	6.34e-122	350
EABAIN_05525	DNKGCI_01425	57.7	298	123	1	1	298	1	295	4.07e-120	346
EABAIN_05525	IAFHMK_07345	60.1	291	105	4	15	301	1	284	7.69e-120	345
EABAIN_05525	CNLKLD_02280	50.3	294	139	3	6	299	3	289	1.03e-106	311
EABAIN_05525	CJHCCN_03770	50.2	295	141	3	5	299	30	318	6.68e-105	308
EABAIN_05530	DDDLLA_00375	80.2	363	72	0	1	363	38	400	6.19e-209	578
EABAIN_05530	BGCGKI_06785	73.0	137	37	0	1	137	10	146	1.11e-61	195
EABAIN_05530	AAKGEC_03190	34.8	333	199	9	40	361	19	344	2.33e-47	164
EABAIN_05535	DFCDFN_06170	92.1	229	18	0	2	230	3	231	5.44e-152	421
EABAIN_05535	DIBOGN_07175	42.9	219	113	5	3	217	1	211	3.62e-51	165
EABAIN_05535	AAKGEC_05665	38.3	227	131	2	3	220	1	227	7.50e-46	152
EABAIN_05540	AAKGEC_00800	95.8	311	13	0	1	311	1	311	9.20e-207	566
EABAIN_05540	CNLKLD_02315	69.8	311	94	0	1	311	1	311	1.41e-150	424
EABAIN_05540	DDDLLA_00365	66.9	311	102	1	1	311	2	311	1.27e-146	414
EABAIN_05540	AANGNE_06565	67.8	311	100	0	1	311	1	311	2.09e-145	411
EABAIN_05540	DNKGCI_01450	64.6	311	109	1	1	311	1	310	1.88e-136	388
EABAIN_05545	DFCDFN_06160	82.5	326	56	1	1	325	1	326	3.32e-198	546
EABAIN_05545	FIHDIM_11910	54.6	313	141	1	13	324	3	315	4.95e-125	360
EABAIN_05545	EIKFFD_04425	35.2	318	196	5	12	324	7	319	1.82e-58	190
EABAIN_05545	GKALEM_12320	28.3	315	216	5	12	323	7	314	4.76e-46	158
EABAIN_05550	DDDLLA_00355	84.3	722	113	0	1	722	21	742	0.0	1231
EABAIN_05550	EIKFFD_04430	60.4	719	275	5	11	722	10	725	6.80e-309	859
EABAIN_05550	ABIMCM_09390	59.4	716	285	4	11	722	5	718	1.02e-301	840
EABAIN_05555	AAKGEC_00785	99.3	140	1	0	1	140	1	140	1.79e-99	281
EABAIN_05555	CNLKLD_06585	74.1	135	34	1	1	134	1	135	1.64e-68	202
EABAIN_05555	AANGNE_06545	65.9	138	46	1	1	137	1	138	1.71e-65	195
EABAIN_05555	DNKGCI_01465	66.9	136	43	2	1	134	1	136	6.48e-60	181
EABAIN_05555	IAFHMK_04450	66.9	136	43	2	1	134	1	136	1.05e-59	181
EABAIN_05565	PEPBIK_07990	88.7	212	24	0	1	212	4	215	1.99e-125	352
EABAIN_05570	CNLKLD_06600	87.0	646	81	2	1	644	1	645	0.0	1098
EABAIN_05570	HNNJHH_01325	51.2	642	296	11	6	637	49	683	6.19e-212	608
EABAIN_05570	LBKFJK_02495	31.6	678	397	15	13	641	11	670	1.16e-94	305
EABAIN_05575	AAKGEC_00765	98.3	179	3	0	1	179	1	179	2.35e-123	344
EABAIN_05580	BGHOFK_04890	77.9	276	58	1	1	276	1	273	2.93e-146	410
EABAIN_05580	IHNEIG_03435	60.9	274	104	2	3	276	9	279	8.70e-112	323
EABAIN_05580	DNKGCI_01485	61.7	277	101	4	1	275	1	274	2.87e-111	322
EABAIN_05580	DDDLLA_00330	60.4	273	105	3	5	276	3	273	1.57e-104	305
EABAIN_05580	IAFHMK_04470	58.2	275	107	3	3	276	2	269	2.42e-104	304
EABAIN_05580	CNLKLD_06605	51.8	313	106	4	3	270	2	314	1.41e-92	276
EABAIN_05585	AAKGEC_00755	99.3	149	1	0	1	149	1	149	3.40e-106	298
EABAIN_05585	HNNKEJ_04840	73.8	145	38	0	5	149	3	147	2.07e-77	226
EABAIN_05585	IAFHMK_04475	62.5	144	54	0	5	148	3	146	3.49e-62	187
EABAIN_05585	AANGNE_06520	56.9	144	61	1	5	147	3	146	3.23e-52	162
EABAIN_05590	BACFJJ_03605	79.0	828	169	4	1	824	1	827	0.0	1297
EABAIN_05590	HNNKEJ_03900	39.9	674	392	4	3	667	5	674	1.06e-159	486
EABAIN_05590	LBKFJK_02490	28.6	732	459	19	2	694	5	711	8.16e-76	264
EABAIN_05595	MPMINF_04995	100	301	0	0	1	301	1	301	2.55e-212	580
EABAIN_05595	AMCIGH_01490	52.7	298	138	1	6	300	7	304	1.83e-103	304
EABAIN_05600	FAKCMI_00935	76.8	362	84	0	1	362	1	362	1.34e-206	570
EABAIN_05600	AGDPFD_03930	63.4	361	132	0	1	361	1	361	2.19e-163	461
EABAIN_05600	AIPJBK_10920	96.6	174	6	0	189	362	1	174	3.00e-113	326
EABAIN_05600	OAEMLE_07015	93.2	148	10	0	116	263	1	148	7.62e-93	273
EABAIN_05600	CEHAJH_00005	36.2	301	172	6	25	321	25	309	6.80e-54	180
EABAIN_05600	JBLIPD_09840	50.3	155	75	1	7	159	5	159	1.81e-46	155
EABAIN_05605	AAKGEC_00735	98.6	216	3	0	1	216	1	216	1.36e-147	409
EABAIN_05605	DBFGIH_03930	59.3	216	84	2	1	215	1	213	5.36e-84	248
EABAIN_05610	AAKGEC_00730	99.0	398	4	0	1	398	1	398	9.76e-287	776
EABAIN_05610	MMHDPA_05760	70.1	157	47	0	1	157	1	157	4.48e-74	227
EABAIN_05610	NPNEBP_04655	47.0	198	101	1	7	200	5	202	9.04e-53	174
EABAIN_05615	AGDPFD_03945	82.4	153	27	0	1	153	1	153	2.01e-88	254
EABAIN_05620	AAKGEC_00720	99.3	150	1	0	1	150	1	150	8.32e-103	290
EABAIN_05620	DDDLLA_00280	72.3	141	39	0	10	150	2	142	4.39e-74	217
EABAIN_05620	CNLKLD_07375	69.3	150	46	0	1	150	1	150	1.10e-71	211
EABAIN_05625	BGHOFK_04865	85.8	296	42	0	6	301	6	301	5.84e-180	498
EABAIN_05630	AAKGEC_00710	98.0	147	3	0	1	147	1	147	9.38e-94	267
EABAIN_05630	DNKGCI_01520	70.1	147	44	0	1	147	1	147	3.06e-67	200
EABAIN_05630	HNNKEJ_00710	71.4	147	39	1	1	147	1	144	1.31e-65	196
EABAIN_05630	DICHKL_01080	64.4	146	52	0	2	147	3	148	1.92e-61	185
EABAIN_05635	AGINCK_00645	98.5	523	8	0	1	523	18	540	0.0	1008
EABAIN_05635	HNNKEJ_04795	66.0	520	162	3	5	512	17	533	2.11e-253	703
EABAIN_05635	BGHOFK_04855	65.1	513	171	3	3	511	20	528	2.53e-234	654
EABAIN_05635	IAFHMK_00375	60.7	507	179	3	4	510	20	506	5.91e-221	619
EABAIN_05635	DNKGCI_07700	55.6	504	211	5	9	510	29	521	9.62e-192	546
EABAIN_05635	IAFHMK_09385	50.2	504	226	3	4	507	19	497	4.38e-172	495
EABAIN_05635	AANGNE_03460	50.8	498	221	5	16	513	38	511	1.61e-170	491
EABAIN_05635	DDDLLA_06110	51.2	512	238	4	9	520	24	523	7.58e-169	488
EABAIN_05635	CNLKLD_04180	46.5	520	247	6	3	513	18	515	2.50e-149	438
EABAIN_05635	LBKFJK_01215	44.0	518	265	4	3	520	23	515	4.01e-146	429
EABAIN_05635	DNKGCI_06920	43.5	510	263	4	4	513	24	508	1.93e-140	415
EABAIN_05635	DDDLLA_06235	43.7	519	266	4	4	522	22	514	2.26e-140	414
EABAIN_05640	BGHOFK_04850	83.3	318	52	1	1	318	1	317	1.56e-190	526
EABAIN_05640	CNLKLD_03550	75.4	313	75	2	5	317	4	314	1.67e-168	470
EABAIN_05645	BGHOFK_04845	79.6	225	45	1	1	225	1	224	9.61e-126	354
EABAIN_05645	ACPHPF_07440	91.6	167	14	0	1	167	1	167	9.21e-109	310
EABAIN_05645	EHLNLG_05575	61.0	223	81	2	5	227	4	220	1.03e-93	273
EABAIN_05645	AGINCK_01445	58.9	224	84	3	1	224	1	216	3.31e-92	269
EABAIN_05645	CNLKLD_07450	61.2	224	81	2	1	224	26	243	4.85e-91	267
EABAIN_05645	KJOAFL_06700	59.4	224	83	3	1	224	1	216	4.88e-87	270
EABAIN_05645	CNLKLD_03860	43.7	229	121	3	5	228	6	231	3.08e-55	176
EABAIN_05645	CNLKLD_02960	43.4	235	119	5	2	226	3	233	1.01e-54	174
EABAIN_05650	GFPDIJ_07775	94.5	181	0	1	1	171	1	181	1.52e-106	301
EABAIN_05650	CDIIGJ_02160	75.2	157	39	0	1	157	1	157	1.93e-74	220
EABAIN_05650	BGHOFK_04840	70.3	158	47	0	1	158	1	158	1.29e-68	206
EABAIN_05655	AAKGEC_00685	100	441	0	0	1	441	1	441	1.18e-302	820
EABAIN_05655	BGHOFK_04835	60.9	435	167	2	6	437	9	443	3.18e-172	489
EABAIN_05655	HNNKEJ_04770	57.6	432	180	3	5	435	10	439	1.06e-162	465
EABAIN_05655	IAFHMK_09400	52.0	446	204	4	2	438	9	453	2.37e-146	424
EABAIN_05655	DNKGCI_07715	50.6	441	217	1	1	440	6	446	3.77e-146	423
EABAIN_05655	LBKFJK_07760	51.4	436	209	2	2	435	6	440	1.04e-145	422
EABAIN_05655	EHLNLG_05570	41.5	434	240	9	7	438	6	427	3.79e-101	308
EABAIN_05655	CNLKLD_07445	41.9	437	239	9	2	435	4	428	1.68e-93	288
EABAIN_05655	KJOAFL_06700	32.7	443	282	9	1	438	216	647	5.61e-69	230
EABAIN_05655	ABCLFC_08195	34.0	403	247	8	42	439	2	390	2.54e-68	222
EABAIN_05655	OFBCLB_02910	44.6	276	145	4	159	432	12	281	2.80e-67	216
EABAIN_05655	IAFHMK_02910	34.6	283	159	6	167	439	233	499	1.19e-42	156
EABAIN_05660	AAKGEC_00680	98.2	218	4	0	1	218	1	218	5.77e-150	415
EABAIN_05660	BGHOFK_04830	55.1	207	93	0	1	207	1	207	6.48e-83	245
EABAIN_05660	LBKFJK_07750	53.8	212	98	0	2	213	8	219	2.18e-77	231
EABAIN_05660	DNKGCI_07725	52.4	212	101	0	2	213	10	221	1.44e-73	222
EABAIN_05660	DDDLLA_06120	50.9	212	104	0	2	213	4	215	6.88e-72	217
EABAIN_05660	HNNKEJ_04760	59.9	182	73	0	1	182	1	182	2.03e-68	207
EABAIN_05660	IAFHMK_08705	49.0	210	106	1	2	211	6	214	6.62e-65	199
EABAIN_05660	BLCAGE_01450	44.9	216	116	2	1	215	7	220	4.58e-63	195
EABAIN_05660	CNLKLD_00725	43.7	213	119	1	1	212	1	213	6.41e-62	192
EABAIN_05660	DBFGIH_01630	45.4	216	115	2	1	215	1	214	2.07e-60	188
EABAIN_05660	IAFHMK_09405	47.4	213	111	1	1	213	1	212	9.31e-59	184
EABAIN_05660	BNBIEO_09525	44.9	214	115	2	1	213	1	212	2.20e-57	180
EABAIN_05665	AGDPFD_04480	83.3	606	100	1	1	605	1	606	0.0	985
EABAIN_05670	BPDDPD_11960	98.8	83	1	0	1	83	10	92	2.22e-51	160
EABAIN_05675	BPDDPD_11960	96.4	140	5	0	1	140	95	234	3.74e-95	273
EABAIN_05675	IAFHMK_04735	71.5	137	39	0	1	137	86	222	1.55e-70	211
EABAIN_05675	BGHOFK_09085	73.5	136	36	0	1	136	86	221	1.27e-69	208
EABAIN_05675	AANGNE_05160	67.9	137	44	0	1	137	86	222	8.98e-66	199
EABAIN_05675	DNKGCI_09960	66.2	136	46	0	1	136	86	221	7.07e-63	191
EABAIN_05675	OFBCLB_09540	61.9	139	53	0	1	139	86	224	2.12e-61	187
EABAIN_05675	LBKFJK_02595	57.7	137	58	0	1	137	86	222	1.08e-54	171
EABAIN_05675	CNLKLD_07340	56.9	137	59	0	1	137	86	222	5.44e-50	159
EABAIN_05680	BIHALF_01615	90.2	215	21	0	1	215	1	215	1.13e-135	379
EABAIN_05685	AAKGEC_00660	97.7	130	3	0	1	130	1	130	5.74e-89	253
EABAIN_05685	BGHOFK_03500	72.9	129	35	0	1	129	1	129	8.57e-66	195
EABAIN_05685	HNNKEJ_03570	58.9	129	53	0	1	129	1	129	8.77e-52	159
EABAIN_05690	KCGGLB_01940	97.5	635	16	0	1	635	1	635	0.0	1159
EABAIN_05690	AANGNE_04410	73.2	635	169	1	1	635	1	634	1.40e-313	863
EABAIN_05690	CNLKLD_07330	69.4	633	187	4	1	632	1	627	2.30e-296	820
EABAIN_05690	DNKGCI_09945	73.8	572	146	1	1	568	1	572	1.39e-295	818
EABAIN_05690	ABJDJH_14520	36.8	612	366	8	13	612	12	614	1.00e-121	374
EABAIN_05690	AANGNE_02030	35.8	509	324	3	1	509	1	506	1.21e-108	337
EABAIN_05690	AAKGEC_02945	34.8	511	329	4	1	511	1	507	3.39e-100	315
EABAIN_05690	IAFHMK_03460	34.5	521	328	5	2	516	1	514	5.29e-88	283
EABAIN_05690	IJGGPP_00190	35.3	529	309	9	2	513	1	513	2.51e-85	276
EABAIN_05690	CNLKLD_03745	33.2	614	379	13	7	612	7	597	1.73e-83	274
EABAIN_05690	BFGFFC_06765	32.1	517	338	6	2	511	1	511	2.30e-81	266
EABAIN_05690	AANGNE_00260	31.4	542	356	7	3	537	1	533	2.96e-75	250
EABAIN_05690	KPPIIN_12385	30.4	529	349	7	4	520	1	522	1.20e-72	243
EABAIN_05690	EIKFFD_03410	28.6	525	266	10	18	507	20	470	1.64e-51	184
EABAIN_05690	CDIIGJ_02890	26.2	527	328	12	12	513	10	500	3.37e-43	162
EABAIN_05690	HNNKEJ_05380	27.5	542	283	14	13	509	13	489	1.40e-42	160
EABAIN_05690	AGFMFG_08190	27.8	528	270	14	23	514	24	476	2.67e-41	156
EABAIN_05695	AIPJBK_10830	80.7	285	3	1	1	285	1	233	1.82e-151	422
EABAIN_05695	CDIIGJ_01950	73.4	282	75	0	3	284	4	285	3.00e-144	406
EABAIN_05695	BDEBFB_09480	99.4	169	1	0	117	285	1	169	3.75e-115	328
EABAIN_05695	OFBCLB_12300	50.9	273	128	2	12	284	10	276	2.89e-81	246
EABAIN_05700	AAKGEC_06595	99.5	220	1	0	1	220	1	220	3.23e-151	419
EABAIN_05700	ALNFEK_05165	55.3	219	86	4	1	211	1	215	1.28e-67	207
EABAIN_05700	EBABJH_02710	49.6	228	101	4	1	218	1	224	1.10e-59	187
EABAIN_05700	AGINCK_00520	52.4	206	87	3	1	199	1	202	1.06e-57	182
EABAIN_05700	BAOMEA_10335	44.5	211	103	4	1	204	1	204	3.91e-47	155
EABAIN_05720	AAKGEC_06615	100	209	0	0	1	209	1	209	2.45e-142	395
EABAIN_05720	DDDLLA_01035	74.2	209	54	0	1	209	1	209	8.61e-104	297
EABAIN_05725	HNNKEJ_03595	77.6	424	92	1	1	421	1	424	2.79e-235	648
EABAIN_05725	AANGNE_04420	72.5	418	115	0	3	420	2	419	9.92e-223	616
EABAIN_05725	CNLKLD_07320	69.4	418	128	0	4	421	3	420	2.85e-206	574
EABAIN_05725	DNKGCI_09935	62.7	421	155	2	3	421	2	422	1.11e-191	537
EABAIN_05725	DDDLLA_01030	62.9	423	155	2	3	423	2	424	1.26e-188	530
EABAIN_05725	LBKFJK_09830	65.2	420	144	2	4	421	3	422	5.30e-188	528
EABAIN_05735	CDIIGJ_02085	78.5	223	47	1	1	222	1	223	3.76e-123	347
EABAIN_05735	HNNKEJ_03600	74.3	222	53	2	1	222	1	218	4.08e-119	337
EABAIN_05735	BGHOFK_03520	71.2	222	61	1	1	222	1	219	3.32e-109	312
EABAIN_05735	DDDLLA_01025	62.0	221	82	2	1	221	1	219	6.03e-98	283
EABAIN_05735	BNBIEO_08545	60.2	221	88	0	1	221	1	221	1.25e-93	273
EABAIN_05735	IAFHMK_04710	57.0	223	95	1	1	222	7	229	1.58e-88	260
EABAIN_05735	CNLKLD_06090	48.4	223	103	4	1	221	1	213	2.22e-65	201
EABAIN_05740	AAKGEC_06635	100	218	0	0	1	218	1	218	1.67e-158	436
EABAIN_05745	AAKGEC_06640	98.7	230	3	0	1	230	1	230	2.83e-156	432
EABAIN_05745	CDIIGJ_02075	71.6	232	62	2	1	229	1	231	7.84e-106	304
EABAIN_05745	AECHFI_07860	66.5	230	71	3	1	229	1	225	1.14e-94	276
EABAIN_05745	HNNKEJ_03610	64.4	236	78	2	1	230	1	236	1.60e-94	276
EABAIN_05745	BGHOFK_03530	62.1	232	84	2	1	229	1	231	5.39e-90	264
EABAIN_05745	CNLKLD_06080	63.6	225	78	1	6	230	7	227	1.73e-89	263
EABAIN_05745	LBKFJK_09810	62.5	224	82	1	6	229	6	227	2.07e-88	260
EABAIN_05745	IAFHMK_04700	60.7	229	89	1	1	229	1	228	1.23e-87	258
EABAIN_05745	DNKGCI_09915	59.6	230	91	1	1	230	1	228	9.68e-87	256
EABAIN_05745	DDDLLA_01015	54.2	225	101	1	6	230	5	227	6.39e-75	226
EABAIN_05750	AAKGEC_06645	99.2	257	2	0	1	257	1	257	1.48e-185	508
EABAIN_05750	BGHOFK_03535	70.4	257	75	1	1	257	1	256	7.04e-131	370
EABAIN_05750	CNLKLD_06075	70.8	257	75	0	1	257	1	257	1.98e-128	363
EABAIN_05750	LBKFJK_09805	66.9	257	85	0	1	257	1	257	1.70e-122	348
EABAIN_05750	DDDLLA_01010	65.4	257	89	0	1	257	1	257	3.78e-119	340
EABAIN_05750	AANGNE_05105	65.8	257	87	1	1	257	1	256	2.99e-118	338
EABAIN_05750	IAFHMK_04695	61.5	257	99	0	1	257	1	257	1.78e-117	336
EABAIN_05750	DNKGCI_09910	63.4	257	94	0	1	257	1	257	1.19e-115	331
EABAIN_05755	BGHOFK_03540	83.5	121	20	0	1	121	1	121	1.68e-68	201
EABAIN_05755	JOBCMP_06735	70.9	117	34	0	1	117	1	117	5.94e-55	167
EABAIN_05760	AAKGEC_06655	99.3	271	2	0	1	271	1	271	1.42e-190	522
EABAIN_05760	KKACAP_04740	97.8	135	3	0	137	271	50	184	1.74e-87	258
EABAIN_05760	DNKIME_07440	36.9	268	163	4	2	266	11	275	3.11e-48	160
EABAIN_05760	DNKGCI_04350	38.0	271	156	5	2	266	5	269	3.73e-48	160
EABAIN_05760	DIBOGN_02545	34.7	268	169	3	2	266	32	296	2.35e-46	156
EABAIN_05765	AAKGEC_06660	99.6	453	2	0	1	453	1	453	0.0	909
EABAIN_05765	AANGNE_03875	73.2	425	106	2	1	417	4	428	3.04e-232	642
EABAIN_05765	DDDLLA_01000	72.4	421	114	1	1	421	1	419	1.93e-228	632
EABAIN_05770	AAKGEC_06665	98.5	135	2	0	1	135	1	135	1.23e-90	258
EABAIN_05770	CDIIGJ_02050	64.0	125	45	0	3	127	1	125	2.95e-51	158
EABAIN_05775	BIHALF_01680	74.2	383	99	0	1	383	1	383	2.27e-196	547
EABAIN_05775	IAFHMK_04895	65.2	385	133	1	1	384	1	385	8.56e-172	484
EABAIN_05775	CNLKLD_06055	62.7	386	142	2	1	384	1	386	1.73e-164	466
EABAIN_05775	LBKFJK_09780	59.7	392	155	2	1	391	1	390	7.67e-160	454
EABAIN_05775	DDDLLA_00990	58.3	381	158	1	1	380	1	381	5.76e-152	434
EABAIN_05775	DNKGCI_09890	56.2	388	169	1	1	387	1	388	2.69e-150	430
EABAIN_05775	DBFGIH_08970	58.9	389	158	2	1	388	7	394	1.16e-149	428
EABAIN_05775	PEPBIK_07465	95.6	183	8	0	1	183	1	183	6.49e-113	327
EABAIN_05775	BNBIEO_00315	31.8	340	225	5	50	387	49	383	1.55e-41	150
EABAIN_05780	AAKGEC_06675	99.0	104	1	0	1	104	1	104	6.64e-69	201
EABAIN_05785	AANGNE_03900	82.9	111	19	0	1	111	1	111	1.87e-63	187
EABAIN_05790	AAKGEC_06685	100	94	0	0	1	94	1	94	7.01e-64	187
EABAIN_05795	CJHCCN_08915	89.1	174	19	0	1	174	1	174	2.54e-92	277
EABAIN_05795	ABIMCM_06435	89.1	165	18	0	10	174	25	189	9.13e-87	263
EABAIN_05795	CNLKLD_05305	81.4	156	29	0	19	174	17	172	3.17e-75	233
EABAIN_05795	DNKGCI_08960	71.8	156	44	0	19	174	2	157	5.21e-63	199
EABAIN_05800	CJHCCN_08915	82.0	328	58	1	1	327	181	508	1.93e-186	524
EABAIN_05800	ABIMCM_06435	68.1	332	100	2	1	326	196	527	1.15e-151	436
EABAIN_05800	CNLKLD_05305	63.9	330	114	2	1	327	179	506	6.70e-145	418
EABAIN_05800	DNKGCI_08960	53.2	280	113	3	1	280	164	425	4.63e-84	260
EABAIN_05800	NOKDAP_02240	64.3	182	63	2	146	326	1	181	1.74e-75	229
EABAIN_05805	BNBIEO_00025	83.1	314	53	0	1	314	1	314	5.04e-183	507
EABAIN_05810	BEGLKA_13615	85.7	154	22	0	1	154	1	154	2.74e-100	285
EABAIN_05810	DDDLLA_00915	71.5	158	45	0	1	158	1	158	2.57e-84	244
EABAIN_05810	CNLKLD_02540	68.4	155	49	0	1	155	1	155	8.89e-81	235
EABAIN_05810	LBKFJK_09740	65.2	155	54	0	1	155	1	155	1.89e-78	229
EABAIN_05810	IAMBHH_04735	64.2	151	53	1	1	151	10	159	8.25e-70	207
EABAIN_05815	AAKGEC_06705	100	162	0	0	1	162	1	162	2.62e-114	320
EABAIN_05820	AAKGEC_06710	100	151	0	0	1	151	1	151	4.45e-103	291
EABAIN_05820	AANGNE_03930	70.6	153	43	1	1	151	1	153	5.04e-73	215
EABAIN_05820	OFBCLB_09350	66.0	153	50	1	1	151	1	153	1.29e-66	199
EABAIN_05825	AAKGEC_06715	98.4	192	3	0	1	192	1	192	5.28e-140	387
EABAIN_05825	ABCLFC_06920	71.1	187	54	0	1	187	1	187	1.29e-99	285
EABAIN_05825	CDIIGJ_02000	63.2	185	68	0	1	185	1	185	9.18e-88	256
EABAIN_05825	FMBBOG_04480	60.1	188	73	1	1	188	1	186	1.23e-84	247
EABAIN_05825	IAFHMK_04495	62.4	189	71	0	1	189	1	189	2.84e-84	246
EABAIN_05825	HNNKEJ_03695	59.0	188	77	0	1	188	2	189	3.96e-82	241
EABAIN_05825	LBKFJK_09725	57.5	186	78	1	1	185	1	186	1.81e-75	224
EABAIN_05825	DDDLLA_00900	54.1	185	85	0	4	188	3	187	1.39e-69	209
EABAIN_05825	DNKGCI_09845	54.5	176	80	0	7	182	7	182	3.87e-67	204
EABAIN_05830	AAKGEC_06720	99.5	216	1	0	1	216	1	216	1.49e-160	441
EABAIN_05830	AGKELP_02105	99.5	215	1	0	1	215	440	654	2.31e-153	439
EABAIN_05830	ABCLFC_06915	63.0	216	80	0	1	216	1	216	6.13e-98	283
EABAIN_05830	CDIIGJ_01980	59.3	214	87	0	3	216	3	216	4.04e-89	261
EABAIN_05830	IAFHMK_04860	57.9	214	90	0	3	216	2	215	2.46e-85	251
EABAIN_05830	HNNKEJ_03720	54.0	213	98	0	4	216	3	215	2.19e-81	241
EABAIN_05830	DDDLLA_00895	54.0	213	98	0	4	216	3	215	8.35e-79	234
EABAIN_05830	DNKGCI_09835	52.8	214	100	1	3	216	2	214	1.76e-75	226
EABAIN_05830	LBKFJK_09715	50.9	214	105	0	3	216	2	215	1.82e-75	226
EABAIN_05830	CJHCCN_03865	53.0	215	99	2	3	216	2	215	2.98e-74	223
EABAIN_05830	AANGNE_03935	50.2	213	105	1	4	216	3	214	3.84e-72	218
EABAIN_05830	BGHOFK_03600	49.8	215	106	2	3	216	2	215	1.13e-71	216
EABAIN_05830	EIKFFD_00245	49.5	214	107	1	3	216	2	214	1.67e-68	208
EABAIN_05830	CNLKLD_02555	50.5	200	97	1	17	216	3	200	7.03e-67	204
EABAIN_05835	BFGFFC_05595	98.9	436	5	0	1	436	1	436	2.84e-314	849
EABAIN_05835	AGKELP_02105	95.8	432	15	1	1	432	1	429	2.84e-295	810
EABAIN_05835	ABNNBP_08190	71.0	434	117	1	6	439	6	430	7.65e-229	632
EABAIN_05835	CDIIGJ_01975	60.8	439	167	1	1	439	1	434	5.46e-192	539
EABAIN_05835	IAFHMK_04855	58.3	434	165	1	6	439	2	419	1.58e-173	492
EABAIN_05835	DDDLLA_00890	57.7	435	167	2	4	437	3	421	3.21e-169	481
EABAIN_05835	DNKGCI_09830	60.4	391	155	0	49	439	29	419	3.11e-168	478
EABAIN_05835	CMMBIF_03290	55.2	442	186	3	6	440	2	438	2.80e-166	474
EABAIN_05835	DDKKPM_02530	56.7	436	171	3	4	439	11	428	2.37e-165	471
EABAIN_05835	HNNKEJ_03725	56.8	431	173	1	8	438	4	421	3.86e-165	471
EABAIN_05835	LBKFJK_09710	56.1	431	173	3	9	439	5	419	9.29e-163	464
EABAIN_05835	BEIAAA_10170	55.3	436	174	4	7	439	3	420	3.63e-160	458
EABAIN_05835	CNLKLD_02560	49.1	432	196	4	8	439	4	411	3.45e-140	407
EABAIN_05835	ABCLFC_06905	68.9	264	73	1	6	269	6	260	1.42e-132	382
EABAIN_05835	EIKFFD_00255	54.8	263	101	3	6	268	2	246	4.79e-91	275
EABAIN_05835	EIKFFD_00250	62.4	165	62	0	275	439	1	165	7.99e-63	200
EABAIN_05840	ABCLFC_06900	83.6	207	34	0	1	207	1	207	8.87e-125	350
EABAIN_05840	BGHOFK_03610	76.2	206	49	0	1	206	1	206	9.94e-110	312
EABAIN_05840	HNNKEJ_03735	71.0	207	60	0	1	207	1	207	1.77e-101	291
EABAIN_05840	IAFHMK_04845	68.3	205	65	0	1	205	1	205	4.34e-99	285
EABAIN_05840	LBKFJK_09700	65.9	205	70	0	1	205	1	205	1.10e-92	269
EABAIN_05840	CNLKLD_02570	61.4	207	80	0	1	207	1	207	9.06e-86	252
EABAIN_05840	DDDLLA_00880	61.8	207	79	0	1	207	1	207	7.37e-80	237
EABAIN_05845	AAKGEC_06735	99.4	165	1	0	1	165	1	165	4.44e-103	292
EABAIN_05845	ABCLFC_06895	65.0	157	55	0	1	157	1	157	1.15e-66	200
EABAIN_05845	DIBOGN_04320	70.8	154	45	0	1	154	1	154	1.36e-64	194
EABAIN_05845	HNNKEJ_03740	57.7	156	66	0	1	156	1	156	2.82e-52	163
EABAIN_05850	AAKGEC_06740	99.7	339	1	0	1	339	1	339	5.49e-229	625
EABAIN_05850	CNLKLD_02575	74.1	340	86	2	1	339	1	339	2.82e-164	461
EABAIN_05850	DNKGCI_09815	63.2	348	119	1	1	339	12	359	9.02e-149	422
EABAIN_05850	CLEGAA_12400	61.5	351	121	1	1	337	1	351	1.08e-141	404
EABAIN_05850	ABCLFC_06485	60.2	349	127	1	1	337	1	349	2.44e-138	396
EABAIN_05855	ABCBPP_06010	98.8	250	3	0	1	250	1	250	3.32e-174	479
EABAIN_05855	DFOKEG_05780	49.8	245	122	1	2	246	1	244	2.05e-75	229
EABAIN_05855	BACFJJ_03245	38.6	241	139	3	3	236	1	239	6.44e-48	164
EABAIN_05860	AANGNE_03965	91.0	312	28	0	1	312	1	312	1.47e-214	587
EABAIN_05865	HNNKEJ_03785	75.6	673	164	0	1	673	1	673	0.0	1026
EABAIN_05865	IAFHMK_06840	71.6	673	191	0	1	673	1	673	0.0	961
EABAIN_05865	AANGNE_03970	71.8	677	187	1	1	673	1	677	0.0	944
EABAIN_05865	DNKGCI_09785	69.0	672	207	1	3	673	2	673	0.0	912
EABAIN_05865	CNLKLD_02590	68.2	674	213	1	1	673	1	674	0.0	897
EABAIN_05875	EKJGNK_01690	99.8	403	1	0	1	403	1	403	6.99e-279	756
EABAIN_05875	CBFHCM_04120	71.2	393	113	0	4	396	4	396	1.52e-195	545
EABAIN_05880	ABCLFC_06855	85.1	194	29	0	1	194	1	194	2.43e-122	343
EABAIN_05880	HNNKEJ_03810	74.6	189	48	0	6	194	4	192	3.20e-106	302
EABAIN_05880	IAFHMK_06865	70.6	187	55	0	6	192	9	195	5.73e-101	289
EABAIN_05880	DDDLLA_00820	68.2	195	62	0	1	195	1	195	2.36e-99	285
EABAIN_05880	CJHCCN_03945	69.8	192	58	0	1	192	2	193	9.60e-99	283
EABAIN_05880	LBKFJK_09665	63.5	192	70	0	1	192	1	192	1.44e-90	263
EABAIN_05880	DNKGCI_09765	59.9	192	77	0	1	192	17	208	1.35e-87	256
EABAIN_05880	CNLKLD_07495	60.3	189	75	0	6	194	2	190	4.23e-83	244
EABAIN_05890	DNKGCI_09760	78.4	490	104	1	1	488	1	490	1.55e-279	765
EABAIN_05890	LLNAOI_05590	97.4	117	3	0	1	117	1	117	6.10e-58	187
EABAIN_05890	LLNAOI_05610	93.0	86	4	1	407	490	1	86	5.81e-48	160
EABAIN_05895	BGHOFK_03655	79.9	159	32	0	2	160	1	159	7.86e-93	266
EABAIN_05895	CDIIGJ_01890	68.9	161	50	0	2	162	1	161	2.22e-83	242
EABAIN_05895	HNNKEJ_03820	65.8	161	55	0	2	162	1	161	2.47e-80	234
EABAIN_05895	DNKGCI_09755	52.5	162	77	0	1	162	1	162	1.82e-66	199
EABAIN_05895	LBKFJK_09650	57.1	161	69	0	2	162	1	161	7.38e-66	198
EABAIN_05895	DDDLLA_00805	54.7	161	73	0	2	162	1	161	1.17e-64	194
EABAIN_05900	DDDLLA_00800	81.8	274	50	0	1	274	9	282	1.16e-165	459
EABAIN_05905	LKGJOH_05815	97.3	219	6	0	1	219	1	219	6.68e-149	414
EABAIN_05905	AMLBPA_06185	61.9	231	88	0	3	233	4	234	2.51e-96	280
EABAIN_05905	OFBCLB_01040	54.1	231	106	0	3	233	2	232	5.43e-83	246
EABAIN_05905	AGKELP_12495	53.1	213	100	0	10	222	8	220	1.39e-76	230
EABAIN_05905	DIBOGN_07175	50.2	231	110	3	4	233	2	228	6.17e-74	223
EABAIN_05905	PNKCLE_05480	43.4	221	119	2	1	216	1	220	2.94e-53	177
EABAIN_05905	CNLKLD_02755	43.9	221	118	2	1	216	1	220	5.41e-53	180
EABAIN_05905	MFAILH_05290	38.9	221	124	2	4	216	2	219	2.67e-51	166
EABAIN_05905	ACNHAK_01800	43.0	221	120	2	1	216	1	220	2.73e-51	176
EABAIN_05905	IAFHMK_03325	42.5	221	121	2	1	216	1	220	3.83e-51	175
EABAIN_05905	DFJEHO_03950	40.9	230	130	2	1	225	1	229	7.21e-51	174
EABAIN_05905	CEPOIM_07510	44.1	222	116	4	1	216	1	220	1.37e-50	174
EABAIN_05905	HNNKEJ_00830	42.5	221	121	2	1	216	1	220	3.70e-50	172
EABAIN_05905	AANGNE_07255	41.6	221	123	2	1	216	1	220	3.52e-49	170
EABAIN_05905	KEDLLM_11970	65.8	111	38	0	123	233	1	111	2.58e-48	154
EABAIN_05905	CMOKEC_11020	39.1	220	125	2	2	214	3	220	4.75e-47	155
EABAIN_05905	FFEJFE_01290	39.1	202	119	2	24	222	28	228	9.33e-47	154
EABAIN_05905	BOCCFK_10945	40.8	218	123	3	4	216	2	218	1.03e-45	151
EABAIN_05910	ABCBPP_06065	96.7	891	29	0	3	893	6	896	0.0	1570
EABAIN_05910	CDIIGJ_01870	69.2	895	270	3	1	893	1	891	0.0	1091
EABAIN_05910	HNNKEJ_03835	65.7	899	301	2	1	893	1	898	0.0	1077
EABAIN_05910	BGHOFK_03670	67.2	899	289	1	1	893	1	899	0.0	1063
EABAIN_05910	AAOIOD_00880	61.4	893	337	2	1	893	15	899	0.0	990
EABAIN_05910	LBKFJK_09630	58.3	896	368	1	4	893	7	902	0.0	958
EABAIN_05910	OFBCLB_09230	55.0	903	386	3	1	893	4	896	0.0	921
EABAIN_05910	DNKGCI_09725	58.2	899	370	1	1	893	5	903	1.07e-317	895
EABAIN_05910	JONLDN_06530	39.2	933	523	4	4	893	2	933	4.37e-199	593
EABAIN_05910	HIJKML_11920	38.6	933	529	6	4	893	2	933	7.11e-184	553
EABAIN_05910	DLODMN_11765	26.8	544	351	15	357	893	254	757	2.52e-43	168
EABAIN_05915	BNPKDP_05810	98.1	261	5	0	1	261	1	261	9.63e-191	521
EABAIN_05915	DDDLLA_10515	70.7	259	74	1	1	259	1	257	2.83e-129	366
EABAIN_05915	CNLKLD_06145	65.9	261	87	2	1	260	1	260	1.15e-120	344
EABAIN_05920	IAFHMK_06900	81.1	449	83	1	1	449	1	447	3.14e-267	731
EABAIN_05925	BKOEEG_07425	92.3	221	17	0	1	221	2	222	4.35e-149	413
EABAIN_05925	BGHOFK_03695	71.6	218	62	0	3	220	4	221	4.84e-116	329
EABAIN_05925	CDIIGJ_01855	68.8	215	67	0	3	217	4	218	3.86e-111	317
EABAIN_05925	HNNKEJ_03855	65.3	219	76	0	2	220	5	223	7.04e-107	306
EABAIN_05925	LBKFJK_09615	55.0	218	97	1	3	220	4	220	1.70e-83	247
EABAIN_05925	AANGNE_04155	54.3	219	98	1	3	221	10	226	4.04e-83	246
EABAIN_05925	DNKGCI_09710	57.3	206	87	1	3	208	4	208	2.54e-80	239
EABAIN_05925	CNLKLD_06125	51.8	218	104	1	3	220	2	218	3.89e-79	236
EABAIN_05925	DDDLLA_10505	52.8	218	102	1	3	220	10	226	1.44e-78	234
EABAIN_05925	IAFHMK_06905	47.7	220	113	2	3	221	2	220	1.54e-69	211
EABAIN_05925	CNLKLD_06755	36.8	212	132	2	5	215	7	217	5.81e-46	152
EABAIN_05930	AEMMAL_06890	91.9	607	49	0	1	607	2	608	0.0	1088
EABAIN_05930	IAFHMK_02330	31.3	514	277	17	10	487	5	478	9.36e-47	173
EABAIN_05935	AAKGEC_04135	98.6	211	3	0	1	211	1	211	3.78e-147	407
EABAIN_05935	CDIIGJ_01845	67.8	211	68	0	1	211	1	211	6.36e-100	288
EABAIN_05935	CNLKLD_06635	53.8	210	97	0	1	210	1	210	6.60e-76	227
EABAIN_05935	HNNKEJ_03870	75.4	122	30	0	90	211	1	122	3.00e-59	181
EABAIN_05935	DCAANM_11020	45.0	211	116	0	1	211	1	211	7.75e-55	173
EABAIN_05940	ABCLFC_06795	98.1	466	9	0	1	466	54	519	0.0	899
EABAIN_05940	PMADLC_11650	27.0	422	292	6	2	417	22	433	3.97e-48	172
EABAIN_05945	HNNKEJ_03900	90.2	830	70	3	1	825	1	824	0.0	1308
EABAIN_05945	BACFJJ_03605	41.3	690	388	8	5	684	3	685	4.13e-167	504
EABAIN_05945	LBKFJK_02490	28.9	689	425	24	5	656	6	666	3.52e-63	228
EABAIN_05950	AIPJBK_10570	99.4	361	2	0	1	361	1	361	1.54e-259	705
EABAIN_05950	IAFHMK_00160	70.4	362	106	1	1	361	1	362	2.63e-183	511
EABAIN_05950	AANGNE_06505	70.1	361	103	2	1	361	1	356	6.78e-182	507
EABAIN_05950	LBKFJK_09600	67.8	363	113	3	1	361	6	366	3.55e-177	496
EABAIN_05950	CNLKLD_06645	57.0	358	150	1	1	358	1	354	7.62e-146	416
EABAIN_05950	CDIIGJ_10300	34.5	316	204	2	33	348	8	320	6.23e-58	190
EABAIN_05950	DNKGCI_11535	36.0	308	186	4	28	334	2	299	4.63e-56	185
EABAIN_05950	HNNKEJ_05330	35.3	312	197	4	38	348	10	317	7.06e-56	185
EABAIN_05950	LBKFJK_00155	38.5	244	149	1	45	288	17	259	1.26e-54	181
EABAIN_05950	BGHOFK_04290	35.4	297	189	2	38	334	12	305	6.12e-54	180
EABAIN_05950	DDDLLA_10185	38.1	252	155	1	38	289	12	262	2.21e-53	178
EABAIN_05950	EIKFFD_04980	33.5	313	198	4	45	354	12	317	1.58e-52	176
EABAIN_05950	AIGDEK_03135	31.5	311	204	5	38	346	3	306	2.46e-51	172
EABAIN_05950	DDDLLA_02905	31.0	303	202	4	45	346	12	308	2.59e-51	172
EABAIN_05950	AANGNE_01255	39.9	248	140	5	45	288	12	254	6.66e-51	172
EABAIN_05950	CJHCCN_09955	33.8	311	192	5	38	343	5	306	1.09e-48	166
EABAIN_05955	KABOBF_09515	86.9	252	29	1	1	248	1	252	2.14e-154	429
EABAIN_05955	IAFHMK_00155	66.0	247	83	1	1	247	7	252	1.62e-112	323
EABAIN_05955	AANGNE_06500	63.9	241	86	1	5	245	3	242	2.41e-107	309
EABAIN_05955	PLBPOI_10525	64.7	232	81	1	8	239	3	233	4.15e-101	293
EABAIN_05955	LPLJMN_09705	60.7	219	86	0	27	245	27	245	8.34e-92	270
EABAIN_05955	CNLKLD_06650	57.1	233	98	1	15	245	13	245	2.53e-89	265
EABAIN_05955	DNKGCI_09390	55.4	242	104	2	3	243	2	240	5.79e-85	253
EABAIN_05955	FPMMJC_07405	45.2	228	117	4	20	244	20	242	6.95e-60	189
EABAIN_05955	IHNEIG_04095	44.0	243	130	4	5	244	19	258	4.40e-58	185
EABAIN_05955	AEFDGK_06020	45.0	220	117	2	13	229	6	224	6.78e-56	178
EABAIN_05955	FMHHMN_04610	40.9	235	133	4	14	246	5	235	8.77e-56	178
EABAIN_05955	CLEGAA_05000	42.9	226	123	4	20	242	44	266	1.59e-52	171
EABAIN_05955	HNNKEJ_08920	41.8	244	132	5	4	244	9	245	1.79e-52	170
EABAIN_05955	DFCDFN_01670	43.2	222	118	5	4	222	22	238	1.42e-51	168
EABAIN_05955	ANIMCG_09600	44.2	206	110	3	26	228	19	222	2.14e-51	167
EABAIN_05955	LLMEEB_11685	42.7	227	123	4	21	244	27	249	1.17e-50	165
EABAIN_05955	ABJDJH_09515	38.9	221	130	3	27	244	48	266	5.93e-49	161
EABAIN_05960	AKOOIJ_01825	96.1	415	15	1	1	414	1	415	2.12e-303	819
EABAIN_05960	FPCCFF_04280	99.1	317	3	0	98	414	388	704	3.16e-227	638
EABAIN_05960	EDFOEG_03240	43.4	286	150	4	125	405	27	305	3.25e-68	223
EABAIN_05960	ABJDJH_10055	42.3	281	150	3	127	403	28	300	7.58e-66	216
EABAIN_05960	ABJDJH_11975	42.5	287	158	4	125	409	27	308	7.58e-66	216
EABAIN_05960	AIPJBK_11325	42.0	286	152	5	125	405	27	303	1.08e-65	215
EABAIN_05960	ABJDJH_00785	38.2	288	164	4	125	403	37	319	8.50e-54	185
EABAIN_05965	AAKGEC_04100	99.6	921	4	0	1	921	1	921	0.0	1749
EABAIN_05965	PFILNK_06265	72.8	541	147	0	381	921	1	541	7.35e-282	791
EABAIN_05965	CNLKLD_06820	43.9	765	409	7	28	788	31	779	3.03e-198	591
EABAIN_05965	GGNLIA_06000	63.1	282	104	0	640	921	1	282	8.36e-120	365
EABAIN_05970	ABCBPP_06135	99.0	209	2	0	1	209	1	209	5.38e-146	404
EABAIN_05970	DDDLLA_03220	65.7	207	71	0	1	207	1	207	5.76e-95	275
EABAIN_05975	AAKGEC_04090	99.6	258	1	0	1	258	1	258	3.61e-182	499
EABAIN_05975	EOLLIN_02640	96.6	116	4	0	1	116	1	116	4.87e-76	227
EABAIN_05975	CNLKLD_06810	48.3	240	124	0	7	246	7	246	2.70e-72	221
EABAIN_05975	DHCEMN_00825	85.3	116	17	0	1	116	1	116	1.24e-64	198
EABAIN_05980	GGNLIA_06015	95.1	708	29	1	1	708	1	702	0.0	1313
EABAIN_05980	CNLKLD_06915	73.7	761	193	4	1	758	1	757	0.0	1098
EABAIN_05980	BGLHJG_00835	31.4	739	414	18	8	657	13	747	4.75e-89	295
EABAIN_05980	HBPNHC_03870	28.3	664	395	23	8	649	4	608	1.46e-56	203
EABAIN_05980	AKOOIJ_12725	25.7	666	407	19	8	648	5	607	2.01e-48	180
EABAIN_05985	ABCBPP_06150	100	155	0	0	1	155	1	155	5.37e-115	321
EABAIN_05985	OFBCLB_09165	67.3	156	50	1	1	155	1	156	2.78e-74	218
EABAIN_05985	IAFHMK_00145	65.2	155	54	0	1	155	1	155	3.81e-74	218
EABAIN_05985	LBKFJK_09580	61.5	156	59	1	1	155	1	156	4.16e-69	205
EABAIN_05990	CFLCIE_08105	99.5	190	1	0	1	190	1	190	2.78e-140	388
EABAIN_05990	DDDLLA_03950	69.1	188	58	0	1	188	1	188	3.83e-98	281
EABAIN_05990	BCGFPE_12600	50.8	181	89	0	5	185	3	183	1.10e-67	204
EABAIN_05990	JAFLJO_07670	69.7	119	36	0	1	119	1	119	2.37e-60	183
EABAIN_05995	ALHAGD_05895	99.2	126	1	0	1	126	1	126	5.40e-87	250
EABAIN_05995	LBKFJK_09570	68.9	148	45	1	1	148	1	147	2.50e-76	223
EABAIN_05995	CEHNAA_06810	88.9	117	13	0	32	148	1	117	3.00e-76	222
EABAIN_05995	AANGNE_06470	67.6	148	47	1	1	148	1	147	1.36e-72	214
EABAIN_05995	PELOCJ_09530	65.5	148	50	1	1	148	1	147	1.20e-68	204
EABAIN_05995	EIKFFD_09325	55.0	140	62	1	5	144	24	162	8.88e-53	164
EABAIN_05995	CHNCKL_00170	53.7	147	67	1	1	147	21	166	1.52e-52	164
EABAIN_06000	AAKGEC_04065	99.8	502	1	0	1	502	1	502	0.0	961
EABAIN_06000	ACNHAK_08095	60.3	496	190	3	7	499	8	499	1.37e-205	579
EABAIN_06000	CDIIGJ_08620	30.7	515	282	13	45	488	287	797	4.52e-59	208
EABAIN_06005	ABNNBP_07950	79.9	239	39	1	1	230	1	239	1.56e-102	296
EABAIN_06005	DHALJH_05560	73.6	231	57	3	1	229	1	229	1.34e-82	245
EABAIN_06005	CDIIGJ_01820	56.3	231	96	3	1	230	1	227	9.69e-54	172
EABAIN_06010	AAKGEC_04055	98.2	329	6	0	1	329	1	329	1.86e-231	630
EABAIN_06010	BGHOFK_03755	71.5	333	85	3	1	329	19	345	3.19e-162	456
EABAIN_06010	HNNKEJ_03945	68.9	328	82	2	1	328	1	308	4.53e-156	439
EABAIN_06010	LBKFJK_09565	67.3	327	87	2	1	327	2	308	2.47e-153	432
EABAIN_06010	IAFHMK_06915	65.7	327	92	1	1	327	18	324	3.35e-151	427
EABAIN_06010	DNKGCI_00665	65.1	327	94	1	1	327	1	307	1.43e-147	417
EABAIN_06010	AANGNE_06465	64.3	325	90	3	5	328	1	300	1.30e-141	402
EABAIN_06010	DDDLLA_03945	62.7	327	102	1	1	327	1	307	3.80e-138	393
EABAIN_06010	CNLKLD_06220	59.3	324	108	2	5	328	1	300	4.07e-126	362
EABAIN_06015	COBMDH_06290	90.8	306	22	1	1	300	8	313	1.53e-198	545
EABAIN_06015	DNKGCI_00660	69.6	296	90	0	1	296	1	296	5.41e-155	434
EABAIN_06015	AANGNE_06460	70.9	299	87	0	1	299	1	299	8.92e-154	431
EABAIN_06015	CNLKLD_06215	68.0	300	96	0	1	300	1	300	1.49e-147	416
EABAIN_06020	BGHOFK_03765	91.0	321	29	0	1	321	1	321	2.06e-207	569
EABAIN_06020	IAFHMK_06925	64.4	315	107	1	6	320	6	315	1.01e-140	400
EABAIN_06020	CNLKLD_01560	61.1	319	124	0	1	319	1	319	1.14e-138	395
EABAIN_06020	DDDLLA_03935	60.6	312	123	0	7	318	3	314	3.89e-131	375
EABAIN_06020	AANGNE_06610	42.1	316	177	3	1	315	1	311	3.60e-80	246
EABAIN_06020	AANGNE_00875	37.5	320	190	3	1	317	1	313	1.02e-77	239
EABAIN_06020	FAKCMI_10230	40.5	215	113	4	1	206	1	209	5.76e-52	171
EABAIN_06020	GHCKID_06985	34.9	318	197	6	6	323	2	309	2.62e-51	171
EABAIN_06020	AANGNE_02105	32.8	305	188	6	6	306	2	293	8.78e-51	170
EABAIN_06025	AAKGEC_04040	98.9	353	4	0	1	353	1	353	8.16e-254	689
EABAIN_06025	NAFEBK_08890	99.7	350	1	0	1	350	1	350	2.14e-248	687
EABAIN_06025	DNKGCI_04625	59.3	349	142	0	1	349	1	349	1.95e-142	407
EABAIN_06025	AANGNE_02820	54.2	347	158	1	1	346	1	347	3.56e-126	365
EABAIN_06030	AAKGEC_04035	100	297	0	0	1	297	1	297	1.49e-189	521
EABAIN_06030	NAFEBK_08890	99.0	297	3	0	1	297	352	648	9.47e-183	518
EABAIN_06030	DNKGCI_11035	63.5	296	108	0	1	296	1	296	5.00e-125	358
EABAIN_06030	LBKFJK_03845	63.9	269	97	0	1	269	1	269	3.44e-116	336
EABAIN_06030	AECHFI_07555	53.4	266	124	0	4	269	4	269	4.14e-90	270
EABAIN_06035	AAKGEC_04030	99.2	650	5	0	1	650	1	650	0.0	1213
EABAIN_06035	DBFGIH_04860	66.3	646	208	2	1	646	1	636	6.23e-308	850
EABAIN_06035	HNNKEJ_06800	64.8	648	216	2	1	648	1	636	1.81e-305	844
EABAIN_06035	JIGPNC_03510	34.9	653	384	13	9	650	6	628	3.20e-97	311
EABAIN_06035	BGHOFK_00615	35.0	671	366	19	5	650	3	628	1.55e-96	309
EABAIN_06035	PLIDEH_07035	34.3	664	380	15	5	647	3	631	2.03e-94	304
EABAIN_06035	PHNKGJ_02305	35.2	653	373	14	9	650	6	619	1.00e-90	293
EABAIN_06035	AANGNE_08360	33.3	670	375	15	5	647	3	627	2.29e-90	293
EABAIN_06035	JAIDNN_07690	34.0	670	365	17	5	647	177	796	4.58e-89	294
EABAIN_06035	CNLKLD_06030	33.0	663	374	17	9	638	7	632	4.93e-87	284
EABAIN_06035	GEDPFN_08620	33.3	666	382	14	5	646	3	630	4.23e-86	282
EABAIN_06035	CJHCCN_07355	33.6	670	379	17	5	650	3	630	4.63e-84	276
EABAIN_06035	BGHOFK_02935	31.6	665	392	15	5	639	3	634	1.19e-83	275
EABAIN_06035	CJHCCN_02135	31.3	648	405	13	9	650	6	619	1.33e-83	275
EABAIN_06035	IHNEIG_03910	29.2	651	414	15	5	648	2	612	3.81e-79	263
EABAIN_06035	BDEBFB_07105	29.9	675	395	14	9	648	8	639	1.32e-78	262
EABAIN_06035	EJEPOM_07410	29.9	649	406	13	10	648	7	616	2.16e-77	258
EABAIN_06035	AAKGEC_03590	30.2	658	410	14	16	646	12	647	6.35e-75	252
EABAIN_06035	OFBCLB_10540	30.4	654	391	14	6	648	3	603	1.24e-73	248
EABAIN_06035	LBKFJK_04765	29.6	659	390	12	10	645	9	616	2.12e-73	248
EABAIN_06035	DNKGCI_11580	30.7	646	384	15	9	624	8	619	2.89e-73	248
EABAIN_06035	AJKPDP_02710	30.1	661	393	16	13	649	19	634	3.41e-73	247
EABAIN_06035	GEDPFN_03060	29.9	653	403	16	9	649	8	617	4.62e-73	246
EABAIN_06035	DDDLLA_06080	28.1	648	419	11	9	647	6	615	8.94e-73	246
EABAIN_06035	BDEBFB_07090	30.1	667	387	16	9	649	6	619	3.46e-70	239
EABAIN_06040	CGMKCF_01490	98.9	283	3	0	1	283	1	283	4.86e-191	524
EABAIN_06040	GFJHCF_05910	100	178	0	0	1	178	1	178	5.76e-117	334
EABAIN_06040	DNKGCI_04640	60.7	280	110	0	1	280	1	280	4.97e-114	329
EABAIN_06040	LBKFJK_03870	52.7	283	129	2	1	281	1	280	2.54e-93	276
EABAIN_06040	DNKGCI_11010	52.0	277	132	1	1	277	1	276	1.22e-91	272
EABAIN_06040	DBFGIH_02365	42.6	282	161	1	1	282	1	281	5.96e-69	214
EABAIN_06040	HNNKEJ_06810	43.1	283	160	1	1	283	1	282	8.43e-69	214
EABAIN_06045	DDDLLA_03930	76.1	251	60	0	2	252	3	253	7.00e-136	382
EABAIN_06045	CPLMAE_10155	100	89	0	0	1	89	1	89	6.38e-56	176
EABAIN_06050	ABNNBP_07905	83.0	323	37	1	1	323	1	305	7.03e-199	546
EABAIN_06050	CDIIGJ_01380	68.4	316	82	2	7	321	1	299	1.13e-159	447
EABAIN_06050	BGHOFK_03800	65.0	323	95	1	1	323	1	305	5.41e-157	441
EABAIN_06050	HNNKEJ_04320	65.7	321	86	1	1	321	1	297	2.15e-154	434
EABAIN_06050	LBKFJK_09545	58.9	321	108	1	1	321	4	300	1.27e-137	391
EABAIN_06050	DNKGCI_00645	59.4	315	104	2	7	321	1	291	2.90e-134	382
EABAIN_06050	AANGNE_00295	60.0	315	102	1	7	321	1	291	1.67e-133	380
EABAIN_06050	IAFHMK_06935	56.1	319	116	2	1	319	1	295	6.27e-128	367
EABAIN_06050	DDDLLA_03910	52.7	313	124	1	7	319	1	289	5.01e-116	336
EABAIN_06050	PAGFJI_05740	87.0	138	18	0	61	198	1	138	4.44e-81	244
EABAIN_06050	MCFIIO_08860	31.0	329	176	9	1	310	1	297	1.17e-43	152
EABAIN_06055	HNAFAL_01760	100	193	0	0	1	193	1	193	4.03e-136	378
EABAIN_06055	HNNKEJ_04315	73.7	190	50	0	1	190	1	190	1.17e-99	286
EABAIN_06055	LBKFJK_09540	58.9	192	79	0	1	192	1	192	5.00e-83	244
EABAIN_06055	DNKGCI_00640	57.9	183	77	0	1	183	1	183	4.00e-80	236
EABAIN_06055	DDDLLA_03905	58.6	186	77	0	1	186	1	186	5.39e-79	233
EABAIN_06055	IAFHMK_06945	52.1	194	93	0	1	194	10	203	6.03e-66	201
EABAIN_06055	BGHOFK_03810	45.2	186	101	1	5	190	2	186	3.36e-58	181
EABAIN_06055	AANGNE_06445	45.7	188	101	1	1	187	1	188	4.57e-56	175
EABAIN_06055	DNKGCI_04875	42.7	192	108	1	2	193	3	192	9.17e-53	167
EABAIN_06055	CNLKLD_06195	40.2	189	113	0	1	189	1	189	5.99e-51	162
EABAIN_06060	AAKGEC_04005	99.3	445	3	0	1	445	1	445	0.0	917
EABAIN_06060	CDIIGJ_01560	72.5	436	120	0	10	445	5	440	1.72e-252	693
EABAIN_06065	AAKGEC_09510	84.6	175	27	0	1	175	1	175	9.32e-111	312
EABAIN_06065	CDIIGJ_01555	70.0	170	51	0	1	170	1	170	2.29e-83	243
EABAIN_06070	LBKFJK_09535	71.2	375	106	1	2	376	1	373	1.39e-200	556
EABAIN_06070	CNLKLD_06190	71.8	372	105	0	6	377	3	374	4.61e-199	552
EABAIN_06070	AANGNE_06440	71.8	373	103	1	3	375	4	374	3.22e-196	545
EABAIN_06075	BGHOFK_03820	81.7	268	48	1	1	268	1	267	5.04e-163	452
EABAIN_06075	IAFHMK_06955	62.5	264	95	1	5	268	1	260	1.12e-123	352
EABAIN_06075	DNKGCI_00630	59.1	264	104	1	5	268	1	260	3.66e-110	318
EABAIN_06075	LBKFJK_09530	56.3	263	110	2	5	267	1	258	4.86e-103	300
EABAIN_06075	BNBIEO_08330	52.0	271	121	3	5	269	8	275	1.24e-99	292
EABAIN_06075	DDDLLA_03895	53.8	266	121	1	5	268	1	266	1.79e-97	286
EABAIN_06075	CNLKLD_06185	50.2	257	124	2	17	269	2	258	2.19e-91	270
EABAIN_06080	AMCIGH_01055	80.8	146	28	0	1	146	19	164	4.51e-84	243
EABAIN_06085	GKALEM_05860	91.3	241	21	0	1	241	1	241	2.83e-168	464
EABAIN_06085	LBKFJK_09445	73.6	242	64	0	1	242	1	242	1.21e-132	373
EABAIN_06085	DDDLLA_03860	71.5	239	68	0	1	239	2	240	2.09e-127	360
EABAIN_06085	IAFHMK_06965	71.9	242	68	0	1	242	1	242	1.25e-126	358
EABAIN_06085	DNKGCI_00550	65.7	239	82	0	1	239	1	239	5.25e-116	331
EABAIN_06085	CNLKLD_06175	63.0	243	86	2	1	241	1	241	7.57e-110	315
EABAIN_06085	AANGNE_04480	58.3	247	97	4	1	242	1	246	4.86e-103	298
EABAIN_06085	OICAJO_06235	99.2	121	1	0	1	121	1	121	8.38e-84	246
EABAIN_06090	ADJCAM_00200	99.2	257	2	0	1	257	18	274	9.22e-184	504
EABAIN_06095	AAKGEC_03970	98.5	205	3	0	1	205	1	205	7.36e-142	393
EABAIN_06095	CDIIGJ_01160	74.5	204	52	0	1	204	1	204	1.67e-108	309
EABAIN_06095	BGHOFK_03840	70.2	205	61	0	1	205	1	205	1.83e-103	296
EABAIN_06095	HNNKEJ_04245	71.4	203	58	0	1	203	1	203	2.69e-100	288
EABAIN_06095	LBKFJK_09435	62.8	196	73	0	2	197	15	210	6.84e-83	244
EABAIN_06095	IAFHMK_06975	57.4	204	87	0	1	204	1	204	2.16e-81	240
EABAIN_06095	DNKGCI_00540	59.7	196	79	0	2	197	3	198	1.33e-80	238
EABAIN_06095	DDDLLA_03850	57.4	195	83	0	1	195	1	195	4.69e-75	224
EABAIN_06095	LEAGNF_10685	54.4	204	93	0	1	204	1	204	2.14e-71	215
EABAIN_06095	CNLKLD_06165	48.3	203	100	1	2	204	8	205	5.41e-58	181
EABAIN_06100	AAKGEC_03965	100	329	0	0	1	329	1	329	3.00e-237	645
EABAIN_06105	OAEMLE_07555	98.0	197	4	0	1	197	1	197	8.88e-133	370
EABAIN_06110	BGHOFK_03855	90.8	415	38	0	10	424	6	420	8.59e-263	718
EABAIN_06110	CCHDGN_00455	100	104	0	0	1	104	1	104	2.93e-61	194
EABAIN_06110	DFCDFN_01470	28.4	429	266	11	19	425	22	431	8.94e-41	150
EABAIN_06115	ABCBPP_06285	96.8	95	3	0	1	95	43	137	1.00e-63	188
EABAIN_06125	DDDLLA_03830	79.9	169	32	1	1	169	1	167	8.22e-103	291
EABAIN_06130	BGHOFK_03865	74.7	166	42	0	1	166	1	166	3.28e-90	259
EABAIN_06130	IAFHMK_07005	70.3	165	49	0	1	165	2	166	9.81e-86	248
EABAIN_06130	HNNKEJ_04190	70.3	165	49	0	1	165	1	165	1.65e-83	243
EABAIN_06130	DDDLLA_03725	59.8	164	66	0	1	164	1	164	1.32e-75	223
EABAIN_06130	AANGNE_05210	62.4	165	61	1	1	164	1	165	9.27e-75	221
EABAIN_06130	DNKGCI_00515	61.6	164	63	0	1	164	1	164	2.94e-72	214
EABAIN_06130	LBKFJK_09405	61.1	162	63	0	1	162	1	162	5.92e-72	213
EABAIN_06130	CNLKLD_06050	57.0	165	71	0	2	166	3	167	4.65e-67	201
EABAIN_06140	AANGNE_05205	85.1	409	56	3	1	405	1	408	3.82e-238	654
EABAIN_06145	DNKGCI_00500	85.0	193	29	0	3	195	24	216	1.30e-119	337
EABAIN_06150	AAKGEC_03925	99.1	116	1	0	1	116	1	116	1.09e-75	219
EABAIN_06150	DDDLLA_03165	70.4	115	34	0	1	115	1	115	2.40e-54	165
EABAIN_06150	IAFHMK_07020	67.0	115	38	0	1	115	1	115	1.14e-52	160
EABAIN_06150	AANGNE_05195	70.7	116	33	1	1	116	10	124	5.94e-52	159
EABAIN_06150	CNLKLD_06015	69.0	116	36	0	1	116	1	116	6.57e-52	159
EABAIN_06155	AAKGEC_03920	99.4	349	2	0	1	349	1	349	5.49e-250	679
EABAIN_06155	BGHOFK_03885	72.8	349	95	0	1	349	1	349	2.85e-183	510
EABAIN_06155	HNNKEJ_04170	71.3	348	100	0	1	348	1	348	7.74e-181	504
EABAIN_06155	IAFHMK_07025	68.2	349	111	0	1	349	1	349	1.15e-175	491
EABAIN_06155	AANGNE_05190	66.4	348	117	0	1	348	2	349	3.93e-167	469
EABAIN_06155	CNLKLD_06010	64.1	348	121	1	1	348	1	344	2.50e-157	444
EABAIN_06155	CDIIGJ_01220	67.9	162	52	0	1	162	1	162	9.04e-78	236
EABAIN_06155	DDDLLA_03170	52.8	159	75	0	3	161	4	162	1.80e-52	171
EABAIN_06155	DNKGCI_00490	52.6	154	73	0	3	156	4	157	1.36e-49	163
EABAIN_06155	LBKFJK_09380	49.7	159	80	0	1	159	1	159	3.00e-48	159
EABAIN_06160	AAKGEC_03915	98.3	357	6	0	1	357	1	357	4.35e-251	682
EABAIN_06160	CDIIGJ_01230	70.3	357	106	0	1	357	2	358	6.20e-175	489
EABAIN_06160	HNNKEJ_04165	66.4	357	120	0	1	357	1	357	2.67e-171	480
EABAIN_06160	IAFHMK_07030	65.8	357	122	0	1	357	1	357	1.03e-168	474
EABAIN_06160	BGHOFK_03890	65.4	356	123	0	1	356	1	356	2.27e-165	465
EABAIN_06160	AANGNE_05185	60.5	357	141	0	1	357	1	357	3.55e-150	427
EABAIN_06160	CNLKLD_06005	58.5	349	143	1	9	357	8	354	6.33e-138	395
EABAIN_06160	DDDLLA_03175	55.3	356	159	0	1	356	1	356	4.64e-136	391
EABAIN_06160	DNKGCI_00485	55.2	355	159	0	1	355	1	355	9.43e-131	377
EABAIN_06160	LBKFJK_09375	53.7	356	164	1	1	355	2	357	5.04e-126	365
EABAIN_06165	AAKGEC_03910	98.8	165	2	0	1	165	1	165	1.90e-113	318
EABAIN_06165	ABCLFC_06410	71.3	164	47	0	1	164	1	164	9.40e-80	233
EABAIN_06165	HNNKEJ_04160	67.1	164	54	0	2	165	3	166	2.92e-70	209
EABAIN_06165	IAFHMK_07035	62.0	163	62	0	1	163	1	163	1.83e-68	204
EABAIN_06165	DDDLLA_03180	63.4	161	59	0	1	161	1	161	9.51e-67	200
EABAIN_06165	ACNHAK_08560	65.2	161	51	3	1	161	1	156	1.53e-66	199
EABAIN_06165	CDIIGJ_01235	62.6	163	61	0	2	164	3	165	6.82e-66	198
EABAIN_06165	LBKFJK_09370	63.0	162	59	1	1	161	1	162	1.20e-64	195
EABAIN_06165	BGHOFK_03895	59.1	164	67	0	2	165	3	166	4.55e-64	193
EABAIN_06165	DNKGCI_00480	60.6	160	62	1	2	161	3	161	1.46e-62	189
EABAIN_06165	EIKFFD_08670	61.7	162	57	3	1	162	1	157	2.45e-60	184
EABAIN_06165	CNLKLD_06000	61.4	166	57	5	1	165	1	160	4.12e-56	173
EABAIN_06170	CDIIGJ_01240	80.8	427	82	0	1	427	1	427	1.22e-243	669
EABAIN_06170	DNKGCI_00475	67.6	420	135	1	4	422	7	426	3.61e-196	549
EABAIN_06170	LBKFJK_09365	66.2	426	143	1	1	425	4	429	8.57e-192	538
EABAIN_06170	BNBIEO_08520	63.7	427	155	0	1	427	1	427	1.79e-191	537
EABAIN_06170	CNLKLD_05995	59.6	423	161	4	3	423	4	418	3.03e-168	478
EABAIN_06170	COBKPA_01185	56.6	419	182	0	5	423	5	423	1.11e-161	462
EABAIN_06175	KFHBHO_01280	99.5	212	1	0	1	212	1	212	8.15e-152	420
EABAIN_06175	NAECHE_07625	56.1	212	91	2	1	210	3	214	2.61e-77	231
EABAIN_06180	AAKGEC_03895	99.5	428	2	0	1	428	1	428	1.01e-301	816
EABAIN_06180	HNNKEJ_04145	72.8	426	116	0	1	426	1	426	9.57e-226	624
EABAIN_06180	IAFHMK_00135	72.0	428	120	0	1	428	1	428	3.45e-219	607
EABAIN_06180	BGHOFK_03910	71.7	424	120	0	5	428	3	426	4.04e-213	592
EABAIN_06180	DDDLLA_06740	36.5	417	255	4	3	415	4	414	6.85e-81	255
EABAIN_06180	DNKGCI_03930	35.8	402	253	2	3	404	4	400	4.63e-78	248
EABAIN_06180	LBKFJK_00840	35.5	403	253	5	3	404	6	402	1.98e-73	236
EABAIN_06185	AAKGEC_03890	99.0	296	3	0	1	296	1	296	1.13e-204	560
EABAIN_06185	CDIIGJ_01255	72.9	295	80	0	1	295	1	295	3.10e-149	419
EABAIN_06185	HNNKEJ_04140	73.4	293	77	1	1	292	1	293	3.70e-145	409
EABAIN_06185	BGHOFK_03915	69.6	296	90	0	1	296	1	296	1.14e-144	408
EABAIN_06185	IAFHMK_00130	65.5	293	100	1	1	293	1	292	6.08e-127	363
EABAIN_06185	DDDLLA_06750	51.7	294	132	4	2	291	4	291	3.59e-94	280
EABAIN_06185	DNKGCI_03940	50.7	294	135	4	2	291	4	291	3.29e-90	270
EABAIN_06185	LBKFJK_00850	47.7	300	142	5	2	291	3	297	2.08e-84	255
EABAIN_06190	BGHOFK_03920	85.4	198	29	0	1	198	1	198	1.71e-110	313
EABAIN_06190	IAFHMK_03870	72.2	194	54	0	1	194	1	194	3.44e-88	257
EABAIN_06190	AANGNE_03620	68.0	175	56	0	13	187	1	175	1.35e-77	229
EABAIN_06190	CNLKLD_08005	55.9	186	82	0	6	191	7	192	1.36e-65	199
EABAIN_06195	AAKGEC_03880	100	299	0	0	1	299	1	299	4.63e-210	573
EABAIN_06195	DDDLLA_03200	71.6	299	85	0	1	299	1	299	4.08e-151	424
EABAIN_06195	AANGNE_04290	71.6	299	85	0	1	299	1	299	1.43e-147	416
EABAIN_06195	CNLKLD_06700	66.3	291	98	0	8	298	7	297	2.36e-133	379
EABAIN_06195	EDFOEG_03245	40.2	296	171	4	4	297	728	1019	1.38e-56	196
EABAIN_06205	BGHOFK_03950	94.7	415	21	1	1	414	34	448	1.59e-262	718
EABAIN_06205	ABJDJH_10240	44.7	351	171	6	5	342	4	344	1.81e-86	268
EABAIN_06205	GNOKMM_04940	37.9	322	176	5	5	313	1	311	4.78e-61	201
EABAIN_06205	HNNKEJ_12195	43.4	281	148	5	13	283	8	287	1.76e-60	200
EABAIN_06205	AAKGEC_00645	37.5	299	168	3	4	283	2	300	4.43e-60	199
EABAIN_06205	BPDDPD_09330	41.7	235	131	3	5	238	1	230	2.72e-54	180
EABAIN_06205	BNBIEO_02790	42.8	236	129	3	6	237	3	236	4.33e-53	178
EABAIN_06205	CNLKLD_01840	40.9	235	135	2	6	240	7	237	2.61e-51	173
EABAIN_06210	CNLKLD_06710	76.0	262	60	2	3	262	6	266	1.59e-138	390
EABAIN_06215	BGHOFK_03960	86.9	267	34	1	1	266	1	267	1.07e-153	428
EABAIN_06215	ABJDJH_10250	36.2	246	157	0	1	246	1	246	3.60e-45	152
EABAIN_06220	AAKGEC_03855	98.6	355	5	0	1	355	1	355	7.10e-265	717
EABAIN_06220	CNLKLD_06720	65.4	355	123	0	1	355	1	355	2.97e-174	488
EABAIN_06225	ABCBPP_06390	98.6	286	4	0	1	286	1	286	4.64e-208	567
EABAIN_06225	LBKFJK_09270	54.4	283	129	0	1	283	1	283	1.19e-107	313
EABAIN_06225	DBDHAK_08795	43.2	280	159	0	4	283	12	291	3.22e-79	241
EABAIN_06225	IAFHMK_08205	43.8	283	159	0	1	283	7	289	1.21e-78	239
EABAIN_06225	HNNKEJ_09450	43.6	280	158	0	4	283	8	287	6.49e-78	238
EABAIN_06225	IAFHMK_08260	40.4	280	165	2	1	280	5	282	1.36e-68	214
EABAIN_06225	LBKFJK_09275	39.0	277	168	1	4	280	8	283	6.45e-64	202
EABAIN_06225	DDDLLA_08600	36.6	284	179	1	1	283	1	284	1.73e-60	193
EABAIN_06225	HNNKEJ_08330	35.6	281	180	1	1	280	1	281	1.53e-50	167
EABAIN_06225	CDIIGJ_06930	35.0	283	181	2	6	286	6	287	2.84e-48	162
EABAIN_06230	ABCBPP_06395	99.5	406	2	0	1	406	1	406	1.65e-301	828
EABAIN_06235	ABCBPP_06395	82.4	340	2	1	1	282	413	752	1.83e-184	525
EABAIN_06245	KJCAIL_05095	99.3	416	3	0	1	416	1	416	4.33e-274	745
EABAIN_06245	DDDLLA_04810	40.5	420	226	2	3	398	4	423	2.01e-94	290
EABAIN_06250	ABCBPP_06415	99.2	129	1	0	1	129	1	129	2.34e-83	239
EABAIN_06255	ABCBPP_06420	98.9	187	2	0	1	187	1	187	2.91e-121	340
EABAIN_06260	ABCBPP_06425	100	115	0	0	1	115	1	115	5.17e-87	247
EABAIN_06260	AAKGEC_04285	59.6	109	44	0	2	110	3	111	3.13e-45	150
EABAIN_06265	AAKGEC_11065	99.2	482	4	0	1	482	1	482	0.0	957
EABAIN_06265	MCFIIO_10155	51.6	483	209	5	13	482	11	481	7.47e-168	481
EABAIN_06265	HPKJMF_09580	99.1	230	2	0	1	230	1	230	2.29e-158	451
EABAIN_06265	AANGNE_03810	40.4	478	264	6	16	482	14	481	2.74e-108	329
EABAIN_06265	DDDLLA_00675	37.4	473	285	5	16	482	17	484	1.66e-104	320
EABAIN_06265	CNLKLD_03825	36.8	475	286	7	16	482	14	482	6.23e-104	318
EABAIN_06265	BGHOFK_00945	32.2	472	313	5	13	481	45	512	8.60e-65	217
EABAIN_06265	CMMBIF_03970	29.8	486	316	10	9	482	39	511	1.42e-58	201
EABAIN_06265	NAFEBK_09825	100	95	0	0	1	95	1	95	1.93e-54	177
EABAIN_06265	ACIHME_00950	32.0	366	237	5	120	481	147	504	2.63e-54	189
EABAIN_06270	MDKGKD_05780	99.2	840	7	0	1	840	2	841	0.0	1504
EABAIN_06270	DDDLLA_11280	70.0	837	247	3	1	834	1	836	0.0	1085
EABAIN_06270	HNNKEJ_05105	63.3	841	297	5	1	831	1	839	0.0	972
EABAIN_06270	DNKGCI_10915	49.0	783	386	5	9	783	8	785	6.64e-238	685
EABAIN_06270	DBFGIH_00895	40.9	673	373	10	8	667	7	667	7.93e-146	448
EABAIN_06270	LIMBNG_08850	34.5	739	447	10	8	729	4	722	5.86e-125	394
EABAIN_06270	GNOKMM_08040	32.1	542	328	12	201	724	4	523	6.14e-77	260
EABAIN_06270	JAPIMJ_06920	26.7	737	436	16	73	723	88	806	1.38e-50	191
EABAIN_06275	ABCLFC_06295	83.3	228	38	0	1	228	1	228	2.45e-133	374
EABAIN_06275	BGHOFK_01155	72.8	228	62	0	1	228	1	228	6.46e-119	337
EABAIN_06275	HDKJGO_02420	64.0	228	82	0	1	228	1	228	7.00e-103	297
EABAIN_06280	ABCBPP_06455	100	273	0	0	1	273	1	273	1.25e-185	509
EABAIN_06280	EHLNLG_00690	74.7	273	69	0	1	273	1	273	4.81e-144	404
EABAIN_06280	ABCLFC_06290	69.6	273	83	0	1	273	1	273	6.81e-130	369
EABAIN_06280	DICHKL_06140	68.1	273	84	1	1	273	1	270	2.74e-126	359
EABAIN_06280	LBKFJK_08455	61.2	273	105	1	1	273	1	272	1.33e-110	320
EABAIN_06280	DNKGCI_09605	57.9	273	114	1	1	273	1	272	2.52e-108	314
EABAIN_06280	LFIKOE_03490	100	97	0	0	1	97	1	97	6.74e-60	186
EABAIN_06290	BGHOFK_03990	75.1	453	113	0	5	457	1	453	2.15e-256	704
EABAIN_06290	HNNKEJ_04070	73.0	441	119	0	20	460	1	441	1.37e-239	661
EABAIN_06290	IAFHMK_07115	69.2	454	138	2	7	459	1	453	4.19e-230	637
EABAIN_06290	KMMJML_03790	99.4	317	2	0	144	460	1	317	4.18e-229	629
EABAIN_06290	DNKGCI_11085	66.4	449	148	1	15	460	2	450	3.93e-220	612
EABAIN_06290	LEAGNF_11255	62.7	459	167	1	1	459	7	461	3.66e-213	595
EABAIN_06290	OFBCLB_00530	61.7	457	170	3	7	459	1	456	9.77e-206	576
EABAIN_06290	CNLKLD_07440	58.4	454	186	1	7	460	4	454	2.16e-194	547
EABAIN_06290	BEGLKA_13015	88.9	253	28	0	5	257	1	253	4.57e-164	462
EABAIN_06290	DDDLLA_05020	32.2	460	284	6	27	460	21	478	1.10e-75	244
EABAIN_06295	CBEECJ_04715	78.5	534	115	0	1	534	1	534	2.07e-306	837
EABAIN_06295	CNLKLD_05260	68.1	536	164	4	1	529	1	536	6.40e-258	714
EABAIN_06300	EPFKBN_07295	96.6	204	7	0	1	204	1	204	2.71e-144	400
EABAIN_06300	HNNKEJ_04060	70.1	204	61	0	1	204	1	204	8.83e-107	305
EABAIN_06300	AMCIGH_01795	68.6	204	64	0	1	204	21	224	9.33e-104	298
EABAIN_06300	CDIIGJ_01810	69.3	199	61	0	6	204	12	210	3.81e-100	288
EABAIN_06300	IAFHMK_07130	61.9	202	77	0	3	204	5	206	1.68e-95	276
EABAIN_06300	BGHOFK_04000	63.9	202	73	0	1	202	1	202	2.55e-95	276
EABAIN_06300	LBKFJK_04310	57.9	202	83	1	5	204	2	203	1.36e-77	231
EABAIN_06300	DNKGCI_11080	53.2	201	92	1	6	204	4	204	2.90e-72	217
EABAIN_06300	OFBCLB_00525	54.9	206	91	1	1	204	1	206	1.25e-71	216
EABAIN_06300	CNLKLD_05985	50.9	173	81	2	36	204	27	199	7.90e-56	175
EABAIN_06305	MJPEDB_02195	98.2	389	7	0	1	389	1	389	1.09e-238	654
EABAIN_06305	IAFHMK_07140	65.6	381	130	1	1	381	1	380	6.35e-169	477
EABAIN_06305	DNKGCI_11065	61.7	384	147	0	3	386	2	385	3.03e-164	465
EABAIN_06305	AANGNE_05085	63.0	376	139	0	5	380	2	377	1.87e-162	461
EABAIN_06305	CNLKLD_06725	62.6	380	141	1	1	380	1	379	9.05e-161	457
EABAIN_06305	DDDLLA_08825	28.7	369	248	6	9	373	2	359	3.81e-44	156
EABAIN_06305	IAFHMK_04155	29.5	363	237	9	9	365	2	351	1.31e-42	152
EABAIN_06310	AAKGEC_11105	99.8	418	1	0	1	418	1	418	4.14e-250	685
EABAIN_06310	AANGNE_05080	73.0	411	111	0	1	411	1	411	2.07e-171	485
EABAIN_06310	DDDLLA_03390	55.4	413	184	0	1	413	1	413	5.04e-150	431
EABAIN_06310	DNKGCI_11060	59.9	411	165	0	1	411	1	411	2.51e-145	419
EABAIN_06310	CNLKLD_06730	58.0	405	168	2	1	404	1	404	2.02e-138	401
EABAIN_06315	AANGNE_05075	83.8	555	89	1	1	554	1	555	0.0	944
EABAIN_06315	FPMMJC_12745	38.6	547	325	6	7	544	3	547	1.17e-121	369
EABAIN_06320	COOGCK_06495	91.6	1820	59	3	1	1820	1	1726	0.0	2120
EABAIN_06320	ALPEGB_03715	95.8	566	24	0	1	566	1	566	3.46e-257	764
EABAIN_06320	KBNMIO_05655	99.2	254	2	0	937	1190	1	254	1.68e-89	305
EABAIN_06325	NCNHMD_07095	92.4	816	59	3	1	815	1	814	0.0	1494
EABAIN_06325	ABNNBP_07645	72.4	812	219	3	4	815	4	810	0.0	1162
EABAIN_06325	GEDPFN_00240	67.4	813	262	3	3	815	1	810	0.0	1074
EABAIN_06325	KBNMIO_05655	98.9	187	2	0	629	815	428	614	9.54e-100	322
EABAIN_06325	BIHALF_02320	34.2	839	406	39	4	741	3	796	3.04e-94	317
EABAIN_06325	EHLNLG_00765	76.9	199	42	1	619	813	1	199	4.86e-83	263
EABAIN_06330	AAKGEC_11230	98.7	876	11	0	1	876	1	876	0.0	1568
EABAIN_06330	HNNKEJ_03475	69.4	876	266	1	1	874	2	877	0.0	1126
EABAIN_06330	DDDLLA_07595	55.5	878	385	4	1	874	1	876	0.0	910
EABAIN_06335	DBDHAK_02875	99.6	236	1	0	1	236	1	236	1.35e-169	466
EABAIN_06335	DDDLLA_07600	64.5	234	81	1	3	236	2	233	2.25e-107	308
EABAIN_06335	AMCIGH_06210	38.7	235	135	4	8	235	5	237	1.84e-46	154
EABAIN_06350	HNNKEJ_03485	77.5	581	125	1	1	575	1	581	7.21e-318	870
EABAIN_06350	EPIGCM_03245	96.3	301	11	0	1	301	1	301	6.90e-198	555
EABAIN_06355	DDDLLA_07615	80.1	688	136	1	1	688	1	687	0.0	1030
EABAIN_06355	BHKCDL_06165	99.1	113	1	0	1	113	5	117	4.62e-63	205
EABAIN_06355	FFPGDJ_00115	31.5	524	318	13	57	569	261	754	2.92e-46	176
EABAIN_06360	AGKELP_09500	97.6	209	5	0	1	209	7	215	1.33e-136	380
EABAIN_06360	HNNKEJ_03500	67.0	206	68	0	1	206	1	206	7.12e-91	265
EABAIN_06360	DDDLLA_07620	63.2	204	75	0	2	205	6	209	6.61e-87	254
EABAIN_06365	KFHBHO_04850	98.2	113	2	0	2	114	7	119	6.64e-77	222
EABAIN_06365	FODPPA_04090	77.1	109	25	0	1	109	39	147	1.65e-58	176
EABAIN_06365	DMIHID_01945	70.5	112	33	0	1	112	1	112	4.74e-53	161
EABAIN_06370	EKJHIG_06335	88.9	503	56	0	4	506	8	510	0.0	883
EABAIN_06370	AMLBPA_03320	39.3	425	221	13	32	438	26	431	1.24e-86	277
EABAIN_06370	HJMHNM_04985	39.1	376	130	5	222	505	368	736	3.63e-76	253
EABAIN_06370	JFBCPF_06450	38.9	375	126	5	225	505	386	751	2.54e-73	246
EABAIN_06370	AANGNE_08390	47.3	315	143	10	209	505	277	586	4.12e-73	242
EABAIN_06370	BEIADI_04650	46.3	285	138	5	225	505	268	541	2.32e-71	236
EABAIN_06370	HKGGDN_00880	38.4	375	132	5	225	505	401	770	9.25e-71	239
EABAIN_06370	EMAPBM_08485	45.8	286	138	6	225	505	278	551	1.56e-70	234
EABAIN_06370	BPNIAE_01525	44.8	306	151	8	208	506	458	752	2.51e-69	235
EABAIN_06370	CEHFAN_09595	43.2	303	158	7	208	504	321	615	4.52e-68	229
EABAIN_06370	NGIILC_03340	42.3	307	150	9	208	506	276	563	1.57e-67	226
EABAIN_06370	MKCKPI_00680	42.6	303	162	6	208	506	460	754	3.52e-67	229
EABAIN_06370	HNAFAL_03435	46.1	297	140	7	225	506	404	695	5.15e-67	228
EABAIN_06370	MBBCIM_07505	45.8	286	138	6	223	505	459	730	2.57e-66	227
EABAIN_06370	BCGFPE_00340	46.1	271	129	7	225	494	501	755	2.90e-65	224
EABAIN_06370	NGAPDN_05310	41.9	296	146	9	216	505	117	392	6.76e-65	215
EABAIN_06370	AIGDEK_05760	46.8	282	134	8	225	506	1106	1371	9.21e-65	227
EABAIN_06370	HPKJMF_00015	37.6	375	135	6	225	506	312	680	4.06e-64	220
EABAIN_06370	BDIDAC_05530	46.8	252	121	6	194	444	297	536	1.01e-62	214
EABAIN_06370	AIGDEK_00345	42.4	297	159	7	209	505	402	686	1.67e-62	216
EABAIN_06370	JFBCPF_10700	41.2	279	156	3	227	505	199	469	1.90e-61	208
EABAIN_06370	EHKLLF_07070	43.7	284	138	5	225	506	371	634	3.71e-61	211
EABAIN_06370	DFJEHO_00375	41.1	302	133	8	237	505	350	639	5.51e-61	211
EABAIN_06370	APEJKH_01060	43.5	269	135	4	249	505	302	565	1.45e-60	208
EABAIN_06370	PKGHFF_07100	40.2	316	161	10	208	504	665	971	4.06e-60	213
EABAIN_06375	PEPBIK_06785	92.8	665	48	0	1	665	1	665	0.0	1206
EABAIN_06375	DBFGIH_06730	73.0	666	179	1	1	665	25	690	0.0	979
EABAIN_06375	DFCDFN_07685	60.0	648	254	2	18	662	24	669	1.58e-276	772
EABAIN_06375	DDDLLA_10910	58.0	666	268	6	6	665	2	661	4.68e-261	733
EABAIN_06375	DNKGCI_07050	46.6	655	327	9	18	662	76	717	4.71e-191	560
EABAIN_06375	DDDLLA_00745	47.5	657	320	9	17	662	70	712	1.04e-187	550
EABAIN_06375	LBKFJK_03590	46.5	654	329	8	18	662	77	718	2.27e-187	551
EABAIN_06375	IAFHMK_04935	47.6	651	322	8	18	659	71	711	6.81e-187	550
EABAIN_06375	BLCAGE_03870	45.9	658	337	9	13	662	66	712	8.18e-184	541
EABAIN_06375	HNNKEJ_05215	44.7	673	348	9	2	665	53	710	7.64e-182	536
EABAIN_06375	CNLKLD_04440	42.1	651	357	9	17	662	67	702	3.72e-167	495
EABAIN_06380	AAKGEC_04495	98.1	360	7	0	1	360	1	360	8.27e-262	709
EABAIN_06380	CDIIGJ_01535	68.0	353	113	0	1	353	1	353	1.28e-176	494
EABAIN_06380	HNNKEJ_03350	64.8	349	123	0	1	349	46	394	1.78e-168	475
EABAIN_06380	IAFHMK_07580	61.9	349	133	0	1	349	1	349	2.96e-158	447
EABAIN_06380	DDDLLA_00970	59.9	354	142	0	1	354	1	354	2.34e-151	430
EABAIN_06380	ACPHPF_06565	59.8	353	71	1	1	353	1	282	2.74e-140	399
EABAIN_06380	DNKGCI_02925	54.5	345	157	0	1	345	1	345	8.78e-136	390
EABAIN_06380	LBKFJK_02945	55.0	349	157	0	1	349	1	349	2.40e-135	389
EABAIN_06380	DDDLLA_02970	55.0	349	157	0	1	349	1	349	1.18e-130	377
EABAIN_06385	JCMPCJ_06020	99.7	326	1	0	3	328	5	330	1.07e-230	628
EABAIN_06385	CDIIGJ_01530	59.1	328	133	1	1	328	1	327	8.12e-132	378
EABAIN_06385	HNNKEJ_03355	52.8	322	148	2	1	321	1	319	1.79e-112	328
EABAIN_06385	ABCLFC_05865	51.1	319	151	3	1	318	1	315	8.29e-105	309
EABAIN_06385	IAFHMK_07585	49.8	319	156	2	1	319	1	315	9.20e-104	306
EABAIN_06385	DDDLLA_00965	45.6	320	169	2	1	318	1	317	3.52e-95	285
EABAIN_06390	ABIMCM_05575	99.0	208	2	0	1	208	1	208	3.23e-142	394
EABAIN_06390	HNNKEJ_03360	73.2	205	55	0	1	205	1	205	1.36e-109	312
EABAIN_06390	DDDLLA_00960	72.3	206	57	0	1	206	1	206	4.52e-105	300
EABAIN_06395	ABCLFC_05875	87.0	430	56	0	1	430	1	430	1.40e-267	730
EABAIN_06400	AAKGEC_04475	99.2	248	2	0	1	248	16	263	6.52e-179	491
EABAIN_06405	ABCLFC_05880	83.3	198	33	0	3	200	2	199	8.69e-123	345
EABAIN_06405	DDDLLA_00950	73.7	198	49	1	3	200	2	196	9.06e-103	294
EABAIN_06410	BEGLKA_12880	86.6	262	35	0	1	262	1	262	7.70e-175	481
EABAIN_06410	ONFANJ_06105	73.4	259	69	0	4	262	3	261	4.30e-146	409
EABAIN_06415	AAKGEC_04460	99.0	202	2	0	1	202	1	202	1.28e-145	402
EABAIN_06415	CDIIGJ_01510	71.4	199	57	0	4	202	2	200	1.29e-102	294
EABAIN_06415	HNNKEJ_03375	69.8	199	60	0	4	202	2	200	3.13e-98	283
EABAIN_06415	DFCDFN_09480	64.6	198	69	1	4	200	2	199	1.86e-90	263
EABAIN_06415	DDDLLA_00945	62.8	196	72	1	4	198	2	197	1.82e-84	248
EABAIN_06420	CGMKCF_00880	96.1	233	9	0	1	233	1	233	9.59e-156	441
EABAIN_06420	ABNNBP_07570	87.4	239	30	0	1	239	1	239	3.16e-150	417
EABAIN_06420	DDDLLA_00450	67.7	235	76	0	3	237	154	388	7.73e-113	328
EABAIN_06420	CDIIGJ_01505	64.0	239	85	1	1	239	1	238	6.48e-111	318
EABAIN_06420	HNNKEJ_03380	62.0	237	90	0	1	237	1	237	5.20e-108	310
EABAIN_06420	DDDLLA_00940	58.3	235	98	0	1	235	1	235	8.15e-100	290
EABAIN_06425	MKICBC_02795	97.3	256	7	0	1	256	1	256	6.11e-178	489
EABAIN_06425	CGMKCF_00880	96.5	259	9	0	1	259	238	496	7.92e-175	490
EABAIN_06425	DDDLLA_00935	74.3	253	65	0	1	253	1	253	4.37e-134	378
EABAIN_06425	DDDLLA_00435	73.3	251	66	1	2	252	3	252	7.61e-131	370
EABAIN_06430	AAKGEC_04445	99.1	212	2	0	1	212	1	212	1.88e-152	421
EABAIN_06435	EGPLAC_06475	96.3	272	7	1	1	269	1	272	2.62e-188	516
EABAIN_06435	CDIIGJ_01490	59.8	261	105	0	1	261	1	261	2.27e-113	326
EABAIN_06435	IAFHMK_07735	56.9	262	111	2	1	261	1	261	1.21e-100	294
EABAIN_06435	HNNKEJ_03395	53.1	262	123	0	1	262	1	262	7.07e-95	279
EABAIN_06435	DDDLLA_00925	47.3	262	137	1	1	261	1	262	6.56e-81	244
EABAIN_06440	AAKGEC_04435	99.4	319	2	0	1	319	1	319	1.49e-241	655
EABAIN_06440	CNLKLD_03455	34.8	279	168	6	6	274	3	277	2.62e-50	168
EABAIN_06445	NKPHMN_06025	90.2	480	47	0	1	480	1	480	3.00e-305	840
EABAIN_06445	HNNKEJ_04020	80.0	504	96	1	1	499	1	504	1.45e-287	787
EABAIN_06450	CDIIGJ_07070	77.5	338	75	1	4	341	3	339	3.63e-181	504
EABAIN_06450	BEGLKA_12820	75.0	336	83	1	1	336	1	335	1.56e-178	498
EABAIN_06450	AJANDE_09400	96.0	225	9	0	121	345	2	226	5.79e-150	421
EABAIN_06455	CDIIGJ_07075	81.1	455	85	1	1	455	1	454	4.16e-282	769
EABAIN_06460	KILFKA_03335	100	189	0	0	1	189	1	189	1.77e-135	386
EABAIN_06460	DFCDFN_05845	76.8	190	43	1	1	189	1	190	5.30e-109	309
EABAIN_06460	CDIIGJ_07080	77.4	190	42	1	1	189	1	190	3.88e-106	302
EABAIN_06460	LIIBMF_06040	100	132	0	0	60	191	1	132	1.89e-92	265
EABAIN_06465	KILFKA_03335	99.2	259	2	0	1	259	197	455	8.79e-179	499
EABAIN_06465	ABCLFC_05965	81.1	259	49	0	1	259	1	259	2.34e-149	417
EABAIN_06465	IAFHMK_10025	68.9	257	80	0	1	257	1	257	8.20e-127	360
EABAIN_06465	CDIIGJ_01455	69.8	258	78	0	1	258	1	258	2.19e-126	358
EABAIN_06465	DDDLLA_04285	66.1	257	87	0	1	257	1	257	8.36e-117	334
EABAIN_06470	AAKGEC_04405	99.6	570	2	0	1	570	1	570	0.0	1110
EABAIN_06475	AHPAPB_06590	86.8	570	75	0	1	570	1	570	0.0	983
EABAIN_06475	ABCLFC_11365	27.8	540	368	11	11	541	5	531	2.14e-50	182
EABAIN_06475	CNLKLD_05435	25.6	567	367	15	24	541	34	594	1.68e-40	155
EABAIN_06480	AAKGEC_04395	100	158	0	0	1	158	1	158	3.77e-87	251
EABAIN_06480	DDDLLA_03605	55.7	158	70	0	1	158	1	158	1.71e-55	171
EABAIN_06485	AAKGEC_04390	99.1	340	3	0	1	340	1	340	7.48e-248	672
EABAIN_06485	NKPHMN_06025	98.2	219	4	0	122	340	477	695	1.05e-147	432
EABAIN_06490	AAKGEC_04385	99.3	416	3	0	1	416	1	416	9.95e-296	800
EABAIN_06490	AANGNE_09220	36.0	328	201	3	2	327	9	329	2.56e-65	211
EABAIN_06495	DDDLLA_03590	78.8	236	50	0	1	236	1	236	1.20e-136	383
EABAIN_06495	CNLKLD_06755	69.1	236	72	1	1	236	1	235	1.42e-115	329
EABAIN_06495	AANGNE_04915	58.0	231	97	0	6	236	2	232	6.70e-92	269
EABAIN_06495	DNKGCI_11145	54.7	236	107	0	1	236	1	236	1.18e-88	261
EABAIN_06495	BGHOFK_04045	56.0	232	101	1	5	236	6	236	6.80e-88	259
EABAIN_06495	AANGNE_04155	38.1	218	132	3	1	218	6	220	7.17e-52	167
EABAIN_06495	HNNKEJ_03855	41.1	214	125	1	5	218	6	218	3.71e-51	165
EABAIN_06495	IAFHMK_06905	38.6	215	131	1	4	218	1	214	1.12e-49	161
EABAIN_06495	BKOEEG_07425	36.4	214	135	1	5	218	4	216	1.30e-48	159
EABAIN_06495	CNLKLD_06125	39.1	215	129	2	4	218	1	213	1.64e-48	158
EABAIN_06495	BGHOFK_03695	37.5	216	134	1	3	218	2	216	2.52e-48	158
EABAIN_06495	LBKFJK_09615	37.9	214	131	2	5	218	4	215	2.84e-47	155
EABAIN_06495	DDDLLA_10505	37.4	214	132	2	5	218	10	221	6.55e-47	154
EABAIN_06495	DNKGCI_09710	36.4	214	134	2	5	218	4	215	2.47e-45	150
EABAIN_06500	NEBMPO_04790	100	126	0	0	1	126	1	126	7.27e-86	245
EABAIN_06500	DDDLLA_02155	68.3	123	39	0	2	124	3	125	1.85e-56	171
EABAIN_06505	FIHDIM_06450	86.9	282	37	0	1	282	1	282	2.42e-180	497
EABAIN_06505	DDDLLA_03585	65.6	279	96	0	1	279	2	280	7.28e-134	379
EABAIN_06505	LBKFJK_02135	65.4	280	97	0	1	280	1	280	1.94e-133	378
EABAIN_06505	DNKGCI_11140	65.2	279	97	0	1	279	1	279	3.84e-131	372
EABAIN_06505	CEHAJH_05250	62.5	283	104	2	1	281	1	283	1.77e-127	363
EABAIN_06505	CNLKLD_06760	61.3	279	108	0	1	279	1	279	4.00e-126	360
EABAIN_06510	NJMHHG_04155	86.3	688	94	0	22	709	28	715	0.0	1201
EABAIN_06510	HPKJMF_09865	100	78	0	0	51	128	1	78	3.54e-45	156
EABAIN_06515	DFCDFN_06050	87.8	443	53	1	1	442	1	443	2.78e-288	784
EABAIN_06520	CGMKCF_00270	98.3	361	1	1	1	356	1	361	7.37e-246	669
EABAIN_06520	AANGNE_04890	71.1	356	100	1	1	356	1	353	1.74e-175	491
EABAIN_06520	IHNEIG_04445	65.2	356	124	0	1	356	6	361	5.87e-164	462
EABAIN_06520	CDIIGJ_01400	61.2	356	138	0	1	356	1	356	1.90e-149	425
EABAIN_06520	DNKGCI_11120	59.0	356	146	0	1	356	1	356	1.72e-140	402
EABAIN_06520	ABCLFC_13480	53.1	356	167	0	1	356	1	356	3.55e-130	376
EABAIN_06520	CJHCCN_08765	56.9	355	148	4	7	356	5	359	8.50e-127	367
EABAIN_06520	IAFHMK_04565	53.4	356	155	4	2	356	4	349	1.39e-115	338
EABAIN_06520	BKOEEG_06700	51.7	358	170	2	1	356	1	357	2.95e-114	335
EABAIN_06520	CMOKEC_05705	51.0	349	163	3	10	356	11	353	8.93e-110	324
EABAIN_06520	OFBCLB_03370	50.6	340	165	2	17	356	15	351	4.41e-107	317
EABAIN_06520	ALBBCB_05790	49.0	349	172	3	8	356	6	348	6.47e-106	314
EABAIN_06520	NGAPDN_05485	44.5	366	188	2	1	356	1	361	9.33e-93	281
EABAIN_06520	JNMKIO_06740	43.7	348	163	4	9	356	10	324	1.00e-85	261
EABAIN_06520	COJBJG_03795	41.1	358	196	4	7	356	1	351	2.36e-76	238
EABAIN_06520	FHHLJO_07785	52.8	161	76	0	196	356	67	227	5.13e-54	177
EABAIN_06520	AGINCK_11425	44.7	188	101	2	21	208	26	210	3.88e-49	165
EABAIN_06525	CIEFDF_10550	83.9	93	15	0	1	93	1	93	1.48e-55	166
EABAIN_06530	JNMKIO_06740	77.5	351	52	1	1	351	1	324	1.37e-187	520
EABAIN_06530	AGINCK_11425	62.5	349	22	2	3	351	9	248	1.98e-131	375
EABAIN_06530	HNNJHH_00005	92.7	192	14	0	1	192	1	192	1.62e-122	350
EABAIN_06530	CMOKEC_05705	49.3	353	177	1	1	351	1	353	7.59e-115	337
EABAIN_06530	IAFHMK_04565	50.9	346	165	3	7	351	8	349	3.80e-114	335
EABAIN_06530	BKOEEG_06700	49.0	357	173	3	3	351	2	357	5.67e-113	332
EABAIN_06530	OFBCLB_03370	47.4	350	181	1	5	351	2	351	6.11e-111	327
EABAIN_06530	CGMKCF_00270	48.7	353	170	5	10	351	9	361	1.17e-105	313
EABAIN_06530	AANGNE_04890	46.1	345	183	1	10	351	9	353	1.46e-104	310
EABAIN_06530	ALBBCB_05790	43.9	344	193	0	8	351	5	348	2.99e-100	299
EABAIN_06530	IHNEIG_04445	47.0	349	177	4	10	351	14	361	5.16e-99	296
EABAIN_06530	CDIIGJ_01400	42.5	339	189	3	19	351	18	356	2.78e-89	271
EABAIN_06530	DNKGCI_11120	42.8	341	185	3	19	351	18	356	1.61e-85	262
EABAIN_06530	COJBJG_03795	41.7	348	196	4	11	351	4	351	4.41e-84	258
EABAIN_06530	CJHCCN_08765	40.9	352	196	5	11	351	9	359	1.42e-81	252
EABAIN_06530	ABCLFC_13480	38.9	339	201	2	19	351	18	356	1.47e-80	249
EABAIN_06530	NGAPDN_05485	36.1	352	214	4	11	351	10	361	1.00e-66	214
EABAIN_06540	BDMBBJ_03645	96.3	267	9	1	1	266	1	267	6.29e-186	511
EABAIN_06540	BGHOFK_01240	72.2	266	74	0	1	266	1	266	1.82e-141	399
EABAIN_06540	AANGNE_06065	66.2	263	89	0	1	263	1	263	1.58e-133	379
EABAIN_06540	LPLJMN_10770	66.5	266	89	0	1	266	1	266	4.68e-133	378
EABAIN_06540	BJLDLK_00655	67.7	263	85	0	1	263	1	263	9.10e-133	377
EABAIN_06540	AJCMKJ_07285	64.6	263	93	0	1	263	1	263	2.14e-125	358
EABAIN_06540	IAFHMK_05395	59.6	265	106	1	1	264	1	265	5.45e-115	332
EABAIN_06540	AGINCK_09360	65.2	181	10	1	86	266	1	128	3.57e-71	216
EABAIN_06545	CEFGEI_08345	93.6	313	20	0	1	313	1	313	2.98e-198	546
EABAIN_06545	ACDDAG_08405	43.6	291	163	1	26	316	26	315	9.74e-76	234
EABAIN_06545	BGHOFK_10045	39.7	312	175	5	10	316	13	316	1.28e-73	229
EABAIN_06545	EIKFFD_07815	38.5	314	189	1	3	316	6	315	1.59e-68	216
EABAIN_06545	BGHOFK_00980	33.3	315	209	1	1	314	1	315	9.55e-55	180
EABAIN_06550	CLAPNJ_06120	91.3	183	16	0	1	183	161	343	3.54e-105	305
EABAIN_06550	KKACAP_12135	79.8	183	12	1	1	183	1	158	2.05e-86	250
EABAIN_06550	BGHOFK_07025	68.7	163	51	0	20	182	6	168	3.77e-68	204
EABAIN_06550	AANGNE_03760	65.5	165	46	1	1	165	1	154	4.26e-65	197
EABAIN_06550	LBKFJK_04565	68.3	139	44	0	26	164	12	150	2.14e-59	182
EABAIN_06550	DDDLLA_10260	64.8	142	50	0	16	157	3	144	4.67e-58	179
EABAIN_06550	KGIGEE_00295	87.0	108	14	0	76	183	46	153	4.91e-53	166
EABAIN_06560	AJCMKJ_10760	95.7	186	7	1	1	186	1	185	4.32e-120	337
EABAIN_06560	HIJKML_11945	67.0	185	60	1	1	185	1	184	2.70e-84	246
EABAIN_06560	BGHOFK_10530	58.6	186	77	0	1	186	1	186	4.32e-74	220
EABAIN_06560	AANGNE_06075	58.9	185	76	0	2	186	2	186	4.32e-74	220
EABAIN_06560	HJMHNM_08885	55.1	185	83	0	2	186	2	186	6.72e-71	212
EABAIN_06560	AMDFJK_00990	95.4	108	5	0	1	108	1	108	4.54e-68	205
EABAIN_06560	CDIIGJ_00440	53.8	186	86	0	1	186	1	186	1.13e-64	196
EABAIN_06590	ABNNBP_07265	97.5	122	3	0	1	122	95	216	8.42e-81	238
EABAIN_06590	CMMBIF_02665	76.2	122	29	0	1	122	95	216	7.32e-62	190
EABAIN_06595	ALNFEK_06035	95.3	129	6	0	1	129	188	316	1.10e-82	244
EABAIN_06595	ABJDJH_12835	59.4	128	52	0	1	128	188	315	1.57e-47	154
EABAIN_06605	AAKGEC_08040	97.7	751	17	0	1	751	1	751	0.0	1449
EABAIN_06605	MFAILH_01190	49.6	744	370	3	4	743	3	745	7.60e-256	726
EABAIN_06605	APHEGK_13350	46.8	750	379	9	5	743	10	750	2.84e-232	666
EABAIN_06605	ACDDAG_09905	42.9	751	403	8	1	743	1	733	5.53e-202	588
EABAIN_06605	DDDLLA_08840	31.4	949	438	18	5	751	6	943	2.84e-130	409
EABAIN_06610	AAKGEC_08035	97.3	150	4	0	1	150	1	150	1.33e-99	282
EABAIN_06615	BPODCA_03890	96.7	426	14	0	1	426	8	433	1.23e-289	786
EABAIN_06615	FFEJFE_03515	70.8	421	118	2	1	421	1	416	6.38e-202	563
EABAIN_06615	DIBOGN_01685	55.2	422	180	3	1	418	8	424	3.68e-157	450
EABAIN_06615	LBKFJK_02100	47.1	425	211	4	1	418	1	418	5.96e-123	363
EABAIN_06615	CDIIGJ_00500	38.4	445	226	9	1	413	1	429	5.08e-79	250
EABAIN_06620	AAKGEC_08025	97.3	294	8	0	1	294	1	294	6.08e-208	568
EABAIN_06620	LBKFJK_02095	65.2	293	102	0	1	293	1	293	6.61e-138	390
EABAIN_06620	CDIIGJ_00495	58.0	286	120	0	1	286	1	286	3.58e-115	333
EABAIN_06625	AJCMKJ_06850	98.3	121	2	0	1	121	1	121	1.29e-81	234
EABAIN_06625	LBKFJK_02090	74.4	121	30	1	1	121	1	120	4.78e-61	182
EABAIN_06630	AMBJPI_12590	100	336	0	0	1	336	1	336	2.85e-246	669
EABAIN_06630	EJEPOM_07955	72.8	335	91	0	1	335	1	335	7.18e-183	508
EABAIN_06630	DDDLLA_11370	63.1	320	118	0	16	335	1	320	1.00e-152	431
EABAIN_06630	AGDPFD_04405	58.4	334	139	0	2	335	3	336	3.22e-146	415
EABAIN_06630	BPNNAG_09915	55.9	311	137	0	21	331	6	316	2.07e-131	377
EABAIN_06630	AANGNE_03955	47.8	337	172	3	1	334	1	336	3.78e-111	326
EABAIN_06630	HNNKEJ_05455	51.9	212	102	0	1	212	1	212	5.05e-76	233
EABAIN_06630	BPNNAG_09875	32.5	335	215	3	3	331	2	331	1.81e-59	194
EABAIN_06630	GKAHPE_09975	34.4	279	180	3	59	336	18	294	2.25e-53	177
EABAIN_06630	HNNKEJ_05450	65.7	108	37	0	228	335	1	108	8.27e-49	159
EABAIN_06635	AJCMKJ_04080	80.6	108	21	0	2	109	6	113	7.31e-58	173
EABAIN_06635	OPPHHN_11725	79.6	108	20	1	1	108	1	106	2.53e-50	154
EABAIN_06640	ABIMCM_10300	100	93	0	0	1	93	1	93	1.00e-58	174
EABAIN_06645	EIIOFH_10990	95.5	157	7	0	1	157	182	338	1.59e-101	295
EABAIN_06645	FHIFIE_01670	98.0	153	3	0	1	153	41	193	6.30e-99	293
EABAIN_06645	LLMEEB_11955	56.7	157	68	0	1	157	192	348	5.48e-58	184
EABAIN_06650	DDDLLA_02915	82.5	405	69	1	1	403	2	406	4.25e-243	666
EABAIN_06650	CNLKLD_04295	74.7	387	94	2	1	383	1	387	1.94e-212	588
EABAIN_06650	CDIIGJ_08620	59.2	191	78	0	1	191	1	191	1.53e-66	225
EABAIN_06650	LBKFJK_05595	47.4	196	99	3	1	194	1	194	7.04e-57	186
EABAIN_06650	ABCLFC_02160	48.2	193	94	3	1	192	1	188	1.05e-53	179
EABAIN_06650	DDDLLA_02910	48.4	188	97	0	1	188	1	188	1.60e-53	176
EABAIN_06650	AANGNE_01250	50.3	185	88	3	1	183	1	183	1.14e-52	174
EABAIN_06650	DDDLLA_03095	49.2	187	95	0	1	187	1	187	1.50e-52	174
EABAIN_06650	LBKFJK_00160	47.8	184	94	2	1	183	1	183	1.50e-51	175
EABAIN_06650	AAKGEC_06035	46.8	188	98	2	1	187	1	187	1.89e-51	173
EABAIN_06650	DNKGCI_03165	45.9	183	98	1	1	183	1	182	6.40e-51	172
EABAIN_06650	CDIIGJ_08625	45.5	187	102	0	1	187	1	187	6.60e-51	169
EABAIN_06650	HNNKEJ_12875	46.7	184	96	2	1	183	11	193	1.44e-50	172
EABAIN_06650	DNKGCI_11540	47.2	180	93	2	1	179	1	179	7.63e-50	167
EABAIN_06650	CDIIGJ_10295	40.8	213	115	3	1	203	1	212	3.45e-48	165
EABAIN_06650	AIGDEK_03130	43.8	192	108	0	1	192	1	192	6.85e-48	161
EABAIN_06650	BGHOFK_04295	40.1	227	132	4	1	225	1	225	7.52e-48	163
EABAIN_06650	CNLKLD_07770	45.9	185	97	3	1	184	1	183	2.37e-47	160
EABAIN_06655	AIGDEK_03130	99.5	201	1	0	1	201	1	201	1.05e-139	387
EABAIN_06655	DDDLLA_02910	69.2	195	60	0	1	195	1	195	3.55e-92	267
EABAIN_06655	CDIIGJ_08625	56.4	179	78	0	1	179	1	179	1.49e-66	202
EABAIN_06655	DDDLLA_03095	52.0	179	86	0	1	179	1	179	6.28e-63	193
EABAIN_06655	CNLKLD_04295	48.5	194	98	1	1	192	1	194	1.84e-53	175
EABAIN_06655	AANGNE_01250	50.9	173	83	2	1	172	1	172	1.87e-52	166
EABAIN_06655	CDIIGJ_08620	46.5	187	100	0	1	187	1	187	6.89e-50	172
EABAIN_06655	DDDLLA_02915	43.2	192	109	0	1	192	2	193	2.37e-49	164
EABAIN_06655	LBKFJK_05595	45.6	180	96	2	1	179	1	179	5.37e-48	156
EABAIN_06660	AIGDEK_03135	99.7	307	1	0	1	307	1	307	7.18e-218	594
EABAIN_06660	DDDLLA_02905	55.7	305	135	0	3	307	5	309	2.66e-113	329
EABAIN_06660	CNLKLD_04285	55.7	309	132	2	4	307	5	313	3.50e-110	322
EABAIN_06660	NBOKNL_13360	95.8	144	6	0	1	144	1	144	2.37e-91	270
EABAIN_06660	AAKGEC_06040	42.7	293	157	6	1	287	10	297	3.53e-64	204
EABAIN_06660	CDIIGJ_10300	39.9	268	157	2	2	266	12	278	1.14e-62	201
EABAIN_06660	LBKFJK_00155	39.9	268	157	2	2	266	9	275	6.98e-62	198
EABAIN_06660	DNKGCI_03160	40.3	268	156	2	2	266	9	275	2.77e-61	197
EABAIN_06660	BGHOFK_04290	41.4	268	153	2	2	266	11	277	6.89e-61	196
EABAIN_06660	DDDLLA_10185	41.8	268	152	2	2	266	11	277	8.95e-61	196
EABAIN_06660	DNKGCI_11535	39.9	268	157	2	2	266	11	277	1.93e-59	192
EABAIN_06660	LBKFJK_05600	39.6	260	153	2	10	266	19	277	2.08e-58	189
EABAIN_06660	AANGNE_06505	31.4	303	201	4	10	306	41	342	1.83e-55	183
EABAIN_06660	AANGNE_01255	40.6	271	149	6	3	266	5	270	2.74e-55	181
EABAIN_06660	AIPJBK_10570	31.5	311	204	5	3	306	38	346	4.91e-52	175
EABAIN_06660	CJHCCN_09955	38.9	270	155	4	3	266	5	270	1.44e-51	172
EABAIN_06660	EIKFFD_04980	38.5	270	156	5	3	266	5	270	1.57e-50	169
EABAIN_06660	CNLKLD_07775	36.2	265	159	5	2	260	3	263	5.50e-49	164
EABAIN_06665	AIKIDN_09950	100	350	0	0	1	350	1	350	1.90e-246	670
EABAIN_06665	CDIIGJ_00625	70.7	352	101	1	1	350	1	352	6.28e-174	486
EABAIN_06665	AANGNE_05820	59.7	350	141	0	1	350	1	350	7.24e-144	410
EABAIN_06665	AANGNE_00910	59.7	350	140	1	1	350	1	349	3.27e-142	406
EABAIN_06665	NCNHMD_13940	55.0	349	155	2	1	348	1	348	4.40e-125	362
EABAIN_06665	IAMLOO_05880	62.2	180	68	0	171	350	1	180	6.35e-76	231
EABAIN_06665	CGMKCF_00020	69.9	153	46	0	196	348	1	153	2.20e-67	208
EABAIN_06665	IAMLOO_05885	60.1	158	62	1	1	158	1	157	9.22e-57	181
EABAIN_06670	AANGNE_08275	72.2	158	44	0	1	158	1	158	4.13e-80	233
EABAIN_06670	PHBBGM_10320	72.8	162	41	1	1	159	1	162	6.49e-80	233
EABAIN_06670	BGHOFK_08650	69.8	159	48	0	1	159	1	159	5.60e-78	228
EABAIN_06675	AANGNE_08280	75.0	184	46	0	1	184	1	184	6.81e-98	280
EABAIN_06675	AAKGEC_00515	68.5	184	58	0	1	184	1	184	3.25e-89	258
EABAIN_06675	BGHOFK_08655	65.8	184	63	0	1	184	1	184	1.39e-83	244
EABAIN_06680	NAECHE_07625	81.2	213	39	1	1	212	1	213	1.18e-121	343
EABAIN_06680	KFHBHO_01280	56.2	210	91	1	3	212	1	209	3.39e-77	231
EABAIN_06690	AANGNE_04000	99.6	245	1	0	1	245	1	245	2.08e-170	469
EABAIN_06690	CNLKLD_01970	68.4	244	75	1	1	244	1	242	8.71e-119	338
EABAIN_06690	ABCLFC_08035	68.2	239	74	1	1	239	1	237	6.00e-114	326
EABAIN_06690	HNNKEJ_03170	64.3	238	82	2	1	237	1	236	5.02e-106	306
EABAIN_06690	AAKGEC_05395	52.6	234	109	1	7	240	4	235	1.27e-83	249
EABAIN_06690	AEMMAL_03055	49.6	234	116	1	7	240	4	235	1.95e-77	233
EABAIN_06690	AGINCK_05445	52.5	223	104	1	10	232	8	228	3.35e-77	233
EABAIN_06690	MEFLAG_06700	35.9	281	136	5	2	239	3	282	1.74e-48	160
EABAIN_06695	BGHOFK_02690	84.4	608	94	1	1	608	1	607	0.0	1013
EABAIN_06695	ABCLFC_08030	30.4	447	251	7	1	447	1	387	7.40e-56	197
EABAIN_06700	AKPIPJ_05910	99.2	382	3	0	1	382	1	382	6.07e-282	768
EABAIN_06700	JEKAEJ_08275	73.4	500	128	2	3	498	2	500	6.17e-279	764
EABAIN_06700	IAFHMK_00410	64.8	494	173	1	6	498	4	497	4.08e-239	664
EABAIN_06700	CEFFBK_03620	100	247	0	0	1	247	1	247	2.17e-181	507
EABAIN_06700	PHNKGJ_02310	37.3	493	289	4	1	493	4	476	2.31e-111	338
EABAIN_06700	JIGPNC_03500	35.8	438	268	4	8	443	6	432	4.79e-99	306
EABAIN_06700	BFGFFC_06460	100	137	0	0	1	137	1	137	2.47e-94	281
EABAIN_06705	DBDHAK_03385	99.6	260	1	0	1	260	226	485	5.34e-181	507
EABAIN_06705	LBKFJK_04210	57.4	258	106	1	2	255	121	378	6.20e-97	288
EABAIN_06705	DNKIME_00775	52.3	258	119	1	2	255	227	484	2.91e-83	257
EABAIN_06705	BGHOFK_02700	51.6	252	121	1	2	252	226	477	1.23e-80	250
EABAIN_06705	JAFLJO_08345	46.5	258	134	1	2	255	44	301	2.48e-67	210
EABAIN_06710	DBDHAK_03385	100	172	0	0	2	173	2	173	2.44e-110	323
EABAIN_06710	BGHOFK_02700	47.1	172	90	1	2	173	2	172	2.49e-44	152
EABAIN_06715	BCGFPE_06165	98.7	234	3	0	2	235	13	246	1.07e-156	434
EABAIN_06720	MHGLEN_11640	90.1	648	64	0	1	648	1	648	0.0	1095
EABAIN_06720	BGHOFK_09105	66.6	649	213	1	1	649	1	645	1.14e-290	806
EABAIN_06720	NJILIO_03935	73.2	347	93	0	303	649	1	347	2.20e-167	481
EABAIN_06725	EHLNLG_01075	89.4	302	29	1	1	299	1	302	4.21e-205	561
EABAIN_06725	BGHOFK_01150	59.9	292	117	0	7	298	5	296	6.15e-132	376
EABAIN_06725	EIIOFH_12805	95.4	173	8	0	1	173	1	173	1.04e-118	340
EABAIN_06725	BGHOFK_08770	58.3	290	120	1	8	296	6	295	5.42e-118	340
EABAIN_06730	AAKGEC_01900	99.2	491	4	0	1	491	1	491	0.0	1025
EABAIN_06730	BGHOFK_03975	68.8	487	152	0	1	487	1	487	5.99e-271	744
EABAIN_06730	DDDLLA_05000	66.9	486	161	0	1	486	1	486	6.98e-260	716
EABAIN_06735	BGHOFK_09660	84.4	366	57	0	1	366	1	366	3.71e-225	617
EABAIN_06735	AFCONC_04755	76.5	153	36	0	1	153	1	153	6.91e-75	228
EABAIN_06740	DLODMN_07810	83.2	340	57	0	1	340	1	340	2.31e-212	583
EABAIN_06745	EGPLAC_08685	98.9	282	3	0	1	282	1	282	2.84e-200	548
EABAIN_06745	DDDLLA_00065	60.7	275	106	2	8	281	10	283	2.12e-116	335
EABAIN_06750	OFBGNF_06050	99.9	757	1	0	1	757	3	759	0.0	1471
EABAIN_06750	DDDLLA_00060	65.9	750	256	0	1	750	1	750	0.0	1000
EABAIN_06750	IAFHMK_03285	58.2	754	310	3	1	750	1	753	2.50e-316	880
EABAIN_06750	CDIIGJ_03890	59.0	754	303	3	1	749	1	753	5.30e-312	870
EABAIN_06755	AAKGEC_01875	99.5	217	1	0	1	217	1	217	3.92e-152	420
EABAIN_06755	BGHOFK_01140	64.1	220	76	1	1	217	2	221	3.07e-97	281
EABAIN_06755	HNNKEJ_07990	63.6	217	78	1	1	216	2	218	5.59e-95	276
EABAIN_06755	DDDLLA_11270	62.2	217	81	1	1	216	2	218	1.79e-93	272
EABAIN_06755	HCJGAG_05080	61.3	217	83	1	1	216	2	218	1.75e-90	265
EABAIN_06755	CDIIGJ_01175	59.8	214	85	1	4	216	5	218	4.04e-87	256
EABAIN_06755	EMAPBM_06825	53.7	218	100	1	1	217	2	219	1.20e-78	234
EABAIN_06755	LBKFJK_04275	53.9	219	98	1	1	216	8	226	1.30e-73	222
EABAIN_06760	BGHOFK_01130	79.4	889	182	1	22	910	19	906	0.0	1372
EABAIN_06760	GKAHPE_00190	45.5	880	435	13	35	905	20	863	6.39e-237	688
EABAIN_06760	CNLKLD_02820	45.7	873	434	11	36	905	21	856	2.33e-232	676
EABAIN_06760	DDDLLA_06035	45.7	874	424	16	38	899	25	859	2.36e-228	666
EABAIN_06760	BGHOFK_00755	29.9	765	463	20	36	758	9	742	1.89e-85	292
EABAIN_06760	AANGNE_04040	28.7	746	469	15	27	735	1	720	9.02e-84	288
EABAIN_06760	JAPIMJ_06920	28.2	712	465	15	48	733	23	714	4.56e-81	280
EABAIN_06760	EIKFFD_06365	28.6	751	482	22	60	783	32	755	1.22e-80	278
EABAIN_06760	AKPIPJ_02055	29.2	719	451	24	34	703	23	732	1.41e-80	280
EABAIN_06760	CNLKLD_05120	27.3	729	474	13	31	735	4	700	1.88e-80	278
EABAIN_06760	HNNKEJ_12000	27.5	717	490	11	37	735	22	726	5.76e-77	269
EABAIN_06760	DDDLLA_09200	26.8	710	469	14	48	735	22	702	6.20e-75	263
EABAIN_06760	AANGNE_04380	28.6	744	462	21	27	716	1	729	2.21e-74	262
EABAIN_06760	FHIFIE_03450	28.2	737	455	22	45	735	19	727	8.64e-74	260
EABAIN_06760	LBKFJK_08710	26.9	717	458	16	48	735	22	701	2.13e-71	253
EABAIN_06760	EOHHJN_09855	26.7	744	467	19	31	735	4	708	1.10e-70	251
EABAIN_06760	DNKGCI_09670	27.1	639	413	14	121	735	2	611	3.71e-63	228
EABAIN_06760	HNNKEJ_05105	26.0	682	398	22	44	703	6	602	1.11e-44	173
EABAIN_06760	DDDLLA_11280	24.2	666	411	19	48	698	9	595	1.87e-42	166
EABAIN_06760	LIMBNG_08850	23.8	668	430	19	74	732	34	631	2.34e-41	162
EABAIN_06760	DBFGIH_00895	23.1	655	423	17	48	694	8	589	1.24e-39	157
EABAIN_06760	HNNKEJ_03015	29.0	448	268	11	37	448	10	443	2.32e-39	153
EABAIN_06760	MDKGKD_05780	24.9	563	335	17	153	698	103	594	8.83e-38	152
EABAIN_06765	AAKGEC_01865	98.4	428	7	0	1	428	1	428	5.09e-311	840
EABAIN_06765	CDIIGJ_01110	70.7	417	122	0	1	417	1	417	2.88e-219	607
EABAIN_06765	BGHOFK_01125	70.4	422	125	0	1	422	1	422	1.93e-217	603
EABAIN_06765	HNNKEJ_04345	63.1	420	155	0	1	420	1	420	1.85e-196	550
EABAIN_06765	LBKFJK_00005	57.4	399	170	0	21	419	1	399	3.43e-172	487
EABAIN_06765	AANGNE_04850	49.9	427	213	1	2	428	3	428	4.70e-150	432
EABAIN_06765	OFBCLB_09695	50.6	415	204	1	4	417	5	419	1.05e-145	421
EABAIN_06765	IAFHMK_08625	52.8	424	190	3	2	420	7	425	2.33e-144	417
EABAIN_06765	DNKGCI_10065	49.0	416	211	1	4	418	5	420	1.75e-140	407
EABAIN_06765	LBKFJK_02530	48.1	399	205	1	21	417	1	399	8.02e-140	405
EABAIN_06765	DDKKPM_03325	47.3	419	221	0	2	420	3	421	3.61e-137	399
EABAIN_06765	CNLKLD_06270	48.8	418	207	3	2	417	3	415	2.36e-135	394
EABAIN_06775	HNNKEJ_04355	78.1	407	87	2	1	407	1	405	2.64e-240	659
EABAIN_06775	DDDLLA_01260	72.7	407	109	2	1	407	1	405	8.48e-223	615
EABAIN_06775	AANGNE_04840	69.9	408	118	4	1	407	1	404	1.56e-206	573
EABAIN_06775	IAFHMK_08615	68.8	407	123	3	1	407	1	403	4.04e-197	550
EABAIN_06775	CNLKLD_06280	65.2	408	140	2	1	407	1	407	6.28e-195	544
EABAIN_06780	AAKGEC_01850	99.0	499	5	0	1	499	1	499	0.0	955
EABAIN_06780	HNNKEJ_04360	70.3	509	140	4	1	498	1	509	4.83e-255	704
EABAIN_06780	BGHOFK_01110	65.9	507	160	3	1	494	1	507	2.47e-238	662
EABAIN_06780	IAFHMK_08610	66.0	500	165	2	1	499	1	496	1.82e-235	654
EABAIN_06780	DDDLLA_01265	65.7	492	168	1	1	492	1	491	1.40e-232	647
EABAIN_06780	DNKGCI_10080	64.4	492	174	1	1	492	1	491	7.35e-230	640
EABAIN_06780	CNLKLD_06285	66.0	491	163	1	1	491	1	487	1.43e-229	639
EABAIN_06780	LBKFJK_06160	62.8	503	166	2	1	491	1	494	3.68e-224	626
EABAIN_06780	DDKKPM_03310	61.1	493	192	0	1	493	1	493	1.71e-217	609
EABAIN_06780	AANGNE_04835	60.9	493	193	0	1	493	1	493	1.14e-215	604
EABAIN_06780	EHLNLG_03020	26.6	504	303	11	4	491	7	459	2.38e-40	154
EABAIN_06780	ALPEGB_03615	24.6	496	338	8	11	491	3491	3965	2.31e-39	152
EABAIN_06780	AMBJPI_12395	26.2	504	335	12	1	491	1	480	6.55e-39	150
EABAIN_06790	NGDFHG_01855	97.2	212	6	0	1	212	1	212	3.91e-145	403
EABAIN_06790	CFHHLL_04640	98.6	214	3	0	2	215	163	376	1.05e-144	407
EABAIN_06790	ABNNBP_06990	70.1	214	64	0	1	214	1	214	1.48e-103	297
EABAIN_06790	DOHOGG_04025	59.1	203	83	0	8	210	7	209	3.74e-79	235
EABAIN_06790	HNNKEJ_00490	58.4	202	83	1	8	209	6	206	2.16e-76	228
EABAIN_06790	IAFHMK_09965	59.8	194	78	0	8	201	6	199	9.44e-75	224
EABAIN_06795	AAKGEC_01835	99.3	267	2	0	1	267	1	267	1.65e-187	514
EABAIN_06795	HNNKEJ_00485	73.7	266	70	0	1	266	1	266	5.16e-138	389
EABAIN_06795	ACNHAK_07835	71.1	266	77	0	1	266	1	266	1.04e-130	370
EABAIN_06795	IAFHMK_09960	71.3	261	75	0	2	262	1	261	1.54e-129	367
EABAIN_06800	BHKCDL_03245	98.4	245	4	0	6	250	13	257	6.53e-169	466
EABAIN_06800	HNNKEJ_00475	66.9	248	82	0	1	248	1	248	1.85e-118	338
EABAIN_06800	IAFHMK_09950	61.1	247	96	0	1	247	1	247	3.70e-100	291
EABAIN_06800	AGFMFG_07640	51.6	246	119	0	1	246	1	246	8.65e-87	258
EABAIN_06805	AAKGEC_01825	87.3	824	105	0	1	824	1	824	0.0	1393
EABAIN_06805	OFHJOO_01805	53.1	488	218	7	328	811	226	706	5.13e-158	477
EABAIN_06805	BGHOFK_05800	47.8	559	271	9	262	811	232	778	5.15e-154	469
EABAIN_06810	AAKGEC_01820	99.7	362	1	0	1	362	1	362	8.29e-263	712
EABAIN_06810	AEFDGK_05300	49.6	365	180	4	1	362	1	364	3.21e-127	369
EABAIN_06810	BJGLGA_11570	50.3	362	174	5	1	359	1	359	1.17e-124	362
EABAIN_06810	DDDLLA_02440	49.0	361	180	4	2	359	3	362	1.65e-122	357
EABAIN_06810	BOCCFK_00550	48.5	363	182	5	1	359	1	362	2.60e-120	352
EABAIN_06810	BGHOFK_02815	49.0	363	178	5	3	359	5	366	1.93e-118	347
EABAIN_06810	CEHAJH_10210	47.3	366	186	6	1	361	1	364	5.48e-116	340
EABAIN_06810	DFHPHM_13460	47.4	359	183	5	7	360	3	360	1.58e-114	337
EABAIN_06810	PKGHFF_02090	46.2	364	181	6	1	361	1	352	1.76e-114	336
EABAIN_06810	AANGNE_07775	46.2	364	185	5	1	361	389	744	1.37e-112	344
EABAIN_06810	IAFHMK_00515	49.6	339	167	4	23	359	9	345	8.46e-111	327
EABAIN_06810	CFHHLL_04640	97.6	166	4	0	1	166	1	166	1.16e-109	325
EABAIN_06810	NCNHMD_13890	47.4	359	183	5	5	359	1	357	6.57e-109	322
EABAIN_06810	ACIHME_07615	43.2	361	200	5	3	359	6	365	1.77e-107	319
EABAIN_06810	NOKDAP_02610	45.7	361	190	5	3	359	4	362	5.53e-107	318
EABAIN_06815	ABIMCM_10165	98.7	225	3	0	1	225	1	225	2.03e-167	459
EABAIN_06815	HNNKEJ_07460	42.8	222	122	3	5	223	4	223	1.37e-59	186
EABAIN_06815	AANGNE_08900	38.8	232	127	7	3	224	12	238	8.30e-48	157
EABAIN_06820	AIPJBK_09740	99.2	122	0	1	1	121	1	122	1.23e-70	206
EABAIN_06825	DFCDFN_06475	84.2	171	25	1	1	171	1	169	2.88e-90	260
EABAIN_06835	AAKGEC_01800	99.6	252	1	0	1	252	1	252	3.61e-179	491
EABAIN_06835	LBKFJK_08200	62.2	259	88	4	1	252	1	256	2.67e-108	312
EABAIN_06835	IAFHMK_02370	57.9	259	99	4	1	252	1	256	4.26e-100	291
EABAIN_06835	DAEIAJ_08765	54.0	252	107	4	1	245	1	250	3.63e-82	246
EABAIN_06835	DIBOGN_05540	50.2	261	118	4	1	252	1	258	2.38e-80	241
EABAIN_06835	HNNKEJ_01585	49.4	259	121	4	1	252	1	256	4.77e-77	233
EABAIN_06835	BFGFFC_06750	48.3	261	123	4	1	252	1	258	6.17e-73	223
EABAIN_06835	NGIILC_10045	49.0	259	120	4	1	252	1	254	6.22e-72	220
EABAIN_06840	LBKFJK_02080	72.6	613	154	3	1	608	4	607	3.42e-298	822
EABAIN_06840	MKICBC_02485	94.8	424	22	0	1	424	1	424	1.04e-265	733
EABAIN_06840	HNNKEJ_11875	32.4	510	333	5	106	605	129	636	1.54e-80	266
EABAIN_06840	EMAPBM_09015	30.2	503	322	6	106	602	116	595	1.70e-72	243
EABAIN_06840	HNNKEJ_12255	32.7	508	307	9	106	602	221	704	7.63e-72	244
EABAIN_06840	AANGNE_08905	32.4	509	307	10	106	602	210	693	6.13e-69	236
EABAIN_06840	IAFHMK_09940	30.5	502	324	5	106	602	114	595	1.19e-59	209
EABAIN_06840	AAKGEC_01790	28.6	555	357	12	66	608	52	579	6.49e-57	201
EABAIN_06840	AANGNE_01510	30.3	509	313	10	106	602	98	576	2.15e-56	199
EABAIN_06840	CNLKLD_02765	28.8	503	333	7	106	604	116	597	7.63e-56	198
EABAIN_06840	IAFHMK_03340	29.1	499	320	8	106	596	112	584	2.59e-55	197
EABAIN_06840	NGAPDN_04410	27.8	511	335	7	106	608	107	591	3.64e-55	196
EABAIN_06840	DDDLLA_07465	25.9	536	354	8	87	608	72	578	1.50e-53	192
EABAIN_06840	BNBIEO_02540	27.8	511	337	9	106	607	117	604	3.79e-53	191
EABAIN_06840	PLIDEH_04110	39.5	238	144	0	365	602	480	717	6.43e-50	184
EABAIN_06840	OFBCLB_00055	26.9	501	323	13	112	601	247	715	3.86e-46	173
EABAIN_06840	AMLBPA_01235	25.6	497	331	10	112	599	264	730	8.23e-46	172
EABAIN_06840	DDDLLA_07570	24.5	494	342	8	112	600	248	715	2.46e-45	171
EABAIN_06840	ABNNBP_02275	26.2	511	347	10	106	608	87	575	4.25e-45	168
EABAIN_06840	CPLMAE_00305	38.6	236	141	3	365	599	354	586	1.02e-44	167
EABAIN_06840	EOHHJN_03385	34.6	246	156	2	352	595	318	560	1.26e-42	161
EABAIN_06840	EMAPBM_09010	27.7	404	260	10	211	607	195	573	1.37e-40	155
EABAIN_06840	DNKGCI_10680	25.3	509	355	9	106	608	87	576	1.02e-39	153
EABAIN_06840	PLDCIE_07790	35.2	236	150	3	365	599	472	705	1.07e-39	154
EABAIN_06840	ENIHOO_09550	26.2	489	327	9	113	595	237	697	1.93e-39	153
EABAIN_06845	AAKGEC_01790	99.3	605	4	0	1	605	1	605	0.0	1159
EABAIN_06845	DDDLLA_07465	75.9	581	139	1	1	581	1	580	2.03e-317	871
EABAIN_06845	IAFHMK_09940	29.2	562	377	7	22	573	45	595	4.20e-71	239
EABAIN_06845	HNNKEJ_11875	29.8	493	317	6	107	573	144	633	6.86e-67	229
EABAIN_06845	EMAPBM_09015	28.1	562	366	8	34	573	50	595	2.38e-63	219
EABAIN_06845	AANGNE_08905	30.4	490	331	4	92	575	210	695	8.79e-61	214
EABAIN_06845	HNNKEJ_12255	31.1	495	321	7	92	575	221	706	2.57e-59	210
EABAIN_06845	EMAPBM_09010	28.4	596	382	12	1	576	1	571	1.44e-57	202
EABAIN_06845	BNBIEO_02540	28.8	490	336	6	92	574	117	600	8.34e-57	201
EABAIN_06845	AAKGEC_05730	31.9	404	270	3	177	576	175	577	1.96e-56	199
EABAIN_06845	CNLKLD_02765	27.5	494	344	7	80	568	106	590	9.98e-56	198
EABAIN_06845	AMLBPA_01235	27.5	556	378	9	24	570	191	730	2.99e-53	193
EABAIN_06845	LBKFJK_02080	26.9	528	356	10	72	579	90	607	1.27e-51	187
EABAIN_06845	IAFHMK_03340	27.2	485	336	9	90	567	110	584	2.71e-51	186
EABAIN_06845	AANGNE_01510	26.9	579	381	13	12	573	23	576	2.07e-50	183
EABAIN_06845	OFBCLB_00055	26.0	573	389	13	14	572	164	715	1.04e-48	180
EABAIN_06845	DDDLLA_07570	27.4	576	373	18	14	570	165	714	1.05e-48	180
EABAIN_06845	NGAPDN_04410	25.6	496	348	9	80	567	97	579	7.04e-47	173
EABAIN_06845	AAOIOD_04820	27.3	564	373	14	22	570	172	713	7.91e-47	175
EABAIN_06845	PLIDEH_04110	25.0	583	407	8	6	573	150	717	7.32e-45	169
EABAIN_06845	ABNNBP_02275	26.7	576	386	12	22	579	18	575	4.96e-44	165
EABAIN_06845	EOHHJN_03385	30.0	403	272	4	168	566	164	560	2.56e-43	163
EABAIN_06845	CPLMAE_00305	31.6	297	196	4	274	570	297	586	1.05e-42	161
EABAIN_06845	DNKGCI_10680	27.4	507	342	13	87	579	82	576	2.46e-41	157
EABAIN_06845	FJJMED_07175	23.6	584	415	8	4	569	163	733	6.22e-41	158
EABAIN_06850	ACIHME_01345	99.5	206	1	0	1	206	1	206	1.20e-134	375
EABAIN_06850	IAFHMK_06805	59.0	205	71	1	1	205	1	192	7.69e-72	216
EABAIN_06850	CNLKLD_06690	47.8	207	90	3	1	206	1	190	2.83e-51	163
EABAIN_06850	AANGNE_04545	43.4	205	102	1	2	206	4	194	4.16e-49	158
EABAIN_06850	DDDLLA_07460	41.0	205	107	2	2	206	4	194	4.16e-49	158
EABAIN_06855	ABCLFC_07510	98.7	238	3	0	1	238	15	252	8.88e-170	467
EABAIN_06855	CJHCCN_07860	41.5	236	132	5	1	232	1	234	1.73e-52	169
EABAIN_06855	CNLKLD_05150	37.4	238	142	5	1	232	1	237	2.94e-46	153
EABAIN_06860	DFCDFN_06745	81.8	181	33	0	1	181	1	181	4.00e-102	292
EABAIN_06860	CNLKLD_06680	71.1	187	54	0	2	188	6	192	6.74e-87	253
EABAIN_06865	HNNKEJ_04455	81.1	238	45	0	1	238	1	238	1.66e-129	365
EABAIN_06865	IAFHMK_06785	73.1	238	64	0	1	238	1	238	1.22e-114	328
EABAIN_06865	DNKGCI_11225	71.0	238	69	0	1	238	1	238	2.24e-113	324
EABAIN_06865	AANGNE_05245	69.4	242	74	0	1	242	1	242	8.26e-112	320
EABAIN_06865	DDDLLA_07445	65.4	237	82	0	1	237	1	237	4.01e-102	296
EABAIN_06865	CNLKLD_06675	63.9	238	86	0	2	239	1	238	5.74e-99	288
EABAIN_06870	AAKGEC_01765	100	247	0	0	2	248	2	248	9.93e-175	480
EABAIN_06870	DNKGCI_11230	65.0	243	85	0	6	248	6	248	1.94e-112	322
EABAIN_06870	IAFHMK_06780	63.3	248	91	0	1	248	1	248	3.14e-104	301
EABAIN_06870	CNLKLD_06670	62.9	240	87	1	11	248	1	240	1.00e-98	287
EABAIN_06870	LBKFJK_02010	60.2	244	97	0	5	248	5	248	1.86e-98	287
EABAIN_06870	CJHCCN_01765	60.3	242	94	1	7	248	7	246	1.90e-95	279
EABAIN_06875	AAKGEC_01760	100	153	0	0	1	153	1	153	1.37e-107	302
EABAIN_06875	IAFHMK_06775	69.9	153	46	0	1	153	1	153	3.30e-74	218
EABAIN_06875	LBKFJK_02005	65.4	153	53	0	1	153	1	153	6.05e-70	207
EABAIN_06875	AANGNE_05255	65.4	153	53	0	1	153	1	153	8.87e-70	207
EABAIN_06875	DNKGCI_11235	62.1	153	54	1	1	153	1	149	4.35e-62	187
EABAIN_06875	DDDLLA_07435	51.6	153	74	0	1	153	1	153	8.02e-54	166
EABAIN_06880	AAKGEC_01755	99.4	167	1	0	1	167	1	167	7.75e-123	342
EABAIN_06880	DDDLLA_07430	73.7	167	44	0	1	167	1	167	2.19e-88	255
EABAIN_06880	AANGNE_05260	72.1	165	46	0	1	165	1	165	4.73e-88	254
EABAIN_06880	DNKGCI_11240	72.5	167	46	0	1	167	1	167	1.72e-85	248
EABAIN_06880	CNLKLD_06665	67.9	165	53	0	1	165	1	165	1.49e-82	240
EABAIN_06885	AAKGEC_01750	100	201	0	0	1	201	1	201	2.91e-146	404
EABAIN_06885	AANGNE_05265	80.0	200	39	1	2	200	267	466	2.55e-111	325
EABAIN_06885	IAFHMK_06765	74.4	199	50	1	3	200	129	327	2.56e-104	303
EABAIN_06885	CNLKLD_06660	74.5	200	50	1	3	201	272	471	4.68e-104	307
EABAIN_06885	DNKGCI_11245	65.5	200	68	1	2	200	270	469	1.56e-91	275
EABAIN_06890	AAKGEC_01745	99.6	271	1	0	1	271	1	271	2.86e-190	521
EABAIN_06890	AANGNE_05265	71.6	264	75	0	1	264	1	264	8.08e-133	383
EABAIN_06890	DNKGCI_11245	74.1	266	68	1	1	265	1	266	8.01e-131	378
EABAIN_06890	CNLKLD_06660	65.9	264	90	0	1	264	1	264	3.75e-121	353
EABAIN_06900	AAOIOD_01875	80.2	419	83	0	1	419	1	419	5.27e-255	697
EABAIN_06905	AAKGEC_01730	99.6	479	2	0	1	479	1	479	0.0	965
EABAIN_06905	DDDLLA_07410	72.5	480	129	1	1	477	1	480	1.87e-268	736
EABAIN_06910	ABCLFC_07565	91.9	1489	117	1	1	1486	1	1489	0.0	2711
EABAIN_06915	PPBJPA_01250	99.0	203	2	0	1	203	1	203	6.55e-119	335
EABAIN_06920	AAOIOD_10010	76.8	340	79	0	1	340	19	358	1.12e-196	544
EABAIN_06925	BJLDLK_03550	93.1	248	17	0	1	248	1	248	8.77e-159	440
EABAIN_06925	LBKFJK_01975	69.6	247	75	0	1	247	1	247	6.59e-120	341
EABAIN_06925	IAFHMK_06730	68.8	247	77	0	1	247	1	247	1.95e-115	330
EABAIN_06925	DNKGCI_11275	64.5	248	88	0	1	248	1	248	9.12e-111	318
EABAIN_06925	DDDLLA_07395	64.0	247	89	0	1	247	1	247	6.98e-109	313
EABAIN_06925	AANGNE_05280	64.1	248	89	0	1	248	1	248	4.06e-107	309
EABAIN_06925	CNLKLD_06855	53.0	247	116	0	1	247	1	247	3.91e-88	261
EABAIN_06930	AAKGEC_01705	100	417	0	0	1	417	50	466	2.22e-319	862
EABAIN_06930	DNKGCI_03570	70.2	416	123	1	2	417	51	465	5.29e-234	646
EABAIN_06930	MCFIIO_08855	68.8	417	130	0	1	417	43	459	2.57e-228	631
EABAIN_06930	LBKFJK_08905	50.4	399	195	2	1	399	53	448	4.95e-144	417
EABAIN_06935	ABCLFC_07605	94.9	275	14	0	1	275	1	275	1.33e-184	508
EABAIN_06935	AAOIOD_01895	72.2	273	76	0	1	273	1	273	1.02e-146	411
EABAIN_06935	CHBPFB_09075	42.1	271	157	0	2	272	3	273	1.46e-73	226
EABAIN_06935	BGHOFK_02665	40.1	272	163	0	2	273	3	274	1.46e-73	226
EABAIN_06935	AAKGEC_08810	40.7	275	163	0	2	276	3	277	6.44e-73	224
EABAIN_06935	IAFHMK_08125	39.6	268	162	0	2	269	3	270	4.89e-67	209
EABAIN_06935	EIKFFD_00500	39.9	268	161	0	2	269	3	270	1.34e-66	208
EABAIN_06935	ABJDJH_06550	40.5	262	156	0	3	264	4	265	1.83e-66	208
EABAIN_06935	FPMMJC_13740	38.2	267	164	1	5	270	6	272	1.42e-63	200
EABAIN_06935	DNKGCI_05570	39.2	265	160	1	3	267	6	269	3.60e-61	194
EABAIN_06935	AAKGEC_12835	38.0	276	168	2	2	276	3	276	6.45e-59	188
EABAIN_06935	NNPKJK_13575	38.5	265	161	1	3	265	4	268	7.45e-59	188
EABAIN_06935	BEJELC_07700	38.3	269	166	0	4	272	4	272	9.11e-59	188
EABAIN_06935	DNKGCI_05755	36.6	268	169	1	1	268	2	268	6.84e-58	186
EABAIN_06935	CNLKLD_01190	36.9	268	169	0	5	272	4	271	7.24e-57	183
EABAIN_06935	HNNKEJ_11425	36.0	272	173	1	2	273	3	273	6.26e-56	181
EABAIN_06935	ABJDJH_12310	36.0	267	170	1	1	267	11	276	1.90e-50	167
EABAIN_06935	GNPDOB_01730	34.1	264	174	0	3	266	4	267	2.52e-49	164
EABAIN_06935	HNNKEJ_04685	31.9	270	183	1	1	270	2	270	7.16e-47	157
EABAIN_06935	CCDPJE_02970	33.7	261	170	3	4	263	8	266	1.06e-46	157
EABAIN_06935	NNPKJK_13475	35.8	279	153	4	4	270	6	270	1.18e-46	157
EABAIN_06940	ABCLFC_07670	92.6	257	19	0	1	257	4	260	2.50e-160	444
EABAIN_06940	BGHOFK_01010	74.6	256	65	0	1	256	1	256	3.89e-131	370
EABAIN_06940	IAFHMK_06725	73.8	252	66	0	4	255	3	254	3.23e-125	355
EABAIN_06940	DNKGCI_11285	69.3	254	78	0	1	254	1	254	3.44e-118	338
EABAIN_06940	LBKFJK_01965	68.6	255	80	0	1	255	1	255	3.82e-118	338
EABAIN_06940	COBKPA_00070	67.6	256	79	2	3	257	2	254	8.54e-114	327
EABAIN_06940	CNLKLD_06895	67.3	254	83	0	1	254	16	269	4.12e-112	323
EABAIN_06940	DDDLLA_10880	65.2	253	88	0	1	253	1	253	6.75e-108	311
EABAIN_06945	AANGNE_05290	82.9	275	47	0	4	278	5	279	4.08e-169	469
EABAIN_06950	AIKIDN_10235	100	436	0	0	1	436	1	436	7.62e-317	855
EABAIN_06950	LBKFJK_01955	50.5	416	203	1	22	434	1	416	3.88e-145	419
EABAIN_06950	KIDCCO_02385	47.0	415	36	1	22	436	1	231	5.65e-114	333
EABAIN_06950	BDMBBJ_03355	44.1	408	224	3	22	429	1	404	2.53e-109	331
EABAIN_06950	GHPLOC_06470	72.0	186	52	0	22	207	1	186	1.09e-89	270
EABAIN_06950	EDFOEG_01860	32.3	434	258	12	20	423	8	435	4.69e-48	170
EABAIN_06960	AIKIDN_10245	100	284	0	0	1	284	1	284	2.80e-208	568
EABAIN_06960	OLJKOC_02665	68.5	286	88	2	1	284	2	287	1.81e-138	391
EABAIN_06960	OBCAHB_06765	65.2	287	93	3	2	284	3	286	2.00e-130	371
EABAIN_06960	FJJMED_09055	65.7	283	92	2	3	281	4	285	5.73e-130	370
EABAIN_06960	OFBCLB_10645	53.7	272	123	3	3	274	16	284	1.67e-94	281
EABAIN_06960	AECHFI_04985	45.9	207	110	2	46	251	59	264	2.76e-57	185
EABAIN_06960	KDJCHB_09555	37.5	261	158	4	3	260	9	267	1.85e-54	177
EABAIN_06960	AANGNE_00145	38.7	266	153	6	2	260	6	268	4.34e-50	166
EABAIN_06960	HNNKEJ_04560	61.6	125	48	0	137	261	8	132	3.44e-49	159
EABAIN_06965	OBCAHB_06770	77.9	489	104	2	2	490	3	487	8.00e-265	728
EABAIN_06965	FJJMED_09050	58.5	484	195	3	1	484	1	478	3.58e-191	541
EABAIN_06965	ENIHOO_06440	53.0	491	221	6	1	490	1	482	4.47e-169	485
EABAIN_06965	JBKKJP_09570	47.9	407	201	7	77	480	47	445	7.52e-108	327
EABAIN_06965	DANMKC_14240	36.3	377	231	6	109	481	72	443	2.36e-69	228
EABAIN_06965	PLDCIE_09240	37.2	430	239	17	77	483	42	463	1.15e-67	224
EABAIN_06970	AIKIDN_10255	100	84	0	0	1	84	1	84	7.45e-59	174
EABAIN_06975	OCIPFJ_07285	90.2	143	14	0	1	143	1	143	4.79e-86	247
EABAIN_06980	AIKIDN_10265	99.6	270	1	0	1	270	1	270	1.33e-199	545
EABAIN_06980	OLJKOC_02645	42.5	212	112	3	10	220	8	210	5.35e-56	179
EABAIN_06985	BEMMBD_06925	89.4	1194	127	0	1	1194	1	1194	0.0	2100
EABAIN_06985	KIDCCO_02345	74.1	988	245	4	215	1194	1	985	0.0	1432
EABAIN_06985	EAKCFB_13735	64.7	849	291	6	3	842	2	850	0.0	1060
EABAIN_06985	NFKPGO_10930	59.3	189	77	0	1006	1194	9	197	1.76e-68	228
EABAIN_06990	AAKGEC_01680	98.9	181	2	0	1	181	1	181	2.54e-128	357
EABAIN_06995	JLGDBK_06930	96.7	242	8	0	2	243	8	249	1.75e-167	461
EABAIN_06995	DIBOGN_05570	70.8	243	71	0	1	243	1	243	7.77e-126	356
EABAIN_06995	BGHOFK_09095	60.3	242	96	0	2	243	3	244	3.21e-104	301
EABAIN_06995	DDKKPM_03575	63.8	235	83	1	5	239	3	235	2.29e-103	299
EABAIN_06995	FJCOFL_04075	57.1	154	66	0	5	158	3	156	6.64e-57	178
EABAIN_07000	AAKGEC_01670	98.8	253	3	0	1	253	1	253	3.16e-169	466
EABAIN_07005	AAKGEC_01665	97.8	461	10	0	1	461	1	461	0.0	909
EABAIN_07005	AANGNE_04960	53.0	453	212	1	9	461	6	457	4.65e-175	498
EABAIN_07005	BGHOFK_03970	52.1	457	218	1	5	461	2	457	1.82e-172	491
EABAIN_07010	BLOIDM_11920	97.7	514	11	1	2	515	2	514	0.0	981
EABAIN_07010	AAOIOD_08845	66.7	508	169	0	8	515	16	523	1.79e-248	689
EABAIN_07010	LFIKOE_00040	100	159	0	0	357	515	178	336	7.89e-110	329
EABAIN_07010	AAKGEC_10790	41.9	308	146	5	12	319	4	278	3.10e-70	225
EABAIN_07010	LBKFJK_05035	40.7	302	146	5	18	319	10	278	9.39e-69	221
EABAIN_07010	DNKGCI_00195	41.7	302	143	5	18	319	10	278	1.44e-67	218
EABAIN_07010	AANGNE_00750	41.4	307	148	5	13	319	5	279	8.12e-67	216
EABAIN_07010	DDDLLA_07015	40.4	302	147	4	18	319	10	278	1.82e-64	210
EABAIN_07010	CNLKLD_03040	39.4	312	166	3	8	319	3	291	7.67e-64	209
EABAIN_07010	IAFHMK_10505	39.8	309	154	6	12	319	4	281	1.82e-61	202
EABAIN_07015	KPPHCJ_07795	76.3	131	28	1	1	131	1	128	6.98e-58	175
EABAIN_07020	BDMBBJ_03275	95.2	586	23	2	1	582	1	585	0.0	1080
EABAIN_07020	CNOINH_00825	47.6	580	246	7	37	566	78	649	1.28e-176	517
EABAIN_07025	LMHNOH_02535	97.7	664	15	0	1	664	1	664	0.0	1322
EABAIN_07025	CDIIGJ_02170	74.1	661	171	0	3	663	2	662	0.0	1045
EABAIN_07025	FHIFIE_01970	96.4	411	15	0	254	664	393	803	2.74e-295	825
EABAIN_07030	BNPKDP_06905	77.3	207	46	1	1	207	1	206	6.77e-121	340
EABAIN_07030	CDIIGJ_00700	67.3	205	67	0	1	205	1	205	3.96e-101	290
EABAIN_07030	HNNKEJ_03125	62.1	206	78	0	1	206	16	221	4.13e-95	276
EABAIN_07030	IAFHMK_05270	61.1	203	79	0	3	205	4	206	9.93e-92	267
EABAIN_07030	GHCKID_03380	93.6	125	8	0	1	125	1	125	1.95e-90	260
EABAIN_07035	BCGFPE_05875	96.1	385	15	0	1	385	1	385	6.10e-288	778
EABAIN_07035	PIIHIC_00050	96.8	380	12	0	5	384	283	662	2.35e-281	772
EABAIN_07040	AAKGEC_01615	98.9	285	3	0	1	285	1	285	2.86e-197	540
EABAIN_07040	PIIHIC_00050	99.3	285	2	0	1	285	1	285	3.84e-192	541
EABAIN_07040	ABCLFC_07730	73.8	282	74	0	4	285	3	284	1.25e-147	414
EABAIN_07045	AAKGEC_01610	99.7	313	1	0	1	313	1	313	9.88e-224	609
EABAIN_07045	ABNNBP_06725	74.0	319	76	3	1	313	1	318	5.78e-169	471
EABAIN_07050	AAKGEC_01605	98.9	435	5	0	1	435	1	435	0.0	867
EABAIN_07050	CDIIGJ_00675	68.7	431	133	2	6	434	3	433	5.11e-222	615
EABAIN_07050	IAFHMK_05285	55.9	431	178	4	9	432	6	431	2.00e-171	487
EABAIN_07050	FGPNLL_07525	73.9	306	80	0	1	306	1	306	7.91e-164	462
EABAIN_07050	NBOKNL_07950	71.9	199	56	0	236	434	1	199	5.89e-105	309
EABAIN_07050	FGPNLL_07520	70.2	104	31	0	331	434	1	104	5.96e-47	156
EABAIN_07055	BJLDLK_03650	79.9	427	86	0	1	427	189	615	6.59e-259	716
EABAIN_07055	CDIIGJ_02195	49.4	431	213	4	1	426	189	619	4.88e-148	434
EABAIN_07055	HNNKEJ_02315	49.5	428	213	3	1	426	189	615	1.15e-145	427
EABAIN_07055	FHIFIE_01970	75.6	250	60	1	1	249	189	438	3.59e-126	383
EABAIN_07055	AMFMEJ_03615	45.5	433	224	7	1	426	189	616	1.18e-125	376
EABAIN_07060	CGMKCF_02095	93.7	174	11	0	1	174	1	174	7.05e-117	328
EABAIN_07060	BJLDLK_03755	64.8	176	62	0	1	176	1	176	3.30e-86	250
EABAIN_07060	HNNKEJ_03095	60.0	175	70	0	1	175	1	175	1.81e-76	226
EABAIN_07060	AANGNE_01350	53.7	175	81	0	1	175	1	175	1.06e-65	198
EABAIN_07060	ABNNBP_06575	61.5	117	45	0	1	117	1	117	3.90e-51	159
EABAIN_07060	LLNOII_11425	44.0	175	95	1	1	172	1	175	2.16e-48	155
EABAIN_07060	DNKGCI_11040	44.0	175	97	1	1	174	1	175	7.06e-48	153
EABAIN_07065	ABNNBP_06570	82.1	106	19	0	1	106	1	106	6.24e-62	183
EABAIN_07070	ANIMCG_03315	99.2	123	1	0	1	123	1	123	7.68e-84	240
EABAIN_07070	CDIIGJ_01315	67.2	119	39	0	1	119	1	119	9.42e-55	166
EABAIN_07075	ABCLFC_13130	94.9	628	32	0	1	628	1	628	0.0	1183
EABAIN_07075	HNNKEJ_02660	26.8	418	271	8	39	426	41	453	4.76e-40	152
EABAIN_07080	KBLLAJ_09090	99.0	194	1	1	1	193	1	194	1.45e-140	389
EABAIN_07085	ABNNBP_06525	77.5	315	69	1	1	313	1	315	5.26e-180	499
EABAIN_07085	DHALJH_06700	72.1	301	82	1	15	313	3	303	2.59e-157	441
EABAIN_07085	NMHJIK_01220	98.9	189	2	0	1	189	1	189	1.97e-131	371
EABAIN_07085	BNBIEO_01610	49.0	310	155	2	4	313	2	308	2.80e-107	314
EABAIN_07090	LOKICG_06475	91.7	278	23	0	1	278	1	278	2.05e-168	467
EABAIN_07090	LCBNOF_02595	73.7	281	0	1	1	281	1	207	6.37e-117	333
EABAIN_07090	AGDPFD_09495	51.9	262	122	2	15	274	18	277	6.35e-79	240
EABAIN_07095	AAKGEC_01415	90.7	237	22	0	1	237	1	237	3.26e-154	427
EABAIN_07095	BGHOFK_00500	68.4	237	75	0	1	237	1	237	1.61e-113	324
EABAIN_07095	AANGNE_07575	52.1	234	111	1	1	233	1	234	4.35e-76	229
EABAIN_07095	BNPKDP_06960	72.6	106	29	0	1	106	1	106	1.01e-47	152
EABAIN_07100	LLNOII_02215	86.6	134	18	0	1	134	1	134	9.65e-86	246
EABAIN_07105	AAKGEC_01405	100	77	0	0	1	77	1	77	1.12e-50	152
EABAIN_07110	GMJIIH_08665	98.5	1050	12	1	1	1046	1	1050	0.0	1838
EABAIN_07110	ABCLFC_07790	60.7	1046	411	0	1	1046	1	1046	0.0	1123
EABAIN_07110	ACNHAK_09475	41.0	1061	587	13	1	1042	1	1041	3.41e-223	664
EABAIN_07110	LBKFJK_09755	40.9	1055	594	10	1	1042	1	1038	8.40e-220	655
EABAIN_07110	CDIIGJ_01325	40.5	1048	613	7	1	1044	1	1041	6.49e-216	645
EABAIN_07110	EIKFFD_00380	40.4	1052	614	7	1	1046	1	1045	3.83e-215	643
EABAIN_07115	AAKGEC_01395	99.0	390	4	0	1	390	1	390	1.79e-278	754
EABAIN_07115	CDIIGJ_01320	63.8	392	140	2	1	390	1	392	2.10e-178	501
EABAIN_07115	CMOKEC_04815	61.6	391	148	2	1	390	4	393	2.17e-173	488
EABAIN_07115	LBKFJK_09760	60.1	391	155	1	1	390	1	391	1.52e-168	476
EABAIN_07120	AAKGEC_01390	99.7	312	1	0	1	312	1	312	1.07e-226	617
EABAIN_07120	BNBIEO_02645	61.3	313	120	1	1	312	1	313	6.19e-136	387
EABAIN_07125	AAKGEC_01385	98.6	139	2	0	1	139	1	139	7.04e-92	261
EABAIN_07125	LCBNOF_12525	72.1	136	38	0	1	136	1	136	6.75e-66	196
EABAIN_07125	HNNKEJ_03450	63.3	139	49	1	1	139	1	137	6.82e-56	171
EABAIN_07130	ACIHME_12925	93.5	750	49	0	1	750	1	750	0.0	1252
EABAIN_07130	KEKJLN_09155	64.4	845	145	3	1	750	1	784	0.0	907
EABAIN_07130	ABNNBP_06480	71.8	688	192	2	1	688	1	686	4.75e-311	883
EABAIN_07130	ADJCAM_01395	71.1	722	201	3	1	716	1	720	4.24e-308	895
EABAIN_07130	PLIDEH_06590	72.7	688	186	2	1	688	1	686	6.14e-308	895
EABAIN_07130	CDIIGJ_00900	54.9	672	295	5	17	688	16	679	1.49e-204	607
EABAIN_07130	LBLLFD_02440	47.2	846	276	7	12	688	11	854	6.44e-203	605
EABAIN_07130	NGDFHG_02355	65.5	502	78	1	340	746	469	970	2.97e-186	556
EABAIN_07130	DBFGIH_09665	38.7	710	386	18	18	688	17	716	5.35e-109	362
EABAIN_07130	FMNMPI_04215	38.5	621	332	14	137	715	3	615	1.10e-88	296
EABAIN_07130	LEJDNH_07675	33.8	702	317	17	18	679	17	610	5.35e-82	273
EABAIN_07130	GMJOLA_06050	38.0	574	294	14	152	683	11	564	6.60e-74	261
EABAIN_07135	JIBFFE_03710	99.3	139	1	0	1	139	1	139	2.88e-93	266
EABAIN_07135	BGHOFK_00930	69.2	143	44	0	1	143	1	143	2.15e-70	208
EABAIN_07135	HNNKEJ_03425	70.1	147	44	0	1	147	1	147	3.92e-70	207
EABAIN_07135	CDIIGJ_00895	65.3	147	51	0	1	147	1	147	2.92e-65	195
EABAIN_07135	IAFHMK_05200	58.7	143	59	0	1	143	1	143	8.35e-55	168
EABAIN_07135	CNLKLD_06245	51.0	147	72	0	1	147	1	147	4.12e-52	162
EABAIN_07135	LBKFJK_04145	55.2	143	64	0	1	143	1	143	4.93e-49	154
EABAIN_07140	DNKGCI_01990	79.3	540	110	2	1	538	1	540	3.23e-302	827
EABAIN_07140	EIIOFH_06730	99.4	345	2	0	1	345	1	345	1.16e-239	661
EABAIN_07145	ABIMCM_09840	99.3	271	2	0	1	271	1	271	7.30e-196	535
EABAIN_07145	HNNKEJ_03415	70.7	270	79	0	1	270	3	272	5.35e-143	402
EABAIN_07145	BGHOFK_00920	72.0	271	76	0	1	271	1	271	6.83e-143	401
EABAIN_07145	CDIIGJ_00885	73.0	270	73	0	1	270	1	270	1.38e-142	400
EABAIN_07145	DNKGCI_01985	65.1	272	92	2	1	270	1	271	5.38e-124	353
EABAIN_07145	LBKFJK_04120	61.2	268	101	1	5	269	5	272	1.79e-116	335
EABAIN_07145	DDDLLA_00035	60.2	274	104	2	1	270	1	273	6.64e-114	328
EABAIN_07145	IAFHMK_05210	59.2	272	103	5	3	267	4	274	3.28e-109	316
EABAIN_07150	AANGNE_06590	85.2	506	75	0	1	506	1	506	2.30e-313	852
EABAIN_07150	AAKGEC_02300	38.0	497	299	3	7	502	3	491	6.55e-110	335
EABAIN_07150	CEHAJH_01150	65.0	246	86	0	261	506	1	246	1.68e-109	325
EABAIN_07150	DDDLLA_07200	35.5	504	311	8	3	495	2	502	8.51e-91	286
EABAIN_07150	DFCDFN_05355	35.5	502	312	7	4	495	8	507	3.32e-88	280
EABAIN_07155	CNLKLD_07410	76.1	356	84	1	1	355	1	356	3.83e-189	526
EABAIN_07155	DFCDFN_05380	78.2	354	76	1	1	353	1	354	1.63e-186	519
EABAIN_07160	AAKGEC_09770	100	317	0	0	1	317	1	317	5.92e-222	605
EABAIN_07165	AANGNE_06610	83.6	323	52	1	4	325	3	325	6.55e-191	527
EABAIN_07165	LCKANC_05155	100	167	0	0	159	325	1	167	7.22e-113	323
EABAIN_07165	AANGNE_00875	46.2	305	163	1	7	310	6	310	6.95e-95	283
EABAIN_07165	CNLKLD_01560	44.2	310	168	2	3	307	2	311	7.00e-88	266
EABAIN_07165	IAFHMK_06925	46.1	306	155	6	7	307	6	306	4.39e-85	258
EABAIN_07165	BGHOFK_03765	41.6	310	176	2	7	311	6	315	2.33e-81	249
EABAIN_07165	DDDLLA_03935	43.1	311	168	3	8	311	3	311	2.13e-80	246
EABAIN_07165	FAKCMI_10230	45.7	208	105	2	7	206	6	213	1.27e-63	201
EABAIN_07165	AANGNE_02105	34.5	278	172	5	7	282	2	271	2.99e-44	153
EABAIN_07170	IAFHMK_05300	80.5	503	95	2	1	502	1	501	1.06e-285	782
EABAIN_07175	AANGNE_06620	90.6	339	32	0	1	339	1	339	1.99e-216	593
EABAIN_07175	DDDLLA_00580	35.9	326	171	6	1	292	1	322	2.71e-54	181
EABAIN_07175	DNKGCI_01415	34.5	316	175	6	1	285	1	315	3.96e-49	167
EABAIN_07180	AAKGEC_09750	100	382	0	0	1	382	1	382	1.09e-284	769
EABAIN_07180	AANGNE_06625	70.0	383	114	1	1	382	1	383	6.40e-192	535
EABAIN_07180	LBKFJK_09080	62.4	380	142	1	1	379	1	380	9.36e-170	478
EABAIN_07180	ACDDAG_00885	61.2	379	145	2	1	378	1	378	3.71e-167	472
EABAIN_07180	CNLKLD_02150	58.0	379	157	2	1	378	1	378	5.63e-154	438
EABAIN_07185	AANGNE_06630	83.6	390	63	1	1	389	1	390	6.09e-213	588
EABAIN_07185	CNLKLD_00405	53.5	342	157	2	45	386	11	350	5.24e-114	336
EABAIN_07185	LMNJGA_05520	96.0	99	4	0	1	99	1	99	5.15e-51	166
EABAIN_07190	CGMKCF_01940	100	208	0	0	1	208	1	208	8.83e-143	396
EABAIN_07190	IAFHMK_05320	72.6	201	49	2	7	207	6	200	3.51e-96	278
EABAIN_07190	DNKGCI_01930	68.6	191	56	1	17	207	14	200	6.33e-85	249
EABAIN_07190	AANGNE_06635	60.7	201	70	2	7	207	1	192	4.60e-71	214
EABAIN_07190	CNLKLD_06945	58.0	188	73	1	17	204	6	187	1.96e-67	204
EABAIN_07195	ABCLFC_07880	95.9	339	14	0	1	339	1	339	2.43e-231	631
EABAIN_07200	IAFHMK_05335	87.5	296	36	1	11	305	7	302	2.23e-183	507
EABAIN_07205	AAKGEC_09725	98.5	135	2	0	1	135	1	135	6.35e-93	264
EABAIN_07205	HNNKEJ_03295	68.4	133	42	0	1	133	1	133	7.54e-60	180
EABAIN_07205	IAFHMK_05365	62.7	126	47	0	8	133	1	126	4.71e-57	173
EABAIN_07205	AANGNE_06695	61.9	126	48	0	8	133	4	129	1.91e-52	161
EABAIN_07210	AAKGEC_09720	100	176	0	0	1	176	1	176	1.16e-117	330
EABAIN_07210	CNLKLD_06495	65.7	172	59	0	4	175	3	174	6.38e-76	224
EABAIN_07215	AAKGEC_09715	99.4	319	2	0	1	319	1	319	4.17e-223	608
EABAIN_07215	LBKFJK_04040	68.7	319	100	0	1	319	1	319	9.00e-158	443
EABAIN_07215	DNKGCI_01905	68.7	319	100	0	1	319	1	319	9.91e-155	435
EABAIN_07215	AANGNE_06705	68.3	319	101	0	1	319	1	319	4.02e-154	434
EABAIN_07215	CNLKLD_03435	34.9	324	200	3	5	317	2	325	1.09e-63	204
EABAIN_07215	ABCLFC_01100	36.4	321	194	3	7	317	15	335	1.44e-63	204
EABAIN_07215	DDDLLA_04250	35.8	324	196	3	6	317	3	326	3.51e-62	200
EABAIN_07215	IAFHMK_09995	34.6	321	200	4	7	317	4	324	1.31e-61	198
EABAIN_07220	FIHDIM_08635	94.5	238	13	0	1	238	1	238	6.58e-160	442
EABAIN_07225	ANFPEE_01535	98.0	152	3	0	1	152	1	152	8.32e-92	264
EABAIN_07225	ABCLFC_07910	58.4	154	60	1	1	154	1	150	3.09e-51	160
EABAIN_07230	EHLNLG_01645	100	237	0	0	1	237	1	237	5.07e-168	462
EABAIN_07230	CNLKLD_06515	72.5	236	62	1	1	236	1	233	6.52e-117	333
EABAIN_07230	AANGNE_06715	69.1	236	73	0	1	236	1	236	9.77e-115	327
EABAIN_07230	DDDLLA_00165	69.9	236	71	0	2	237	3	238	1.36e-112	322
EABAIN_07230	LBKFJK_04015	65.0	237	83	0	1	237	1	237	1.41e-104	301
EABAIN_07230	MDKGKD_00500	68.5	200	56	1	37	236	1	193	1.36e-92	270
EABAIN_07235	ABCBPP_07380	99.4	311	2	0	1	311	11	321	6.56e-223	607
EABAIN_07240	AAKGEC_09690	99.6	262	1	0	1	262	1	262	1.42e-190	521
EABAIN_07240	HNNKEJ_03230	73.7	262	69	0	1	262	1	262	1.22e-143	402
EABAIN_07240	DDDLLA_00180	69.9	266	76	1	1	262	1	266	5.19e-132	373
EABAIN_07240	AANGNE_06725	66.7	255	85	0	3	257	2	256	2.77e-128	363
EABAIN_07240	DNKGCI_01860	66.2	266	86	1	1	262	33	298	8.22e-127	361
EABAIN_07240	LBKFJK_04005	66.5	266	85	1	1	262	1	266	3.64e-125	356
EABAIN_07240	IAFHMK_05435	60.8	263	102	1	1	262	1	263	6.80e-113	325
EABAIN_07240	CNLKLD_06530	61.5	260	98	2	4	262	4	262	5.07e-110	317
EABAIN_07245	HMJMNM_06755	98.7	450	6	0	1	450	1	450	1.85e-298	810
EABAIN_07245	BGHOFK_09550	73.9	449	117	0	1	449	1	449	1.70e-222	618
EABAIN_07245	KCPOOK_06475	70.3	209	62	0	241	449	3	211	3.11e-94	283
EABAIN_07245	FPMMJC_02090	37.9	451	267	3	9	450	14	460	2.63e-90	281
EABAIN_07245	AAKGEC_09050	38.3	418	246	5	12	423	21	432	5.71e-79	252
EABAIN_07245	DNKGCI_09275	34.5	443	276	5	12	449	13	446	8.92e-75	241
EABAIN_07245	ANFPEE_10465	35.6	404	250	5	13	409	18	418	1.68e-63	211
EABAIN_07245	CNLKLD_01205	29.4	408	280	3	1	402	1	406	3.46e-50	176
EABAIN_07250	DPMHNO_10865	94.5	237	13	0	1	237	1	237	2.47e-160	443
EABAIN_07250	IAFHMK_07810	62.2	238	90	0	1	238	1	238	3.23e-106	306
EABAIN_07250	LBKFJK_02545	55.7	237	105	0	1	237	1	237	1.36e-88	261
EABAIN_07255	ABJDJH_04730	95.8	475	20	0	1	475	1	475	0.0	949
EABAIN_07255	ABNNBP_05785	67.7	473	153	0	3	475	2	474	1.05e-254	701
EABAIN_07255	AMCIGH_08775	67.7	464	148	1	3	466	2	463	1.65e-249	688
EABAIN_07255	AANGNE_04725	66.9	471	156	0	3	473	2	472	1.88e-248	686
EABAIN_07255	ACDDAG_09875	65.0	474	166	0	1	474	1	474	6.15e-244	674
EABAIN_07255	EPOEKF_01740	54.7	470	207	4	3	469	4	470	1.71e-182	518
EABAIN_07255	BIFMNE_04180	45.4	463	228	8	6	465	4	444	5.69e-136	399
EABAIN_07255	DDDLLA_01640	42.9	469	256	7	4	468	2	462	1.18e-126	375
EABAIN_07255	BEIAAA_10275	45.0	291	154	3	169	458	1	286	4.10e-79	256
EABAIN_07255	ABCBPP_13515	30.7	482	303	15	1	465	1	468	2.12e-62	209
EABAIN_07255	KPGHOL_06290	30.3	488	278	17	8	458	5	467	2.27e-59	202
EABAIN_07255	ANILPM_08310	29.1	477	306	14	4	469	2	457	7.94e-57	194
EABAIN_07255	AIKIDN_03085	27.7	488	296	13	6	455	4	472	2.25e-51	181
EABAIN_07255	BDEBFB_07100	28.8	486	295	14	4	455	1	469	5.61e-51	179
EABAIN_07255	ANILPM_09555	27.2	503	310	14	3	466	4	489	1.72e-49	176
EABAIN_07255	GEDPFN_03055	26.1	487	305	13	5	458	1	465	1.27e-48	173
EABAIN_07255	DAEIAJ_08645	26.3	490	302	13	4	458	1	466	4.71e-48	171
EABAIN_07255	CNLKLD_06025	26.1	479	317	13	4	458	1	466	4.67e-47	169
EABAIN_07255	ALNFEK_03480	27.0	486	305	14	6	458	9	477	7.92e-47	168
EABAIN_07255	AGFMFG_00740	26.4	493	287	14	6	453	9	470	2.07e-46	167
EABAIN_07260	ABIMCM_09725	100	184	0	0	1	184	1	184	1.03e-124	348
EABAIN_07260	ABCLFC_07970	68.5	181	57	0	1	181	1	181	1.32e-85	249
EABAIN_07260	IAFHMK_07800	52.5	181	86	0	1	181	1	181	2.29e-63	193
EABAIN_07265	ANFPEE_00890	98.2	278	5	0	1	278	2	279	3.83e-185	509
EABAIN_07270	PAGFJI_07105	91.9	297	24	0	1	297	24	320	1.15e-187	518
EABAIN_07275	ABIMCM_09710	99.8	439	1	0	1	439	1	439	0.0	889
EABAIN_07275	IAFHMK_07785	67.7	443	136	3	1	438	1	441	3.78e-215	598
EABAIN_07280	CGMKCF_01825	96.1	307	12	0	2	308	10	316	3.70e-227	618
EABAIN_07280	IAFHMK_07780	70.4	307	89	1	1	305	1	307	1.56e-167	467
EABAIN_07280	IFJOCP_10305	98.1	103	2	0	1	103	1	103	6.74e-68	207
EABAIN_07285	ABIMCM_09700	93.9	311	19	0	1	311	1	311	3.86e-222	605
EABAIN_07285	IAFHMK_07775	71.8	308	87	0	1	308	1	308	2.81e-169	471
EABAIN_07290	DBFGIH_06280	75.4	410	94	2	1	403	1	410	8.26e-228	627
EABAIN_07290	DNKGCI_01855	71.5	428	95	3	1	402	1	427	3.98e-216	598
EABAIN_07290	ACPHPF_05810	97.7	172	4	0	232	403	1	172	4.04e-118	340
EABAIN_07290	OFBCLB_12425	30.6	346	213	10	1	323	1	342	4.68e-42	151
EABAIN_07295	ABCLFC_08010	90.1	383	34	1	1	379	1	383	1.96e-250	682
EABAIN_07295	BGHOFK_00820	71.8	379	107	0	1	379	1	379	2.72e-203	563
EABAIN_07295	DBFGIH_06285	63.8	384	115	2	1	379	1	365	1.53e-180	505
EABAIN_07295	DNKGCI_01850	63.3	390	125	3	1	379	1	383	2.92e-180	505
EABAIN_07295	LBKFJK_03995	64.1	379	129	1	1	379	1	372	2.29e-179	502
EABAIN_07295	OFBCLB_07095	60.6	381	133	3	1	379	18	383	1.20e-167	473
EABAIN_07300	CGMKCF_01800	96.6	265	5	1	1	261	1	265	1.02e-179	494
EABAIN_07300	CDIIGJ_00770	68.9	251	70	3	1	247	1	247	7.98e-119	340
EABAIN_07300	HNNKEJ_03205	66.4	247	83	0	1	247	1	247	2.13e-118	338
EABAIN_07300	BGHOFK_00815	62.5	261	98	0	1	261	1	261	1.51e-113	326
EABAIN_07300	OOHPIC_07000	54.0	261	107	6	1	258	1	251	1.23e-81	246
EABAIN_07300	DNKGCI_01845	50.8	244	118	2	1	243	1	243	5.65e-80	241
EABAIN_07300	BNBIEO_05760	52.4	246	112	4	1	243	1	244	2.43e-79	239
EABAIN_07300	DDDLLA_00200	47.0	266	133	5	1	261	1	263	1.89e-75	229
EABAIN_07300	LBKFJK_03990	45.9	244	131	1	1	243	1	244	1.62e-69	214
EABAIN_07305	BGLHNG_02010	84.2	177	28	0	8	184	20	196	7.77e-107	303
EABAIN_07310	AANGNE_06750	85.0	1060	156	2	1	1060	42	1098	0.0	1763
EABAIN_07315	AAKGEC_09655	99.4	157	1	0	1	157	1	157	1.47e-113	318
EABAIN_07315	IAFHMK_01030	73.2	157	42	0	1	157	1	157	5.55e-84	243
EABAIN_07315	AANGNE_04400	56.1	157	69	0	1	157	1	157	8.14e-64	192
EABAIN_07315	NEHKFL_07110	50.3	157	77	1	1	157	1	156	2.68e-56	173
EABAIN_07320	AAKGEC_09650	100	209	0	0	1	209	1	209	2.67e-146	405
EABAIN_07320	HNNKEJ_03025	61.8	207	77	1	1	205	1	207	1.22e-84	249
EABAIN_07320	BGHOFK_00765	60.9	207	79	1	1	205	1	207	2.65e-82	243
EABAIN_07320	IAFHMK_05650	60.2	206	79	2	1	204	1	205	4.93e-79	234
EABAIN_07320	CNLKLD_06485	57.1	198	77	1	17	206	17	214	1.47e-72	218
EABAIN_07320	DNKGCI_01815	55.1	207	86	2	6	205	3	209	4.26e-71	214
EABAIN_07320	OFBCLB_07120	53.6	196	89	1	11	204	13	208	3.41e-69	210
EABAIN_07320	ACDDAG_00030	53.1	211	93	2	1	205	38	248	1.80e-66	204
EABAIN_07320	LBKFJK_03935	52.4	206	93	1	4	204	3	208	1.57e-63	195
EABAIN_07320	AAOIOD_09980	51.9	187	88	1	21	205	118	304	4.05e-59	187
EABAIN_07325	BGHOFK_00755	84.8	876	133	0	1	876	1	876	0.0	1390
EABAIN_07325	AANGNE_04040	71.1	875	250	1	1	872	1	875	0.0	1162
EABAIN_07325	HNNKEJ_03015	73.4	463	113	1	1	453	1	463	2.94e-219	629
EABAIN_07325	CNLKLD_08305	42.1	893	463	16	4	877	6	863	5.85e-195	579
EABAIN_07325	HNNKEJ_12000	40.4	893	488	15	10	877	22	895	1.12e-184	554
EABAIN_07325	CNLKLD_05120	39.8	872	472	17	21	871	21	860	2.13e-180	542
EABAIN_07325	FHIFIE_03450	39.1	880	493	14	21	871	22	887	1.89e-177	535
EABAIN_07325	DDDLLA_09200	40.0	873	470	18	21	871	22	862	4.72e-176	531
EABAIN_07325	DNKGCI_09670	39.6	800	438	15	84	869	1	769	2.43e-170	513
EABAIN_07325	EOHHJN_09855	38.3	883	484	15	17	871	18	867	1.96e-165	503
EABAIN_07325	LBKFJK_08710	37.8	888	496	17	5	869	5	859	1.98e-163	498
EABAIN_07325	AKPIPJ_02055	35.7	933	524	21	1	876	17	930	1.90e-151	469
EABAIN_07325	JAPIMJ_06920	36.4	813	478	13	21	816	23	813	6.34e-148	458
EABAIN_07325	AANGNE_04380	35.4	905	524	20	21	876	22	914	1.67e-147	458
EABAIN_07325	EIKFFD_06365	35.3	743	448	11	35	768	34	752	2.21e-137	430
EABAIN_07325	BGHOFK_01130	29.1	732	471	16	5	717	29	731	9.58e-85	290
EABAIN_07325	GKAHPE_00190	28.9	717	470	14	10	717	22	707	1.61e-77	269
EABAIN_07325	CNLKLD_02820	28.5	730	482	14	21	745	33	727	1.56e-74	261
EABAIN_07325	DDDLLA_06035	26.7	734	499	13	11	736	25	727	1.04e-72	256
EABAIN_07325	LIMBNG_08850	25.2	761	474	19	19	765	3	682	1.45e-54	202
EABAIN_07325	DNKGCI_10915	26.4	757	452	24	21	764	8	672	1.12e-51	194
EABAIN_07330	AAOIOD_00865	78.4	236	51	0	1	236	1	236	1.74e-142	398
EABAIN_07330	DNKGCI_07470	73.8	237	62	0	1	237	1	237	1.89e-132	372
EABAIN_07335	PHNKGJ_08095	98.9	183	2	0	1	183	1	183	1.08e-125	351
EABAIN_07335	BJLDLK_05130	82.5	103	18	0	1	103	1	103	1.05e-56	174
EABAIN_07340	AOPEMA_07200	96.7	276	9	0	2	277	9	284	5.37e-170	471
EABAIN_07340	CDIIGJ_09925	38.6	280	165	5	1	277	1	276	4.06e-54	176
EABAIN_07340	AAKGEC_12060	44.8	194	107	0	84	277	70	263	3.14e-53	173
EABAIN_07340	ACPHPF_05560	46.7	197	102	2	83	277	69	264	4.02e-51	168
EABAIN_07345	AAKGEC_09625	98.9	184	2	0	1	184	1	184	4.72e-130	362
EABAIN_07345	DNKGCI_04225	65.2	184	64	0	1	184	1	184	2.18e-87	254
EABAIN_07350	AAKGEC_09620	97.6	252	6	0	1	252	1	252	8.38e-169	465
EABAIN_07350	EEJBJI_03230	61.6	255	95	2	1	252	1	255	1.77e-101	295
EABAIN_07350	CBEECJ_09635	60.1	253	100	1	1	252	1	253	2.72e-100	292
EABAIN_07350	DPMHNO_10700	74.9	171	42	1	81	251	1	170	5.30e-86	253
EABAIN_07355	AAKGEC_09615	100	117	0	0	1	117	1	117	5.76e-67	197
EABAIN_07360	AAKGEC_09610	98.6	142	2	0	1	142	1	142	2.01e-97	276
EABAIN_07360	HNNKEJ_02975	56.0	141	62	0	1	141	1	141	8.43e-53	163
EABAIN_07360	GGLADB_04880	56.3	142	61	1	1	141	1	142	5.99e-51	158
EABAIN_07360	BGHOFK_01250	51.8	141	68	0	1	141	1	141	4.34e-48	151
EABAIN_07360	HNNKEJ_02955	52.1	142	67	1	1	141	1	142	6.36e-48	150
EABAIN_07370	BPDDPD_10285	92.4	131	10	0	1	131	1	131	1.22e-88	253
EABAIN_07370	CNLKLD_05730	67.2	131	43	0	1	131	1	131	9.59e-67	197
EABAIN_07370	AKPIPJ_06215	70.0	130	37	1	1	128	1	130	1.36e-65	195
EABAIN_07370	IAFHMK_05845	69.0	129	39	1	1	128	1	129	3.37e-63	189
EABAIN_07370	LBKFJK_03545	59.8	132	46	2	1	131	1	126	2.51e-54	166
EABAIN_07370	CDIIGJ_05875	58.0	131	49	2	1	131	1	125	2.34e-50	156
EABAIN_07370	HNNKEJ_05285	64.0	114	40	1	17	129	1	114	1.40e-49	154
EABAIN_07390	DBFDDP_04215	98.2	111	2	0	1	111	9	119	3.67e-71	207
EABAIN_07395	LBLLFD_01825	81.3	235	42	1	1	235	1	233	5.76e-131	368
EABAIN_07395	DDDLLA_00260	71.9	235	63	1	1	235	1	232	5.37e-115	328
EABAIN_07395	CJHCCN_01640	74.4	234	54	2	1	233	13	241	1.70e-114	327
EABAIN_07395	CNLKLD_07520	66.0	235	74	3	1	232	4	235	1.69e-103	299
EABAIN_07400	CDIIGJ_00640	75.0	515	128	1	1	515	1	514	3.31e-271	746
EABAIN_07400	DNKGCI_01530	64.5	516	183	0	2	517	5	520	1.36e-238	664
EABAIN_07400	IAFHMK_06400	66.0	517	176	0	1	517	1	517	3.36e-238	663
EABAIN_07400	DDDLLA_00265	63.6	516	188	0	2	517	20	535	9.37e-233	650
EABAIN_07400	AANGNE_05810	63.2	516	190	0	2	517	5	520	1.52e-225	631
EABAIN_07400	CNLKLD_07525	57.6	517	219	0	1	517	4	520	4.38e-203	574
EABAIN_07400	EIIOFH_08855	99.1	115	1	0	1	115	1	115	9.27e-69	217
EABAIN_07405	FFEJFE_02000	90.9	143	13	0	1	143	1	143	7.59e-83	239
EABAIN_07405	HNNKEJ_02855	73.1	145	39	0	1	145	1	145	1.09e-71	211
EABAIN_07405	IAFHMK_06370	70.2	141	42	0	6	146	9	149	8.86e-65	194
EABAIN_07410	DDDLLA_01100	81.1	233	44	0	3	235	4	236	5.34e-134	376
EABAIN_07415	CDIIGJ_00625	88.4	352	39	1	1	350	1	352	4.50e-218	598
EABAIN_07415	AANGNE_05820	71.4	350	100	0	1	350	1	350	2.05e-174	488
EABAIN_07415	AIKIDN_09950	71.1	350	101	0	1	350	1	350	2.05e-174	488
EABAIN_07415	AANGNE_00910	64.9	350	122	1	1	350	1	349	2.31e-154	437
EABAIN_07415	NCNHMD_13940	57.9	349	145	2	1	348	1	348	1.23e-134	387
EABAIN_07415	IAMLOO_05880	73.3	180	48	0	171	350	1	180	1.10e-89	266
EABAIN_07415	CGMKCF_00020	69.3	153	47	0	196	348	1	153	2.75e-68	211
EABAIN_07415	IAMLOO_05885	62.7	158	58	1	1	158	1	157	2.31e-60	191
EABAIN_07420	IAFHMK_06355	73.4	128	34	0	2	129	3	130	1.79e-65	194
EABAIN_07420	DNKGCI_10000	70.9	127	37	0	3	129	4	130	2.08e-64	191
EABAIN_07420	DDDLLA_01110	68.2	129	41	0	2	130	3	131	9.87e-63	187
EABAIN_07420	LBKFJK_02580	68.5	127	40	0	3	129	4	130	3.14e-59	178
EABAIN_07425	AAKGEC_09550	99.5	220	1	0	1	220	1	220	1.47e-153	424
EABAIN_07425	KGIGEE_10355	99.5	220	1	0	1	220	68	287	1.63e-152	424
EABAIN_07435	CNLKLD_02495	76.3	430	99	1	1	430	1	427	1.47e-225	624
EABAIN_07435	PHNKGJ_07850	99.2	244	2	0	187	430	1	244	9.37e-163	457
EABAIN_07435	ABCLFC_04895	84.7	150	23	0	281	430	1	150	8.20e-80	243
EABAIN_07440	CEPOIM_03560	93.9	198	12	0	1	198	32	229	5.53e-134	374
EABAIN_07440	IAFHMK_06335	73.7	198	52	0	1	198	1	198	8.04e-107	304
EABAIN_07440	DNKGCI_10020	73.7	198	52	0	1	198	1	198	3.81e-105	300
EABAIN_07440	LBKFJK_02560	71.5	193	55	0	6	198	1	193	1.33e-99	286
EABAIN_07440	DDDLLA_01130	68.7	198	62	0	1	198	4	201	1.46e-96	278
EABAIN_07440	CNLKLD_02490	68.2	195	61	1	6	199	1	195	1.61e-91	265
EABAIN_07445	AAKGEC_09530	99.3	306	2	0	1	306	1	306	1.25e-222	606
EABAIN_07450	AAKGEC_09525	100	143	0	0	1	143	1	143	8.74e-88	251
EABAIN_07450	BGHOFK_00645	73.4	143	38	0	1	143	1	143	2.82e-61	184
EABAIN_07450	DDDLLA_03485	64.1	142	51	0	1	142	1	142	8.05e-54	166
EABAIN_07450	LBKFJK_02475	58.5	142	59	0	1	142	1	142	1.37e-47	150
EABAIN_07450	DNKGCI_10980	54.2	142	65	0	1	142	1	142	1.37e-47	150
EABAIN_07455	AAKGEC_09520	99.7	314	1	0	1	314	1	314	4.82e-215	587
EABAIN_07455	DBFGIH_05410	74.5	306	78	0	3	308	4	309	6.51e-157	441
EABAIN_07460	ABJDJH_04530	99.0	96	1	0	1	96	1	96	1.58e-62	184
EABAIN_07460	KBLLAJ_09455	98.9	91	1	0	6	96	33	123	6.90e-58	173
EABAIN_07465	AAKGEC_09510	100	180	0	0	1	180	1	180	9.98e-130	360
EABAIN_07465	CDIIGJ_01555	69.2	169	52	0	1	169	1	169	4.37e-80	235
EABAIN_07470	AAKGEC_04005	80.4	439	86	0	1	439	7	445	1.74e-277	756
EABAIN_07470	CDIIGJ_01560	71.7	438	124	0	2	439	3	440	1.75e-248	682
EABAIN_07475	JNMKIO_05340	81.9	149	27	0	1	149	9	157	2.19e-89	258
EABAIN_07475	DDDLLA_03505	70.5	149	44	0	1	149	1	149	1.19e-75	223
EABAIN_07485	AANGNE_04920	83.2	572	96	0	1	572	1	572	0.0	950
EABAIN_07490	LGJCEJ_06495	99.3	408	1	1	1	408	1	406	1.27e-282	766
EABAIN_07490	DNKGCI_00740	35.5	366	219	7	33	389	10	367	3.03e-62	204
EABAIN_07490	LBKFJK_08540	43.8	281	136	5	34	302	8	278	1.08e-61	200
EABAIN_07490	CJHCCN_05470	35.6	351	212	7	46	389	19	362	3.54e-61	201
EABAIN_07490	IAFHMK_08490	45.5	224	116	2	46	267	20	239	3.22e-60	196
EABAIN_07490	CNLKLD_04950	43.5	230	124	3	37	264	12	237	9.02e-60	196
EABAIN_07490	AAKGEC_07545	42.0	243	134	3	48	287	21	259	3.25e-58	192
EABAIN_07490	BNBIEO_02790	43.6	236	127	2	34	267	8	239	4.83e-58	191
EABAIN_07490	JAFLJO_05055	39.9	268	149	5	46	306	20	282	1.74e-57	189
EABAIN_07490	DDDLLA_03435	36.8	291	171	3	44	325	20	306	2.37e-57	190
EABAIN_07490	ABJDJH_10240	39.8	261	127	3	5	265	5	235	1.88e-53	181
EABAIN_07490	AANGNE_03680	41.4	237	134	4	32	265	5	239	3.65e-51	172
EABAIN_07490	IAFHMK_08785	34.3	280	157	6	5	266	5	275	1.69e-45	160
EABAIN_07490	AANGNE_01045	34.8	233	141	2	44	266	23	254	1.45e-44	157
EABAIN_07490	AAKGEC_12175	37.4	265	138	6	5	268	6	243	2.34e-44	154
EABAIN_07490	CNLKLD_00555	34.4	241	142	2	42	266	22	262	1.01e-43	155
EABAIN_07495	CGMKCF_07035	98.5	203	3	0	1	203	1	203	5.14e-136	379
EABAIN_07495	DDDLLA_06495	70.6	201	59	0	4	204	4	204	9.82e-97	279
EABAIN_07500	AAKGEC_09475	94.5	541	30	0	1	541	1	541	0.0	1036
EABAIN_07500	IAFHMK_10260	66.0	536	180	1	1	534	1	536	7.59e-270	745
EABAIN_07500	HNNKEJ_05685	63.5	540	195	1	1	538	1	540	6.67e-261	723
EABAIN_07500	HNNKEJ_05340	62.6	535	198	2	1	534	1	534	1.32e-255	709
EABAIN_07500	DNKGCI_00755	60.3	541	202	5	1	529	1	540	6.49e-237	662
EABAIN_07500	MDDIOL_10750	99.6	261	1	0	281	541	744	1004	5.87e-172	512
EABAIN_07500	BDMBBJ_02730	98.2	224	4	0	318	541	138	361	2.75e-150	434
EABAIN_07500	IAFHMK_10265	26.2	512	349	13	1	507	3	490	9.13e-51	181
EABAIN_07500	CEHNAA_05565	54.0	137	63	0	398	534	3	139	1.27e-44	154
EABAIN_07500	HNNKEJ_05690	25.3	521	349	13	1	507	1	495	2.68e-44	163
EABAIN_07505	AAKGEC_09470	84.3	483	76	0	1	483	24	506	2.79e-305	831
EABAIN_07505	MJMKOD_05050	95.4	392	18	0	92	483	743	1134	2.19e-261	743
EABAIN_07505	IAFHMK_03880	62.9	485	178	1	1	483	24	508	4.40e-228	635
EABAIN_07505	IAFHMK_10265	59.0	480	192	1	3	482	28	502	5.34e-204	574
EABAIN_07505	HNNKEJ_05690	53.9	482	220	1	3	482	26	507	4.86e-183	521
EABAIN_07505	DNKGCI_00750	50.3	481	239	0	3	483	26	506	1.01e-172	495
EABAIN_07505	PLDCIE_04610	49.9	483	240	1	1	481	24	506	5.16e-170	488
EABAIN_07505	HNNKEJ_05335	47.5	488	250	4	1	483	28	514	6.42e-158	457
EABAIN_07510	CPDEKO_07790	95.8	313	13	0	1	313	1	313	7.71e-171	501
EABAIN_07510	MJMKOD_05050	95.8	313	13	0	1	313	1	313	2.15e-169	501
EABAIN_07510	AIPJBK_08710	95.2	313	15	0	1	313	1	313	8.05e-164	499
EABAIN_07510	BPNNAG_07805	78.9	313	63	1	1	313	1	310	2.89e-131	412
EABAIN_07515	DAEIAJ_08645	83.3	478	76	1	1	478	1	474	4.15e-307	834
EABAIN_07515	DNKIME_04800	66.5	478	157	3	3	478	4	480	3.08e-241	667
EABAIN_07515	AANGNE_08355	56.2	486	196	4	1	478	1	477	6.80e-190	537
EABAIN_07515	ALNFEK_03480	52.9	482	208	5	3	474	9	481	6.42e-184	522
EABAIN_07515	BDEBFB_07100	54.5	488	205	6	1	478	1	481	2.12e-179	511
EABAIN_07515	DDDLLA_10775	51.9	480	222	6	1	478	1	473	8.30e-175	499
EABAIN_07515	CNLKLD_06025	50.5	479	231	4	1	478	1	474	1.26e-173	496
EABAIN_07515	EJEPOM_07405	49.7	479	224	5	3	478	4	468	1.18e-170	488
EABAIN_07515	HDKJGO_06115	51.2	484	224	4	2	478	7	485	2.34e-169	485
EABAIN_07515	CDIIGJ_10515	50.0	512	213	11	1	478	1	503	5.41e-162	467
EABAIN_07515	GEDPFN_03055	49.2	476	232	5	6	478	5	473	5.80e-162	466
EABAIN_07515	DDDLLA_05595	49.0	482	225	8	3	474	5	475	1.19e-161	466
EABAIN_07515	FFEJFE_01165	47.1	486	242	7	2	478	5	484	9.23e-159	458
EABAIN_07515	ACDDAG_07275	47.7	476	242	5	3	478	10	478	1.42e-158	457
EABAIN_07515	ANILPM_09555	48.6	496	222	10	3	478	7	489	6.02e-158	456
EABAIN_07515	LBKFJK_04760	46.3	475	246	6	3	476	6	472	2.44e-153	444
EABAIN_07515	AIKIDN_03085	46.5	488	242	6	3	478	4	484	3.76e-153	444
EABAIN_07515	IAFHMK_01915	45.9	486	229	6	3	478	8	469	9.05e-153	443
EABAIN_07515	PPBJPA_11480	46.4	498	230	9	3	478	10	492	3.83e-152	442
EABAIN_07515	NAGBDA_10950	46.4	487	245	7	2	478	5	485	1.60e-149	435
EABAIN_07515	KPGHOL_06290	43.8	484	249	7	1	474	1	471	2.80e-143	419
EABAIN_07515	AGFMFG_00740	41.8	491	256	10	3	478	9	484	4.47e-124	370
EABAIN_07515	ACPHPF_05020	38.2	479	259	10	3	478	8	452	1.18e-113	342
EABAIN_07515	ANILPM_08310	40.7	481	246	12	1	474	2	450	4.78e-108	328
EABAIN_07515	BGHOFK_02325	37.6	498	263	12	2	478	8	478	3.59e-107	326
EABAIN_07520	JAIDNN_07690	98.1	636	12	0	1	636	175	810	0.0	1194
EABAIN_07520	BGHOFK_00615	79.9	641	122	2	1	636	1	639	0.0	1009
EABAIN_07520	AANGNE_08360	77.2	641	141	1	1	636	1	641	0.0	973
EABAIN_07520	PLIDEH_07035	71.9	644	172	4	1	635	1	644	0.0	922
EABAIN_07520	GEDPFN_08620	67.1	645	203	1	1	636	1	645	3.93e-309	853
EABAIN_07520	CJHCCN_07355	67.0	631	199	2	1	624	1	629	3.87e-308	850
EABAIN_07520	DNKGCI_11580	45.6	642	320	8	4	622	5	640	2.39e-182	530
EABAIN_07520	CNLKLD_06030	45.5	629	318	9	1	607	1	626	1.84e-172	505
EABAIN_07520	BDEBFB_07105	44.1	646	322	9	4	622	5	638	1.14e-168	495
EABAIN_07520	BGHOFK_02935	44.2	629	323	9	1	606	1	624	6.27e-163	481
EABAIN_07520	FGFHJG_01345	99.6	235	1	0	402	636	1	235	5.11e-156	447
EABAIN_07520	JIGPNC_03510	39.5	635	354	10	7	624	6	627	1.90e-143	430
EABAIN_07520	PHNKGJ_02305	40.2	629	349	10	7	624	6	618	3.54e-138	416
EABAIN_07520	BDEBFB_07090	34.5	620	372	10	4	608	3	603	4.70e-110	343
EABAIN_07520	EJEPOM_07410	34.4	628	387	13	3	620	2	614	3.44e-109	341
EABAIN_07520	BPDDPD_04225	34.8	580	356	7	7	581	8	570	6.03e-106	333
EABAIN_07520	GEDPFN_03060	33.5	627	393	9	4	621	5	616	6.36e-106	333
EABAIN_07520	FFEJFE_01160	34.9	622	382	11	8	625	7	609	7.21e-106	332
EABAIN_07520	ANILPM_09560	34.7	611	368	9	4	603	42	632	8.36e-106	333
EABAIN_07520	IHNEIG_03910	33.1	632	393	12	3	624	2	613	4.52e-105	330
EABAIN_07520	NAGBDA_10955	36.2	600	363	9	8	603	7	590	8.47e-105	330
EABAIN_07520	OFBCLB_10540	35.4	630	364	11	5	622	4	602	2.10e-102	323
EABAIN_07520	AJKPDP_02710	32.8	619	402	9	11	621	19	631	6.86e-102	323
EABAIN_07520	LBKFJK_04765	32.7	627	397	13	4	620	5	616	1.58e-101	322
EABAIN_07520	CJHCCN_02135	33.9	616	382	11	1	607	1	600	5.23e-100	317
EABAIN_07525	ABCLFC_04805	96.8	280	8	1	1	279	1	280	3.04e-187	514
EABAIN_07525	JAIDNN_07690	95.0	161	7	1	1	160	1	161	1.68e-93	292
EABAIN_07525	CJHCCN_07365	45.2	281	145	3	1	276	16	292	1.52e-83	252
EABAIN_07525	FJCOFL_09955	68.0	172	54	1	1	171	1	172	1.33e-81	243
EABAIN_07525	CNLKLD_06035	39.3	275	159	3	1	274	1	268	6.59e-69	214
EABAIN_07525	DDDLLA_08500	34.5	281	182	2	1	279	1	281	9.74e-61	193
EABAIN_07525	DNKGCI_11585	33.8	275	181	1	1	274	1	275	3.88e-56	181
EABAIN_07525	BDEBFB_07110	33.6	277	182	2	1	275	4	280	6.17e-52	171
EABAIN_07525	ANILPM_09550	33.0	273	180	3	3	273	4	275	7.00e-50	165
EABAIN_07525	ACNHAK_08115	32.5	274	182	3	3	274	3	275	2.50e-49	164
EABAIN_07525	FFEJFE_01170	31.8	277	180	5	1	273	2	273	3.76e-47	158
EABAIN_07525	NAGBDA_10945	29.6	274	190	2	3	274	4	276	1.15e-45	154
EABAIN_07530	CFBGPF_12475	88.5	253	29	0	1	253	1	253	2.37e-160	444
EABAIN_07530	CDIIGJ_00560	68.0	250	80	0	1	250	1	250	1.71e-120	343
EABAIN_07530	IAFHMK_05535	68.1	251	79	1	1	250	1	251	6.94e-120	342
EABAIN_07530	DDDLLA_00380	66.1	251	84	1	1	250	1	251	7.26e-115	329
EABAIN_07535	DDDLLA_00400	88.6	395	45	0	1	395	1	395	1.54e-259	708
EABAIN_07535	PHNKGJ_01975	48.9	315	154	3	79	387	1	314	3.06e-97	293
EABAIN_07540	JIKGJE_02595	100	188	0	0	1	188	1	188	8.54e-144	397
EABAIN_07540	ABNNBP_05975	70.0	170	51	0	16	185	20	189	6.58e-96	276
EABAIN_07540	HNNKEJ_02735	69.2	169	52	0	18	186	9	177	1.15e-93	270
EABAIN_07545	AAKGEC_09440	87.6	347	41	1	1	345	1	347	6.29e-214	588
EABAIN_07545	ABCLFC_04785	69.2	351	108	0	1	351	1	351	1.39e-175	491
EABAIN_07545	HNNKEJ_02730	60.2	344	131	3	1	341	1	341	7.01e-144	410
EABAIN_07545	BGCJLL_00480	97.8	134	3	0	218	351	1	134	6.36e-88	260
EABAIN_07545	CDIIGJ_00550	62.9	194	71	1	1	194	1	193	3.03e-83	250
EABAIN_07545	CNLKLD_08590	50.8	195	93	1	1	192	1	195	1.48e-61	195
EABAIN_07545	DDDLLA_00425	49.5	194	96	2	1	192	1	194	1.96e-56	186
EABAIN_07550	NPFMCA_12495	83.9	254	41	0	1	254	1	254	1.73e-145	408
EABAIN_07550	DDDLLA_00490	70.5	261	76	1	1	260	5	265	9.93e-119	340
EABAIN_07550	CGMKCF_06980	95.9	123	5	0	1	123	1	123	3.91e-76	228
EABAIN_07555	NCBCII_07825	98.8	335	4	0	1	335	196	530	4.45e-229	632
EABAIN_07555	DDDLLA_00525	81.5	335	62	0	1	335	1	335	3.07e-192	531
EABAIN_07560	NCBCII_07825	96.4	192	7	0	1	192	1	192	2.31e-127	368
EABAIN_07560	IAFHMK_05630	79.6	186	36	1	2	185	3	188	3.07e-102	292
EABAIN_07560	CGMKCF_06965	95.0	140	7	0	1	140	1	140	3.01e-92	265
EABAIN_07565	HNNKEJ_02660	79.4	456	93	1	1	456	1	455	4.34e-264	723
EABAIN_07565	DDDLLA_00540	66.8	458	148	2	1	456	1	456	8.77e-215	598
EABAIN_07565	AHPAPB_05450	84.9	205	31	0	1	205	1	205	1.41e-115	337
EABAIN_07570	ILMBOP_09390	98.3	119	2	0	1	119	1	119	9.39e-71	207
EABAIN_07570	CPACNB_03735	97.5	119	3	0	1	119	1	119	4.18e-69	204
EABAIN_07570	DBDHAK_07825	72.9	118	32	0	1	118	1	118	1.64e-51	158
EABAIN_07575	OICAJO_08010	98.1	212	4	0	1	212	145	356	7.73e-144	404
EABAIN_07575	DOCKDI_00070	97.6	212	4	1	1	212	6	216	1.51e-143	398
EABAIN_07575	CNLKLD_00945	68.9	212	66	0	1	212	1	212	4.81e-107	306
EABAIN_07575	IAFHMK_10810	69.3	205	63	0	8	212	8	212	1.13e-105	302
EABAIN_07575	DNKGCI_09810	50.2	205	98	1	8	212	5	205	2.50e-67	205
EABAIN_07580	AAKGEC_09405	99.3	139	1	0	1	139	1	139	5.34e-87	249
EABAIN_07580	OICAJO_08010	100	123	0	0	1	123	1	123	2.47e-75	227
EABAIN_07580	HNNKEJ_00310	71.9	139	35	1	1	139	1	135	2.80e-56	171
EABAIN_07580	BGHOFK_00545	67.6	139	41	1	1	139	1	135	2.66e-54	166
EABAIN_07580	CDIIGJ_00510	64.7	139	43	2	1	138	1	134	3.45e-49	154
EABAIN_07585	AAKGEC_09400	98.8	247	3	0	1	247	1	247	1.25e-172	474
EABAIN_07585	BGHOFK_00540	62.3	239	90	0	8	246	8	246	1.50e-99	290
EABAIN_07585	CDIIGJ_00505	50.0	246	119	3	1	246	1	242	2.77e-72	220
EABAIN_07590	AAKGEC_09395	99.6	226	1	0	1	226	1	226	1.19e-130	367
EABAIN_07590	LBKFJK_09920	69.8	225	68	0	2	226	3	227	1.76e-83	247
EABAIN_07595	CHBPFB_04790	100	229	0	0	1	229	2	230	1.02e-151	420
EABAIN_07595	LBKFJK_09925	72.5	229	62	1	1	229	1	228	9.83e-108	309
EABAIN_07595	DDDLLA_08460	71.5	228	65	0	1	228	1	228	6.13e-102	294
EABAIN_07600	EHLNLG_01890	96.1	128	5	0	1	128	3	130	4.35e-88	251
EABAIN_07600	LBKFJK_09930	71.2	125	36	0	1	125	1	125	5.69e-64	190
EABAIN_07600	DDDLLA_08465	68.0	125	40	0	1	125	1	125	1.28e-60	182
EABAIN_07605	AIKIDN_10900	99.2	132	1	0	1	132	1	132	4.51e-96	271
EABAIN_07605	BJLDLK_05100	65.2	112	39	0	19	130	2	113	2.53e-53	163
EABAIN_07605	AANGNE_06395	63.2	114	41	1	19	132	2	114	2.34e-51	158
EABAIN_07605	HNNKEJ_06830	60.5	114	45	0	19	132	2	115	9.92e-49	151
EABAIN_07610	BPNNAG_07700	98.6	295	4	0	1	295	5	299	1.51e-198	544
EABAIN_07610	BACFJJ_02560	65.4	292	101	0	3	294	5	296	4.90e-132	376
EABAIN_07610	NOKDAP_11445	55.3	291	130	0	3	293	4	294	6.54e-111	322
EABAIN_07610	OJJKBE_04565	98.8	84	1	0	1	84	1	84	5.64e-51	163
EABAIN_07610	AAKGEC_07240	32.8	287	192	1	4	289	19	305	5.27e-49	164
EABAIN_07615	LPLJMN_09605	77.6	143	32	0	1	143	1	143	4.28e-80	233
EABAIN_07615	BAFDFF_08635	97.7	88	2	0	57	144	3	90	8.64e-59	176
EABAIN_07620	AAKGEC_09370	99.2	243	2	0	1	243	1	243	1.07e-171	472
EABAIN_07625	AAKGEC_09365	99.1	547	5	0	1	547	53	599	0.0	1075
EABAIN_07625	AAKGEC_12810	59.7	533	211	3	1	533	52	580	8.32e-226	635
EABAIN_07625	AANGNE_02555	58.2	533	219	3	1	533	52	580	4.82e-220	620
EABAIN_07625	OFBCLB_04270	55.7	531	232	3	1	531	52	579	5.23e-210	595
EABAIN_07625	FHIFIE_02605	98.5	260	4	0	288	547	281	540	1.88e-174	503
EABAIN_07635	AAKGEC_09360	100	139	0	0	1	139	1	139	2.75e-89	255
EABAIN_07640	DFNGLI_05565	99.5	182	1	0	1	182	1	182	2.55e-122	346
EABAIN_07645	DFNGLI_05565	99.0	100	1	0	1	100	195	294	2.51e-60	185
EABAIN_07650	AAKGEC_09350	99.1	459	4	0	1	459	1	459	8.51e-312	844
EABAIN_07655	AAKGEC_09345	98.8	581	7	0	1	581	1	581	0.0	1132
EABAIN_07655	FHIFIE_02605	98.6	281	4	0	1	281	1	281	8.34e-195	556
EABAIN_07655	KPGHOL_04315	26.4	553	327	14	29	574	20	499	5.58e-46	169
EABAIN_07655	AAKGEC_02265	27.3	520	320	14	25	543	16	478	1.50e-45	167
EABAIN_07660	HNNKEJ_02625	94.5	513	28	0	1	513	19	531	0.0	968
EABAIN_07665	AAKGEC_09335	99.3	291	2	0	1	291	1	291	1.63e-215	587
EABAIN_07665	LBKFJK_02540	70.9	278	81	0	6	283	5	282	2.05e-146	412
EABAIN_07665	JAFLJO_04745	66.1	286	97	0	1	286	1	286	2.02e-144	407
EABAIN_07665	DNKGCI_10055	69.5	279	85	0	6	284	4	282	3.10e-143	404
EABAIN_07665	DDDLLA_04200	64.3	286	102	0	1	286	1	286	1.10e-138	392
EABAIN_07665	GNOKMM_07805	64.3	283	101	0	1	283	1	283	1.41e-137	389
EABAIN_07665	ACDDAG_06090	63.3	281	103	0	4	284	2	282	1.08e-132	377
EABAIN_07665	OFBCLB_02070	69.3	254	74	1	5	258	4	253	1.21e-130	372
EABAIN_07665	EGHGNB_10360	61.0	290	112	1	1	289	1	290	2.20e-130	371
EABAIN_07665	ALNFEK_11655	62.1	290	105	3	6	291	4	292	3.88e-129	368
EABAIN_07665	CJHCCN_06830	58.0	288	115	4	6	289	5	290	1.26e-112	326
EABAIN_07665	AAKGEC_03835	49.5	285	137	3	6	285	4	286	9.86e-100	293
EABAIN_07665	HDKJGO_00725	62.5	152	57	0	1	152	1	152	2.15e-65	203
EABAIN_07670	AAKGEC_09330	98.6	293	4	0	1	293	1	293	1.61e-207	566
EABAIN_07670	LBKFJK_02535	74.5	286	72	1	1	286	1	285	1.79e-150	422
EABAIN_07670	DNKGCI_10060	73.2	287	77	0	1	287	1	287	7.79e-150	421
EABAIN_07670	AANGNE_04730	63.4	287	103	2	1	285	1	287	1.62e-130	372
EABAIN_07670	DBFGIH_09120	41.0	288	167	1	2	289	7	291	3.31e-71	221
EABAIN_07670	AANGNE_04030	39.0	282	169	1	2	283	7	285	1.15e-65	207
EABAIN_07670	BEIAAA_10275	39.5	281	167	1	3	283	296	573	1.54e-64	212
EABAIN_07670	IAFHMK_00735	33.4	311	178	6	4	289	3	309	1.75e-45	155
EABAIN_07670	BNBIEO_08430	34.9	292	174	8	1	283	1	285	7.01e-44	150
EABAIN_07670	HNNKEJ_07330	32.9	301	177	5	4	280	5	304	1.15e-43	150
EABAIN_07675	ABNNBP_05785	91.4	475	41	0	1	475	1	475	0.0	920
EABAIN_07675	AANGNE_04725	70.7	475	139	0	1	475	1	475	2.96e-266	731
EABAIN_07675	ACDDAG_09875	70.7	471	138	0	3	473	4	474	1.19e-262	721
EABAIN_07675	ABJDJH_04730	67.5	474	154	0	2	475	3	476	1.03e-252	696
EABAIN_07675	AMCIGH_08775	64.7	465	162	1	1	465	1	463	6.25e-233	646
EABAIN_07675	EPOEKF_01740	54.0	461	208	3	2	461	4	461	5.64e-176	501
EABAIN_07675	BIFMNE_04180	48.1	459	213	6	4	459	3	439	9.06e-143	416
EABAIN_07675	DDDLLA_01640	42.9	468	257	6	3	467	2	462	3.24e-129	382
EABAIN_07675	BEIAAA_10275	49.8	293	141	3	168	459	1	288	1.18e-91	289
EABAIN_07675	BOGGMI_12585	31.9	476	291	15	7	464	6	466	3.94e-68	224
EABAIN_07675	AANGNE_08355	29.4	490	290	13	3	457	1	469	4.35e-60	204
EABAIN_07675	HDKJGO_06115	30.0	496	280	13	2	455	5	475	5.38e-57	196
EABAIN_07680	AAKGEC_09320	99.0	202	2	0	1	202	1	202	7.88e-131	365
EABAIN_07680	HNNKEJ_02600	73.3	202	54	0	1	202	1	202	2.82e-101	290
EABAIN_07680	LBKFJK_04200	55.5	200	89	0	1	200	1	200	1.65e-70	213
EABAIN_07685	AIKIDN_10980	100	925	0	0	1	925	1	925	0.0	1834
EABAIN_07685	HNNKEJ_02585	58.7	933	369	10	1	924	1	926	0.0	1076
EABAIN_07690	JCMPCJ_07655	97.7	529	12	0	1	529	1	529	0.0	1064
EABAIN_07690	HNNKEJ_02595	69.6	527	159	1	1	526	1	527	2.79e-285	783
EABAIN_07690	AAKGEC_12770	58.7	530	211	3	3	526	14	541	2.92e-236	659
EABAIN_07690	ABIMCM_02650	56.0	529	221	5	3	525	4	526	7.91e-223	625
EABAIN_07690	JIGPNC_02680	55.7	530	224	5	4	527	5	529	7.89e-215	605
EABAIN_07690	LIKPGP_10220	44.5	560	276	7	2	526	6	565	1.32e-165	481
EABAIN_07690	AJCMKJ_07250	44.0	555	277	12	2	527	3	552	8.65e-158	460
EABAIN_07690	BMKIOK_06255	41.0	544	279	11	7	523	5	533	3.02e-137	407
EABAIN_07690	IAFHMK_01080	41.1	547	270	13	3	519	7	531	1.55e-135	403
EABAIN_07690	IAFHMK_05665	41.1	504	268	9	9	491	7	502	4.93e-134	399
EABAIN_07690	DNKGCI_03635	40.7	545	270	11	3	519	6	525	1.04e-131	393
EABAIN_07690	CNLKLD_07880	40.5	561	261	14	7	527	8	535	9.09e-131	390
EABAIN_07690	GNOKMM_03575	41.1	538	271	11	9	519	10	528	2.71e-130	390
EABAIN_07690	CNLKLD_00630	39.6	553	293	11	1	527	1	538	1.59e-129	387
EABAIN_07690	DDDLLA_10870	42.3	504	248	11	3	483	6	489	4.21e-129	386
EABAIN_07690	KGIGEE_11615	41.7	501	248	12	9	485	2	482	5.02e-124	373
EABAIN_07690	BAFONJ_09485	35.9	465	241	13	4	445	2	432	3.47e-90	285
EABAIN_07690	HNNKEJ_01955	34.0	485	254	14	4	468	2	440	1.41e-78	254
EABAIN_07690	CNLKLD_07870	51.1	186	80	4	342	527	24	198	1.71e-54	182
EABAIN_07690	ENIHOO_08500	31.2	452	235	14	10	445	48	439	9.22e-52	184
EABAIN_07690	LBKFJK_00595	35.2	349	194	9	11	348	52	379	3.79e-51	182
EABAIN_07690	DNKGCI_03630	34.3	350	198	9	10	348	49	377	9.71e-51	181
EABAIN_07690	DFCDFN_04065	34.9	352	194	12	10	348	51	380	2.01e-49	177
EABAIN_07695	GALHOA_11290	99.4	325	2	0	1	325	23	347	4.17e-245	665
EABAIN_07695	HNNKEJ_02590	57.6	328	132	2	1	321	1	328	1.67e-138	395
EABAIN_07695	LBKFJK_04195	55.0	322	142	1	2	320	3	324	9.61e-132	377
EABAIN_07695	DIBOGN_08835	73.9	138	36	0	1	138	1	138	7.49e-68	209
EABAIN_07700	AAKGEC_09300	100	483	0	0	1	483	1	483	0.0	950
EABAIN_07700	HNNKEJ_02580	59.5	484	191	1	1	479	1	484	4.52e-201	566
EABAIN_07700	LBKFJK_04190	65.3	170	54	1	315	479	1	170	2.26e-72	226
EABAIN_07705	AAKGEC_09295	100	306	0	0	1	306	1	306	5.49e-201	551
EABAIN_07705	ABJDJH_05815	36.6	279	155	5	36	306	36	300	2.21e-48	163
EABAIN_07705	OFBCLB_02040	44.1	213	114	3	96	305	91	301	5.02e-47	159
EABAIN_07705	ALNFEK_11635	34.5	293	184	5	14	305	8	293	3.44e-45	154
EABAIN_07710	LBKFJK_04175	83.5	310	50	1	1	310	1	309	8.31e-184	508
EABAIN_07715	AGKELP_05835	98.7	899	8	1	1	895	1	899	0.0	1754
EABAIN_07715	LBKFJK_04170	69.7	894	265	3	1	894	30	917	0.0	1251
EABAIN_07715	OFBCLB_02055	50.9	879	416	8	3	870	6	879	4.26e-296	840
EABAIN_07715	BGCJLL_01085	29.1	893	524	21	3	848	2	832	2.18e-100	333
EABAIN_07715	BOCCFK_06485	27.8	900	548	22	1	865	1	833	8.14e-95	317
EABAIN_07715	HNNKEJ_05585	28.0	905	522	22	3	858	2	825	2.96e-94	316
EABAIN_07715	EPOEKF_01315	27.4	873	537	20	8	848	5	812	4.98e-91	307
EABAIN_07715	CJHCCN_09105	25.8	897	554	25	3	856	2	829	1.70e-64	233
EABAIN_07715	AAKGEC_11010	25.3	577	363	16	4	571	2	519	4.58e-41	162
EABAIN_07720	BJLDLK_10150	90.5	431	41	0	1	431	12	442	8.22e-303	820
EABAIN_07720	LBKFJK_04165	69.2	425	131	0	5	429	5	429	5.20e-229	632
EABAIN_07720	OFBCLB_02050	57.5	431	179	2	1	430	1	428	1.26e-180	510
EABAIN_07720	AAOIOD_10555	49.1	401	201	3	31	431	42	439	3.08e-138	402
EABAIN_07720	CKLNFN_01445	49.1	401	201	3	31	431	909	1306	2.34e-129	403
EABAIN_07720	KJJMGA_05665	48.7	193	98	1	31	223	29	220	3.39e-53	182
EABAIN_07725	AAKGEC_09275	99.7	345	1	0	1	345	1	345	4.69e-249	676
EABAIN_07725	HNNKEJ_02555	74.9	342	86	0	1	342	1	342	2.55e-188	522
EABAIN_07725	LBKFJK_04160	60.0	345	137	1	1	344	1	345	2.52e-149	424
EABAIN_07725	DDDLLA_10660	54.6	346	155	1	1	344	1	346	1.51e-130	376
EABAIN_07730	AAKGEC_09270	99.0	717	7	0	1	717	1	717	0.0	1465
EABAIN_07730	HNNKEJ_02550	73.2	723	187	1	1	716	1	723	0.0	1126
EABAIN_07730	DDDLLA_10665	65.3	735	237	1	1	717	1	735	0.0	1017
EABAIN_07730	LBKFJK_04155	63.4	737	250	3	1	717	1	737	0.0	976
EABAIN_07735	LLMEEB_12895	91.8	822	6	1	1	822	1	761	0.0	1533
EABAIN_07740	ADJCAM_02185	99.6	474	2	0	1	474	21	494	0.0	961
EABAIN_07745	ALNFEK_07300	100	233	0	0	1	233	1	233	5.59e-176	482
EABAIN_07745	GNOKMM_01560	57.1	231	99	0	1	231	2	232	1.02e-94	276
EABAIN_07750	AAKGEC_09250	97.5	527	13	0	1	527	1	527	0.0	1019
EABAIN_07750	DDDLLA_07215	68.0	516	160	1	16	526	13	528	1.74e-263	728
EABAIN_07755	BGHOFK_00415	91.9	455	37	0	1	455	1	455	1.65e-298	810
EABAIN_07755	CDIIGJ_00385	40.6	453	256	7	5	453	2	445	3.18e-101	309
EABAIN_07760	AAKGEC_09240	99.2	361	3	0	1	361	1	361	8.57e-260	704
EABAIN_07760	OFBCLB_04630	69.4	360	107	1	1	357	1	360	5.24e-180	503
EABAIN_07760	CNLKLD_02475	63.7	193	70	0	169	361	1	193	1.25e-84	254
EABAIN_07765	CDIIGJ_00385	91.6	455	36	1	1	455	1	453	1.09e-301	818
EABAIN_07765	BGHOFK_00415	42.0	452	247	7	2	444	5	450	5.27e-107	324
EABAIN_07770	BPNNAG_07560	98.5	199	3	0	1	199	1	199	7.85e-143	395
EABAIN_07770	BJLDLK_10200	75.4	195	48	0	4	198	5	199	1.98e-107	306
EABAIN_07770	HNNKEJ_03155	69.5	197	60	0	2	198	10	206	2.37e-103	296
EABAIN_07770	KMLCHM_05630	75.4	195	48	0	4	198	302	496	2.71e-103	306
EABAIN_07770	OFBCLB_04590	65.8	199	68	0	2	200	3	201	1.79e-97	281
EABAIN_07770	CDIIGJ_00380	67.7	195	63	0	4	198	5	199	1.41e-96	278
EABAIN_07770	IAFHMK_00680	61.6	198	76	0	1	198	2	199	4.15e-86	252
EABAIN_07770	JAFLJO_07965	60.4	197	78	0	1	197	2	198	1.42e-84	248
EABAIN_07770	DHALJH_06840	55.1	198	89	0	1	198	2	199	2.27e-83	245
EABAIN_07775	AAKGEC_09225	98.9	559	6	0	1	559	1	559	0.0	1163
EABAIN_07775	IDJNJP_07390	41.6	539	298	10	3	538	1	525	1.26e-135	404
EABAIN_07775	ABNNBP_07715	32.4	562	331	15	1	531	1	544	1.15e-82	268
EABAIN_07775	AGKMKK_00235	30.8	568	342	16	1	539	1	546	5.89e-78	255
EABAIN_07780	AAKGEC_09220	83.0	482	82	0	9	490	11	492	4.93e-295	805
EABAIN_07785	BFMEKC_07590	94.0	334	1	1	1	334	1	315	1.51e-228	622
EABAIN_07785	CDIIGJ_00350	73.6	333	87	1	1	332	1	333	1.11e-182	507
EABAIN_07785	KCGGLB_04395	63.9	335	119	2	1	334	1	334	3.46e-158	445
EABAIN_07785	HNNKEJ_03140	60.4	333	131	1	1	332	3	335	1.23e-147	419
EABAIN_07785	OFBCLB_04605	59.8	333	132	2	1	332	1	332	1.83e-139	398
EABAIN_07785	IAFHMK_05260	56.4	335	143	2	1	333	1	334	2.69e-131	377
EABAIN_07785	ACIHME_09025	39.9	318	189	2	16	331	14	331	7.74e-79	243
EABAIN_07785	ONFANJ_01340	74.8	151	38	0	182	332	1	151	8.30e-79	237
EABAIN_07785	JAFLJO_08630	63.1	176	63	2	158	332	1	175	3.10e-72	221
EABAIN_07785	JAFLJO_08625	64.9	131	46	0	1	131	1	131	5.79e-54	173
EABAIN_07790	AAKGEC_09205	100	501	0	0	1	501	1	501	0.0	994
EABAIN_07790	BDEBFB_07045	56.8	468	200	2	3	469	2	468	7.89e-190	538
EABAIN_07790	ABCBPP_12130	27.9	512	346	13	1	498	1	503	7.22e-57	197
EABAIN_07790	BPLFFK_04950	27.0	508	348	10	3	500	11	505	1.12e-51	182
EABAIN_07790	CNLKLD_01345	27.5	498	341	10	1	489	1	487	5.14e-49	175
EABAIN_07795	MKCKPI_08625	99.1	440	3	1	1	439	1	440	0.0	887
EABAIN_07800	AMDFJK_13505	99.1	317	2	1	1	317	1	316	4.19e-224	610
EABAIN_07800	FMBBOG_08600	73.6	314	79	2	1	311	1	313	6.17e-160	448
EABAIN_07800	HNNKEJ_12690	63.1	314	116	0	1	314	1	314	4.13e-141	400
EABAIN_07800	IAFHMK_05295	57.6	314	132	1	1	314	1	313	1.28e-127	366
EABAIN_07800	OFBCLB_04620	57.9	309	130	0	1	309	1	309	1.78e-124	358
EABAIN_07800	AGHDIE_06090	56.9	313	131	2	1	311	1	311	4.30e-121	350
EABAIN_07800	JAFLJO_08610	56.9	311	127	3	1	308	1	307	1.19e-119	346
EABAIN_07800	CDIIGJ_00335	55.2	317	137	1	1	312	1	317	4.16e-116	337
EABAIN_07805	IAFHMK_06000	75.1	366	90	1	2	367	1	365	2.61e-204	565
EABAIN_07805	AANGNE_05885	70.0	367	109	1	2	368	7	372	1.07e-193	538
EABAIN_07805	CNLKLD_06265	69.8	367	110	1	2	368	1	366	4.69e-192	534
EABAIN_07805	DDDLLA_00645	49.1	369	182	5	2	367	4	369	2.00e-111	329
EABAIN_07810	AAKGEC_09185	100	161	0	0	1	161	1	161	2.41e-105	297
EABAIN_07810	CNLKLD_06305	74.1	162	38	1	1	158	1	162	3.69e-75	221
EABAIN_07810	AANGNE_05890	68.3	161	51	0	1	161	1	161	3.76e-70	208
EABAIN_07810	DDDLLA_00650	64.5	155	55	0	3	157	5	159	1.03e-62	189
EABAIN_07815	IAFHMK_05985	74.6	413	104	1	1	412	1	413	3.03e-224	619
EABAIN_07815	BGHOFK_00365	71.8	412	115	1	1	412	1	411	3.06e-212	588
EABAIN_07815	CNLKLD_06315	68.0	412	131	1	1	412	1	411	4.66e-204	568
EABAIN_07815	AANGNE_05895	62.4	412	153	2	1	412	1	410	8.58e-183	514
EABAIN_07815	DDDLLA_00605	54.0	420	182	5	1	412	1	417	7.57e-149	428
EABAIN_07820	CDIIGJ_05030	82.2	208	36	1	1	208	1	207	1.13e-124	350
EABAIN_07825	BIHALF_08420	93.1	462	32	0	1	462	1	462	6.25e-302	820
EABAIN_07825	JNMKIO_04465	32.3	356	238	3	21	375	13	366	1.29e-52	185
EABAIN_07825	AAKGEC_07200	28.3	474	302	14	19	460	27	494	2.94e-48	172
EABAIN_07825	FBLNFP_12305	27.9	355	255	1	21	375	13	366	2.67e-43	160
EABAIN_07825	IAFHMK_04510	24.8	460	320	6	27	460	27	486	2.87e-43	159
EABAIN_07825	CNLKLD_03780	25.5	467	310	6	27	461	73	533	2.20e-42	157
EABAIN_07825	DNKGCI_00620	26.5	460	307	8	31	460	42	500	4.04e-40	150
EABAIN_07830	AGINCK_07825	97.8	228	5	0	1	228	1	228	9.16e-160	441
EABAIN_07830	BEIAAA_08535	69.9	226	68	0	1	226	1	226	1.97e-108	311
EABAIN_07830	IAFHMK_05980	68.7	227	71	0	1	227	1	227	2.70e-108	310
EABAIN_07830	HNNKEJ_02485	70.6	228	66	1	1	227	1	228	1.80e-106	306
EABAIN_07830	LBKFJK_01925	64.3	227	81	0	1	227	1	227	2.11e-100	290
EABAIN_07830	DNKGCI_10095	57.8	223	94	0	1	223	1	223	1.59e-83	248
EABAIN_07835	AANGNE_05925	75.3	519	124	2	1	518	1	516	6.97e-285	781
EABAIN_07835	DDDLLA_00610	74.0	520	131	3	1	518	1	518	1.12e-279	768
EABAIN_07835	FJNKGN_11305	74.6	519	128	2	1	518	195	710	6.02e-279	774
EABAIN_07835	CNLKLD_01570	74.0	520	128	4	1	518	1	515	2.46e-273	752
EABAIN_07835	BEJELC_10225	70.6	520	145	4	1	518	1	514	1.29e-263	727
EABAIN_07840	DNKGCI_07020	82.2	180	32	0	1	180	4	183	1.24e-101	290
EABAIN_07840	CJHCCN_08360	51.4	175	84	1	5	179	6	179	2.63e-61	187
EABAIN_07845	ABCBPP_07985	97.7	345	8	0	1	345	1	345	3.39e-242	659
EABAIN_07845	CDIIGJ_05010	67.8	338	109	0	6	343	4	341	1.21e-163	460
EABAIN_07845	CNLKLD_05745	62.0	337	128	0	6	342	3	339	1.03e-147	419
EABAIN_07845	ILMBOP_00825	59.5	304	121	2	5	306	6	309	1.25e-119	347
EABAIN_07845	DDDLLA_06005	52.2	337	159	1	9	343	8	344	1.37e-115	338
EABAIN_07845	GNPDOB_01770	60.3	262	102	2	84	343	1	262	1.04e-101	300
EABAIN_07850	AAKGEC_09145	98.3	175	3	0	1	175	1	175	4.23e-120	336
EABAIN_07850	CDIIGJ_05015	52.3	176	76	2	1	175	1	169	2.24e-58	179
EABAIN_07850	DDDLLA_06010	48.3	172	81	2	1	171	1	165	2.09e-52	164
EABAIN_07855	GFNALM_06825	96.6	529	0	1	1	529	1	511	0.0	958
EABAIN_07855	ABJDJH_00730	40.4	527	311	2	1	524	1	527	1.84e-142	420
EABAIN_07855	HHKMPO_00085	40.3	524	309	2	1	524	1	520	1.26e-128	385
EABAIN_07860	AAKGEC_09135	100	182	0	0	1	182	1	182	7.54e-126	351
EABAIN_07860	IAFHMK_05685	68.5	178	56	0	1	178	1	178	1.20e-87	254
EABAIN_07860	HNNKEJ_02465	66.9	178	59	0	1	178	1	178	2.77e-84	246
EABAIN_07860	CDIIGJ_05060	66.9	175	58	0	1	175	1	175	7.07e-83	243
EABAIN_07860	BGHOFK_00335	62.4	178	67	0	1	178	1	178	6.60e-81	237
EABAIN_07860	DDDLLA_00620	63.8	174	63	0	1	174	21	194	6.34e-78	230
EABAIN_07860	CNLKLD_01555	62.3	175	66	0	1	175	1	175	7.14e-76	224
EABAIN_07860	AANGNE_05930	57.3	178	76	0	1	178	1	178	1.66e-71	213
EABAIN_07860	FJNKGN_11305	56.9	174	75	0	1	174	1	174	3.62e-63	206
EABAIN_07865	AAKGEC_09130	97.3	338	9	0	1	338	1	338	1.48e-237	646
EABAIN_07870	BGHOFK_00325	99.0	867	9	0	1	867	1	867	0.0	1524
EABAIN_07870	DDDLLA_02545	43.1	854	387	14	28	857	30	808	2.42e-205	604
EABAIN_07870	BIHALF_08510	39.8	886	415	13	7	858	10	811	1.76e-199	589
EABAIN_07870	CNLKLD_01815	39.9	888	422	14	2	858	4	810	7.58e-198	585
EABAIN_07870	BLCAGE_01905	40.5	846	379	11	50	862	61	815	3.89e-195	578
EABAIN_07870	HNNKEJ_00210	46.9	697	294	10	163	858	111	732	1.58e-191	566
EABAIN_07870	ABIMCM_12640	38.3	799	356	15	46	832	2	675	1.56e-161	487
EABAIN_07870	DDDLLA_01605	37.7	818	384	15	47	858	5	702	1.15e-159	483
EABAIN_07870	AMHKJB_11010	35.7	683	302	7	163	839	7	558	3.96e-132	408
EABAIN_07870	CBFHCM_10005	34.2	720	327	8	163	866	12	600	2.26e-126	392
EABAIN_07870	BKOEEG_06540	35.4	706	304	11	163	852	7	576	1.06e-119	375
EABAIN_07870	KGJGGL_03015	38.4	635	254	7	163	791	7	510	5.61e-117	385
EABAIN_07870	EPKBNI_14320	32.4	706	330	13	163	856	4	574	2.33e-100	324
EABAIN_07875	LCBNOF_01805	99.3	268	2	0	1	268	1	268	2.38e-163	453
EABAIN_07875	BNPKDP_07735	72.8	268	57	1	1	268	1	252	1.97e-118	338
EABAIN_07875	BGHOFK_00230	53.5	271	123	1	1	268	1	271	4.52e-64	201
EABAIN_07880	AGINCK_07910	98.2	446	8	0	1	446	1	446	7.33e-300	813
EABAIN_07880	MCFIIO_10145	39.9	421	251	2	8	427	8	427	4.44e-93	288
EABAIN_07880	AANGNE_07805	38.8	376	218	6	9	376	13	384	2.02e-59	200
EABAIN_07880	BGHOFK_03375	37.7	395	232	6	9	393	13	403	1.63e-58	198
EABAIN_07885	AAKGEC_09110	99.0	207	2	0	1	207	1	207	5.61e-147	406
EABAIN_07885	CDIIGJ_05080	72.0	207	58	0	1	207	1	207	9.07e-105	300
EABAIN_07890	JNMKIO_02690	98.9	459	5	0	37	495	44	502	0.0	902
EABAIN_07895	AJCMKJ_09605	97.8	279	6	0	3	281	13	291	1.57e-199	546
EABAIN_07895	IAFHMK_07570	60.0	280	108	3	5	280	10	289	5.95e-118	339
EABAIN_07895	KJOAFL_07045	42.3	274	148	4	1	267	1	271	1.39e-66	208
EABAIN_07895	AJCMKJ_05035	39.9	268	155	3	1	263	1	267	1.72e-63	200
EABAIN_07895	JAFLJO_08295	40.2	246	138	3	5	244	4	246	8.55e-47	157
EABAIN_07895	DACDBD_04020	32.5	277	182	3	1	275	6	279	3.94e-46	156
EABAIN_07900	AANGNE_05945	78.2	743	153	3	1	739	1	738	0.0	1149
EABAIN_07900	OAEMLE_09370	97.9	381	8	0	359	739	4	384	4.12e-259	719
EABAIN_07900	DDDLLA_00635	25.7	677	422	17	93	737	313	940	1.13e-37	151
EABAIN_07905	CNLKLD_01535	82.5	223	38	1	1	223	1	222	2.24e-137	384
EABAIN_07910	ABCLFC_08450	90.6	85	8	0	1	85	1	85	1.36e-49	150
EABAIN_07915	AANGNE_05960	76.5	234	55	0	3	236	3	236	6.04e-127	358
EABAIN_07915	OFBCLB_07540	73.4	233	62	0	1	233	1	233	6.36e-119	338
EABAIN_07920	CEFFBK_04810	100	126	0	0	1	126	1	126	1.99e-98	278
EABAIN_07920	DBFGIH_07370	61.2	129	48	2	7	133	3	131	2.90e-58	176
EABAIN_07920	LBKFJK_09465	54.5	134	57	3	2	133	3	134	8.38e-52	160
EABAIN_07920	CCHDGN_09070	100	70	0	0	1	70	1	70	1.50e-51	159
EABAIN_07920	DNKGCI_10465	56.3	135	55	3	1	133	1	133	2.78e-50	156
EABAIN_07920	DNKGCI_00565	56.6	122	51	2	11	130	10	131	2.07e-49	154
EABAIN_07925	AJCMKJ_09575	99.0	97	1	0	1	97	110	206	4.00e-62	187
EABAIN_07925	AAKGEC_09070	95.9	97	4	0	1	97	1	97	2.41e-61	181
EABAIN_07930	AJCMKJ_09575	100	101	0	0	1	101	1	101	1.90e-69	206
EABAIN_07930	CDIIGJ_01625	75.7	103	25	0	2	104	3	105	2.20e-56	169
EABAIN_07930	DNKGCI_00580	68.0	103	33	0	1	103	1	103	2.57e-50	154
EABAIN_07935	AAKGEC_09060	97.5	122	3	0	1	122	1	122	6.37e-89	253
EABAIN_07935	PEPBIK_05135	92.6	122	9	0	1	122	257	378	1.85e-82	245
EABAIN_07935	DNKGCI_00570	69.2	117	36	0	3	119	2	118	1.30e-61	184
EABAIN_07940	AAKGEC_09055	99.6	250	1	0	1	250	1	250	9.52e-174	478
EABAIN_07940	PEPBIK_05135	94.3	246	14	0	1	246	1	246	4.73e-158	443
EABAIN_07940	JAFLJO_07445	70.7	246	72	0	5	250	3	248	3.66e-120	342
EABAIN_07940	ABNNBP_07365	45.8	249	125	4	5	248	2	245	2.69e-63	197
EABAIN_07940	DFCDFN_03605	46.2	236	124	1	5	240	14	246	2.36e-60	190
EABAIN_07940	DHALJH_05950	43.4	244	133	2	5	248	3	241	7.01e-60	189
EABAIN_07940	BOKJIE_02125	42.2	244	128	6	4	240	3	240	8.01e-55	176
EABAIN_07940	BOKJIE_05420	40.6	249	131	5	4	243	3	243	1.81e-50	165
EABAIN_07945	AAKGEC_09050	99.3	457	3	0	1	457	1	457	4.21e-311	842
EABAIN_07945	DNKGCI_09275	56.6	442	192	0	14	455	6	447	2.75e-173	493
EABAIN_07945	ANFPEE_10465	44.8	449	247	1	8	455	4	452	5.25e-118	352
EABAIN_07945	HMJMNM_06755	38.5	397	235	4	21	414	12	402	4.80e-79	252
EABAIN_07945	BGHOFK_09550	36.9	445	267	5	21	456	12	451	5.79e-78	249
EABAIN_07945	FPMMJC_02090	32.4	413	269	3	14	419	10	419	5.27e-61	205
EABAIN_07945	CNLKLD_01205	31.1	408	274	4	11	414	2	406	7.35e-48	170
EABAIN_07945	ABCLFC_05815	29.9	422	277	8	30	433	32	452	1.61e-42	157
EABAIN_07950	ABNNBP_05585	89.9	148	15	0	1	148	15	162	2.64e-83	241
EABAIN_07950	BGHOFK_00235	68.2	151	42	1	1	145	1	151	8.31e-57	174
EABAIN_07950	CDIIGJ_05025	62.2	143	53	1	1	142	4	146	8.12e-50	156
EABAIN_07955	IAFHMK_05820	87.5	280	34	1	1	279	1	280	1.45e-185	510
EABAIN_07965	GLMKIB_09010	97.5	201	5	0	1	201	1	201	1.28e-128	360
EABAIN_07970	JMOLFK_04215	84.4	694	90	2	1	694	1	676	0.0	982
EABAIN_07970	HMEOOC_02380	87.1	380	46	1	266	642	1	380	1.22e-237	674
EABAIN_07970	CEHFAN_06115	86.1	337	47	0	288	624	1	337	1.37e-208	601
EABAIN_07970	CEHFAN_13105	69.5	465	99	7	368	809	1	445	5.06e-198	569
EABAIN_07970	BEGLKA_10855	81.0	327	52	1	368	694	1	317	2.98e-175	510
EABAIN_07970	KKICCD_07885	84.4	237	21	2	462	694	1	225	8.04e-132	394
EABAIN_07970	CEPOIM_12730	65.4	361	106	6	462	809	1	355	6.70e-131	394
EABAIN_07970	ABJDJH_11265	44.3	601	282	13	1	582	1	567	1.07e-118	384
EABAIN_07970	HEBBGL_05150	47.4	574	278	10	1	564	1	560	7.11e-114	370
EABAIN_07970	OAEMLE_06945	44.9	568	273	10	1	551	1	545	5.27e-113	369
EABAIN_07970	CEPOIM_06645	77.3	225	41	1	470	694	3	217	3.66e-105	326
EABAIN_07970	ABIMCM_11740	68.6	277	66	1	29	305	1	256	4.06e-90	286
EABAIN_07970	CEHFAN_06125	99.3	144	1	0	666	809	42	185	1.40e-89	280
EABAIN_07970	IMIFJE_06555	74.4	199	5	1	217	369	1	199	1.43e-87	275
EABAIN_07970	CLAPNJ_03160	60.4	270	91	4	500	764	3	261	6.70e-81	260
EABAIN_07970	OAEMLE_03010	74.6	181	38	1	519	699	10	182	6.80e-78	250
EABAIN_07970	MAHILF_07660	94.3	87	5	0	407	493	1	87	4.95e-50	171
EABAIN_07970	EPFKBN_04480	55.5	209	77	4	561	764	1	198	1.76e-45	162
EABAIN_07970	DIBOGN_10890	67.3	150	35	2	561	706	1	140	2.93e-44	159
EABAIN_07970	BFGFFC_07845	55.7	158	67	2	344	501	3	157	6.53e-44	169
EABAIN_07970	EGHGNB_06285	43.0	223	112	4	591	808	1	213	4.49e-43	155
EABAIN_07970	MJPEDB_01415	45.4	194	94	4	363	547	94	284	9.73e-39	154
EABAIN_07975	AAKGEC_09035	99.7	348	1	0	1	348	1	348	2.86e-256	694
EABAIN_07975	CNLKLD_02680	71.3	349	97	2	1	347	1	348	9.21e-177	493
EABAIN_07975	LBKFJK_09480	67.4	347	113	0	1	347	1	347	7.60e-171	478
EABAIN_07975	AAOIOD_02375	53.3	351	155	5	1	346	1	347	3.09e-120	350
EABAIN_07980	ABCLFC_08550	89.9	89	9	0	1	89	13	101	8.63e-56	167
EABAIN_07985	BNPKDP_07875	94.0	235	14	0	1	235	1	235	3.06e-163	450
EABAIN_07985	BGHOFK_00210	72.6	234	64	0	1	234	1	234	9.14e-124	350
EABAIN_07985	AANGNE_02860	52.3	237	110	1	1	234	1	237	1.78e-90	266
EABAIN_07985	EPOEKF_04255	51.6	223	107	1	5	226	6	228	1.36e-79	238
EABAIN_07985	CMMAPM_07355	65.6	122	41	1	5	125	6	127	2.76e-57	178
EABAIN_07990	AANGNE_07570	81.6	309	55	1	3	311	4	310	1.55e-184	510
EABAIN_07995	AAKGEC_09015	98.4	183	3	0	1	183	1	183	4.56e-132	367
EABAIN_07995	DDDLLA_01280	69.0	174	54	0	4	177	3	176	2.28e-87	253
EABAIN_07995	CNLKLD_05400	65.1	175	61	0	1	175	1	175	1.81e-85	249
EABAIN_07995	IAFHMK_08385	67.2	174	55	1	1	174	1	172	5.81e-84	245
EABAIN_07995	LBKFJK_08100	63.9	155	56	0	1	155	1	155	5.29e-72	214
EABAIN_07995	BGHOFK_08055	62.0	166	63	0	1	166	1	166	1.14e-71	214
EABAIN_07995	DNKGCI_04500	61.2	152	59	0	4	155	7	158	3.07e-64	195
EABAIN_08000	AAKGEC_09010	99.7	324	1	0	1	324	1	324	2.18e-232	632
EABAIN_08000	IAFHMK_05015	46.5	318	168	1	7	322	1	318	2.69e-95	285
EABAIN_08010	CNLKLD_03745	77.5	628	124	4	1	622	1	617	0.0	918
EABAIN_08010	KCGGLB_01940	33.3	619	373	12	9	602	9	612	5.70e-83	273
EABAIN_08010	AANGNE_04410	32.3	625	386	13	9	610	9	619	1.42e-82	271
EABAIN_08010	CNLKLD_07330	32.4	618	393	13	8	610	8	615	6.45e-82	270
EABAIN_08010	PEECIO_08685	98.5	137	2	0	487	623	1	137	1.57e-81	252
EABAIN_08010	IJGGPP_00190	32.5	526	315	8	10	511	9	518	2.74e-78	257
EABAIN_08010	BFGFFC_06765	32.0	531	319	10	9	514	8	521	4.48e-75	249
EABAIN_08010	DNKGCI_09945	31.2	551	338	11	8	534	8	541	1.46e-71	242
EABAIN_08010	IAFHMK_03460	31.8	525	320	8	9	511	8	516	4.68e-71	238
EABAIN_08010	ABJDJH_14520	29.1	642	386	17	18	618	17	630	2.75e-66	228
EABAIN_08010	KPPIIN_12385	31.5	546	325	16	7	521	4	531	5.56e-63	217
EABAIN_08010	AANGNE_02030	27.9	517	335	10	7	502	7	506	8.25e-56	197
EABAIN_08010	AAKGEC_02945	28.2	524	335	12	7	508	7	511	2.08e-54	193
EABAIN_08010	AANGNE_00260	26.2	534	364	14	8	523	6	527	8.48e-48	175
EABAIN_08015	HNNKEJ_08150	79.2	308	61	1	1	308	1	305	3.68e-175	487
EABAIN_08015	OFBCLB_06955	51.0	292	140	1	5	296	3	291	2.29e-101	300
EABAIN_08015	ABCBPP_08185	98.8	82	1	0	243	324	1	82	2.27e-50	161
EABAIN_08015	EHLNLG_10510	26.9	308	220	2	3	310	1	303	2.77e-44	153
EABAIN_08020	ABJDJH_02305	98.9	357	4	0	1	357	1	357	2.34e-256	696
EABAIN_08020	CDIIGJ_04945	71.9	359	100	1	1	358	1	359	3.83e-186	518
EABAIN_08020	HNNKEJ_02275	70.4	358	105	1	1	357	1	358	2.31e-180	503
EABAIN_08020	IAFHMK_05840	68.9	360	108	2	1	356	1	360	1.83e-175	491
EABAIN_08020	DDDLLA_01295	69.7	357	107	1	1	356	1	357	1.44e-174	489
EABAIN_08020	BGHOFK_08570	62.3	355	133	1	1	354	1	355	3.17e-152	432
EABAIN_08020	DNKGCI_02930	57.2	355	151	1	1	354	1	355	3.34e-141	404
EABAIN_08025	NGDFHG_03610	77.3	176	28	1	1	164	9	184	1.65e-79	233
EABAIN_08025	OFBGNF_07340	96.6	88	3	0	32	119	4	91	1.93e-49	154
EABAIN_08030	CNLKLD_07660	77.9	475	97	3	1	474	1	468	1.73e-271	743
EABAIN_08030	ABNNBP_02230	62.4	468	164	3	10	474	2	460	2.91e-221	616
EABAIN_08030	NIPMJN_08215	68.9	280	78	2	195	474	1	271	6.99e-139	399
EABAIN_08030	CPFDGH_01620	66.8	241	76	1	10	250	2	238	6.97e-117	345
EABAIN_08030	CGMKCF_05085	58.3	168	64	1	307	474	80	241	4.76e-63	204
EABAIN_08030	DPMHNO_09635	92.7	82	6	0	1	82	1	82	1.34e-45	154
EABAIN_08035	BGCJLL_00970	99.3	411	3	0	1	411	1	411	1.84e-294	796
EABAIN_08035	HNNKEJ_02245	71.4	388	108	1	19	403	1	388	8.71e-194	541
EABAIN_08035	DNKGCI_10175	67.5	397	127	1	14	408	21	417	2.96e-186	523
EABAIN_08035	AANGNE_05995	66.3	398	134	0	14	411	1	398	6.99e-186	521
EABAIN_08035	DDDLLA_01305	65.6	392	134	1	14	404	1	392	4.44e-181	509
EABAIN_08035	LBKFJK_01885	65.0	394	135	2	14	404	1	394	9.60e-181	508
EABAIN_08035	CNLKLD_07665	64.6	398	140	1	14	411	1	397	9.68e-179	503
EABAIN_08035	IAFHMK_05855	65.9	384	130	1	24	407	1	383	2.94e-173	489
EABAIN_08040	ABCLFC_08610	80.2	177	35	0	1	177	1	177	1.31e-104	297
EABAIN_08040	CDIIGJ_04970	63.5	178	65	0	1	178	1	178	1.94e-83	243
EABAIN_08040	IAFHMK_05620	62.9	178	66	0	1	178	1	178	2.45e-81	238
EABAIN_08040	HNNKEJ_02240	63.4	175	64	0	1	175	1	175	3.10e-79	233
EABAIN_08040	BGHOFK_00165	58.9	175	72	0	1	175	1	175	1.32e-73	218
EABAIN_08040	DDDLLA_01325	54.3	175	80	0	1	175	1	175	4.04e-63	192
EABAIN_08040	JAFLJO_02935	57.1	170	73	0	4	173	1	170	1.44e-61	198
EABAIN_08040	IAFHMK_05870	50.0	176	83	3	1	175	2	173	3.79e-48	154
EABAIN_08045	DHPGCJ_05275	98.4	258	4	0	1	258	1	258	1.91e-181	498
EABAIN_08050	AAKGEC_08960	99.6	281	1	0	1	281	1	281	3.63e-198	542
EABAIN_08050	EIIOFH_06605	100	281	0	0	1	281	137	417	4.41e-197	545
EABAIN_08050	BNBIEO_03910	65.1	281	97	1	1	281	19	298	1.39e-130	372
EABAIN_08050	IAFHMK_05880	64.6	280	98	1	1	280	1	279	2.67e-128	365
EABAIN_08050	CNLKLD_07670	60.1	281	111	1	1	281	1	280	1.10e-120	346
EABAIN_08050	DNKGCI_10185	60.1	281	110	2	1	280	1	280	7.68e-117	336
EABAIN_08055	EIIOFH_06605	100	128	0	0	1	128	1	128	1.71e-83	249
EABAIN_08055	DDDLLA_01340	79.2	130	27	0	1	130	17	146	6.71e-71	208
EABAIN_08055	IAFHMK_05885	76.5	132	29	1	1	130	1	132	1.73e-70	207
EABAIN_08055	AANGNE_06015	75.0	132	31	1	1	130	1	132	2.35e-68	201
EABAIN_08055	CNLKLD_07675	61.8	131	49	1	1	130	1	131	1.57e-52	161
EABAIN_08060	DNKGCI_10200	82.4	250	38	2	5	251	1	247	1.07e-149	417
EABAIN_08065	DPCCPE_00500	97.7	171	4	0	1	171	8	178	3.17e-121	338
EABAIN_08065	IAFHMK_05900	71.9	171	48	0	1	171	1	171	2.04e-89	258
EABAIN_08065	CNLKLD_07685	70.2	171	51	0	1	171	1	171	9.82e-87	251
EABAIN_08070	AAKGEC_08940	99.6	270	1	0	1	270	1	270	5.72e-185	508
EABAIN_08070	AANGNE_08245	47.4	266	134	4	3	268	4	263	5.46e-72	221
EABAIN_08070	BGHOFK_07055	45.3	267	137	5	2	267	3	261	1.57e-68	212
EABAIN_08070	DDDLLA_10095	41.5	265	149	3	3	267	4	262	2.60e-67	209
EABAIN_08070	CNLKLD_05865	43.7	263	140	5	3	264	4	259	2.68e-67	209
EABAIN_08075	ANIMCG_04645	95.0	337	11	1	1	331	1	337	6.99e-218	596
EABAIN_08080	ANFPEE_00215	99.4	319	2	0	1	319	25	343	1.72e-230	628
EABAIN_08080	AEMMAL_05815	69.6	313	95	0	1	313	1	313	4.39e-156	439
EABAIN_08085	AAKGEC_08925	98.6	284	4	0	1	284	1	284	8.98e-205	559
EABAIN_08085	IAFHMK_05905	55.0	280	123	1	1	280	1	277	4.78e-110	319
EABAIN_08085	DNKGCI_10210	51.1	278	136	0	1	278	1	278	1.29e-98	290
EABAIN_08085	HNNKEJ_11790	44.1	254	136	2	12	265	10	257	3.76e-68	212
EABAIN_08085	LBKFJK_09200	42.1	254	143	3	17	269	17	267	1.02e-57	186
EABAIN_08090	BNFMAL_02250	97.8	314	6	1	1	314	1	313	1.72e-226	616
EABAIN_08090	DNKGCI_01035	72.5	309	85	0	1	309	1	309	2.78e-168	469
EABAIN_08090	CDIIGJ_00315	71.8	309	87	0	1	309	1	309	4.86e-168	468
EABAIN_08090	IAFHMK_05590	64.4	309	110	0	4	312	2	310	1.34e-149	422
EABAIN_08090	ACNHAK_05230	48.1	318	151	5	3	311	2	314	1.10e-95	285
EABAIN_08095	AAKGEC_08915	100	79	0	0	1	79	1	79	2.61e-50	152
EABAIN_08100	AAKGEC_08910	100	90	0	0	1	90	1	90	8.08e-59	174
EABAIN_08105	ANFPEE_00190	98.5	403	6	0	1	403	22	424	1.57e-270	736
EABAIN_08105	EMAPBM_07015	71.1	402	116	0	1	402	8	409	1.22e-197	551
EABAIN_08105	BGHOFK_00115	70.1	402	120	0	1	402	8	409	1.87e-196	548
EABAIN_08105	IAFHMK_05920	69.5	403	123	0	1	403	8	410	1.20e-195	546
EABAIN_08105	HNNKEJ_05935	71.6	402	113	1	1	402	8	408	1.71e-194	543
EABAIN_08105	LBKFJK_01785	67.9	402	128	1	1	402	1	401	1.13e-183	515
EABAIN_08105	DDDLLA_01370	67.4	402	130	1	1	402	8	408	3.25e-183	514
EABAIN_08105	DNKGCI_10245	66.7	402	133	1	1	402	8	408	5.15e-182	511
EABAIN_08105	CNLKLD_07705	66.7	403	133	1	1	403	9	410	1.52e-176	498
EABAIN_08110	COENFP_08435	88.6	378	42	1	1	378	1	377	8.88e-232	635
EABAIN_08110	IAFHMK_05925	56.3	378	165	0	1	378	1	378	4.32e-148	423
EABAIN_08110	DNKGCI_10250	55.3	378	169	0	1	378	2	379	8.24e-141	405
EABAIN_08110	CMHPBO_00480	72.2	288	80	0	92	379	1	288	1.04e-138	396
EABAIN_08110	LBKFJK_01780	52.5	379	179	1	1	378	2	380	8.86e-136	392
EABAIN_08110	MHGLEN_04895	37.0	378	222	8	6	376	9	377	1.34e-68	220
EABAIN_08110	EJHBKF_09535	35.0	377	231	6	6	376	419	787	1.59e-64	219
EABAIN_08110	BHKCDL_10220	33.9	295	178	6	6	293	9	293	1.07e-42	150
EABAIN_08115	BGHOFK_00105	83.6	383	62	1	1	383	1	382	4.87e-229	629
EABAIN_08115	IAFHMK_02640	71.1	384	109	2	1	383	6	388	5.58e-197	548
EABAIN_08115	DDDLLA_01380	68.2	384	122	0	1	384	6	389	2.33e-189	528
EABAIN_08115	CNLKLD_01985	67.5	381	122	1	3	383	5	383	8.25e-179	501
EABAIN_08120	DAEIAJ_06680	84.3	235	37	0	1	235	13	247	2.59e-139	390
EABAIN_08125	AAKGEC_08885	96.3	320	11	1	1	319	1	320	1.21e-229	625
EABAIN_08125	ACNHAK_08585	41.8	292	159	5	29	318	26	308	1.16e-70	221
EABAIN_08125	OFBCLB_11585	39.2	324	167	10	4	317	3	306	1.06e-62	201
EABAIN_08125	CNLKLD_08410	38.4	320	176	6	4	317	2	306	1.49e-62	200
EABAIN_08125	LBKFJK_07555	36.0	322	186	5	1	317	1	307	3.06e-62	199
EABAIN_08125	BAFDFF_00515	41.3	252	130	3	69	317	94	330	8.65e-61	196
EABAIN_08125	KAAGFE_02320	36.3	325	183	7	1	317	1	309	2.63e-60	195
EABAIN_08125	AGDPFD_06085	38.8	255	153	2	65	319	86	337	2.65e-57	187
EABAIN_08125	LPLJMN_09205	39.5	256	147	4	70	319	59	312	9.13e-55	180
EABAIN_08125	GKAHPE_09495	40.3	226	119	5	98	314	147	365	3.19e-48	165
EABAIN_08125	IAFHMK_09030	36.4	253	155	4	65	314	49	298	1.68e-44	153
EABAIN_08130	BGCJLL_01065	92.6	81	6	0	1	81	557	637	2.29e-44	150
EABAIN_08135	AIKIDN_11435	100	189	0	0	1	189	1	189	6.16e-133	369
EABAIN_08135	AMDFJK_13190	98.9	189	2	0	1	189	113	301	4.30e-129	364
EABAIN_08135	HPKJMF_11625	76.2	164	29	2	1	162	129	284	1.49e-76	235
EABAIN_08135	BOKJIE_13485	99.0	99	1	0	1	99	113	211	6.02e-66	201
EABAIN_08135	KEBHBI_00355	67.2	125	41	0	1	125	129	253	2.63e-56	182
EABAIN_08135	NOKDAP_01710	63.2	125	46	0	1	125	129	253	7.15e-54	174
EABAIN_08165	BLIMPP_06090	87.2	86	11	0	2	87	275	360	1.85e-49	159
EABAIN_08170	AIKIDN_11450	100	183	0	0	1	183	1	183	1.64e-125	350
EABAIN_08175	AMNNAF_07970	96.2	184	7	0	1	184	1	184	9.27e-132	367
EABAIN_08175	AMHKJB_01515	74.7	182	46	0	2	183	8	189	5.95e-104	297
EABAIN_08175	ACPHPF_14155	68.1	182	32	2	2	183	5	160	2.37e-85	249
EABAIN_08175	ACPHPF_11840	62.7	185	68	1	1	184	5	189	2.84e-82	242
EABAIN_08175	DABPFD_01560	64.3	185	61	3	1	182	1	183	3.90e-81	239
EABAIN_08175	ACNHAK_10195	61.7	183	69	1	2	183	5	187	4.29e-80	236
EABAIN_08175	AJANDE_02650	56.8	185	79	1	1	184	1	185	4.48e-78	231
EABAIN_08185	AIKIDN_11465	99.7	321	1	0	1	321	1	321	1.27e-234	637
EABAIN_08185	CHBPFB_04310	52.8	318	148	1	4	319	55	372	1.14e-118	346
EABAIN_08185	ABCLFC_02545	52.4	317	149	1	7	321	56	372	4.15e-114	335
EABAIN_08185	IAFHMK_02855	45.5	325	172	4	1	321	60	383	7.17e-99	296
EABAIN_08185	ABJDJH_05615	38.0	316	191	3	6	319	65	377	4.52e-67	214
EABAIN_08185	IHNEIG_01865	37.2	317	194	3	5	319	64	377	7.06e-66	211
EABAIN_08185	IAMBHH_05155	38.0	324	192	5	2	321	26	344	2.13e-65	209
EABAIN_08185	AGKELP_11405	37.3	308	191	1	16	321	68	375	9.89e-65	208
EABAIN_08185	BCOINH_00325	35.3	309	197	2	10	316	65	372	1.65e-62	202
EABAIN_08185	AANGNE_06905	35.9	323	200	3	2	321	57	375	3.72e-61	199
EABAIN_08185	BGLHNG_11310	35.8	279	176	2	41	316	98	376	1.21e-60	197
EABAIN_08185	BBKIGO_01800	34.8	313	192	5	18	319	73	384	2.53e-57	189
EABAIN_08185	FFDIKI_07195	32.8	320	212	2	3	319	57	376	2.92e-57	189
EABAIN_08185	KDEKFF_08860	35.6	303	191	3	22	321	72	373	1.42e-56	187
EABAIN_08185	CJHCCN_02575	34.2	301	195	2	20	317	71	371	2.48e-54	181
EABAIN_08185	AMCIGH_03285	33.9	301	194	2	22	320	80	377	1.58e-52	176
EABAIN_08185	AAOIOD_09615	32.7	300	197	2	20	317	74	370	1.11e-51	174
EABAIN_08185	DNKGCI_01240	33.2	316	180	8	19	319	68	367	4.65e-43	151
EABAIN_08190	EPKBNI_08720	99.1	345	2	1	1	345	1	344	4.52e-249	676
EABAIN_08195	ELEKDE_11555	77.7	103	23	0	1	103	1	103	6.93e-57	170
EABAIN_08200	ACPHPF_04830	94.9	394	16	1	1	390	1	394	1.62e-243	666
EABAIN_08200	HNNKEJ_07210	74.7	384	95	1	1	382	1	384	2.62e-186	521
EABAIN_08200	JAFLJO_01305	72.8	338	92	0	1	338	1	338	1.78e-177	499
EABAIN_08200	IAFHMK_05655	63.8	329	113	3	10	332	7	335	3.61e-145	416
EABAIN_08200	CDIIGJ_08210	62.2	333	121	4	10	338	8	339	1.80e-139	402
EABAIN_08200	ADJCAM_01310	55.5	330	143	2	6	334	24	350	2.08e-129	377
EABAIN_08200	DKACCG_04410	56.1	328	138	3	13	338	11	334	3.35e-125	365
EABAIN_08200	IAFHMK_05340	47.7	331	169	4	5	332	5	334	8.51e-96	291
EABAIN_08200	FMNMPI_06520	44.8	328	172	5	17	338	18	342	8.06e-94	286
EABAIN_08200	ACPHPF_12520	46.8	344	169	8	6	338	14	354	3.85e-88	271
EABAIN_08200	IAFHMK_09975	46.1	332	165	7	2	321	3	332	6.41e-88	270
EABAIN_08200	DNKGCI_10240	45.6	331	167	4	8	327	16	344	8.10e-87	268
EABAIN_08200	CDIIGJ_00755	45.2	325	168	4	7	323	7	329	1.20e-84	262
EABAIN_08200	IAAGLG_06900	42.0	345	187	6	5	338	2	344	2.54e-84	261
EABAIN_08200	FMBBOG_09955	43.7	350	178	8	2	336	3	348	2.74e-83	258
EABAIN_08200	BGHOFK_00805	39.7	378	213	7	6	372	3	376	5.50e-83	258
EABAIN_08200	AGKMKK_06515	43.1	348	181	6	1	336	2	344	5.35e-80	249
EABAIN_08200	AGINCK_01885	40.6	347	195	5	1	338	1	345	2.77e-79	248
EABAIN_08200	BPDDPD_01530	44.7	333	170	8	17	338	3	332	3.06e-79	247
EABAIN_08200	LBKFJK_01790	41.4	333	180	6	14	335	15	343	2.25e-78	246
EABAIN_08200	HNNKEJ_08620	41.5	357	179	7	1	337	1	347	2.36e-77	244
EABAIN_08200	DNKGCI_02905	43.6	326	170	6	13	334	23	338	1.94e-76	242
EABAIN_08200	DBFGIH_10445	40.2	346	185	7	2	326	26	370	2.84e-72	231
EABAIN_08200	DDDLLA_03665	42.3	338	181	6	10	338	12	344	4.60e-72	229
EABAIN_08200	EEJBJI_03300	41.3	329	165	9	15	338	19	324	2.72e-71	227
EABAIN_08205	DGMGJF_03190	94.2	1130	62	1	1	1127	492	1621	0.0	1946
EABAIN_08205	ACPHPF_04825	70.8	1135	309	11	7	1127	506	1632	0.0	1459
EABAIN_08205	ABNNBP_05370	73.4	1004	222	8	133	1127	18	985	0.0	1351
EABAIN_08205	HNNKEJ_07215	62.8	1114	380	9	26	1127	560	1651	0.0	1273
EABAIN_08205	ELEKDE_11565	56.8	1131	431	18	26	1127	562	1663	0.0	1098
EABAIN_08205	JAFLJO_01300	53.0	1140	506	13	8	1127	500	1629	0.0	1078
EABAIN_08205	IAFHMK_05460	51.0	1095	472	17	59	1127	565	1620	0.0	943
EABAIN_08205	BPDDPD_00135	44.9	1158	547	25	26	1127	524	1646	3.97e-280	833
EABAIN_08205	MKCKPI_07930	39.8	1181	589	31	15	1127	539	1665	9.04e-222	681
EABAIN_08205	CDIIGJ_08215	39.7	1163	586	35	23	1127	547	1652	4.69e-202	629
EABAIN_08205	JAFLJO_03380	30.5	748	398	30	26	675	676	1399	2.59e-46	182
EABAIN_08210	DGMGJF_03190	91.9	359	29	0	1	359	1	359	1.31e-183	552
EABAIN_08210	ACPHPF_04825	71.2	361	102	2	1	359	1	361	2.06e-134	421
EABAIN_08210	JAFLJO_01300	69.3	361	102	5	1	359	1	354	1.04e-109	353
EABAIN_08210	IAFHMK_05460	58.9	285	113	3	1	282	1	284	2.00e-81	272
EABAIN_08210	BPDDPD_00135	52.5	360	164	4	1	355	1	358	1.28e-76	258
EABAIN_08210	HNNKEJ_07215	52.5	387	141	11	1	362	1	369	6.77e-69	236
EABAIN_08210	MKCKPI_07930	43.9	380	200	9	1	371	1	376	6.46e-63	219
EABAIN_08210	CDIIGJ_08215	50.9	275	124	7	6	276	2	269	3.42e-61	214
EABAIN_08210	IDJNJP_01950	49.7	288	138	6	1	284	1	285	7.07e-60	202
EABAIN_08215	BAOMEA_11320	98.4	251	4	0	1	251	1	251	5.00e-152	423
EABAIN_08215	AAKGEC_01450	52.3	256	107	6	1	251	1	246	1.90e-55	177
EABAIN_08215	CDIIGJ_08220	52.5	257	104	6	1	251	1	245	8.07e-54	173
EABAIN_08220	AAKGEC_08855	98.8	251	3	0	2	252	2	252	5.13e-179	491
EABAIN_08220	HNNKEJ_07225	70.0	250	75	0	2	251	2	251	1.94e-121	345
EABAIN_08220	ELEKDE_11575	71.3	251	72	0	2	252	2	252	1.12e-120	343
EABAIN_08220	JAFLJO_01290	66.7	243	81	0	7	249	7	249	4.62e-110	317
EABAIN_08220	CDIIGJ_08225	58.6	251	100	3	2	249	2	251	1.02e-92	273
EABAIN_08220	IAFHMK_05470	51.6	254	115	3	1	249	1	251	1.61e-71	219
EABAIN_08220	EIKFFD_07235	50.2	235	106	2	25	249	27	260	6.25e-71	218
EABAIN_08220	DBFGIH_05555	49.4	241	106	6	21	249	21	257	1.70e-67	209
EABAIN_08220	AMCIGH_05515	49.2	236	107	3	25	249	28	261	1.60e-63	199
EABAIN_08220	CJHCCN_00240	45.3	258	130	2	2	249	13	269	1.63e-62	196
EABAIN_08220	BNBIEO_00895	44.0	248	121	5	16	249	14	257	7.52e-58	184
EABAIN_08220	AAOIOD_08725	48.4	186	83	3	75	249	40	223	3.17e-54	174
EABAIN_08225	AMFMEJ_11005	100	260	0	0	1	260	1	260	2.42e-165	457
EABAIN_08225	IAFHMK_05475	49.1	291	111	6	1	263	1	282	6.85e-59	188
EABAIN_08225	CDIIGJ_08230	54.0	278	102	8	1	263	1	267	1.25e-58	187
EABAIN_08225	AAOIOD_08705	45.6	283	124	10	1	263	1	273	1.18e-51	169
EABAIN_08230	AKOOIJ_08745	98.6	283	2	1	1	281	1	283	1.82e-171	474
EABAIN_08230	PHBCNO_04815	99.3	143	1	0	1	143	1	143	1.52e-72	220
EABAIN_08235	ABNNBP_05335	87.1	101	11	1	1	101	1	99	6.08e-52	157
EABAIN_08240	OLIPBP_08750	97.6	205	5	0	1	205	1	205	5.07e-142	394
EABAIN_08240	CDIIGJ_04795	73.7	194	51	0	1	194	1	194	3.01e-100	288
EABAIN_08240	HNNKEJ_05965	64.6	206	60	1	1	193	1	206	9.09e-89	259
EABAIN_08240	BGHOFK_00060	63.6	195	69	1	1	193	1	195	1.85e-85	250
EABAIN_08240	LBKFJK_01750	56.0	191	83	1	1	191	1	190	4.91e-70	211
EABAIN_08240	DNKGCI_04445	56.7	194	80	2	1	191	1	193	2.06e-67	204
EABAIN_08240	IAFHMK_02865	51.8	191	91	1	1	191	1	190	1.89e-62	192
EABAIN_08240	OFBCLB_09880	45.4	218	92	2	1	191	1	218	2.97e-60	187
EABAIN_08240	AANGNE_06270	43.5	191	103	2	1	191	1	186	7.58e-49	157
EABAIN_08240	CNLKLD_01950	44.8	192	102	2	1	191	1	189	4.31e-46	150
EABAIN_08250	AAKGEC_06765	100	437	0	0	1	437	1	437	0.0	863
EABAIN_08255	ABCLFC_08710	83.7	392	60	1	1	392	1	388	1.03e-215	595
EABAIN_08255	OAEMLE_09805	98.8	244	3	0	4	247	116	359	6.32e-157	446
EABAIN_08255	HNNKEJ_06015	59.5	375	120	6	1	371	1	347	1.21e-135	392
EABAIN_08255	CDIIGJ_04810	59.4	377	125	6	1	366	1	360	3.89e-134	389
EABAIN_08255	BGHOFK_00045	56.9	367	136	5	1	364	1	348	6.33e-125	365
EABAIN_08255	IAFHMK_02880	51.4	364	145	10	1	362	1	334	6.11e-99	298
EABAIN_08255	CNLKLD_03880	46.8	370	176	6	2	370	4	353	2.34e-91	280
EABAIN_08255	EIKFFD_04005	45.4	350	163	4	5	353	3	325	3.09e-89	273
EABAIN_08255	AANGNE_02200	45.0	351	159	6	5	353	3	321	3.47e-87	267
EABAIN_08255	DDDLLA_01465	54.7	245	110	1	126	369	154	398	3.95e-84	262
EABAIN_08255	LBKFJK_01710	49.1	291	138	5	80	365	134	419	1.92e-80	253
EABAIN_08255	JAFLJO_06500	54.1	244	111	1	122	364	164	407	2.75e-80	253
EABAIN_08255	CJHCCN_05020	51.3	236	114	1	119	353	86	321	9.38e-75	235
EABAIN_08260	OPPHHN_01880	100	357	0	0	1	357	19	375	6.27e-253	687
EABAIN_08260	CJHCCN_05015	63.5	362	125	2	1	355	1	362	8.71e-158	446
EABAIN_08260	OAEMLE_09805	100	108	0	0	247	354	1	108	9.37e-62	202
EABAIN_08265	BBKIGO_08230	99.6	449	2	0	1	449	1	449	3.49e-317	857
EABAIN_08265	DNKGCI_04415	71.3	450	129	0	1	450	1	450	1.42e-229	635
EABAIN_08265	CNLKLD_03870	71.0	451	130	1	1	450	1	451	2.58e-221	615
EABAIN_08270	DPJPEI_11815	100	113	0	0	1	113	22	134	2.76e-72	211
EABAIN_08270	DDDLLA_08750	70.8	113	33	0	1	113	1	113	3.21e-53	162
EABAIN_08275	IAFHMK_02905	85.7	413	58	1	1	413	1	412	8.95e-256	699
EABAIN_08275	HKMGEG_08835	36.3	397	237	5	4	396	6	390	4.02e-75	239
EABAIN_08280	BGHOFK_00020	79.6	490	99	1	1	490	1	489	1.38e-280	768
EABAIN_08280	HNNKEJ_06040	70.1	481	142	1	12	490	11	491	2.51e-239	664
EABAIN_08280	IAFHMK_02910	62.4	500	177	6	1	490	1	499	8.31e-211	592
EABAIN_08280	DNKGCI_04410	57.5	487	205	2	7	491	8	494	4.23e-195	551
EABAIN_08280	AANGNE_02175	56.0	493	211	2	5	491	4	496	5.64e-191	541
EABAIN_08280	LBKFJK_01695	53.9	488	221	2	7	491	5	491	9.59e-187	530
EABAIN_08280	DDDLLA_01480	54.9	490	213	2	8	491	9	496	1.80e-185	527
EABAIN_08280	CNLKLD_03865	50.5	477	226	2	24	491	1	476	1.07e-169	486
EABAIN_08280	HNNKEJ_04770	35.0	323	194	8	174	487	125	440	3.40e-44	160
EABAIN_08285	CNLKLD_03860	86.5	229	30	1	1	228	1	229	9.43e-137	382
EABAIN_08285	AGINCK_01445	43.0	228	119	3	4	230	3	220	8.68e-61	189
EABAIN_08285	BGHOFK_04845	43.8	224	118	3	4	224	3	221	1.25e-56	179
EABAIN_08285	KJOAFL_06700	43.8	226	116	4	4	228	3	218	2.89e-56	189
EABAIN_08285	EHLNLG_05575	42.9	224	115	4	4	224	2	215	3.15e-53	170
EABAIN_08285	CNLKLD_02960	41.1	231	131	2	1	226	1	231	4.91e-53	170
EABAIN_08285	CNLKLD_07450	42.1	228	119	5	4	228	28	245	1.57e-51	167
EABAIN_08285	DNKGCI_09535	37.7	223	131	2	4	224	2	218	9.45e-50	161
EABAIN_08285	JDLPKP_04720	37.9	224	134	3	5	227	10	229	1.85e-48	158
EABAIN_08285	ABJDJH_12865	37.6	221	132	2	6	224	4	220	4.17e-46	152
EABAIN_08285	CJHCCN_01640	35.9	234	139	3	4	230	14	243	7.50e-46	152
EABAIN_08285	KMMJML_04780	35.1	222	142	2	5	224	4	225	1.39e-45	151
EABAIN_08285	LBLLFD_01825	34.3	236	142	3	4	230	2	233	4.27e-45	150
EABAIN_08290	AAKGEC_06805	98.3	176	3	0	1	176	1	176	5.77e-118	330
EABAIN_08290	CDIIGJ_04845	72.7	176	48	0	1	176	1	176	2.85e-86	250
EABAIN_08290	HNNKEJ_06050	71.0	176	51	0	1	176	1	176	3.32e-85	248
EABAIN_08290	BGHOFK_00010	69.9	176	53	0	1	176	1	176	3.68e-82	240
EABAIN_08290	LBKFJK_01685	64.4	177	62	1	1	176	1	177	2.41e-71	213
EABAIN_08290	DNKGCI_04400	61.0	177	68	1	1	176	1	177	3.42e-71	212
EABAIN_08290	IAFHMK_02925	63.3	177	64	1	1	176	1	177	4.85e-71	212
EABAIN_08290	CNLKLD_03855	61.1	180	65	2	1	175	1	180	3.21e-68	205
EABAIN_08290	CJHCCN_04985	57.6	177	73	2	1	175	1	177	4.54e-63	192
EABAIN_08290	DDDLLA_01490	58.8	177	72	1	1	176	1	177	1.28e-61	188
EABAIN_08300	AAKGEC_06815	98.7	154	2	0	1	154	1	154	1.54e-109	307
EABAIN_08300	HNNKEJ_05460	65.3	150	52	0	1	150	1	150	5.39e-70	207
EABAIN_08300	BGHOFK_09300	56.3	151	66	0	1	151	1	151	7.30e-65	194
EABAIN_08300	CDIIGJ_04855	57.4	148	60	2	3	150	2	146	1.22e-58	179
EABAIN_08305	AAKGEC_06820	98.3	120	2	0	1	120	1	120	1.64e-90	256
EABAIN_08305	MILJBE_10305	72.5	120	33	0	1	120	35	154	5.16e-63	188
EABAIN_08305	AMFMEJ_09215	71.7	120	34	0	1	120	1	120	2.01e-62	186
EABAIN_08305	AANGNE_06650	65.8	120	41	0	1	120	1	120	3.89e-60	180
EABAIN_08305	BGHOFK_09090	68.3	120	38	0	1	120	1	120	4.26e-59	177
EABAIN_08305	DNKGCI_07485	62.5	120	45	0	1	120	1	120	1.19e-54	166
EABAIN_08310	HMJMNM_07675	76.2	303	23	3	4	303	8	264	3.19e-136	385
EABAIN_08310	ABCBPP_08410	66.4	214	24	2	5	216	9	176	8.69e-69	211
EABAIN_08310	ABJDJH_03230	71.4	133	33	1	176	303	209	341	6.01e-62	199
EABAIN_08310	CDIIGJ_06825	62.7	150	50	2	159	303	162	310	2.82e-61	196
EABAIN_08310	ABJDJH_01995	94.6	130	7	0	1	130	1	130	8.22e-59	184
EABAIN_08310	ABCLFC_08765	88.2	178	21	0	1	178	1	178	1.19e-58	185
EABAIN_08310	HNNKEJ_09790	63.6	140	46	1	169	303	125	264	1.48e-58	188
EABAIN_08310	AJANDE_09010	62.9	140	47	1	169	303	57	196	1.19e-57	183
EABAIN_08310	MKICBC_13355	61.4	140	49	1	169	303	208	347	2.00e-56	186
EABAIN_08310	DDDLLA_01050	33.4	341	180	6	10	303	21	361	2.59e-55	182
EABAIN_08310	LBKFJK_01725	62.6	131	49	0	172	302	229	359	5.00e-55	182
EABAIN_08310	JAFLJO_06510	59.1	132	54	0	172	303	241	372	4.05e-53	177
EABAIN_08310	FPMMJC_07475	61.1	131	46	1	178	303	65	195	1.17e-51	168
EABAIN_08310	NOKDAP_11045	58.5	142	51	2	166	302	200	338	5.92e-51	171
EABAIN_08310	EHKLLF_12630	62.0	129	44	1	180	303	27	155	1.57e-50	164
EABAIN_08310	AEMMAL_00340	57.1	126	46	2	186	303	66	191	7.94e-45	150
EABAIN_08315	KGIGEE_11180	98.2	281	2	1	1	278	1	281	1.08e-196	538
EABAIN_08315	FMBBOG_03480	67.6	275	89	0	1	275	1	275	6.63e-135	382
EABAIN_08315	AECHFI_02085	45.6	274	140	4	5	277	22	287	9.47e-79	239
EABAIN_08315	CBEECJ_09680	40.5	279	146	7	1	275	1	263	1.85e-62	197
EABAIN_08315	BOCCFK_00630	35.6	278	134	6	1	275	5	240	1.87e-47	158
EABAIN_08320	BCOINH_03965	89.8	314	12	2	1	296	1	312	1.67e-131	375
EABAIN_08320	CEHNAA_05215	72.0	296	56	1	1	296	1	269	2.50e-106	310
EABAIN_08335	ABCLFC_03285	93.8	259	16	0	1	259	97	355	5.26e-159	445
EABAIN_08335	BGHOFK_06095	88.1	260	30	1	1	259	1	260	4.50e-147	411
EABAIN_08335	ELEKDE_00760	62.5	259	11	1	1	259	1	173	1.51e-80	239
EABAIN_08340	ABCBPP_08430	98.0	99	2	0	1	99	1	99	9.70e-62	182
EABAIN_08345	ABCBPP_08435	88.8	116	13	0	1	116	1	116	8.88e-66	194
EABAIN_08345	AAOIOD_07440	69.9	123	26	1	1	112	1	123	1.36e-51	158
EABAIN_08345	CHNGMO_03960	69.9	113	34	0	1	113	1	113	6.66e-49	151
EABAIN_08350	CBIMAL_08335	100	274	0	0	1	274	1	274	1.40e-148	416
EABAIN_08350	DPMHNO_10590	68.1	273	82	2	1	273	1	268	1.20e-78	238
EABAIN_08350	BDNBEJ_03645	63.5	282	80	6	1	274	1	267	6.60e-56	180
EABAIN_08360	LBLLFD_02105	74.9	794	175	4	1	790	1	774	0.0	1129
EABAIN_08360	AAKGEC_02865	73.3	859	165	12	1	809	1	845	0.0	1117
EABAIN_08360	CNOINH_11100	69.7	852	208	6	1	807	1	847	0.0	1093
EABAIN_08360	PLBPOI_06120	67.3	836	212	12	1	787	1	824	0.0	972
EABAIN_08360	AANGNE_05500	60.2	841	274	11	1	787	1	834	4.73e-309	868
EABAIN_08360	HNNJHH_10130	47.6	452	203	4	1	452	1	418	5.76e-123	400
EABAIN_08360	DDDLLA_07740	48.9	452	197	4	1	452	1	418	2.30e-122	403
EABAIN_08360	ACNHAK_01840	48.3	271	110	5	556	801	427	692	4.14e-64	227
EABAIN_08360	EJFEBF_07880	46.2	251	122	4	560	799	461	709	3.47e-51	191
EABAIN_08360	BOKJIE_10850	63.4	131	48	0	667	797	588	718	3.78e-45	173
EABAIN_08360	BLIMPP_01075	63.4	131	47	1	672	801	542	672	1.84e-41	161
EABAIN_08365	AAKGEC_02860	99.2	121	1	0	1	121	1	121	2.71e-85	243
EABAIN_08365	DBDHAK_01835	62.0	121	46	0	1	121	1	121	4.65e-52	159
EABAIN_08370	GHPLOC_11730	77.1	1674	302	7	1	1593	1	1674	0.0	1905
EABAIN_08370	OFBCLB_05885	65.6	1636	421	15	1	1593	1	1537	0.0	1538
EABAIN_08370	BCGFPE_04175	66.4	1595	278	13	1	1593	1	1339	0.0	1311
EABAIN_08370	GPMKBM_10785	70.2	1042	222	8	563	1593	7	971	0.0	949
EABAIN_08370	OBFACL_06185	37.3	408	208	11	1174	1558	848	1230	6.00e-55	210
EABAIN_08370	FFDIKI_03790	42.3	343	165	13	1172	1484	857	1196	2.47e-54	208
EABAIN_08370	ABCBPP_08455	39.2	334	173	8	1174	1484	849	1175	5.44e-54	207
EABAIN_08370	BJLDLK_10710	35.6	413	206	15	1173	1558	1298	1677	3.86e-47	186
EABAIN_08370	PLBPOI_09110	40.3	315	154	11	1172	1464	922	1224	6.70e-47	184
EABAIN_08370	EEJBJI_02600	37.5	325	153	12	1194	1484	1239	1547	2.22e-41	167
EABAIN_08370	GHPLOC_02575	38.2	351	158	17	1173	1484	1276	1606	2.29e-41	167
EABAIN_08375	BGHOFK_06150	81.0	121	23	0	1	121	1	121	2.17e-65	193
EABAIN_08380	ABIMCM_01940	99.3	136	1	0	1	136	1	136	1.61e-91	260
EABAIN_08380	AANGNE_05520	71.3	136	37	2	1	136	1	134	6.84e-63	188
EABAIN_08385	AKPIPJ_08240	85.3	143	19	1	1	141	1	143	7.42e-84	241
EABAIN_08385	DKIIMI_08145	61.0	141	50	2	1	138	1	139	3.19e-52	161
EABAIN_08390	AAKGEC_02830	98.3	120	2	0	1	120	1	120	1.15e-81	234
EABAIN_08395	AAKGEC_02825	98.3	180	3	0	1	180	3	182	1.99e-125	350
EABAIN_08400	DDDLLA_07780	81.1	111	19	1	1	111	1	109	8.83e-57	171
EABAIN_08400	EEJBJI_07945	69.8	116	33	1	1	116	1	114	5.69e-53	161
EABAIN_08405	ABIMCM_01915	95.4	109	5	0	2	110	3	111	9.47e-72	208
EABAIN_08405	EEJBJI_07950	70.6	109	32	0	1	109	1	109	2.48e-51	157
EABAIN_08410	AMLBPA_10885	87.9	373	44	1	1	372	1	373	4.23e-220	605
EABAIN_08410	ANFPEE_01235	66.3	270	90	1	14	283	2	270	4.82e-117	340
EABAIN_08410	ABNNBP_10875	43.7	270	140	4	18	283	6	267	8.95e-63	201
EABAIN_08410	BCOINH_02860	44.1	272	143	3	14	281	2	268	1.26e-59	193
EABAIN_08410	BOKJIE_10905	41.9	270	146	3	18	283	4	266	1.25e-58	191
EABAIN_08410	AGHDIE_04775	42.4	278	142	4	16	281	4	275	3.98e-56	184
EABAIN_08415	AMFMEJ_10605	78.7	183	39	0	1	183	1	183	3.13e-89	261
EABAIN_08425	AMDFJK_11435	95.8	377	16	0	1	377	1	377	3.22e-259	704
EABAIN_08425	OFBCLB_05945	75.0	320	77	1	1	320	1	317	9.67e-168	471
EABAIN_08430	CBIMAL_08415	100	124	0	0	1	124	1	124	5.63e-84	240
EABAIN_08430	EJEPOM_12890	68.1	138	27	3	1	124	1	135	4.92e-53	162
EABAIN_08435	AAKGEC_02785	93.7	95	6	0	1	95	1	95	8.49e-61	179
EABAIN_08445	OFBCLB_05970	83.0	466	77	1	1	466	1	464	2.59e-279	764
EABAIN_08445	JIGPNC_08575	45.7	477	246	5	1	467	4	477	3.20e-131	388
EABAIN_08445	ACNHAK_01910	32.6	454	247	13	34	437	58	502	2.20e-54	189
EABAIN_08445	OIOLGB_06080	29.3	433	261	12	34	437	49	465	1.07e-46	168
EABAIN_08450	AAKGEC_02770	99.0	411	4	0	1	411	1	411	3.69e-309	833
EABAIN_08450	HDKJGO_03720	67.9	402	122	5	1	398	1	399	9.90e-193	539
EABAIN_08450	ACDDAG_06400	49.9	399	190	8	7	399	4	398	1.00e-130	382
EABAIN_08450	DIBOGN_07525	40.1	394	209	11	19	391	6	393	1.78e-76	242
EABAIN_08455	AAKGEC_02765	87.6	170	21	0	1	170	1	170	3.42e-98	280
EABAIN_08455	MHGLEN_13455	87.7	114	14	0	57	170	3	116	1.56e-60	184
EABAIN_08455	GMJOLA_03460	53.3	150	70	0	1	150	1	150	9.13e-48	152
EABAIN_08465	AAKGEC_02760	99.3	141	1	0	1	141	1	141	1.66e-100	283
EABAIN_08465	JAIDNN_10025	61.7	133	50	1	1	133	1	132	2.90e-47	150
EABAIN_08480	CBIMAL_08465	100	74	0	0	1	74	1	74	1.18e-55	165
EABAIN_08490	CBIMAL_08475	100	187	0	0	1	187	1	187	1.93e-144	398
EABAIN_08490	OFBCLB_08010	61.7	133	32	3	74	187	1	133	3.53e-47	150
EABAIN_08495	CBIMAL_08480	100	112	0	0	1	112	1	112	1.10e-73	213
EABAIN_08500	ABIMCM_03830	100	143	0	0	1	143	1	143	1.65e-101	286
EABAIN_08500	CMMBIF_06660	67.4	141	44	1	3	143	5	143	3.45e-62	187
EABAIN_08505	OCIPFJ_05755	93.5	138	9	0	1	138	1	138	1.44e-89	256
EABAIN_08505	ILDBOH_04410	69.6	138	38	1	1	138	1	134	6.52e-62	186
EABAIN_08510	CBIMAL_08495	100	89	0	0	1	89	1	89	8.40e-65	189
EABAIN_08515	CBIMAL_08500	100	168	0	0	1	168	1	168	1.69e-122	341
EABAIN_08515	PHBCNO_01665	67.2	177	47	3	1	168	1	175	1.66e-78	230
EABAIN_08515	EPKBNI_04690	62.9	170	58	4	1	168	1	167	6.60e-67	201
EABAIN_08520	CBIMAL_08505	100	103	0	0	1	103	1	103	7.50e-70	203
EABAIN_08530	FNBHCB_00360	90.9	132	12	0	1	132	8	139	4.12e-91	259
EABAIN_08540	AJGINB_12120	96.2	262	10	0	1	262	1	262	1.46e-177	491
EABAIN_08540	AFCONC_06030	57.6	297	125	1	1	296	1	297	1.89e-117	339
EABAIN_08540	KKACAP_12985	78.0	182	1	1	115	296	1	143	9.75e-91	265
EABAIN_08540	BOCCFK_00900	47.0	302	147	4	1	291	1	300	1.27e-81	248
EABAIN_08540	NPFMCA_03170	93.8	113	6	1	185	296	4	116	1.03e-66	203
EABAIN_08545	OOHJDG_09645	97.8	268	4	1	1	268	1	266	1.36e-186	511
EABAIN_08545	DNKGCI_04835	64.2	257	84	4	1	252	1	254	8.31e-112	323
EABAIN_08545	MILJBE_11445	95.5	111	5	0	158	268	143	253	8.11e-74	225
EABAIN_08545	LBKFJK_06145	65.8	152	50	1	1	150	1	152	4.54e-63	198
EABAIN_08545	NGAPDN_00835	52.8	159	66	2	1	150	1	159	2.15e-48	162
EABAIN_08550	FDLGOJ_03220	93.6	141	9	0	1	141	5	145	5.87e-95	270
EABAIN_08550	LBDMAD_12625	94.1	135	8	0	1	135	1	135	5.46e-91	261
EABAIN_08550	BAOMEA_06055	68.0	153	36	3	1	141	1	152	3.31e-66	197
EABAIN_08550	GNPDOB_10985	69.2	143	42	1	1	141	1	143	1.50e-63	190
EABAIN_08550	BGLHJG_07695	65.1	152	40	3	1	141	1	150	2.25e-62	187
EABAIN_08550	ABJDJH_09900	62.5	160	40	3	2	141	1	160	2.73e-62	187
EABAIN_08550	CNLKLD_04595	63.4	164	37	3	1	141	1	164	6.26e-62	187
EABAIN_08550	KPGHOL_10310	60.2	161	40	2	1	141	1	157	1.17e-60	183
EABAIN_08550	OFBCLB_02830	63.3	147	45	2	1	141	1	144	6.32e-60	181
EABAIN_08550	CLEGAA_04795	75.9	108	26	0	1	108	1	108	7.44e-57	173
EABAIN_08550	ALHAGD_09820	75.9	108	26	0	1	108	1	108	1.18e-56	174
EABAIN_08550	HNNKEJ_01600	58.8	153	50	3	1	141	1	152	2.44e-54	167
EABAIN_08550	NGAPDN_14150	57.1	161	49	3	1	141	1	161	2.64e-53	165
EABAIN_08555	AAKGEC_02005	96.0	252	10	0	1	252	1	252	2.76e-183	502
EABAIN_08555	DIEDGI_01070	71.7	251	62	3	1	248	1	245	7.98e-127	359
EABAIN_08555	PLDCIE_05095	96.6	174	6	0	1	174	1	174	3.05e-125	355
EABAIN_08555	MNCDBI_12510	66.4	247	72	3	1	247	1	236	2.61e-116	332
EABAIN_08560	ABCBPP_05580	98.3	172	3	0	1	172	1	172	1.95e-114	321
EABAIN_08585	AAKGEC_02025	99.1	112	1	0	1	112	1	112	2.50e-79	228
EABAIN_08585	HCKLJM_01885	98.2	112	2	0	1	112	269	380	4.57e-75	226
EABAIN_08590	FGPNLL_04630	82.1	274	38	3	1	263	1	274	8.99e-156	434
EABAIN_08590	NGAPDN_05160	71.0	262	66	2	1	259	1	255	3.74e-130	368
EABAIN_08590	AAKGEC_02620	71.9	270	68	2	1	263	1	269	8.03e-123	350
EABAIN_08590	DNKIME_10115	67.4	261	75	2	1	258	3	256	4.80e-122	348
EABAIN_08590	EPOEKF_08190	65.6	259	88	1	1	259	1	258	7.50e-119	340
EABAIN_08590	HCKLJM_01885	69.2	263	81	0	1	263	1	263	1.99e-115	335
EABAIN_08590	EEGLMF_09710	63.3	270	91	3	1	263	1	269	1.91e-109	316
EABAIN_08590	GJINGL_10045	62.0	263	96	1	1	263	1	259	4.24e-106	307
EABAIN_08590	AGINCK_07295	53.6	261	116	3	1	259	1	258	1.33e-90	268
EABAIN_08590	CCDOKP_07065	55.7	271	105	5	1	260	1	267	3.21e-89	265
EABAIN_08590	BCGFPE_04005	48.3	259	121	2	1	259	1	246	2.16e-71	219
EABAIN_08590	KDFFJH_10650	58.5	200	78	2	1	196	1	199	1.89e-70	217
EABAIN_08590	ANFPEE_11040	46.8	265	128	3	1	259	1	258	1.44e-69	214
EABAIN_08590	AEFDGK_01320	63.9	166	57	2	1	163	1	166	1.43e-62	196
EABAIN_08590	BOCCFK_07215	60.0	175	59	2	1	175	1	164	7.38e-62	194
EABAIN_08590	GMJOLA_00315	43.7	268	138	4	1	263	1	260	5.64e-61	192
EABAIN_08590	CPLMAE_01425	80.5	118	23	0	1	118	1	118	2.93e-59	188
EABAIN_08590	ANFPEE_04185	42.3	265	144	4	1	263	1	258	3.40e-59	188
EABAIN_08590	DDDLLA_11600	69.3	137	40	1	1	135	1	137	3.62e-59	187
EABAIN_08590	JIMIHD_02755	43.2	250	134	3	14	259	14	259	2.04e-58	186
EABAIN_08590	BEIAAA_07645	39.8	266	142	6	1	260	4	257	5.76e-58	185
EABAIN_08590	GMJOLA_05520	42.3	265	137	8	1	260	1	254	1.20e-53	174
EABAIN_08590	PHNKGJ_04520	39.6	265	144	7	1	260	1	254	3.37e-53	172
EABAIN_08590	JOBCMP_01300	40.7	263	140	8	1	260	4	253	1.30e-52	171
EABAIN_08590	PKGHFF_07800	39.8	266	144	6	1	261	1	255	5.04e-52	169
EABAIN_08595	AGKELP_01480	98.8	82	1	0	1	82	1	82	1.03e-55	166
EABAIN_08600	BDNBEJ_03375	100	223	0	0	1	223	1	223	2.75e-155	429
EABAIN_08605	HMJMNM_07855	80.5	164	27	2	1	162	20	180	3.10e-85	247
EABAIN_08605	AGKELP_01505	69.3	166	40	3	1	161	1	160	1.63e-65	197
EABAIN_08605	COOGCK_05555	56.9	167	67	1	1	162	12	178	2.79e-57	176
EABAIN_08605	IAMBHH_03900	61.1	162	56	1	1	162	1	155	1.44e-55	171
EABAIN_08605	KCDELH_09030	62.6	147	52	1	16	162	13	156	4.33e-54	167
EABAIN_08605	DHALJH_07750	59.5	153	54	3	14	161	4	153	1.70e-53	166
EABAIN_08605	NPNEBP_09495	60.4	159	59	2	5	162	14	169	3.74e-53	166
EABAIN_08605	MEFLAG_08640	59.3	162	56	1	1	162	12	163	4.10e-53	166
EABAIN_08605	KJCAIL_10480	57.4	162	68	1	2	162	7	168	5.14e-53	165
EABAIN_08605	FKGECP_02260	58.0	162	60	2	1	161	12	166	1.17e-52	164
EABAIN_08605	ANFPEE_04205	54.0	174	65	2	1	162	17	187	3.03e-51	161
EABAIN_08605	CEHFAN_00050	52.3	172	69	3	1	162	15	183	2.17e-50	159
EABAIN_08605	BFGFFC_05185	59.9	162	58	2	5	162	14	172	4.43e-50	158
EABAIN_08605	MNCDBI_10465	55.6	162	65	2	1	162	17	171	1.12e-48	154
EABAIN_08605	KFHBHO_13820	76.4	110	23	1	53	162	80	186	4.45e-48	153
EABAIN_08610	NKPHMN_05750	72.5	193	52	1	1	193	1	192	4.93e-96	276
EABAIN_08610	ACPHPF_03330	66.7	189	41	2	1	189	1	167	4.66e-87	253
EABAIN_08610	ABIMCM_01455	53.1	147	69	0	47	193	46	192	4.71e-53	167
EABAIN_08610	LBKFJK_07975	41.5	193	110	1	1	193	1	190	1.77e-48	156
EABAIN_08610	ALPEGB_06020	74.0	96	25	0	1	96	1	96	3.42e-48	152
EABAIN_08615	BDNBEJ_03360	100	251	0	0	1	251	1	251	3.16e-152	423
EABAIN_08620	NNPKJK_13415	78.4	259	53	2	1	258	1	257	9.84e-96	281
EABAIN_08625	AAKGEC_02095	96.0	379	15	0	1	379	1	379	8.34e-267	724
EABAIN_08625	OFBCLB_02205	53.2	380	176	2	1	379	1	379	8.28e-136	392
EABAIN_08625	BEGLKA_11265	51.1	380	185	1	1	379	1	380	4.12e-131	380
EABAIN_08625	BOCCFK_04030	50.3	380	188	1	1	379	1	380	1.25e-127	371
EABAIN_08625	ACNHAK_02030	50.0	380	183	2	1	379	1	374	4.00e-127	370
EABAIN_08625	DDDLLA_11065	48.7	380	194	1	1	379	1	380	5.71e-121	354
EABAIN_08625	BOCCFK_11655	42.2	384	207	5	1	377	1	376	2.49e-87	268
EABAIN_08625	KDHKFB_09115	39.3	389	211	9	1	379	1	374	1.92e-76	240
EABAIN_08625	HCCODA_08565	37.2	390	218	8	1	379	1	374	2.14e-75	238
EABAIN_08625	AGINCK_04610	38.9	386	220	8	1	377	1	379	1.34e-74	236
EABAIN_08625	AEFDGK_03675	37.7	387	218	8	1	379	1	372	2.18e-74	235
EABAIN_08625	MNCDBI_10445	39.3	384	211	9	1	379	1	367	2.59e-74	234
EABAIN_08625	KJJMGA_08575	39.3	392	200	11	1	379	1	367	5.73e-73	231
EABAIN_08625	ICGPBP_10970	37.3	386	227	6	1	379	26	403	9.31e-71	226
EABAIN_08625	BCGFPE_02925	36.5	386	229	7	1	379	1	377	1.00e-69	223
EABAIN_08625	BGCJLL_07260	36.3	397	214	10	1	379	1	376	1.10e-68	220
EABAIN_08625	DNKGCI_01240	38.1	383	217	9	1	379	1	367	1.25e-68	220
EABAIN_08625	AGHDIE_01570	35.6	385	226	8	1	379	1	369	5.72e-67	216
EABAIN_08625	AFCONC_04775	33.2	388	238	8	1	379	1	376	1.81e-58	194
EABAIN_08625	BBNKOH_03370	32.5	388	241	9	1	379	1	376	2.11e-56	188
EABAIN_08625	ADJCAM_11235	33.9	380	226	10	1	369	1	366	3.90e-52	177
EABAIN_08625	AGHDIE_04610	34.1	387	221	11	1	369	1	371	1.70e-51	176
EABAIN_08625	BBKIGO_01800	31.2	401	237	10	1	379	1	384	1.03e-50	174
EABAIN_08625	ELFOBA_02885	32.7	388	228	12	1	369	1	374	2.71e-50	172
EABAIN_08625	AMCIGH_03285	31.1	392	241	7	1	379	1	376	2.76e-47	164
EABAIN_08630	EHLNLG_08590	98.9	357	4	0	1	357	1	357	1.46e-261	709
EABAIN_08635	DBFGIH_10935	78.9	308	64	1	1	307	1	308	1.97e-175	487
EABAIN_08635	DNKGCI_04375	73.2	306	82	0	3	308	2	307	7.17e-159	445
EABAIN_08635	DDDLLA_01505	70.9	302	86	1	5	304	5	306	6.67e-148	417
EABAIN_08640	DFCDFN_01470	85.5	429	59	1	1	426	1	429	5.03e-256	701
EABAIN_08645	BNBIEO_10240	84.4	173	27	0	1	173	18	190	1.44e-100	287
EABAIN_08650	AAKGEC_02120	99.6	232	1	0	1	232	1	232	1.20e-158	438
EABAIN_08650	ABCLFC_08845	62.6	219	82	0	1	219	1	219	2.70e-90	265
EABAIN_08650	BPDDPD_09195	58.3	230	96	0	1	230	1	230	7.27e-88	259
EABAIN_08655	BGHOFK_09375	84.0	94	15	0	1	94	1	94	2.35e-51	156
EABAIN_08660	BGHOFK_09380	85.3	299	43	1	6	303	6	304	4.46e-175	486
EABAIN_08660	IAFHMK_06310	72.5	287	79	0	17	303	5	291	1.21e-140	398
EABAIN_08660	FFPGDJ_00195	51.2	254	121	1	10	260	2	255	2.82e-90	270
EABAIN_08665	ABNNBP_05190	94.2	413	24	0	1	413	2	414	5.06e-274	745
EABAIN_08665	CNLKLD_02050	67.9	414	132	1	1	413	1	414	2.00e-192	538
EABAIN_08665	DDDLLA_05555	56.6	412	171	3	2	413	6	409	7.89e-145	417
EABAIN_08670	ACDDAG_09600	90.3	267	26	0	3	269	1	267	1.22e-164	456
EABAIN_08670	DDDLLA_05550	46.4	261	136	1	6	266	2	258	3.82e-74	226
EABAIN_08675	DBFGIH_05575	83.9	460	73	1	6	465	7	465	1.45e-284	777
EABAIN_08685	AAKGEC_02155	96.3	108	4	0	1	108	1	108	7.91e-63	186
EABAIN_08690	PPHDMO_12355	99.6	231	1	0	1	231	1	231	1.53e-150	418
EABAIN_08690	DNKGCI_06455	67.2	235	77	0	1	235	1	235	4.51e-107	308
EABAIN_08690	LBKFJK_03505	63.8	235	85	0	1	235	1	235	3.31e-102	295
EABAIN_08690	IAFHMK_00425	67.2	235	77	0	1	235	1	235	1.34e-101	294
EABAIN_08690	DDDLLA_06160	62.6	235	88	0	1	235	1	235	9.82e-97	281
EABAIN_08695	LACCIH_04160	92.2	205	2	1	1	191	1	205	3.89e-122	343
EABAIN_08695	EIKFFD_02365	64.4	191	68	0	1	191	1	191	1.21e-85	250
EABAIN_08695	LBKFJK_02225	64.4	191	68	0	1	191	1	191	1.15e-83	245
EABAIN_08695	BGHOFK_09690	62.3	191	72	0	1	191	1	191	8.89e-81	238
EABAIN_08695	ABIMCM_04395	60.7	191	75	0	1	191	1	191	2.54e-80	236
EABAIN_08695	BGCJLL_01370	100	120	0	0	1	120	1	120	6.81e-76	224
EABAIN_08700	AAKGEC_02170	98.9	180	2	0	1	180	1	180	1.21e-130	363
EABAIN_08700	AANGNE_06675	70.3	165	49	0	10	174	1	165	2.81e-87	253
EABAIN_08705	JAFLJO_06360	88.7	522	48	4	1	517	13	528	2.43e-304	831
EABAIN_08710	PPLEED_11760	93.9	1048	60	2	1	1048	1	1044	0.0	1253
EABAIN_08710	CDIIGJ_05125	61.8	251	96	0	1	251	30	280	3.19e-64	234
EABAIN_08710	DHALJH_07390	62.6	243	91	0	2	244	31	273	3.98e-62	221
EABAIN_08710	HNNKEJ_06170	57.1	259	111	0	2	260	31	289	3.64e-60	214
EABAIN_08710	IAFHMK_00435	54.7	278	115	1	3	269	31	308	1.01e-56	211
EABAIN_08710	PLIDEH_07925	58.4	245	102	0	7	251	37	281	3.09e-51	196
EABAIN_08710	LBKFJK_01575	56.4	241	105	0	2	242	31	271	3.59e-50	178
EABAIN_08715	CEFOCI_09510	98.6	571	7	1	1	570	1	571	0.0	1087
EABAIN_08715	ENIHOO_01595	35.6	550	347	4	4	550	12	557	2.11e-123	374
EABAIN_08720	JIBFFE_03415	97.3	223	0	1	1	223	1	217	8.89e-146	404
EABAIN_08720	HNNKEJ_06180	74.9	223	56	0	1	223	1	223	3.24e-115	327
EABAIN_08720	BGHOFK_09715	70.4	223	66	0	1	223	1	223	9.30e-108	308
EABAIN_08720	CNLKLD_07510	47.0	183	94	3	42	223	1	181	5.00e-49	158
EABAIN_08725	BGHOFK_09720	81.7	295	54	0	1	295	1	295	2.61e-172	478
EABAIN_08725	DDDLLA_01540	72.0	286	80	0	6	291	2	287	5.03e-150	421
EABAIN_08725	AEMMAL_09290	38.1	286	161	7	16	294	6	282	2.68e-54	177
EABAIN_08730	ABCBPP_08795	100	151	0	0	1	151	1	151	2.04e-108	304
EABAIN_08730	DNKGCI_04260	69.9	146	44	0	1	146	1	146	4.24e-76	223
EABAIN_08730	LBKFJK_01560	68.3	145	46	0	1	145	1	145	9.63e-74	217
EABAIN_08730	DDDLLA_01545	65.3	150	52	0	1	150	1	150	4.73e-69	205
EABAIN_08730	ABNNBP_05120	52.4	147	69	1	1	146	1	147	1.84e-52	163
EABAIN_08735	DFCDFN_04215	83.2	357	59	1	3	358	4	360	8.80e-213	585
EABAIN_08735	AAOIOD_01855	46.4	347	169	4	1	347	1	330	1.72e-91	276
EABAIN_08740	LBKFJK_08880	77.7	283	61	2	6	287	1	282	1.13e-157	440
EABAIN_08740	ABJDJH_07875	52.1	290	135	3	1	287	1	289	5.95e-105	306
EABAIN_08740	MEFLAG_06700	53.3	289	126	4	1	286	1	283	1.22e-100	295
EABAIN_08740	CNLKLD_02990	48.5	295	142	5	1	286	1	294	1.87e-92	275
EABAIN_08740	ABCLFC_08035	33.6	280	139	5	4	283	3	235	1.54e-44	150
EABAIN_08750	AAKGEC_02220	100	84	0	0	1	84	1	84	1.64e-53	160
EABAIN_08755	IAFHMK_00960	85.6	658	94	1	1	657	1	658	0.0	1116
EABAIN_08755	DABPFD_01515	72.7	659	177	1	2	657	3	661	0.0	962
EABAIN_08760	AANGNE_03240	71.5	403	114	1	1	403	51	452	7.88e-199	556
EABAIN_08760	PEPBIK_04620	93.7	174	11	0	51	224	1	174	9.68e-104	304
EABAIN_08760	ACPHPF_04515	90.2	174	17	0	234	407	1	174	6.22e-97	287
EABAIN_08760	BNBIEO_08350	42.9	403	224	4	1	403	50	446	7.58e-97	296
EABAIN_08770	AAKGEC_02235	99.0	99	1	0	1	99	1	99	5.19e-66	193
EABAIN_08775	BDMBBJ_01585	99.2	646	5	0	1	646	1	646	0.0	1227
EABAIN_08775	HNNKEJ_06230	75.2	646	160	0	1	646	1	646	0.0	948
EABAIN_08775	BNBIEO_00935	57.2	645	273	3	1	645	1	642	5.82e-250	703
EABAIN_08775	CNLKLD_01675	51.6	641	293	4	1	639	1	626	5.94e-212	606
EABAIN_08775	IAFHMK_00975	48.7	665	315	6	1	643	1	661	4.82e-206	592
EABAIN_08775	LBKFJK_01525	47.0	662	327	5	1	641	1	659	1.26e-195	565
EABAIN_08775	DNKGCI_04180	46.3	661	329	6	1	639	1	657	1.49e-191	555
EABAIN_08780	BJLDLK_07525	91.5	213	10	1	1	213	1	205	4.56e-129	361
EABAIN_08780	IDJNJP_07470	55.6	205	90	1	1	204	1	205	3.91e-74	223
EABAIN_08785	AAKGEC_02250	98.4	316	5	0	1	316	1	316	1.50e-219	599
EABAIN_08785	CDIIGJ_05175	73.2	314	84	0	1	314	1	314	5.53e-160	448
EABAIN_08785	BGCJLL_01095	68.7	313	98	0	1	313	1	313	2.91e-154	434
EABAIN_08785	HNNKEJ_06240	64.9	313	110	0	1	313	1	313	3.36e-145	411
EABAIN_08785	KPGHOL_04325	64.2	313	112	0	1	313	1	313	3.04e-144	409
EABAIN_08785	ELEKDE_11120	65.3	314	108	1	1	314	1	313	6.86e-143	405
EABAIN_08785	IDJNJP_07465	58.1	315	132	0	1	315	1	315	2.58e-125	360
EABAIN_08785	OFBCLB_07860	65.3	265	92	0	1	265	1	265	5.10e-120	345
EABAIN_08785	DNKGCI_09100	55.2	315	141	0	1	315	1	315	2.83e-119	345
EABAIN_08790	CDIIGJ_05180	82.4	467	82	0	1	467	1	467	1.32e-292	797
EABAIN_08790	KPGHOL_04320	71.5	467	133	0	1	467	1	467	4.67e-252	694
EABAIN_08790	BGCJLL_01115	61.4	472	176	3	1	466	1	472	1.08e-223	622
EABAIN_08795	ADJCAM_03515	97.7	301	3	1	1	297	1	301	1.43e-213	582
EABAIN_08795	HNNKEJ_06250	66.4	286	96	0	5	290	1	286	6.56e-140	395
EABAIN_08795	CDIIGJ_05185	61.9	286	109	0	5	290	1	286	4.10e-129	368
EABAIN_08795	BGCJLL_01100	54.2	286	129	1	5	290	1	284	1.17e-108	316
EABAIN_08795	DDDLLA_03695	52.4	286	134	1	5	290	1	284	2.08e-104	305
EABAIN_08795	AAKGEC_09915	34.8	273	165	9	7	272	4	270	5.27e-51	169
EABAIN_08795	DNKGCI_11315	32.5	274	172	8	6	272	3	270	5.05e-44	151
EABAIN_08795	AANGNE_08435	30.5	292	190	7	7	291	4	289	9.98e-44	150
EABAIN_08800	AAKGEC_02265	100	508	0	0	1	508	1	508	0.0	1004
EABAIN_08800	KPGHOL_04315	71.8	504	142	0	1	504	1	504	5.65e-279	765
EABAIN_08800	AAKGEC_09345	27.5	520	319	13	16	478	25	543	7.38e-47	171
EABAIN_08805	IJBMGP_02930	98.6	358	5	0	1	358	1	358	7.42e-272	735
EABAIN_08810	EKJHIG_08330	98.2	542	10	0	1	542	1	542	0.0	1068
EABAIN_08810	KPGHOL_04305	70.6	545	159	1	1	544	1	545	3.03e-286	787
EABAIN_08815	ABJDJH_01790	98.2	227	4	0	1	227	57	283	2.15e-158	439
EABAIN_08815	KPGHOL_04300	68.6	226	70	1	1	226	1	225	3.63e-105	302
EABAIN_08815	CDIIGJ_02200	59.1	225	90	1	1	225	1	223	2.03e-91	267
EABAIN_08820	ABNNBP_05035	97.7	476	11	0	1	476	1	476	2.01e-315	855
EABAIN_08825	ACIHME_12510	98.5	324	1	1	1	324	1	320	3.42e-219	598
EABAIN_08825	BNBIEO_07270	63.9	327	112	5	1	324	1	324	8.42e-130	372
EABAIN_08830	CJHCCN_08775	76.0	312	74	1	2	312	2	313	9.49e-157	440
EABAIN_08830	IGAAGB_10495	100	228	0	0	86	313	1	228	4.30e-149	417
EABAIN_08835	AAKGEC_02300	99.6	492	2	0	1	492	1	492	0.0	944
EABAIN_08835	DDDLLA_07200	41.4	505	279	7	1	489	4	507	5.78e-123	369
EABAIN_08835	DFCDFN_05355	41.2	503	279	7	3	489	11	512	2.48e-120	362
EABAIN_08835	AANGNE_06590	37.2	497	303	3	3	491	7	502	6.96e-110	335
EABAIN_08840	ACPHPF_04375	93.9	131	8	0	1	131	1	131	3.17e-84	242
EABAIN_08840	DHPGCJ_02150	95.5	132	6	0	1	132	309	440	2.25e-81	245
EABAIN_08840	LBKFJK_01505	73.3	135	33	1	1	132	1	135	2.57e-64	191
EABAIN_08845	DHPGCJ_02150	98.7	300	4	0	1	300	1	300	3.55e-209	577
EABAIN_08845	ABNNBP_05000	85.7	300	43	0	1	300	1	300	6.38e-187	515
EABAIN_08845	HNNKEJ_06300	74.2	287	74	0	3	289	3	289	9.18e-158	441
EABAIN_08845	LBKFJK_01500	70.4	287	85	0	3	289	3	289	5.02e-148	417
EABAIN_08845	DNKGCI_04155	68.5	289	91	0	1	289	1	289	3.03e-142	402
EABAIN_08845	IAFHMK_01000	66.8	289	94	1	3	289	3	291	2.17e-140	397
EABAIN_08845	BNBIEO_07290	65.7	289	99	0	1	289	1	289	5.78e-140	396
EABAIN_08845	LPKMGL_04045	44.9	287	156	2	3	288	3	288	1.35e-78	240
EABAIN_08845	AANGNE_04790	37.3	303	169	11	3	288	3	301	5.00e-45	154
EABAIN_08850	AAKGEC_02315	99.1	327	3	0	1	327	1	327	1.46e-227	620
EABAIN_08850	IAFHMK_01005	72.3	325	89	1	3	327	3	326	1.16e-164	461
EABAIN_08850	BNBIEO_07295	72.5	324	88	1	1	324	1	323	1.16e-164	461
EABAIN_08850	DNKGCI_04150	68.1	323	103	0	1	323	1	323	2.97e-152	429
EABAIN_08850	AEMMAL_06275	62.8	323	120	0	1	323	7	329	7.13e-142	404
EABAIN_08850	HNNKEJ_06305	74.5	161	41	0	165	325	1	161	1.62e-81	244
EABAIN_08855	DDDLLA_01575	88.3	429	50	0	1	429	1	429	2.84e-280	762
EABAIN_08860	HDDPIO_01625	99.6	226	1	0	1	226	1	226	6.43e-161	443
EABAIN_08860	BGHOFK_10260	71.6	225	64	0	1	225	1	225	4.40e-120	340
EABAIN_08860	HNNKEJ_06320	70.2	225	67	0	1	225	1	225	4.71e-117	332
EABAIN_08860	IAFHMK_01015	65.3	225	78	0	1	225	1	225	8.75e-108	309
EABAIN_08860	CNLKLD_01665	59.7	226	91	0	1	226	1	226	1.45e-97	283
EABAIN_08860	DDDLLA_01580	57.3	225	96	0	1	225	1	225	6.03e-94	274
EABAIN_08860	DNKGCI_04140	54.9	226	102	0	1	226	1	226	5.51e-92	269
EABAIN_08860	HDKJGO_06855	57.6	229	94	2	1	226	26	254	7.79e-91	267
EABAIN_08860	LBKFJK_01485	54.2	225	103	0	1	225	1	225	1.82e-83	247
EABAIN_08875	AAKGEC_02340	100	104	0	0	1	104	1	104	1.02e-72	210
EABAIN_08875	DNKGCI_09525	68.3	104	33	0	1	104	1	104	4.44e-49	150
EABAIN_08875	BCOINH_05835	66.0	103	35	0	1	103	1	103	6.11e-49	150
EABAIN_08880	AAKGEC_02345	100	776	0	0	1	776	1	776	0.0	1424
EABAIN_08880	DDDLLA_06630	70.5	776	228	1	1	776	1	775	0.0	1038
EABAIN_08880	CNLKLD_03725	70.4	778	228	1	1	776	1	778	0.0	1020
EABAIN_08885	AAKGEC_02350	99.5	186	1	0	1	186	1	186	3.02e-118	332
EABAIN_08885	BGHOFK_09575	73.5	185	49	0	1	185	1	185	2.07e-86	251
EABAIN_08885	CDIIGJ_05260	71.9	185	52	0	1	185	1	185	8.40e-86	250
EABAIN_08885	DNKGCI_03780	65.1	186	65	0	1	186	1	186	4.15e-79	233
EABAIN_08885	OFBCLB_01790	64.5	186	66	0	1	186	1	186	1.07e-74	222
EABAIN_08885	CNLKLD_03720	63.1	187	68	1	1	186	1	187	4.22e-72	215
EABAIN_08885	AANGNE_02960	62.4	181	67	1	1	180	1	181	2.20e-71	213
EABAIN_08890	AAKGEC_02355	99.4	321	2	0	1	321	1	321	9.57e-230	625
EABAIN_08890	HNNKEJ_06350	71.0	321	93	0	1	321	1	321	1.22e-163	458
EABAIN_08890	IAFHMK_00620	60.7	333	119	3	1	321	14	346	1.67e-141	403
EABAIN_08890	DNKGCI_03775	61.1	321	125	0	1	321	1	321	1.06e-136	390
EABAIN_08890	CJHCCN_00910	59.9	324	127	2	1	321	30	353	8.61e-134	384
EABAIN_08890	DDDLLA_06620	56.8	338	129	1	1	321	1	338	8.16e-133	380
EABAIN_08890	CNLKLD_06355	52.0	321	153	1	1	321	1	320	3.29e-116	338
EABAIN_08895	AANGNE_02745	75.0	332	82	1	1	332	1	331	3.44e-173	483
EABAIN_08895	CNLKLD_06360	65.4	332	114	1	1	332	1	331	1.01e-153	434
EABAIN_08900	BIFMNE_08620	78.2	362	76	2	1	361	1	360	3.51e-210	579
EABAIN_08900	CNLKLD_02195	34.9	361	219	6	3	361	2	348	2.54e-60	197
EABAIN_08900	IAFHMK_03430	32.6	359	232	5	3	361	2	350	6.89e-57	188
EABAIN_08900	DNKGCI_03340	31.4	360	236	5	3	361	2	351	3.25e-54	181
EABAIN_08900	AANGNE_07325	32.0	359	232	5	3	361	2	348	6.42e-53	178
EABAIN_08900	LBKFJK_00330	30.4	362	237	7	3	361	2	351	3.78e-52	176
EABAIN_08900	AAKGEC_11555	31.6	361	234	6	3	361	2	351	8.58e-50	170
EABAIN_08900	OFBCLB_08250	29.8	363	238	7	3	361	2	351	7.80e-46	159
EABAIN_08905	DCAANM_08680	90.9	673	54	2	1	666	1	673	0.0	894
EABAIN_08905	KABOBF_06675	66.9	677	156	9	21	664	25	666	3.75e-222	634
EABAIN_08905	CMMBIF_08865	55.4	672	189	12	24	664	17	608	7.82e-163	480
EABAIN_08905	HNNKEJ_06370	50.6	658	230	12	22	664	10	587	8.25e-154	456
EABAIN_08905	CDIIGJ_05280	44.9	755	258	13	24	664	16	726	1.17e-114	360
EABAIN_08905	DNKGCI_03755	44.5	668	282	16	23	658	9	619	6.79e-95	305
EABAIN_08905	IAFHMK_00640	46.1	653	260	13	22	664	9	579	1.68e-93	300
EABAIN_08905	LBKFJK_00715	41.0	676	317	16	23	658	16	649	8.92e-90	292
EABAIN_08905	EIKFFD_09010	42.8	649	300	17	21	657	9	598	1.84e-84	277
EABAIN_08905	DDDLLA_06600	44.0	647	256	13	23	659	9	559	1.35e-75	252
EABAIN_08905	CJHCCN_07530	33.6	652	339	14	21	657	7	579	1.19e-72	245
EABAIN_08905	CNOINH_03905	39.8	666	311	12	21	657	9	613	6.54e-67	230
EABAIN_08905	CNLKLD_06375	56.4	328	133	3	333	657	214	534	1.67e-64	222
EABAIN_08910	BKMMEC_04430	81.0	384	73	0	1	384	1	384	3.62e-229	629
EABAIN_08920	AAKGEC_12915	100	128	0	0	1	128	1	128	1.36e-86	247
EABAIN_08920	AANGNE_02705	74.0	127	32	1	1	126	1	127	1.35e-59	179
EABAIN_08920	CNLKLD_06390	64.0	136	35	2	1	122	1	136	8.67e-50	155
EABAIN_08925	AAKGEC_12910	100	334	0	0	1	334	1	334	3.34e-232	632
EABAIN_08925	IAFHMK_00660	72.2	334	92	1	1	334	1	333	7.23e-162	454
EABAIN_08925	AANGNE_02700	63.3	332	121	1	1	332	1	331	9.69e-141	401
EABAIN_08925	DNKGCI_03735	61.3	333	128	1	1	332	1	333	8.47e-140	399
EABAIN_08925	LBKFJK_00695	59.3	334	135	1	1	333	1	334	3.04e-135	387
EABAIN_08925	DDDLLA_06580	59.7	335	134	1	1	334	1	335	2.86e-133	382
EABAIN_08925	CNLKLD_06395	56.6	339	141	1	1	333	1	339	6.03e-129	371
EABAIN_08930	AAKGEC_12905	99.0	191	2	0	1	191	1	191	3.56e-133	370
EABAIN_08930	DIBOGN_03325	71.7	191	54	0	1	191	1	191	4.58e-95	274
EABAIN_08935	MCFIIO_06345	94.2	771	39	1	1	765	1	771	0.0	1280
EABAIN_08935	LBKFJK_00690	70.7	736	211	4	31	762	25	759	0.0	945
EABAIN_08935	AANGNE_02695	70.0	747	209	6	31	764	39	783	0.0	930
EABAIN_08935	CNLKLD_06400	67.7	752	206	8	31	759	37	774	0.0	900
EABAIN_08940	CEHFAN_00190	99.2	261	0	1	1	261	1	259	2.66e-185	508
EABAIN_08940	BNBIEO_01145	69.7	261	79	0	1	261	3	263	2.23e-132	374
EABAIN_08940	CNLKLD_06420	67.0	261	86	0	1	261	1	261	6.91e-131	370
EABAIN_08945	PPBJPA_04660	100	128	0	0	1	128	1	128	1.67e-82	237
EABAIN_08950	DNKGCI_03700	79.7	325	63	1	1	325	1	322	1.90e-183	508
EABAIN_08950	CPLMAE_13025	100	166	0	0	1	166	1	166	3.93e-115	329
EABAIN_08955	DNKGCI_03695	86.9	206	27	0	1	206	10	215	2.20e-126	355
EABAIN_08960	AHPAPB_04140	90.5	326	31	0	1	326	34	359	3.37e-213	585
EABAIN_08960	AANGNE_03420	72.1	330	88	1	1	326	2	331	6.07e-170	474
EABAIN_08960	CNLKLD_06445	63.6	327	116	2	1	324	1	327	1.01e-141	403
EABAIN_08970	ABCBPP_09015	100	199	0	0	1	199	1	199	3.95e-134	373
EABAIN_08970	HNNKEJ_06455	74.0	200	45	2	1	199	1	194	2.23e-93	270
EABAIN_08970	BNBIEO_08200	69.0	200	51	4	1	199	1	190	2.14e-83	244
EABAIN_08975	AANGNE_03525	77.7	319	71	0	1	319	17	335	1.31e-170	476
EABAIN_08975	BGHOFK_02895	69.0	319	99	0	1	319	1	319	1.55e-151	427
EABAIN_08975	ABCBPP_01065	36.3	314	184	3	1	313	1	299	8.63e-56	182
EABAIN_08975	CNLKLD_03430	35.6	315	187	2	1	314	1	300	9.64e-51	169
EABAIN_08975	IAFHMK_10000	35.4	314	185	4	1	312	1	298	7.70e-50	167
EABAIN_08975	DDDLLA_04255	34.0	318	192	5	1	316	1	302	1.55e-45	156
EABAIN_08980	OBFACL_04580	92.0	512	41	0	1	512	1	512	0.0	883
EABAIN_08980	IAFHMK_01040	73.4	512	131	2	4	512	6	515	8.25e-248	687
EABAIN_08980	CNLKLD_06350	70.1	505	151	0	4	508	11	515	1.24e-244	679
EABAIN_08980	DDDLLA_10785	67.2	516	161	2	1	512	1	512	2.66e-228	637
EABAIN_08980	LBKFJK_00650	67.6	513	164	2	1	512	1	512	5.91e-222	621
EABAIN_08980	DNKGCI_03675	65.6	517	169	3	1	512	1	513	2.41e-220	617
EABAIN_08980	DBFGIH_01400	63.8	511	182	3	3	511	5	514	7.31e-214	601
EABAIN_08995	ABCLFC_09270	90.4	104	10	0	1	104	1	104	1.50e-56	169
EABAIN_09000	AAKGEC_12835	97.8	277	6	0	1	277	1	277	2.55e-196	537
EABAIN_09000	KGIGEE_11565	66.4	277	4	1	1	277	1	188	1.14e-116	332
EABAIN_09000	HNNKEJ_11425	56.7	270	117	0	1	270	1	270	1.44e-109	317
EABAIN_09000	DNKGCI_04480	46.0	265	143	0	1	265	1	265	8.41e-85	254
EABAIN_09000	AAKGEC_08810	45.8	277	149	1	1	276	1	277	1.17e-73	226
EABAIN_09000	CHBPFB_09075	45.4	273	148	1	1	272	1	273	2.44e-72	223
EABAIN_09000	BGHOFK_02665	45.4	273	148	1	1	272	1	273	3.45e-72	222
EABAIN_09000	AAOIOD_01895	42.6	272	153	2	3	272	2	272	2.03e-68	213
EABAIN_09000	HNNKEJ_04685	39.5	271	164	0	1	271	1	271	5.26e-68	211
EABAIN_09000	IAFHMK_08125	41.5	272	158	1	1	271	1	272	7.15e-67	209
EABAIN_09000	BACFJJ_05370	40.3	268	160	0	5	272	8	275	1.96e-66	207
EABAIN_09000	ABJDJH_12310	39.9	271	163	0	1	271	10	280	3.53e-66	207
EABAIN_09000	BGHOFK_01525	41.1	263	155	0	3	265	3	265	1.44e-65	205
EABAIN_09000	KILFKA_08800	41.4	273	159	1	1	272	1	273	1.48e-65	205
EABAIN_09000	DNKGCI_05755	38.0	274	170	0	1	274	1	274	2.16e-65	205
EABAIN_09000	CCDPJE_02970	40.3	263	157	0	5	267	8	270	6.50e-64	201
EABAIN_09000	NOKDAP_02565	38.9	275	168	0	1	275	1	275	1.04e-63	201
EABAIN_09000	ACNHAK_08185	37.9	269	166	1	1	268	1	269	8.52e-63	198
EABAIN_09000	CDIIGJ_05245	37.3	268	168	0	1	268	1	268	1.97e-62	197
EABAIN_09000	BOCCFK_00470	37.5	269	168	0	1	269	1	269	4.82e-61	194
EABAIN_09000	ANILPM_05870	37.5	275	171	1	1	274	1	275	5.59e-60	191
EABAIN_09000	ABCLFC_07605	37.5	272	167	2	3	272	2	272	2.89e-59	190
EABAIN_09000	DBFGIH_02255	37.2	269	168	1	1	268	1	269	1.09e-58	188
EABAIN_09000	CNLKLD_01190	36.7	270	170	1	6	274	4	273	2.36e-58	187
EABAIN_09000	BEJELC_07700	36.7	270	170	1	5	273	4	273	5.94e-57	183
EABAIN_09005	HJMHNM_07235	81.1	233	43	1	3	235	1	232	5.17e-139	389
EABAIN_09005	DNKGCI_03670	68.5	254	71	2	3	248	30	282	4.96e-123	350
EABAIN_09005	CNLKLD_06460	70.5	234	66	1	5	235	4	237	1.33e-119	340
EABAIN_09005	IAFHMK_01045	67.4	239	72	2	3	236	1	238	3.56e-115	329
EABAIN_09010	AAKGEC_12825	99.3	901	6	0	1	901	1	901	0.0	1410
EABAIN_09010	MNCDBI_00620	98.7	839	11	0	63	901	323	1161	0.0	1283
EABAIN_09010	DBFGIH_07055	75.4	905	219	1	1	901	1	905	0.0	1022
EABAIN_09015	DDDLLA_10775	81.1	477	89	1	1	477	1	476	6.50e-302	821
EABAIN_09015	CNLKLD_06025	72.6	474	130	0	1	474	1	474	1.47e-272	746
EABAIN_09015	MNCDBI_00620	93.8	353	16	1	1	347	1	353	2.10e-238	685
EABAIN_09015	GEDPFN_03055	60.6	470	185	0	5	474	4	473	1.22e-224	625
EABAIN_09015	ACDDAG_07275	56.6	472	202	3	3	474	10	478	1.49e-202	569
EABAIN_09015	LBKFJK_04760	55.1	468	207	3	3	470	6	470	9.53e-193	544
EABAIN_09015	BDEBFB_07100	52.8	483	217	4	1	474	1	481	3.81e-182	518
EABAIN_09015	EJEPOM_07405	52.4	477	210	6	3	474	4	468	1.40e-176	503
EABAIN_09015	DAEIAJ_08645	52.6	479	217	5	1	474	1	474	3.02e-174	497
EABAIN_09015	FFEJFE_01165	50.6	484	226	6	3	476	6	486	8.53e-172	491
EABAIN_09015	DNKIME_04800	51.1	479	225	4	3	474	4	480	1.35e-169	486
EABAIN_09015	ANILPM_09555	50.1	487	224	5	3	474	7	489	1.83e-169	486
EABAIN_09015	AANGNE_08355	51.4	492	212	9	1	477	1	480	5.43e-169	484
EABAIN_09015	CDIIGJ_10515	49.7	513	209	7	1	474	1	503	1.86e-167	481
EABAIN_09015	DDDLLA_05595	48.7	478	230	6	3	471	5	476	1.76e-163	470
EABAIN_09015	AIKIDN_03085	47.5	484	239	6	3	474	4	484	3.77e-163	469
EABAIN_09015	KPGHOL_06290	46.7	482	244	3	1	475	1	476	1.70e-162	468
EABAIN_09015	ALNFEK_03480	49.8	484	218	7	3	471	9	482	2.31e-161	465
EABAIN_09015	HDKJGO_06115	48.5	480	237	5	3	474	8	485	3.38e-161	464
EABAIN_09015	IAFHMK_01915	49.0	473	221	6	3	470	8	465	1.10e-158	458
EABAIN_09015	PPBJPA_11480	46.5	495	230	7	3	474	10	492	7.60e-157	454
EABAIN_09015	NAGBDA_10950	49.2	484	230	8	3	474	6	485	1.21e-156	453
EABAIN_09015	AGFMFG_00740	40.2	483	271	6	3	474	9	484	2.55e-131	388
EABAIN_09015	GGNLNJ_07230	74.1	224	58	0	1	224	1	224	1.17e-123	359
EABAIN_09015	ACPHPF_05020	39.8	475	255	11	3	475	8	453	1.79e-115	347
EABAIN_09020	NCBCII_08825	98.9	88	1	0	1	88	35	122	1.68e-66	194
EABAIN_09020	CGMKCF_07735	98.9	88	1	0	1	88	1	88	4.11e-66	192
EABAIN_09025	AAKGEC_12810	99.5	580	3	0	1	580	1	580	0.0	1145
EABAIN_09025	OFBCLB_04270	70.2	581	172	1	1	580	1	581	2.33e-306	841
EABAIN_09025	AANGNE_02555	67.4	580	189	0	1	580	1	580	4.76e-296	815
EABAIN_09025	AAKGEC_09365	59.0	585	235	4	1	580	1	585	1.29e-245	687
EABAIN_09025	FHIFIE_02605	55.9	245	108	0	336	580	282	526	8.41e-86	276
EABAIN_09030	CGMKCF_07720	95.0	456	22	1	1	455	12	467	2.74e-302	820
EABAIN_09030	IAFHMK_01060	66.7	459	146	2	1	455	1	456	8.74e-210	586
EABAIN_09030	DNKGCI_03655	64.7	464	150	5	1	455	1	459	1.13e-196	553
EABAIN_09030	DDDLLA_10760	61.2	459	169	3	1	454	1	455	2.00e-193	545
EABAIN_09030	LBKFJK_00620	62.1	462	162	4	1	454	1	457	9.65e-193	543
EABAIN_09030	BNBIEO_04360	59.4	458	166	6	13	454	3	456	5.81e-179	508
EABAIN_09030	CNLKLD_05975	59.0	454	173	4	1	442	4	456	3.45e-178	506
EABAIN_09035	JDLPKP_04720	100	222	0	0	1	222	8	229	2.40e-157	434
EABAIN_09035	CEHAJH_00690	48.8	217	111	0	5	221	1	217	1.69e-74	224
EABAIN_09035	CNLKLD_03860	37.3	225	135	3	3	222	5	228	3.75e-49	160
EABAIN_09040	AAKGEC_12795	99.7	324	1	0	1	324	1	324	4.71e-227	619
EABAIN_09040	DBFGIH_05145	69.0	323	100	0	1	323	1	323	8.01e-158	444
EABAIN_09040	CNLKLD_07895	61.0	323	124	1	1	321	1	323	1.86e-131	377
EABAIN_09045	ELEKDE_01320	99.5	751	4	0	1	751	1	751	0.0	1515
EABAIN_09045	AANGNE_02530	73.0	753	200	3	1	751	1	752	0.0	1134
EABAIN_09045	CEHAJH_06470	57.9	751	303	6	4	742	1	750	1.81e-313	873
EABAIN_09045	HNNKEJ_13350	28.3	718	442	16	13	720	4	658	8.64e-84	279
EABAIN_09045	IAFHMK_08315	29.2	781	477	23	12	744	12	764	8.66e-84	281
EABAIN_09045	ABJDJH_08710	28.2	755	466	20	13	720	12	737	1.62e-82	278
EABAIN_09045	LBKFJK_09980	27.7	754	469	20	13	719	13	737	1.12e-80	273
EABAIN_09045	ACDDAG_05725	28.4	693	441	16	29	719	20	659	2.56e-80	270
EABAIN_09045	JAFLJO_08420	27.9	728	436	16	10	719	10	666	2.15e-79	267
EABAIN_09045	JAFLJO_08395	28.5	751	469	20	13	720	9	734	5.23e-79	268
EABAIN_09045	ACDDAG_05705	27.5	778	501	20	8	744	5	760	7.52e-79	268
EABAIN_09045	LBKFJK_09960	36.3	424	259	7	287	710	236	648	1.66e-78	265
EABAIN_09045	ABCBPP_02800	27.8	784	464	31	28	749	22	765	3.63e-58	211
EABAIN_09045	CDIIGJ_10580	27.0	784	487	28	13	742	6	758	1.11e-56	206
EABAIN_09045	DNKGCI_11095	27.2	787	488	30	13	743	5	762	1.36e-55	203
EABAIN_09045	DDKKPM_02795	26.2	759	488	24	13	742	3	718	3.24e-54	199
EABAIN_09045	DNKGCI_07125	26.5	788	492	29	13	743	5	762	4.01e-54	199
EABAIN_09045	OFBCLB_00565	26.7	798	486	31	8	742	1	762	5.51e-54	199
EABAIN_09045	HNNKEJ_13235	26.2	790	494	27	13	743	8	767	7.81e-54	198
EABAIN_09045	LBKFJK_04295	26.0	792	502	28	8	743	1	764	3.50e-53	196
EABAIN_09050	KGIGEE_11615	95.5	558	1	1	1	558	1	534	0.0	1085
EABAIN_09050	IAFHMK_01080	67.1	557	151	3	2	558	13	537	7.07e-289	794
EABAIN_09050	CNLKLD_07880	66.8	558	150	4	1	557	9	532	4.92e-286	786
EABAIN_09050	DNKGCI_03635	66.6	557	149	4	2	558	12	531	1.26e-285	785
EABAIN_09050	DDDLLA_10870	66.8	557	153	3	2	558	12	536	6.52e-282	776
EABAIN_09050	GNOKMM_03575	66.7	559	152	3	1	558	9	534	1.44e-281	776
EABAIN_09050	AJCMKJ_07250	41.5	535	264	12	4	516	12	519	2.48e-134	401
EABAIN_09050	ABIMCM_02650	40.5	523	249	14	2	506	10	488	7.89e-132	394
EABAIN_09050	LIKPGP_10220	39.6	556	287	12	2	533	13	543	4.66e-129	388
EABAIN_09050	AAKGEC_12770	40.7	526	250	15	2	508	20	502	1.00e-127	384
EABAIN_09050	JIGPNC_02680	38.8	528	261	13	1	508	9	494	1.56e-127	383
EABAIN_09050	JCMPCJ_07655	39.3	545	257	15	4	521	11	508	1.57e-120	365
EABAIN_09050	HNNKEJ_02595	39.2	526	247	14	4	506	11	486	1.00e-117	358
EABAIN_09050	BGHOFK_04660	35.4	528	289	12	4	512	9	503	1.09e-102	319
EABAIN_09050	BMKIOK_06255	35.5	546	297	16	4	531	9	517	6.04e-101	315
EABAIN_09050	IAFHMK_05665	35.9	518	280	15	4	503	9	492	4.23e-99	310
EABAIN_09050	CNLKLD_00630	34.6	526	293	14	4	511	10	502	1.41e-96	303
EABAIN_09050	BAFONJ_09485	36.0	522	268	15	2	511	7	474	1.69e-92	291
EABAIN_09050	HNNKEJ_01955	37.8	378	207	10	2	372	7	363	5.19e-80	259
EABAIN_09050	DNKGCI_03630	31.5	375	205	13	4	363	50	387	7.78e-48	174
EABAIN_09050	LBKFJK_00595	31.0	378	203	13	4	363	52	389	5.54e-47	171
EABAIN_09050	ENIHOO_08500	29.9	384	199	14	4	363	49	386	5.02e-43	160
EABAIN_09050	DFCDFN_04065	28.7	383	206	13	4	363	52	390	1.98e-41	156
EABAIN_09055	ENIHOO_08500	99.6	524	2	0	1	524	1	524	0.0	1025
EABAIN_09055	DNKGCI_03630	69.1	524	155	3	2	524	5	522	3.71e-262	724
EABAIN_09055	LBKFJK_00595	68.3	523	162	2	2	524	6	524	1.62e-261	723
EABAIN_09055	DFCDFN_04065	68.1	529	163	4	1	524	1	528	3.21e-255	707
EABAIN_09055	DDDLLA_10865	67.1	526	165	3	2	524	4	524	1.07e-252	700
EABAIN_09055	JIGPNC_02680	28.4	496	279	14	49	480	12	495	1.55e-51	183
EABAIN_09055	HNNKEJ_02595	34.0	362	182	13	49	376	11	349	3.50e-49	177
EABAIN_09055	JCMPCJ_07655	31.5	451	233	15	49	439	11	445	5.09e-49	176
EABAIN_09055	ABIMCM_02650	31.9	360	193	10	49	376	12	351	2.40e-48	174
EABAIN_09055	AAKGEC_12770	27.4	511	263	15	49	480	22	503	4.06e-47	171
EABAIN_09055	LIKPGP_10220	26.3	533	277	17	49	486	15	526	5.87e-47	171
EABAIN_09055	BGHOFK_04660	30.5	364	205	8	49	375	9	361	2.30e-44	164
EABAIN_09055	GNOKMM_03575	27.7	505	269	19	49	479	12	494	1.35e-43	162
EABAIN_09055	KGIGEE_11615	29.1	385	201	13	49	386	4	363	3.35e-41	155
EABAIN_09060	HNNKEJ_06515	75.0	200	50	0	2	201	3	202	6.71e-95	274
EABAIN_09060	LBKFJK_00590	63.0	200	74	0	1	200	1	200	1.68e-81	240
EABAIN_09060	KEMHDF_07140	43.9	196	110	0	3	198	6	201	2.55e-55	174
EABAIN_09060	IAFHMK_07725	40.6	197	117	0	3	199	6	202	1.19e-50	162
EABAIN_09065	AAKGEC_12770	99.3	541	4	0	1	541	1	541	0.0	1118
EABAIN_09065	ABIMCM_02650	71.5	530	147	2	11	540	1	526	5.51e-295	808
EABAIN_09065	JIGPNC_02680	65.0	532	179	3	11	540	1	527	4.89e-267	738
EABAIN_09065	JCMPCJ_07655	58.5	530	212	3	14	541	3	526	2.38e-233	652
EABAIN_09065	HNNKEJ_02595	58.6	532	211	4	13	541	2	527	8.14e-231	645
EABAIN_09065	LIKPGP_10220	47.9	560	259	10	10	537	3	561	3.60e-179	516
EABAIN_09065	AJCMKJ_07250	45.7	552	268	10	11	536	1	546	2.09e-172	498
EABAIN_09065	CNLKLD_00630	44.8	504	253	9	16	502	4	499	1.16e-149	439
EABAIN_09065	BGHOFK_04660	42.2	538	280	12	20	537	7	533	9.20e-143	422
EABAIN_09065	BMKIOK_06255	42.0	519	272	11	20	518	7	516	1.38e-141	419
EABAIN_09065	GNOKMM_03575	42.5	508	254	11	11	498	1	490	6.08e-141	417
EABAIN_09065	IAFHMK_05665	42.7	504	264	10	20	506	7	502	3.55e-140	415
EABAIN_09065	DNKGCI_03635	39.9	542	285	14	13	534	5	525	3.75e-138	410
EABAIN_09065	IAFHMK_01080	39.9	547	283	15	13	534	6	531	1.30e-134	401
EABAIN_09065	KGIGEE_11615	41.4	503	255	14	20	502	2	484	2.61e-130	390
EABAIN_09065	CNLKLD_07880	40.7	511	263	14	11	500	1	492	8.54e-129	386
EABAIN_09065	DDDLLA_10870	39.3	527	277	13	9	513	1	506	1.57e-126	380
EABAIN_09065	BAFONJ_09485	36.5	515	272	13	15	513	2	477	1.24e-101	315
EABAIN_09065	HNNKEJ_01955	34.3	527	272	15	15	521	2	474	4.45e-93	292
EABAIN_09065	CNLKLD_07870	52.4	185	77	4	357	541	24	197	6.22e-59	194
EABAIN_09065	LBKFJK_00595	27.7	505	268	13	22	504	52	481	8.58e-49	176
EABAIN_09065	DFCDFN_04065	28.7	506	256	19	22	499	52	480	2.42e-48	175
EABAIN_09065	ENIHOO_08500	27.4	511	263	15	22	503	49	480	7.28e-48	174
EABAIN_09065	DNKGCI_03630	27.1	498	276	17	22	502	50	477	7.59e-47	171
EABAIN_09070	LBKFJK_00575	75.7	584	138	2	1	584	1	580	0.0	951
EABAIN_09070	BNBIEO_04325	68.0	584	187	0	1	584	1	584	5.84e-318	870
EABAIN_09070	CNLKLD_07865	63.5	598	204	4	1	584	1	598	1.20e-285	789
EABAIN_09070	PAGFJI_09190	99.6	274	1	0	1	274	1	274	1.57e-204	570
EABAIN_09070	IAFHMK_03385	34.3	458	231	16	76	496	77	501	5.56e-69	233
EABAIN_09070	CNLKLD_04495	33.2	449	240	14	137	548	125	550	1.09e-67	230
EABAIN_09070	BGHOFK_08865	30.4	542	299	19	76	577	77	580	2.95e-67	229
EABAIN_09070	HNNKEJ_00765	31.7	526	287	17	14	501	15	506	1.11e-66	227
EABAIN_09070	DNKGCI_03385	31.2	475	256	15	136	567	124	570	1.12e-64	222
EABAIN_09070	AAKGEC_11510	34.0	435	225	16	95	496	96	501	3.00e-64	221
EABAIN_09070	DDKKPM_05595	32.7	453	245	14	76	496	93	517	6.16e-63	218
EABAIN_09075	ABNNBP_04770	82.4	409	71	1	1	408	1	409	5.05e-230	633
EABAIN_09075	CMMBIF_10020	60.0	408	163	0	1	408	1	408	1.69e-171	485
EABAIN_09075	IAFHMK_01110	58.0	407	165	1	1	407	1	401	6.61e-163	463
EABAIN_09075	DNKGCI_03605	47.8	427	201	6	1	408	1	424	1.42e-119	353
EABAIN_09075	EJHBKF_09050	48.3	412	206	4	1	408	1	409	7.07e-119	351
EABAIN_09075	DDDLLA_10845	45.5	413	217	5	1	408	1	410	2.16e-115	342
EABAIN_09075	AANGNE_02515	43.9	410	224	4	1	407	1	407	1.49e-112	335
EABAIN_09075	NEBMPO_07930	56.4	165	71	1	1	164	1	165	5.57e-46	157
EABAIN_09080	AAKGEC_12755	95.0	460	23	0	1	460	1	460	1.07e-310	842
EABAIN_09080	AANGNE_02510	63.4	437	156	2	25	460	16	449	9.21e-190	535
EABAIN_09080	DNKGCI_03600	63.9	440	152	3	25	460	15	451	1.24e-185	525
EABAIN_09080	ABCBPP_09140	62.3	440	159	3	25	460	16	452	1.04e-184	522
EABAIN_09080	DDDLLA_10840	61.8	440	161	4	25	460	16	452	6.96e-181	513
EABAIN_09085	AAKGEC_12750	100	288	0	0	1	288	1	288	4.03e-194	532
EABAIN_09085	DNKGCI_03595	68.5	289	86	3	1	288	1	285	1.18e-132	377
EABAIN_09085	DDDLLA_10835	62.8	288	103	2	1	288	1	284	9.70e-127	362
EABAIN_09085	AANGNE_02505	66.0	288	94	2	1	288	1	284	3.93e-126	360
EABAIN_09085	KABOBF_06470	58.6	169	67	2	2	169	2	168	7.06e-63	195
EABAIN_09090	ABJDJH_01510	92.2	217	17	0	1	217	1	217	3.55e-139	387
EABAIN_09090	BIHALF_02355	72.4	217	60	0	1	217	1	217	1.03e-115	328
EABAIN_09090	CMMAPM_01900	61.3	212	82	0	6	217	4	215	2.75e-94	274
EABAIN_09090	AEMMAL_02690	58.7	206	85	0	3	208	1	206	9.57e-86	252
EABAIN_09090	PLCKHO_04295	52.8	212	99	1	6	217	4	214	1.03e-79	237
EABAIN_09090	HMJMNM_01800	51.7	201	96	1	6	206	4	203	6.06e-64	197
EABAIN_09095	CEFGEI_07380	75.3	304	37	2	1	266	1	304	2.82e-128	369
EABAIN_09095	FGEEDJ_00630	60.4	285	37	2	135	343	128	412	2.89e-83	258
EABAIN_09095	NBOKNL_06705	85.5	166	21	1	181	343	427	592	8.86e-76	243
EABAIN_09095	AKOOIJ_10735	96.9	127	4	0	217	343	336	462	8.99e-68	219
EABAIN_09105	AIKIDN_12195	100	103	0	0	1	103	1	103	5.94e-67	196
EABAIN_09115	ABJDJH_01490	97.5	157	4	0	1	157	1	157	1.45e-95	272
EABAIN_09120	AAKGEC_12745	99.1	331	3	0	1	331	1	331	1.17e-235	641
EABAIN_09120	DDKKPM_01255	52.2	335	146	3	1	331	1	325	1.35e-113	332
EABAIN_09120	EPOEKF_01890	51.6	335	146	4	1	331	1	323	3.45e-106	313
EABAIN_09125	AAKGEC_12740	95.5	314	14	0	1	314	1	314	6.55e-213	582
EABAIN_09125	EIKFFD_09070	43.5	308	169	2	3	308	2	306	7.38e-79	242
EABAIN_09125	IAFHMK_01255	35.1	325	176	9	3	293	2	325	1.29e-45	157
EABAIN_09130	AAKGEC_12735	98.4	185	3	0	1	185	1	185	1.24e-121	340
EABAIN_09130	BJLDLK_05530	70.9	182	53	0	4	185	6	187	1.68e-85	249
EABAIN_09135	AAKGEC_12730	100	178	0	0	1	178	1	178	2.54e-122	342
EABAIN_09135	BGHOFK_08280	57.1	163	70	0	13	175	14	176	5.29e-69	207
EABAIN_09135	AAKGEC_12705	60.3	156	62	0	13	168	14	169	7.50e-69	206
EABAIN_09140	ANFPEE_04720	96.7	91	3	0	1	91	1	91	4.11e-55	165
EABAIN_09145	AAKGEC_12720	99.3	269	2	0	1	269	1	269	3.11e-193	528
EABAIN_09150	AAKGEC_12715	100	100	0	0	1	100	1	100	8.55e-70	202
EABAIN_09155	FIHDIM_10600	92.6	391	29	0	1	391	1	391	1.29e-272	739
EABAIN_09155	LBKFJK_01475	69.5	390	119	0	1	390	1	390	1.29e-207	575
EABAIN_09155	CNLKLD_02640	42.6	352	187	8	4	351	3	343	8.36e-74	233
EABAIN_09155	OFBCLB_03985	40.6	357	198	6	1	352	1	348	2.97e-72	230
EABAIN_09155	IAFHMK_01900	41.5	349	185	8	9	351	8	343	1.77e-69	222
EABAIN_09155	BGHOFK_07510	39.9	336	185	8	5	335	3	326	3.32e-62	203
EABAIN_09160	AAKGEC_12705	100	179	0	0	1	179	1	179	5.80e-133	369
EABAIN_09160	BGHOFK_08280	70.7	164	48	0	13	176	13	176	3.91e-90	260
EABAIN_09160	AAKGEC_12730	60.3	156	62	0	14	169	13	168	1.31e-69	208
EABAIN_09160	NEHKFL_04480	65.0	143	49	1	31	173	1	142	5.38e-61	185
EABAIN_09160	AJCMKJ_04250	46.2	158	80	2	11	168	1	153	1.34e-47	152
EABAIN_09170	BGCJLL_02140	99.1	211	2	0	1	211	1	211	3.52e-136	380
EABAIN_09170	BDMBBJ_08710	66.2	213	72	0	1	213	1	213	4.21e-92	268
EABAIN_09175	AAKGEC_12690	99.5	382	2	0	1	382	1	382	1.25e-274	744
EABAIN_09175	EGEBJK_04575	99.0	98	1	0	1	98	1	98	9.14e-60	189
EABAIN_09175	HPKJMF_05310	35.1	302	168	8	19	308	18	303	1.05e-42	150
EABAIN_09180	DBFDDP_08025	98.5	265	4	0	1	265	1	265	6.42e-182	499
EABAIN_09180	IAFHMK_06375	42.4	217	120	2	25	241	26	237	7.28e-58	184
EABAIN_09185	AAKGEC_12680	99.7	585	2	0	1	585	1	585	0.0	1140
EABAIN_09190	KJCAIL_14000	90.2	315	1	1	1	315	1	285	2.96e-196	539
EABAIN_09190	AAKGEC_10415	70.1	314	94	0	1	314	1	314	5.70e-157	441
EABAIN_09190	CPACNB_01780	64.3	314	77	1	1	314	1	279	3.06e-134	382
EABAIN_09190	ABCLFC_11260	69.7	188	57	0	1	188	1	188	1.63e-90	268
EABAIN_09190	AGDPFD_07460	44.9	312	160	6	3	312	6	307	9.26e-78	239
EABAIN_09190	ABCLFC_11255	72.2	126	35	0	189	314	9	134	4.13e-54	172
EABAIN_09195	AAKGEC_12670	99.7	366	1	0	1	366	1	366	8.18e-281	758
EABAIN_09200	LILODB_11715	99.1	449	2	1	1	449	1	447	2.39e-316	855
EABAIN_09205	EPKBNI_09765	96.8	344	7	1	1	340	1	344	9.31e-243	660
EABAIN_09205	AANGNE_00510	34.2	325	186	7	7	309	13	331	5.47e-46	159
EABAIN_09205	DPMHNO_00485	31.7	322	196	6	7	309	5	321	2.06e-43	152
EABAIN_09210	AAKGEC_12655	99.7	328	1	0	1	328	1	328	3.19e-227	619
EABAIN_09210	HNNKEJ_10705	69.7	327	95	2	1	324	1	326	1.46e-154	436
EABAIN_09215	AAKGEC_12650	99.6	467	2	0	1	467	1	467	9.36e-274	749
EABAIN_09215	IAFHMK_01125	62.7	466	162	3	3	467	1	455	2.27e-186	527
EABAIN_09215	FMBBOG_06420	63.4	476	149	4	3	467	1	462	2.76e-179	509
EABAIN_09215	LBKFJK_00555	58.8	469	186	5	3	467	1	466	2.58e-178	507
EABAIN_09215	OFBCLB_04205	61.6	469	167	2	3	467	1	460	1.96e-176	502
EABAIN_09215	DNKGCI_03550	65.1	470	156	2	3	467	1	467	1.01e-175	500
EABAIN_09215	CNLKLD_07850	62.7	467	167	5	3	466	1	463	2.43e-168	481
EABAIN_09215	AANGNE_02500	63.3	466	160	6	3	467	1	456	5.61e-160	460
EABAIN_09220	DFCDFN_04020	77.6	219	49	0	1	219	1	219	5.16e-116	329
EABAIN_09220	CNLKLD_07845	66.4	220	74	0	1	220	1	220	1.16e-97	283
EABAIN_09225	AAKGEC_12640	97.7	172	3	1	1	171	1	172	6.73e-92	264
EABAIN_09225	HNNKEJ_06560	74.9	171	41	1	1	171	1	169	3.72e-65	196
EABAIN_09225	CDIIGJ_05440	75.6	176	38	1	1	171	1	176	2.18e-63	192
EABAIN_09225	AGINCK_00560	59.1	171	67	1	1	171	1	168	4.39e-54	168
EABAIN_09225	GNPDOB_05465	58.5	171	65	2	1	171	1	165	2.29e-53	166
EABAIN_09225	IAFHMK_01135	62.0	171	59	1	1	171	1	165	6.58e-48	152
EABAIN_09230	CNLKLD_07830	86.3	329	44	1	1	329	1	328	4.19e-198	546
EABAIN_09230	DDDLLA_02110	55.7	332	133	5	1	326	5	328	6.12e-123	355
EABAIN_09235	AANGNE_02460	76.4	267	62	1	4	270	2	267	1.10e-133	378
EABAIN_09235	CDIIGJ_05450	64.5	265	93	1	6	270	4	267	1.42e-110	319
EABAIN_09235	CFLCIE_01495	58.6	273	103	4	6	270	4	274	3.08e-99	291
EABAIN_09235	BEGLKA_02150	97.2	107	3	0	164	270	1	107	8.02e-63	192
EABAIN_09240	AAKGEC_12625	100	307	0	0	1	307	1	307	1.92e-222	605
EABAIN_09240	CDIIGJ_05455	71.3	307	84	2	1	307	1	303	1.06e-156	439
EABAIN_09240	DNKGCI_03525	71.9	306	82	2	5	306	7	312	1.12e-151	427
EABAIN_09240	DFCDFN_04000	61.5	343	88	4	2	300	4	346	4.09e-135	386
EABAIN_09240	CFLCIE_01500	63.5	301	102	4	5	302	4	299	1.28e-129	370
EABAIN_09240	AANGNE_02455	80.4	224	43	1	2	224	4	227	3.17e-125	362
EABAIN_09240	AANGNE_07355	32.5	295	154	5	8	301	18	268	1.11e-46	158
EABAIN_09245	DKIIMI_08950	99.2	126	1	0	1	126	1	126	2.08e-87	249
EABAIN_09245	AANGNE_02450	66.7	126	42	0	1	126	1	126	1.13e-57	174
EABAIN_09245	DNKGCI_03520	61.2	129	47	1	1	126	9	137	2.60e-54	166
EABAIN_09245	HNNKEJ_06580	62.7	126	47	0	1	126	1	126	2.69e-54	166
EABAIN_09250	EKJHIG_08755	99.1	226	2	0	1	226	1	226	4.92e-150	416
EABAIN_09250	BNBIEO_04260	71.1	211	61	0	1	211	1	211	3.18e-102	295
EABAIN_09250	BEGLKA_09505	64.3	210	75	0	1	210	1	210	1.82e-93	273
EABAIN_09250	IAFHMK_01170	59.7	211	85	0	1	211	1	211	6.01e-81	241
EABAIN_09250	DDDLLA_07900	59.2	211	86	0	1	211	16	226	6.49e-81	241
EABAIN_09250	BKMMEC_03620	60.1	138	55	0	78	215	1	138	2.47e-55	173
EABAIN_09255	FGPNLL_09215	86.2	123	17	0	1	123	3	125	1.53e-72	211
EABAIN_09255	BGHOFK_03040	63.9	119	43	0	5	123	9	127	1.26e-51	159
EABAIN_09260	DDDLLA_07905	77.5	422	94	1	1	422	1	421	1.12e-231	639
EABAIN_09265	AAKGEC_12600	99.1	324	3	0	1	324	1	324	2.80e-244	662
EABAIN_09265	ACPHPF_03990	95.1	288	14	0	1	288	1	288	1.56e-206	572
EABAIN_09265	JAFLJO_02935	70.1	345	82	1	1	324	174	518	2.05e-176	498
EABAIN_09265	DNKGCI_03495	69.6	345	84	1	1	324	1	345	5.35e-176	490
EABAIN_09265	OFBCLB_07415	63.9	324	117	0	1	324	1	324	1.58e-151	427
EABAIN_09265	AGDPFD_08205	61.7	324	123	1	1	324	20	342	3.18e-141	402
EABAIN_09270	ABCLFC_09420	94.7	188	10	0	1	188	1	188	4.61e-129	360
EABAIN_09270	ACPHPF_03990	94.8	155	8	0	34	188	287	441	1.66e-100	296
EABAIN_09270	BGHOFK_03055	71.8	188	53	0	1	188	1	188	1.57e-96	277
EABAIN_09270	HNNKEJ_02715	48.9	182	90	1	1	179	1	182	9.28e-53	166
EABAIN_09275	PMFGFO_03920	100	216	0	0	1	216	1	216	1.58e-147	409
EABAIN_09280	AAKGEC_12585	100	253	0	0	1	253	1	253	4.06e-181	496
EABAIN_09280	AAKGEC_12580	59.7	253	101	1	2	253	17	269	6.68e-105	304
EABAIN_09280	AAKGEC_12175	37.1	248	145	5	4	249	3	241	4.22e-48	159
EABAIN_09285	AAKGEC_12580	100	269	0	0	1	269	1	269	2.66e-194	531
EABAIN_09285	AAKGEC_12585	59.7	253	101	1	17	269	2	253	8.22e-104	301
EABAIN_09285	AAKGEC_12175	36.7	237	139	4	31	265	14	241	4.93e-48	159
EABAIN_09290	DFCDFN_03955	91.0	299	25	1	1	297	1	299	9.42e-182	502
EABAIN_09295	AAKGEC_12570	100	307	0	0	1	307	1	307	1.66e-207	568
EABAIN_09300	CDIIGJ_05510	88.3	274	32	0	1	274	10	283	1.18e-172	477
EABAIN_09300	ACDDAG_06930	71.1	273	79	0	2	274	11	283	5.83e-136	384
EABAIN_09300	CNLKLD_05960	64.4	284	87	2	1	270	11	294	2.63e-121	348
EABAIN_09300	CPLMAE_13345	64.4	160	56	1	114	272	1	160	4.04e-69	210
EABAIN_09300	FLCEDE_06845	57.4	148	49	1	1	134	10	157	3.58e-51	165
EABAIN_09305	CNLKLD_05960	76.4	297	68	1	2	298	3	297	1.28e-151	426
EABAIN_09305	CDIIGJ_05510	61.4	298	97	3	1	297	1	281	3.50e-122	350
EABAIN_09305	ACDDAG_06930	60.1	296	102	2	1	296	1	280	7.68e-119	342
EABAIN_09305	CPLMAE_13345	99.4	161	1	0	138	298	1	161	1.19e-110	317
EABAIN_09305	FLCEDE_06845	73.4	158	41	1	1	158	1	157	1.72e-68	210
EABAIN_09305	FLCEDE_06840	72.4	127	35	0	172	298	1	127	7.95e-59	184
EABAIN_09310	AAKGEC_12555	100	155	0	0	1	155	1	155	1.87e-106	300
EABAIN_09315	ABCLFC_09475	78.3	184	40	0	1	184	1	184	2.70e-105	299
EABAIN_09315	AGKELP_00270	84.9	185	1	1	1	185	1	158	5.72e-105	297
EABAIN_09315	CDIIGJ_05525	70.1	184	55	0	1	184	1	184	6.14e-95	273
EABAIN_09315	CMMBIF_09905	68.5	184	58	0	1	184	1	184	1.33e-91	265
EABAIN_09315	HNNKEJ_09530	62.6	182	65	1	1	182	1	179	1.91e-76	226
EABAIN_09315	IAFHMK_08040	58.2	184	74	1	1	184	1	181	6.33e-75	222
EABAIN_09315	DNKGCI_09040	57.6	184	75	1	1	184	1	181	5.58e-72	215
EABAIN_09320	CDIIGJ_05530	89.7	873	87	2	1	871	1	872	0.0	1536
EABAIN_09325	BCFLNJ_06485	87.0	308	39	1	1	308	1	307	1.71e-168	469
EABAIN_09325	DNKGCI_03440	70.5	308	86	3	1	306	1	305	1.85e-132	378
EABAIN_09325	BEIAAA_04365	58.2	304	124	1	1	304	18	318	1.57e-107	315
EABAIN_09325	BDEBFB_10180	61.0	308	79	3	1	305	1	270	2.83e-106	310
EABAIN_09325	CNLKLD_00110	56.2	306	130	2	1	306	1	302	7.43e-100	295
EABAIN_09325	DBFGIH_10165	48.3	296	146	3	8	303	8	296	5.87e-79	241
EABAIN_09330	DNKGCI_03435	77.3	233	42	1	4	225	8	240	1.78e-123	349
EABAIN_09330	IAFHMK_01235	73.2	224	60	0	4	227	8	231	1.15e-115	329
EABAIN_09330	ALLEOD_04000	89.0	145	16	0	1	145	1	145	2.01e-89	259
EABAIN_09335	AAKGEC_12530	99.2	601	5	0	1	601	1	601	0.0	1164
EABAIN_09335	EIKFFD_03850	73.6	602	156	3	1	601	1	600	0.0	884
EABAIN_09335	DNKGCI_03430	68.9	601	187	0	1	601	1	601	2.21e-305	840
EABAIN_09335	CNLKLD_00120	67.2	603	194	2	1	600	1	602	2.47e-286	792
EABAIN_09335	FMBBOG_01950	73.6	440	116	0	1	440	1	440	7.88e-228	637
EABAIN_09335	EAKCFB_12480	98.6	221	3	0	1	221	1	221	1.39e-142	418
EABAIN_09340	EHLNLG_07885	87.2	329	42	0	1	329	1	329	4.24e-217	594
EABAIN_09340	HNNKEJ_06685	64.2	321	115	0	1	321	1	321	1.31e-155	438
EABAIN_09340	CDIIGJ_05550	61.7	329	126	0	1	329	23	351	2.81e-146	416
EABAIN_09340	IAFHMK_01245	60.6	317	125	0	1	317	1	317	5.55e-144	409
EABAIN_09340	FHONGL_09935	76.1	238	57	0	89	326	1	238	1.11e-132	377
EABAIN_09340	DHALJH_08185	55.6	324	144	0	1	324	1	324	4.74e-128	368
EABAIN_09340	EIKFFD_03855	53.3	330	151	2	1	329	1	328	1.52e-119	347
EABAIN_09340	AANGNE_02355	50.6	328	160	1	1	328	1	326	1.95e-117	342
EABAIN_09340	BNBIEO_03120	50.2	321	158	1	1	321	10	328	5.27e-112	328
EABAIN_09340	DDDLLA_07980	51.6	320	149	4	1	317	1	317	1.62e-110	323
EABAIN_09340	JAFLJO_03000	51.2	291	138	2	35	321	1	291	1.55e-102	302
EABAIN_09340	LBKFJK_00415	48.7	337	157	7	1	326	13	344	6.02e-102	303
EABAIN_09340	CNLKLD_00125	46.6	328	165	6	1	325	1	321	2.79e-97	290
EABAIN_09340	BCFLNJ_14400	80.5	149	22	2	184	329	1	145	2.13e-73	223
EABAIN_09340	DNKGCI_03425	61.4	145	56	0	1	145	1	145	7.03e-60	189
EABAIN_09345	EBGJEB_11835	87.4	357	45	0	1	357	1	357	2.95e-219	603
EABAIN_09345	HNNKEJ_06690	73.0	356	95	1	6	361	7	361	3.47e-183	511
EABAIN_09345	BNBIEO_03960	63.4	361	127	2	2	358	4	363	2.64e-155	440
EABAIN_09345	DDDLLA_07985	60.0	360	132	4	5	354	4	361	6.29e-140	401
EABAIN_09345	IAFHMK_01250	61.2	358	124	6	15	360	14	368	4.16e-138	397
EABAIN_09345	LBKFJK_00410	57.6	363	140	4	4	354	3	363	4.34e-135	389
EABAIN_09345	DNKGCI_03420	58.2	349	134	5	15	352	10	357	1.24e-133	385
EABAIN_09345	AANGNE_02350	56.7	337	136	4	22	350	20	354	1.70e-124	362
EABAIN_09345	CNLKLD_00130	55.1	345	145	3	15	351	13	355	1.43e-120	352
EABAIN_09345	NEHKFL_08280	51.4	352	157	6	1	344	1	346	1.55e-106	316
EABAIN_09350	KFHBHO_02885	96.8	280	9	0	1	280	1	280	2.07e-197	540
EABAIN_09350	CDIIGJ_05560	73.6	280	74	0	3	282	2	281	8.17e-154	430
EABAIN_09350	JAFLJO_06505	63.5	244	87	1	39	282	47	288	7.27e-114	329
EABAIN_09350	OFBCLB_09900	62.8	247	90	1	36	282	43	287	3.29e-112	325
EABAIN_09350	LBKFJK_01720	60.8	245	94	1	38	282	50	292	4.89e-108	314
EABAIN_09350	CNLKLD_06300	55.2	259	111	2	27	282	31	287	5.57e-101	296
EABAIN_09350	DDKKPM_03305	39.8	266	155	3	22	282	17	282	8.69e-68	211
EABAIN_09350	AJCMKJ_07645	41.0	261	152	2	22	281	49	308	1.46e-67	212
EABAIN_09350	AGINCK_10145	43.0	244	137	2	39	281	76	318	2.75e-67	211
EABAIN_09350	ELEKDE_03530	42.4	245	139	2	39	282	61	304	1.13e-65	207
EABAIN_09350	KGIGEE_01580	41.4	244	141	2	39	281	87	329	3.77e-64	204
EABAIN_09350	IAFHMK_08600	43.3	245	136	2	39	281	62	305	3.02e-63	201
EABAIN_09350	AAKGEC_10130	41.4	244	141	2	39	281	86	328	5.12e-61	196
EABAIN_09350	AANGNE_04830	39.3	247	146	2	39	281	64	310	3.88e-59	190
EABAIN_09350	BGHOFK_07330	39.5	258	150	4	28	281	49	304	4.09e-58	187
EABAIN_09350	CGMKCF_08380	40.2	244	143	3	39	281	2	243	2.00e-57	184
EABAIN_09350	LBKFJK_01930	38.0	242	148	2	41	281	65	305	1.21e-49	166
EABAIN_09350	JAFLJO_02365	37.7	244	149	3	39	281	66	307	2.19e-46	157
EABAIN_09355	AAKGEC_12510	99.8	473	1	0	1	473	1	473	0.0	872
EABAIN_09360	BGHOFK_03150	89.6	278	29	0	1	278	1	278	1.82e-186	512
EABAIN_09360	CNLKLD_00140	71.3	272	73	2	7	274	5	275	1.02e-140	396
EABAIN_09365	AAKGEC_12500	99.2	256	2	0	1	256	1	256	5.80e-187	511
EABAIN_09370	LKBOJM_07645	99.6	490	1	1	1	490	1	489	0.0	967
EABAIN_09375	AAKGEC_12490	99.6	227	1	0	1	227	1	227	7.31e-162	446
EABAIN_09375	CNLKLD_00160	71.1	228	65	1	1	227	1	228	1.06e-113	324
EABAIN_09375	DDDLLA_08020	63.0	227	82	1	1	227	1	225	6.66e-100	289
EABAIN_09380	BGHOFK_03155	90.7	236	22	0	1	236	1	236	9.49e-145	403
EABAIN_09380	IAFHMK_01270	69.7	238	69	2	1	237	1	236	6.43e-103	297
EABAIN_09380	LBKFJK_00390	71.1	235	65	2	4	237	1	233	1.17e-102	296
EABAIN_09380	CNLKLD_00175	67.4	233	74	1	5	237	3	233	1.72e-97	283
EABAIN_09380	CJHCCN_05150	52.6	234	109	1	6	237	2	235	1.62e-76	230
EABAIN_09390	AIKIDN_12480	100	177	0	0	1	177	1	177	5.59e-130	361
EABAIN_09390	JHJJPE_08400	50.3	175	85	2	1	174	1	174	1.56e-57	177
EABAIN_09390	JKADEJ_07555	54.2	153	68	2	24	174	19	171	1.08e-54	170
EABAIN_09395	AIKIDN_12485	100	162	0	0	1	162	1	162	1.40e-118	331
EABAIN_09395	DICHKL_08645	69.1	162	50	0	1	162	1	162	7.30e-80	233
EABAIN_09400	AAKGEC_06855	100	97	0	0	1	97	1	97	4.86e-61	180
EABAIN_09410	AIKIDN_11650	83.9	168	27	0	1	168	1	168	3.08e-100	285
EABAIN_09415	AIKIDN_12505	100	86	0	0	1	86	1	86	1.40e-58	176
EABAIN_09425	BEGLKA_03835	94.7	190	10	0	1	190	1	190	2.66e-121	340
EABAIN_09440	ABCBPP_10835	96.6	565	19	0	1	565	1	565	0.0	1085
EABAIN_09440	IAFHMK_02180	58.7	559	225	4	9	563	14	570	1.72e-230	647
EABAIN_09440	AAOIOD_06240	54.8	568	248	7	1	563	1	564	7.93e-214	605
EABAIN_09440	BOCCFK_05260	52.6	559	255	8	11	563	28	582	8.94e-188	539
EABAIN_09440	BPNNAG_03705	50.8	559	262	8	10	563	36	586	4.58e-182	525
EABAIN_09440	FJKEHD_04940	50.4	559	258	8	13	563	33	580	1.90e-175	508
EABAIN_09440	AGKELP_04055	48.1	553	281	5	10	561	3	550	6.41e-168	488
EABAIN_09440	ACDDAG_02955	45.6	563	288	9	11	561	28	584	5.39e-156	458
EABAIN_09440	LACCIH_05975	48.2	544	236	10	23	563	10	510	3.37e-151	443
EABAIN_09440	ANILPM_04615	45.2	546	253	9	21	563	3	505	1.08e-145	429
EABAIN_09440	OFBCLB_05705	37.0	438	250	11	71	504	54	469	1.67e-74	245
EABAIN_09445	ABCBPP_10840	93.3	89	6	0	1	89	1	89	1.65e-53	160
EABAIN_09455	ACIHME_05230	98.7	79	1	0	2	80	14	92	3.18e-50	152
EABAIN_09465	BFGFFC_03410	98.2	220	4	0	1	220	1	220	6.32e-151	418
EABAIN_09465	FBLNFP_05085	59.9	232	89	2	1	228	1	232	7.30e-85	251
EABAIN_09465	ACDDAG_02995	62.1	198	70	2	1	198	1	193	1.11e-75	228
EABAIN_09465	KCPOOK_01540	53.1	226	99	3	1	226	1	219	7.77e-69	210
EABAIN_09465	DANMKC_13325	50.6	235	99	6	1	229	1	224	1.81e-66	204
EABAIN_09465	MJMKOD_01735	45.4	229	115	4	1	226	1	222	1.69e-56	182
EABAIN_09475	GFPDIJ_01625	83.3	234	39	0	2	235	4	237	1.93e-134	377
EABAIN_09480	CIJHDH_09200	96.3	401	15	0	1	401	20	420	8.34e-281	762
EABAIN_09480	ACDDAG_02840	58.1	399	166	1	1	399	1	398	7.46e-154	439
EABAIN_09480	ACDDAG_03575	55.3	396	175	2	4	399	1	394	1.24e-146	421
EABAIN_09480	HNNKEJ_10830	52.4	399	190	0	1	399	22	420	8.52e-146	420
EABAIN_09480	HBPNHC_05930	53.9	399	184	0	1	399	21	419	2.35e-145	419
EABAIN_09480	DNKGCI_02670	50.1	399	199	0	1	399	1	399	1.03e-136	396
EABAIN_09480	ACDDAG_04295	48.5	396	201	3	4	399	1	393	1.49e-119	352
EABAIN_09480	ABCBPP_00310	43.9	396	220	2	4	399	1	394	5.68e-109	325
EABAIN_09480	DNKGCI_10485	40.7	398	226	7	4	397	1	392	9.43e-91	278
EABAIN_09480	CADMAF_09105	40.3	397	227	7	4	397	1	390	1.41e-86	268
EABAIN_09480	MNCDBI_09870	40.2	403	222	10	4	397	1	393	1.52e-83	260
EABAIN_09480	BOKJIE_08590	39.1	396	221	9	4	387	1	388	1.56e-83	260
EABAIN_09480	NGIILC_10805	40.1	399	224	9	4	397	1	389	1.91e-83	259
EABAIN_09480	ANFPEE_11065	38.8	405	225	12	4	397	1	393	3.76e-81	254
EABAIN_09480	ABCLFC_12515	40.9	396	209	12	4	387	1	383	9.40e-81	253
EABAIN_09480	PHBBGM_10865	38.8	402	228	10	4	396	1	393	2.04e-80	252
EABAIN_09480	AIGDEK_00830	38.3	400	234	7	4	397	1	393	4.18e-80	251
EABAIN_09480	FMBBOG_01365	37.3	400	238	7	4	397	1	393	5.90e-80	251
EABAIN_09480	IAFHMK_02230	38.3	397	234	7	6	398	3	392	1.56e-79	249
EABAIN_09480	ABCBPP_12205	38.2	398	235	8	4	397	1	391	3.11e-79	249
EABAIN_09480	ABCBPP_02220	38.6	404	227	11	4	397	1	393	6.56e-79	248
EABAIN_09480	GHPLOC_08865	38.2	403	232	9	4	398	1	394	4.06e-77	243
EABAIN_09480	DMLIFG_01295	39.3	379	216	8	24	397	7	376	5.51e-76	240
EABAIN_09480	AANGNE_09010	37.8	397	239	6	4	397	1	392	1.26e-75	239
EABAIN_09480	LACCIH_05995	35.4	396	245	5	5	395	6	395	6.85e-74	235
EABAIN_09485	NCBCII_09180	99.7	300	1	0	1	300	1	300	4.14e-213	582
EABAIN_09485	CDIIGJ_05600	70.5	302	86	1	1	302	1	299	1.29e-149	421
EABAIN_09490	AAKGEC_12475	99.4	170	1	0	1	170	1	170	3.68e-127	353
EABAIN_09490	AANGNE_02315	71.2	163	47	0	1	163	3	165	2.41e-84	245
EABAIN_09490	CNLKLD_00180	67.5	163	53	0	1	163	1	163	1.18e-82	241
EABAIN_09500	HNNKEJ_06745	77.1	853	157	5	1	834	1	834	0.0	1264
EABAIN_09500	IAFHMK_01290	72.4	841	198	5	1	834	2	815	0.0	1178
EABAIN_09500	DNKGCI_06255	72.0	835	216	4	1	834	1	818	0.0	1171
EABAIN_09500	ACDDAG_06825	70.3	835	222	3	1	832	1	812	0.0	1150
EABAIN_09500	CNLKLD_00190	65.1	832	246	5	3	832	4	793	0.0	1042
EABAIN_09500	NHHNJB_05685	99.5	433	2	0	402	834	1	433	3.56e-301	832
EABAIN_09505	AAKGEC_12460	99.0	197	2	0	1	197	1	197	2.31e-141	391
EABAIN_09505	DNKGCI_06250	64.5	197	70	0	1	197	1	197	3.36e-93	270
EABAIN_09505	CNLKLD_00195	67.5	197	64	0	1	197	1	197	4.38e-91	264
EABAIN_09505	IAFHMK_01295	67.0	197	63	1	1	195	1	197	2.04e-90	263
EABAIN_09505	DDDLLA_09930	66.5	197	66	0	1	197	1	197	3.58e-90	262
EABAIN_09505	AANGNE_02300	66.2	198	66	1	1	197	1	198	2.14e-89	260
EABAIN_09510	AAKGEC_12455	99.6	279	1	0	1	279	1	279	4.61e-200	546
EABAIN_09510	BGHOFK_03185	72.8	279	76	0	1	279	1	279	1.59e-145	409
EABAIN_09510	HNNKEJ_06755	65.6	276	91	1	1	276	5	276	3.11e-121	347
EABAIN_09510	IAFHMK_01300	66.5	275	87	2	1	274	1	271	2.29e-120	345
EABAIN_09510	LBKFJK_10145	59.9	274	106	1	1	274	1	270	1.44e-111	322
EABAIN_09510	DNKGCI_06245	59.9	274	106	1	1	274	1	270	9.62e-108	313
EABAIN_09510	OFBCLB_10450	58.8	274	109	1	1	274	1	270	2.43e-103	301
EABAIN_09515	AAKGEC_12450	100	162	0	0	1	162	1	162	1.20e-110	311
EABAIN_09515	CDIIGJ_05635	71.7	159	45	0	1	159	1	159	3.14e-74	219
EABAIN_09515	HNNKEJ_06760	60.0	160	64	0	1	160	1	160	1.33e-61	187
EABAIN_09515	BGHOFK_03190	60.4	159	63	0	1	159	1	159	1.25e-59	182
EABAIN_09515	IAFHMK_01305	54.5	154	69	1	1	153	1	154	1.33e-52	164
EABAIN_09515	AANGNE_02295	51.6	159	75	2	1	157	1	159	8.43e-48	152
EABAIN_09520	BGHOFK_03195	76.3	426	101	0	1	426	1	426	1.08e-221	614
EABAIN_09520	HNNKEJ_06770	74.0	431	107	3	1	429	1	428	3.48e-215	597
EABAIN_09520	CNLKLD_00205	65.7	431	144	2	1	429	1	429	7.56e-191	536
EABAIN_09520	ACDDAG_06810	63.1	428	153	3	1	426	1	425	4.33e-177	501
EABAIN_09525	AAKGEC_12440	99.4	354	2	0	1	354	1	354	4.49e-247	672
EABAIN_09525	CDIIGJ_05645	72.8	353	96	0	1	353	1	353	3.94e-181	505
EABAIN_09525	HNNKEJ_06780	70.3	353	105	0	1	353	1	353	2.90e-176	493
EABAIN_09525	BGHOFK_03200	66.0	353	120	0	1	353	1	353	1.63e-166	468
EABAIN_09525	IAFHMK_01320	67.6	355	113	1	1	353	8	362	1.82e-166	468
EABAIN_09525	DNKGCI_06195	64.5	355	123	2	1	353	1	354	2.42e-154	437
EABAIN_09525	LBKFJK_10170	63.4	355	127	2	1	353	5	358	1.31e-152	433
EABAIN_09525	DDDLLA_09960	61.7	355	133	2	1	353	1	354	1.17e-147	420
EABAIN_09530	AAKGEC_12435	100	291	0	0	1	291	1	291	1.27e-203	556
EABAIN_09530	IAFHMK_01325	67.1	292	94	1	1	290	1	292	2.21e-138	392
EABAIN_09530	LBKFJK_10175	65.8	292	98	1	1	290	1	292	1.54e-131	374
EABAIN_09530	OFBCLB_10425	61.4	295	106	3	1	290	1	292	2.18e-126	361
EABAIN_09530	DNKGCI_06190	61.3	292	111	1	1	290	1	292	5.89e-124	355
EABAIN_09530	AANGNE_02280	59.6	287	114	2	5	290	8	293	1.13e-119	344
EABAIN_09530	BEIAAA_04280	59.9	287	113	2	5	290	8	293	4.23e-117	344
EABAIN_09530	CNLKLD_00210	51.7	288	136	2	6	290	6	293	2.86e-105	308
EABAIN_09535	CDIIGJ_05655	80.7	223	41	1	1	223	1	221	6.31e-124	349
EABAIN_09535	CNLKLD_00215	69.5	223	60	2	1	223	1	215	1.29e-103	298
EABAIN_09540	ILDBOH_09110	85.3	354	4	1	1	354	1	306	3.17e-201	554
EABAIN_09540	BGHOFK_03215	70.9	354	102	1	1	354	1	353	6.79e-175	489
EABAIN_09540	HNNKEJ_06795	68.9	350	108	1	1	350	1	349	1.75e-165	465
EABAIN_09540	IAMBHH_08305	65.5	348	118	2	1	348	4	349	1.28e-150	427
EABAIN_09540	DDDLLA_04515	57.2	346	142	3	3	345	2	344	9.50e-124	359
EABAIN_09545	BAFDFF_03625	85.1	670	96	2	1	667	1	669	0.0	1055
EABAIN_09545	BGHOFK_03220	70.8	668	191	2	1	667	1	665	3.44e-311	860
EABAIN_09545	CDIIGJ_05665	65.9	671	220	4	1	667	1	666	5.31e-289	804
EABAIN_09545	HNNKEJ_06815	65.4	668	226	3	1	667	1	664	1.77e-284	792
EABAIN_09545	CJHCCN_01400	59.6	670	264	4	1	667	1	666	1.09e-256	722
EABAIN_09545	AGDPFD_04140	58.3	669	268	7	1	667	1	660	2.90e-245	692
EABAIN_09545	IAFHMK_01335	57.6	672	265	9	1	667	1	657	4.48e-231	656
EABAIN_09545	LBKFJK_10185	54.5	683	282	10	1	667	1	670	2.50e-218	624
EABAIN_09545	BNBIEO_03250	51.2	672	305	7	1	667	1	654	2.50e-209	601
EABAIN_09545	DNKGCI_06180	53.7	668	286	10	1	667	1	646	3.41e-207	595
EABAIN_09545	OFBCLB_10410	52.2	668	300	9	1	667	1	650	1.79e-205	591
EABAIN_09545	CNLKLD_01660	47.9	670	328	9	1	667	1	652	1.43e-186	543
EABAIN_09545	AKOOIJ_03560	41.7	676	368	12	1	666	29	688	1.25e-153	460
EABAIN_09545	DCLJAL_04550	69.3	228	70	0	1	228	1	228	6.51e-100	307
EABAIN_09550	EIBLCD_04820	88.2	254	30	0	1	254	29	282	6.49e-153	427
EABAIN_09550	CMOKEC_11020	51.5	229	107	2	15	239	12	240	6.80e-76	230
EABAIN_09550	BMKIOK_09960	43.1	218	122	1	2	219	1	216	2.21e-55	177
EABAIN_09550	BOCCFK_10945	40.4	225	131	3	8	230	4	227	1.31e-53	172
EABAIN_09550	DFJEHO_03950	41.7	218	125	1	2	219	3	218	3.30e-50	174
EABAIN_09550	IAFHMK_03325	41.7	218	126	1	3	219	1	218	3.37e-50	174
EABAIN_09550	HNNKEJ_00830	40.9	220	128	1	2	221	3	220	4.57e-50	173
EABAIN_09550	AANGNE_07255	42.2	218	125	1	3	219	1	218	6.14e-50	173
EABAIN_09550	CNLKLD_02755	43.7	213	119	1	8	219	6	218	8.97e-50	172
EABAIN_09550	PNKCLE_05480	40.8	218	127	1	2	219	3	218	1.69e-49	168
EABAIN_09550	CEPOIM_07510	42.2	218	125	1	3	219	1	218	2.31e-49	171
EABAIN_09550	GNOKMM_04550	39.2	222	125	3	2	219	1	216	8.84e-49	160
EABAIN_09550	ACNHAK_01800	41.3	218	126	1	2	219	3	218	1.66e-48	169
EABAIN_09550	FFEJFE_01290	38.4	232	141	1	1	232	4	233	4.82e-48	159
EABAIN_09550	OFBCLB_01040	38.3	222	129	3	1	221	1	215	5.73e-47	155
EABAIN_09550	AGKELP_12495	36.1	219	132	3	2	219	1	212	1.02e-45	152
EABAIN_09550	MFAILH_05290	37.1	221	136	2	2	221	1	219	1.56e-45	152
EABAIN_09560	AAKGEC_12405	82.4	119	21	0	1	119	1	119	1.11e-65	194
EABAIN_09565	AAKGEC_12400	98.5	388	6	0	1	388	1	388	3.46e-275	746
EABAIN_09570	KJOAFL_00505	98.5	198	3	0	1	198	1	198	1.51e-142	395
EABAIN_09570	CDIIGJ_05700	68.4	196	62	0	1	196	1	196	4.48e-96	277
EABAIN_09570	HNNKEJ_06850	69.2	198	61	0	1	198	1	198	2.58e-95	275
EABAIN_09570	BGHOFK_03245	62.1	198	75	0	1	198	1	198	8.85e-86	251
EABAIN_09570	DNKIME_02755	57.6	198	84	0	1	198	1	198	4.68e-78	231
EABAIN_09570	JAFLJO_01080	56.6	196	85	0	1	196	1	196	5.24e-77	229
EABAIN_09575	AAKGEC_12390	98.5	198	3	0	1	198	1	198	5.21e-139	385
EABAIN_09575	BGHOFK_03250	62.8	199	74	0	1	199	1	199	3.57e-91	265
EABAIN_09575	DNKGCI_06150	63.6	198	68	1	1	198	12	205	9.11e-91	264
EABAIN_09575	AANGNE_02245	64.1	198	68	1	1	198	1	195	8.32e-87	253
EABAIN_09575	CDIIGJ_05705	62.3	199	75	0	1	199	1	199	1.10e-85	251
EABAIN_09575	DDDLLA_09540	60.6	198	74	1	1	198	6	199	5.70e-81	239
EABAIN_09575	IAFHMK_01370	60.1	198	77	1	1	198	1	196	6.19e-80	236
EABAIN_09575	HNNKEJ_06855	56.1	221	74	2	1	198	1	221	1.36e-79	236
EABAIN_09575	LBKFJK_10215	56.3	197	82	1	1	197	6	198	1.22e-77	230
EABAIN_09575	CNLKLD_01630	57.8	199	80	1	1	199	1	195	2.88e-75	224
EABAIN_09575	ACPHPF_14600	53.5	187	2	1	1	187	1	102	4.96e-51	160
EABAIN_09580	AAKGEC_12385	98.4	307	5	0	1	307	1	307	1.89e-213	583
EABAIN_09580	IAFHMK_01380	71.7	311	84	2	1	307	1	311	2.57e-159	446
EABAIN_09580	LBKFJK_10220	72.3	307	85	0	1	307	1	307	6.07e-157	440
EABAIN_09580	OFBCLB_10370	73.0	307	83	0	1	307	1	307	1.74e-156	439
EABAIN_09580	AAOIOD_03175	62.7	308	114	1	1	307	1	308	2.71e-132	377
EABAIN_09580	HNNKEJ_06865	60.7	305	119	1	4	307	4	308	1.56e-131	375
EABAIN_09580	CNLKLD_01625	55.5	310	135	1	1	307	1	310	1.01e-120	348
EABAIN_09580	JAFLJO_01645	39.1	317	171	6	4	304	5	315	7.67e-71	221
EABAIN_09585	DFCDFN_03755	77.6	357	77	2	1	356	1	355	3.09e-202	558
EABAIN_09585	BNBIEO_03280	69.9	356	103	2	1	355	1	353	1.59e-182	509
EABAIN_09585	DNKGCI_06145	69.7	356	107	1	1	356	1	355	3.77e-175	490
EABAIN_09585	LBKFJK_10230	68.2	355	110	2	1	354	1	353	4.05e-175	490
EABAIN_09585	OFBCLB_10365	70.3	357	103	2	1	356	1	355	4.38e-174	487
EABAIN_09585	CNLKLD_02045	63.8	356	127	1	1	356	2	355	7.92e-166	466
EABAIN_09585	BEHEAJ_01090	91.4	187	16	0	141	327	2	188	3.31e-121	347
EABAIN_09585	ABCLFC_06165	95.5	154	7	0	203	356	1	154	1.19e-101	296
EABAIN_09590	AAKGEC_12375	99.7	286	1	0	1	286	1	286	5.61e-184	506
EABAIN_09590	CDIIGJ_05725	71.6	285	81	0	1	285	1	285	6.56e-127	362
EABAIN_09590	HNNKEJ_06885	62.9	278	103	0	1	278	1	278	9.86e-118	339
EABAIN_09590	LNLMLG_02345	59.1	286	112	3	1	285	1	282	1.18e-108	316
EABAIN_09590	BGHOFK_03270	57.9	278	117	0	1	278	1	278	3.25e-107	312
EABAIN_09590	IAFHMK_01400	56.0	282	124	0	1	282	1	282	2.03e-104	305
EABAIN_09590	CNLKLD_02040	56.1	278	118	1	1	278	1	274	1.16e-103	303
EABAIN_09590	DNKGCI_06140	53.4	294	128	1	1	285	1	294	4.62e-101	297
EABAIN_09590	LBKFJK_10235	53.0	287	126	1	1	278	1	287	4.43e-100	295
EABAIN_09590	OFBCLB_10360	50.5	305	128	1	1	282	1	305	3.16e-97	288
EABAIN_09595	CNLKLD_02035	79.7	217	44	0	2	218	5	221	2.91e-128	360
EABAIN_09595	PAGFJI_00185	100	105	0	0	114	218	1	105	1.28e-70	210
EABAIN_09600	BGHOFK_03280	88.3	715	83	1	1	714	1	715	0.0	1234
EABAIN_09600	CNLKLD_02030	69.6	716	215	3	1	714	1	715	0.0	974
EABAIN_09600	IAFHMK_01410	68.0	724	222	4	1	714	1	724	0.0	957
EABAIN_09605	AAKGEC_12360	100	247	0	0	1	247	1	247	3.90e-176	483
EABAIN_09605	AAKGEC_12175	64.4	239	85	0	7	245	6	244	9.74e-107	308
EABAIN_09605	AANGNE_02185	56.0	241	106	0	7	247	5	245	3.68e-85	253
EABAIN_09605	AANGNE_03680	48.0	244	124	1	7	247	2	245	3.85e-74	225
EABAIN_09605	AAKGEC_05805	37.5	256	139	5	7	241	5	260	1.47e-47	160
EABAIN_09605	CNLKLD_00555	38.9	234	125	3	26	241	28	261	1.53e-47	160
EABAIN_09605	AANGNE_01045	36.2	257	147	4	7	247	4	259	3.24e-47	159
EABAIN_09605	ABJDJH_10240	36.6	238	145	3	7	243	5	237	6.39e-47	159
EABAIN_09605	DNKGCI_00740	38.1	244	140	5	7	247	6	241	6.98e-47	159
EABAIN_09605	HNNKEJ_00830	39.0	246	139	7	7	246	4	244	7.28e-46	161
EABAIN_09605	CEPOIM_07510	39.0	246	139	7	7	246	4	244	1.90e-45	160
EABAIN_09605	DFJEHO_03950	38.5	244	136	6	7	241	4	242	2.65e-45	160
EABAIN_09605	BOCCFK_10945	40.7	221	124	4	7	221	2	221	3.20e-45	150
EABAIN_09605	IAFHMK_08785	38.5	234	126	4	26	241	41	274	4.47e-45	154
EABAIN_09605	AANGNE_07255	37.3	249	140	7	7	246	4	245	9.39e-45	158
EABAIN_09605	PNKCLE_05480	38.6	246	140	7	7	246	4	244	1.08e-44	155
EABAIN_09605	IAFHMK_03325	37.8	246	143	7	7	246	4	245	1.35e-44	158
EABAIN_09605	ACNHAK_01800	38.2	246	141	6	7	246	4	244	4.85e-44	156
EABAIN_09610	AAKGEC_12355	99.6	542	2	0	1	542	98	639	0.0	964
EABAIN_09610	HNNKEJ_06905	58.5	542	217	1	1	542	98	631	3.77e-208	592
EABAIN_09610	IAFHMK_01425	39.8	399	220	8	1	395	85	467	2.59e-72	245
EABAIN_09610	CDIIGJ_05745	37.8	415	209	12	1	395	85	470	2.89e-69	236
EABAIN_09610	DNKGCI_06110	37.4	404	227	10	3	401	87	469	1.92e-64	220
EABAIN_09610	CNLKLD_06615	37.2	414	222	13	3	394	96	493	4.21e-62	216
EABAIN_09610	LBKFJK_10260	37.8	381	207	11	3	378	88	443	1.87e-59	207
EABAIN_09610	IAFHMK_04835	41.3	341	161	12	3	312	98	430	6.00e-58	205
EABAIN_09610	CDIIGJ_07180	44.1	320	144	10	3	308	100	398	3.98e-55	197
EABAIN_09610	HNNKEJ_08585	37.6	335	164	11	3	307	101	420	1.46e-40	156
EABAIN_09610	CDIIGJ_02125	29.9	418	239	10	3	380	114	517	2.53e-39	153
EABAIN_09615	AAKGEC_12350	100	156	0	0	1	156	58	213	1.96e-103	294
EABAIN_09615	HNNKEJ_06910	71.2	153	44	0	1	153	58	210	8.28e-75	222
EABAIN_09620	AAKGEC_12345	100	141	0	0	1	141	1	141	1.41e-92	263
EABAIN_09620	DDDLLA_09485	68.4	136	42	1	6	140	8	143	3.83e-61	184
EABAIN_09625	DPMHNO_08310	98.5	469	7	0	1	469	18	486	0.0	904
EABAIN_09625	MMHDPA_10205	50.3	457	219	5	4	460	6	454	4.00e-151	437
EABAIN_09630	AAKGEC_12335	99.7	289	1	0	1	289	1	289	9.17e-196	536
EABAIN_09635	AANGNE_02075	95.2	500	24	0	1	500	1	500	0.0	920
EABAIN_09635	HNNKEJ_06935	98.7	239	3	0	1	239	1	239	2.55e-158	451
EABAIN_09635	MMHDPA_10215	41.8	478	269	2	27	496	17	493	7.57e-115	347
EABAIN_09640	AAKGEC_12325	100	175	0	0	1	175	1	175	1.92e-111	314
EABAIN_09640	AANGNE_02070	73.7	175	46	0	1	175	1	175	5.93e-83	242
EABAIN_09640	IAFHMK_01460	69.1	175	54	0	1	175	1	175	5.93e-76	224
EABAIN_09640	DDDLLA_09465	67.4	175	57	0	1	175	1	175	1.70e-75	223
EABAIN_09640	DNKGCI_06075	65.7	175	60	0	1	175	1	175	1.97e-74	220
EABAIN_09640	CNLKLD_04015	61.7	175	67	0	1	175	1	175	7.88e-67	201
EABAIN_09645	AAKGEC_12320	99.4	168	1	0	1	168	1	168	3.40e-81	237
EABAIN_09650	AAKGEC_12315	100	237	0	0	1	237	1	237	2.84e-164	452
EABAIN_09660	AAKGEC_12305	99.2	258	2	0	1	258	1	258	1.96e-195	533
EABAIN_09660	CNLKLD_03990	70.2	258	76	1	1	258	1	257	1.77e-136	384
EABAIN_09660	AANGNE_02050	69.4	258	79	0	1	258	1	258	1.01e-133	377
EABAIN_09665	IFJOCP_02625	96.9	738	21	1	1	736	1	738	0.0	1371
EABAIN_09665	HNNKEJ_06965	66.2	745	239	3	4	736	1	744	0.0	946
EABAIN_09665	CDIIGJ_05800	69.3	658	202	0	79	736	8	665	0.0	909
EABAIN_09665	IAFHMK_01485	62.2	728	272	3	11	736	10	736	1.57e-311	867
EABAIN_09665	LBLLFD_00305	58.0	729	306	0	8	736	1	729	3.22e-287	805
EABAIN_09665	LBKFJK_10315	56.8	736	313	3	6	736	2	737	1.22e-281	791
EABAIN_09665	OFBCLB_10220	56.2	733	318	2	7	736	6	738	1.35e-268	758
EABAIN_09665	DNKGCI_06035	52.6	737	341	5	6	736	2	736	5.62e-252	715
EABAIN_09665	EIKFFD_04160	53.3	734	340	3	6	736	3	736	1.04e-249	709
EABAIN_09665	AAOIOD_02985	51.6	734	352	3	6	736	3	736	4.71e-243	692
EABAIN_09665	CNLKLD_03985	52.6	739	341	6	6	736	11	748	1.00e-242	692
EABAIN_09665	BNBIEO_03490	51.6	730	348	5	11	736	8	736	7.62e-242	689
EABAIN_09665	OCHCOK_09440	74.3	405	104	0	1	405	1	405	1.90e-200	572
EABAIN_09665	CFBGPF_13905	70.2	255	76	0	344	598	2	256	4.37e-118	355
EABAIN_09670	ABNNBP_10675	75.7	202	46	3	17	215	3	204	2.49e-94	273
EABAIN_09670	MHGLEN_04830	75.2	202	47	3	17	215	3	204	4.85e-91	267
EABAIN_09670	CDIIGJ_05805	55.9	227	83	4	1	215	1	222	3.89e-71	215
EABAIN_09670	HNNKEJ_06970	54.5	220	93	4	1	215	1	218	1.38e-65	201
EABAIN_09670	EHLNLG_07210	93.2	103	7	0	1	103	1	103	1.33e-59	182
EABAIN_09670	BGHOFK_03345	55.8	206	81	5	16	215	2	203	1.29e-57	180
EABAIN_09670	DNKGCI_06030	49.5	220	105	4	1	215	1	219	6.16e-57	179
EABAIN_09670	LBKFJK_10320	47.8	224	108	3	1	215	1	224	1.32e-54	173
EABAIN_09670	IAFHMK_01490	46.5	228	105	5	1	215	1	224	2.34e-52	167
EABAIN_09670	OFBCLB_10215	45.6	228	108	4	1	215	1	225	8.79e-50	161
EABAIN_09670	BNBIEO_03495	44.0	218	117	3	1	215	1	216	1.91e-49	160
EABAIN_09670	EIKFFD_04165	44.4	216	115	3	1	215	1	212	2.25e-47	154
EABAIN_09670	CNLKLD_03980	44.8	223	98	4	1	215	1	206	1.47e-46	152
EABAIN_09675	CDIIGJ_05815	76.6	453	104	1	1	453	1	451	4.07e-230	637
EABAIN_09675	BGHOFK_03350	70.2	453	130	1	1	453	1	448	1.58e-212	592
EABAIN_09675	DNKGCI_06025	66.6	455	143	2	1	453	7	454	5.34e-198	556
EABAIN_09675	HNNKEJ_06975	68.4	427	133	1	1	427	1	425	5.64e-195	548
EABAIN_09675	OFBCLB_10210	65.3	453	151	1	1	453	1	447	2.13e-193	544
EABAIN_09675	CNLKLD_03975	64.0	406	142	2	1	406	1	402	1.47e-170	484
EABAIN_09675	IAFHMK_01495	47.6	424	211	5	3	420	5	423	9.75e-109	328
EABAIN_09680	IAFHMK_01500	76.8	297	69	0	1	297	1	297	1.62e-164	459
EABAIN_09680	CNLKLD_03970	69.0	300	93	0	1	300	1	300	1.68e-149	421
EABAIN_09680	DPMHNO_08255	90.1	192	19	0	115	306	1	192	9.03e-117	334
EABAIN_09680	AANGNE_06765	47.5	295	154	1	3	296	2	296	4.32e-103	303
EABAIN_09680	MHGLEN_04840	88.8	116	13	0	190	305	1	116	9.60e-64	197
EABAIN_09680	IFDCOA_02955	29.0	300	197	7	3	290	5	300	8.93e-48	162
EABAIN_09680	JOJNOE_11480	28.1	256	176	3	3	250	5	260	2.24e-45	155
EABAIN_09685	AAKGEC_12280	99.2	132	1	0	1	132	1	132	6.93e-91	258
EABAIN_09685	ABCLFC_09800	72.1	129	36	0	1	129	1	129	5.47e-63	188
EABAIN_09690	AMHKJB_08450	95.2	187	3	1	1	187	1	181	2.10e-124	347
EABAIN_09690	CDIIGJ_05845	69.2	185	57	0	1	185	1	185	6.04e-91	263
EABAIN_09690	DNKGCI_05995	64.9	185	65	0	1	185	1	185	1.20e-85	249
EABAIN_09690	LBKFJK_10340	62.2	185	70	0	1	185	1	185	1.94e-82	241
EABAIN_09690	OFBCLB_10190	58.4	185	77	0	1	185	1	185	6.73e-76	225
EABAIN_09690	CNLKLD_03960	61.0	187	70	2	1	185	1	186	1.78e-73	219
EABAIN_09695	AAKGEC_12270	99.5	392	2	0	1	392	1	392	8.93e-264	717
EABAIN_09695	COBKPA_01350	72.0	389	107	2	1	389	1	387	2.44e-191	534
EABAIN_09695	DDDLLA_09385	55.1	399	164	4	1	391	1	392	7.79e-140	403
EABAIN_09695	IAFHMK_01520	54.2	389	165	3	1	385	1	380	8.06e-131	380
EABAIN_09695	BGHOFK_00515	31.4	369	230	7	24	385	11	363	3.39e-43	154
EABAIN_09705	AAKGEC_12260	100	218	0	0	1	218	1	218	2.28e-156	431
EABAIN_09705	ABCLFC_09820	74.7	221	53	1	1	218	1	221	1.83e-117	333
EABAIN_09710	AAKGEC_12255	98.8	323	4	0	1	323	1	323	2.35e-231	629
EABAIN_09710	HNNKEJ_04825	62.2	323	122	0	1	323	1	323	3.55e-150	424
EABAIN_09710	IAFHMK_04920	61.9	323	123	0	1	323	2	324	2.07e-147	417
EABAIN_09710	DDDLLA_08450	59.8	323	130	0	1	323	1	323	1.64e-141	402
EABAIN_09715	AAKGEC_12250	99.5	189	1	0	1	189	1	189	8.07e-129	359
EABAIN_09715	HNNKEJ_04830	67.4	187	61	0	1	187	1	187	1.22e-87	255
EABAIN_09715	DDDLLA_08445	66.5	179	60	0	1	179	1	179	1.92e-79	234
EABAIN_09715	IAFHMK_04925	58.2	189	79	0	1	189	1	189	1.08e-73	219
EABAIN_09720	AAKGEC_12245	97.8	413	9	0	1	413	1	413	4.07e-298	806
EABAIN_09720	EJHBKF_09535	98.5	403	6	0	1	403	1	403	4.21e-287	793
EABAIN_09720	ABNNBP_10740	61.1	411	160	0	3	413	4	414	8.87e-184	516
EABAIN_09725	EJHBKF_09535	97.9	382	8	0	1	382	411	792	3.57e-265	736
EABAIN_09725	MHGLEN_04895	77.7	381	85	0	1	381	1	381	1.19e-220	607
EABAIN_09725	BHKCDL_10220	95.5	292	13	0	1	292	1	292	1.34e-196	543
EABAIN_09725	ABNNBP_10745	67.0	200	58	2	1	200	1	192	8.94e-86	261
EABAIN_09725	DNKGCI_10250	36.0	381	230	6	5	377	3	377	1.38e-71	228
EABAIN_09725	COENFP_08435	35.4	376	230	6	9	377	6	375	9.92e-71	226
EABAIN_09725	LBKFJK_01780	35.2	381	234	6	5	377	3	378	3.87e-68	219
EABAIN_09725	CMHPBO_00480	34.4	276	170	4	108	377	15	285	2.36e-48	165
EABAIN_09730	ABCBPP_09665	100	116	0	0	1	116	5	120	1.63e-80	231
EABAIN_09730	OIGCPG_11855	100	114	0	0	1	114	5	118	1.04e-77	227
EABAIN_09735	AAKGEC_12230	100	97	0	0	1	97	1	97	3.98e-69	201
EABAIN_09735	OIGCPG_11855	95.8	95	4	0	3	97	115	209	1.33e-63	191
EABAIN_09735	IHCKAN_05175	100	92	0	0	1	92	1	92	2.08e-63	188
EABAIN_09740	MKCKPI_10760	98.4	248	4	0	1	248	4	251	1.24e-171	472
EABAIN_09740	BJLDLK_06065	70.2	248	74	0	1	248	1	248	7.55e-124	351
EABAIN_09745	AAKGEC_12220	97.9	281	6	0	1	281	1	281	6.73e-194	531
EABAIN_09750	DFCDFN_03625	89.8	471	47	1	1	470	1	471	1.71e-310	842
EABAIN_09755	LBKFJK_06230	80.4	143	28	0	1	143	1	143	3.19e-79	231
EABAIN_09760	AAKGEC_12205	99.4	163	1	0	1	163	1	163	8.10e-114	319
EABAIN_09760	AANGNE_05350	66.7	156	52	0	3	158	4	159	9.84e-73	215
EABAIN_09760	LBKFJK_02600	66.7	138	43	1	3	140	4	138	2.34e-63	191
EABAIN_09760	CNLKLD_05720	59.0	156	64	0	3	158	4	159	3.90e-63	191
EABAIN_09760	DNKGCI_10045	57.4	155	65	1	3	157	3	156	3.98e-62	188
EABAIN_09760	DDDLLA_05910	58.6	152	60	2	3	153	3	152	1.44e-57	176
EABAIN_09765	IAFHMK_01550	79.8	405	79	2	3	404	5	409	2.43e-241	662
EABAIN_09765	CCDOKP_12500	28.7	383	249	13	22	395	1	368	1.78e-41	150
EABAIN_09770	AAKGEC_12195	99.8	418	1	0	1	418	1	418	1.65e-295	800
EABAIN_09770	IAFHMK_01555	70.9	416	121	0	3	418	4	419	3.93e-211	586
EABAIN_09770	AANGNE_02010	68.9	418	130	0	1	418	1	418	2.79e-206	574
EABAIN_09770	DNKIME_02525	69.6	418	127	0	1	418	12	429	1.68e-205	572
EABAIN_09770	CNLKLD_05735	64.3	417	149	0	2	418	3	419	1.39e-192	539
EABAIN_09775	DDDLLA_08630	83.8	259	38	1	1	255	1	259	6.50e-153	426
EABAIN_09780	BGHOFK_03410	83.5	442	62	3	1	438	1	435	3.99e-241	664
EABAIN_09780	AANGNE_02000	72.8	404	103	3	1	399	1	402	5.05e-187	526
EABAIN_09785	AAKGEC_12180	100	233	0	0	1	233	1	233	2.88e-171	470
EABAIN_09785	IAFHMK_01570	70.9	237	64	2	1	233	1	236	1.85e-122	347
EABAIN_09785	DNKGCI_05945	57.7	234	98	1	1	233	1	234	1.34e-96	281
EABAIN_09785	BOCCFK_01625	53.8	236	103	3	1	233	1	233	1.30e-81	243
EABAIN_09785	CNLKLD_08490	48.0	244	112	4	1	233	1	240	3.54e-73	222
EABAIN_09790	AAKGEC_12175	99.6	244	1	0	1	244	1	244	2.34e-171	471
EABAIN_09790	AAKGEC_12360	64.0	239	86	0	6	244	7	245	3.19e-105	304
EABAIN_09790	AANGNE_02185	55.8	240	106	0	5	244	4	243	8.03e-91	267
EABAIN_09790	AANGNE_03680	48.3	240	121	1	5	241	1	240	1.39e-73	224
EABAIN_09790	CNLKLD_00555	42.6	258	126	7	5	240	4	261	1.10e-57	187
EABAIN_09790	AANGNE_01045	40.9	252	132	5	5	240	3	253	8.59e-54	176
EABAIN_09790	AAKGEC_05805	40.9	257	131	5	5	240	4	260	3.07e-53	175
EABAIN_09790	ABJDJH_10240	39.3	239	139	3	5	242	4	237	1.06e-51	171
EABAIN_09790	BGHOFK_04315	42.0	207	118	2	5	211	1	205	1.48e-50	164
EABAIN_09790	DDDLLA_10160	42.1	214	122	2	5	218	1	212	5.58e-50	162
EABAIN_09790	CNLKLD_04950	40.3	238	136	4	6	240	4	238	6.11e-49	162
EABAIN_09790	IAFHMK_08785	38.6	233	125	3	26	240	42	274	1.78e-47	160
EABAIN_09790	CJHCCN_05470	38.9	229	135	4	5	231	1	226	7.14e-47	159
EABAIN_09790	AAKGEC_12580	36.7	237	139	4	14	241	31	265	9.90e-47	155
EABAIN_09790	IAFHMK_03325	39.3	252	131	9	5	244	3	244	4.86e-46	162
EABAIN_09790	DNKGCI_00740	37.2	242	147	4	1	240	1	239	6.84e-46	156
EABAIN_09790	AAKGEC_12585	37.1	248	145	5	3	241	4	249	1.01e-45	152
EABAIN_09790	DDDLLA_03435	40.1	242	133	6	5	240	4	239	2.52e-45	153
EABAIN_09790	AAKGEC_07545	39.8	241	139	4	5	242	1	238	5.50e-45	152
EABAIN_09790	AANGNE_07255	40.3	233	121	8	5	225	3	229	2.24e-44	157
EABAIN_09790	DFJEHO_03950	37.7	244	142	6	4	240	2	242	3.17e-44	157
EABAIN_09790	CNLKLD_02755	39.7	252	130	9	5	244	3	244	3.22e-44	157
EABAIN_09790	PNKCLE_05480	39.4	226	121	7	4	219	2	221	2.00e-43	151
EABAIN_09790	ACNHAK_01800	37.7	244	136	7	4	237	2	239	4.18e-43	154
EABAIN_09790	CEPOIM_07510	38.7	238	128	8	5	230	3	234	7.82e-43	153
EABAIN_09795	AAKGEC_12170	100	228	0	0	1	228	1	228	4.51e-152	421
EABAIN_09795	CNLKLD_08480	62.4	229	85	1	1	228	1	229	2.58e-91	267
EABAIN_09800	AAKGEC_12165	99.3	302	2	0	1	302	1	302	1.63e-216	590
EABAIN_09800	HNNKEJ_07090	69.6	309	87	1	1	302	1	309	2.41e-153	431
EABAIN_09800	BGHOFK_03430	67.1	307	96	2	1	302	1	307	2.84e-142	402
EABAIN_09800	DNKGCI_05930	59.6	307	119	1	1	302	1	307	2.73e-128	367
EABAIN_09800	IAFHMK_01585	58.3	307	122	2	1	302	1	306	6.15e-127	363
EABAIN_09800	LBKFJK_06270	56.7	312	125	1	1	302	1	312	2.72e-122	352
EABAIN_09800	CNLKLD_08475	55.3	302	135	0	1	302	1	302	1.86e-115	334
EABAIN_09800	AANGNE_01990	53.2	301	141	0	1	301	1	301	2.14e-114	332
EABAIN_09800	OFBCLB_10120	52.8	307	140	2	1	302	1	307	1.18e-112	327
EABAIN_09805	HNNKEJ_07095	95.5	1207	54	0	1	1207	22	1228	0.0	2276
EABAIN_09810	AANGNE_01980	91.5	1191	100	1	1	1191	6	1195	0.0	2184
EABAIN_09815	EAKCFB_01135	99.5	202	1	0	1	202	1	202	1.62e-139	387
EABAIN_09815	ABCLFC_09930	72.6	201	53	1	1	201	1	199	3.45e-99	285
EABAIN_09815	CDIIGJ_05925	48.8	201	101	1	1	201	1	199	1.96e-65	199
EABAIN_09815	BGHOFK_03445	47.3	201	104	1	1	201	1	199	3.69e-63	194
EABAIN_09815	HNNKEJ_07105	41.7	199	114	1	3	201	3	199	4.72e-51	163
EABAIN_09820	MAHILF_09300	99.1	224	2	0	1	224	4	227	4.55e-162	446
EABAIN_09820	HNNKEJ_07110	58.4	221	90	2	1	219	1	221	7.47e-87	256
EABAIN_09820	CDIIGJ_05930	56.6	226	96	2	1	224	2	227	2.48e-83	247
EABAIN_09820	BGHOFK_03450	52.5	219	100	3	1	218	2	217	3.83e-73	221
EABAIN_09820	BJLDLK_09125	75.7	115	28	0	107	221	1	115	2.55e-60	184
EABAIN_09820	DNKGCI_03170	40.8	206	121	1	2	207	3	207	6.50e-50	162
EABAIN_09820	IAFHMK_03635	40.1	202	116	3	2	201	3	201	9.58e-46	151
EABAIN_09825	DKIIMI_12240	95.5	649	7	1	1	627	1	649	0.0	1219
EABAIN_09825	CNLKLD_07235	70.1	629	186	2	1	627	1	629	0.0	903
EABAIN_09825	DDDLLA_08560	69.9	627	189	0	1	627	1	627	0.0	901
EABAIN_09825	ALNFEK_11530	94.0	133	8	0	141	273	1	133	4.96e-82	255
EABAIN_09830	EHLNLG_07045	100	101	0	0	1	101	1	101	2.24e-68	199
EABAIN_09835	AAKGEC_12130	99.8	557	1	0	1	557	1	557	0.0	1053
EABAIN_09835	DNKGCI_05905	71.3	557	158	1	1	557	4	558	2.99e-283	780
EABAIN_09835	IAFHMK_01610	56.3	560	238	4	1	557	1	556	7.08e-209	592
EABAIN_09835	CNLKLD_07250	57.4	538	224	4	23	557	25	560	3.29e-203	577
EABAIN_09835	AANGNE_01965	54.6	542	241	3	19	557	33	572	3.00e-194	555
EABAIN_09840	IAFHMK_01615	75.4	483	117	1	1	483	1	481	3.11e-268	736
EABAIN_09840	AANGNE_01945	71.8	483	136	0	1	483	1	483	7.80e-253	697
EABAIN_09840	CNLKLD_07255	72.7	484	131	1	1	483	1	484	8.10e-253	697
EABAIN_09840	DDDLLA_08550	69.4	483	148	0	1	483	1	483	1.33e-239	664
EABAIN_09840	OAEMLE_11450	90.6	202	16	2	1	200	1	201	5.78e-117	341
EABAIN_09840	MDKGKD_12230	100	170	0	0	245	414	1	170	1.45e-114	334
EABAIN_09845	BHKCDL_01495	98.8	86	1	0	1	86	1	86	1.29e-52	159
EABAIN_09850	DNKGCI_05890	82.4	341	59	1	1	340	1	341	5.68e-202	556
EABAIN_09850	KILFKA_01010	85.6	340	2	1	1	340	1	293	9.28e-201	551
EABAIN_09855	MHGLEN_11390	93.6	592	38	0	1	592	53	644	0.0	1093
EABAIN_09855	BGHOFK_08345	73.5	589	156	0	1	589	1	589	0.0	880
EABAIN_09855	BNBIEO_10465	72.8	592	159	2	1	591	24	614	1.65e-317	871
EABAIN_09855	IAFHMK_04120	72.2	594	161	2	1	591	3	595	1.19e-312	858
EABAIN_09855	DNKGCI_05885	70.6	592	173	1	1	592	1	591	7.61e-306	840
EABAIN_09855	CDIIGJ_05965	71.3	588	168	1	1	588	1	587	9.02e-302	830
EABAIN_09855	DDDLLA_08535	69.0	591	181	2	1	590	3	592	5.42e-288	795
EABAIN_09855	CNLKLD_07265	65.7	595	197	3	1	590	2	594	1.13e-278	772
EABAIN_09860	PHNKGJ_04295	99.0	511	2	1	1	508	1	511	0.0	949
EABAIN_09860	AANGNE_01930	58.2	514	205	5	1	505	1	513	1.73e-203	575
EABAIN_09860	CNLKLD_05350	52.9	520	223	9	1	506	1	512	1.86e-177	509
EABAIN_09860	AANGNE_03715	51.4	512	235	9	1	505	1	505	7.54e-172	494
EABAIN_09860	CNLKLD_06370	48.6	516	250	8	1	507	1	510	3.41e-166	479
EABAIN_09865	CNLKLD_05355	82.1	413	73	1	1	413	1	412	6.60e-258	704
EABAIN_09870	DIBOGN_06825	84.2	265	42	0	1	265	1	265	3.50e-162	450
EABAIN_09870	CDIIGJ_05985	65.7	265	82	3	1	264	1	257	1.77e-112	323
EABAIN_09870	IAFHMK_04130	58.1	265	97	3	1	264	1	252	8.10e-98	286
EABAIN_09870	HNNKEJ_07165	58.1	265	98	3	3	264	27	281	1.06e-97	287
EABAIN_09870	DNKGCI_05875	51.3	263	127	1	1	263	1	262	1.42e-88	263
EABAIN_09870	OFBCLB_10040	50.0	262	131	0	1	262	1	262	3.79e-86	257
EABAIN_09870	AANGNE_01920	51.9	264	115	4	1	263	1	253	1.26e-82	248
EABAIN_09870	LBKFJK_06320	50.2	263	120	3	3	264	5	257	5.33e-81	244
EABAIN_09870	CNLKLD_05360	48.9	266	120	7	1	263	1	253	3.55e-77	234
EABAIN_09875	AAKGEC_12090	98.7	314	4	0	1	314	1	314	1.34e-221	604
EABAIN_09880	AANGNE_01910	82.6	259	45	0	5	263	6	264	6.45e-165	456
EABAIN_09885	ABCBPP_09820	100	445	0	0	1	445	1	445	2.14e-308	835
EABAIN_09885	DFCDFN_00265	71.2	437	126	0	1	437	1	437	9.03e-231	638
EABAIN_09885	AANGNE_01900	71.3	439	126	0	1	439	1	439	1.30e-224	622
EABAIN_09885	AAKGEC_11955	32.9	389	251	5	11	391	1	387	1.02e-57	195
EABAIN_09885	EIFNNL_05470	31.7	388	253	5	15	393	5	389	2.82e-54	186
EABAIN_09890	AAKGEC_12075	99.7	371	1	0	1	371	1	371	2.36e-230	631
EABAIN_09890	IAFHMK_04155	68.5	365	115	0	1	365	1	365	1.01e-177	498
EABAIN_09890	DDDLLA_08825	66.1	366	124	0	1	366	1	366	5.45e-167	471
EABAIN_09890	CNLKLD_05390	64.1	365	131	0	1	365	1	365	1.71e-148	424
EABAIN_09890	AANGNE_01895	66.1	369	125	0	1	369	1	369	4.89e-148	422
EABAIN_09895	ABCLFC_03710	89.9	149	15	0	1	149	1	149	5.58e-94	268
EABAIN_09895	IAFHMK_04160	70.8	144	42	0	1	144	1	144	2.10e-70	208
EABAIN_09895	LBKFJK_05970	66.2	145	49	0	1	145	1	145	4.13e-63	189
EABAIN_09895	DNKGCI_07155	64.1	145	52	0	1	145	1	145	9.68e-62	186
EABAIN_09895	BNBIEO_05370	62.8	148	54	1	1	147	1	148	3.47e-58	177
EABAIN_09895	DDDLLA_08830	55.2	145	65	0	1	145	1	145	8.59e-51	158
EABAIN_09895	CNLKLD_05395	57.0	142	60	1	1	142	1	141	6.58e-50	156
EABAIN_09900	JIKGJE_11165	99.6	259	0	1	1	259	1	258	4.76e-185	507
EABAIN_09900	IAMLOO_09940	42.5	228	119	3	36	253	52	277	2.44e-52	171
EABAIN_09900	AANGNE_06430	42.2	232	121	6	35	254	62	292	7.61e-48	160
EABAIN_09905	ACIHME_08535	100	298	0	0	1	298	1	298	5.37e-238	644
EABAIN_09905	PPLEED_08930	55.0	160	66	1	1	154	3	162	8.07e-60	190
EABAIN_09905	PLDCIE_05300	55.6	160	62	2	1	151	3	162	1.02e-59	190
EABAIN_09905	EJEPOM_04590	57.8	161	61	1	142	295	314	474	5.90e-59	195
EABAIN_09905	ADJCAM_01630	60.0	145	52	1	2	140	4	148	7.60e-58	185
EABAIN_09905	BNBIEO_09295	57.3	150	57	2	152	295	198	346	9.19e-54	178
EABAIN_09910	ACIHME_08540	100	84	0	0	1	84	1	84	6.92e-55	164
EABAIN_09915	ACIHME_08545	100	100	0	0	1	100	1	100	2.36e-67	196
EABAIN_09920	ACIHME_08550	100	97	0	0	1	97	1	97	8.39e-62	182
EABAIN_09925	ACIHME_08555	99.7	746	2	0	1	746	1	746	0.0	1469
EABAIN_09925	FPMMJC_06515	71.6	746	5	1	1	746	1	539	0.0	976
EABAIN_09925	NOKDAP_02720	54.5	671	288	5	1	669	1	656	6.06e-251	713
EABAIN_09925	BPDDPD_06930	53.7	670	291	9	1	665	1	656	1.80e-231	663
EABAIN_09925	MMHDPA_00400	50.9	692	318	11	1	689	1	673	4.71e-222	639
EABAIN_09925	KJOAFL_01415	50.4	671	313	8	1	669	1	653	1.40e-215	622
EABAIN_09925	MMHDPA_00435	50.4	695	323	9	1	688	1	680	3.90e-215	622
EABAIN_09925	LBKFJK_02445	51.0	667	304	8	3	669	2	645	3.82e-214	619
EABAIN_09925	HNNKEJ_10780	49.2	673	316	9	1	669	1	651	1.24e-210	610
EABAIN_09925	NCNHMD_15460	50.7	515	225	9	1	507	1	494	9.16e-150	453
EABAIN_09925	JIGPNC_08160	48.9	513	233	9	1	505	1	492	6.19e-142	433
EABAIN_09925	BGLHNG_01070	44.4	567	257	10	131	688	2	519	2.88e-141	426
EABAIN_09925	MBBCIM_10110	43.1	631	319	12	1	619	1	603	1.75e-140	429
EABAIN_09925	BOCCFK_09880	49.0	518	236	9	1	506	1	502	7.69e-140	428
EABAIN_09925	IAMLOO_05710	46.8	523	248	9	1	509	1	507	8.57e-133	410
EABAIN_09925	CDIIGJ_04955	46.0	522	243	11	1	503	1	502	1.80e-129	401
EABAIN_09925	BPDDPD_04080	39.1	645	341	16	1	625	1	613	1.59e-122	383
EABAIN_09925	JIGPNC_08110	40.1	506	273	11	1	495	3	489	1.42e-106	342
EABAIN_09930	CBIMAL_09915	100	121	0	0	1	121	1	121	1.06e-82	237
EABAIN_09935	AAKGEC_12045	99.5	191	1	0	1	191	1	191	6.61e-129	359
EABAIN_09935	ANFPEE_04205	71.4	189	52	1	1	189	1	187	7.07e-91	263
EABAIN_09935	EGHGNB_05820	72.5	131	36	0	1	131	1	131	1.96e-59	183
EABAIN_09935	OFBCLB_01110	74.0	127	33	0	1	127	1	127	1.48e-58	184
EABAIN_09935	AJCMKJ_12205	49.2	189	91	1	1	189	1	184	8.57e-58	179
EABAIN_09935	GGLADB_05165	55.7	194	75	5	1	190	1	187	1.51e-57	179
EABAIN_09935	AIKIDN_11695	49.7	189	89	2	1	189	1	183	5.10e-54	169
EABAIN_09935	CEHFAN_00050	50.9	173	81	1	17	189	15	183	6.71e-52	164
EABAIN_09935	COOGCK_05555	46.8	186	85	4	9	189	2	178	1.13e-46	150
EABAIN_09940	ACPHPF_03330	80.1	191	16	2	1	191	1	169	7.12e-107	303
EABAIN_09940	NKPHMN_05750	68.6	191	59	1	1	191	1	190	1.36e-88	258
EABAIN_09940	ABIMCM_01455	57.1	147	63	0	45	191	44	190	3.24e-58	181
EABAIN_09940	LBKFJK_07975	43.3	194	107	2	1	194	1	191	5.70e-52	165
EABAIN_09940	ALPEGB_06020	72.9	96	26	0	1	96	1	96	1.16e-48	153
EABAIN_09945	FGPNLL_09880	88.1	194	22	1	1	193	1	194	1.61e-128	358
EABAIN_09945	LBKFJK_05965	69.9	193	58	0	1	193	1	193	9.53e-105	298
EABAIN_09945	BNBIEO_05375	69.8	192	58	0	1	192	1	192	1.84e-102	293
EABAIN_09945	OFBCLB_04335	65.8	193	66	0	1	193	1	193	2.18e-99	285
EABAIN_09945	CNLKLD_04310	62.0	187	71	0	2	188	5	191	3.33e-89	259
EABAIN_09945	PLDCIE_06330	54.2	190	87	0	4	193	3	192	2.84e-80	236
EABAIN_09950	DDDLLA_08840	84.5	939	145	1	1	938	1	939	0.0	1592
EABAIN_09950	ACDDAG_09905	32.7	934	423	13	4	934	3	733	3.03e-152	466
EABAIN_09950	MFAILH_01190	33.4	939	418	18	6	934	4	745	2.58e-150	462
EABAIN_09950	APHEGK_13350	31.8	936	440	16	6	936	10	752	4.05e-148	456
EABAIN_09950	AAKGEC_08040	31.5	931	444	17	6	934	5	743	7.61e-133	416
EABAIN_09955	AAKGEC_12025	98.1	212	4	0	1	212	1	212	1.53e-142	395
EABAIN_09955	DDDLLA_08845	66.0	212	71	1	1	212	1	211	4.96e-93	270
EABAIN_09955	CNLKLD_04370	42.9	210	116	2	1	206	1	210	6.31e-46	151
EABAIN_09960	AAKGEC_12020	100	174	0	0	1	174	1	174	2.67e-122	341
EABAIN_09965	AAKGEC_12015	100	104	0	0	1	104	1	104	8.71e-74	213
EABAIN_09965	CDIIGJ_06075	67.3	104	34	0	1	104	1	104	1.12e-49	152
EABAIN_09970	ABNNBP_11250	95.8	449	19	0	1	449	1	449	2.01e-300	815
EABAIN_09970	DDDLLA_08350	73.9	449	115	2	1	448	1	448	3.14e-226	627
EABAIN_09970	CNLKLD_05285	67.0	449	141	3	2	448	5	448	7.00e-208	580
EABAIN_09970	BNBIEO_00300	51.8	448	209	4	1	447	1	442	8.94e-155	446
EABAIN_09970	BIHALF_06405	52.8	449	205	4	1	448	15	457	5.23e-154	444
EABAIN_09970	BGHOFK_08255	52.2	441	204	3	7	447	10	443	9.83e-148	427
EABAIN_09970	FAKCMI_12975	45.5	448	233	5	1	447	1	438	5.88e-122	362
EABAIN_09970	IAFHMK_10320	33.2	349	227	4	11	356	30	375	1.29e-59	202
EABAIN_09970	CNLKLD_00825	32.2	404	256	8	2	397	4	397	4.51e-59	200
EABAIN_09970	IAFHMK_03485	33.0	355	231	3	5	359	15	362	2.36e-57	195
EABAIN_09970	OFBCLB_02110	33.8	346	212	6	7	347	20	353	2.35e-46	166
EABAIN_09970	DNKGCI_09195	32.0	397	244	10	1	382	1	386	1.56e-44	161
EABAIN_09975	CDIIGJ_06085	80.6	304	59	0	1	304	1	304	7.82e-169	470
EABAIN_09975	IAFHMK_00740	69.4	304	92	1	1	304	1	303	2.29e-144	408
EABAIN_09975	ACDDAG_00915	66.8	304	99	2	1	304	1	302	6.58e-139	394
EABAIN_09975	LBKFJK_06590	63.5	304	110	1	1	304	1	303	3.03e-135	385
EABAIN_09975	CNLKLD_04350	63.6	305	110	1	1	305	1	304	5.33e-129	369
EABAIN_09975	DDDLLA_02160	65.5	304	104	1	1	304	1	303	4.20e-128	367
EABAIN_09975	DNKGCI_05595	61.6	305	116	1	1	305	1	304	2.26e-126	362
EABAIN_09975	CGMKCF_00425	98.8	168	2	0	138	305	1	168	4.58e-109	313
EABAIN_09980	AAKGEC_12000	97.6	211	5	0	1	211	1	211	1.54e-146	405
EABAIN_09980	CDIIGJ_06090	73.4	207	55	0	1	207	1	207	8.88e-105	300
EABAIN_09980	HNNKEJ_07310	68.6	207	65	0	1	207	1	207	1.88e-99	286
EABAIN_09980	BGHOFK_08240	66.2	210	71	0	1	210	1	210	2.01e-96	279
EABAIN_09980	IAFHMK_00750	57.0	207	89	0	1	207	1	207	8.47e-83	244
EABAIN_09980	AANGNE_07415	59.1	208	82	1	1	208	1	205	2.47e-79	235
EABAIN_09980	DNKGCI_05590	54.6	207	94	0	1	207	1	207	1.44e-74	223
EABAIN_09980	LBKFJK_06595	53.3	210	98	0	1	210	1	210	3.45e-73	220
EABAIN_09980	DDDLLA_02150	51.7	211	102	0	1	211	1	211	1.73e-66	203
EABAIN_09980	CNLKLD_04320	48.3	207	107	0	1	207	1	207	9.00e-63	194
EABAIN_09990	AJGINB_11570	98.7	150	2	0	1	150	1	150	5.56e-104	293
EABAIN_09990	HNNKEJ_07325	67.6	142	46	0	1	142	1	142	1.01e-68	204
EABAIN_09990	CDIIGJ_06095	68.5	143	45	0	9	151	1	143	1.17e-67	201
EABAIN_09995	AGKELP_00900	97.0	99	3	0	1	99	82	180	5.21e-60	181
EABAIN_10000	AAKGEC_11985	99.6	447	2	0	1	447	1	447	0.0	905
EABAIN_10000	AANGNE_07425	74.5	447	112	1	1	447	1	445	5.78e-255	699
EABAIN_10010	BGHOFK_08220	84.4	392	61	0	1	392	1	392	1.31e-236	649
EABAIN_10010	DNKGCI_05550	76.3	392	93	0	1	392	1	392	8.03e-212	586
EABAIN_10010	CNLKLD_01740	73.5	392	103	1	1	391	1	392	3.20e-205	569
EABAIN_10010	AANGNE_07435	72.1	391	109	0	1	391	1	391	1.35e-204	568
EABAIN_10010	IAFHMK_00775	72.2	392	108	1	1	391	1	392	1.05e-196	548
EABAIN_10010	AAOIOD_01880	36.0	367	220	8	32	393	31	387	1.95e-69	223
EABAIN_10010	DDDLLA_05940	35.3	365	220	8	33	391	32	386	8.20e-66	214
EABAIN_10015	ABCBPP_09905	100	147	0	0	1	147	1	147	8.71e-99	280
EABAIN_10015	IAFHMK_00780	59.9	147	59	0	1	147	1	147	4.96e-57	174
EABAIN_10015	AANGNE_07440	49.0	147	75	0	1	147	1	147	6.70e-50	156
EABAIN_10020	AAKGEC_11965	99.4	791	5	0	1	791	1	791	0.0	1510
EABAIN_10020	IAFHMK_00785	68.6	793	242	4	1	791	1	788	0.0	1079
EABAIN_10020	DNKGCI_05540	66.9	791	258	2	1	791	1	787	0.0	1060
EABAIN_10020	AAOIOD_01315	64.6	791	271	5	1	790	1	783	0.0	1006
EABAIN_10020	OFBCLB_02595	63.5	791	285	2	1	791	1	787	0.0	987
EABAIN_10020	CNLKLD_01730	58.5	792	322	4	1	791	1	786	0.0	899
EABAIN_10025	AAKGEC_11960	100	145	0	0	1	145	1	145	2.06e-96	273
EABAIN_10025	IAFHMK_02405	68.5	143	45	0	2	144	1	143	6.53e-68	201
EABAIN_10025	DPCCPE_01025	49.7	145	73	0	1	145	1	145	4.00e-48	151
EABAIN_10025	DDDLLA_09440	54.9	144	65	0	1	144	1	144	1.07e-47	150
EABAIN_10030	AAKGEC_11955	99.8	429	1	0	2	430	2	430	3.46e-294	797
EABAIN_10030	EIFNNL_05470	72.6	427	117	0	4	430	4	430	9.05e-211	587
EABAIN_10030	ABCBPP_09820	34.3	385	240	6	8	387	15	391	1.08e-57	195
EABAIN_10030	DFCDFN_00265	31.5	419	271	6	8	418	15	425	2.84e-57	194
EABAIN_10030	AANGNE_01900	29.6	422	275	8	8	418	15	425	2.25e-52	181
EABAIN_10035	AAKGEC_11950	99.7	333	1	0	1	333	1	333	5.90e-246	667
EABAIN_10035	BIHALF_08780	66.1	333	112	1	1	333	1	332	7.07e-164	459
EABAIN_10035	MCFIIO_08860	40.4	332	194	3	4	333	2	331	1.59e-78	243
EABAIN_10035	DNKGCI_03565	39.1	330	199	2	4	333	2	329	1.16e-76	238
EABAIN_10035	EHLNLG_10185	37.2	320	194	4	4	321	2	316	6.92e-63	202
EABAIN_10035	JAFLJO_09110	34.5	313	200	5	4	315	2	310	1.27e-56	186
EABAIN_10040	AAKGEC_11945	99.2	248	2	0	1	248	1	248	4.72e-173	476
EABAIN_10040	DNKGCI_04005	35.1	248	155	5	1	244	1	246	1.08e-44	150
EABAIN_10045	DDDLLA_02085	75.1	602	145	2	1	602	1	597	0.0	887
EABAIN_10045	FGEEDJ_07150	78.1	160	33	1	1	160	1	158	7.17e-76	239
EABAIN_10045	ABCLFC_03610	70.9	141	39	1	1	141	1	139	1.61e-56	187
EABAIN_10050	AIKIDN_00590	100	297	0	0	1	297	1	297	1.17e-202	555
EABAIN_10050	KGIGEE_00710	88.0	183	19	1	16	198	152	331	3.60e-97	289
EABAIN_10055	AAKGEC_11930	98.7	319	4	0	1	319	1	319	5.77e-230	625
EABAIN_10055	BCFLNJ_05705	92.2	319	25	0	1	319	314	632	2.95e-211	590
EABAIN_10055	PLDCIE_13200	80.8	240	45	1	80	319	134	372	2.18e-130	375
EABAIN_10055	AAKGEC_05925	31.9	320	199	5	1	318	1	303	8.86e-49	164
EABAIN_10055	AANGNE_01120	29.9	318	206	3	3	319	4	305	1.31e-48	164
EABAIN_10060	AAKGEC_11925	99.1	319	3	0	1	319	1	319	1.85e-226	617
EABAIN_10060	BCFLNJ_05705	89.5	313	33	0	1	313	1	313	5.82e-194	546
EABAIN_10060	JOJNOE_06315	88.1	261	24	2	1	259	1	256	1.45e-150	427
EABAIN_10060	AANGNE_01135	45.8	288	142	5	21	305	18	294	2.19e-71	223
EABAIN_10060	DFCDFN_03530	44.5	263	133	4	4	262	8	261	1.39e-70	221
EABAIN_10060	DFCDFN_03525	36.3	270	153	5	2	261	5	265	1.10e-53	179
EABAIN_10060	BGHOFK_04410	38.8	268	149	5	3	262	5	265	1.18e-51	173
EABAIN_10060	ABCLFC_03590	38.6	241	141	3	30	263	36	276	2.14e-47	162
EABAIN_10060	DDDLLA_05570	36.7	264	161	3	2	262	17	277	3.82e-47	162
EABAIN_10060	ABNNBP_08060	36.1	280	149	8	4	266	10	276	7.60e-45	155
EABAIN_10065	ABCLFC_03590	87.9	338	41	0	1	338	12	349	1.53e-212	583
EABAIN_10065	PLDCIE_13200	87.1	171	22	0	1	171	1	171	1.31e-98	295
EABAIN_10065	DFCDFN_03525	45.8	321	170	4	1	319	1	319	4.03e-85	260
EABAIN_10065	BGHOFK_04410	47.3	281	147	1	1	280	1	281	3.64e-82	253
EABAIN_10065	ABNNBP_08060	37.3	287	172	4	3	283	7	291	3.09e-59	194
EABAIN_10065	DFCDFN_03530	33.8	314	197	6	1	309	3	310	1.73e-54	180
EABAIN_10065	AANGNE_01135	36.4	269	162	5	2	268	4	265	2.41e-49	167
EABAIN_10065	AAKGEC_11925	37.2	266	153	4	6	264	4	262	2.96e-49	167
EABAIN_10065	BCFLNJ_05705	36.8	266	154	3	6	264	4	262	4.47e-46	165
EABAIN_10065	DDDLLA_05570	36.3	281	167	5	6	280	19	293	2.63e-45	158
EABAIN_10070	AAKGEC_11915	100	119	0	0	1	119	1	119	5.52e-75	217
EABAIN_10080	KPPIIN_01700	100	163	0	0	1	163	1	163	4.79e-107	302
EABAIN_10080	ABCLFC_03575	99.4	164	1	0	1	164	53	216	1.90e-106	302
EABAIN_10085	AMHKJB_08955	98.2	440	8	0	1	440	1	440	2.99e-316	854
EABAIN_10085	ADJCAM_03240	69.5	436	132	1	1	435	1	436	3.12e-225	624
EABAIN_10085	LLMEEB_08340	70.4	406	119	1	1	405	1	406	1.88e-214	595
EABAIN_10085	KGJGGL_02935	67.5	422	134	2	3	421	2	423	2.11e-209	583
EABAIN_10085	DBJPJM_05260	64.8	429	150	1	1	428	1	429	1.29e-204	571
EABAIN_10085	KPGHOL_09955	46.7	413	214	3	4	410	13	425	1.52e-132	389
EABAIN_10085	PELOCJ_00230	46.5	413	213	5	4	411	7	416	3.04e-122	362
EABAIN_10085	AOJAFJ_00740	46.9	407	210	2	1	401	1	407	6.91e-121	358
EABAIN_10085	CCDPJE_01595	44.6	415	223	3	3	410	3	417	1.01e-120	358
EABAIN_10085	IAMLOO_10170	45.4	412	217	5	4	410	7	415	2.37e-119	355
EABAIN_10085	CJHCCN_04975	44.2	416	225	3	3	411	4	419	9.49e-119	353
EABAIN_10085	AAOIOD_04770	44.0	423	229	4	1	416	1	422	1.84e-115	345
EABAIN_10085	FPMMJC_07610	68.8	218	68	0	197	414	2	219	9.36e-111	325
EABAIN_10085	CPNLII_10415	47.4	367	185	3	1	360	1	366	5.07e-104	320
EABAIN_10085	HNNKEJ_08740	38.3	426	242	6	3	412	5	425	2.40e-94	291
EABAIN_10085	ADJCAM_02995	38.5	416	251	4	5	417	7	420	1.38e-93	288
EABAIN_10085	ADJCAM_08670	37.3	394	235	5	19	402	30	421	4.93e-81	257
EABAIN_10085	PLBPOI_08135	40.3	360	198	6	60	409	2	354	1.50e-80	253
EABAIN_10085	DDDLLA_04005	37.2	414	232	8	20	411	22	429	1.73e-78	250
EABAIN_10085	PELOCJ_09510	36.7	395	230	7	20	402	19	405	1.02e-72	234
EABAIN_10085	CCDPJE_06270	51.7	176	81	3	236	410	3	175	2.63e-53	176
EABAIN_10095	ADJCAM_03250	90.7	281	26	0	1	281	1	281	3.20e-192	527
EABAIN_10095	IAMLOO_10140	46.0	289	142	3	5	279	3	291	3.46e-80	243
EABAIN_10095	PELOCJ_00250	42.2	287	152	3	4	278	2	286	2.77e-70	218
EABAIN_10095	ABIMCM_11765	36.1	241	148	2	9	249	3	237	7.94e-45	152
EABAIN_10100	AMNNAF_03060	91.4	255	22	0	1	255	1	255	6.20e-177	486
EABAIN_10100	NEHKFL_04980	66.8	250	83	0	1	250	1	250	9.01e-123	349
EABAIN_10105	AMHKJB_10900	94.6	202	11	0	1	202	1	202	5.79e-133	370
EABAIN_10105	ELFOBA_06695	61.4	202	77	1	1	202	1	201	1.79e-78	233
EABAIN_10105	DDDLLA_04025	53.0	202	94	1	1	202	1	201	6.16e-67	203
EABAIN_10105	FPMMJC_07470	50.5	202	100	0	1	202	1	202	2.09e-65	199
EABAIN_10105	PLBPOI_09935	52.5	202	96	0	1	202	1	202	1.20e-64	197
EABAIN_10105	MNCDBI_01475	66.7	144	48	0	1	144	5	148	2.87e-58	179
EABAIN_10110	MKICBC_07145	84.9	252	38	0	6	257	21	272	8.18e-149	417
EABAIN_10115	AMHKJB_10910	97.6	409	10	0	1	409	1	409	3.57e-290	785
EABAIN_10115	DDDLLA_04035	75.7	371	87	1	40	407	36	406	2.49e-202	563
EABAIN_10115	BKOEEG_06630	62.7	413	144	4	1	408	1	408	1.36e-173	490
EABAIN_10115	CBFHCM_10080	51.0	392	181	6	22	408	27	412	2.16e-123	363
EABAIN_10115	IHNEIG_04300	44.4	399	173	13	2	369	11	391	3.70e-70	227
EABAIN_10115	ABJDJH_09830	68.6	156	49	0	62	217	78	233	1.51e-63	209
EABAIN_10115	LOPDNE_09695	38.0	347	157	12	61	406	52	341	4.02e-50	172
EABAIN_10115	NMHJIK_01860	42.1	290	132	7	62	344	342	602	1.63e-49	176
EABAIN_10115	ACNHAK_01685	58.3	144	60	0	62	205	63	206	5.85e-47	164
EABAIN_10120	ADJCAM_03270	94.4	643	36	0	1	643	1	643	0.0	1214
EABAIN_10120	BKOEEG_06625	53.5	645	298	1	1	643	1	645	3.82e-248	698
EABAIN_10120	CBFHCM_10075	47.0	640	333	4	7	643	6	642	1.82e-207	595
EABAIN_10120	NGAPDN_14245	21.7	636	468	11	8	625	33	656	2.66e-43	165
EABAIN_10125	AMHKJB_10920	99.5	203	1	0	1	203	1	203	1.79e-132	369
EABAIN_10125	FPMMJC_07450	73.7	205	52	1	1	203	1	205	2.81e-95	275
EABAIN_10125	IAMLOO_10065	49.0	194	99	0	10	203	29	222	3.31e-51	164
EABAIN_10125	BKOEEG_06620	43.5	200	113	0	4	203	29	228	7.91e-51	163
EABAIN_10125	PELOCJ_00275	52.2	180	86	0	24	203	38	217	1.62e-50	162
EABAIN_10130	MNCDBI_01450	92.0	113	9	0	1	113	7	119	4.31e-75	217
EABAIN_10130	FPMMJC_07445	69.9	113	34	0	1	113	1	113	3.21e-53	162
EABAIN_10130	DDDLLA_04050	70.8	113	33	0	1	113	1	113	2.63e-52	159
EABAIN_10130	PLBPOI_09955	69.2	104	32	0	1	104	1	104	6.26e-52	158
EABAIN_10135	AMHKJB_10930	99.3	148	1	0	1	148	1	148	3.16e-106	298
EABAIN_10140	AMHKJB_10935	99.7	605	2	0	1	605	1	605	0.0	1224
EABAIN_10145	AMHKJB_10940	100	362	0	0	1	362	1	362	5.21e-266	720
EABAIN_10150	AMHKJB_10945	100	413	0	0	1	413	1	413	1.78e-292	791
EABAIN_10155	ADJCAM_03295	68.8	756	213	7	1	743	1	746	3.45e-300	838
EABAIN_10155	PLBPOI_09960	52.1	743	281	13	1	696	1	715	3.88e-199	582
EABAIN_10155	DDDLLA_04060	54.9	472	210	3	12	483	6	474	3.17e-157	474
EABAIN_10155	KJOAFL_01545	55.2	480	209	4	4	483	4	477	2.37e-152	460
EABAIN_10155	FEPCCL_02340	41.3	535	291	13	4	527	1	523	3.07e-105	338
EABAIN_10155	PELOCJ_00285	37.8	487	289	7	10	489	6	485	1.84e-92	304
EABAIN_10155	IAMLOO_10055	37.4	513	305	11	10	511	16	523	6.68e-85	286
EABAIN_10160	DDDLLA_04065	80.1	913	180	2	16	926	14	926	0.0	1440
EABAIN_10160	KGJGGL_03015	96.7	750	25	0	177	926	522	1271	0.0	1403
EABAIN_10160	PELOCJ_00295	54.9	922	381	8	10	921	3	899	0.0	956
EABAIN_10160	FMHHMN_04580	55.6	933	380	12	8	915	8	931	0.0	937
EABAIN_10160	IHCKAN_12850	27.6	791	467	20	106	864	155	871	7.20e-75	265
EABAIN_10160	NGAPDN_14265	26.0	647	415	11	265	895	183	781	4.88e-58	214
EABAIN_10165	ADJCAM_03305	90.4	136	13	0	1	136	1	136	2.57e-88	252
EABAIN_10165	FPMMJC_07430	74.4	133	34	0	1	133	1	133	1.28e-70	207
EABAIN_10170	AMNNAF_03120	90.2	610	55	2	1	610	1	605	0.0	975
EABAIN_10170	CCDPJE_09330	58.4	622	210	8	1	610	1	585	3.05e-211	601
EABAIN_10170	COBKPA_07480	57.9	618	231	7	1	610	1	597	8.77e-196	562
EABAIN_10170	BGHOFK_08500	37.4	623	336	9	1	606	1	586	8.43e-101	318
EABAIN_10170	FPMMJC_07425	38.7	463	272	6	1	461	1	453	9.86e-78	254
EABAIN_10170	DDDLLA_04075	41.6	344	180	5	2	342	4	329	5.51e-65	223
EABAIN_10175	ADJCAM_03320	87.6	113	14	0	1	113	1	113	3.40e-64	189
EABAIN_10175	DDDLLA_04100	69.0	113	35	0	1	113	1	113	5.31e-52	159
EABAIN_10175	PLBPOI_08700	69.7	109	33	0	5	113	12	120	6.31e-50	154
EABAIN_10185	BJGLGA_02205	90.3	206	16	1	1	202	1	206	1.78e-91	266
EABAIN_10185	BGLHNG_10495	48.0	204	103	1	1	201	1	204	3.58e-46	150
EABAIN_10190	AMNNAF_03140	95.3	1286	59	1	1	1285	1	1286	0.0	2374
EABAIN_10190	DBJPJM_05150	64.0	1244	419	11	2	1225	4	1238	0.0	1479
EABAIN_10190	CLEGAA_05005	59.4	1280	487	17	12	1272	2	1267	0.0	1380
EABAIN_10190	BPDDPD_13090	63.9	1067	372	9	14	1074	17	1076	0.0	1258
EABAIN_10190	ABIMCM_08925	51.1	1269	489	19	19	1272	22	1173	0.0	1101
EABAIN_10190	ALBBCB_05930	49.2	1286	623	19	6	1280	10	1276	0.0	1088
EABAIN_10190	IAMLOO_11445	45.3	1269	564	18	4	1262	8	1156	0.0	954
EABAIN_10190	CCDPJE_01740	51.2	832	395	8	52	880	34	857	1.44e-250	755
EABAIN_10190	GNOKMM_00535	43.7	1070	476	16	2	1067	6	953	1.83e-246	731
EABAIN_10190	KPGHOL_09965	44.2	932	457	21	12	931	11	891	2.10e-198	624
EABAIN_10190	HNNKEJ_01500	35.4	1305	639	44	14	1243	4	1179	2.95e-165	532
EABAIN_10190	BKOEEG_06570	34.0	1360	679	45	13	1222	3	1294	2.49e-153	505
EABAIN_10190	DNKGCI_01720	33.0	1347	705	46	22	1259	3	1261	5.77e-142	464
EABAIN_10190	HJMHNM_04980	49.0	500	245	8	767	1262	283	776	1.94e-138	441
EABAIN_10190	ONKCDP_02080	49.3	467	227	7	9	470	12	473	3.86e-121	384
EABAIN_10190	DDDLLA_04120	34.0	812	462	25	11	774	6	791	2.29e-101	356
EABAIN_10190	HNNKEJ_08925	33.1	746	393	26	567	1243	237	945	1.69e-79	285
EABAIN_10190	LEBGAN_12190	26.5	1010	557	34	364	1272	266	1191	6.02e-62	231
EABAIN_10190	BBKIGO_06380	54.8	177	78	2	914	1090	876	1050	5.69e-44	174
EABAIN_10190	HNNKEJ_13515	51.9	183	84	3	894	1073	406	587	2.75e-43	168
EABAIN_10190	AMHKJB_06385	54.8	177	78	2	914	1090	737	911	3.51e-43	171
EABAIN_10190	ABJDJH_03195	54.7	179	76	2	914	1088	738	915	1.08e-42	169
EABAIN_10190	CPACNB_10130	53.3	182	83	2	886	1067	709	888	2.31e-41	165
EABAIN_10190	IAFHMK_02770	25.0	1082	624	41	227	1243	206	1164	7.42e-37	151
EABAIN_10200	BJGLGA_02190	91.4	290	25	0	1	290	1	290	2.95e-158	442
EABAIN_10200	AMNNAF_03275	61.2	294	110	3	1	290	1	294	5.10e-69	215
EABAIN_10200	MNCDBI_01395	53.6	302	118	6	1	290	1	292	4.95e-63	200
EABAIN_10205	AMHKJB_11005	100	110	0	0	1	110	1	110	1.03e-77	223
EABAIN_10210	AMHKJB_11010	100	613	0	0	1	613	1	613	0.0	1160
EABAIN_10210	CBFHCM_10005	63.5	594	215	1	2	595	7	598	2.00e-268	747
EABAIN_10210	KGJGGL_03015	75.8	521	126	0	1	521	1	521	3.47e-266	765
EABAIN_10210	BKOEEG_06540	59.2	608	234	5	1	598	1	604	2.61e-245	688
EABAIN_10210	DDDLLA_02545	37.7	642	327	10	2	574	171	808	6.48e-131	403
EABAIN_10210	BGHOFK_00325	35.7	683	302	7	7	558	163	839	2.39e-130	403
EABAIN_10210	BLCAGE_01905	38.3	621	315	8	4	558	174	792	1.70e-127	394
EABAIN_10210	BIHALF_08510	37.7	626	320	9	2	560	172	794	1.84e-126	391
EABAIN_10210	EPKBNI_14320	38.9	584	344	10	6	582	3	580	3.93e-126	384
EABAIN_10210	CNLKLD_01815	37.1	623	324	8	2	558	171	791	1.91e-121	378
EABAIN_10210	ABIMCM_12640	37.2	618	311	10	7	560	80	684	9.98e-116	360
EABAIN_10210	HNNKEJ_00210	36.1	617	321	10	7	560	111	717	2.01e-113	355
EABAIN_10210	DDDLLA_01605	35.8	620	315	9	7	560	85	687	2.45e-110	346
EABAIN_10210	BAFDFF_13520	25.0	571	383	14	26	577	27	571	3.49e-44	167
EABAIN_10215	BFCBHP_11670	99.1	229	2	0	1	229	1	229	2.47e-145	404
EABAIN_10215	AMNNAF_03290	56.1	237	90	5	1	229	1	231	4.87e-65	201
EABAIN_10220	BPDDPD_02145	89.7	602	58	1	1	598	1	602	0.0	1058
EABAIN_10220	PLBPOI_08735	74.3	596	153	0	1	596	1	596	3.37e-316	867
EABAIN_10220	DDDLLA_04150	72.2	600	164	2	1	598	1	599	3.55e-305	839
EABAIN_10220	NOKDAP_00455	71.8	603	165	2	1	598	3	605	8.91e-305	838
EABAIN_10220	FPMMJC_07350	71.2	399	112	1	1	396	3	401	1.91e-195	553
EABAIN_10220	PELOCJ_00360	48.8	607	291	10	1	595	1	599	2.22e-172	502
EABAIN_10220	BKOEEG_06530	48.7	608	290	8	1	589	1	605	3.62e-172	502
EABAIN_10220	IAMLOO_09995	46.2	608	305	11	1	595	1	599	8.89e-161	472
EABAIN_10220	AJKPDP_05655	40.6	593	316	9	2	586	1	565	3.99e-133	400
EABAIN_10220	KGJGGL_03025	97.6	205	5	0	394	598	301	505	3.66e-126	380
EABAIN_10220	FMNMPI_10190	39.9	604	325	10	2	597	1	574	5.42e-123	374
EABAIN_10220	FPMMJC_07365	70.3	182	52	1	419	598	1	182	3.69e-78	244
EABAIN_10220	ABJDJH_13145	31.3	642	351	19	2	593	1	602	1.13e-71	244
EABAIN_10220	ABNNBP_14185	32.4	627	344	23	5	586	4	595	3.41e-67	231
EABAIN_10220	ABCBPP_13270	29.6	631	368	17	5	593	4	600	2.45e-66	229
EABAIN_10220	NMHJIK_01775	31.2	632	364	19	2	593	1	601	1.03e-61	216
EABAIN_10220	NGAPDN_14170	32.3	644	356	23	2	598	1	611	4.96e-61	215
EABAIN_10220	IPHMAI_13060	30.1	624	362	22	5	586	4	595	2.32e-58	207
EABAIN_10220	KNEDAK_09650	27.1	632	364	22	4	593	2	578	1.44e-40	156
EABAIN_10230	AMHKJB_11030	99.5	579	3	0	1	579	1	579	0.0	1129
EABAIN_10230	KGJGGL_03025	95.6	317	12	1	1	315	1	317	2.29e-210	594
EABAIN_10230	COBKPA_07535	57.1	595	217	8	1	579	1	573	1.23e-209	595
EABAIN_10230	PLBPOI_08765	53.0	566	231	9	2	565	4	536	5.04e-183	526
EABAIN_10230	DDDLLA_04165	46.2	507	241	10	79	573	200	686	1.58e-129	394
EABAIN_10230	FPMMJC_07340	55.9	349	147	4	197	542	274	618	5.10e-124	381
EABAIN_10230	FEPCCL_02435	35.5	589	333	15	4	562	5	576	8.59e-96	304
EABAIN_10230	IAMLOO_09985	37.4	607	301	23	7	563	11	588	8.89e-91	291
EABAIN_10230	FMHHMN_04655	42.6	376	200	8	197	562	160	529	1.76e-82	268
EABAIN_10230	PELOCJ_00375	34.6	589	312	23	6	562	8	555	5.04e-76	251
EABAIN_10235	BGLHNG_10450	97.3	657	18	0	1	657	1	657	0.0	1238
EABAIN_10235	COBKPA_07540	56.3	478	188	2	194	657	182	652	2.91e-166	490
EABAIN_10240	BPDDPD_02110	89.6	795	81	2	1	795	20	812	0.0	1356
EABAIN_10240	KGJGGL_03035	94.9	683	30	2	117	795	300	981	0.0	1223
EABAIN_10240	PLBPOI_08770	55.4	902	269	9	1	771	1	900	5.61e-320	897
EABAIN_10240	DDDLLA_04180	41.2	1034	329	20	1	756	1	1033	1.23e-216	639
EABAIN_10240	FPMMJC_07320	41.6	793	280	9	1	784	1	619	9.61e-186	544
EABAIN_10240	PELOCJ_00385	40.0	820	437	15	1	781	1	804	2.13e-170	511
EABAIN_10240	HBPNHC_03885	37.8	889	423	23	1	770	1	878	1.78e-157	481
EABAIN_10240	LFADFH_09075	54.9	359	156	3	413	767	139	495	5.46e-122	378
EABAIN_10240	FMHHMN_04670	56.8	359	152	3	412	770	680	1035	4.61e-121	389
EABAIN_10240	IAMLOO_09975	49.7	366	178	3	413	774	214	577	1.69e-117	367
EABAIN_10240	NGAPDN_14185	27.6	547	292	17	236	758	198	664	4.33e-43	167
EABAIN_10250	BFCBHP_11635	99.9	722	1	0	1	722	1	722	0.0	1379
EABAIN_10250	PCAMPM_03375	39.2	709	411	9	1	705	1	693	2.44e-154	464
EABAIN_10250	PKHBOA_09910	25.6	753	458	25	1	700	1	704	6.34e-45	171
EABAIN_10255	AMNNAF_03345	81.3	696	130	0	1	696	1	696	0.0	1040
EABAIN_10255	PLBPOI_08775	63.1	704	252	2	1	700	1	700	2.91e-282	790
EABAIN_10255	FPMMJC_07275	58.4	706	280	5	1	699	1	699	7.07e-256	723
EABAIN_10255	KGJGGL_03035	97.7	300	7	0	1	300	1	300	2.31e-189	562
EABAIN_10255	HBPNHC_03900	47.8	638	318	6	1	630	1	631	5.89e-176	518
EABAIN_10255	PELOCJ_00395	45.1	628	317	10	1	611	1	617	7.12e-157	469
EABAIN_10255	IAMLOO_09955	43.9	629	330	9	1	615	1	620	6.88e-146	441
EABAIN_10255	DDDLLA_04190	46.4	455	236	4	251	702	9	458	1.45e-103	323
EABAIN_10260	AMHKJB_11060	99.3	137	1	0	1	137	1	137	3.25e-96	272
EABAIN_10260	PLBPOI_08780	66.9	136	45	0	1	136	1	136	3.89e-63	189
EABAIN_10260	FPMMJC_07270	65.4	136	47	0	1	136	1	136	3.54e-59	179
EABAIN_10265	AMHKJB_11065	98.8	80	1	0	1	80	1	80	8.03e-50	150
EABAIN_10270	MNCDBI_01325	84.2	184	29	0	4	187	5	188	6.87e-107	303
EABAIN_10270	DDDLLA_10430	58.0	150	45	2	1	139	1	143	2.90e-48	154
EABAIN_10275	BFCBHP_11610	99.4	321	2	0	1	321	1	321	6.46e-228	620
EABAIN_10280	CBFHCM_09875	86.8	152	20	0	1	152	18	169	2.43e-93	267
EABAIN_10285	AMHKJB_11085	100	154	0	0	1	154	1	154	1.95e-112	315
EABAIN_10285	KNEDAK_00410	68.9	119	37	0	1	119	1	119	2.37e-58	177
EABAIN_10290	AMHKJB_11090	99.2	238	2	0	1	238	1	238	4.74e-168	462
EABAIN_10290	DDDLLA_10460	44.2	226	115	5	9	232	7	223	2.46e-49	161
EABAIN_10290	ALBBCB_05975	39.8	249	120	7	9	237	7	245	3.17e-47	156
EABAIN_10295	BGLHNG_10390	87.2	304	39	0	1	304	8	311	2.04e-176	489
EABAIN_10295	FPMMJC_07240	68.4	304	94	1	1	304	7	308	1.70e-132	378
EABAIN_10295	DDDLLA_10455	66.9	305	97	3	1	304	1	302	1.75e-128	367
EABAIN_10295	PLBPOI_10455	64.5	304	106	1	1	304	8	309	7.18e-125	358
EABAIN_10295	IAMLOO_09865	43.5	306	170	3	1	304	12	316	2.77e-69	217
EABAIN_10295	PELOCJ_00430	41.5	306	174	4	1	304	12	314	1.16e-61	197
EABAIN_10300	AMHKJB_11100	98.8	82	1	0	1	82	37	118	1.23e-52	159
EABAIN_10305	AMHKJB_11105	100	160	0	0	1	160	1	160	1.78e-111	313
EABAIN_10305	MNCDBI_01275	69.7	145	42	2	15	157	1	145	8.24e-67	199
EABAIN_10310	AMHKJB_11110	100	107	0	0	1	107	1	107	1.54e-73	213
EABAIN_10310	FPMMJC_07225	69.5	105	32	0	1	105	1	105	2.10e-49	152
EABAIN_10320	BGLHNG_10365	86.7	309	40	1	1	308	1	309	4.36e-191	526
EABAIN_10320	FPMMJC_07215	60.7	308	119	1	1	308	1	306	1.73e-132	378
EABAIN_10320	DDDLLA_10485	53.4	309	139	1	1	304	1	309	6.56e-112	326
EABAIN_10340	AAKGEC_11895	99.4	156	1	0	1	156	26	181	6.54e-109	307
EABAIN_10340	ABNNBP_11360	72.3	155	42	1	1	155	26	179	1.50e-75	223
EABAIN_10340	CDIIGJ_06150	53.8	156	70	2	1	155	26	180	1.04e-51	162
EABAIN_10345	CHBPFB_02525	100	231	0	0	1	231	1	231	5.93e-168	462
EABAIN_10345	CDIIGJ_06155	69.4	232	70	1	1	232	1	231	1.54e-113	324
EABAIN_10345	BGHOFK_07235	62.9	229	84	1	1	229	1	228	8.61e-101	291
EABAIN_10345	IAFHMK_00820	55.1	227	101	1	1	227	1	226	1.06e-84	251
EABAIN_10345	AANGNE_01750	53.3	229	106	1	1	229	1	228	3.90e-80	239
EABAIN_10345	OFBCLB_02505	50.9	228	109	3	5	232	3	227	1.19e-69	213
EABAIN_10345	LBKFJK_06695	50.7	219	106	2	4	222	2	218	3.27e-69	211
EABAIN_10345	DNKGCI_05505	49.1	224	112	2	4	227	2	223	2.49e-68	209
EABAIN_10345	LLMEEB_08325	42.1	221	127	1	3	223	5	224	2.26e-57	181
EABAIN_10345	HNNKEJ_07480	63.2	133	49	0	1	133	1	133	5.22e-57	178
EABAIN_10350	AANGNE_08085	82.6	625	107	1	1	625	1	623	0.0	1038
EABAIN_10355	AAKGEC_11880	98.4	191	3	0	1	191	1	191	5.59e-121	339
EABAIN_10355	DIBOGN_06640	70.5	190	54	1	1	190	1	188	5.89e-88	256
EABAIN_10360	ABCBPP_10000	99.3	136	1	0	1	136	1	136	5.85e-103	289
EABAIN_10360	IAFHMK_00830	66.4	116	39	0	15	130	1	116	1.16e-61	184
EABAIN_10360	AEFDGK_05280	64.7	116	41	0	15	130	1	116	4.82e-59	178
EABAIN_10360	CNLKLD_05645	62.9	116	43	0	15	130	1	116	6.36e-54	165
EABAIN_10365	AIGDEK_10060	99.2	133	1	0	1	133	7	139	1.58e-91	260
EABAIN_10365	CNLKLD_05650	69.1	123	38	0	7	129	5	127	3.38e-57	173
EABAIN_10370	BGHOFK_07205	76.9	451	101	1	1	448	2	452	1.90e-262	719
EABAIN_10370	AANGNE_08105	73.3	449	119	1	1	448	2	450	9.78e-253	694
EABAIN_10370	DDDLLA_02015	72.9	461	112	1	1	448	1	461	1.33e-248	684
EABAIN_10370	CNLKLD_05655	69.7	452	131	4	1	448	1	450	2.64e-229	635
EABAIN_10370	OJJKBE_02580	100	122	0	0	327	448	1	122	6.14e-79	240
EABAIN_10375	ALHAGD_09370	98.5	196	3	0	2	197	7	202	1.07e-129	362
EABAIN_10375	HNNKEJ_07515	65.4	185	64	0	13	197	1	185	1.49e-75	224
EABAIN_10375	DDDLLA_02010	56.9	197	84	1	1	197	1	196	1.60e-72	217
EABAIN_10375	CNLKLD_05660	53.8	199	89	2	1	197	1	198	1.26e-69	210
EABAIN_10380	DBFGIH_00950	84.4	199	31	0	1	199	1	199	6.26e-121	340
EABAIN_10385	AAKGEC_11850	100	256	0	0	1	256	1	256	7.06e-188	514
EABAIN_10385	HNNKEJ_07525	66.2	225	73	3	30	254	1	222	6.32e-105	303
EABAIN_10385	LBKFJK_06730	49.0	257	126	2	1	253	1	256	6.60e-86	256
EABAIN_10385	IAFHMK_00855	46.3	257	133	2	1	253	1	256	1.75e-83	249
EABAIN_10385	DNKGCI_05475	45.9	257	134	2	1	253	1	256	3.52e-83	249
EABAIN_10385	DDDLLA_02000	45.5	257	135	2	1	253	1	256	8.13e-82	245
EABAIN_10390	KGJGGL_07565	79.7	780	131	5	1	773	1	760	0.0	1154
EABAIN_10390	NHHNJB_05065	99.5	207	1	0	567	773	9	215	1.19e-111	337
EABAIN_10395	BGHOFK_07185	84.3	383	57	1	1	380	1	383	5.79e-216	595
EABAIN_10395	DNKGCI_05390	73.6	382	97	1	1	378	1	382	1.56e-197	549
EABAIN_10395	MONLHG_04685	62.9	385	114	3	1	380	1	361	1.40e-159	452
EABAIN_10395	AANGNE_03040	63.0	189	66	3	5	192	4	189	1.22e-69	216
EABAIN_10400	AAKGEC_11835	99.7	321	1	0	1	321	1	321	7.86e-229	623
EABAIN_10400	BNBIEO_00615	49.5	323	160	3	2	321	15	337	3.53e-104	308
EABAIN_10405	AAKGEC_11830	100	143	0	0	1	143	1	143	4.54e-99	280
EABAIN_10405	HNNKEJ_02970	72.0	143	40	0	1	143	2	144	2.44e-76	223
EABAIN_10405	BGHOFK_05350	69.9	143	43	0	1	143	1	143	4.17e-70	207
EABAIN_10405	CDIIGJ_02985	59.4	143	58	0	1	143	2	144	5.88e-61	184
EABAIN_10410	BGHOFK_07175	80.1	326	63	1	1	324	33	358	2.31e-187	520
EABAIN_10410	IAFHMK_04165	70.1	341	82	2	1	322	33	372	9.99e-167	468
EABAIN_10410	AANGNE_08145	67.9	318	100	1	1	318	33	348	1.14e-153	434
EABAIN_10410	DDDLLA_01980	66.9	323	104	2	1	323	33	352	7.34e-152	429
EABAIN_10410	CNLKLD_05685	63.9	319	113	1	5	323	56	372	5.31e-147	418
EABAIN_10410	GJNFIB_10575	38.6	324	197	2	2	324	55	377	1.11e-75	236
EABAIN_10410	AAKGEC_00435	34.4	326	210	4	1	324	52	375	5.15e-52	175
EABAIN_10415	AAKGEC_11820	100	114	0	0	1	114	1	114	5.86e-79	227
EABAIN_10420	OAEMLE_11740	98.7	395	3	1	1	395	1	393	1.55e-281	762
EABAIN_10435	AAKGEC_11800	99.7	932	3	0	1	932	1	932	0.0	1890
EABAIN_10440	CIJHDH_09860	94.9	315	8	1	1	307	1	315	1.37e-134	384
EABAIN_10440	CDIIGJ_06240	73.5	321	58	3	1	308	1	307	3.69e-103	303
EABAIN_10440	BGHOFK_07145	72.2	331	63	6	1	307	1	326	2.08e-100	297
EABAIN_10440	HNNKEJ_07655	65.6	308	90	3	1	308	1	292	4.13e-91	272
EABAIN_10440	DNKGCI_01205	76.9	225	46	3	1	223	1	221	2.25e-69	217
EABAIN_10440	DDDLLA_01950	85.6	194	27	1	1	193	1	194	7.26e-68	213
EABAIN_10440	LBKFJK_06845	82.5	194	33	1	1	193	7	200	1.54e-65	208
EABAIN_10440	DBFGIH_01060	76.0	196	36	1	1	196	1	185	7.83e-61	194
EABAIN_10440	CNLKLD_05770	50.0	204	87	2	1	204	1	189	1.40e-56	183
EABAIN_10440	IAFHMK_04195	67.9	215	69	0	1	215	1	215	1.56e-55	181
EABAIN_10445	AAKGEC_11790	97.7	263	6	0	1	263	1	263	9.42e-176	484
EABAIN_10445	CDIIGJ_06245	71.5	260	74	0	4	263	4	263	5.64e-131	370
EABAIN_10445	BGHOFK_07140	71.4	262	75	0	2	263	1	262	7.73e-131	370
EABAIN_10445	IAFHMK_04200	66.3	258	87	0	6	263	6	263	1.50e-119	342
EABAIN_10445	LBKFJK_06850	59.9	262	105	0	1	262	1	262	3.93e-112	323
EABAIN_10445	HNNKEJ_07660	64.3	263	94	0	1	263	1	263	1.56e-109	316
EABAIN_10445	AANGNE_08180	60.2	264	104	1	1	263	1	264	6.75e-109	315
EABAIN_10445	DDDLLA_01945	58.8	262	108	0	1	262	1	262	6.66e-106	307
EABAIN_10445	DNKGCI_01200	58.4	262	109	0	1	262	1	262	2.20e-104	303
EABAIN_10445	CNLKLD_05775	54.3	265	118	2	2	263	1	265	1.75e-99	291
EABAIN_10450	AAKGEC_11785	100	91	0	0	1	91	1	91	4.14e-57	170
EABAIN_10455	AAKGEC_11780	100	196	0	0	1	196	1	196	7.40e-133	370
EABAIN_10455	IAFHMK_04210	61.8	199	68	2	1	196	1	194	1.10e-71	215
EABAIN_10455	LBKFJK_06860	60.2	206	70	3	1	196	1	204	8.21e-69	208
EABAIN_10455	AEFDGK_05185	55.8	199	79	4	1	195	1	194	1.61e-56	176
EABAIN_10455	CNLKLD_05785	49.5	212	82	5	1	196	1	203	3.77e-52	166
EABAIN_10460	CPFDGH_06555	99.1	223	2	0	1	223	1	223	8.11e-154	425
EABAIN_10460	LBKFJK_06865	72.6	223	61	0	3	225	2	224	6.88e-114	324
EABAIN_10460	DDDLLA_01930	70.7	225	66	0	1	225	1	225	2.03e-110	315
EABAIN_10460	DNKGCI_01185	69.3	225	69	0	1	225	1	225	1.10e-108	311
EABAIN_10460	AANGNE_08195	65.5	223	77	0	1	223	1	223	1.00e-100	291
EABAIN_10460	CNLKLD_05790	64.3	224	79	1	1	223	15	238	1.63e-93	273
EABAIN_10465	AANGNE_08200	83.3	425	61	5	1	416	1	424	3.38e-234	645
EABAIN_10470	CJHCCN_07195	75.5	457	108	3	1	456	1	454	6.61e-240	662
EABAIN_10470	CNLKLD_05800	71.5	456	125	1	1	456	1	451	1.01e-226	629
EABAIN_10470	OAEMLE_11800	97.0	133	4	0	324	456	1	133	4.87e-83	251
EABAIN_10475	LCBNOF_10635	99.3	286	2	0	1	286	1	286	5.63e-197	540
EABAIN_10475	IAFHMK_04230	69.8	288	87	0	1	288	1	288	2.06e-141	399
EABAIN_10475	BNBIEO_04190	66.3	291	96	1	1	289	1	291	7.53e-133	377
EABAIN_10475	LBKFJK_06880	61.2	289	112	0	1	289	1	289	9.25e-124	354
EABAIN_10475	CNLKLD_05805	63.9	288	103	1	1	288	1	287	1.80e-123	353
EABAIN_10475	DDDLLA_01915	56.1	289	127	0	1	289	1	289	2.14e-110	320
EABAIN_10480	AGDPFD_08620	85.5	242	35	0	1	242	35	276	4.04e-147	411
EABAIN_10485	ECIJBF_01715	98.4	369	6	0	1	369	1	369	2.99e-265	719
EABAIN_10485	CDIIGJ_06285	71.0	365	105	1	1	365	1	364	1.81e-183	512
EABAIN_10485	BGHOFK_07100	63.5	367	134	0	1	367	1	367	3.12e-167	471
EABAIN_10485	HNNKEJ_07700	63.9	374	130	3	1	372	1	371	1.46e-166	469
EABAIN_10485	AAOIOD_00915	63.9	366	132	0	1	366	30	395	5.03e-164	464
EABAIN_10485	DNKGCI_10910	62.7	365	136	0	1	365	1	365	4.00e-161	456
EABAIN_10485	LBKFJK_02160	59.7	367	148	0	1	367	1	367	3.52e-159	451
EABAIN_10485	DBFGIH_02085	62.4	356	134	0	14	369	1	356	7.84e-153	434
EABAIN_10490	AAKGEC_11745	98.9	281	3	0	1	281	1	281	2.48e-205	560
EABAIN_10490	LBKFJK_09485	60.1	281	111	1	1	281	1	280	1.23e-124	356
EABAIN_10490	DNKGCI_00585	58.4	281	115	2	2	281	3	282	3.19e-118	340
EABAIN_10490	CDIIGJ_01590	47.3	256	133	1	5	258	4	259	7.87e-72	222
EABAIN_10490	MJPEDB_02500	43.5	253	141	1	7	257	6	258	7.19e-69	214
EABAIN_10490	MCFIIO_04210	39.5	263	157	1	1	261	1	263	3.42e-66	207
EABAIN_10490	IAFHMK_02645	41.8	263	140	3	6	257	8	268	2.74e-63	200
EABAIN_10490	ABNNBP_07265	38.6	254	152	3	3	253	2	254	1.35e-61	196
EABAIN_10490	CMMBIF_02665	38.1	260	157	3	7	263	6	264	1.51e-60	193
EABAIN_10490	AAKGEC_05485	41.1	265	142	4	6	259	8	269	1.90e-60	192
EABAIN_10490	ABCBPP_06850	43.3	261	139	5	2	256	4	261	2.61e-60	192
EABAIN_10490	DNKGCI_08600	40.2	261	143	3	1	250	3	261	1.10e-59	191
EABAIN_10490	HNNKEJ_05950	42.0	250	122	5	13	246	3	245	2.19e-59	189
EABAIN_10490	AANGNE_05130	41.5	260	143	5	5	258	6	262	1.60e-58	187
EABAIN_10490	LBKFJK_01770	39.3	262	146	4	7	257	10	269	3.56e-55	179
EABAIN_10490	CFLCIE_00940	37.5	261	160	2	5	263	4	263	1.38e-54	177
EABAIN_10490	IAFHMK_03355	36.5	255	158	3	7	258	12	265	3.05e-53	174
EABAIN_10490	BGHOFK_00970	37.2	261	154	5	4	257	8	265	5.74e-53	173
EABAIN_10490	IAFHMK_06940	36.7	264	150	6	6	256	9	268	2.32e-49	164
EABAIN_10490	CGMKCF_02875	36.8	261	130	7	5	257	1	234	1.42e-48	161
EABAIN_10490	EIKFFD_02290	35.7	266	153	6	7	258	8	269	2.99e-47	159
EABAIN_10495	LIMBNG_02915	99.5	441	2	0	1	441	1	441	1.96e-293	797
EABAIN_10495	FMBBOG_05420	67.5	437	141	1	1	436	1	437	2.54e-193	543
EABAIN_10495	AMCIGH_01535	64.1	443	156	3	1	441	1	442	7.45e-188	529
EABAIN_10495	DNKGCI_10395	63.6	439	160	0	3	441	4	442	1.98e-187	528
EABAIN_10495	LBKFJK_09490	63.8	436	158	0	1	436	1	436	2.69e-181	513
EABAIN_10495	BOCCFK_09980	58.9	399	164	0	3	401	10	408	4.26e-153	441
EABAIN_10495	DNKGCI_00590	47.5	408	198	6	4	401	2	403	8.41e-109	328
EABAIN_10495	ABIMCM_02120	35.7	437	275	4	2	434	23	457	1.05e-77	248
EABAIN_10495	CEHFAN_00675	46.9	175	91	1	264	438	1	173	5.34e-47	159
EABAIN_10500	AAKGEC_11735	99.7	292	1	0	1	292	1	292	1.28e-208	569
EABAIN_10500	AGDPFD_03950	72.3	289	80	0	1	289	1	289	6.04e-154	431
EABAIN_10500	LBKFJK_09500	64.8	290	101	1	1	290	1	289	1.06e-130	372
EABAIN_10500	DNKGCI_00600	63.8	290	105	0	1	290	1	290	2.96e-128	366
EABAIN_10500	GNOKMM_10365	33.2	286	183	3	1	284	1	280	1.53e-44	152
EABAIN_10505	AAKGEC_11730	100	134	0	0	1	134	1	134	4.66e-90	256
EABAIN_10505	GALHOA_09410	100	113	0	0	1	113	1	113	4.10e-74	218
EABAIN_10505	CDIIGJ_06295	73.4	124	33	0	1	124	1	124	1.84e-60	182
EABAIN_10505	BNBIEO_04940	66.9	124	39	1	1	124	1	122	1.79e-49	154
EABAIN_10510	CNLKLD_05840	76.9	438	98	3	19	454	1	437	1.03e-250	689
EABAIN_10515	AAKGEC_11720	97.5	197	5	0	1	197	1	197	3.53e-136	378
EABAIN_10515	ABCLFC_03365	71.7	219	29	3	12	197	6	224	3.14e-104	298
EABAIN_10515	DHALJH_08885	60.5	205	63	1	10	196	5	209	1.21e-84	248
EABAIN_10515	HNNKEJ_07710	63.1	187	66	1	10	196	5	188	8.56e-80	235
EABAIN_10515	LBKFJK_06900	54.8	188	82	1	9	196	1	185	2.74e-68	206
EABAIN_10515	DDDLLA_10120	53.4	189	85	1	9	197	1	186	1.39e-63	194
EABAIN_10515	DNKGCI_01155	49.7	189	89	2	9	197	1	183	3.20e-60	186
EABAIN_10515	AMCIGH_00115	47.9	163	84	1	26	188	24	185	8.71e-52	164
EABAIN_10520	AAKGEC_11715	99.6	226	1	0	1	226	1	226	6.98e-155	428
EABAIN_10525	AAKGEC_11710	100	92	0	0	1	92	1	92	1.75e-54	163
EABAIN_10530	AAKGEC_11705	99.5	194	1	0	1	194	1	194	5.90e-138	382
EABAIN_10530	AANGNE_08235	69.6	194	59	0	1	194	1	194	1.84e-93	270
EABAIN_10530	IAFHMK_04290	67.9	193	61	1	2	194	1	192	1.99e-85	249
EABAIN_10530	CNLKLD_05855	65.2	184	64	0	4	187	2	185	4.57e-83	243
EABAIN_10530	DDDLLA_10105	63.7	190	66	1	1	187	1	190	4.62e-80	236
EABAIN_10535	AAKGEC_11700	99.8	458	1	0	1	458	1	458	4.16e-307	832
EABAIN_10535	BNBIEO_10740	39.9	363	215	2	84	445	1	361	3.94e-77	244
EABAIN_10540	BGHOFK_07055	76.7	262	60	1	1	262	1	261	2.12e-137	387
EABAIN_10540	AANGNE_08245	69.1	262	81	0	1	262	1	262	2.31e-125	356
EABAIN_10540	DDDLLA_10095	69.8	262	79	0	1	262	1	262	1.26e-122	349
EABAIN_10540	CNLKLD_05865	61.5	262	101	0	1	262	1	262	7.70e-110	317
EABAIN_10540	AAKGEC_08940	44.5	265	141	3	4	262	3	267	1.34e-69	215
EABAIN_10545	AAKGEC_11690	100	89	0	0	1	89	1	89	3.72e-59	175
EABAIN_10550	ABCLFC_03325	85.5	572	76	4	1	570	1	567	1.13e-303	838
EABAIN_10550	CDIIGJ_06345	76.6	586	130	2	1	579	1	586	1.80e-289	802
EABAIN_10550	IAFHMK_04315	68.5	590	169	6	1	580	1	583	2.01e-265	741
EABAIN_10550	HNNKEJ_07750	71.9	576	149	7	1	572	1	567	1.09e-245	691
EABAIN_10550	DNKGCI_01120	67.4	580	174	4	1	570	1	575	1.10e-242	683
EABAIN_10550	BGHOFK_07045	60.8	637	187	7	1	580	1	631	5.73e-238	674
EABAIN_10550	ACDDAG_01920	60.4	581	211	8	1	565	1	578	6.22e-218	622
EABAIN_10550	CNLKLD_05885	56.5	591	239	8	1	578	1	586	3.34e-203	583
EABAIN_10550	NEBMPO_07510	98.6	145	2	0	436	580	1	145	3.09e-91	280
EABAIN_10555	DNKGCI_01115	79.7	256	52	0	1	256	1	256	4.85e-146	408
EABAIN_10555	AANGNE_08260	77.4	248	55	1	1	248	1	247	2.16e-137	386
EABAIN_10555	CNLKLD_05890	76.3	245	57	1	1	245	1	244	2.00e-131	372
EABAIN_10560	AAOIOD_01085	75.7	423	102	1	1	422	1	423	1.66e-231	638
EABAIN_10560	DDDLLA_10070	73.6	424	109	1	1	421	1	424	3.25e-227	627
EABAIN_10560	CPLMAE_01195	97.1	310	9	0	115	424	7	316	2.92e-215	593
EABAIN_10560	IAFHMK_04325	62.8	430	146	4	4	421	6	433	7.79e-183	515
EABAIN_10565	CLAPNJ_06120	78.1	169	34	2	3	168	175	343	1.80e-78	236
EABAIN_10565	AANGNE_03760	74.9	171	39	2	1	168	1	170	1.34e-76	225
EABAIN_10565	BGHOFK_07025	76.3	160	38	0	1	160	1	160	2.03e-73	217
EABAIN_10565	LBKFJK_04565	67.3	153	50	0	8	160	8	160	8.32e-65	195
EABAIN_10565	KKACAP_12135	65.7	169	30	3	3	168	15	158	2.41e-60	184
EABAIN_10565	DDDLLA_10260	66.2	139	47	0	5	143	6	144	4.01e-60	183
EABAIN_10575	ABCBPP_10535	84.3	185	0	1	2	186	2	157	1.69e-97	278
EABAIN_10575	BGHOFK_10530	48.1	185	96	0	1	185	1	185	2.17e-57	178
EABAIN_10575	AJCMKJ_10760	45.9	185	99	1	1	185	1	184	1.38e-55	173
EABAIN_10575	AAKGEC_01095	46.8	186	99	0	1	186	1	186	1.64e-54	171
EABAIN_10575	AANGNE_06075	48.1	183	93	1	2	184	2	182	3.29e-54	170
EABAIN_10575	HJMHNM_08885	48.1	183	94	1	2	183	2	184	5.36e-53	167
EABAIN_10575	CDIIGJ_00440	47.1	174	92	0	1	174	1	174	8.71e-52	164
EABAIN_10575	EMAPBM_05585	45.2	186	102	0	1	186	1	186	1.42e-50	160
EABAIN_10575	AANGNE_03750	46.2	182	98	0	2	183	2	183	1.03e-47	153
EABAIN_10575	HIJKML_11945	43.7	174	98	0	1	174	1	174	8.29e-47	151
EABAIN_10585	CDIIGJ_06365	82.1	318	54	1	1	318	1	315	2.91e-188	520
EABAIN_10585	DNKGCI_01100	74.3	319	79	1	1	319	1	316	1.04e-167	468
EABAIN_10585	CNLKLD_05900	68.4	310	95	1	9	318	1	307	6.71e-155	435
EABAIN_10585	DDDLLA_10065	66.4	321	101	3	1	317	1	318	8.13e-145	410
EABAIN_10585	GFAJDO_03380	88.2	153	14	1	171	319	6	158	4.48e-91	268
EABAIN_10590	AAKGEC_11645	98.7	154	2	0	1	154	1	154	3.37e-113	317
EABAIN_10595	AAKGEC_11640	98.8	173	2	0	1	173	1	173	6.31e-125	348
EABAIN_10595	DNKGCI_01095	65.2	161	56	0	1	161	1	161	1.95e-75	223
EABAIN_10595	HNNKEJ_07770	68.2	154	49	0	8	161	63	216	6.85e-75	223
EABAIN_10595	LBKFJK_06960	62.3	138	52	0	24	161	1	138	9.35e-62	187
EABAIN_10600	AAKGEC_11635	91.9	124	10	0	1	124	1	124	2.30e-83	239
EABAIN_10600	CDIIGJ_06380	71.3	122	35	0	1	122	1	122	1.85e-63	189
EABAIN_10600	HNNKEJ_07775	63.1	122	45	0	1	122	1	122	1.36e-55	169
EABAIN_10600	IAFHMK_04335	57.4	122	52	0	1	122	1	122	1.28e-48	151
EABAIN_10605	DNKGCI_01090	77.0	786	174	2	1	779	1	786	0.0	1193
EABAIN_10605	IAFHMK_04340	74.8	794	184	3	1	779	1	793	0.0	1166
EABAIN_10605	AANGNE_08290	74.4	778	193	3	2	779	4	775	0.0	1143
EABAIN_10605	CNLKLD_05905	72.1	778	212	2	2	779	7	779	0.0	1107
EABAIN_10615	AANGNE_08300	92.0	201	16	0	1	201	1	201	6.88e-132	368
EABAIN_10620	DDDLLA_10040	89.9	386	39	0	146	531	156	541	3.54e-240	669
EABAIN_10625	AAKGEC_11610	100	237	0	0	1	237	1	237	4.76e-172	472
EABAIN_10625	CJHCCN_07360	59.1	237	97	0	1	237	1	237	2.93e-100	291
EABAIN_10625	DDDLLA_06085	43.5	237	131	3	1	235	1	236	1.22e-63	197
EABAIN_10630	AMHKJB_11425	100	398	0	0	1	398	1	398	7.25e-276	749
EABAIN_10630	JIMIHD_02715	46.5	396	199	5	4	399	2	384	3.11e-106	318
EABAIN_10635	IAFHMK_04380	78.7	395	83	1	1	395	1	394	1.01e-239	657
EABAIN_10635	BEGLKA_03340	97.3	258	7	0	1	258	1	258	6.07e-185	513
EABAIN_10640	ABCBPP_10600	98.8	250	3	0	1	250	1	250	1.47e-177	487
EABAIN_10640	BGHOFK_06965	70.1	251	74	1	1	250	1	251	3.01e-122	347
EABAIN_10640	IAFHMK_04385	66.9	248	82	0	3	250	2	249	5.63e-115	329
EABAIN_10640	LBKFJK_07000	64.0	250	89	1	1	250	1	249	2.28e-114	327
EABAIN_10640	DNKGCI_01055	61.2	250	96	1	1	250	1	249	4.54e-107	309
EABAIN_10640	AANGNE_08320	62.8	250	92	1	1	250	1	249	4.29e-105	304
EABAIN_10640	DDDLLA_10025	58.3	259	97	4	1	250	1	257	1.07e-95	280
EABAIN_10640	CNLKLD_05610	54.7	247	110	2	4	249	3	248	1.36e-91	270
EABAIN_10645	AAKGEC_11590	100	154	0	0	1	154	1	154	3.42e-88	253
EABAIN_10645	CDIIGJ_06425	73.9	157	37	2	1	154	1	156	1.38e-55	171
EABAIN_10655	CDIIGJ_06435	82.6	367	61	2	1	364	1	367	3.11e-172	484
EABAIN_10655	HNNKEJ_07835	75.3	369	88	1	1	369	1	366	1.72e-161	456
EABAIN_10655	IAFHMK_04395	68.4	364	110	3	3	361	4	367	4.42e-133	384
EABAIN_10655	DDDLLA_10010	65.3	386	111	2	1	368	1	381	2.02e-129	375
EABAIN_10655	AANGNE_08335	61.6	362	133	3	3	361	2	360	2.47e-128	372
EABAIN_10655	LBKFJK_07015	64.2	377	121	1	1	363	1	377	6.65e-127	369
EABAIN_10655	CNLKLD_05620	64.5	372	128	2	1	368	1	372	7.67e-125	363
EABAIN_10655	DNKGCI_01040	61.1	373	133	2	1	361	1	373	2.33e-114	337
EABAIN_10660	KOJBHC_09640	93.4	573	19	1	1	554	1	573	9.68e-278	767
EABAIN_10660	FGPNLL_10865	92.1	355	28	0	200	554	189	543	2.15e-233	653
EABAIN_10660	HCCODA_04080	82.0	356	63	1	200	554	149	504	2.95e-204	578
EABAIN_10660	HNNKEJ_07840	80.8	349	64	1	206	554	187	532	9.72e-200	567
EABAIN_10660	CDIIGJ_06440	80.3	355	69	1	200	554	182	535	4.36e-199	566
EABAIN_10660	BGHOFK_06950	77.7	336	75	0	219	554	210	545	7.97e-187	535
EABAIN_10660	JAFLJO_01330	72.2	316	86	1	210	523	155	470	6.02e-158	459
EABAIN_10660	CJHCCN_07340	59.3	322	118	3	234	554	189	498	2.70e-124	374
EABAIN_10660	FAAIHB_00255	59.0	324	116	4	234	554	239	548	4.39e-121	367
EABAIN_10660	CNLKLD_05625	56.1	314	124	4	242	554	253	553	4.39e-109	336
EABAIN_10660	EJHBKF_10860	80.4	316	7	1	1	316	1	261	1.45e-77	246
EABAIN_10665	DDDLLA_10005	85.6	298	38	1	1	298	1	293	2.75e-182	503
EABAIN_10665	CNLKLD_05415	53.7	283	126	1	10	292	8	285	2.93e-105	308
EABAIN_10665	DBFGIH_06940	39.3	305	156	8	1	298	1	283	7.82e-60	192
EABAIN_10725	AAKGEC_09855	99.5	219	1	0	1	219	1	219	2.79e-137	383
EABAIN_10725	BGHOFK_07560	67.8	214	69	0	4	217	3	216	3.09e-97	281
EABAIN_10725	DNKGCI_08975	62.7	217	81	0	3	219	1	217	7.03e-91	265
EABAIN_10730	JAFLJO_08530	90.1	644	64	0	1	644	30	673	0.0	1184
EABAIN_10735	AANGNE_08415	82.9	105	18	0	1	105	21	125	7.79e-59	176
EABAIN_10740	ABNNBP_11795	96.6	415	14	0	1	415	6	420	4.70e-265	723
EABAIN_10740	DNKGCI_08960	29.7	421	265	8	16	415	23	433	1.19e-44	160
EABAIN_10745	AAKGEC_09875	100	202	0	0	1	202	1	202	1.56e-146	405
EABAIN_10745	CNLKLD_02625	57.9	197	80	2	1	194	1	197	2.56e-81	240
EABAIN_10750	AANGNE_08425	86.3	211	27	1	1	211	1	209	8.03e-128	358
EABAIN_10755	BGHOFK_07530	91.0	376	34	0	1	376	1	376	6.24e-224	615
EABAIN_10755	IAFHMK_09185	73.3	375	98	1	1	375	1	373	1.70e-177	498
EABAIN_10755	AKPIPJ_03190	71.2	378	107	1	1	378	1	376	1.62e-174	490
EABAIN_10755	BNBIEO_09110	71.0	379	108	2	1	379	1	377	8.88e-171	481
EABAIN_10755	NEHKFL_07100	68.8	378	116	1	1	378	1	376	5.71e-169	476
EABAIN_10755	OFBCLB_04525	68.6	379	117	1	1	379	1	377	2.49e-162	459
EABAIN_10755	BOKJIE_02175	36.5	384	233	7	1	376	1	381	5.69e-59	195
EABAIN_10760	KBGOAJ_11300	99.2	387	2	1	1	387	1	386	4.26e-282	763
EABAIN_10760	CDIIGJ_06540	71.2	385	111	0	1	385	1	385	5.22e-212	586
EABAIN_10760	BGHOFK_07525	69.4	386	118	0	1	386	1	386	3.33e-208	576
EABAIN_10760	IAFHMK_01885	68.8	385	120	0	1	385	1	385	1.67e-203	564
EABAIN_10760	HNNKEJ_07950	68.8	385	120	0	1	385	1	385	1.00e-202	562
EABAIN_10760	OFBCLB_07215	57.5	388	163	1	1	386	1	388	3.30e-166	470
EABAIN_10760	LBKFJK_03875	53.8	385	178	0	1	385	1	385	1.85e-155	442
EABAIN_10760	BNBIEO_05675	29.5	393	264	8	1	386	7	393	1.47e-61	202
EABAIN_10760	CNLKLD_06405	27.7	386	270	5	5	384	2	384	1.79e-52	179
EABAIN_10765	BGHOFK_07520	78.3	359	78	0	1	359	1	359	2.13e-201	557
EABAIN_10765	FBLNFP_09685	43.5	375	194	2	5	361	4	378	1.35e-96	292
EABAIN_10765	AOJAFJ_06850	35.6	362	215	3	17	360	15	376	5.97e-73	231
EABAIN_10765	FJJMED_07365	40.4	267	143	2	7	264	8	267	5.52e-61	196
EABAIN_10765	AHPAPB_00360	32.2	426	221	9	4	361	7	432	1.53e-54	184
EABAIN_10770	BNFMAL_07580	99.1	319	3	0	1	319	1	319	2.96e-236	642
EABAIN_10770	IAFHMK_01895	69.0	316	97	1	1	316	1	315	1.88e-161	452
EABAIN_10770	DDDLLA_00310	52.4	307	145	1	1	306	1	307	3.47e-112	327
EABAIN_10775	AAKGEC_09905	97.8	186	4	0	1	186	1	186	1.58e-129	360
EABAIN_10775	CDIIGJ_06560	70.5	183	54	0	1	183	1	183	2.84e-92	266
EABAIN_10775	HNNKEJ_07970	68.8	186	58	0	1	186	1	186	9.59e-90	260
EABAIN_10775	BGHOFK_07505	63.4	186	68	0	1	186	1	186	2.41e-84	246
EABAIN_10775	LBKFJK_07135	62.9	186	69	0	1	186	1	186	1.58e-81	239
EABAIN_10775	DNKGCI_10295	59.6	183	74	0	1	183	12	194	1.14e-76	227
EABAIN_10775	DDDLLA_04510	59.0	183	75	0	1	183	3	185	3.10e-75	223
EABAIN_10780	AAKGEC_09910	100	302	0	0	1	302	1	302	2.72e-199	546
EABAIN_10780	BGHOFK_07500	73.8	302	79	0	1	302	1	302	3.08e-145	410
EABAIN_10780	CNLKLD_02645	68.2	261	83	0	1	261	1	261	2.63e-119	343
EABAIN_10780	IAFHMK_01905	55.3	300	134	0	1	300	1	300	2.89e-102	301
EABAIN_10780	DDDLLA_07170	50.8	299	147	0	1	299	1	299	1.00e-92	276
EABAIN_10785	AAKGEC_09915	98.6	289	4	0	1	289	1	289	2.24e-221	601
EABAIN_10785	DNKGCI_11315	68.8	288	90	0	1	288	1	288	2.60e-156	437
EABAIN_10785	CNLKLD_02650	69.4	288	88	0	1	288	1	288	1.75e-154	432
EABAIN_10785	AANGNE_08435	66.3	288	97	0	1	288	1	288	2.14e-148	417
EABAIN_10785	IAFHMK_01920	65.5	287	99	0	1	287	1	287	1.67e-145	409
EABAIN_10785	HNNKEJ_06250	38.8	278	157	8	3	274	2	272	8.45e-57	184
EABAIN_10785	CDIIGJ_05185	34.7	294	173	9	3	288	2	284	9.19e-53	173
EABAIN_10785	ADJCAM_03515	32.0	294	183	9	4	288	7	292	8.04e-51	169
EABAIN_10785	BGCJLL_01100	33.3	300	165	9	5	287	4	285	7.03e-48	160
EABAIN_10785	DDDLLA_03695	35.7	272	156	10	5	268	4	264	8.46e-46	155
EABAIN_10790	AAKGEC_09920	100	314	0	0	1	314	1	314	1.66e-231	629
EABAIN_10795	DNKIME_01645	75.1	438	105	1	1	434	1	438	3.71e-183	517
EABAIN_10795	CNLKLD_01905	68.7	434	117	3	1	434	1	415	1.83e-167	476
EABAIN_10800	BGHOFK_07480	81.0	216	41	0	1	216	1	216	1.45e-121	343
EABAIN_10800	ABNNBP_05535	41.7	211	120	2	2	212	3	210	1.54e-51	165
EABAIN_10805	AAKGEC_09935	98.8	85	1	0	1	85	1	85	1.63e-49	150
EABAIN_10810	AAKGEC_09940	100	86	0	0	1	86	1	86	7.99e-55	164
EABAIN_10815	AAKGEC_09945	99.3	307	2	0	1	307	1	307	1.35e-222	606
EABAIN_10820	AAKGEC_09950	96.2	364	3	1	1	364	21	373	2.92e-157	446
EABAIN_10820	HNNKEJ_08025	59.8	363	93	4	16	364	28	351	1.21e-81	252
EABAIN_10820	BGHOFK_07455	57.2	383	139	3	1	364	1	377	1.66e-79	248
EABAIN_10820	CDIIGJ_06605	49.0	367	170	2	1	364	21	373	6.56e-78	243
EABAIN_10820	DDDLLA_07250	45.7	374	175	4	1	364	5	360	3.61e-60	197
EABAIN_10820	BNBIEO_09050	37.3	359	177	5	11	364	22	337	2.33e-54	181
EABAIN_10820	LBKFJK_05785	59.7	347	127	2	20	363	24	360	3.56e-52	176
EABAIN_10820	DBFGIH_01350	48.7	351	149	3	18	364	27	350	6.98e-48	165
EABAIN_10820	DNKGCI_11350	54.3	350	137	2	18	364	23	352	1.44e-47	164
EABAIN_10820	IAFHMK_01955	50.6	344	155	2	25	364	36	368	4.74e-44	155
EABAIN_10820	ACDDAG_02245	38.5	366	157	4	18	364	27	343	5.28e-44	154
EABAIN_10825	ABCBPP_10795	99.6	797	3	0	1	797	1	797	0.0	1527
EABAIN_10825	CNLKLD_01885	73.7	803	205	3	1	797	1	803	0.0	1121
EABAIN_10825	AANGNE_08500	69.7	802	238	4	1	797	1	802	0.0	1072
EABAIN_10830	HNNKEJ_08045	92.2	346	27	0	1	346	4	349	3.22e-239	651
EABAIN_10835	BOGGMI_09570	99.4	176	1	0	1	176	1	176	2.85e-133	370
EABAIN_10835	EGPLAC_08805	98.9	177	2	0	1	177	48	224	3.21e-133	371
EABAIN_10840	ABJDJH_08425	97.8	179	4	0	1	179	1	179	3.08e-126	352
EABAIN_10840	ACDDAG_08390	62.6	174	65	0	1	174	1	174	4.54e-74	220
EABAIN_10845	AAKGEC_09975	99.8	492	1	0	1	492	1	492	0.0	983
EABAIN_10845	CDIIGJ_06640	71.3	495	139	2	1	492	1	495	1.73e-266	733
EABAIN_10845	AANGNE_05035	70.4	493	145	1	1	492	1	493	1.12e-252	697
EABAIN_10845	KCGGLB_06975	68.2	493	156	1	1	492	1	493	1.30e-251	695
EABAIN_10845	DBJPJM_10005	60.6	320	121	3	32	348	891	1208	1.43e-128	406
EABAIN_10845	DHALJH_09815	46.8	451	214	10	32	467	26	465	4.03e-126	379
EABAIN_10850	LBIEGE_10760	99.5	218	1	0	1	218	1	218	2.42e-159	439
EABAIN_10850	BGHOFK_00220	65.5	220	70	2	1	220	1	214	7.05e-107	306
EABAIN_10850	BNBIEO_03095	63.6	220	75	1	1	220	1	215	6.40e-94	281
EABAIN_10850	IAMLOO_06245	65.2	207	67	2	2	208	3	204	2.60e-92	277
EABAIN_10850	PFOEKP_01465	60.2	206	78	2	1	206	1	202	7.18e-84	255
EABAIN_10850	BLCAGE_04895	74.8	103	26	0	7	109	4	106	7.24e-53	166
EABAIN_10855	DDDLLA_07275	90.9	428	39	0	1	428	37	464	4.31e-292	793
EABAIN_10860	PLDCIE_12680	88.1	201	23	1	4	204	1	200	2.17e-113	321
EABAIN_10860	LBKFJK_02240	59.1	203	82	1	4	206	2	203	2.19e-79	235
EABAIN_10860	IAFHMK_01530	46.8	201	106	1	6	206	3	202	2.99e-61	189
EABAIN_10860	DNKGCI_08135	49.8	201	99	1	6	206	3	201	1.76e-60	187
EABAIN_10870	BPNIAE_08135	98.7	154	2	0	2	155	14	167	2.71e-104	295
EABAIN_10870	HCKLJM_09085	99.1	108	1	0	48	155	200	307	1.77e-69	211
EABAIN_10870	ABNNBP_01090	55.3	170	54	2	1	155	1	163	1.94e-52	163
EABAIN_10875	HCKLJM_09085	94.9	215	11	0	1	215	1	215	4.34e-133	376
EABAIN_10875	ACIHME_09380	96.6	208	7	0	18	225	65	272	5.20e-133	374
EABAIN_10880	ABNNBP_12670	78.0	164	35	1	3	166	1	163	9.23e-88	253
EABAIN_10890	CGMKCF_08500	89.7	107	6	1	1	107	1	102	6.79e-67	196
EABAIN_10890	ABNNBP_12665	67.3	107	35	0	1	107	2	108	6.86e-55	166
EABAIN_10890	EEJBJI_09240	58.9	107	44	0	1	107	1	107	8.30e-49	150
EABAIN_10895	AAKGEC_10025	99.4	314	2	0	1	314	1	314	6.21e-227	617
EABAIN_10900	DBDHAK_07655	96.5	173	6	0	1	173	1	173	1.51e-122	342
EABAIN_10900	HNNKEJ_08065	68.6	172	50	1	1	172	1	168	1.58e-88	256
EABAIN_10900	CDIIGJ_06660	61.8	173	66	0	1	173	1	173	2.23e-82	240
EABAIN_10900	BGHOFK_07420	60.1	173	69	0	1	173	1	173	2.59e-77	228
EABAIN_10900	LBKFJK_05760	59.7	176	65	2	1	173	1	173	9.84e-74	218
EABAIN_10900	HDKJGO_06005	55.2	172	76	1	1	171	1	172	5.56e-71	211
EABAIN_10900	CJHCCN_03740	48.6	173	86	1	1	173	21	190	5.46e-56	174
EABAIN_10905	AANGNE_08545	86.4	330	43	1	1	330	1	328	7.98e-205	563
EABAIN_10915	IAFHMK_02000	75.9	286	69	0	6	291	5	290	5.42e-155	434
EABAIN_10915	DDDLLA_07310	73.2	291	77	1	1	291	1	290	1.72e-151	425
EABAIN_10915	CNLKLD_02835	65.2	290	101	0	1	290	1	290	1.39e-136	387
EABAIN_10915	AANGNE_08555	61.8	288	110	0	4	291	6	293	2.04e-127	364
EABAIN_10915	CGMKCF_08470	73.5	166	44	0	1	166	1	166	1.57e-86	256
EABAIN_10920	IAFHMK_02000	71.5	284	81	0	8	291	7	290	1.77e-143	404
EABAIN_10920	DDDLLA_07310	66.0	291	98	1	1	291	1	290	7.93e-140	395
EABAIN_10920	CNLKLD_02835	63.3	286	105	0	1	286	1	286	1.05e-130	372
EABAIN_10920	AANGNE_08555	57.7	286	121	0	6	291	8	293	5.86e-119	342
EABAIN_10920	CGMKCF_08470	100	166	0	0	1	166	1	166	6.27e-114	325
EABAIN_10925	AAKGEC_10055	99.7	309	1	0	1	309	1	309	2.69e-214	585
EABAIN_10925	AANGNE_08560	69.7	284	86	0	26	309	4	287	1.50e-141	400
EABAIN_10930	ANIMCG_07810	99.7	590	2	0	1	590	11	600	0.0	1147
EABAIN_10930	IAFHMK_09835	47.4	603	281	9	6	584	4	594	2.70e-181	524
EABAIN_10930	CEHAJH_00955	52.1	219	98	2	361	578	10	222	2.35e-73	234
EABAIN_10935	AAKGEC_10065	98.7	76	1	0	1	76	47	122	4.41e-52	157
EABAIN_10945	AAKGEC_10070	99.8	430	1	0	1	430	1	430	1.03e-311	842
EABAIN_10950	AAKGEC_10075	99.7	386	1	0	1	386	1	386	7.07e-283	765
EABAIN_10950	OFBCLB_06620	46.3	374	196	5	9	380	8	378	9.89e-108	321
EABAIN_10950	IAFHMK_03230	28.3	382	229	2	7	380	11	355	1.11e-51	176
EABAIN_10950	PHJNPH_09120	30.3	373	221	5	8	378	6	341	2.01e-50	172
EABAIN_10955	AAKGEC_10080	100	107	0	0	1	107	1	107	1.01e-69	203
EABAIN_10960	BAOMEA_09555	84.3	287	44	1	1	286	1	287	4.57e-181	499
EABAIN_10960	DFPFAH_12290	77.0	287	65	1	1	286	1	287	2.34e-167	464
EABAIN_10960	AMLBPA_12185	62.2	288	103	4	1	286	1	284	3.45e-124	355
EABAIN_10960	KILFKA_12550	61.1	293	101	5	1	286	1	287	1.70e-120	346
EABAIN_10960	AMLBPA_12210	60.1	291	103	5	1	286	1	283	6.17e-115	332
EABAIN_10960	ABIMCM_02100	81.5	151	28	0	136	286	16	166	1.12e-92	271
EABAIN_10960	MHGLEN_14120	79.4	131	27	0	156	286	262	392	1.86e-74	232
EABAIN_10960	CGMKCF_08435	86.2	94	13	0	193	286	1	94	8.08e-56	174
EABAIN_10965	AAKGEC_10090	100	190	0	0	1	190	1	190	8.09e-134	372
EABAIN_10965	CNLKLD_02860	74.7	190	42	1	1	190	1	184	7.42e-99	283
EABAIN_10970	AOPEMA_10740	97.3	298	7	1	1	298	1	297	2.14e-180	498
EABAIN_10970	HNNKEJ_08110	67.4	301	94	2	1	298	1	300	3.21e-129	369
EABAIN_10970	FMBBOG_01725	71.9	295	81	1	1	295	1	293	2.91e-128	366
EABAIN_10970	CDIIGJ_06705	67.7	291	92	2	2	290	11	301	1.23e-119	345
EABAIN_10970	IAFHMK_02025	59.5	296	120	0	1	296	1	296	3.27e-93	278
EABAIN_10970	LBKFJK_05710	60.3	295	107	5	1	288	1	292	5.65e-92	275
EABAIN_10970	DDDLLA_07335	49.5	297	148	2	1	295	1	297	7.29e-87	261
EABAIN_10970	DNKGCI_11410	58.2	256	106	1	3	257	2	257	3.31e-79	242
EABAIN_10970	AGDPFD_08295	53.1	288	123	3	1	277	1	287	4.00e-74	229
EABAIN_10970	CNLKLD_02865	65.8	120	41	0	4	123	3	122	1.59e-49	165
EABAIN_10975	BNPKDP_10250	92.7	426	31	0	1	426	1	426	6.34e-290	786
EABAIN_10975	IAFHMK_02030	75.4	427	105	0	1	427	1	427	1.68e-235	649
EABAIN_10975	DNKGCI_11415	74.0	427	111	0	1	427	1	427	5.31e-232	640
EABAIN_10975	AANGNE_08585	70.3	427	127	0	1	427	1	427	1.13e-226	626
EABAIN_10975	OFBCLB_04740	72.0	425	119	0	1	425	1	425	8.59e-223	617
EABAIN_10975	CNLKLD_02870	65.1	427	143	1	1	427	1	421	8.84e-197	550
EABAIN_10980	CGMKCF_08405	98.3	423	6	1	1	423	1	422	1.12e-293	795
EABAIN_10980	CDIIGJ_06715	68.2	437	117	1	1	415	1	437	1.15e-213	594
EABAIN_10980	HNNKEJ_08120	68.7	402	125	1	9	409	1	402	1.50e-197	551
EABAIN_10980	BGHOFK_07350	65.0	434	136	3	3	421	8	440	7.02e-195	546
EABAIN_10980	DNKGCI_11420	64.6	418	147	1	2	418	7	424	1.80e-193	542
EABAIN_10980	IAFHMK_02035	64.6	410	144	1	1	409	3	412	8.85e-189	530
EABAIN_10980	LBKFJK_05700	62.1	390	147	1	21	409	1	390	2.72e-174	492
EABAIN_10980	OFBCLB_04745	61.8	390	148	1	21	409	1	390	1.27e-172	488
EABAIN_10980	AANGNE_08590	58.0	417	170	1	1	417	3	414	2.80e-168	478
EABAIN_10980	CNLKLD_02875	55.6	412	180	1	1	409	3	414	1.15e-161	461
EABAIN_10985	DBDHAK_07730	100	120	0	0	1	120	1	120	4.00e-80	230
EABAIN_10985	DNKGCI_11425	70.6	119	35	0	1	119	1	119	9.14e-54	164
EABAIN_10985	AANGNE_08595	70.8	120	35	0	1	120	1	120	1.06e-52	161
EABAIN_10985	LBKFJK_05695	70.6	119	35	0	1	119	1	119	6.15e-52	159
EABAIN_10990	BGHOFK_07340	83.5	358	59	0	1	358	1	358	6.29e-218	598
EABAIN_10990	CNLKLD_02885	73.7	357	94	0	1	357	1	357	4.93e-189	525
EABAIN_10990	BNBIEO_02120	74.3	354	90	1	1	354	1	353	3.05e-185	516
EABAIN_10995	ABCBPP_11035	96.7	122	4	0	1	122	1	122	3.84e-81	233
EABAIN_11000	ANIMCG_07870	98.2	111	2	0	1	111	1	111	3.28e-72	211
EABAIN_11000	DNKGCI_11435	73.5	117	30	1	6	121	4	120	8.90e-54	164
EABAIN_11000	HNNKEJ_08140	66.7	126	41	1	1	125	1	126	7.77e-53	162
EABAIN_11000	IAFHMK_02055	63.4	123	45	0	1	123	1	123	8.34e-50	154
EABAIN_11000	LBKFJK_05685	64.2	120	43	0	5	124	2	121	2.53e-48	150
EABAIN_11005	AAKGEC_10130	78.9	331	69	1	1	330	1	331	2.87e-183	508
EABAIN_11005	CGMKCF_08380	99.2	246	2	0	85	330	1	246	5.56e-179	494
EABAIN_11005	AGINCK_10145	64.2	321	111	2	14	330	1	321	2.22e-140	399
EABAIN_11005	KGIGEE_01580	61.8	330	124	2	1	328	1	330	5.35e-139	396
EABAIN_11005	AJCMKJ_07645	60.6	315	119	2	17	330	1	311	2.65e-134	384
EABAIN_11005	AIGDEK_08925	59.1	318	125	2	14	330	1	314	1.12e-131	377
EABAIN_11005	ELEKDE_03530	59.9	319	108	4	17	330	3	306	1.14e-129	372
EABAIN_11005	IAFHMK_08600	49.3	304	151	3	28	328	3	306	3.09e-95	284
EABAIN_11005	BGHOFK_07330	50.0	246	123	0	83	328	60	305	8.92e-85	258
EABAIN_11005	LBKFJK_01930	43.3	314	165	4	22	329	1	307	5.40e-80	245
EABAIN_11005	JAFLJO_02365	43.3	307	169	3	23	327	4	307	4.20e-79	243
EABAIN_11005	OFBCLB_09900	41.8	244	137	4	86	327	46	286	1.36e-63	202
EABAIN_11005	LBKFJK_01720	40.3	243	142	3	86	327	51	291	3.10e-60	194
EABAIN_11005	JAFLJO_06505	38.7	243	146	3	86	327	47	287	1.09e-59	192
EABAIN_11005	CNLKLD_06300	39.5	248	145	4	82	327	42	286	4.21e-59	191
EABAIN_11005	KFHBHO_02885	40.9	232	134	3	86	315	39	269	3.06e-56	184
EABAIN_11005	CDIIGJ_05560	34.4	244	157	3	86	327	38	280	6.16e-50	167
EABAIN_11005	CNLKLD_06295	35.2	250	157	4	83	327	55	304	3.26e-49	166
EABAIN_11005	DDKKPM_03305	33.9	248	158	4	86	327	34	281	5.37e-48	162
EABAIN_11005	AANGNE_04830	32.8	247	161	2	86	327	64	310	4.70e-47	160
EABAIN_11005	DNKGCI_10090	46.7	169	90	0	86	254	66	234	2.63e-45	154
EABAIN_11010	BGLHNG_09325	89.0	327	35	1	1	326	1	327	4.25e-218	596
EABAIN_11010	CCDOKP_12450	54.7	327	144	2	1	326	1	324	1.65e-128	369
EABAIN_11010	BGHOFK_02415	54.1	327	146	2	1	326	1	324	1.50e-126	364
EABAIN_11010	AMNNAF_08025	39.9	336	191	4	2	326	3	338	2.89e-86	262
EABAIN_11015	DCAANM_10390	98.8	995	9	1	2	996	1	992	0.0	2034
EABAIN_11015	CDIIGJ_06745	69.1	991	305	1	1	991	1	990	0.0	1479
EABAIN_11015	CFLCIE_09395	65.6	995	341	1	1	995	1	994	0.0	1405
EABAIN_11015	BGHOFK_07320	64.5	998	347	1	1	991	1	998	0.0	1384
EABAIN_11015	DNKGCI_03850	61.8	997	377	3	1	995	1	995	0.0	1276
EABAIN_11015	DDDLLA_06690	58.8	994	408	2	2	995	1	992	0.0	1216
EABAIN_11015	CNLKLD_00360	55.6	992	434	2	2	993	3	988	0.0	1127
EABAIN_11015	PMADLC_11645	32.5	998	600	28	36	996	42	1002	2.18e-143	454
EABAIN_11020	AAKGEC_10150	99.5	207	1	0	1	207	1	207	1.05e-151	418
EABAIN_11020	DNKGCI_03845	56.7	194	84	0	10	203	1	194	2.65e-75	224
EABAIN_11025	CGMKCF_08350	98.4	493	8	0	1	493	1	493	0.0	978
EABAIN_11025	CFLCIE_09410	70.5	492	145	0	1	492	1	492	1.74e-266	733
EABAIN_11025	DNKGCI_03835	69.5	489	149	0	4	492	3	491	3.24e-259	714
EABAIN_11025	LBKFJK_00800	70.3	492	146	0	1	492	1	492	5.54e-258	711
EABAIN_11025	HNNKEJ_08160	67.9	495	157	1	1	493	1	495	1.32e-254	702
EABAIN_11025	CDIIGJ_06750	68.1	492	157	0	1	492	1	492	2.57e-254	702
EABAIN_11025	BGHOFK_07315	68.5	492	155	0	1	492	1	492	2.18e-253	699
EABAIN_11025	DDDLLA_06680	68.9	488	152	0	5	492	5	492	2.23e-250	692
EABAIN_11025	AANGNE_08620	67.3	492	160	1	1	492	1	491	2.24e-245	679
EABAIN_11025	IAFHMK_02065	65.4	494	169	1	1	492	4	497	2.05e-240	667
EABAIN_11025	CNLKLD_00335	66.2	488	163	1	1	488	1	486	3.45e-239	663
EABAIN_11025	HDKJGO_09530	62.2	492	184	2	2	492	5	495	1.89e-221	619
EABAIN_11025	BEJELC_10220	54.7	490	218	2	1	488	1	488	1.23e-187	533
EABAIN_11030	CNLKLD_00345	81.8	400	70	3	1	398	1	399	2.23e-226	623
EABAIN_11030	BPFCDP_12780	64.3	381	134	2	17	396	17	396	3.36e-161	458
EABAIN_11030	ABJDJH_14335	55.2	395	177	0	2	396	460	854	2.06e-135	407
EABAIN_11035	JNMKIO_01510	86.4	338	46	0	1	338	1	338	9.75e-219	599
EABAIN_11035	DNKGCI_03820	68.0	337	108	0	1	337	1	337	1.29e-169	474
EABAIN_11035	IAFHMK_02075	66.5	337	112	1	1	337	1	336	1.27e-167	469
EABAIN_11035	LBKFJK_00790	66.5	337	113	0	1	337	1	337	4.98e-167	468
EABAIN_11035	DDDLLA_06665	64.6	339	120	0	1	339	1	339	7.42e-166	465
EABAIN_11035	AANGNE_08630	63.5	337	123	0	1	337	1	337	8.97e-164	460
EABAIN_11035	CNLKLD_00350	61.9	336	124	1	1	336	1	332	6.64e-153	432
EABAIN_11035	BGHOFK_07305	57.3	337	144	0	1	337	1	337	2.52e-146	416
EABAIN_11035	HDKJGO_09540	59.6	337	136	0	1	337	1	337	4.91e-146	415
EABAIN_11040	CEPOIM_13685	91.8	462	18	1	1	462	1	442	8.06e-286	778
EABAIN_11040	ABJDJH_14335	56.4	463	194	5	6	461	1	462	5.10e-161	476
EABAIN_11040	FMNMPI_09220	81.0	210	37	1	1	207	1	210	6.33e-111	327
EABAIN_11045	ABNNBP_12210	98.0	244	5	0	1	244	1	244	2.75e-160	443
EABAIN_11045	BGHOFK_07295	70.8	240	70	0	1	240	1	240	4.02e-115	329
EABAIN_11045	AGDPFD_08235	69.6	237	72	0	4	240	6	242	5.70e-111	318
EABAIN_11045	CFLCIE_09445	70.0	240	72	0	1	240	1	240	1.88e-110	317
EABAIN_11045	IAFHMK_02085	67.2	238	78	0	3	240	5	242	3.57e-104	301
EABAIN_11045	LBKFJK_00780	65.0	237	83	0	4	240	6	242	1.18e-102	297
EABAIN_11045	DNKGCI_03800	61.8	238	91	0	3	240	5	242	2.37e-97	284
EABAIN_11045	DDDLLA_06640	58.6	237	98	0	4	240	5	241	1.32e-96	282
EABAIN_11045	HDKJGO_09870	60.3	237	94	0	4	240	9	245	1.57e-94	277
EABAIN_11045	CNLKLD_00365	58.5	241	100	0	4	244	6	246	6.15e-89	263
EABAIN_11045	LBKFJK_09060	49.4	241	121	1	1	240	1	241	2.71e-73	223
EABAIN_11045	DIEDGI_04540	47.3	241	126	1	1	240	1	241	3.56e-66	205
EABAIN_11045	BGHOFK_05190	39.3	244	142	3	1	240	1	242	1.19e-49	162
EABAIN_11045	HNNKEJ_09370	36.7	240	150	1	3	240	4	243	3.22e-47	156
EABAIN_11045	CBFHCM_03595	36.1	244	148	4	2	239	3	244	3.43e-47	157
EABAIN_11045	DDKKPM_06605	34.9	238	153	2	4	240	6	242	2.69e-45	151
EABAIN_11045	LBKFJK_03530	35.2	244	152	3	1	240	54	295	2.06e-44	150
EABAIN_11050	AAKGEC_10180	99.1	114	1	0	1	114	1	114	1.05e-83	248
EABAIN_11050	OFBCLB_04370	80.9	115	21	1	1	114	1	115	9.90e-65	201
EABAIN_11055	AAKGEC_10180	97.8	185	4	0	1	185	150	334	1.12e-121	346
EABAIN_11055	OFBCLB_04370	60.8	186	71	2	1	185	151	335	1.11e-65	205
EABAIN_11060	AAKGEC_10185	99.7	379	1	0	1	379	1	379	8.25e-283	764
EABAIN_11060	BGHOFK_07285	69.1	376	116	0	2	377	1	376	8.64e-188	524
EABAIN_11060	DFCDFN_06435	59.1	379	149	3	1	377	1	375	1.92e-150	429
EABAIN_11060	DDDLLA_03495	54.6	370	161	4	1	368	1	365	1.73e-139	401
EABAIN_11060	DNKGCI_10715	53.5	368	164	4	1	366	1	363	6.10e-138	397
EABAIN_11060	LBKFJK_02770	53.8	368	165	3	1	367	1	364	3.49e-135	390
EABAIN_11060	BNBIEO_02140	50.4	284	106	4	14	296	5	254	1.50e-85	261
EABAIN_11060	IAFHMK_02090	57.8	192	76	1	16	207	4	190	7.95e-73	227
EABAIN_11060	DNKGCI_11445	51.1	190	89	1	14	203	2	187	8.37e-62	198
EABAIN_11060	LBKFJK_05680	55.2	172	77	0	14	185	2	173	1.31e-60	195
EABAIN_11060	DDDLLA_07365	52.6	190	84	3	14	202	2	186	3.74e-58	189
EABAIN_11065	AAKGEC_10190	99.4	325	2	0	1	325	1	325	2.20e-237	645
EABAIN_11065	IAFHMK_02095	73.4	320	85	0	2	321	4	323	3.48e-172	480
EABAIN_11065	HNNKEJ_12015	68.3	322	100	1	2	321	3	324	2.21e-161	452
EABAIN_11065	DNKIME_03170	66.5	322	106	1	2	321	3	324	8.53e-159	446
EABAIN_11070	CDIIGJ_06800	95.3	430	19	1	1	430	1	429	1.09e-299	811
EABAIN_11080	ABCLFC_11020	97.1	307	9	0	1	307	17	323	1.77e-215	588
EABAIN_11080	DNKGCI_11455	69.3	309	93	1	1	307	1	309	1.38e-151	426
EABAIN_11080	LBKFJK_05665	70.2	309	90	1	1	307	1	309	5.59e-151	425
EABAIN_11080	CNLKLD_00425	67.1	307	100	1	1	307	29	334	1.99e-145	412
EABAIN_11080	DDDLLA_07385	66.7	309	101	1	1	307	1	309	3.02e-141	400
EABAIN_11085	AAKGEC_10210	98.9	93	1	0	1	93	1	93	2.67e-54	163
EABAIN_11090	AAKGEC_10215	99.6	273	1	0	1	273	1	273	2.66e-196	536
EABAIN_11090	BGHOFK_07265	70.3	273	81	0	1	273	1	273	6.84e-137	386
EABAIN_11090	IAFHMK_02125	70.3	273	81	0	1	273	1	273	1.36e-134	380
EABAIN_11090	DNKGCI_11465	66.7	273	91	0	1	273	1	273	1.12e-128	365
EABAIN_11090	BGLHNG_09380	66.7	273	91	0	1	273	55	327	1.46e-127	365
EABAIN_11095	AAKGEC_10220	99.5	208	1	0	1	208	1	208	5.19e-148	409
EABAIN_11095	LBKFJK_05650	67.9	209	65	1	1	207	1	209	2.21e-106	304
EABAIN_11095	IAFHMK_02235	70.3	209	60	1	1	207	1	209	3.65e-105	301
EABAIN_11095	CNLKLD_00435	64.6	209	70	2	2	206	1	209	4.25e-97	280
EABAIN_11095	DDDLLA_10250	64.3	210	71	2	1	206	1	210	5.17e-91	265
EABAIN_11100	AAKGEC_10225	100	339	0	0	1	339	1	339	6.54e-221	604
EABAIN_11100	BGHOFK_08115	69.8	338	102	0	1	338	1	338	2.69e-157	443
EABAIN_11100	CDIIGJ_06835	69.5	338	103	0	1	338	1	338	1.70e-153	434
EABAIN_11100	HNNKEJ_08240	69.3	339	104	0	1	339	1	339	4.25e-152	430
EABAIN_11100	AAOIOD_10900	58.7	339	140	0	1	339	3	341	7.60e-124	358
EABAIN_11100	IAFHMK_02240	59.9	339	134	2	1	338	1	338	3.68e-121	352
EABAIN_11100	DNKGCI_11480	58.3	338	141	0	1	338	1	338	1.21e-119	348
EABAIN_11100	LBKFJK_05645	57.7	338	143	0	1	338	1	338	7.95e-118	343
EABAIN_11100	DDDLLA_10245	55.8	339	150	0	1	339	1	339	1.20e-112	330
EABAIN_11100	CNLKLD_00445	56.0	341	147	2	1	338	1	341	2.86e-111	327
EABAIN_11105	HNNKEJ_08245	84.8	256	39	0	1	256	9	264	1.66e-156	435
EABAIN_11105	ABCBPP_01630	35.0	237	152	1	1	237	1	235	7.60e-46	153
EABAIN_11110	ABNNBP_12410	85.8	593	81	1	8	600	3	592	0.0	959
EABAIN_11110	OFBCLB_04820	69.3	593	182	0	8	600	3	595	1.04e-282	782
EABAIN_11110	CNLKLD_06845	47.6	580	295	4	21	596	8	582	5.92e-163	478
EABAIN_11110	DNKGCI_04450	37.2	562	329	10	49	591	38	594	2.99e-97	308
EABAIN_11110	BGHOFK_05310	37.0	549	331	8	46	579	35	583	4.26e-92	295
EABAIN_11110	AANGNE_05985	32.0	590	378	12	19	590	5	589	9.25e-76	252
EABAIN_11110	LBKFJK_09800	34.9	556	329	15	56	590	42	585	3.40e-72	243
EABAIN_11115	LBKFJK_05635	80.9	131	25	0	1	131	1	131	3.08e-77	224
EABAIN_11125	ABNNBP_12425	86.0	114	16	0	1	114	6	119	4.47e-66	194
EABAIN_11125	HNNKEJ_08260	67.5	114	37	0	1	114	1	114	4.76e-54	164
EABAIN_11130	AAKGEC_10255	100	229	0	0	1	229	1	229	5.08e-154	426
EABAIN_11135	AEMMAL_07830	87.8	139	17	0	1	139	19	157	5.76e-80	232
EABAIN_11140	AAKGEC_10265	99.6	254	1	0	1	254	1	254	2.99e-163	451
EABAIN_11140	IAFHMK_02270	53.7	255	115	2	1	254	1	253	2.32e-77	234
EABAIN_11140	DDDLLA_06935	44.3	255	136	2	1	254	1	250	1.27e-57	183
EABAIN_11140	HNNKEJ_09290	43.6	257	134	5	1	254	1	249	5.57e-56	179
EABAIN_11140	DNKGCI_00100	43.6	257	131	4	1	254	1	246	8.13e-55	176
EABAIN_11140	LBKFJK_04965	40.5	259	141	4	1	254	1	251	4.23e-50	164
EABAIN_11140	CNLKLD_08250	39.3	262	141	5	1	254	1	252	1.53e-47	157
EABAIN_11145	AAKGEC_10270	100	147	0	0	1	147	146	292	6.47e-101	290
EABAIN_11145	IAFHMK_02275	67.6	145	47	0	1	145	146	290	7.08e-66	201
EABAIN_11145	CNLKLD_08255	55.9	143	63	0	1	143	145	287	7.30e-54	171
EABAIN_11145	HNNKEJ_09295	58.7	143	59	0	1	143	145	287	1.03e-53	170
EABAIN_11145	DDDLLA_06930	55.9	143	63	0	1	143	145	287	1.06e-50	162
EABAIN_11145	LBKFJK_04960	53.5	142	66	0	1	142	145	286	1.07e-47	155
EABAIN_11145	DNKGCI_00095	50.7	142	70	0	1	142	145	286	8.53e-47	152
EABAIN_11150	AAKGEC_10270	100	138	0	0	1	138	1	138	2.17e-94	273
EABAIN_11150	IAFHMK_02275	75.4	138	34	0	1	138	1	138	1.88e-68	207
EABAIN_11150	DNKGCI_00095	61.6	138	52	1	1	138	1	137	5.65e-56	176
EABAIN_11150	LBKFJK_04960	63.8	138	49	1	1	138	1	137	2.27e-55	174
EABAIN_11150	AANGNE_06490	61.6	138	52	1	1	138	1	137	2.33e-55	174
EABAIN_11150	CNLKLD_08255	61.6	138	52	1	1	138	1	137	3.21e-55	174
EABAIN_11150	HNNKEJ_09295	58.7	138	56	1	1	138	1	137	1.87e-51	164
EABAIN_11150	DDDLLA_06930	60.1	138	54	1	1	138	1	137	2.99e-50	161
EABAIN_11160	BGHOFK_08055	87.7	171	21	0	1	171	1	171	4.84e-114	320
EABAIN_11160	LBKFJK_08100	69.8	172	52	0	1	172	1	172	2.68e-90	260
EABAIN_11160	CNLKLD_05400	63.0	162	60	0	1	162	1	162	2.90e-79	233
EABAIN_11160	IAFHMK_08385	65.7	166	55	1	1	166	1	164	9.31e-78	229
EABAIN_11160	DDDLLA_01280	63.9	169	60	1	4	171	3	171	3.85e-76	224
EABAIN_11160	AAKGEC_09015	62.0	166	63	0	1	166	1	166	1.39e-75	223
EABAIN_11160	DNKGCI_04500	60.2	171	66	1	4	172	7	177	2.93e-71	212
EABAIN_11165	IAFHMK_02290	75.3	283	69	1	2	283	3	285	4.48e-162	451
EABAIN_11165	CNLKLD_07965	71.6	282	80	0	2	283	76	357	9.68e-151	425
EABAIN_11170	AAKGEC_10290	99.3	152	1	0	1	152	1	152	1.05e-115	323
EABAIN_11170	CDIIGJ_06890	73.2	149	40	0	4	152	4	152	1.10e-83	242
EABAIN_11175	AAKGEC_10295	100	185	0	0	1	185	1	185	3.04e-122	342
EABAIN_11180	AAKGEC_10300	100	238	0	0	1	238	1	238	1.16e-168	464
EABAIN_11185	AAKGEC_10305	100	150	0	0	1	150	1	150	5.43e-108	303
EABAIN_11185	CDIIGJ_06910	68.8	141	44	0	1	141	1	141	1.63e-69	206
EABAIN_11185	BGHOFK_08030	63.7	146	53	0	1	146	1	146	1.33e-67	201
EABAIN_11190	HNNKEJ_08310	87.6	395	49	0	1	395	1	395	9.21e-250	682
EABAIN_11190	CNLKLD_07980	71.1	395	113	1	1	395	1	394	3.17e-203	564
EABAIN_11190	IAFHMK_02310	68.6	395	124	0	1	395	1	395	9.82e-198	550
EABAIN_11190	LBKFJK_01445	67.3	392	128	0	1	392	1	392	3.01e-190	532
EABAIN_11190	EHLNLG_12135	65.1	395	137	1	1	395	17	410	3.35e-190	532
EABAIN_11195	EHLNLG_12135	98.2	395	7	0	1	395	17	411	1.19e-278	756
EABAIN_11195	CNLKLD_07980	72.4	395	107	2	1	394	1	394	1.35e-204	568
EABAIN_11195	IAFHMK_02310	68.7	396	123	1	1	395	1	396	5.14e-200	556
EABAIN_11195	HNNKEJ_08310	66.7	396	131	1	1	395	1	396	2.22e-192	537
EABAIN_11195	LBKFJK_01445	58.1	399	160	3	1	395	1	396	7.50e-167	473
EABAIN_11200	HNNKEJ_08340	78.0	313	68	1	1	312	1	313	2.35e-173	482
EABAIN_11200	IAFHMK_02320	67.3	309	100	1	1	308	1	309	5.07e-144	407
EABAIN_11200	CNLKLD_07985	60.9	312	121	1	1	312	1	311	1.47e-131	376
EABAIN_11200	LBKFJK_08145	58.2	323	123	2	1	311	1	323	6.35e-131	375
EABAIN_11200	AANGNE_08795	59.5	316	119	2	1	312	1	311	1.70e-130	373
EABAIN_11200	DNKGCI_08745	60.3	317	114	2	1	306	1	316	5.00e-130	372
EABAIN_11200	OFBCLB_03070	58.8	311	123	1	1	306	1	311	1.13e-127	366
EABAIN_11210	IAFHMK_02330	84.8	611	91	2	4	613	1	610	0.0	1005
EABAIN_11210	AEMMAL_06890	28.2	560	310	20	8	521	11	524	2.30e-43	164
EABAIN_11215	NPNEBP_08285	90.8	131	11	1	1	131	1	130	1.24e-72	212
EABAIN_11215	ABCLFC_11190	67.2	131	42	1	1	130	22	152	1.10e-52	162
EABAIN_11220	DOCKDI_10880	99.5	208	1	0	1	208	1	208	1.29e-141	394
EABAIN_11220	IAFHMK_08740	51.7	209	99	2	1	208	1	208	7.73e-71	214
EABAIN_11220	DDDLLA_08590	53.6	207	94	2	1	206	1	206	3.03e-70	212
EABAIN_11220	HNAFAL_03450	51.7	207	98	2	3	208	3	208	6.08e-68	206
EABAIN_11220	DNKGCI_08685	50.7	207	100	2	1	206	1	206	1.47e-65	200
EABAIN_11220	FKGECP_06060	45.9	205	110	1	3	206	3	207	1.30e-56	177
EABAIN_11220	AAKGEC_06395	43.4	212	115	2	1	208	1	211	1.77e-52	167
EABAIN_11220	BNBIEO_06585	42.6	216	109	4	1	207	1	210	7.84e-51	163
EABAIN_11220	AIPJBK_05025	40.4	208	119	2	3	206	4	210	6.52e-47	153
EABAIN_11220	CMJOEM_01300	41.6	209	118	4	1	206	1	208	1.51e-46	152
EABAIN_11225	EGHGNB_05270	88.1	657	78	0	1	657	1	657	0.0	1065
EABAIN_11225	AJGINB_00565	63.3	180	66	0	1	180	3	182	4.62e-70	225
EABAIN_11225	CHBPFB_01340	65.1	129	45	0	1	129	1	129	7.61e-49	166
EABAIN_11230	DHPGCJ_09110	93.5	108	1	1	1	108	1	102	4.43e-70	204
EABAIN_11235	IHCKAN_04575	96.0	225	9	0	1	225	1	225	8.42e-154	427
EABAIN_11235	HNNKEJ_05865	65.7	239	82	0	1	239	1	239	4.81e-114	326
EABAIN_11235	CDIIGJ_06970	61.6	242	93	0	1	242	1	242	3.73e-107	308
EABAIN_11235	IAFHMK_08735	53.1	239	112	0	4	242	12	250	2.21e-86	256
EABAIN_11245	DNKGCI_08720	85.7	322	45	1	3	323	2	323	4.76e-199	548
EABAIN_11250	AAKGEC_10380	99.2	128	1	0	1	128	1	128	3.22e-85	244
EABAIN_11250	AANGNE_08820	70.7	123	36	0	5	127	4	126	6.09e-60	180
EABAIN_11250	IAFHMK_02345	67.5	123	40	0	5	127	5	127	1.04e-58	177
EABAIN_11250	DNKGCI_08715	64.5	124	44	0	5	128	8	131	3.94e-57	173
EABAIN_11250	CNLKLD_00770	63.0	127	47	0	1	127	1	127	3.31e-48	150
EABAIN_11255	BGHOFK_07975	78.4	148	32	0	1	148	1	148	1.99e-82	238
EABAIN_11255	PAGFJI_14375	64.9	148	52	0	1	148	1	148	4.73e-68	202
EABAIN_11255	LBKFJK_08180	65.5	148	51	0	1	148	1	148	3.96e-66	197
EABAIN_11255	DDDLLA_09135	67.1	140	46	0	9	148	7	146	6.12e-65	194
EABAIN_11255	CNLKLD_00775	58.5	147	61	0	1	147	1	147	1.23e-60	183
EABAIN_11255	CNCHLK_02635	67.8	118	38	0	31	148	1	118	1.55e-54	167
EABAIN_11260	AAKGEC_10390	98.6	221	3	0	1	221	1	221	7.25e-150	415
EABAIN_11260	ABCLFC_11225	71.2	219	63	0	1	219	1	219	6.57e-107	306
EABAIN_11260	CDIIGJ_07000	63.9	219	79	0	1	219	1	219	1.63e-90	265
EABAIN_11260	HNNKEJ_08380	59.9	222	85	2	1	220	1	220	1.77e-81	242
EABAIN_11260	BIHALF_07240	58.4	219	91	0	1	219	1	219	7.01e-80	238
EABAIN_11260	IAFHMK_02355	52.3	218	103	1	1	218	1	217	2.12e-71	216
EABAIN_11260	LBKFJK_08185	47.2	214	111	2	6	218	6	218	3.68e-57	180
EABAIN_11260	BNBIEO_02430	47.0	219	112	4	1	218	1	216	6.37e-55	174
EABAIN_11260	JFBCPF_05145	46.0	211	112	2	7	217	6	214	2.30e-54	173
EABAIN_11260	OFBCLB_03105	45.1	215	117	1	4	218	4	217	3.73e-54	172
EABAIN_11260	EIKFFD_01150	46.1	217	114	2	3	219	2	215	5.01e-51	164
EABAIN_11265	BGHOFK_07970	86.3	364	50	0	1	364	1	364	1.07e-226	621
EABAIN_11265	DDDLLA_09145	73.9	364	95	0	1	364	1	364	1.68e-194	540
EABAIN_11270	AAKGEC_10400	98.8	163	2	0	1	163	1	163	1.77e-117	328
EABAIN_11270	FJNKGN_01040	64.8	105	37	0	59	163	1	105	4.43e-48	150
EABAIN_11275	AAKGEC_10405	99.6	497	2	0	1	497	1	497	0.0	937
EABAIN_11275	CPLMAE_02405	68.8	474	148	0	3	476	11	484	6.55e-230	642
EABAIN_11275	AANGNE_00515	66.5	496	156	3	1	496	1	486	4.02e-229	638
EABAIN_11275	AANGNE_08610	61.7	496	179	4	1	496	1	485	3.46e-213	597
EABAIN_11280	PLIDEH_10490	94.7	375	20	0	1	375	40	414	1.11e-263	717
EABAIN_11280	BLIMPP_05900	67.0	370	122	0	1	370	1	370	4.51e-194	540
EABAIN_11280	CNLKLD_08420	61.6	375	144	0	1	375	1	375	1.41e-173	488
EABAIN_11285	AAKGEC_10415	99.0	314	3	0	1	314	1	314	5.71e-223	607
EABAIN_11285	KJCAIL_14000	62.1	314	89	1	1	314	1	284	8.30e-135	383
EABAIN_11285	CPACNB_01780	59.6	314	92	1	1	314	1	279	7.64e-127	363
EABAIN_11285	ABCLFC_11260	68.1	188	60	0	1	188	1	188	9.67e-89	263
EABAIN_11285	AGDPFD_07460	44.2	312	162	6	3	312	6	307	2.68e-76	235
EABAIN_11285	ABCLFC_11255	61.1	126	49	0	189	314	9	134	4.29e-47	154
EABAIN_11290	CPACNB_01780	88.9	314	0	1	1	314	1	279	9.14e-191	525
EABAIN_11290	AAKGEC_10415	65.6	314	108	0	1	314	1	314	1.84e-145	411
EABAIN_11290	KJCAIL_14000	65.9	314	77	1	1	314	1	284	3.07e-137	389
EABAIN_11290	ABCLFC_11260	96.8	188	6	0	1	188	1	188	6.26e-128	362
EABAIN_11290	ABCLFC_11255	96.8	124	4	0	191	314	11	134	1.20e-76	230
EABAIN_11290	AGDPFD_07460	42.9	317	159	8	3	312	6	307	5.48e-73	227
EABAIN_11295	CPLMAE_02405	99.2	521	4	0	6	526	14	534	0.0	977
EABAIN_11295	AANGNE_00515	70.7	492	139	2	1	492	1	487	5.39e-244	677
EABAIN_11295	AAKGEC_10405	68.3	476	151	0	1	476	1	476	5.22e-230	642
EABAIN_11295	AANGNE_08610	64.4	489	170	2	4	492	2	486	2.13e-219	614
EABAIN_11300	AANGNE_00510	87.7	341	41	1	10	350	5	344	7.94e-221	605
EABAIN_11300	DPMHNO_00485	63.9	335	116	3	14	347	1	331	7.34e-150	425
EABAIN_11300	EPKBNI_09765	32.1	343	203	8	18	354	7	325	5.88e-44	154
EABAIN_11305	AANGNE_00505	90.2	410	39	1	1	410	1	409	6.43e-275	747
EABAIN_11310	AANGNE_09740	81.2	564	104	1	1	564	1	562	0.0	906
EABAIN_11310	IAFHMK_07825	69.5	564	171	1	1	564	1	563	3.89e-289	796
EABAIN_11315	MNCDBI_03640	100	152	0	0	1	152	5	156	2.93e-98	279
EABAIN_11315	MHGLEN_14025	100	152	0	0	1	152	163	314	5.87e-96	279
EABAIN_11315	CNLKLD_08455	67.3	150	49	0	1	150	1	150	7.36e-61	184
EABAIN_11315	IAFHMK_07830	60.7	150	57	1	1	150	1	148	7.64e-53	164
EABAIN_11315	HNNKEJ_09745	59.3	150	59	1	1	150	8	155	1.35e-52	163
EABAIN_11315	DNKGCI_09310	59.9	147	57	1	1	147	1	145	2.61e-51	160
EABAIN_11315	AANGNE_09735	59.9	147	57	1	1	147	1	145	5.88e-50	156
EABAIN_11320	AAKGEC_10450	99.6	457	2	0	1	457	1	457	0.0	920
EABAIN_11325	CDIIGJ_07090	82.2	202	31	3	1	197	1	202	1.88e-107	306
EABAIN_11325	OFBCLB_03130	67.5	197	64	0	1	197	1	197	3.41e-88	257
EABAIN_11325	IAFHMK_02380	67.7	198	59	4	1	197	1	194	3.54e-80	236
EABAIN_11325	AANGNE_08845	56.6	212	66	5	4	196	5	209	9.37e-67	203
EABAIN_11330	CGMKCF_12595	99.3	1030	7	0	1	1030	1	1030	0.0	1977
EABAIN_11330	DNKGCI_08655	72.9	1032	277	2	1	1030	5	1035	0.0	1501
EABAIN_11330	IAFHMK_02385	72.6	1031	278	3	1	1030	5	1032	0.0	1492
EABAIN_11330	AANGNE_08850	69.9	1033	307	2	1	1030	5	1036	0.0	1456
EABAIN_11330	CNLKLD_03200	59.1	1043	412	7	1	1030	5	1045	0.0	1181
EABAIN_11330	DDDLLA_11665	28.8	430	266	11	582	1005	280	675	4.89e-39	155
EABAIN_11335	ILDBOH_06115	97.8	1450	26	1	1	1450	1	1444	0.0	2713
EABAIN_11335	PLDCIE_01710	61.6	1478	529	13	1	1450	1	1467	0.0	1768
EABAIN_11335	DCAANM_03050	54.1	1459	641	9	3	1450	3	1443	0.0	1493
EABAIN_11335	KGIGEE_02060	62.3	1199	4	1	252	1450	1	751	0.0	1267
EABAIN_11335	HNNKEJ_03470	39.5	1318	685	26	227	1450	39	1338	5.76e-290	860
EABAIN_11335	CFKGLB_00840	46.6	928	426	18	3	884	3	906	2.75e-240	718
EABAIN_11335	KBLLAJ_05405	43.8	930	459	14	1	883	1	913	4.00e-238	712
EABAIN_11335	ONFANJ_00570	43.0	920	450	19	9	872	9	910	2.21e-221	669
EABAIN_11335	OFBCLB_08345	41.4	939	474	21	3	889	2	916	3.50e-202	619
EABAIN_11335	DNKGCI_10120	42.4	816	423	11	9	789	9	812	1.78e-192	593
EABAIN_11335	AGHDIE_05310	49.6	689	307	19	217	883	32	702	6.59e-192	590
EABAIN_11335	APEJKH_06965	38.8	950	491	21	3	883	3	931	2.86e-178	565
EABAIN_11335	EJHJGL_13275	38.0	916	476	29	223	1087	53	927	2.61e-163	519
EABAIN_11335	FBLNFP_04570	46.4	560	262	13	225	757	30	578	3.32e-146	468
EABAIN_11335	IAFHMK_08645	33.7	799	388	28	732	1446	944	1684	5.65e-81	294
EABAIN_11335	BJLDLK_03795	38.9	409	209	13	507	884	24	422	3.85e-68	237
EABAIN_11335	BGHOFK_08900	38.9	391	201	9	1021	1401	1319	1681	7.61e-59	223
EABAIN_11335	CNLKLD_01155	38.3	400	210	13	1021	1393	1142	1531	4.56e-58	221
EABAIN_11335	OFBCLB_05310	38.6	412	184	10	1020	1399	1312	1686	3.16e-56	215
EABAIN_11345	ABCLFC_11365	94.4	468	26	0	1	468	1	468	0.0	882
EABAIN_11345	JMBAEF_08980	49.4	480	236	4	4	478	5	482	8.34e-156	455
EABAIN_11345	CMMBIF_02625	48.3	482	241	5	3	478	4	483	2.29e-146	431
EABAIN_11345	AEFDGK_06945	43.1	466	261	3	6	468	5	469	5.01e-132	394
EABAIN_11345	DNKIME_04900	43.5	474	261	3	3	471	5	476	7.47e-125	376
EABAIN_11345	AHPAPB_06590	27.3	477	332	9	5	472	11	481	1.32e-43	161
EABAIN_11345	NGAPDN_00155	25.2	488	348	7	5	484	9	487	3.22e-42	157
EABAIN_11350	ABCBPP_11390	99.7	318	1	0	1	318	1	318	5.09e-235	639
EABAIN_11350	CDIIGJ_07100	69.6	316	96	0	1	316	1	316	5.61e-163	456
EABAIN_11350	HNNKEJ_08470	66.1	316	107	0	1	316	1	316	1.68e-157	442
EABAIN_11350	BGHOFK_09005	66.0	318	108	0	1	318	1	318	1.24e-152	430
EABAIN_11350	IAFHMK_02390	62.0	316	120	0	1	316	1	316	4.05e-144	408
EABAIN_11350	AANGNE_08860	60.8	316	122	1	1	316	1	314	2.35e-142	404
EABAIN_11350	LBKFJK_08220	58.5	313	130	0	1	313	1	313	2.30e-140	399
EABAIN_11350	DNKGCI_08650	58.1	313	131	0	1	313	1	313	1.78e-137	391
EABAIN_11350	DDDLLA_08100	54.3	313	143	0	1	313	1	313	1.67e-121	351
EABAIN_11350	CNLKLD_03210	50.9	316	151	3	1	315	1	313	1.26e-110	323
EABAIN_11355	AAKGEC_10480	99.6	259	1	0	1	259	1	259	1.12e-181	498
EABAIN_11355	HNNKEJ_08475	70.3	259	77	0	1	259	1	259	2.30e-128	363
EABAIN_11355	BGHOFK_09000	64.3	258	92	0	1	258	1	258	2.75e-120	343
EABAIN_11355	CDIIGJ_07105	68.7	259	80	1	1	259	1	258	1.04e-119	342
EABAIN_11355	AANGNE_08865	47.5	259	132	3	1	259	1	255	2.30e-77	234
EABAIN_11355	DNKGCI_08645	46.3	259	136	1	1	259	1	256	1.80e-76	232
EABAIN_11355	DDDLLA_08105	47.1	261	133	2	1	259	1	258	3.85e-76	231
EABAIN_11355	LBKFJK_08225	45.2	259	139	1	1	259	9	264	7.54e-75	228
EABAIN_11355	IAFHMK_02395	47.9	259	127	2	1	259	1	251	1.03e-71	219
EABAIN_11355	CNLKLD_03215	45.2	261	132	3	1	259	1	252	7.03e-65	202
EABAIN_11360	ABNNBP_12675	88.0	259	31	0	3	261	14	272	9.42e-157	436
EABAIN_11360	CDIIGJ_07110	66.9	257	85	0	5	261	11	267	5.10e-118	338
EABAIN_11360	BGHOFK_08995	66.9	257	85	0	5	261	6	262	7.74e-114	327
EABAIN_11360	HNNKEJ_08480	58.6	261	108	0	1	261	3	263	7.20e-103	299
EABAIN_11360	IAFHMK_02400	51.4	257	122	3	7	261	2	257	4.80e-77	233
EABAIN_11360	DNKGCI_08640	51.0	257	124	2	3	258	2	257	8.03e-76	230
EABAIN_11360	AANGNE_08870	49.6	268	115	3	6	261	3	262	8.42e-74	225
EABAIN_11360	LBKFJK_08230	49.4	257	128	2	3	258	2	257	1.76e-72	222
EABAIN_11360	DDDLLA_08110	48.2	253	127	3	5	255	4	254	6.82e-64	200
EABAIN_11360	CNLKLD_03220	47.4	232	116	2	35	261	30	260	1.19e-59	189
EABAIN_11365	ABJDJH_07875	94.4	288	16	0	1	288	1	288	1.32e-202	554
EABAIN_11365	MEFLAG_06700	73.4	289	72	1	1	289	1	284	3.77e-157	439
EABAIN_11365	CNLKLD_02990	68.5	295	87	2	1	289	1	295	1.68e-144	407
EABAIN_11365	LBKFJK_08880	51.9	283	132	2	7	288	2	281	6.83e-110	319
EABAIN_11365	CNLKLD_01970	35.0	283	133	6	6	287	5	237	4.09e-49	162
EABAIN_11370	AAKGEC_10495	99.7	763	2	0	1	763	1	763	0.0	1533
EABAIN_11370	IAFHMK_02415	71.7	760	214	1	1	759	1	760	0.0	1119
EABAIN_11370	DDDLLA_08120	70.2	762	225	2	1	760	1	762	0.0	1093
EABAIN_11370	AANGNE_01020	67.8	764	238	5	1	758	1	762	0.0	1060
EABAIN_11370	CNLKLD_02995	65.2	762	258	5	3	757	4	765	0.0	1027
EABAIN_11375	BFGFFC_11775	97.0	236	1	1	1	236	1	230	5.64e-169	464
EABAIN_11375	IAFHMK_02420	66.1	233	78	1	1	232	1	233	6.59e-119	338
EABAIN_11375	MMOLKF_03385	100	104	0	0	1	104	1	104	1.67e-71	214
EABAIN_11375	HNNKEJ_03340	44.5	220	111	5	22	232	23	240	8.59e-56	178
EABAIN_11375	DDDLLA_03875	42.2	218	117	4	22	231	23	239	7.82e-53	170
EABAIN_11375	LBKFJK_02955	40.9	208	112	4	37	234	38	244	3.34e-49	161
EABAIN_11375	IAFHMK_03845	41.6	219	116	6	22	232	23	237	2.23e-46	154
EABAIN_11380	AAKGEC_10505	98.9	280	3	0	1	280	1	280	6.78e-198	541
EABAIN_11380	IAFHMK_01835	65.2	276	94	1	5	280	7	280	4.70e-127	362
EABAIN_11380	AANGNE_01405	60.7	280	110	0	1	280	1	280	2.26e-122	350
EABAIN_11380	CNLKLD_02930	56.7	282	120	2	1	280	18	299	1.23e-109	318
EABAIN_11380	FPPAJO_10705	90.3	113	11	0	1	113	1	113	1.29e-60	189
EABAIN_11380	AANGNE_04620	33.5	284	179	4	1	280	1	278	4.05e-50	166
EABAIN_11385	ABCBPP_11425	99.5	440	2	0	1	440	1	440	0.0	867
EABAIN_11385	ABCBPP_12890	54.0	443	195	4	7	440	7	449	5.42e-164	469
EABAIN_11385	EIKFFD_09515	52.1	451	205	3	1	440	1	451	3.21e-159	457
EABAIN_11385	CDIIGJ_02315	50.0	446	217	3	1	440	1	446	3.71e-156	449
EABAIN_11385	BGHOFK_08965	50.2	446	216	2	1	440	1	446	4.55e-152	438
EABAIN_11385	JAFLJO_04320	48.4	395	191	4	56	439	1	393	4.32e-119	352
EABAIN_11385	LBKFJK_03490	52.5	282	125	1	163	435	1	282	4.57e-97	292
EABAIN_11385	GMJBDL_12400	33.3	448	266	7	9	431	88	527	2.47e-74	242
EABAIN_11385	DNKGCI_06720	55.1	205	90	1	237	439	9	213	1.07e-71	224
EABAIN_11385	DNKGCI_06715	48.7	238	116	2	1	238	1	232	7.14e-69	218
EABAIN_11385	LBKFJK_03485	51.6	161	77	1	1	160	1	161	2.84e-50	167
EABAIN_11385	LBKFJK_05305	27.6	453	282	11	6	431	2	435	8.17e-45	161
EABAIN_11390	AAKGEC_10515	99.8	483	1	0	1	483	1	483	0.0	971
EABAIN_11390	LBKFJK_08915	52.8	492	218	4	3	481	2	492	4.09e-186	528
EABAIN_11395	EJEPOM_06290	96.3	164	6	0	1	164	13	176	5.86e-117	327
EABAIN_11395	CDIIGJ_07140	63.4	164	60	0	1	164	1	164	1.09e-75	223
EABAIN_11395	HNNKEJ_08545	61.9	160	61	0	5	164	4	163	1.00e-73	218
EABAIN_11395	IAFHMK_07050	56.4	163	66	2	5	162	4	166	5.88e-62	188
EABAIN_11395	LBKFJK_09355	50.0	164	77	2	4	163	3	165	5.04e-53	165
EABAIN_11395	DDDLLA_03195	49.1	165	79	2	4	164	3	166	7.38e-53	165
EABAIN_11400	CHBPFB_01160	97.1	307	2	1	1	307	1	300	3.67e-207	566
EABAIN_11400	CNLKLD_03155	54.8	303	137	0	1	303	1	303	1.92e-120	348
EABAIN_11405	ABCLFC_11475	93.3	164	11	0	1	164	20	183	5.67e-112	315
EABAIN_11405	HNNKEJ_08590	73.2	164	44	0	1	164	1	164	4.32e-89	256
EABAIN_11405	BGHOFK_08955	71.3	164	47	0	1	164	1	164	7.61e-83	241
EABAIN_11405	CNLKLD_03170	57.1	163	70	0	1	163	1	163	9.81e-65	195
EABAIN_11405	CJHCCN_10630	53.4	163	76	0	1	163	1	163	4.05e-60	183
EABAIN_11405	AANGNE_00995	53.1	162	76	0	1	162	1	162	1.93e-57	176
EABAIN_11410	AMDFJK_08140	99.1	107	1	0	1	107	1	107	1.59e-73	213
EABAIN_11415	AAKGEC_10540	98.3	115	2	0	1	115	1	115	3.13e-79	228
EABAIN_11415	ABCLFC_11485	72.1	111	31	0	1	111	1	111	4.78e-53	161
EABAIN_11415	CDIIGJ_07195	66.7	111	37	0	1	111	1	111	4.37e-49	151
EABAIN_11420	AAKGEC_10545	100	120	0	0	1	120	1	120	4.35e-86	245
EABAIN_11425	AAKGEC_10550	100	209	0	0	1	209	1	209	9.58e-140	388
EABAIN_11425	CDIIGJ_07205	68.9	209	65	0	1	209	1	209	1.71e-93	271
EABAIN_11425	HNNKEJ_08610	60.8	209	82	0	1	209	1	209	4.83e-82	242
EABAIN_11425	AANGNE_00985	53.8	208	95	1	1	207	1	208	1.03e-66	203
EABAIN_11425	EIKFFD_05270	53.4	208	96	1	1	207	1	208	4.16e-66	202
EABAIN_11425	DDDLLA_03580	46.9	209	109	2	1	207	1	209	1.34e-60	188
EABAIN_11425	DNKGCI_00980	49.0	210	105	2	1	209	1	209	2.20e-58	182
EABAIN_11425	CNLKLD_03175	53.4	163	75	1	46	207	47	209	4.89e-52	166
EABAIN_11430	HNNKEJ_08615	81.4	360	62	2	1	360	1	355	4.33e-192	533
EABAIN_11430	DNKGCI_00985	69.0	361	108	1	1	361	1	357	7.98e-167	469
EABAIN_11430	IAFHMK_02485	69.5	361	105	1	1	361	1	356	4.43e-166	467
EABAIN_11430	EIKFFD_05275	68.2	359	109	2	1	359	1	354	2.04e-162	458
EABAIN_11430	CNLKLD_03180	62.0	368	129	3	1	361	1	364	1.15e-146	418
EABAIN_11435	EHLNLG_11895	97.8	223	5	0	1	223	1	223	2.16e-145	404
EABAIN_11435	HNNKEJ_09160	63.3	218	80	0	1	218	1	218	5.88e-91	266
EABAIN_11435	NAFEBK_10205	99.1	108	1	0	1	108	1	108	7.90e-66	200
EABAIN_11435	CBFHCM_03435	45.2	208	114	0	9	216	6	213	1.37e-55	176
EABAIN_11435	DHALJH_07460	42.6	209	120	0	7	215	4	212	3.73e-53	170
EABAIN_11435	DNKGCI_06310	42.4	210	121	0	9	218	6	215	6.83e-53	169
EABAIN_11435	ABJDJH_05770	40.4	203	121	0	9	211	20	222	4.68e-51	165
EABAIN_11435	CNLKLD_02735	43.9	198	111	0	14	211	3	200	1.39e-50	163
EABAIN_11435	IAFHMK_03310	41.8	208	120	1	9	215	14	221	2.27e-47	155
EABAIN_11440	DFCDFN_02660	93.6	451	29	0	3	453	10	460	1.43e-304	826
EABAIN_11455	AAKGEC_10580	100	126	0	0	1	126	1	126	1.54e-82	237
EABAIN_11460	IAFHMK_10280	93.9	313	18	1	1	312	1	313	2.83e-204	560
EABAIN_11465	AAKGEC_10590	100	127	0	0	1	127	1	127	5.56e-81	233
EABAIN_11470	AAKGEC_10595	100	121	0	0	1	121	1	121	1.40e-78	226
EABAIN_11480	ACIHME_00390	98.6	214	3	0	1	214	1	214	2.25e-151	418
EABAIN_11480	CEHAJH_09755	49.5	214	75	2	1	214	3	183	1.36e-61	190
EABAIN_11480	CNLKLD_01185	44.4	214	90	3	1	214	1	185	1.97e-53	169
EABAIN_11485	DNKGCI_00365	87.0	440	55	1	1	438	1	440	3.74e-271	740
EABAIN_11490	DDDLLA_11510	85.0	147	22	0	1	147	1	147	5.71e-73	214
EABAIN_11500	CNLKLD_01235	92.4	170	11	1	1	168	1	170	1.91e-99	283
EABAIN_11505	AAKGEC_10630	99.1	115	1	0	1	115	1	115	3.95e-73	212
EABAIN_11505	DOCKDI_01325	99.1	115	1	0	1	115	58	172	2.56e-72	212
EABAIN_11510	AAKGEC_10635	100	178	0	0	1	178	1	178	2.97e-121	339
EABAIN_11515	AAKGEC_10640	100	132	0	0	1	132	1	132	8.10e-90	256
EABAIN_11520	CDIIGJ_07300	77.8	207	40	1	1	207	1	201	1.15e-87	256
EABAIN_11520	DOCKDI_01310	72.0	207	52	1	1	207	1	201	1.39e-81	241
EABAIN_11520	JIBFFE_02620	63.6	118	43	0	86	203	98	215	4.24e-46	151
EABAIN_11530	AAKGEC_10655	100	180	0	0	1	180	1	180	1.31e-125	350
EABAIN_11535	AAKGEC_10660	100	101	0	0	1	101	1	101	1.26e-67	197
EABAIN_11540	AAKGEC_10665	100	122	0	0	1	122	1	122	7.76e-81	232
EABAIN_11545	AAKGEC_10670	100	86	0	0	1	86	1	86	1.96e-55	165
EABAIN_11555	AANGNE_00830	89.8	137	14	0	1	137	1	137	8.22e-88	251
EABAIN_11560	AAKGEC_10685	99.5	217	1	0	1	217	1	217	9.62e-153	422
EABAIN_11565	AAKGEC_10690	100	115	0	0	1	115	1	115	2.38e-74	215
EABAIN_11570	AAKGEC_10695	100	92	0	0	1	92	1	92	3.00e-64	188
EABAIN_11575	DFCDFN_08360	89.1	276	30	0	1	276	1	276	4.96e-178	491
EABAIN_11580	AAKGEC_10705	100	97	0	0	1	97	1	97	2.06e-62	184
EABAIN_11585	AAKGEC_10710	100	208	0	0	1	208	1	208	6.25e-140	389
EABAIN_11590	AAKGEC_10715	100	207	0	0	1	207	1	207	1.27e-143	398
EABAIN_11595	AAKGEC_10720	100	102	0	0	1	102	1	102	3.89e-67	196
EABAIN_11600	DDDLLA_07060	73.6	121	31	1	1	120	1	121	4.05e-54	165
EABAIN_11600	CNLKLD_03000	72.1	122	34	0	1	122	1	122	5.39e-50	154
EABAIN_11600	AAKGEC_01070	70.0	120	36	0	1	120	1	120	5.89e-49	152
EABAIN_11605	LMHNOH_05565	98.4	429	3	1	1	429	1	425	9.15e-277	753
EABAIN_11605	CDIIGJ_07395	74.8	428	107	1	1	427	1	428	4.46e-206	574
EABAIN_11605	HNNKEJ_09125	72.3	423	116	1	1	423	1	422	8.50e-199	556
EABAIN_11605	BGHOFK_06005	72.9	425	114	1	1	425	1	424	1.56e-196	550
EABAIN_11605	IAFHMK_10460	67.7	421	135	1	1	421	1	420	7.31e-190	533
EABAIN_11605	LBKFJK_05080	59.0	424	173	1	1	424	1	423	2.18e-162	463
EABAIN_11605	AANGNE_00780	58.0	426	169	2	1	424	1	418	3.70e-158	452
EABAIN_11605	DDDLLA_07055	59.3	423	171	1	1	423	1	422	2.89e-154	443
EABAIN_11605	CNLKLD_07400	52.2	427	202	1	1	425	1	427	1.23e-139	405
EABAIN_11605	APEJKH_07320	34.4	430	274	3	4	426	12	440	4.18e-67	220
EABAIN_11610	CDIIGJ_07400	75.8	496	116	1	1	496	1	492	2.11e-265	730
EABAIN_11610	HNNKEJ_09130	72.2	496	135	1	1	496	1	493	9.23e-253	698
EABAIN_11610	IAFHMK_10465	72.8	496	131	1	1	496	1	492	4.37e-246	681
EABAIN_11610	DDDLLA_06745	48.3	437	215	6	5	440	3	429	7.95e-130	384
EABAIN_11610	LBKFJK_00845	42.7	489	248	8	5	491	3	461	7.61e-123	367
EABAIN_11610	DNKGCI_03935	42.4	491	251	8	5	493	3	463	2.85e-116	350
EABAIN_11610	PHNKGJ_10185	97.5	80	2	0	417	496	1	80	3.63e-45	152
EABAIN_11615	AANGNE_00775	85.4	185	26	1	1	184	1	185	5.85e-118	331
EABAIN_11625	JMEAFF_11745	98.7	608	5	1	1	605	1	608	0.0	1172
EABAIN_11625	HNNKEJ_09150	73.7	605	159	0	1	605	1	605	0.0	915
EABAIN_11625	DNKGCI_00220	59.8	604	239	2	1	600	1	604	1.48e-262	732
EABAIN_11625	DDDLLA_07040	60.6	606	231	4	1	600	1	604	2.28e-259	724
EABAIN_11625	IAFHMK_10480	60.8	613	227	6	1	605	1	608	3.78e-256	716
EABAIN_11625	CNLKLD_03015	58.6	601	247	2	1	600	1	600	6.35e-246	689
EABAIN_11625	AANGNE_00765	58.1	606	247	3	2	601	5	609	3.31e-243	683
EABAIN_11625	NGAPDN_13695	28.5	603	365	17	2	600	5	545	1.57e-62	215
EABAIN_11630	HNNKEJ_09155	85.6	744	104	3	1	743	1	742	0.0	1242
EABAIN_11630	IAFHMK_10485	74.2	749	173	6	3	741	4	742	0.0	1043
EABAIN_11630	DNKGCI_00215	72.3	748	199	4	1	743	1	745	0.0	1026
EABAIN_11630	AOEAIB_02700	65.9	707	237	2	40	742	53	759	0.0	932
EABAIN_11630	CNLKLD_03020	64.4	725	235	5	40	741	35	759	0.0	912
EABAIN_11630	ABCLFC_02260	31.7	564	316	16	121	625	129	682	1.12e-58	213
EABAIN_11630	AGHDIE_04215	32.8	567	308	17	121	625	140	695	2.04e-58	212
EABAIN_11630	CNLKLD_00730	31.4	567	317	17	121	625	123	679	5.06e-57	207
EABAIN_11630	IAFHMK_03965	33.1	556	305	16	126	623	137	683	7.86e-56	204
EABAIN_11630	DDDLLA_10580	30.7	589	330	19	121	649	105	675	4.76e-48	181
EABAIN_11635	ALLEOD_01610	98.1	211	4	0	1	211	151	361	2.39e-141	398
EABAIN_11635	AEFDGK_00710	85.6	209	30	0	1	209	1	209	1.25e-128	360
EABAIN_11635	AECHFI_08835	55.5	209	23	1	1	209	1	139	9.98e-67	201
EABAIN_11640	AAKGEC_10765	100	143	0	0	1	143	1	143	5.10e-96	272
EABAIN_11640	ALLEOD_01610	98.6	143	2	0	1	143	1	143	1.56e-91	269
EABAIN_11640	BNBIEO_07465	69.7	142	43	0	1	142	1	142	7.74e-67	199
EABAIN_11640	AANGNE_06045	67.1	140	46	0	1	140	1	140	1.10e-66	198
EABAIN_11640	BOKJIE_05495	69.3	140	43	0	1	140	1	140	4.47e-66	197
EABAIN_11645	ABNNBP_13025	88.8	125	14	0	1	125	14	138	2.03e-78	227
EABAIN_11645	DHALJH_08440	68.0	125	40	0	1	125	50	174	1.24e-59	181
EABAIN_11645	BGHOFK_03390	66.4	125	42	0	1	125	3	127	3.75e-58	175
EABAIN_11645	IAFHMK_01540	64.8	125	44	0	1	125	1	125	4.77e-56	170
EABAIN_11645	HNNKEJ_07035	59.2	125	51	0	1	125	4	128	9.62e-52	159
EABAIN_11650	ABJDJH_07595	96.5	288	10	0	1	288	1	288	2.01e-202	553
EABAIN_11650	CDIIGJ_07435	66.7	288	96	0	1	288	1	288	2.54e-137	389
EABAIN_11650	BGHOFK_06035	63.0	284	105	0	1	284	1	284	5.67e-133	378
EABAIN_11650	HNNKEJ_09165	62.6	281	104	1	1	280	1	281	4.01e-128	365
EABAIN_11650	DNKGCI_00210	63.3	281	102	1	1	280	3	283	3.27e-127	363
EABAIN_11650	IAFHMK_10490	61.6	289	110	1	1	288	1	289	7.15e-125	357
EABAIN_11650	LBKFJK_05050	59.8	281	112	1	1	280	1	281	1.69e-121	348
EABAIN_11650	DDDLLA_07030	60.9	281	109	1	1	280	3	283	5.95e-121	347
EABAIN_11650	ACDDAG_04845	57.3	281	119	1	1	280	1	281	6.82e-115	332
EABAIN_11650	CNLKLD_03025	50.7	282	138	1	7	288	7	287	1.38e-97	288
EABAIN_11655	AAKGEC_10780	100	269	0	0	1	269	1	269	1.07e-168	466
EABAIN_11655	AANGNE_00930	73.1	268	72	0	1	268	1	268	1.31e-125	357
EABAIN_11660	AAKGEC_10785	99.6	245	1	0	1	245	1	245	6.03e-179	490
EABAIN_11660	AANGNE_00935	73.3	225	60	0	1	225	1	225	6.19e-125	353
EABAIN_11665	AAKGEC_10790	99.6	280	1	0	1	280	1	280	1.26e-193	530
EABAIN_11665	DNKGCI_00195	69.6	280	85	0	1	280	1	280	3.12e-134	380
EABAIN_11665	LBKFJK_05035	68.2	280	89	0	1	280	1	280	8.92e-134	379
EABAIN_11665	DDDLLA_07015	67.5	280	91	0	1	280	1	280	2.42e-131	373
EABAIN_11665	AANGNE_00750	67.6	281	90	1	1	280	1	281	3.56e-131	372
EABAIN_11665	IAFHMK_10505	60.6	282	108	2	1	279	1	282	1.02e-114	331
EABAIN_11665	CNLKLD_03040	51.6	289	129	3	2	279	4	292	7.51e-100	293
EABAIN_11665	AAOIOD_08845	40.8	311	150	5	2	278	17	327	3.07e-69	222
EABAIN_11665	BLOIDM_11920	42.1	302	143	5	8	277	16	317	7.57e-68	218
EABAIN_11670	HNNKEJ_09185	78.3	143	31	0	1	143	1	143	4.02e-75	220
EABAIN_11670	IAFHMK_10510	69.0	145	45	0	1	145	1	145	2.07e-64	192
EABAIN_11670	AANGNE_00940	65.3	144	50	0	2	145	4	147	1.81e-63	190
EABAIN_11670	DNKGCI_00190	71.8	142	40	0	1	142	1	142	5.65e-62	186
EABAIN_11670	LBKFJK_05030	66.2	145	49	0	1	145	1	145	8.02e-62	186
EABAIN_11670	DDDLLA_07010	64.8	145	51	0	1	145	1	145	1.08e-59	181
EABAIN_11675	ALHAGD_11110	97.9	94	2	0	1	94	1	94	5.83e-59	175
EABAIN_11680	BHKCDL_10125	96.7	121	4	0	2	122	2	122	1.27e-78	228
EABAIN_11680	ACIHME_00590	98.1	105	2	0	23	127	56	160	1.63e-71	210
EABAIN_11680	CDIIGJ_07465	60.7	122	48	0	2	123	16	137	9.00e-51	157
EABAIN_11680	HNNKEJ_09195	60.5	124	49	0	2	125	16	139	8.03e-49	152
EABAIN_11685	AAKGEC_10810	100	97	0	0	2	98	2	98	4.83e-57	170
EABAIN_11690	AAKGEC_10815	100	132	0	0	1	132	1	132	3.56e-84	241
EABAIN_11690	ABNNBP_13085	69.2	130	40	0	3	132	18	147	1.03e-54	167
EABAIN_11690	CDIIGJ_07475	64.9	131	46	0	2	132	17	147	2.66e-50	156
EABAIN_11695	ABCBPP_11760	99.2	127	1	0	1	127	1	127	5.35e-79	228
EABAIN_11700	AMHKJB_09185	99.7	362	1	0	1	362	1	362	3.87e-236	645
EABAIN_11700	LLNOII_08800	92.5	347	26	0	16	362	284	630	6.29e-205	576
EABAIN_11700	CDIIGJ_07485	69.8	338	102	0	24	361	1	338	1.04e-153	435
EABAIN_11700	DNKGCI_00160	57.8	339	142	1	22	359	1	339	3.18e-124	360
EABAIN_11700	IAFHMK_10540	60.5	314	124	0	49	362	1	314	7.27e-124	358
EABAIN_11700	BGHOFK_06435	55.6	331	142	1	37	362	1	331	2.05e-117	343
EABAIN_11700	CJHCCN_03025	52.0	358	172	0	3	360	274	631	1.01e-113	343
EABAIN_11700	DDDLLA_06980	56.3	318	132	3	49	362	1	315	1.10e-110	325
EABAIN_11700	LBKFJK_05005	56.5	315	136	1	49	362	1	315	4.45e-110	323
EABAIN_11700	KJJMGA_00790	52.0	344	161	2	19	360	5	346	9.12e-105	311
EABAIN_11700	CNLKLD_03070	49.5	309	156	0	49	357	1	309	9.18e-91	274
EABAIN_11700	HNNKEJ_09220	58.7	218	90	0	49	266	1	218	8.87e-81	245
EABAIN_11705	LLNOII_08800	97.4	228	6	0	1	228	1	228	5.02e-152	436
EABAIN_11705	ABCLFC_11845	76.4	246	50	1	2	239	6	251	6.67e-132	374
EABAIN_11705	CDIIGJ_07490	70.9	230	64	2	2	228	6	235	1.06e-111	323
EABAIN_11705	LBKFJK_05000	63.3	229	82	1	2	228	6	234	1.81e-102	300
EABAIN_11705	HNNKEJ_09225	65.9	229	75	3	2	228	6	233	4.01e-102	299
EABAIN_11705	IAFHMK_10545	63.8	229	81	1	2	228	22	250	1.41e-100	295
EABAIN_11705	BGHOFK_06440	62.4	229	83	2	2	228	6	233	4.32e-99	291
EABAIN_11705	DNKGCI_00155	62.4	226	82	2	5	228	1	225	3.34e-98	288
EABAIN_11705	DDDLLA_06975	63.8	229	80	2	2	228	6	233	1.99e-97	286
EABAIN_11705	CJHCCN_03025	62.3	228	85	1	1	228	5	231	1.88e-91	281
EABAIN_11705	CNLKLD_03075	56.1	228	98	2	2	228	10	236	3.44e-80	243
EABAIN_11705	PCAMPM_06075	56.1	228	71	2	1	228	5	203	3.25e-79	239
EABAIN_11710	ADJCAM_06275	99.6	1659	5	1	1	1658	1	1659	0.0	3272
EABAIN_11710	BGLHJG_00760	37.2	1197	684	24	435	1608	94	1245	6.84e-235	723
EABAIN_11715	AAKGEC_02570	99.4	178	1	0	1	178	1	178	8.53e-89	257
EABAIN_11715	ABNNBP_13110	55.1	178	80	0	1	178	1	178	1.25e-57	178
EABAIN_11715	DIBOGN_10190	53.4	178	83	0	1	178	1	178	1.67e-50	160
EABAIN_11720	AAKGEC_02565	98.9	443	5	0	1	443	1	443	7.94e-318	858
EABAIN_11720	IAFHMK_10570	58.4	442	184	0	1	442	1	442	6.59e-185	522
EABAIN_11720	IAFHMK_09655	47.5	446	226	3	1	440	1	444	2.70e-143	416
EABAIN_11720	BGHOFK_07245	46.6	442	236	0	1	442	1	442	6.22e-140	407
EABAIN_11720	HNNKEJ_07450	44.9	448	240	2	1	442	1	447	5.46e-137	400
EABAIN_11720	AGDPFD_05235	41.2	447	256	1	1	440	1	447	6.78e-122	362
EABAIN_11720	HNNKEJ_10210	40.5	447	261	1	1	442	1	447	6.99e-122	362
EABAIN_11720	LBKFJK_09900	39.1	445	264	4	1	442	1	441	5.42e-108	326
EABAIN_11720	BGHOFK_05100	36.2	453	276	4	1	443	1	450	4.82e-102	311
EABAIN_11720	PKLIGD_02350	29.7	437	289	6	1	427	1	429	6.11e-59	199
EABAIN_11720	DIBOGN_02540	29.5	444	301	5	1	435	1	441	1.45e-56	192
EABAIN_11720	AANGNE_03260	31.1	454	281	7	1	435	1	441	2.83e-56	192
EABAIN_11725	DFCDFN_08215	80.0	616	123	0	1	616	1	616	0.0	983
EABAIN_11730	HNNKEJ_09260	82.1	430	72	2	1	428	1	427	3.86e-246	676
EABAIN_11730	IAFHMK_10580	72.7	436	111	2	1	428	1	436	3.61e-223	618
EABAIN_11730	AANGNE_09375	71.5	428	109	1	1	428	1	415	1.94e-215	597
EABAIN_11730	DNKGCI_00120	69.6	428	120	1	1	428	1	418	5.87e-213	591
EABAIN_11730	CNLKLD_03090	67.5	422	124	1	4	425	7	415	9.94e-200	558
EABAIN_11735	DNKGCI_00115	75.0	268	63	2	1	267	1	265	6.09e-132	373
EABAIN_11735	AANGNE_09380	70.8	267	75	1	1	267	1	264	6.49e-129	365
EABAIN_11735	CNLKLD_03095	72.3	267	70	2	1	267	1	263	2.08e-127	362
EABAIN_11740	AANGNE_09385	80.4	245	47	1	1	244	1	245	5.05e-148	412
EABAIN_11740	CNLKLD_03100	69.7	238	71	1	6	243	5	241	4.66e-125	354
EABAIN_11750	AAKGEC_02535	98.7	232	3	0	1	232	1	232	4.07e-166	457
EABAIN_11750	BGHOFK_06480	61.2	232	90	0	1	232	1	232	2.74e-98	285
EABAIN_11750	CDIIGJ_07525	60.7	239	87	2	1	232	1	239	1.80e-97	283
EABAIN_11750	IAFHMK_10600	56.5	232	98	1	1	232	1	229	4.92e-90	264
EABAIN_11750	HNNKEJ_09280	58.2	232	87	1	1	232	2	223	1.45e-85	253
EABAIN_11750	LBKFJK_04955	54.1	231	105	1	2	232	1	230	5.30e-80	239
EABAIN_11750	AANGNE_09395	55.0	231	88	3	2	232	1	215	2.64e-79	236
EABAIN_11750	DBFGIH_07500	53.7	231	91	4	2	232	1	215	5.73e-76	228
EABAIN_11755	JOJNOE_06315	100	159	0	0	1	159	225	383	7.31e-102	296
EABAIN_11755	BIHALF_07715	83.0	159	27	0	1	159	36	194	5.63e-88	254
EABAIN_11760	AAKGEC_02525	100	408	0	0	1	408	1	408	4.25e-254	694
EABAIN_11760	CNLKLD_08265	66.6	407	129	2	1	407	1	400	9.14e-169	479
EABAIN_11760	DNKGCI_00085	70.6	395	111	3	1	395	1	390	1.17e-168	478
EABAIN_11760	IAFHMK_10610	68.0	409	127	4	2	408	4	410	1.94e-163	465
EABAIN_11760	OABIGA_06050	64.0	403	137	3	1	399	1	399	5.58e-161	458
EABAIN_11765	EPKBNI_12810	99.7	332	1	0	1	332	10	341	2.56e-244	663
EABAIN_11770	AAKGEC_02515	99.6	446	2	0	1	446	1	446	4.78e-316	854
EABAIN_11770	CNLKLD_04695	74.0	442	114	1	1	441	1	442	6.05e-229	634
EABAIN_11770	AANGNE_09415	71.0	445	122	3	1	442	1	441	3.05e-219	609
EABAIN_11780	EHLNLG_11555	81.1	333	62	1	1	333	1	332	2.30e-179	499
EABAIN_11780	ABCLFC_11920	74.2	333	85	1	1	333	1	332	1.59e-163	459
EABAIN_11780	CDIIGJ_07555	40.5	316	186	1	15	330	15	328	5.41e-70	221
EABAIN_11780	BIHALF_07740	39.3	338	193	6	1	331	1	333	2.64e-65	209
EABAIN_11780	HNNKEJ_09330	49.3	221	111	1	111	330	2	222	2.80e-63	200
EABAIN_11780	IAFHMK_10635	38.7	336	194	8	3	330	4	335	9.75e-60	194
EABAIN_11780	LBKFJK_09040	36.4	313	189	8	13	319	11	319	4.70e-47	161
EABAIN_11785	DNKGCI_00060	83.4	241	39	1	2	242	18	257	1.22e-144	404
EABAIN_11790	CNLKLD_04540	75.9	875	203	3	4	877	5	872	0.0	1296
EABAIN_11790	EEJBJI_10175	71.9	879	236	5	1	877	1	870	0.0	1214
EABAIN_11795	EHLNLG_11535	93.7	269	17	0	1	269	1	269	1.51e-182	501
EABAIN_11795	AANGNE_03790	68.8	266	83	0	3	268	2	267	6.20e-131	371
EABAIN_11795	LBKFJK_02525	59.5	269	109	0	1	269	1	269	1.09e-117	337
EABAIN_11795	DNKGCI_10700	57.9	266	112	0	1	266	1	266	1.69e-114	329
EABAIN_11795	BGHOFK_02795	57.9	266	112	0	1	266	1	266	3.99e-112	323
EABAIN_11795	EMAPBM_05680	50.2	263	131	0	3	265	3	265	3.90e-88	262
EABAIN_11795	CDIIGJ_09545	39.5	263	149	2	2	258	3	261	4.31e-58	186
EABAIN_11795	AAKGEC_05360	38.4	263	152	2	2	258	3	261	1.33e-57	184
EABAIN_11795	HNNKEJ_11800	38.7	261	152	2	2	258	7	263	3.97e-56	181
EABAIN_11800	CIJHDH_11440	99.0	307	3	0	1	307	1	307	1.16e-218	597
EABAIN_11800	BGHOFK_02790	69.4	307	94	0	1	307	1	307	8.62e-157	439
EABAIN_11800	AANGNE_03785	66.4	307	103	0	1	307	1	307	5.21e-151	425
EABAIN_11800	DNKGCI_10705	62.3	305	115	0	1	305	1	305	5.12e-145	410
EABAIN_11800	LBKFJK_02520	62.5	307	115	0	1	307	1	307	6.30e-141	399
EABAIN_11800	EMAPBM_05685	59.0	307	126	0	1	307	1	307	4.60e-131	374
EABAIN_11825	EGHGNB_04110	97.3	146	3	1	1	145	1	146	2.50e-100	284
EABAIN_11825	CDIIGJ_08380	63.3	139	51	0	7	145	4	142	4.20e-61	185
EABAIN_11825	BGHOFK_09295	56.9	137	59	0	9	145	11	147	6.64e-54	167
EABAIN_11825	HNNKEJ_09395	59.9	137	55	0	9	145	8	144	1.38e-53	166
EABAIN_11830	CEFFBK_11170	99.8	576	1	0	1	576	1	576	0.0	1062
EABAIN_11830	CNLKLD_03605	66.8	575	190	1	1	575	1	574	2.45e-265	736
EABAIN_11830	AANGNE_09525	65.6	575	198	0	1	575	1	575	3.93e-262	728
EABAIN_11835	AAKGEC_03670	100	342	0	0	1	342	1	342	1.40e-228	624
EABAIN_11840	AANGNE_09535	90.7	257	22	1	1	255	1	257	4.72e-161	446
EABAIN_11845	AAKGEC_03680	99.4	341	2	0	1	341	1	341	9.56e-256	692
EABAIN_11845	AANGNE_09540	66.9	344	110	3	1	340	1	344	6.17e-168	471
EABAIN_11845	CNLKLD_04645	65.4	341	118	0	1	341	1	341	2.66e-164	461
EABAIN_11845	DDDLLA_04795	60.5	342	132	2	1	341	1	340	1.48e-143	409
EABAIN_11850	DFCDFN_10055	87.5	898	107	3	5	902	8	900	0.0	1540
EABAIN_11850	CEHAJH_08145	72.0	350	94	2	556	903	1	348	3.33e-174	508
EABAIN_11850	PKLIGD_02265	40.1	439	256	5	33	470	17	449	2.11e-87	289
EABAIN_11850	PKLIGD_02295	31.2	398	222	7	501	898	27	372	9.28e-57	199
EABAIN_11850	AKOOIJ_11345	30.1	399	224	9	503	898	32	378	4.07e-42	158
EABAIN_11850	NOKDAP_11215	29.3	396	225	10	506	898	31	374	2.66e-40	152
EABAIN_11855	DBDHAK_08795	83.9	285	46	0	1	285	7	291	1.48e-173	480
EABAIN_11855	IAFHMK_08205	63.8	282	102	0	4	285	8	289	1.13e-123	354
EABAIN_11855	HNNKEJ_09450	61.3	284	110	0	2	285	4	287	1.41e-121	348
EABAIN_11855	DNKGCI_04905	56.7	284	123	0	2	285	4	287	2.11e-111	323
EABAIN_11855	LBKFJK_09275	51.4	280	135	1	6	285	8	286	4.57e-98	289
EABAIN_11855	IAFHMK_08260	50.9	285	136	3	1	283	1	283	1.45e-91	272
EABAIN_11855	ABCBPP_06390	43.2	280	159	0	6	285	4	283	8.60e-78	237
EABAIN_11855	LBKFJK_09270	41.4	280	164	0	6	285	4	283	9.30e-74	227
EABAIN_11855	DDDLLA_08600	37.5	280	174	1	7	285	5	284	1.49e-61	196
EABAIN_11855	HNNKEJ_08330	35.2	273	176	1	14	285	12	284	1.64e-49	165
EABAIN_11860	ADJCAM_06430	100	379	0	0	1	379	1	379	6.86e-250	681
EABAIN_11865	ABCLFC_12025	95.9	437	18	0	1	437	1	437	3.18e-310	838
EABAIN_11875	BEJELC_00470	100	341	0	0	1	341	1	341	1.55e-244	664
EABAIN_11875	IAFHMK_08195	68.9	341	106	0	1	341	1	341	6.03e-171	478
EABAIN_11875	DNKGCI_04915	69.0	339	105	0	3	341	9	347	2.03e-168	472
EABAIN_11875	CNLKLD_04660	67.5	342	107	2	1	342	1	338	1.82e-163	459
EABAIN_11875	HCJGAG_01505	68.0	350	92	5	1	342	6	343	1.99e-161	454
EABAIN_11875	GNOKMM_07160	40.5	343	197	5	5	341	3	344	2.60e-85	261
EABAIN_11875	EIKFFD_05080	39.0	344	202	6	5	341	2	344	2.38e-80	248
EABAIN_11880	ABNNBP_00125	95.2	165	8	0	1	165	18	182	7.18e-113	317
EABAIN_11880	DDDLLA_04845	72.6	164	45	0	1	164	1	164	6.26e-84	244
EABAIN_11880	AANGNE_09555	64.2	165	55	2	1	165	1	161	5.26e-72	213
EABAIN_11880	CNLKLD_04665	64.6	158	53	1	1	158	1	155	1.38e-69	207
EABAIN_11885	BAFONJ_10240	78.7	178	38	0	1	178	19	196	2.38e-95	274
EABAIN_11885	CNLKLD_04670	70.2	178	53	0	1	178	1	178	4.27e-85	248
EABAIN_11890	HIJKML_03510	99.0	406	2	1	1	406	1	404	1.33e-283	768
EABAIN_11890	HNNKEJ_09470	63.4	404	148	0	1	404	1	404	2.60e-186	522
EABAIN_11890	CNLKLD_04675	62.3	403	152	0	1	403	1	403	7.53e-184	516
EABAIN_11890	DNKGCI_09000	49.9	403	202	0	1	403	1	403	3.04e-150	431
EABAIN_11890	HNNKEJ_09475	52.2	404	192	1	1	403	1	404	1.03e-147	424
EABAIN_11890	CDIIGJ_07645	49.0	406	207	0	1	406	1	406	2.85e-142	410
EABAIN_11890	LBKFJK_09230	48.4	403	208	0	1	403	1	403	4.62e-139	402
EABAIN_11890	CNLKLD_04680	40.0	408	233	5	1	403	1	401	1.53e-104	314
EABAIN_11890	AAKGEC_03740	39.2	403	245	0	1	403	1	403	1.25e-101	307
EABAIN_11890	IAFHMK_08160	36.2	403	255	1	1	403	1	401	6.46e-87	269
EABAIN_11895	AAKGEC_03740	98.8	408	5	0	1	408	1	408	1.60e-281	763
EABAIN_11895	IAFHMK_08160	66.5	406	134	1	1	406	1	404	7.95e-182	511
EABAIN_11895	CNLKLD_04680	57.7	404	169	1	1	404	1	402	2.90e-159	454
EABAIN_11895	CDIIGJ_07645	42.1	404	234	0	1	404	1	404	1.63e-113	337
EABAIN_11895	CNLKLD_04675	41.8	404	235	0	1	404	1	404	3.85e-109	326
EABAIN_11895	DNKGCI_09000	39.9	404	243	0	1	404	1	404	7.20e-105	315
EABAIN_11895	LBKFJK_09230	39.9	406	244	0	1	406	1	406	3.83e-104	313
EABAIN_11895	HNNKEJ_09470	40.5	393	234	0	1	393	1	393	1.35e-103	312
EABAIN_11895	HNNKEJ_09475	39.0	405	246	1	1	404	1	405	5.93e-103	310
EABAIN_11895	HIJKML_03510	39.5	403	242	1	1	403	1	401	2.37e-101	306
EABAIN_11900	BNBIEO_07450	92.4	448	34	0	1	448	1	448	7.73e-305	826
EABAIN_11905	CNOINH_02845	78.8	156	33	0	8	163	1	156	1.18e-91	264
EABAIN_11910	AAKGEC_03765	98.9	281	3	0	1	281	1	281	4.74e-194	531
EABAIN_11910	ABCLFC_12105	97.7	88	2	0	1	88	1	88	5.73e-54	170
EABAIN_11915	AHPAPB_12710	95.4	109	5	0	1	109	1	109	5.55e-74	214
EABAIN_11920	LLNOII_09640	82.4	108	18	1	1	107	1	108	2.49e-53	162
EABAIN_11925	CIJHDH_11590	90.6	895	69	3	1	880	1	895	0.0	1633
EABAIN_11930	AMHKJB_13015	100	215	0	0	1	215	1	215	1.05e-155	429
EABAIN_11935	AMHKJB_13020	100	417	0	0	1	417	1	417	1.84e-312	842
EABAIN_11935	CLAPNJ_05530	46.5	417	200	11	1	411	1	400	3.16e-121	357
EABAIN_11935	ABJDJH_05035	41.9	425	220	9	1	406	1	417	1.02e-103	313
EABAIN_11935	JMOLFK_05680	37.7	446	234	13	2	413	6	441	1.37e-89	278
EABAIN_11935	CFLCIE_00950	38.8	418	239	10	5	409	7	420	6.82e-89	275
EABAIN_11935	PHNKGJ_04735	36.5	438	246	13	2	410	4	438	1.51e-87	272
EABAIN_11940	AMHKJB_13025	99.8	520	1	0	1	520	1	520	0.0	1045
EABAIN_11940	BPNNAG_01270	58.9	367	136	6	156	510	150	513	4.93e-143	421
EABAIN_11940	ABJDJH_05030	35.1	556	209	17	10	518	160	610	1.15e-77	255
EABAIN_11940	MIPKAO_02905	41.2	398	177	14	161	503	345	740	1.50e-76	255
EABAIN_11940	CFLCIE_00945	42.7	396	172	15	155	497	406	799	3.77e-76	255
EABAIN_11940	PHNKGJ_04730	39.1	409	188	12	153	503	265	670	6.80e-71	239
EABAIN_11945	ABCBPP_12050	98.6	218	3	0	1	218	1	218	9.97e-151	417
EABAIN_11945	HNNKEJ_09545	72.5	218	47	1	1	218	1	205	2.04e-108	309
EABAIN_11945	AANGNE_09575	65.9	217	61	1	2	218	1	204	1.08e-98	285
EABAIN_11945	IAFHMK_08020	62.8	218	68	1	1	218	1	205	1.83e-90	264
EABAIN_11945	CNLKLD_03125	57.8	218	75	3	1	218	1	201	1.21e-80	239
EABAIN_11945	OFBCLB_02100	46.3	216	103	2	1	216	1	203	2.10e-60	187
EABAIN_11950	AAKGEC_03785	100	82	0	0	1	82	1	82	5.99e-55	164
EABAIN_11955	AAKGEC_03790	97.4	114	3	0	1	114	1	114	1.44e-79	228
EABAIN_11955	CDIIGJ_07710	73.4	109	29	0	1	109	1	109	9.04e-60	178
EABAIN_11955	DNKGCI_09060	64.0	114	41	0	1	114	1	114	7.26e-55	166
EABAIN_11955	EPOEKF_10190	64.0	114	41	0	1	114	1	114	1.15e-52	160
EABAIN_11960	ABCLFC_12145	93.4	167	11	0	1	167	1	167	4.20e-113	318
EABAIN_11960	KJCAIL_10075	100	130	0	0	40	169	216	345	6.30e-90	265
EABAIN_11960	BGHOFK_09190	67.5	169	55	0	1	169	1	169	5.70e-85	246
EABAIN_11960	IAFHMK_08010	67.1	167	55	0	1	167	1	167	1.14e-79	233
EABAIN_11960	HNNKEJ_09560	65.5	168	58	0	1	168	1	168	1.94e-78	230
EABAIN_11960	CNLKLD_03135	65.9	167	57	0	1	167	1	167	2.76e-78	229
EABAIN_11960	DDDLLA_05010	65.3	167	58	0	1	167	1	167	9.81e-74	218
EABAIN_11960	AANGNE_09590	60.4	169	67	0	1	169	1	169	1.56e-71	213
EABAIN_11960	DNKGCI_09070	44.9	167	87	1	5	166	5	171	1.88e-48	154
EABAIN_11965	EKJHIG_11125	97.0	236	6	1	1	235	1	236	2.08e-163	450
EABAIN_11965	KJCAIL_10075	99.5	214	1	0	1	214	1	214	3.84e-150	421
EABAIN_11965	HNNKEJ_09565	59.0	234	96	0	1	234	1	234	4.07e-98	285
EABAIN_11965	EIKFFD_00960	52.8	199	94	0	1	199	1	199	2.39e-66	204
EABAIN_11965	ABNNBP_07460	46.3	227	120	1	3	227	4	230	1.59e-65	202
EABAIN_11965	AANGNE_07735	49.1	226	115	0	1	226	176	401	6.32e-65	206
EABAIN_11965	BGHOFK_01000	43.5	230	128	1	1	228	1	230	8.80e-65	200
EABAIN_11970	DDDLLA_05020	74.4	484	122	1	1	482	1	484	8.20e-265	729
EABAIN_11970	PNIBIJ_03960	75.8	302	73	0	1	302	1	302	7.44e-161	458
EABAIN_11970	CNLKLD_07440	33.0	482	286	7	1	476	4	454	4.69e-84	267
EABAIN_11970	LEAGNF_11255	32.4	454	273	7	21	470	33	456	2.21e-77	250
EABAIN_11970	KMMJML_03790	33.9	336	199	5	143	476	3	317	4.83e-60	200
EABAIN_11975	CEHNAA_08180	82.8	443	75	1	1	442	658	1100	1.33e-247	705
EABAIN_11975	BOGGMI_12080	95.4	259	12	0	184	442	154	412	1.73e-166	474
EABAIN_11975	BGHOFK_05845	50.1	457	207	5	5	440	336	792	1.06e-128	390
EABAIN_11975	CMMBIF_08230	56.8	375	156	6	10	380	284	656	8.47e-121	369
EABAIN_11975	HJMHNM_08850	50.0	378	186	3	5	379	322	699	3.71e-109	340
EABAIN_11975	ANILPM_05890	43.0	456	237	4	10	442	339	794	9.92e-101	317
EABAIN_11975	KBNMIO_12390	46.4	360	181	8	15	367	495	849	3.15e-83	277
EABAIN_11975	JAFLJO_08325	42.2	377	212	5	1	374	487	860	6.49e-75	254
EABAIN_11975	JNJFEK_07930	34.1	463	192	10	14	367	933	1391	2.70e-57	203
EABAIN_11975	GFMPDI_06445	33.5	463	195	10	14	367	611	1069	4.21e-57	202
EABAIN_11975	IBLCEI_13655	32.8	469	200	12	8	367	1731	2193	7.15e-55	196
EABAIN_11975	NDNCNL_13170	31.2	503	203	12	14	375	1797	2297	2.65e-49	180
EABAIN_11975	FHIFIE_04470	57.5	146	61	1	217	361	113	258	3.96e-48	166
EABAIN_11975	DEHNMP_10255	32.3	409	164	10	68	367	1	405	1.19e-43	159
EABAIN_11975	KHHBNE_12920	35.2	349	179	11	58	367	658	998	6.35e-41	155
EABAIN_11980	CEHNAA_08180	79.3	628	128	2	11	636	1	628	0.0	973
EABAIN_11980	HJMHNM_08850	57.7	638	268	2	1	636	1	638	1.03e-250	712
EABAIN_11980	ANILPM_05890	57.0	623	260	3	21	635	27	649	9.33e-236	672
EABAIN_11980	BGHOFK_05845	54.4	651	281	4	1	635	1	651	3.14e-229	655
EABAIN_11980	CMMBIF_08230	58.4	596	243	5	44	635	1	595	2.16e-228	652
EABAIN_11980	BOGGMI_12080	76.0	337	80	1	174	510	2	337	1.36e-169	489
EABAIN_11980	HPKJMF_11620	42.8	547	265	9	5	515	10	544	1.50e-127	389
EABAIN_11980	JAFLJO_08325	42.6	596	327	9	40	630	41	626	1.57e-127	411
EABAIN_11980	FHIFIE_04470	48.4	506	15	1	1	506	1	260	2.14e-127	376
EABAIN_11980	KBNMIO_12390	37.5	613	295	11	40	635	262	803	4.23e-100	331
EABAIN_11980	DDDLLA_02845	50.3	324	149	5	25	341	78	396	1.13e-82	283
EABAIN_11980	HPKJMF_11630	51.7	298	124	4	50	334	87	377	7.12e-79	273
EABAIN_11980	BOKJIE_02110	44.2	339	156	13	40	354	38	367	4.88e-60	211
EABAIN_11980	HCKLJM_09920	35.6	379	225	5	275	635	332	709	1.66e-56	206
EABAIN_11980	IBLCEI_13655	30.0	447	194	13	304	635	1705	2147	7.01e-41	160
EABAIN_11980	GFFGID_13010	30.2	533	221	21	50	510	261	714	6.39e-39	154
EABAIN_11985	CLAPNJ_05575	97.0	270	7	1	1	270	1	269	1.90e-180	497
EABAIN_11985	CDIIGJ_07730	72.8	268	71	2	1	268	1	266	1.08e-131	373
EABAIN_11985	BGHOFK_09180	68.5	270	83	2	1	270	1	268	4.02e-125	356
EABAIN_11985	DNKGCI_09090	63.1	268	97	2	1	268	1	266	1.12e-109	317
EABAIN_11985	HNNKEJ_09575	63.9	266	94	2	1	266	1	264	2.19e-107	311
EABAIN_11985	CNLKLD_01335	61.5	273	99	2	1	268	1	272	1.13e-106	310
EABAIN_11985	IAFHMK_08000	60.1	276	103	2	1	270	1	275	1.65e-106	309
EABAIN_11985	AANGNE_09600	57.8	277	109	2	1	270	1	276	6.32e-102	298
EABAIN_11985	DDDLLA_05025	57.1	268	113	2	1	268	1	266	9.53e-99	289
EABAIN_12010	OMLPIM_11420	90.7	430	2	1	42	471	42	433	1.22e-250	689
EABAIN_12010	COOGCK_04470	62.6	471	171	2	1	471	1	466	3.51e-194	547
EABAIN_12010	NMFGHN_03390	54.1	468	192	4	3	470	2	446	6.88e-152	439
EABAIN_12010	IAFHMK_07995	50.6	431	198	4	50	471	75	499	1.77e-136	402
EABAIN_12015	ABCBPP_12130	99.6	502	2	0	1	502	1	502	0.0	990
EABAIN_12015	CNLKLD_01345	70.7	498	146	0	1	498	1	498	4.64e-264	727
EABAIN_12015	BPLFFK_04950	56.0	500	217	2	1	499	9	506	1.88e-207	584
EABAIN_12015	AJONOJ_09055	100	141	0	0	1	141	1	141	1.75e-91	276
EABAIN_12015	AFCONC_02175	71.0	131	38	0	368	498	1	131	1.41e-60	194
EABAIN_12015	BDEBFB_07045	30.8	471	316	8	3	467	2	468	2.08e-59	203
EABAIN_12015	AAKGEC_09205	28.4	486	334	11	1	478	1	480	7.39e-56	194
EABAIN_12015	NEBMPO_12115	53.2	139	65	0	225	363	1	139	3.31e-44	152
EABAIN_12020	DDKKPM_04605	78.7	301	64	0	2	302	47	347	8.03e-175	486
EABAIN_12020	MNCDBI_09560	97.7	175	4	0	1	175	1	175	4.64e-119	339
EABAIN_12020	GEDPFN_04480	66.7	231	77	0	2	232	1	231	3.72e-111	321
EABAIN_12020	DFOKEG_12910	85.2	128	19	0	2	129	1	128	2.70e-70	213
EABAIN_12020	EPPKIK_09660	62.1	145	55	0	2	146	1	145	9.40e-58	182
EABAIN_12020	DFCDFN_00775	35.4	316	183	10	4	300	7	320	5.41e-51	174
EABAIN_12025	AAKGEC_00325	99.6	282	1	0	1	282	1	282	2.96e-193	530
EABAIN_12025	DNKGCI_09145	67.4	279	91	0	3	281	2	280	1.43e-128	366
EABAIN_12025	CNLKLD_01355	64.2	282	100	1	1	281	12	293	9.53e-121	347
EABAIN_12030	AAKGEC_00320	99.0	102	1	0	1	102	1	102	6.19e-73	211
EABAIN_12035	ABCLFC_12230	84.3	249	35	1	11	255	1	249	2.54e-155	431
EABAIN_12035	HNNKEJ_09625	74.5	255	65	0	1	255	1	255	5.30e-147	410
EABAIN_12035	BGHOFK_07590	73.7	259	64	1	1	255	1	259	6.79e-144	403
EABAIN_12035	CDIIGJ_07780	73.0	259	66	1	1	255	1	259	1.52e-140	394
EABAIN_12035	IAFHMK_07970	67.6	247	79	1	9	255	5	250	5.26e-125	355
EABAIN_12035	DNKGCI_09155	60.2	264	92	2	4	255	5	267	2.28e-111	321
EABAIN_12035	LBKFJK_09120	59.4	249	98	2	11	257	11	258	8.52e-109	314
EABAIN_12035	AANGNE_09615	59.8	246	99	0	10	255	8	253	2.54e-107	310
EABAIN_12035	DDDLLA_05055	58.7	254	102	3	4	255	1	253	7.27e-107	309
EABAIN_12035	CNLKLD_01365	58.0	257	104	4	1	255	1	255	1.40e-102	298
EABAIN_12035	CBEECJ_09680	36.6	257	142	8	9	252	13	261	5.19e-47	157
EABAIN_12040	LEOBIF_03580	100	81	0	0	1	81	18	98	3.53e-50	152
EABAIN_12045	CNLKLD_04595	79.0	167	31	2	1	166	1	164	3.15e-87	252
EABAIN_12045	GNPDOB_10985	73.5	166	21	3	1	166	1	143	3.22e-76	223
EABAIN_12045	ABJDJH_09900	71.9	167	38	3	2	166	1	160	1.03e-75	223
EABAIN_12045	BGLHJG_07695	71.9	167	29	4	1	166	1	150	8.07e-74	218
EABAIN_12045	BAOMEA_06055	71.3	167	32	4	1	166	1	152	2.16e-73	216
EABAIN_12045	KPGHOL_10310	65.7	169	43	3	1	166	1	157	2.43e-71	211
EABAIN_12045	CLEGAA_04795	76.7	133	25	1	1	127	1	133	1.78e-66	199
EABAIN_12045	FDLGOJ_03220	62.7	166	37	2	1	166	5	145	1.64e-64	194
EABAIN_12045	OFBCLB_02830	59.9	167	43	3	1	166	1	144	9.13e-64	192
EABAIN_12045	ALHAGD_09820	86.0	107	15	0	1	107	1	107	6.45e-63	191
EABAIN_12045	NGAPDN_14150	61.1	167	58	2	1	166	1	161	1.05e-61	187
EABAIN_12045	LBDMAD_12625	62.5	160	35	2	1	160	1	135	6.67e-61	186
EABAIN_12045	HNNKEJ_01600	59.9	167	51	3	1	166	1	152	1.23e-58	179
EABAIN_12050	AAKGEC_00300	100	97	0	0	1	97	1	97	3.15e-66	193
EABAIN_12055	BJNLFJ_07195	99.1	223	2	0	1	223	1	223	3.59e-160	444
EABAIN_12055	DDDLLA_05075	74.4	281	65	2	1	281	1	274	2.83e-149	418
EABAIN_12055	CNLKLD_03240	70.4	284	84	0	1	284	1	284	5.98e-141	397
EABAIN_12055	BAFDFF_12540	95.9	193	8	0	92	284	1	193	1.45e-129	365
EABAIN_12055	LPKMGL_11330	52.4	275	123	3	1	275	6	272	6.82e-90	268
EABAIN_12055	AANGNE_05000	47.8	278	137	3	1	278	6	275	1.95e-82	249
EABAIN_12060	JBKKJP_13050	96.9	488	9	1	1	488	1	482	0.0	896
EABAIN_12060	AAKGEC_06030	66.5	480	153	3	10	487	4	477	1.45e-224	625
EABAIN_12060	DNKGCI_09195	56.7	492	195	7	1	486	1	480	1.56e-186	529
EABAIN_12060	CDIIGJ_07805	55.9	494	192	7	8	485	7	490	3.86e-185	526
EABAIN_12060	OFBCLB_02110	40.1	474	258	9	5	472	12	465	1.71e-104	319
EABAIN_12060	FIHDIM_11920	35.3	433	255	8	12	435	10	426	8.99e-79	253
EABAIN_12060	CNLKLD_00825	36.5	416	227	9	14	409	10	408	2.75e-68	225
EABAIN_12060	PHNFPI_05015	37.9	359	204	8	12	361	9	357	7.04e-66	219
EABAIN_12060	IAFHMK_10320	33.8	438	260	10	8	429	20	443	2.77e-64	215
EABAIN_12060	CDIIGJ_10240	35.3	405	240	9	6	401	4	395	4.85e-61	206
EABAIN_12060	BNBIEO_00300	32.8	393	246	9	12	398	7	387	2.18e-58	199
EABAIN_12060	DDDLLA_08350	31.8	399	244	8	9	394	4	387	9.20e-57	194
EABAIN_12060	IAFHMK_03485	34.5	359	215	7	1	353	4	348	2.36e-55	191
EABAIN_12060	FAKCMI_12975	30.6	468	289	11	9	471	3	439	3.21e-55	191
EABAIN_12065	BGHOFK_07625	76.6	556	113	5	1	552	1	543	2.11e-278	767
EABAIN_12065	LBKFJK_09025	71.5	572	128	7	1	552	1	557	3.60e-266	737
EABAIN_12065	AGDPFD_10050	70.5	559	153	5	1	552	1	554	7.37e-258	716
EABAIN_12065	IAFHMK_07915	70.3	562	153	6	1	552	1	558	3.26e-255	709
EABAIN_12065	CNLKLD_07175	63.1	563	197	4	1	552	1	563	1.01e-233	655
EABAIN_12070	CPLMAE_03205	98.1	213	3	1	1	213	1	212	8.57e-147	406
EABAIN_12070	BGHOFK_07630	71.8	213	60	0	1	213	1	213	3.13e-108	309
EABAIN_12070	CDIIGJ_07825	68.5	213	67	0	1	213	1	213	7.74e-102	293
EABAIN_12070	HNNKEJ_09670	69.1	217	63	2	1	213	1	217	4.19e-100	288
EABAIN_12070	IAFHMK_07910	61.0	213	83	0	1	213	1	213	5.59e-91	265
EABAIN_12070	DNKGCI_09210	58.9	214	87	1	1	213	1	214	9.53e-82	242
EABAIN_12070	DDDLLA_05090	52.3	214	101	1	1	213	1	214	3.71e-69	210
EABAIN_12070	CNLKLD_07180	48.3	211	109	0	1	211	1	211	4.26e-68	207
EABAIN_12075	AAKGEC_00275	100	162	0	0	1	162	1	162	3.87e-116	325
EABAIN_12075	CNLKLD_07185	74.1	162	42	0	1	162	7	168	2.52e-86	249
EABAIN_12080	ADJCAM_06630	100	90	0	0	1	90	23	112	1.22e-53	162
EABAIN_12080	BOKJIE_02640	100	90	0	0	1	90	69	158	5.14e-53	162
EABAIN_12085	ABCLFC_12280	85.9	149	20	1	1	148	1	149	1.71e-83	241
EABAIN_12085	HNNKEJ_09685	69.9	153	41	1	1	148	1	153	9.08e-66	196
EABAIN_12085	CMMBIF_02080	64.9	148	49	1	1	148	12	156	1.34e-56	173
EABAIN_12085	CDIIGJ_07840	65.8	149	46	1	1	144	1	149	7.01e-56	171
EABAIN_12095	AAKGEC_00255	100	446	0	0	1	446	1	446	0.0	899
EABAIN_12100	DDDLLA_05130	77.0	122	27	1	1	121	1	122	8.17e-60	179
EABAIN_12100	CNLKLD_07215	72.7	121	32	1	2	121	2	122	5.26e-56	169
EABAIN_12105	AAKGEC_00245	98.6	145	2	0	1	145	1	145	8.11e-103	290
EABAIN_12105	DDDLLA_05135	72.4	145	40	0	1	145	1	145	1.21e-75	221
EABAIN_12105	BGHOFK_07665	70.2	141	42	0	1	141	1	141	1.38e-69	206
EABAIN_12105	IAFHMK_07875	68.3	142	45	0	3	144	2	143	6.12e-68	201
EABAIN_12105	HPDOHA_10645	69.7	142	41	1	1	142	1	140	5.18e-67	199
EABAIN_12105	CNLKLD_07220	61.5	143	55	0	2	144	3	145	1.39e-62	188
EABAIN_12105	HNNKEJ_09705	61.6	125	48	0	17	141	1	125	1.13e-50	157
EABAIN_12115	AAKGEC_00235	99.5	205	1	0	1	205	1	205	1.81e-142	395
EABAIN_12115	DNKGCI_08020	69.8	205	62	0	1	205	1	205	2.48e-101	291
EABAIN_12115	DNKGCI_00385	68.3	205	65	0	1	205	1	205	3.35e-99	285
EABAIN_12115	DDDLLA_03750	61.8	204	78	0	1	204	1	204	3.71e-84	247
EABAIN_12115	CEFFBK_06755	46.2	210	106	2	1	204	1	209	4.76e-54	171
EABAIN_12115	PHBCNO_00730	42.3	196	113	0	3	198	2	197	1.02e-48	157
EABAIN_12115	ACDDAG_10425	41.0	210	117	2	1	204	1	209	1.47e-47	154
EABAIN_12115	NGIILC_03285	42.2	206	112	2	5	204	5	209	8.57e-47	152
EABAIN_12120	BPHPFJ_09905	89.9	377	33	2	23	395	1	376	2.74e-218	602
EABAIN_12120	DDDLLA_05150	69.8	394	112	3	1	394	1	387	2.38e-177	498
EABAIN_12120	DNKGCI_08015	55.9	399	170	4	1	394	1	398	5.30e-140	404
EABAIN_12120	BCGFPE_00600	93.4	121	7	1	1	121	1	120	4.96e-64	201
EABAIN_12120	CDIIGJ_07880	38.8	307	182	4	94	394	78	384	5.22e-57	191
EABAIN_12120	OFBCLB_05480	34.8	405	229	6	1	394	1	381	3.70e-56	188
EABAIN_12120	DNKGCI_00380	41.4	314	167	6	94	394	22	331	7.79e-56	186
EABAIN_12120	ABJDJH_12330	33.2	395	232	10	1	394	1	364	1.71e-51	176
EABAIN_12120	PHBCNO_00735	32.2	385	227	9	1	383	1	353	3.36e-44	156
EABAIN_12125	ABIMCM_00270	99.0	96	1	0	1	96	1	96	1.77e-58	174
EABAIN_12130	AAKGEC_00220	100	294	0	0	1	294	1	294	1.02e-215	587
EABAIN_12130	CDIIGJ_07890	66.2	293	99	0	1	293	1	293	4.86e-145	409
EABAIN_12135	AAKGEC_00215	100	333	0	0	1	333	1	333	4.27e-239	650
EABAIN_12140	AAKGEC_00210	100	197	0	0	1	197	1	197	5.62e-133	370
EABAIN_12140	CNLKLD_03545	66.7	198	56	4	1	196	1	190	1.26e-79	235
EABAIN_12145	NMIFFA_12690	96.3	702	19	1	1	695	1	702	0.0	1276
EABAIN_12145	BNBIEO_07635	66.9	661	181	7	40	693	1	630	1.13e-308	853
EABAIN_12145	DNKGCI_09290	67.9	660	173	7	41	694	2	628	8.28e-308	851
EABAIN_12145	DDDLLA_05165	65.4	662	189	6	41	693	2	632	1.02e-290	808
EABAIN_12145	CNLKLD_03555	57.1	652	237	3	41	692	2	610	8.17e-248	698
EABAIN_12150	MNCEOE_00255	84.0	231	25	1	1	231	1	219	1.40e-96	280
EABAIN_12150	ABCLFC_12320	76.9	234	48	2	1	231	1	231	6.08e-79	236
EABAIN_12150	CDIIGJ_07905	66.4	125	42	0	93	217	109	233	9.08e-59	185
EABAIN_12150	LBLLFD_08500	73.6	110	28	1	88	197	106	214	9.87e-57	180
EABAIN_12150	HNNKEJ_09730	62.0	129	49	0	93	221	96	224	6.54e-54	172
EABAIN_12150	HDKJGO_01520	64.7	116	41	0	82	197	76	191	1.19e-49	161
EABAIN_12150	LBKFJK_08945	58.9	124	51	0	93	216	88	211	1.34e-49	161
EABAIN_12150	EIKFFD_10005	68.6	105	33	0	94	198	102	206	1.79e-49	161
EABAIN_12150	AGHDIE_06335	65.2	115	40	0	84	198	84	198	5.68e-49	159
EABAIN_12150	IAFHMK_07845	54.9	142	57	2	86	220	55	196	5.98e-48	156
EABAIN_12150	DNKGCI_09295	64.6	113	40	0	105	217	81	193	6.84e-46	151
EABAIN_12155	AAKGEC_00195	99.4	840	5	0	1	840	1	840	0.0	1604
EABAIN_12155	CNLKLD_03565	70.2	838	241	3	1	838	1	829	0.0	1145
EABAIN_12160	AAKGEC_00190	100	115	0	0	1	115	1	115	3.95e-73	212
EABAIN_12160	BGHOFK_07695	70.8	113	33	0	3	115	21	133	1.69e-48	150
EABAIN_12165	AAKGEC_00185	99.7	293	1	0	1	293	1	293	6.38e-214	583
EABAIN_12180	AAKGEC_00170	99.2	125	1	0	1	125	1	125	9.69e-81	232
EABAIN_12180	AANGNE_09760	66.1	118	40	0	8	125	5	122	2.17e-49	153
EABAIN_12185	HKMGEG_01620	98.9	282	3	0	1	282	1	282	1.95e-183	505
EABAIN_12195	LCDEGG_12650	95.4	503	23	0	1	503	22	524	0.0	986
EABAIN_12195	AANGNE_09775	70.3	495	143	1	5	499	3	493	8.42e-270	741
EABAIN_12200	CDIIGJ_07990	82.9	175	30	0	1	175	26	200	3.77e-110	311
EABAIN_12200	AANGNE_09780	71.4	175	50	0	1	175	1	175	9.72e-89	256
EABAIN_12205	IAFHMK_07550	80.3	380	73	2	1	379	1	379	2.96e-187	523
EABAIN_12210	ABCLFC_12385	81.8	247	45	0	1	247	1	247	4.01e-151	420
EABAIN_12210	BGHOFK_07750	65.9	246	81	3	4	247	5	249	3.66e-115	329
EABAIN_12210	CDIIGJ_08005	63.3	245	88	2	2	244	3	247	7.42e-110	316
EABAIN_12210	HNNKEJ_10130	64.7	224	77	1	26	247	28	251	2.99e-105	304
EABAIN_12210	IAFHMK_07545	52.9	242	110	2	10	247	5	246	2.41e-86	256
EABAIN_12215	CDIIGJ_08010	82.9	240	41	0	1	240	1	240	7.52e-148	411
EABAIN_12220	AAKGEC_00130	99.8	408	1	0	1	408	1	408	8.71e-311	837
EABAIN_12220	DDDLLA_05285	29.7	418	279	7	4	408	2	417	2.66e-56	190
EABAIN_12225	AAKGEC_00125	99.2	625	5	0	1	625	1	625	0.0	1250
EABAIN_12230	MOAELC_08505	83.2	464	52	4	1	439	1	463	2.21e-151	437
EABAIN_12230	IAFHMK_07520	54.4	355	111	5	89	439	15	322	9.91e-68	218
EABAIN_12230	HNNKEJ_10150	68.6	226	71	0	1	226	1	226	1.20e-48	171
EABAIN_12230	KFOCHN_05505	70.9	127	32	3	317	439	454	579	4.04e-45	164
EABAIN_12230	GAOGHC_05235	70.1	127	33	3	317	439	366	491	2.03e-44	161
EABAIN_12230	BEGLKA_06520	69.1	223	69	0	1	223	1	223	2.28e-44	161
EABAIN_12230	DACDBD_05250	36.0	425	225	7	1	413	1	390	1.04e-41	152
EABAIN_12235	HNNKEJ_10155	82.7	173	30	0	2	174	2	174	1.77e-96	276
EABAIN_12235	IAFHMK_07510	70.5	173	51	0	1	173	1	173	4.11e-77	227
EABAIN_12235	AANGNE_09800	61.3	168	65	0	1	168	1	168	1.90e-68	205
EABAIN_12235	CNLKLD_08400	54.6	174	79	0	1	174	6	179	2.36e-60	185
EABAIN_12240	JBKKJP_13225	94.5	290	14	1	2	291	2	289	9.31e-185	509
EABAIN_12240	BGHOFK_07780	72.4	290	75	1	1	290	1	285	3.77e-137	388
EABAIN_12240	DDDLLA_05305	66.3	291	94	1	1	291	1	287	2.10e-127	363
EABAIN_12240	IAFHMK_07505	63.2	291	106	1	1	290	1	291	1.25e-120	347
EABAIN_12240	AANGNE_09805	62.1	282	101	1	9	290	1	276	3.28e-112	325
EABAIN_12240	CNLKLD_08405	58.8	289	117	2	2	290	11	297	3.33e-112	325
EABAIN_12245	AAKGEC_00105	97.9	146	3	0	1	146	1	146	1.40e-108	304
EABAIN_12245	IAFHMK_07500	70.1	147	43	1	1	146	1	147	4.62e-76	222
EABAIN_12245	DDDLLA_05310	71.9	146	40	1	1	145	1	146	6.34e-76	222
EABAIN_12245	BGHOFK_07785	69.9	146	44	0	1	146	1	146	7.01e-76	222
EABAIN_12250	AANGNE_09815	81.7	224	40	1	1	224	1	223	8.08e-130	364
EABAIN_12250	CNLKLD_05165	66.1	224	75	1	1	224	1	223	1.18e-101	293
EABAIN_12255	GJNFIB_08575	100	223	0	0	1	223	22	244	1.63e-161	445
EABAIN_12255	DDDLLA_09430	70.4	216	64	0	8	223	4	219	2.82e-115	327
EABAIN_12255	FPMMJC_11145	68.0	222	71	0	1	222	1	222	3.97e-109	312
EABAIN_12255	AANGNE_07905	65.7	216	74	0	8	223	25	240	3.36e-107	308
EABAIN_12255	CNLKLD_00610	60.6	216	85	0	8	223	3	218	7.41e-99	286
EABAIN_12255	AGDPFD_04130	57.7	222	93	1	1	221	1	222	8.94e-92	268
EABAIN_12255	PELOCJ_02315	74.5	137	35	0	9	145	6	142	1.90e-74	221
EABAIN_12255	FPMMJC_13750	47.7	218	111	1	4	221	1	215	2.90e-72	218
EABAIN_12255	KMMJML_01375	97.5	80	2	0	1	80	1	80	2.89e-48	154
EABAIN_12260	AANGNE_07910	81.2	405	75	1	1	404	1	405	6.82e-227	625
EABAIN_12260	CNLKLD_00615	77.6	250	56	0	156	405	1	250	1.45e-131	377
EABAIN_12260	PGBAFI_01940	47.8	402	198	3	1	402	1	390	2.60e-118	349
EABAIN_12260	AAKGEC_04920	47.5	402	195	4	3	401	2	390	1.15e-117	347
EABAIN_12260	CPNLII_09420	46.6	406	204	3	1	406	1	393	9.70e-115	340
EABAIN_12260	IAFHMK_02435	46.6	399	197	4	2	398	3	387	1.27e-105	317
EABAIN_12260	AMCIGH_05875	44.5	398	207	4	1	398	1	384	4.18e-101	305
EABAIN_12260	LBKFJK_04895	45.9	403	196	5	1	399	1	385	6.91e-101	305
EABAIN_12260	DNKGCI_04390	43.8	397	210	3	2	398	3	386	1.52e-100	303
EABAIN_12260	OAEMLE_12760	94.7	114	6	0	171	284	15	128	2.31e-65	205
EABAIN_12260	ANFPEE_02155	32.5	397	256	3	3	399	2	386	2.65e-62	205
EABAIN_12260	CNLKLD_00620	73.8	130	34	0	1	130	1	130	2.00e-58	187
EABAIN_12260	DNKGCI_00025	46.6	236	115	2	1	232	1	229	2.66e-57	188
EABAIN_12260	FPMMJC_11150	33.4	287	179	4	108	394	2	276	6.55e-44	154
EABAIN_12265	DPCCPE_01025	99.3	145	1	0	1	145	1	145	2.50e-95	271
EABAIN_12265	IAFHMK_02405	66.4	140	47	0	5	144	4	143	2.67e-60	182
EABAIN_12265	AAKGEC_11960	49.7	145	73	0	1	145	1	145	1.57e-47	150
EABAIN_12275	CGMKCF_10615	98.6	1439	15	1	3	1436	3	1441	0.0	2772
EABAIN_12280	BGHOFK_07820	84.8	204	31	0	1	204	31	234	1.81e-121	343
EABAIN_12280	CNLKLD_03760	67.3	199	64	1	6	203	5	203	1.20e-89	261
EABAIN_12285	KPPIIN_08970	98.9	273	3	0	1	273	1	273	1.10e-193	530
EABAIN_12285	CJHCCN_07860	67.6	241	72	2	32	272	1	235	5.75e-108	312
EABAIN_12285	IAFHMK_07425	60.9	243	85	3	32	272	1	235	1.04e-96	283
EABAIN_12285	CNLKLD_05150	59.0	244	93	3	32	273	1	239	6.61e-96	281
EABAIN_12285	BNBIEO_08175	38.3	243	138	4	30	272	9	239	9.71e-46	153
EABAIN_12290	AAKGEC_00060	100	240	0	0	1	240	1	240	1.41e-170	469
EABAIN_12290	CNLKLD_06905	70.1	211	63	0	30	240	1	211	7.54e-104	299
EABAIN_12290	AGHDIE_01520	65.0	206	72	0	30	235	1	206	2.77e-89	262
EABAIN_12290	NCNHMD_14970	60.4	212	83	1	30	240	1	212	6.72e-86	253
EABAIN_12295	IAFHMK_07420	78.9	454	95	1	3	455	2	455	2.19e-252	694
EABAIN_12295	KEMHDF_12845	99.1	214	2	0	242	455	1	214	3.33e-140	400
EABAIN_12300	AAKGEC_00050	99.6	248	1	0	1	248	1	248	1.12e-180	495
EABAIN_12300	BGHOFK_07835	60.3	239	93	1	12	248	6	244	3.00e-101	294
EABAIN_12300	HNNKEJ_10270	63.9	233	76	3	3	230	6	235	2.08e-98	286
EABAIN_12300	EIKFFD_09875	54.7	245	99	2	4	248	2	234	2.95e-94	276
EABAIN_12305	CMMBIF_01890	88.7	666	75	0	1	666	35	700	0.0	1157
EABAIN_12305	CNLKLD_05075	36.4	398	233	6	254	643	616	1001	2.86e-67	239
EABAIN_12305	DNKGCI_07370	38.0	384	218	7	254	628	610	982	6.93e-67	238
EABAIN_12310	PODEMB_11600	100	108	0	0	7	114	29	136	9.55e-76	219
EABAIN_12315	EJEPOM_11610	81.0	337	63	1	1	336	31	367	5.12e-194	537
EABAIN_12315	EJEPOM_04945	54.0	337	148	5	1	332	1	335	6.19e-119	346
EABAIN_12320	BGHOFK_07850	83.8	173	25	1	1	170	4	176	1.17e-67	203
EABAIN_12320	IAFHMK_07390	75.3	170	41	1	1	169	1	170	7.03e-63	191
EABAIN_12320	DDDLLA_09205	70.4	169	43	2	1	169	1	162	2.14e-55	171
EABAIN_12320	AGDPFD_10240	53.5	170	65	3	1	170	4	159	4.29e-47	150
EABAIN_12320	CNLKLD_05125	52.9	170	69	3	1	169	1	160	6.26e-47	150
EABAIN_12325	FHIFIE_03450	99.9	897	1	0	1	897	1	897	0.0	1671
EABAIN_12325	CNLKLD_05120	70.9	898	230	4	1	896	1	869	0.0	1186
EABAIN_12325	DDDLLA_09200	67.3	898	267	3	1	897	1	872	0.0	1132
EABAIN_12325	EOHHJN_09855	64.7	906	282	5	1	897	1	877	0.0	1088
EABAIN_12325	LBKFJK_08710	64.4	896	293	1	1	896	1	870	0.0	1086
EABAIN_12325	DNKGCI_09670	66.3	796	241	3	90	885	1	769	0.0	1019
EABAIN_12325	CNLKLD_08305	39.6	879	470	14	22	885	23	855	1.60e-180	543
EABAIN_12325	HNNKEJ_12000	39.3	892	494	16	22	894	33	896	5.26e-174	527
EABAIN_12325	BGHOFK_00755	38.5	882	495	16	22	887	21	871	1.03e-171	521
EABAIN_12325	AANGNE_04040	38.8	890	481	20	22	885	21	872	1.08e-167	510
EABAIN_12325	AKPIPJ_02055	34.7	936	528	17	1	882	17	923	9.59e-150	465
EABAIN_12325	AANGNE_04380	34.4	926	512	22	17	882	17	907	3.19e-140	439
EABAIN_12325	JAPIMJ_06920	32.0	908	572	17	3	896	5	881	7.17e-127	403
EABAIN_12325	EIKFFD_06365	33.8	816	472	18	34	831	32	797	2.98e-122	390
EABAIN_12325	BGHOFK_01130	27.6	724	475	18	19	727	42	731	6.66e-73	257
EABAIN_12325	CNLKLD_02820	26.7	752	489	21	72	805	76	783	1.37e-70	250
EABAIN_12325	DDDLLA_06035	25.9	737	498	13	19	747	32	728	4.08e-68	243
EABAIN_12325	GKAHPE_00190	26.1	754	480	16	2	727	3	707	1.41e-67	241
EABAIN_12325	HNNKEJ_03015	36.2	447	253	9	22	447	21	456	5.99e-66	229
EABAIN_12325	PLDCIE_00860	91.2	114	10	0	1	114	1	114	1.67e-60	201
EABAIN_12325	LIMBNG_08850	26.5	607	361	19	198	781	161	705	1.67e-41	163
EABAIN_12335	PHJNPH_07905	84.3	121	18	1	1	121	1	120	8.59e-64	191
EABAIN_12340	HMJMNM_11500	90.9	339	2	1	1	339	1	310	4.50e-221	603
EABAIN_12340	IAFHMK_02465	60.9	338	132	0	1	338	1	338	2.79e-152	431
EABAIN_12340	HNNKEJ_02490	64.4	317	113	0	22	338	1	317	3.80e-152	429
EABAIN_12340	KBGOAJ_11670	40.4	339	6	1	1	339	1	143	1.41e-62	195
EABAIN_12345	AAKGEC_08250	100	151	0	0	1	151	1	151	7.68e-104	293
EABAIN_12345	BJLDLK_09385	89.7	107	11	0	1	107	1	107	1.82e-65	196
EABAIN_12345	AJANDE_11040	57.3	150	63	1	1	150	1	149	5.84e-55	169
EABAIN_12400	AAKGEC_04585	100	130	0	0	1	130	1	130	7.84e-87	248
EABAIN_12405	CBFHCM_07120	93.2	148	10	0	1	148	38	185	7.02e-100	284
EABAIN_12410	AGINCK_06570	97.8	356	8	0	1	356	2	357	1.46e-235	643
EABAIN_12410	CDIIGJ_08270	72.4	359	96	1	1	356	1	359	1.12e-170	479
EABAIN_12410	AAKGEC_03430	39.6	361	208	6	1	356	1	356	1.41e-76	239
EABAIN_12410	AANGNE_07815	36.9	360	219	5	1	356	1	356	5.04e-64	207
EABAIN_12410	LBKFJK_08075	35.5	361	224	6	1	356	1	357	2.04e-63	205
EABAIN_12410	OFBCLB_02985	34.6	361	226	6	1	356	1	356	6.70e-61	199
EABAIN_12410	DNKGCI_08840	34.0	362	228	6	1	356	1	357	3.81e-60	197
EABAIN_12410	GNOKMM_10345	34.9	355	225	3	1	355	1	349	1.24e-59	195
EABAIN_12410	NEHKFL_05005	31.5	371	235	8	1	356	1	367	1.58e-49	169
EABAIN_12415	CDIIGJ_08275	81.9	221	39	1	1	221	1	220	1.85e-121	343
EABAIN_12415	AANGNE_07810	63.3	221	79	2	4	223	5	224	8.04e-86	253
EABAIN_12415	ABCLFC_10095	60.8	222	85	2	1	220	1	222	5.34e-84	248
EABAIN_12415	DDDLLA_09015	60.2	211	83	1	11	220	12	222	5.97e-83	246
EABAIN_12415	GNOKMM_10340	56.9	218	94	0	4	221	5	222	6.20e-81	241
EABAIN_12415	NEHKFL_05000	46.0	224	115	2	3	220	4	227	9.52e-61	189
EABAIN_12415	DIBOGN_07175	40.3	216	124	3	4	219	2	212	1.03e-48	159
EABAIN_12415	MFAILH_05290	38.2	220	133	1	4	220	2	221	3.51e-46	152
EABAIN_12415	OFBCLB_01040	37.0	216	134	1	4	219	3	216	4.04e-46	152
EABAIN_12415	BOCCFK_10945	40.8	218	125	2	4	218	2	218	5.25e-46	152
EABAIN_12415	DFJEHO_03950	41.7	223	124	3	1	219	1	221	6.04e-45	158
EABAIN_12415	PNKCLE_05480	41.6	221	125	3	1	218	1	220	9.65e-45	154
EABAIN_12415	ACNHAK_01800	40.7	221	127	2	1	218	1	220	2.21e-44	156
EABAIN_12415	CEPOIM_07510	40.5	222	126	3	1	218	1	220	2.86e-43	153
EABAIN_12415	IAFHMK_03325	41.0	222	127	3	1	219	1	221	2.92e-43	153
EABAIN_12415	HNNKEJ_00830	41.4	222	126	3	1	219	1	221	3.97e-43	153
EABAIN_12420	AAKGEC_04605	100	292	0	0	1	292	1	292	5.82e-205	560
EABAIN_12420	HNNKEJ_10355	74.0	292	76	0	1	292	1	292	4.41e-147	414
EABAIN_12420	IAFHMK_09725	68.4	294	90	1	1	291	1	294	9.48e-136	385
EABAIN_12420	DNKGCI_05130	66.3	291	97	1	1	290	1	291	7.10e-128	365
EABAIN_12420	BNBIEO_10030	63.0	292	108	0	1	292	1	292	7.77e-125	357
EABAIN_12420	DDDLLA_10340	62.9	291	108	0	1	291	1	291	9.93e-125	357
EABAIN_12420	LBKFJK_04535	62.5	291	109	0	1	291	1	291	7.29e-118	340
EABAIN_12420	CNLKLD_08135	57.6	290	121	1	1	290	1	288	4.98e-110	320
EABAIN_12425	HNNKEJ_10360	79.6	206	41	1	1	206	1	205	8.70e-115	325
EABAIN_12425	IAFHMK_09720	71.4	206	58	1	1	206	1	205	3.09e-101	291
EABAIN_12425	DNKGCI_05125	69.7	208	57	2	1	207	1	203	3.59e-97	280
EABAIN_12425	AANGNE_09960	68.1	207	63	2	3	206	15	221	1.38e-96	280
EABAIN_12425	CNLKLD_08140	68.0	203	60	1	4	206	16	213	6.06e-96	278
EABAIN_12430	CJHCCN_10740	87.1	271	35	0	1	271	4	274	5.67e-168	465
EABAIN_12435	AAKGEC_04640	100	709	0	0	1	709	1	709	0.0	1375
EABAIN_12435	OAEMLE_01745	98.3	119	2	0	211	329	5	123	1.42e-70	226
EABAIN_12435	ONPFCC_13190	87.0	131	10	1	1	131	1	124	3.92e-68	221
EABAIN_12435	DNKGCI_00780	30.1	498	294	9	1	486	1	456	1.10e-58	206
EABAIN_12435	HMEOOC_11960	57.2	138	59	0	563	700	1	138	2.02e-50	172
EABAIN_12440	AAKGEC_04645	100	155	0	0	1	155	1	155	5.57e-108	303
EABAIN_12445	DNKGCI_05100	91.2	137	12	0	1	137	1	137	2.25e-83	240
EABAIN_12450	AKPIPJ_03885	99.1	435	4	0	1	435	9	443	9.60e-301	815
EABAIN_12450	HNNKEJ_10390	72.9	435	117	1	1	435	1	434	5.11e-222	615
EABAIN_12450	BGHOFK_09840	75.3	421	103	1	15	435	3	422	1.15e-215	598
EABAIN_12450	IAFHMK_09680	69.1	404	125	0	32	435	9	412	6.97e-198	553
EABAIN_12450	AANGNE_10005	59.5	435	169	2	1	435	1	428	7.59e-170	483
EABAIN_12450	DNKGCI_05095	59.3	435	171	1	1	435	1	429	2.58e-168	479
EABAIN_12450	DDDLLA_10380	58.9	435	173	1	1	435	1	429	8.49e-167	475
EABAIN_12450	CNLKLD_08180	52.9	401	186	3	36	435	52	450	7.99e-132	387
EABAIN_12455	OAEMLE_01770	99.0	297	1	1	1	295	1	297	9.23e-204	557
EABAIN_12455	DNKGCI_05090	70.2	295	87	1	1	295	1	294	1.02e-144	408
EABAIN_12455	BLIMPP_04730	72.6	157	43	0	1	157	1	157	1.86e-79	237
EABAIN_12455	CEHAJH_01625	38.0	316	172	8	2	293	1	316	7.48e-61	195
EABAIN_12460	AAKGEC_04665	99.0	196	2	0	1	196	1	196	9.77e-138	382
EABAIN_12460	ABCLFC_12890	71.6	211	45	2	1	196	1	211	1.84e-102	293
EABAIN_12460	BGHOFK_09850	64.8	196	69	0	1	196	1	196	5.58e-87	254
EABAIN_12460	HNNKEJ_10400	67.2	198	61	3	1	195	1	197	7.66e-87	253
EABAIN_12460	DNKGCI_05085	59.5	195	63	1	1	195	1	179	1.03e-80	237
EABAIN_12460	CDIIGJ_08335	58.6	215	61	2	2	195	2	209	6.69e-79	234
EABAIN_12460	IAFHMK_09650	59.0	195	64	1	1	195	1	179	3.74e-76	226
EABAIN_12460	LBKFJK_04490	56.4	195	69	1	1	195	1	179	4.33e-75	223
EABAIN_12460	DDDLLA_10390	57.5	186	63	1	11	196	1	170	1.85e-74	221
EABAIN_12460	CNLKLD_08195	54.4	195	73	1	1	195	1	179	9.56e-72	214
EABAIN_12460	AANGNE_10020	55.9	195	70	2	1	195	1	179	3.16e-70	211
EABAIN_12465	CNLKLD_08200	78.5	312	66	1	1	311	1	312	1.67e-185	513
EABAIN_12500	ABCBPP_13020	91.1	192	17	0	1	192	1	192	1.50e-118	333
EABAIN_12500	DABPFD_05215	72.9	181	49	0	1	181	2	182	4.19e-88	256
EABAIN_12500	AEMMAL_00810	52.7	167	38	1	14	180	36	161	3.73e-47	151
EABAIN_12500	AJGINB_12830	51.3	150	73	0	1	150	1	150	1.64e-46	150
EABAIN_12505	FAKCMI_10915	99.6	255	1	0	1	255	7	261	4.20e-165	456
EABAIN_12510	ABCBPP_13545	100	141	0	0	1	141	1	141	9.22e-98	276
EABAIN_12515	ABCBPP_13540	99.4	171	1	0	1	171	1	171	1.82e-123	344
EABAIN_12520	ABCBPP_13535	100	310	0	0	1	310	1	310	8.10e-221	602
EABAIN_12520	AAOIOD_01440	55.3	309	136	1	2	310	3	309	2.78e-111	324
EABAIN_12520	CNLKLD_02185	51.5	309	148	1	2	310	3	309	9.10e-100	295
EABAIN_12520	CJHCCN_08595	38.2	301	176	7	1	293	1	299	8.09e-58	188
EABAIN_12525	ABCBPP_13530	100	326	0	0	1	326	1	326	6.53e-235	639
EABAIN_12525	LBKFJK_09115	61.6	315	120	1	7	321	3	316	2.67e-137	391
EABAIN_12530	ABCBPP_13525	99.0	105	1	0	1	105	1	105	1.02e-68	200
EABAIN_12535	ABCBPP_13520	99.8	568	1	0	1	568	1	568	0.0	1092
EABAIN_12535	BOGGMI_12595	54.3	567	250	3	1	567	1	558	9.53e-208	589
EABAIN_12535	AGDPFD_04840	30.2	440	287	7	1	425	1	435	6.89e-57	196
EABAIN_12535	DNKGCI_11030	29.5	427	284	9	1	421	1	416	5.64e-53	186
EABAIN_12535	BOKJIE_13470	29.8	419	270	9	18	422	16	424	2.10e-52	184
EABAIN_12535	AANGNE_03570	30.2	434	271	10	13	422	11	436	7.56e-50	178
EABAIN_12535	DDKKPM_03600	27.7	440	294	8	1	426	1	430	6.89e-49	175
EABAIN_12535	GNOKMM_07820	29.1	422	274	10	10	416	8	419	4.41e-42	156
EABAIN_12535	AANGNE_01470	29.5	444	282	12	1	422	1	435	2.76e-40	151
EABAIN_12540	ABCBPP_13515	100	468	0	0	1	468	1	468	0.0	988
EABAIN_12540	BOGGMI_12585	61.9	464	176	1	5	468	4	466	6.82e-227	630
EABAIN_12540	ACDDAG_07275	34.2	485	267	14	5	461	10	470	4.39e-68	224
EABAIN_12540	AANGNE_08355	33.5	495	265	15	4	461	2	469	7.03e-67	221
EABAIN_12540	BIFMNE_04180	31.7	489	255	16	3	463	2	439	3.10e-66	219
EABAIN_12540	DAEIAJ_08645	34.0	491	261	18	4	459	2	464	7.05e-64	213
EABAIN_12540	FFEJFE_01165	32.3	505	270	20	3	464	4	479	3.58e-63	212
EABAIN_12540	GEDPFN_03055	32.4	491	277	17	5	464	2	468	5.31e-63	211
EABAIN_12540	HDKJGO_06115	32.9	498	269	16	3	461	6	477	1.37e-62	210
EABAIN_12540	AIKIDN_03085	32.7	498	269	20	8	464	7	479	1.10e-60	205
EABAIN_12540	DNKIME_04800	33.0	494	275	17	5	464	4	475	2.72e-59	201
EABAIN_12540	BDEBFB_07100	33.0	512	255	22	4	464	2	476	7.76e-59	200
EABAIN_12540	EJEPOM_07405	35.0	489	264	22	3	464	2	463	6.05e-58	197
EABAIN_12540	ALNFEK_03480	33.5	499	260	22	5	461	9	477	1.64e-57	197
EABAIN_12540	NAGBDA_10950	31.0	510	276	20	1	464	1	480	1.71e-57	197
EABAIN_12540	CNLKLD_06025	32.0	493	272	20	4	461	2	466	2.51e-57	196
EABAIN_12540	AGFMFG_00740	30.2	503	284	16	5	468	9	483	1.70e-55	191
EABAIN_12540	CNOINH_06885	35.4	350	208	10	3	342	7	348	9.50e-54	183
EABAIN_12540	IAFHMK_01915	30.9	486	275	17	5	461	8	461	9.02e-52	181
EABAIN_12545	ABCBPP_13510	99.0	299	3	0	1	299	1	299	3.59e-223	607
EABAIN_12545	IAMBHH_01360	97.8	278	6	0	2	279	4	281	6.19e-204	561
EABAIN_12545	FMNMPI_06495	63.4	232	85	0	1	232	1	232	4.56e-111	320
EABAIN_12545	AANGNE_08435	35.3	295	178	8	5	297	5	288	3.72e-55	180
EABAIN_12545	IAFHMK_01920	35.5	262	158	6	5	265	5	256	4.12e-47	159
EABAIN_12550	AAKGEC_01070	96.8	124	4	0	1	124	1	124	1.22e-69	204
EABAIN_12565	CEPOIM_03315	96.0	198	7	1	1	197	1	198	5.72e-133	374
EABAIN_12565	DNKGCI_08870	73.3	195	51	1	3	197	4	197	1.02e-102	297
EABAIN_12565	ACPHPF_09700	94.5	110	6	0	1	110	1	110	4.22e-70	209
EABAIN_12565	GMJBDL_13125	99.0	102	1	0	35	136	149	250	7.78e-68	207
EABAIN_12565	AJANDE_10295	44.9	187	100	3	14	197	12	198	1.36e-48	159
EABAIN_12575	ABCLFC_13575	100	276	0	0	1	276	1	276	7.68e-202	551
EABAIN_12580	KGIGEE_13460	98.2	673	12	0	1	673	28	700	0.0	1283
EABAIN_12580	ABJDJH_13220	34.2	641	377	14	1	618	1	619	3.54e-98	315
EABAIN_12580	BEGPPK_01515	35.2	608	354	12	1	586	1	590	2.89e-93	303
EABAIN_12580	ABNNBP_14135	39.1	443	262	5	1	437	1	441	1.44e-86	284
EABAIN_12585	ABCBPP_13170	97.8	93	2	0	1	93	1	93	6.55e-55	164
EABAIN_12590	ABCLFC_13530	96.0	125	5	0	1	125	1	125	3.20e-73	214
EABAIN_12600	PLIKPJ_04865	82.8	383	65	1	1	383	1	382	1.29e-219	605
EABAIN_12600	BGLHJG_05625	73.4	380	99	1	6	383	8	387	2.00e-194	541
EABAIN_12600	CGMKCF_03850	67.6	380	121	1	1	378	1	380	1.10e-181	509
EABAIN_12600	EGFJBH_00345	66.8	385	125	2	1	383	1	384	2.58e-175	493
EABAIN_12600	CEPOIM_14095	66.5	382	124	2	6	383	8	389	2.05e-173	488
EABAIN_12600	KILFKA_10105	65.7	388	127	3	1	382	1	388	4.41e-168	474
EABAIN_12600	NCNHMD_14815	64.1	379	135	1	1	378	1	379	1.87e-165	468
EABAIN_12600	MFAILH_00520	61.2	381	146	1	1	379	1	381	3.50e-159	452
EABAIN_12600	ONFANJ_09975	64.3	370	128	2	17	382	1	370	8.43e-158	448
EABAIN_12600	ONKCDP_04505	62.8	374	135	2	10	379	11	384	2.98e-156	444
EABAIN_12600	BOKJIE_05605	64.1	362	126	2	21	378	20	381	9.12e-156	443
EABAIN_12600	EPKBNI_14020	61.8	385	137	3	2	383	4	381	2.12e-154	439
EABAIN_12600	ALBBCB_11210	62.8	368	135	1	17	382	1	368	4.74e-154	438
EABAIN_12600	OPPHHN_12915	59.1	372	148	2	11	378	4	375	2.59e-146	419
EABAIN_12600	EIIOFH_12210	60.2	367	144	1	17	381	1	367	8.27e-146	417
EABAIN_12600	FPPAJO_13240	73.8	290	76	0	93	382	1	290	2.79e-145	413
EABAIN_12600	NMHJIK_01710	57.5	391	157	4	1	382	1	391	7.35e-144	413
EABAIN_12600	BOKGIH_10580	59.8	376	142	4	9	378	2	374	2.81e-143	411
EABAIN_12600	OFBCLB_03675	58.3	367	151	1	11	375	7	373	2.74e-137	398
EABAIN_12600	EMAPBM_03955	56.5	379	157	3	1	375	1	375	7.77e-135	390
EABAIN_12600	OOBKJG_13555	68.4	291	92	0	93	383	1	291	2.77e-134	392
EABAIN_12600	DNKGCI_05145	54.9	377	164	2	1	375	1	373	6.92e-133	387
EABAIN_12600	BCGFPE_12640	55.4	377	162	2	1	375	1	373	6.95e-132	382
EABAIN_12600	LBKFJK_04730	57.6	361	151	1	17	375	14	374	7.93e-132	384
EABAIN_12600	ACDDAG_10905	55.7	368	160	2	10	375	2	368	6.13e-130	377
EABAIN_12610	MEFLAG_10890	74.0	192	50	0	1	192	1	192	2.28e-92	268
EABAIN_12610	JDGGLL_03075	60.3	194	77	0	1	194	1	194	1.06e-72	218
EABAIN_12610	BEHEAJ_01120	100	90	0	0	29	118	1	90	1.34e-57	176
EABAIN_12610	AOEAIB_10690	59.2	152	62	0	47	198	1	152	1.24e-51	163
EABAIN_12610	GNHKBD_11470	60.4	149	58	1	48	195	1	149	4.88e-51	161
EABAIN_12615	ABCBPP_13140	96.0	151	6	0	1	151	1	151	1.67e-98	279
EABAIN_12620	BKNOLL_10880	89.8	98	1	1	1	98	1	89	1.01e-54	164
EABAIN_12625	BPMBJJ_13385	97.3	112	2	1	1	111	1	112	3.55e-72	209
EABAIN_12630	AJONOJ_12385	99.6	260	1	0	1	260	1	260	1.00e-189	519
EABAIN_12635	ACIHME_07880	97.9	140	3	0	1	140	1	140	5.78e-96	272
EABAIN_12635	OAJDKB_10715	72.9	140	38	0	1	140	1	140	5.20e-74	216
EABAIN_12640	AHPAPB_05150	98.7	155	2	0	1	155	1	155	2.09e-103	292
EABAIN_12645	FIJOGA_03665	87.4	230	23	1	1	224	1	230	1.79e-148	412
EABAIN_12645	LCDEGG_14340	98.1	209	4	0	1	209	1	209	8.08e-148	414
EABAIN_12645	OBFACL_13940	76.1	226	43	1	1	226	1	215	2.34e-123	348
EABAIN_12645	OBFACL_14235	96.6	145	5	0	1	145	1	145	7.24e-102	294
EABAIN_12645	AJANDE_09880	87.6	137	17	0	90	226	48	184	2.29e-81	240
EABAIN_12645	HIJKML_06220	77.0	135	19	1	75	209	1	123	1.73e-71	214
EABAIN_12645	OAJDKB_12175	88.9	99	11	0	1	99	1	99	1.62e-62	191
EABAIN_12645	IAAGLG_13260	95.7	94	4	0	75	168	1	94	1.00e-60	186
EABAIN_12645	COBMDH_07970	90.7	97	9	0	109	205	3	99	3.64e-56	175
EABAIN_12645	ILDBOH_12915	97.6	82	2	0	1	82	1	82	1.47e-55	172
EABAIN_12645	IAMNKG_14170	69.9	113	34	0	114	226	31	143	1.06e-50	161
EABAIN_12650	AJONOJ_11360	100	116	0	0	1	116	1	116	1.17e-79	229
EABAIN_12655	BPFCDP_12380	100	79	0	0	1	79	1	79	7.99e-52	155
EABAIN_12660	AGINCK_06550	99.1	318	3	0	1	318	1	318	2.84e-225	613
EABAIN_12665	AGINCK_06545	99.1	222	2	0	1	222	1	222	1.24e-146	407
EABAIN_12670	EBABJH_12050	96.8	185	6	0	1	185	1	185	1.28e-121	340
EABAIN_12670	AECHFI_01220	69.2	185	57	0	1	185	1	185	3.95e-87	253
EABAIN_12675	AJONOJ_11335	100	85	0	0	1	85	1	85	1.76e-53	160
EABAIN_12675	LEOBIF_01590	100	85	0	0	1	85	54	138	9.09e-53	160
EABAIN_12680	AKPIPJ_03190	90.2	379	37	0	1	379	1	379	3.13e-226	621
EABAIN_12680	NEHKFL_07100	73.6	375	99	0	1	375	1	375	4.57e-185	517
EABAIN_12680	BGHOFK_07530	72.8	378	101	1	1	376	1	378	7.77e-176	494
EABAIN_12680	IAFHMK_09185	71.0	373	108	0	1	373	1	373	2.24e-173	487
EABAIN_12680	BNBIEO_09110	69.0	374	116	0	1	374	1	374	6.15e-169	476
EABAIN_12680	OFBCLB_04525	63.3	379	139	0	1	379	1	379	7.12e-155	441
EABAIN_12680	BOKJIE_02175	35.7	389	231	7	1	376	1	383	2.73e-60	199
EABAIN_12685	LCDEGG_14175	100	443	0	0	2	444	3	445	1.55e-249	686
EABAIN_12685	DNKGCI_08510	54.0	441	203	0	4	444	5	445	5.46e-154	443
EABAIN_12685	LBKFJK_04260	54.0	441	203	0	4	444	2	442	2.29e-152	439
EABAIN_12685	AGHDIE_07090	35.1	444	276	6	4	444	23	457	1.64e-70	229
EABAIN_12685	AANGNE_07115	36.0	444	272	6	4	444	11	445	2.99e-67	221
EABAIN_12690	ABCBPP_13725	99.5	222	1	0	1	222	1	222	1.04e-154	427
EABAIN_12690	DNKGCI_08505	71.3	209	60	0	8	216	10	218	1.72e-108	310
EABAIN_12695	AJANDE_10990	100	150	0	0	1	150	17	166	1.29e-114	320
EABAIN_12695	CEFFBK_11625	96.7	150	5	0	1	150	164	313	2.11e-107	308
EABAIN_12695	BPNNAG_01660	59.6	141	57	0	1	141	164	304	4.86e-57	179
EABAIN_12695	JOBCMP_01925	54.7	139	63	0	3	141	161	299	1.11e-48	158
EABAIN_12695	NBOKNL_04185	50.4	141	70	0	1	141	176	316	1.11e-46	153
EABAIN_12705	ABCBPP_13740	99.3	269	2	0	1	269	1	269	1.21e-190	522
EABAIN_12705	NEHKFL_06940	63.6	264	96	0	1	264	1	264	1.46e-124	355
EABAIN_12705	OPPHHN_12920	39.1	271	158	4	1	268	1	267	2.12e-61	194
EABAIN_12705	DFOKEG_14255	37.0	270	161	5	1	266	1	265	1.62e-58	187
EABAIN_12705	EBGJEB_12415	37.5	269	162	3	1	268	1	264	6.66e-57	182
EABAIN_12705	ABIMCM_11765	34.6	266	167	3	1	266	1	259	2.11e-54	176
EABAIN_12705	DNKGCI_01745	33.7	270	167	3	1	266	2	263	4.80e-51	167
EABAIN_12705	ABCBPP_01665	33.0	270	164	4	1	263	1	260	1.01e-49	164
EABAIN_12705	NMHJIK_01790	37.5	264	154	5	1	263	1	254	2.46e-49	163
EABAIN_12705	NEBMPO_09000	36.4	231	139	4	2	231	12	235	6.46e-49	162
EABAIN_12705	AMDFJK_04875	34.2	269	166	5	1	266	1	261	6.89e-46	154
EABAIN_12710	BCGFPE_12640	78.5	377	81	0	8	384	8	384	4.95e-209	578
EABAIN_12710	CDIIGJ_10970	75.7	370	90	0	15	384	15	384	8.38e-198	550
EABAIN_12710	LKGJOH_12885	96.1	256	8	1	1	256	1	254	1.81e-172	480
EABAIN_12710	OFBCLB_03675	65.1	373	130	0	1	373	1	373	3.14e-166	471
EABAIN_12710	EMAPBM_03955	64.8	364	126	1	14	375	14	377	2.42e-163	462
EABAIN_12710	ACDDAG_10905	63.0	368	135	1	8	375	4	370	7.24e-161	456
EABAIN_12710	LBKFJK_04730	62.2	370	140	0	4	373	5	374	4.41e-159	453
EABAIN_12710	OPPHHN_12915	62.5	373	134	3	14	382	11	381	9.10e-157	446
EABAIN_12710	DNKGCI_05145	62.0	366	139	0	8	373	8	373	3.36e-156	446
EABAIN_12710	DMLIFG_03405	58.1	372	154	1	15	384	3	374	9.51e-145	415
EABAIN_12710	ONFANJ_09975	59.2	365	147	1	13	375	1	365	6.51e-143	410
EABAIN_12710	BOKJIE_05605	60.8	360	135	3	18	373	21	378	6.06e-142	408
EABAIN_12710	DNKGCI_01740	58.3	367	147	2	8	373	8	369	3.49e-139	403
EABAIN_12710	ALBBCB_11210	57.3	370	154	3	15	382	3	370	8.39e-138	397
EABAIN_12710	ONKCDP_04505	57.5	367	150	3	13	375	18	382	6.04e-134	388
EABAIN_12710	NMHJIK_01710	55.2	375	165	2	13	384	21	395	7.64e-134	388
EABAIN_12710	CGMKCF_03850	58.0	362	146	4	15	373	19	377	1.40e-131	382
EABAIN_12710	KILFKA_10105	56.4	374	152	6	11	375	12	383	4.71e-131	380
EABAIN_12710	MFAILH_00520	54.5	365	162	3	13	375	17	379	9.50e-130	377
EABAIN_12710	PLIKPJ_04865	54.8	361	160	2	13	373	17	374	1.09e-127	372
EABAIN_12710	BGLHJG_05625	55.1	363	159	2	13	373	19	379	2.60e-127	371
EABAIN_12710	NCNHMD_14815	57.6	361	148	4	15	373	19	376	4.56e-127	370
EABAIN_12710	EIIOFH_12210	55.7	361	156	3	15	373	3	361	6.16e-126	367
EABAIN_12710	BOKGIH_10580	54.9	370	157	5	11	373	5	371	2.91e-123	360
EABAIN_12710	EGFJBH_00345	50.0	370	178	3	8	373	10	376	1.68e-114	338
EABAIN_12715	CEPOIM_03315	95.5	198	8	1	1	197	1	198	2.84e-133	375
EABAIN_12715	DNKGCI_08870	72.8	195	52	1	3	197	4	197	5.06e-103	298
EABAIN_12715	ACPHPF_09700	94.5	110	6	0	1	110	1	110	2.97e-70	209
EABAIN_12715	GMJBDL_13125	98.0	102	2	0	35	136	149	250	1.10e-67	207
EABAIN_12715	AJANDE_10295	45.5	187	99	3	14	197	12	198	4.33e-50	163
EABAIN_12720	ABCLFC_03590	87.9	338	41	0	1	338	12	349	1.53e-212	583
EABAIN_12720	PLDCIE_13200	87.1	171	22	0	1	171	1	171	1.31e-98	295
EABAIN_12720	DFCDFN_03525	45.8	321	170	4	1	319	1	319	4.03e-85	260
EABAIN_12720	BGHOFK_04410	47.3	281	147	1	1	280	1	281	3.64e-82	253
EABAIN_12720	ABNNBP_08060	37.3	287	172	4	3	283	7	291	3.09e-59	194
EABAIN_12720	DFCDFN_03530	33.8	314	197	6	1	309	3	310	1.73e-54	180
EABAIN_12720	AANGNE_01135	36.4	269	162	5	2	268	4	265	2.41e-49	167
EABAIN_12720	AAKGEC_11925	37.2	266	153	4	6	264	4	262	2.96e-49	167
EABAIN_12720	BCFLNJ_05705	36.8	266	154	3	6	264	4	262	4.47e-46	165
EABAIN_12720	DDDLLA_05570	36.3	281	167	5	6	280	19	293	2.63e-45	158
EABAIN_12725	AAKGEC_11925	98.4	319	5	0	1	319	1	319	4.35e-225	613
EABAIN_12725	BCFLNJ_05705	89.1	313	34	0	1	313	1	313	4.72e-193	544
EABAIN_12725	JOJNOE_06315	88.1	261	24	2	1	259	1	256	1.45e-150	427
EABAIN_12725	AANGNE_01135	51.0	245	116	3	21	262	18	261	3.09e-71	223
EABAIN_12725	DFCDFN_03530	44.5	263	133	4	4	262	8	261	1.39e-70	221
EABAIN_12725	DFCDFN_03525	36.3	270	153	5	2	261	5	265	1.10e-53	179
EABAIN_12725	BGHOFK_04410	38.8	268	149	5	3	262	5	265	1.18e-51	173
EABAIN_12725	ABCLFC_03590	38.6	241	141	3	30	263	36	276	2.14e-47	162
EABAIN_12725	DDDLLA_05570	36.7	264	161	3	2	262	17	277	3.82e-47	162
EABAIN_12725	ABNNBP_08060	36.1	280	149	8	4	266	10	276	7.60e-45	155
EABAIN_12730	AAKGEC_11930	96.2	319	12	0	1	319	1	319	2.52e-224	611
EABAIN_12730	BCFLNJ_05705	90.9	319	29	0	1	319	314	632	1.95e-209	586
EABAIN_12730	PLDCIE_13200	89.8	206	21	0	114	319	167	372	1.77e-129	373
EABAIN_12730	AAKGEC_05925	31.6	320	200	5	1	318	1	303	3.77e-47	160
EABAIN_12730	AANGNE_01120	29.9	318	206	3	3	319	4	305	5.58e-47	160
EABAIN_12735	AIKIDN_00590	96.3	297	8	1	1	294	1	297	5.86e-193	530
EABAIN_12735	KGIGEE_00710	91.8	183	12	1	13	195	152	331	3.27e-102	301
EABAIN_12740	DDDLLA_02085	77.3	600	133	2	1	600	1	597	0.0	912
EABAIN_12740	FGEEDJ_07150	89.3	159	17	0	1	159	1	159	2.87e-89	274
EABAIN_12740	ABCLFC_03610	66.2	139	47	0	1	139	1	139	1.24e-53	179
EABAIN_12745	DKIIMI_12240	94.8	649	12	1	1	627	1	649	0.0	1217
EABAIN_12745	DDDLLA_08560	70.5	627	185	0	1	627	1	627	0.0	911
EABAIN_12745	CNLKLD_07235	70.4	629	184	2	1	627	1	629	0.0	910
EABAIN_12745	ALNFEK_11530	96.2	133	5	0	141	273	1	133	1.05e-84	262
EABAIN_12755	ABCLFC_13725	100	73	0	0	1	73	1	73	3.43e-50	151
EABAIN_12760	CLAPNJ_12005	88.0	183	21	1	1	183	1	182	2.48e-111	314
EABAIN_12760	HKMGEG_01330	90.9	110	10	0	5	114	18	127	1.52e-68	204
EABAIN_12760	PHBBGM_11795	46.4	183	96	1	1	183	1	181	3.42e-49	157
EABAIN_12765	FIJOGA_03665	92.6	230	11	1	1	224	1	230	1.75e-155	430
EABAIN_12765	LCDEGG_14340	92.8	209	15	0	1	209	1	209	6.94e-142	399
EABAIN_12765	OBFACL_13940	77.0	226	41	1	1	226	1	215	8.18e-124	349
EABAIN_12765	OBFACL_14235	96.6	145	5	0	1	145	1	145	8.85e-103	296
EABAIN_12765	AJANDE_09880	85.4	137	20	0	90	226	48	184	4.35e-79	234
EABAIN_12765	HIJKML_06220	76.3	135	20	1	75	209	1	123	3.47e-71	213
EABAIN_12765	OAJDKB_12175	87.9	99	12	0	1	99	1	99	3.27e-62	191
EABAIN_12765	IAAGLG_13260	90.4	94	9	0	75	168	1	94	7.59e-58	179
EABAIN_12765	ILDBOH_12915	92.7	82	6	0	1	82	1	82	3.90e-53	166
EABAIN_12765	COBMDH_07970	82.5	97	17	0	109	205	3	99	1.26e-51	164
EABAIN_12765	IAMNKG_14170	76.9	104	24	0	123	226	40	143	1.85e-51	163
EABAIN_12770	AJONOJ_11525	100	301	0	0	1	301	1	301	1.36e-228	620
EABAIN_12770	DNKGCI_06520	74.6	295	75	0	2	296	3	297	7.25e-164	457
EABAIN_12770	IAFHMK_07175	41.0	307	171	5	3	300	5	310	1.32e-70	220
EABAIN_12775	AJONOJ_11530	99.3	444	3	0	2	445	2	445	9.10e-293	795
EABAIN_12775	DNKGCI_06515	54.1	370	170	0	66	435	1	370	2.62e-124	365
EABAIN_12780	AJONOJ_11535	100	249	0	0	1	249	1	249	5.20e-191	521
EABAIN_12780	DNKGCI_06505	72.1	244	67	1	6	249	1	243	1.42e-136	384
EABAIN_12785	ABCLFC_13920	99.6	457	2	0	1	457	1	457	2.23e-306	830
EABAIN_12785	DNKGCI_00620	33.3	411	254	6	9	400	23	432	1.60e-44	162
EABAIN_12785	EKEFPE_07370	29.1	481	307	6	8	454	19	499	3.66e-42	155
EABAIN_12790	ABCLFC_13925	99.6	509	2	0	1	509	1	509	0.0	1068
EABAIN_12790	ILDBOH_11090	42.2	389	222	3	73	460	2	388	6.07e-108	326
EABAIN_12795	FIJOGA_03665	89.6	230	18	1	1	224	1	230	6.52e-151	419
EABAIN_12795	LCDEGG_14340	95.2	209	10	0	1	209	1	209	5.14e-144	405
EABAIN_12795	OBFACL_13940	76.1	226	43	1	1	226	1	215	1.35e-122	346
EABAIN_12795	OBFACL_14235	98.6	145	2	0	1	145	1	145	3.10e-103	297
EABAIN_12795	AJANDE_09880	84.7	137	21	0	90	226	48	184	2.50e-78	233
EABAIN_12795	HIJKML_06220	75.6	135	21	1	75	209	1	123	3.28e-69	208
EABAIN_12795	OAJDKB_12175	87.9	99	12	0	1	99	1	99	4.63e-62	190
EABAIN_12795	IAAGLG_13260	94.7	94	5	0	75	168	1	94	1.15e-59	184
EABAIN_12795	COBMDH_07970	88.7	97	11	0	109	205	3	99	1.69e-54	171
EABAIN_12795	ILDBOH_12915	92.7	82	6	0	1	82	1	82	3.90e-53	166
EABAIN_12795	IAMNKG_14170	70.8	113	33	0	114	226	31	143	1.50e-50	160
EABAIN_12800	AAKGEC_12530	99.0	601	6	0	1	601	1	601	0.0	1162
EABAIN_12800	EIKFFD_03850	73.9	602	154	3	1	601	1	600	0.0	888
EABAIN_12800	DNKGCI_03430	69.1	601	186	0	1	601	1	601	9.44e-307	843
EABAIN_12800	CNLKLD_00120	67.5	603	192	2	1	600	1	602	1.30e-288	798
EABAIN_12800	FMBBOG_01950	73.9	440	115	0	1	440	1	440	3.39e-229	640
EABAIN_12800	EAKCFB_12480	99.5	221	1	0	1	221	1	221	4.31e-144	422
EABAIN_12800	AGCFKM_00370	22.6	580	431	10	3	575	4	572	3.31e-39	151
EABAIN_12810	KABOBF_01505	89.4	94	2	1	1	86	1	94	3.84e-50	152
EABAIN_12815	BJNLFJ_09035	100	96	0	0	1	96	1	96	5.05e-63	185
EABAIN_12820	ABIMCM_02060	99.6	229	1	0	1	229	1	229	1.65e-159	440
EABAIN_12820	HNNKEJ_00890	65.1	218	76	0	12	229	13	230	3.65e-101	292
EABAIN_12820	ABNNBP_08565	61.9	218	83	0	12	229	12	229	1.89e-91	268
EABAIN_12820	AGDPFD_04335	59.2	218	88	1	13	229	14	231	1.09e-88	261
EABAIN_12820	BGHOFK_02030	56.0	218	96	0	12	229	3	220	5.16e-82	243
EABAIN_12820	ABCBPP_11185	55.3	217	97	0	13	229	6	222	3.43e-78	234
EABAIN_12820	EIKFFD_03615	48.1	214	111	0	13	226	5	218	6.92e-65	200
EABAIN_12820	ABIMCM_09380	43.9	205	112	1	15	216	6	210	5.49e-57	180
EABAIN_12820	DBFGIH_03965	40.5	215	127	1	12	225	3	217	4.89e-52	167
EABAIN_12820	ABIMCM_03265	53.1	160	75	0	70	229	239	398	2.44e-50	168
EABAIN_12820	GKALEM_12305	40.6	207	119	2	15	218	6	211	5.24e-46	152
EABAIN_12825	ABIMCM_02065	100	182	0	0	1	182	1	182	4.74e-129	359
EABAIN_12825	AGDPFD_04340	67.2	177	58	0	2	178	1	177	2.82e-79	233
EABAIN_12825	ABCLFC_07650	60.7	178	70	0	2	179	1	178	1.39e-72	216
EABAIN_12825	HNNKEJ_00885	55.9	179	79	0	1	179	1	179	8.07e-63	191
EABAIN_12835	ABIMCM_02075	99.7	620	2	0	1	620	1	620	0.0	1159
EABAIN_12835	DIBOGN_04755	70.2	614	182	1	8	620	3	616	1.89e-301	832
EABAIN_12835	AGDPFD_04350	68.4	621	188	3	6	618	1	621	3.39e-299	826
EABAIN_12835	HNNKEJ_00865	64.6	615	206	3	8	618	4	610	1.03e-267	746
EABAIN_12835	BGHOFK_08910	62.5	626	219	3	6	620	3	623	5.07e-264	737
EABAIN_12835	CGMKCF_08225	60.6	619	238	3	6	619	1	618	7.49e-256	717
EABAIN_12835	BGCJLL_07025	54.8	621	266	4	9	620	2	616	1.96e-224	637
EABAIN_12835	EIKFFD_03600	52.4	620	281	3	9	620	2	615	9.96e-213	606
EABAIN_12835	ANFPEE_11195	35.7	619	366	12	20	619	162	767	3.67e-114	358
EABAIN_12835	ABIMCM_08870	34.7	626	368	11	24	618	90	705	4.84e-111	348
EABAIN_12835	ABIMCM_03265	67.6	238	77	0	6	243	1	238	2.25e-102	316
EABAIN_12835	PKGHFF_07395	34.8	578	345	11	63	619	47	613	9.10e-94	300
EABAIN_12835	DNKGCI_09585	33.0	576	347	16	23	565	14	583	9.81e-91	293
EABAIN_12835	LBKFJK_08485	31.5	577	353	16	20	565	18	583	4.18e-89	289
EABAIN_12835	DDDLLA_02925	32.5	566	348	11	75	619	77	629	1.64e-88	287
EABAIN_12835	FFPGDJ_00115	35.4	556	323	15	90	618	271	817	5.34e-88	290
EABAIN_12835	ACIHME_07560	32.3	563	343	12	34	565	34	589	1.84e-86	282
EABAIN_12835	AAOIOD_03725	33.9	563	330	13	76	616	136	678	6.13e-85	279
EABAIN_12835	OFBCLB_07720	34.6	497	297	11	90	565	97	586	8.54e-85	278
EABAIN_12835	FFPGDJ_00105	32.8	577	352	11	65	620	86	647	2.49e-83	274
EABAIN_12835	CNLKLD_04120	32.3	560	344	12	72	615	71	611	1.41e-80	266
EABAIN_12835	CNLKLD_05200	31.2	561	359	9	64	616	51	592	9.32e-76	252
EABAIN_12835	AAKGEC_02970	28.8	605	404	9	20	616	7	592	1.91e-73	246
EABAIN_12835	CNLKLD_07600	31.2	529	314	13	62	564	147	651	8.68e-72	244
EABAIN_12835	IAFHMK_00280	29.7	603	354	15	9	564	89	668	9.18e-71	242
EABAIN_12840	ABCBPP_13010	77.0	100	23	0	1	100	1	100	6.02e-52	157
EABAIN_12860	BNFMAL_03720	97.0	201	5	1	1	201	1	200	2.75e-128	358
EABAIN_12860	FGEEDJ_05435	68.2	201	7	1	1	201	1	144	9.95e-84	244
EABAIN_12860	CCDPJE_10315	60.1	198	78	1	1	197	1	198	2.59e-73	219
EABAIN_12860	BOKJIE_01675	61.8	165	63	0	1	165	1	165	5.86e-59	182
EABAIN_12885	BCIBOL_12670	95.6	114	5	0	1	114	265	378	5.85e-76	228
EABAIN_12885	OMGJCD_06805	87.7	114	14	0	1	114	63	176	8.03e-72	211
EABAIN_12885	ABCLFC_01750	65.8	114	39	0	1	114	86	199	7.71e-56	171
EABAIN_12895	AGKELP_12220	98.5	196	3	0	1	196	1	196	2.69e-135	376
EABAIN_12895	BCIBOL_12670	93.8	192	12	0	1	192	1	192	3.06e-120	345
EABAIN_12900	KBGOAJ_11810	97.3	148	1	1	1	148	1	145	6.88e-94	267
EABAIN_12900	BGCJLL_06195	76.1	109	26	0	7	115	7	115	1.55e-54	167
EABAIN_12910	ABCBPP_13830	99.1	316	3	0	1	316	1	316	1.50e-219	599
EABAIN_12910	BGHOFK_10045	32.2	317	208	4	1	316	6	316	4.83e-51	171
EABAIN_12910	ACDDAG_08405	31.7	300	197	3	13	312	20	311	3.21e-43	150
EABAIN_12910	BGHOFK_00980	31.6	291	189	3	27	313	30	314	3.37e-43	150
EABAIN_12915	CBIMAL_12595	100	400	0	0	1	400	1	400	1.58e-293	793
EABAIN_12915	JNOONO_12985	67.8	410	118	5	2	400	1	407	3.45e-183	514
EABAIN_12915	PHBCNO_03090	68.6	408	113	4	2	400	1	402	9.54e-182	510
EABAIN_12915	BMHNLI_09790	67.1	414	102	9	2	400	8	402	2.43e-177	499
EABAIN_12915	EGFJBH_00030	66.7	408	122	5	2	400	8	410	6.13e-175	493
EABAIN_12915	OFINAI_12250	68.2	409	112	6	2	400	8	408	4.65e-174	491
EABAIN_12915	CCHDGN_04245	65.6	421	108	5	2	400	1	406	6.16e-174	491
EABAIN_12915	NAFEHP_01750	65.7	408	100	9	2	400	8	384	1.72e-163	463
EABAIN_12915	LLNOII_00210	64.7	388	124	5	1	379	1	384	2.06e-161	459
EABAIN_12915	ALBBCB_10910	68.5	365	107	5	43	400	1	364	1.24e-158	450
EABAIN_12915	BKOEEG_14070	96.9	196	6	0	5	200	229	424	3.79e-130	380
EABAIN_12915	IKDNFJ_01625	94.4	198	11	0	202	399	2	199	2.36e-128	374
EABAIN_12915	GIHCPC_12300	94.4	198	11	0	202	399	2	199	3.76e-128	374
EABAIN_12915	PLCKHO_12275	95.4	196	9	0	5	200	211	406	3.88e-128	374
EABAIN_12915	GBIGPN_06830	95.9	196	8	0	5	200	201	396	3.95e-128	374
EABAIN_12915	DDLDKC_02555	94.4	198	11	0	202	399	2	199	4.15e-128	374
EABAIN_12915	BHKCDL_04010	95.4	194	9	0	206	399	4	197	1.10e-127	372
EABAIN_12915	BKOEEG_13980	95.4	194	9	0	206	399	4	197	1.79e-126	370
EABAIN_12915	BPNNAG_09610	51.5	410	169	9	2	400	16	406	4.92e-126	369
EABAIN_12915	HHKMPO_04085	70.6	255	75	0	146	400	101	355	2.37e-124	363
EABAIN_12915	DKACCG_02850	47.4	418	199	7	2	400	1	416	4.67e-113	336
EABAIN_12915	KCPOOK_10030	46.5	415	198	10	1	400	1	406	1.66e-105	317
EABAIN_12915	FDILLL_09830	46.4	412	199	8	1	400	1	402	1.66e-104	314
EABAIN_12915	BDNBEJ_04140	46.0	415	205	8	2	400	1	412	4.54e-104	313
EABAIN_12915	KFAIEG_00835	42.2	415	218	10	2	400	1	409	2.46e-88	273
EABAIN_12920	AECHFI_10075	76.8	522	121	0	1	522	18	539	7.65e-297	813
EABAIN_12920	GNOKMM_09825	59.3	516	207	1	1	513	1	516	4.27e-211	595
EABAIN_12920	ABCLFC_06755	45.6	528	251	11	2	507	4	517	1.02e-147	434
EABAIN_12920	ABCBPP_03670	40.5	516	276	8	8	507	10	510	4.68e-129	385
EABAIN_12920	ADJCAM_01185	46.5	497	240	11	5	482	7	496	9.60e-128	393
EABAIN_12920	HJMHNM_09160	43.1	496	251	10	5	483	6	487	1.85e-119	373
EABAIN_12920	CEHNAA_06275	100	184	0	0	348	531	1	184	3.99e-119	348
EABAIN_12920	AGINCK_07895	37.6	497	283	12	5	487	10	493	3.29e-109	335
EABAIN_12920	LOPDNE_09255	37.7	509	269	15	5	489	20	504	1.33e-99	310
EABAIN_12920	BDGMGM_09815	43.6	399	185	11	152	528	27	407	1.90e-91	285
EABAIN_12920	JAFLJO_06530	69.9	176	53	0	1	176	1	176	4.12e-83	256
EABAIN_12920	OBEKJK_00975	37.4	495	238	17	8	482	11	453	1.16e-77	261
EABAIN_12925	ABNNBP_04380	96.2	1025	39	0	1	1025	93	1117	0.0	1899
EABAIN_12925	ABJDJH_07410	66.0	1022	346	1	4	1025	3	1023	0.0	1327
EABAIN_12925	LBKFJK_04750	66.3	1023	342	3	4	1025	3	1023	0.0	1307
EABAIN_12925	BPLFFK_01875	32.6	838	447	27	22	817	27	788	3.20e-98	333
EABAIN_12925	GGNLIA_05945	33.2	784	427	27	22	781	25	735	9.85e-97	328
EABAIN_12925	IFOGML_00585	33.2	756	396	25	23	746	19	697	2.03e-90	310
EABAIN_12925	HJMHNM_09915	30.7	742	427	24	56	749	59	761	2.02e-84	295
EABAIN_12925	EHOIIB_08955	30.6	765	422	27	33	747	44	749	9.63e-84	292
EABAIN_12925	AGINCK_07865	29.8	792	448	27	4	772	33	739	3.24e-76	271
EABAIN_12925	AGKELP_12245	97.5	121	3	0	1	121	1	121	8.85e-72	236
EABAIN_12925	DABPFD_01525	29.2	764	408	26	46	762	53	730	2.76e-70	253
EABAIN_12925	LOPDNE_09265	28.9	761	416	26	58	772	58	739	4.17e-69	250
EABAIN_12925	JOCPFP_13930	98.2	111	2	0	1	111	1	111	7.64e-65	218
EABAIN_12925	PNDLPA_12355	66.5	167	37	4	1	164	1	151	4.39e-60	201
EABAIN_12925	COJBJG_08860	34.8	382	202	13	138	508	2	347	4.26e-55	195
EABAIN_12925	KEMHDF_03640	95.0	100	5	0	50	149	13	112	5.25e-55	189
EABAIN_12925	MKNJHE_04875	32.5	421	208	14	183	586	119	480	2.50e-45	171
EABAIN_12930	FBGFOD_12170	94.8	192	10	0	1	192	1	192	8.30e-117	329
EABAIN_12930	KCGGLB_09990	88.4	146	17	0	1	146	1	146	8.68e-81	238
EABAIN_12930	AJONOJ_09950	49.6	234	77	3	1	196	1	231	8.39e-52	166
EABAIN_12930	DNKIME_12190	55.4	195	85	1	1	195	1	193	5.32e-50	160
EABAIN_12930	CLGIEB_00195	64.7	153	45	3	52	196	3	154	6.11e-50	158
EABAIN_12935	EGFJBH_00345	77.7	385	83	2	1	383	1	384	8.08e-205	567
EABAIN_12935	PLIKPJ_04865	76.5	383	89	1	1	383	1	382	3.91e-200	555
EABAIN_12935	BGLHJG_05625	70.8	387	109	2	1	383	1	387	1.32e-185	519
EABAIN_12935	CGMKCF_03850	63.2	380	138	1	1	378	1	380	3.92e-170	479
EABAIN_12935	CEPOIM_14095	64.3	389	133	3	1	383	1	389	1.33e-164	466
EABAIN_12935	KILFKA_10105	64.0	381	131	3	1	375	1	381	2.61e-162	460
EABAIN_12935	NCNHMD_14815	62.8	379	140	1	1	378	1	379	2.90e-162	459
EABAIN_12935	MFAILH_00520	60.6	381	148	1	1	379	1	381	5.74e-158	449
EABAIN_12935	EPKBNI_14020	62.6	369	136	1	17	383	13	381	1.59e-156	445
EABAIN_12935	ONFANJ_09975	62.1	367	135	2	17	379	1	367	2.00e-151	432
EABAIN_12935	BOKJIE_05605	60.8	360	137	2	23	378	22	381	2.49e-148	424
EABAIN_12935	ONKCDP_04505	58.6	384	154	3	1	379	1	384	6.18e-146	418
EABAIN_12935	EIIOFH_12210	57.8	367	153	1	17	381	1	367	4.17e-141	405
EABAIN_12935	ALBBCB_11210	56.8	368	157	1	17	382	1	368	4.30e-140	403
EABAIN_12935	FPPAJO_13240	70.3	290	86	0	93	382	1	290	2.34e-139	398
EABAIN_12935	OOBKJG_13555	71.7	286	81	0	93	378	1	286	4.02e-139	404
EABAIN_12935	OPPHHN_12915	56.6	364	154	2	19	378	12	375	8.02e-138	397
EABAIN_12935	BOKGIH_10580	57.8	365	148	3	20	378	10	374	4.33e-135	390
EABAIN_12935	OFBCLB_03675	54.4	377	166	2	1	375	1	373	1.17e-133	389
EABAIN_12935	KBGOAJ_10060	69.6	293	87	1	93	383	1	293	3.84e-133	384
EABAIN_12935	NMHJIK_01710	54.4	377	167	3	11	382	15	391	2.41e-132	384
EABAIN_12935	ACDDAG_10905	56.9	355	150	2	23	375	15	368	2.47e-129	375
EABAIN_12935	EMAPBM_03955	54.9	379	163	3	1	375	1	375	4.43e-129	375
EABAIN_12935	DNKGCI_05145	53.1	377	171	2	1	375	1	373	1.69e-128	375
EABAIN_12935	BCGFPE_12640	54.3	359	162	1	19	375	15	373	2.78e-126	368
EABAIN_12945	IFEKLA_12825	96.7	181	6	0	1	181	1	181	3.57e-124	348
EABAIN_12945	AGINCK_07890	66.0	200	68	0	1	200	1	200	1.72e-94	273
EABAIN_12945	AMCIGH_05725	59.0	200	82	0	1	200	1	200	6.01e-88	256
EABAIN_12945	BKNOLL_12425	100	93	0	0	108	200	1	93	1.10e-64	194
EABAIN_12950	FLCEDE_07060	91.5	211	14	2	1	207	1	211	1.61e-131	367
EABAIN_12950	NGAPDN_00065	37.9	214	126	4	1	207	1	214	4.68e-48	156
EABAIN_12955	AAOIOD_07375	97.3	410	11	0	1	410	1	410	3.60e-263	717
EABAIN_12955	NGAPDN_00070	57.8	393	163	1	1	390	1	393	2.23e-147	424
EABAIN_12955	MLIHNL_13720	98.1	107	2	0	1	107	30	136	1.69e-68	213
EABAIN_12960	AAOIOD_07370	98.3	121	2	0	1	121	1	121	6.92e-79	227
EABAIN_12960	NGAPDN_00075	70.6	119	35	0	3	121	4	122	7.13e-54	164
EABAIN_12970	DFPFAH_04660	98.9	91	1	0	1	91	113	203	1.38e-55	170
EABAIN_12970	GIPIII_01620	95.6	91	4	0	1	91	75	165	4.04e-54	165
EABAIN_12970	ABNNBP_10745	97.8	91	2	0	1	91	182	272	4.14e-54	168
EABAIN_12970	FFPGDJ_10745	94.5	91	5	0	1	91	97	187	2.28e-53	164
EABAIN_12975	BLCAGE_08900	99.0	194	2	0	1	194	40	233	1.14e-138	387
EABAIN_12975	MHGLEN_14120	96.9	194	6	0	1	194	1	194	6.78e-134	380
EABAIN_12975	OFBCLB_00125	70.6	194	57	0	1	194	43	236	1.63e-98	286
EABAIN_12975	FCNDOE_00480	66.8	193	64	0	2	194	40	232	3.36e-95	277
EABAIN_12975	BGHOFK_10420	74.2	178	43	1	17	194	1	175	6.08e-93	270
EABAIN_12975	DAEIAJ_02250	62.4	194	1	1	1	194	40	161	2.98e-70	211
EABAIN_12975	DOLABL_06375	56.3	160	3	1	1	160	40	132	6.63e-48	153
EABAIN_12980	ABIMCM_06435	98.9	525	6	0	1	525	11	535	0.0	965
EABAIN_12980	CJHCCN_08915	73.6	503	128	2	15	517	10	507	5.50e-252	698
EABAIN_12980	CNLKLD_05305	69.4	494	146	2	24	517	17	505	1.92e-235	656
EABAIN_12980	DNKGCI_08960	61.4	443	152	5	24	466	2	425	1.19e-161	466
EABAIN_12980	NOKDAP_02240	62.9	186	63	3	331	516	1	180	1.17e-66	213
EABAIN_12985	ABCLFC_13565	98.6	145	2	0	1	145	1	145	4.17e-96	273
EABAIN_12990	ABCBPP_13900	100	283	0	0	6	288	222	504	8.39e-194	540
EABAIN_12990	AODLHO_05485	61.0	272	103	1	13	281	232	503	8.81e-110	327
EABAIN_12990	AGDPFD_05475	54.1	268	123	0	13	280	232	499	9.45e-96	291
EABAIN_13000	AJGINB_12825	100	169	0	0	1	169	1	169	7.73e-124	345
EABAIN_13000	CGMKCF_03705	66.9	163	54	0	2	164	1	163	3.92e-75	221
EABAIN_13005	AJGINB_12830	100	188	0	0	1	188	1	188	1.51e-128	358
EABAIN_13005	DABPFD_05215	54.0	150	69	0	1	150	2	151	8.94e-50	159
EABAIN_13005	ABCBPP_13020	52.7	150	71	0	1	150	1	150	4.60e-47	152
EABAIN_13010	AJGINB_12835	99.9	972	1	0	1	972	1	972	0.0	1885
EABAIN_13010	PHBBGM_11800	56.8	965	412	4	6	969	8	968	0.0	1070
EABAIN_13010	BAOMEA_13200	44.8	972	530	6	1	969	1	968	4.32e-290	830
EABAIN_13010	IKDNFJ_13405	43.4	972	542	7	1	969	1	967	2.89e-279	803
EABAIN_13010	NCNHMD_14325	29.7	885	596	11	11	878	16	891	8.87e-134	424
EABAIN_13010	BOKJIE_01695	73.2	194	15	2	501	694	1	157	1.61e-80	258
EABAIN_13015	ABCBPP_13900	99.1	223	2	0	1	223	1	223	1.17e-143	410
EABAIN_13015	AODLHO_05485	58.4	221	87	2	1	218	3	221	8.82e-76	237
EABAIN_13015	AGDPFD_05475	51.8	220	103	2	1	218	3	221	3.97e-63	204
EABAIN_13020	ABCBPP_13895	100	197	0	0	1	197	1	197	7.56e-85	248
EABAIN_13025	ABCBPP_13890	99.8	559	1	0	1	559	1	559	0.0	1133
EABAIN_13025	OFBCLB_10735	61.3	556	214	1	2	556	4	559	4.31e-253	704
EABAIN_13030	FIJOGA_03665	87.8	230	22	1	1	224	1	230	4.40e-149	414
EABAIN_13030	LCDEGG_14340	97.6	209	5	0	1	209	1	209	3.28e-147	413
EABAIN_13030	OBFACL_13940	77.0	226	41	1	1	226	1	215	3.48e-125	352
EABAIN_13030	OBFACL_14235	97.2	145	4	0	1	145	1	145	1.78e-102	295
EABAIN_13030	AJANDE_09880	87.6	137	17	0	90	226	48	184	3.25e-81	240
EABAIN_13030	HIJKML_06220	77.0	135	19	1	75	209	1	123	2.45e-71	213
EABAIN_13030	OAJDKB_12175	88.9	99	11	0	1	99	1	99	2.30e-62	191
EABAIN_13030	IAAGLG_13260	96.8	94	3	0	75	168	1	94	1.74e-61	188
EABAIN_13030	COBMDH_07970	91.8	97	8	0	109	205	3	99	6.37e-57	177
EABAIN_13030	ILDBOH_12915	96.3	82	3	0	1	82	1	82	2.39e-54	169
EABAIN_13030	IAMNKG_14170	71.7	113	32	0	114	226	31	143	1.14e-52	166
EABAIN_13035	BAFDFF_13225	95.8	191	8	0	1	191	1	191	6.44e-126	352
EABAIN_13040	LEOBIF_13600	100	136	0	0	1	136	1	136	8.31e-86	246
EABAIN_13040	DMLIFG_10615	73.5	136	36	0	1	136	329	464	2.38e-57	184
EABAIN_13045	BEGLKA_14200	94.9	136	3	1	1	136	1	132	1.07e-86	248
EABAIN_13050	ABCBPP_13865	99.8	413	1	0	1	413	1	413	2.52e-292	791
EABAIN_13055	FIJOGA_03665	93.4	212	14	0	1	212	1	212	8.41e-149	413
EABAIN_13055	LCDEGG_14340	98.6	209	3	0	1	209	1	209	9.34e-149	416
EABAIN_13055	OBFACL_13940	76.4	216	40	1	1	216	1	205	8.30e-119	336
EABAIN_13055	OBFACL_14235	97.2	145	4	0	1	145	1	145	8.52e-103	296
EABAIN_13055	AJANDE_09880	87.4	127	16	0	90	216	48	174	1.88e-75	225
EABAIN_13055	HIJKML_06220	77.0	135	19	1	75	209	1	123	1.70e-71	213
EABAIN_13055	OAJDKB_12175	88.9	99	11	0	1	99	1	99	1.14e-62	191
EABAIN_13055	IAAGLG_13260	96.8	94	3	0	75	168	1	94	1.22e-61	188
EABAIN_13055	COBMDH_07970	91.8	97	8	0	109	205	3	99	4.50e-57	177
EABAIN_13055	ILDBOH_12915	97.6	82	2	0	1	82	1	82	1.04e-55	172
EABAIN_13060	ABCBPP_13855	100	398	0	0	1	398	1	398	4.32e-290	784
EABAIN_13060	BGHOFK_09310	65.9	396	135	0	1	396	1	396	3.91e-197	549
EABAIN_13060	AAKGEC_05560	32.3	375	235	9	18	385	4	366	1.36e-53	182
EABAIN_13060	DNKGCI_01305	30.7	384	252	7	17	397	9	381	1.42e-51	176
EABAIN_13060	AAOIOD_01845	31.7	378	236	9	17	385	7	371	2.81e-49	170
EABAIN_13060	NJGMDJ_13390	100	77	0	0	1	77	1	77	1.03e-43	154
EABAIN_13065	BJNLFJ_08215	100	147	0	0	1	147	264	410	2.37e-100	293
EABAIN_13065	MEHPLF_10815	100	147	0	0	1	147	266	412	2.52e-100	293
EABAIN_13065	MEHPLF_10380	100	147	0	0	1	147	269	415	2.75e-100	293
EABAIN_13065	CBIMAL_12795	100	147	0	0	1	147	272	418	3.02e-100	293
EABAIN_13065	PODEMB_14940	99.3	147	1	0	1	147	264	410	6.73e-100	292
EABAIN_13065	PODEMB_14080	99.3	147	1	0	1	147	267	413	1.04e-99	291
EABAIN_13065	BAFDFF_13125	99.3	146	1	0	1	146	60	205	4.21e-99	290
EABAIN_13065	CEPOIM_00210	99.3	146	1	0	1	146	60	205	5.35e-99	290
EABAIN_13065	BGCJLL_06910	97.3	146	4	0	1	146	60	205	2.97e-96	283
EABAIN_13065	AMCIGH_09870	95.9	146	6	0	1	146	60	205	1.16e-95	281
EABAIN_13065	NCNHMD_06445	65.3	147	51	0	1	147	175	321	4.93e-59	185
EABAIN_13065	HHKMPO_04075	65.3	147	51	0	1	147	267	413	4.99e-58	185
EABAIN_13070	ABJDJH_14690	99.4	178	1	0	1	178	1	178	1.35e-117	330
EABAIN_13070	BEGPPK_06715	58.1	167	65	1	1	167	1	162	4.11e-52	164
EABAIN_13075	ABIMCM_13540	99.7	303	1	0	1	303	1	303	1.62e-212	580
EABAIN_13085	ABIMCM_12640	99.6	704	3	0	1	704	1	704	0.0	1327
EABAIN_13085	DDDLLA_01605	68.2	707	216	5	3	704	5	707	0.0	925
EABAIN_13085	HNNKEJ_00210	50.9	631	300	6	78	702	109	735	4.58e-204	592
EABAIN_13085	DDDLLA_02545	43.8	614	322	7	80	675	176	784	6.10e-165	494
EABAIN_13085	BIHALF_08510	43.5	618	326	7	80	679	177	789	1.21e-161	486
EABAIN_13085	BLCAGE_01905	43.0	616	332	6	80	679	177	789	6.76e-161	484
EABAIN_13085	BGHOFK_00325	37.8	794	367	12	2	675	46	832	2.70e-157	476
EABAIN_13085	CNLKLD_01815	40.2	672	371	9	34	679	122	788	1.21e-154	468
EABAIN_13085	AMHKJB_11010	36.5	619	316	9	79	684	6	560	2.09e-116	362
EABAIN_13085	CBFHCM_10005	36.8	619	314	9	79	684	11	565	3.78e-113	353
EABAIN_13085	BKOEEG_06540	36.0	634	317	10	74	684	1	568	1.74e-111	349
EABAIN_13085	KGJGGL_03015	40.6	572	263	11	79	637	6	513	1.02e-104	346
EABAIN_13085	EPKBNI_14320	35.5	611	309	15	80	673	4	546	1.47e-95	307
EABAIN_13090	OBFACL_13940	89.4	226	13	1	1	226	1	215	1.73e-141	394
EABAIN_13090	FIJOGA_03665	77.4	230	46	1	1	224	1	230	1.97e-129	364
EABAIN_13090	LCDEGG_14340	80.9	209	40	0	1	209	1	209	4.95e-123	352
EABAIN_13090	OBFACL_14235	84.8	145	22	0	1	145	1	145	1.21e-88	260
EABAIN_13090	IAMNKG_14170	98.1	104	2	0	123	226	40	143	1.12e-67	204
EABAIN_13090	OAJDKB_12175	96.0	99	4	0	1	99	1	99	4.29e-65	198
EABAIN_13090	AJANDE_09880	70.1	137	41	0	90	226	48	184	1.13e-64	198
EABAIN_13090	HIJKML_06220	71.9	135	26	1	75	209	1	123	9.56e-64	194
EABAIN_13090	PNDLPA_11260	50.0	214	6	2	13	226	1	113	3.85e-54	169
EABAIN_13090	IAAGLG_13260	79.8	94	19	0	75	168	1	94	3.23e-49	157
EABAIN_13090	ILDBOH_12915	82.9	82	14	0	1	82	1	82	4.41e-47	151
EABAIN_13095	ABIMCM_08870	99.7	705	2	0	1	705	1	705	0.0	1298
EABAIN_13095	ANFPEE_11195	40.8	703	392	8	10	705	81	766	6.15e-172	511
EABAIN_13095	DDDLLA_11260	71.7	297	83	1	410	705	1	297	7.25e-133	393
EABAIN_13095	BGCJLL_07025	36.9	634	370	11	78	705	5	614	1.52e-119	371
EABAIN_13095	AAOIOD_03725	36.8	590	353	8	118	703	105	678	2.01e-118	369
EABAIN_13095	FFPGDJ_00115	33.7	707	416	11	9	670	77	775	4.40e-116	367
EABAIN_13095	EIKFFD_03600	35.0	615	376	10	93	702	15	610	1.64e-108	342
EABAIN_13095	PKGHFF_07395	36.9	594	355	10	120	703	27	610	3.06e-108	341
EABAIN_13095	ABIMCM_02075	34.9	627	361	12	90	703	24	616	3.51e-108	341
EABAIN_13095	FFPGDJ_00105	32.6	604	387	8	109	703	51	643	2.27e-106	337
EABAIN_13095	AGDPFD_04350	34.3	635	377	13	87	705	11	621	3.49e-106	336
EABAIN_13095	DIBOGN_04755	35.7	594	352	9	120	705	43	614	3.95e-106	335
EABAIN_13095	HNNKEJ_00865	36.6	588	347	9	120	703	43	608	6.10e-106	335
EABAIN_13095	BGHOFK_08910	36.7	608	348	14	108	701	33	617	1.30e-104	332
EABAIN_13095	CGMKCF_08225	36.9	510	299	8	144	651	67	555	3.30e-101	323
EABAIN_13095	DDDLLA_02925	34.6	604	371	10	111	702	34	625	7.02e-101	322
EABAIN_13095	LBKFJK_08485	36.6	505	310	7	159	662	91	586	2.64e-100	321
EABAIN_13095	DNKGCI_09585	35.0	497	317	5	166	662	96	586	1.36e-99	319
EABAIN_13095	OFBCLB_07720	34.7	516	324	8	166	676	101	608	8.35e-95	306
EABAIN_13095	BGCJLL_06690	33.7	591	351	10	89	676	16	568	3.48e-94	303
EABAIN_13095	ACIHME_07560	35.0	497	317	5	166	662	102	592	2.18e-92	300
EABAIN_13095	CNLKLD_04120	34.5	592	361	9	119	702	39	611	3.53e-91	296
EABAIN_13095	AANGNE_03555	28.9	730	454	17	5	705	1	694	3.57e-83	277
EABAIN_13095	FHIFIE_01670	46.0	328	169	4	378	705	195	514	4.57e-79	261
EABAIN_13095	IAFHMK_00280	28.2	682	430	15	10	658	14	668	2.38e-78	265
EABAIN_13100	ABIMCM_08865	100	119	0	0	1	119	1	119	1.11e-83	239
EABAIN_13105	APEJKH_06965	88.0	1245	131	4	1	1231	1	1241	0.0	1944
EABAIN_13105	DNKGCI_10120	49.0	970	463	11	1	964	1	944	7.91e-280	813
EABAIN_13105	KBLLAJ_05405	46.2	977	492	10	1	964	1	956	1.30e-277	807
EABAIN_13105	ONFANJ_00570	46.8	986	479	11	1	963	1	963	2.09e-267	781
EABAIN_13105	OFBCLB_08345	45.3	981	481	17	3	958	2	951	4.32e-261	765
EABAIN_13105	CFKGLB_00840	46.7	973	483	10	1	963	1	947	5.19e-257	754
EABAIN_13105	AGHDIE_05310	47.4	684	341	8	245	926	41	707	4.04e-199	602
EABAIN_13105	EJHJGL_13275	47.5	709	326	19	245	924	56	747	9.84e-186	572
EABAIN_13105	ILDBOH_06115	38.7	938	497	19	1	921	1	877	2.61e-185	583
EABAIN_13105	ILDBOH_13015	77.9	411	85	2	827	1231	735	1145	6.69e-178	555
EABAIN_13105	PLDCIE_01710	38.9	876	458	18	1	853	1	822	1.16e-172	550
EABAIN_13105	FBLNFP_04570	45.2	710	344	19	235	927	21	702	2.30e-169	524
EABAIN_13105	KGIGEE_02060	44.4	674	326	16	271	927	1	642	1.59e-165	510
EABAIN_13105	DCAANM_03050	37.6	904	483	21	1	888	1	839	8.00e-161	517
EABAIN_13105	BJLDLK_03795	49.3	438	221	1	525	961	24	461	1.29e-136	424
EABAIN_13105	OFBCLB_05310	30.5	653	369	19	261	846	58	692	8.30e-70	257
EABAIN_13105	BGHOFK_08900	28.6	761	456	23	239	932	38	778	2.26e-67	249
EABAIN_13105	CNLKLD_01155	32.1	669	373	26	244	851	42	690	7.55e-66	244
EABAIN_13105	IAFHMK_08645	30.2	686	367	26	306	917	110	757	1.00e-51	199
EABAIN_13105	HNNKEJ_03470	26.8	680	377	26	261	853	60	705	2.57e-47	185
EABAIN_13105	LLHJAL_12420	24.0	1160	606	36	1	964	1	1080	1.06e-42	169
EABAIN_13110	LCBNOF_12290	94.2	503	27	1	1	501	1	503	0.0	905
EABAIN_13110	AKOOIJ_04000	60.9	501	190	4	1	499	1	497	1.73e-207	583
EABAIN_13110	BKMMEC_10180	61.5	501	189	3	1	499	1	499	1.07e-206	582
EABAIN_13110	CFKGLB_00845	60.8	503	189	5	3	498	5	506	3.29e-205	578
EABAIN_13110	BMNCPF_04970	63.0	508	178	7	1	501	1	505	1.01e-203	574
EABAIN_13110	DNKGCI_10115	61.2	497	188	4	1	494	1	495	1.96e-202	571
EABAIN_13110	KPPHCJ_13660	61.7	501	186	5	1	499	1	497	2.04e-201	568
EABAIN_13110	LLHJAL_12430	50.7	483	203	15	39	501	35	502	7.01e-134	396
EABAIN_13110	AJKPDP_10825	51.1	476	205	17	39	501	35	495	2.31e-130	387
EABAIN_13110	FBLNFP_04560	39.5	522	281	17	1	501	1	508	3.69e-88	279
EABAIN_13115	AECHFI_01425	97.9	390	8	0	1	390	1	390	3.77e-280	758
EABAIN_13115	BJLDLK_03785	49.2	364	185	0	1	364	23	386	2.73e-118	348
EABAIN_13115	AKOOIJ_04005	49.3	369	177	3	1	364	22	385	4.75e-116	343
EABAIN_13115	AJKPDP_10820	48.0	375	186	4	1	370	18	388	5.27e-113	335
EABAIN_13115	KPPHCJ_13665	59.9	274	110	0	1	274	26	299	3.08e-109	322
EABAIN_13115	CFKGLB_00850	58.0	274	115	0	1	274	22	295	9.57e-105	310
EABAIN_13115	OFBCLB_08335	55.6	268	119	0	1	268	21	288	5.37e-101	301
EABAIN_13115	HBCJDI_10430	44.4	360	196	2	1	359	9	365	2.11e-96	293
EABAIN_13115	IHNEIG_04075	53.4	264	123	0	1	264	24	287	1.72e-95	287
EABAIN_13115	DNKGCI_10105	63.7	179	65	0	71	249	1	179	1.08e-74	230
EABAIN_13115	AJKPDP_10815	40.8	336	178	7	3	336	15	331	8.99e-73	231
EABAIN_13115	AECHFI_01430	40.2	336	181	7	4	336	28	346	1.69e-71	228
EABAIN_13115	HBCJDI_10425	36.7	349	206	7	3	350	5	339	2.04e-64	209
EABAIN_13115	FBLNFP_04555	37.9	338	187	6	1	336	18	334	1.44e-62	205
EABAIN_13115	BJLDLK_10560	44.0	273	138	7	1	270	17	277	3.30e-62	201
EABAIN_13115	CFLCIE_00930	38.2	228	132	3	1	228	14	232	2.71e-44	154
EABAIN_13115	HNNKEJ_02145	41.6	238	127	4	3	239	22	248	2.22e-42	152
EABAIN_13120	AECHFI_01430	99.7	392	1	0	1	392	1	392	1.35e-274	744
EABAIN_13120	AJKPDP_10815	54.0	324	142	2	28	349	16	334	2.52e-105	315
EABAIN_13120	HBCJDI_10425	44.1	345	181	4	24	360	2	342	4.88e-86	265
EABAIN_13120	FBLNFP_04555	42.9	352	190	5	20	367	13	357	3.65e-81	253
EABAIN_13120	AECHFI_01425	39.3	338	181	7	28	346	4	336	8.87e-68	219
EABAIN_13120	HBCJDI_10430	34.6	358	223	4	21	367	5	362	7.62e-65	211
EABAIN_13120	KPPHCJ_13665	42.2	270	140	4	4	257	5	274	2.07e-61	199
EABAIN_13120	AKOOIJ_04005	42.3	284	146	6	21	288	18	299	1.76e-60	200
EABAIN_13120	BJLDLK_03785	34.8	396	236	8	4	379	2	395	2.13e-59	197
EABAIN_13120	CFKGLB_00850	41.5	265	141	5	10	261	8	271	8.99e-59	192
EABAIN_13120	IHNEIG_04075	42.9	287	143	7	1	269	1	284	5.41e-58	191
EABAIN_13120	AJKPDP_10820	45.2	252	122	4	20	258	13	261	8.90e-58	193
EABAIN_13120	OFBCLB_08335	41.7	283	147	6	10	277	5	284	5.13e-57	188
EABAIN_13120	BJLDLK_10560	42.7	234	128	4	16	243	8	241	2.61e-54	181
EABAIN_13120	DNKGCI_10105	46.9	177	92	1	88	262	5	181	7.49e-50	166
EABAIN_13120	CFLCIE_00930	44.4	207	110	3	76	278	69	274	1.36e-45	157
EABAIN_13130	BGLHJG_05625	72.4	387	105	1	1	385	1	387	5.85e-192	535
EABAIN_13130	CEPOIM_14095	72.1	390	103	3	1	385	1	389	5.14e-191	533
EABAIN_13130	PLIKPJ_04865	69.6	385	114	2	1	385	1	382	3.41e-185	518
EABAIN_13130	EGFJBH_00345	66.2	385	129	1	1	385	1	384	1.96e-175	493
EABAIN_13130	CGMKCF_03850	65.2	382	129	2	1	380	1	380	1.28e-171	483
EABAIN_13130	NCNHMD_14815	63.8	381	135	2	1	380	1	379	1.16e-164	466
EABAIN_13130	KILFKA_10105	62.7	383	135	4	1	377	1	381	8.73e-159	451
EABAIN_13130	BOKJIE_05605	64.1	362	126	2	23	380	20	381	5.19e-158	449
EABAIN_13130	EPKBNI_14020	62.6	374	138	1	14	385	8	381	2.98e-157	447
EABAIN_13130	MFAILH_00520	60.9	379	146	1	8	384	6	384	7.14e-157	446
EABAIN_13130	NMHJIK_01710	61.8	390	142	4	1	383	1	390	1.65e-155	443
EABAIN_13130	ONFANJ_09975	62.1	372	136	3	19	385	1	372	9.88e-155	440
EABAIN_13130	ALBBCB_11210	61.9	370	138	2	19	385	1	370	5.11e-154	438
EABAIN_13130	ONKCDP_04505	60.1	388	150	3	1	384	1	387	3.48e-153	437
EABAIN_13130	FPPAJO_13240	77.2	289	66	0	95	383	1	289	3.78e-153	433
EABAIN_13130	BOKGIH_10580	61.9	365	133	3	22	380	10	374	2.11e-148	424
EABAIN_13130	OPPHHN_12915	60.7	364	139	2	21	380	12	375	1.71e-147	422
EABAIN_13130	EIIOFH_12210	60.6	368	137	4	21	383	3	367	1.46e-144	414
EABAIN_13130	OFBCLB_03675	58.0	364	151	1	16	377	10	373	9.01e-139	402
EABAIN_13130	EMAPBM_03955	55.0	371	163	2	11	377	5	375	1.03e-135	392
EABAIN_13130	OOBKJG_13555	69.1	291	90	0	95	385	1	291	1.30e-135	395
EABAIN_13130	BCGFPE_12640	55.1	379	162	2	1	377	1	373	1.40e-134	389
EABAIN_13130	ACDDAG_10905	55.5	362	158	2	18	377	8	368	1.42e-131	381
EABAIN_13130	DNKGCI_05145	53.0	379	170	2	1	377	1	373	2.42e-131	383
EABAIN_13130	CDIIGJ_10970	56.0	359	156	1	21	377	15	373	8.02e-131	380
EABAIN_13135	ABCBPP_13590	94.3	175	10	0	1	175	1	175	2.65e-118	331
EABAIN_13135	JMEAFF_13495	89.4	123	9	1	53	175	247	365	2.75e-71	219
EABAIN_13140	BAOMEA_12675	76.2	210	50	0	1	210	1	210	7.26e-65	199
EABAIN_13145	EGFJBH_00345	81.8	385	67	2	3	385	1	384	2.97e-214	592
EABAIN_13145	PLIKPJ_04865	74.7	383	96	1	3	385	1	382	1.84e-198	552
EABAIN_13145	BGLHJG_05625	70.3	380	111	1	8	385	8	387	5.81e-182	510
EABAIN_13145	CEPOIM_14095	66.8	385	118	3	8	385	8	389	1.95e-166	471
EABAIN_13145	OOBKJG_13555	81.4	291	54	0	95	385	1	291	1.76e-160	459
EABAIN_13145	EPKBNI_14020	63.9	374	133	2	14	385	8	381	2.86e-159	452
EABAIN_13145	CGMKCF_03850	61.3	380	145	1	3	380	1	380	1.08e-157	449
EABAIN_13145	KILFKA_10105	64.0	381	131	3	3	377	1	381	8.55e-156	444
EABAIN_13145	MFAILH_00520	59.4	384	154	1	3	384	1	384	9.90e-154	439
EABAIN_13145	NCNHMD_14815	62.0	379	143	1	3	380	1	379	3.61e-153	437
EABAIN_13145	ALBBCB_11210	61.3	364	139	1	19	380	1	364	3.80e-148	424
EABAIN_13145	ONFANJ_09975	59.2	370	147	2	19	384	1	370	3.95e-146	419
EABAIN_13145	JMEAFF_13495	85.8	253	34	1	3	253	1	253	6.04e-145	416
EABAIN_13145	ONKCDP_04505	58.1	377	154	2	12	384	11	387	1.29e-142	410
EABAIN_13145	BOKJIE_05605	59.7	362	142	2	23	380	20	381	3.96e-142	409
EABAIN_13145	EIIOFH_12210	59.4	367	147	1	19	383	1	367	4.30e-138	398
EABAIN_13145	FPPAJO_13240	68.6	290	91	0	95	384	1	290	2.80e-135	388
EABAIN_13145	OPPHHN_12915	55.9	372	160	2	13	380	4	375	1.90e-133	387
EABAIN_13145	BOKGIH_10580	57.1	375	152	4	12	380	3	374	2.05e-130	379
EABAIN_13145	NMHJIK_01710	52.9	391	175	4	3	384	1	391	9.11e-127	370
EABAIN_13145	BCGFPE_12640	54.1	377	167	2	3	377	1	373	4.89e-124	363
EABAIN_13145	EMAPBM_03955	52.0	379	174	3	3	377	1	375	3.09e-121	356
EABAIN_13145	DNKGCI_05145	51.5	377	177	2	3	377	1	373	5.73e-121	357
EABAIN_13145	KBGOAJ_10060	62.5	299	110	1	95	391	1	299	1.55e-119	350
EABAIN_13145	ACDDAG_10905	52.2	368	173	2	12	377	2	368	9.12e-119	349
EABAIN_13155	ICGPBP_00650	89.3	122	13	0	1	122	39	160	6.51e-70	206
EABAIN_13155	LJBFKD_08725	89.3	112	12	0	1	112	1	112	2.08e-64	191
EABAIN_13165	CBIMAL_12840	100	94	0	0	1	94	1	94	3.60e-66	193
EABAIN_13170	ABIMCM_01605	100	200	0	0	1	200	1	200	1.17e-131	367
EABAIN_13175	AGDPFD_11275	98.1	263	5	0	1	263	2	264	6.04e-170	469
EABAIN_13180	ABIMCM_01595	100	278	0	0	1	278	1	278	1.38e-205	560
EABAIN_13185	ABIMCM_01590	100	266	0	0	1	266	1	266	1.55e-196	536
EABAIN_13195	CBIMAL_12870	99.5	190	1	0	1	190	26	215	7.36e-129	360
EABAIN_13200	CBIMAL_12890	100	304	0	0	1	304	1	304	5.23e-214	584
EABAIN_13200	NMHJIK_04925	67.0	194	64	0	1	194	1	194	3.09e-84	259
EABAIN_13200	BJLDLK_11030	48.1	283	129	4	1	267	1	281	5.25e-74	236
EABAIN_13200	HPHDAL_11690	57.5	186	78	1	1	185	1	186	3.50e-72	221
EABAIN_13200	BDGMGM_01620	53.3	199	91	2	1	198	1	198	2.15e-65	210
EABAIN_13200	DNKGCI_07245	51.8	193	92	1	1	192	1	193	1.14e-62	204
EABAIN_13200	BCIMIN_10430	51.8	193	93	0	1	193	1	193	2.21e-62	202
EABAIN_13200	DACDBD_04010	49.8	201	100	1	1	200	1	201	4.21e-61	197
EABAIN_13200	FMHHMN_08920	49.7	199	99	1	1	198	1	199	1.51e-58	191
EABAIN_13200	CMOKEC_00330	50.3	193	95	1	1	192	1	193	2.57e-58	195
EABAIN_13200	DNKGCI_04975	47.7	199	103	1	1	198	1	199	6.03e-58	191
EABAIN_13200	IHNEIG_12165	49.2	193	97	1	1	192	1	193	1.99e-57	192
EABAIN_13200	EOLLIN_13470	49.7	193	96	1	1	192	1	193	1.77e-56	189
EABAIN_13200	AEFDGK_09030	47.2	193	101	1	1	192	1	193	1.24e-53	182
EABAIN_13200	LEAGNF_03115	52.7	131	62	0	62	192	4	134	1.65e-42	152
EABAIN_13210	BCJFJG_10860	87.8	197	24	0	17	213	36	232	2.14e-131	368
EABAIN_13210	GJINGL_13720	72.2	205	57	0	1	205	1	205	6.63e-119	336
EABAIN_13210	ELJDNA_13290	37.8	193	116	2	15	205	4	194	3.13e-50	161
EABAIN_13210	FGFHJG_13845	42.7	185	103	2	19	201	5	188	5.03e-49	158
EABAIN_13210	NNPKJK_14370	39.0	182	107	2	26	205	10	189	1.19e-48	157
EABAIN_13210	OOEIID_00610	36.2	196	114	3	14	207	5	191	7.31e-46	150
EABAIN_13215	CBIMAL_12875	100	168	0	0	1	168	1	168	4.62e-111	312
EABAIN_13220	BGCJLL_09690	100	243	0	0	1	243	1	243	1.73e-177	486
EABAIN_13220	PKLIGD_12360	60.8	199	74	2	35	231	1	197	4.63e-80	238
EABAIN_13220	AMBJPI_11575	53.5	230	104	2	7	233	5	234	1.85e-78	236
EABAIN_13220	NCNHMD_15640	53.2	235	105	3	1	231	1	234	6.16e-78	234
EABAIN_13220	DACDBD_04025	56.3	199	75	3	35	232	1	188	4.39e-72	218
EABAIN_13220	JKADEJ_13150	49.8	231	105	2	7	237	5	224	7.41e-70	213
EABAIN_13220	PHBCNO_12785	48.9	227	100	5	7	231	5	217	6.80e-69	211
EABAIN_13220	CMOKEC_00310	50.9	226	95	3	7	231	5	215	2.68e-67	206
EABAIN_13220	HPHDAL_11700	50.7	213	93	2	7	219	5	205	5.84e-65	200
EABAIN_13220	AJKPDP_05540	45.7	232	101	6	7	230	5	219	6.26e-57	180
EABAIN_13225	ABIMCM_12620	86.6	149	20	0	1	149	1	149	3.13e-98	278
EABAIN_13225	HNNKEJ_10625	68.0	147	47	0	1	147	1	147	1.71e-75	221
EABAIN_13225	BNBIEO_09480	61.3	142	55	0	1	142	1	142	1.88e-63	191
