EABAIN_00005	AAKGEC_06445	99.8	455	1	0	1	455	1	455	0.0	889
EABAIN_00005	AANGNE_00005	70.8	455	129	1	1	455	1	451	2.51e-233	643
EABAIN_00010	AAKGEC_06440	99.7	380	1	0	1	380	1	380	6.40e-266	719
EABAIN_00015	AAKGEC_06435	99.5	1099	5	0	1	1099	1	1099	0.0	2098
EABAIN_00015	AANGNE_00015	61.6	1103	414	7	1	1094	1	1102	0.0	1320
EABAIN_00020	AAKGEC_06430	99.3	1203	9	0	1	1203	1	1203	0.0	2281
EABAIN_00020	LEAGNF_00795	64.9	1214	389	12	1	1201	1	1190	0.0	1477
EABAIN_00030	ONFANJ_08325	86.5	185	21	1	1	185	1	181	1.62e-106	300
EABAIN_00035	BGHOFK_05390	95.1	371	17	1	1	371	1	370	6.20e-250	678
EABAIN_00040	AAKGEC_06410	97.2	107	3	0	1	107	1	107	1.24e-69	200
EABAIN_00045	AJCMKJ_09415	76.8	112	26	0	1	112	1	112	2.59e-58	172
EABAIN_00050	AAKGEC_06400	57.2	663	277	3	1	656	1	663	4.52e-236	666
EABAIN_00050	ACNHAK_05535	29.3	694	447	14	1	655	1	689	2.21e-69	236
EABAIN_00050	AANGNE_08745	29.4	695	441	12	1	655	1	685	1.05e-68	234
EABAIN_00055	AAKGEC_06395	99.5	211	1	0	1	211	1	211	5.42e-146	402
EABAIN_00055	NIHKFI_08805	49.8	209	65	1	1	209	1	169	5.73e-59	180
EABAIN_00055	NPEGAB_08025	45.9	209	113	0	1	209	7	215	5.08e-55	171
EABAIN_00055	DOCKDI_10880	43.4	212	115	2	1	211	1	208	1.57e-53	168
EABAIN_00060	AANGNE_00035	76.8	185	43	0	1	185	4	188	3.50e-103	291
EABAIN_00065	DNKGCI_07370	81.3	1159	217	0	1	1159	1	1159	0.0	1888
EABAIN_00065	CMMBIF_01890	38.4	409	232	7	584	982	264	662	3.34e-73	254
EABAIN_00070	EKJHIG_00075	77.6	156	5	1	1	156	1	126	5.96e-71	206
EABAIN_00080	AAKGEC_06365	100	124	0	0	1	124	1	124	1.06e-78	224
EABAIN_00085	AAKGEC_06360	99.1	107	1	0	1	107	1	107	1.29e-71	205
EABAIN_00090	FGFHJG_12135	100	448	0	0	1	448	1	448	0.0	867
EABAIN_00090	AANGNE_00065	53.2	442	198	2	8	449	1	433	8.59e-163	463
EABAIN_00095	ABCLFC_00075	82.0	423	75	1	1	423	1	422	7.16e-250	682
EABAIN_00095	AGDPFD_00075	53.6	414	191	1	7	419	3	416	1.75e-151	432
EABAIN_00100	CJHCCN_08360	78.1	178	39	0	6	183	2	179	4.63e-97	276
EABAIN_00100	DNKGCI_07020	54.5	167	75	1	10	175	8	174	2.99e-62	187
EABAIN_00105	BNPKDP_00090	97.8	695	14	1	1	694	1	695	0.0	1294
EABAIN_00150	AAOIOD_00790	77.9	611	128	2	1	607	1	608	0.0	909
EABAIN_00155	AAKGEC_06290	99.8	645	1	0	1	645	1	645	0.0	1225
EABAIN_00155	AANGNE_04230	50.8	646	315	3	1	645	1	644	7.06e-220	624
EABAIN_00160	BGHOFK_05495	79.0	143	30	0	1	143	8	150	1.19e-81	234
EABAIN_00165	ABCLFC_00145	79.7	384	78	0	1	384	1	384	6.71e-223	611
EABAIN_00165	EHFDLC_06800	69.2	377	114	1	1	377	1	375	3.75e-181	505
EABAIN_00175	AIPJBK_03060	93.9	148	9	0	1	148	1	148	1.60e-102	287
EABAIN_00180	AAKGEC_06265	97.5	80	2	0	1	80	1	80	1.39e-58	170
EABAIN_00185	PHBBGM_08270	98.9	540	5	1	1	540	1	539	0.0	974
EABAIN_00190	AAKGEC_06255	99.4	173	1	0	1	173	1	173	3.69e-123	341
EABAIN_00190	AANGNE_02480	56.5	170	74	0	3	172	3	172	1.64e-64	192
EABAIN_00200	DDDLLA_05940	80.1	391	78	0	1	391	1	391	5.12e-225	617
EABAIN_00200	AAOIOD_01880	67.0	388	127	1	1	388	1	387	6.97e-189	525
EABAIN_00200	DNKGCI_05550	34.5	386	235	9	12	386	13	391	1.61e-69	221
EABAIN_00200	AANGNE_07435	35.2	398	239	10	1	386	1	391	1.68e-67	216
EABAIN_00205	LBKFJK_02205	78.3	253	53	1	1	251	1	253	2.17e-145	404
EABAIN_00210	ABJDJH_02575	95.2	293	14	0	1	293	1	293	7.09e-201	547
EABAIN_00220	GFNALM_06825	39.3	524	296	3	1	520	1	506	6.16e-118	354
EABAIN_00225	AAKGEC_06230	100	472	0	0	1	472	1	472	0.0	910
EABAIN_00230	IAFHMK_09250	75.2	549	104	10	1	532	1	534	4.62e-269	740
EABAIN_00235	AAKGEC_06220	100	326	0	0	1	326	1	326	1.09e-232	630
EABAIN_00240	MKICBC_12190	98.3	352	6	0	1	352	1	352	3.81e-254	689
EABAIN_00245	AAKGEC_06210	100	333	0	0	1	333	1	333	7.87e-250	674
EABAIN_00250	AAKGEC_06205	99.6	281	1	0	1	281	1	281	4.51e-207	562
EABAIN_00250	AANGNE_00225	53.7	242	110	1	35	276	17	256	5.44e-90	265
EABAIN_00255	DIBOGN_00045	79.6	216	44	0	1	216	49	264	1.59e-124	350
EABAIN_00255	CKLNFN_05800	63.5	211	76	1	1	211	10	219	1.96e-94	272
EABAIN_00260	BNBIEO_06530	89.1	340	37	0	1	340	1	340	3.62e-219	598
EABAIN_00265	AAKGEC_06190	99.3	145	1	0	1	145	1	145	5.33e-98	275
EABAIN_00265	DBFGIH_07110	63.9	144	52	0	1	144	1	144	2.00e-59	177
EABAIN_00270	CPLMAE_04040	98.6	440	3	1	1	437	1	440	2.50e-288	781
EABAIN_00275	BIHALF_08130	81.9	331	58	1	1	331	1	329	1.02e-184	509
EABAIN_00280	NOKDAP_05290	98.5	270	3	1	1	270	1	269	4.64e-192	523
EABAIN_00280	AANGNE_00255	47.6	267	140	0	1	267	1	267	2.77e-85	253
EABAIN_00285	AANGNE_00260	87.5	545	64	1	1	545	1	541	0.0	947
EABAIN_00285	AANGNE_04410	31.6	547	356	8	1	540	3	538	2.17e-82	266
EABAIN_00285	KCGGLB_01940	31.6	544	354	9	1	536	3	536	7.12e-80	259
EABAIN_00285	AANGNE_02030	31.4	512	336	5	1	507	3	504	9.96e-78	251
EABAIN_00285	AAKGEC_02945	31.0	523	331	9	1	511	3	507	3.83e-70	231
EABAIN_00285	CNLKLD_03745	26.3	543	372	12	5	541	7	527	1.36e-52	186
EABAIN_00300	AAOIOD_01895	43.9	271	152	0	3	273	2	272	6.64e-79	237
EABAIN_00300	AAKGEC_12835	46.2	277	148	1	1	277	1	276	1.99e-73	223
EABAIN_00300	ABCLFC_07605	40.4	272	162	0	3	274	2	273	5.04e-73	223
EABAIN_00305	AHPAPB_00360	95.2	434	13	1	1	426	1	434	2.89e-301	813
EABAIN_00305	FBLNFP_09685	36.2	417	222	7	10	425	6	379	1.03e-71	228
EABAIN_00305	BGHOFK_07520	32.0	416	223	7	7	422	4	359	5.19e-58	191
EABAIN_00310	BGHOFK_05610	83.3	276	46	0	1	276	1	276	1.01e-165	457
EABAIN_00310	LPKMGL_00765	69.0	261	80	1	3	263	8	267	2.48e-125	355
EABAIN_00310	ABCBPP_07190	41.4	249	144	2	5	251	3	251	5.07e-61	191
EABAIN_00315	BCIBOL_00400	94.2	155	6	1	1	155	1	152	1.97e-95	269
EABAIN_00325	AAKGEC_08100	100	206	0	0	1	206	1	206	4.01e-150	412
EABAIN_00325	AANGNE_03705	56.9	202	86	1	1	202	1	201	3.20e-84	245
EABAIN_00330	KFKDLK_03905	79.9	383	75	1	7	389	1	381	5.59e-225	616
EABAIN_00330	FMNMPI_06115	64.0	383	134	3	9	388	2	383	1.05e-179	501
EABAIN_00335	AAKGEC_08090	100	196	0	0	1	196	1	196	7.23e-139	382
EABAIN_00335	AANGNE_05870	48.2	195	101	0	1	195	1	195	1.06e-66	200
EABAIN_00365	AAKGEC_02970	99.3	593	4	0	1	593	1	593	0.0	1084
EABAIN_00365	AANGNE_00315	72.2	593	165	0	1	593	1	593	4.83e-293	806
EABAIN_00365	AAOIOD_03725	30.1	572	376	9	40	592	112	678	1.46e-80	264
EABAIN_00365	ABIMCM_02075	29.9	556	370	7	22	565	35	582	1.47e-71	238
EABAIN_00365	ABIMCM_08870	29.8	531	345	10	43	546	128	657	5.21e-69	233
EABAIN_00365	BGHOFK_01575	30.0	601	368	15	25	588	122	706	5.67e-66	225
EABAIN_00365	CGMKCF_08225	28.8	541	359	10	18	540	23	555	2.57e-63	217
EABAIN_00365	AANGNE_03555	28.6	590	374	14	25	588	120	688	1.39e-62	216
EABAIN_00365	EMELHB_12155	30.5	429	271	10	185	591	163	586	1.34e-43	161
EABAIN_00370	MNCEOE_11380	99.6	251	1	0	1	251	1	251	1.80e-170	469
EABAIN_00370	BNBIEO_06755	55.3	262	108	3	1	259	1	256	2.19e-90	265
EABAIN_00375	BGHOFK_05680	91.8	416	34	0	1	416	1	416	8.48e-279	755
EABAIN_00380	GJCPBB_00490	100	156	0	0	1	156	1	156	8.66e-113	315
EABAIN_00380	NPEGAB_00150	59.9	157	62	1	1	157	1	156	2.45e-64	191
EABAIN_00385	AAKGEC_02950	100	155	0	0	1	155	1	155	1.23e-110	308
EABAIN_00385	AANGNE_00330	63.9	155	55	1	1	155	1	154	5.01e-71	207
EABAIN_00390	AAKGEC_02945	99.2	517	4	0	1	517	1	517	0.0	1002
EABAIN_00390	AANGNE_02030	63.3	518	189	1	1	517	1	518	4.49e-240	665
EABAIN_00390	KCGGLB_01940	34.7	522	336	5	1	517	1	522	5.21e-103	319
EABAIN_00390	AANGNE_04410	34.2	511	331	4	1	507	1	510	3.33e-99	309
EABAIN_00390	AANGNE_00260	31.9	514	334	9	3	507	1	507	4.95e-69	228
EABAIN_00390	CNLKLD_03745	28.3	520	335	11	8	511	8	505	6.38e-57	197
EABAIN_00395	AAKGEC_02940	98.9	94	1	0	1	94	1	94	2.79e-60	176
EABAIN_00400	BDMBBJ_10605	99.4	162	1	0	1	162	17	178	9.70e-115	319
EABAIN_00405	NPEGAB_00160	78.9	317	67	0	1	317	22	338	9.01e-182	502
EABAIN_00410	AAKGEC_02925	98.8	250	3	0	1	250	1	250	7.88e-172	470
EABAIN_00410	CMMAPM_05105	61.1	252	96	1	1	250	1	252	2.48e-111	317
EABAIN_00415	AAKGEC_02920	99.7	318	1	0	1	318	1	318	8.19e-224	607
EABAIN_00420	CMMBIF_04950	94.3	740	42	0	1	740	7	746	0.0	1380
EABAIN_00425	BGHOFK_05730	77.5	311	68	1	1	311	1	309	1.87e-170	472
EABAIN_00425	AGINCK_11245	73.1	308	83	0	4	311	3	310	1.26e-162	452
EABAIN_00430	CDIIGJ_08895	82.8	151	25	1	1	151	1	150	1.48e-84	241
EABAIN_00430	AANGNE_00350	72.5	149	41	0	1	149	1	149	1.55e-72	211
EABAIN_00435	CDIIGJ_08900	81.9	299	53	1	32	330	29	326	2.15e-169	471
EABAIN_00440	AIKIDN_03325	99.5	207	1	0	1	207	1	207	3.12e-151	415
EABAIN_00440	AANGNE_00355	56.9	204	88	0	1	204	1	204	2.51e-84	245
EABAIN_00445	IAFHMK_09525	74.8	472	115	1	1	468	1	472	5.52e-255	699
EABAIN_00445	DNKGCI_11505	74.1	468	121	0	1	468	1	468	5.42e-246	676
EABAIN_00445	AANGNE_10010	34.5	447	283	7	21	464	17	456	6.68e-73	234
EABAIN_00450	IAFHMK_09535	74.6	205	51	1	10	213	1	205	8.62e-117	328
EABAIN_00450	AANGNE_00360	70.9	206	58	2	10	213	1	206	1.65e-105	299
EABAIN_00455	DIBOGN_00300	84.0	163	26	0	1	163	4	166	5.37e-95	269
EABAIN_00460	DDDLLA_04900	76.2	214	49	1	1	214	1	212	2.95e-119	334
EABAIN_00465	BLCAGE_00425	84.0	865	130	2	1	865	1	857	0.0	1424
EABAIN_00465	PELOCJ_11855	38.1	785	402	13	13	781	3	719	3.54e-154	467
EABAIN_00470	DLODMN_07810	100	345	0	0	1	345	1	345	1.35e-257	696
EABAIN_00475	AAKGEC_04700	100	88	0	0	1	88	1	88	7.99e-55	161
EABAIN_00480	AAKGEC_04705	99.8	575	1	0	1	575	1	575	0.0	1093
EABAIN_00485	AIGDEK_10895	92.4	105	8	0	1	105	1	105	1.71e-66	192
EABAIN_00490	AAKGEC_04715	100	99	0	0	1	99	1	99	2.06e-62	181
EABAIN_00500	BAFDFF_00515	85.2	310	46	0	2	311	23	332	5.02e-199	545
EABAIN_00500	KAAGFE_02320	68.4	310	98	0	1	310	1	310	4.97e-158	441
EABAIN_00500	AGDPFD_06085	44.0	268	146	3	43	309	71	335	1.67e-76	234
EABAIN_00500	AAKGEC_08885	36.4	324	185	6	1	309	1	318	1.01e-61	196
EABAIN_00505	AMHKJB_02450	100	106	0	0	1	106	1	106	1.45e-71	205
EABAIN_00510	AANGNE_04635	79.9	383	77	0	1	383	1	383	2.20e-210	579
EABAIN_00515	AGINCK_11245	92.2	308	24	0	1	308	1	308	4.34e-205	560
EABAIN_00515	BGHOFK_05730	65.8	307	103	1	2	308	3	307	1.09e-141	399
EABAIN_00515	BGHOFK_04850	32.4	309	200	3	3	303	5	312	1.57e-48	162
EABAIN_00530	CNLKLD_04730	82.3	396	68	2	2	396	1	395	1.16e-246	672
EABAIN_00535	DDDLLA_09845	80.1	458	91	0	1	458	1	458	1.95e-268	732
EABAIN_00540	ABCLFC_00780	95.7	397	17	0	1	397	1	397	2.90e-265	719
EABAIN_00540	HNNKEJ_00615	41.8	385	220	2	4	385	8	391	6.44e-101	302
EABAIN_00545	JKPMLC_01570	99.5	189	1	0	1	189	1	189	7.41e-133	367
EABAIN_00550	HNNKEJ_11135	88.0	117	14	0	1	117	22	138	2.25e-72	209
EABAIN_00555	BGHOFK_02105	91.4	267	23	0	1	267	1	267	4.24e-170	468
EABAIN_00560	DNKGCI_07875	79.0	314	54	4	1	304	1	312	7.14e-160	445
EABAIN_00560	AANGNE_00410	72.8	305	80	3	1	304	1	303	4.87e-144	404
EABAIN_00570	AJGINB_03135	99.7	301	1	0	1	301	1	301	1.70e-222	603
EABAIN_00575	AAKGEC_04820	100	88	0	0	1	88	1	88	2.66e-62	180
EABAIN_00580	AAKGEC_04825	99.3	143	1	0	1	143	1	143	4.59e-98	275
EABAIN_00585	ANIMCG_00600	100	91	0	0	17	107	23	113	1.28e-61	180
EABAIN_00590	AAKGEC_04835	99.5	183	1	0	1	183	1	183	8.28e-134	369
EABAIN_00595	MNCDBI_02505	94.5	275	1	1	1	261	1	275	6.55e-182	497
EABAIN_00600	FMHHMN_08380	94.3	106	3	1	1	103	1	106	1.44e-69	200
EABAIN_00605	CDIIGJ_09055	76.9	260	58	1	1	260	1	258	1.25e-136	382
EABAIN_00610	AAKGEC_04855	99.4	181	1	0	1	181	1	181	5.84e-133	366
EABAIN_00615	CNLKLD_04720	77.0	647	143	5	3	646	1	644	0.0	1034
EABAIN_00615	AANGNE_09435	74.7	647	160	3	3	646	2	647	0.0	1007
EABAIN_00620	ABCBPP_00885	96.2	106	4	0	1	106	12	117	2.15e-74	213
EABAIN_00625	DGMGJF_06725	87.0	2011	231	2	1	1980	1	2011	0.0	3336
EABAIN_00625	BEIAAA_02935	33.9	702	386	23	1192	1829	1386	2073	9.22e-80	290
EABAIN_00630	ACPHPF_04830	46.2	344	171	8	14	354	6	338	3.12e-86	263
EABAIN_00630	IAAGLG_06900	39.7	340	199	4	16	354	10	344	6.92e-82	252
EABAIN_00630	DKACCG_04410	41.4	326	177	6	30	354	22	334	5.48e-74	231
EABAIN_00650	AAKGEC_04900	100	106	0	0	1	106	1	106	3.16e-76	217
EABAIN_00660	CEPOIM_03315	95.3	297	13	1	1	296	1	297	6.53e-201	548
EABAIN_00665	ABCBPP_01625	100	526	0	0	1	526	1	526	0.0	912
EABAIN_00670	ABCBPP_01630	100	254	0	0	1	254	1	254	1.61e-182	498
EABAIN_00670	HNNKEJ_08245	34.0	238	155	1	1	236	9	246	3.51e-47	154
EABAIN_00675	AAKGEC_07240	97.3	299	8	0	1	299	12	310	8.37e-201	548
EABAIN_00675	BPNNAG_07700	32.4	287	193	1	8	294	8	293	3.10e-47	157
EABAIN_00680	CEPOIM_03315	96.0	297	11	1	1	296	1	297	1.13e-201	550
EABAIN_00705	ABCBPP_13740	34.7	242	151	3	1	238	1	239	1.29e-48	159
EABAIN_00720	CFHHLL_10515	88.7	115	13	0	1	115	1	115	4.77e-72	207
EABAIN_00725	AKOOIJ_12720	98.8	488	6	0	1	488	58	545	0.0	943
EABAIN_00725	DOHOGG_04665	67.5	474	150	1	9	478	2	475	4.26e-230	637
EABAIN_00725	ABJDJH_14140	62.6	481	177	1	1	478	1	481	3.13e-218	607
EABAIN_00730	ABIMCM_02695	33.9	286	176	7	1	283	2	277	6.28e-51	166
EABAIN_00755	FIJOGA_03665	84.8	230	29	1	1	224	1	230	9.96e-145	400
EABAIN_00760	ABCBPP_13010	100	100	0	0	1	100	1	100	2.58e-70	201
EABAIN_00775	AGDPFD_10765	90.4	115	11	0	8	122	17	131	1.81e-71	206
EABAIN_00780	AAKGEC_07025	81.2	191	36	0	1	191	1	191	6.72e-112	314
EABAIN_00785	AAKGEC_07020	83.3	114	19	0	1	114	1	114	4.67e-66	192
EABAIN_00795	HEDEDB_08195	79.2	106	18	1	1	106	1	102	6.30e-55	163
EABAIN_00800	NMIFFA_05295	91.3	184	16	0	1	184	1	184	9.47e-104	299
EABAIN_00810	AGINCK_02330	94.0	100	5	1	1	99	1	100	1.75e-61	179
EABAIN_00815	NGIILC_01340	74.7	158	36	1	1	158	1	154	5.33e-76	220
EABAIN_00820	EAKCFB_11090	96.8	557	18	0	1	557	1	557	0.0	1056
EABAIN_00840	ABIMCM_06510	100	152	0	0	2	153	11	162	1.61e-98	277
EABAIN_00845	ACIHME_07450	95.1	384	19	0	1	384	35	418	7.51e-273	738
EABAIN_00855	AAKGEC_06960	95.4	109	5	0	1	109	1	109	4.61e-75	214
EABAIN_00860	AAKGEC_06955	82.5	103	18	0	1	103	1	103	1.41e-55	164
EABAIN_00865	ABJDJH_12205	84.7	85	13	0	1	85	8	92	1.42e-53	158
EABAIN_00880	AGDPFD_10850	97.4	416	11	0	1	416	14	429	2.43e-280	759
EABAIN_00885	AAKGEC_04515	98.9	87	1	0	1	87	1	87	2.39e-60	175
EABAIN_00890	BIHALF_02460	80.7	135	26	0	1	135	1	135	1.12e-77	223
EABAIN_00895	ABCBPP_01860	98.8	867	10	0	1	867	1	867	0.0	1677
EABAIN_00895	FGEEDJ_07095	49.1	866	440	1	3	867	4	869	2.62e-294	831
EABAIN_00900	ABCBPP_01865	95.1	719	35	0	2	720	2	720	0.0	1167
EABAIN_00900	IFDCOA_05220	51.2	545	252	3	2	533	2	545	4.51e-155	463
EABAIN_00905	MKICBC_13355	95.7	347	15	0	1	347	1	347	1.72e-247	671
EABAIN_00905	HMJMNM_07675	61.3	137	47	2	212	347	133	264	4.45e-55	178
EABAIN_00910	ABCBPP_01875	96.9	163	5	0	1	163	1	163	7.00e-114	317
EABAIN_00935	AAKGEC_04910	100	382	0	0	1	382	1	382	1.72e-296	796
EABAIN_00940	ABCLFC_00950	89.6	230	23	1	1	230	1	229	7.76e-146	403
EABAIN_00940	AGCFKM_01405	48.5	231	109	4	5	228	9	236	3.61e-65	199
EABAIN_00945	AAKGEC_04920	99.7	393	1	0	1	393	1	393	1.08e-275	745
EABAIN_00945	CPNLII_09420	66.3	392	129	1	2	393	3	391	5.75e-179	500
EABAIN_00945	AANGNE_07910	48.5	404	195	5	2	393	3	405	4.64e-121	353
EABAIN_00950	OOHJDG_00740	98.6	144	2	0	1	144	1	144	1.41e-100	281
EABAIN_00955	EKFMNI_01615	98.5	266	1	1	1	263	1	266	8.59e-190	517
EABAIN_00970	AAKGEC_04945	99.8	527	1	0	1	527	1	527	0.0	987
EABAIN_00970	NDBEOE_00460	47.2	477	247	3	56	527	59	535	1.82e-143	421
EABAIN_00975	AAKGEC_04950	99.8	404	1	0	1	404	1	404	8.99e-301	809
EABAIN_00975	AANGNE_07435	27.0	400	266	10	10	399	8	391	3.38e-43	152
EABAIN_00980	AAKGEC_04955	99.6	262	1	0	1	262	1	262	3.95e-187	510
EABAIN_00985	AAKGEC_04960	99.0	101	1	0	1	101	1	101	5.20e-66	191
EABAIN_00990	AANGNE_00455	80.6	484	94	0	1	484	1	484	2.18e-277	757
EABAIN_00995	AAKGEC_04970	99.5	200	1	0	1	200	1	200	3.18e-144	396
EABAIN_01000	AAKGEC_04975	99.8	477	1	0	1	477	1	477	0.0	941
EABAIN_01010	BPNIAE_10600	98.6	499	7	0	1	499	1	499	0.0	947
EABAIN_01010	AANGNE_04615	65.7	498	162	1	1	498	1	489	7.30e-229	635
EABAIN_01015	DDDLLA_09760	80.9	444	85	0	1	444	9	452	1.11e-251	689
EABAIN_01025	AAKGEC_05000	100	177	0	0	1	177	1	177	1.28e-125	347
EABAIN_01025	AANGNE_00475	56.8	169	72	1	1	169	1	168	8.38e-63	188
EABAIN_01030	BMNCPF_07660	100	228	0	0	1	228	1	228	1.15e-160	441
EABAIN_01030	AANGNE_00480	59.6	230	93	0	1	230	1	230	3.09e-99	285
EABAIN_01035	AAKGEC_05010	100	143	0	0	1	143	1	143	8.58e-103	287
EABAIN_01035	AANGNE_04425	56.0	141	62	0	1	141	1	141	6.21e-59	176
EABAIN_01040	AAKGEC_05015	97.7	350	8	0	1	350	1	350	6.24e-251	679
EABAIN_01040	DDKKPM_02930	59.2	343	124	2	10	350	10	338	1.10e-141	402
EABAIN_01045	DDDLLA_09725	82.6	363	63	0	1	363	1	363	4.56e-227	620
EABAIN_01045	ACDDAG_09855	53.6	358	165	1	1	358	1	357	1.40e-139	398
EABAIN_01050	CGMKCF_11750	99.2	494	3	1	1	494	1	493	0.0	934
EABAIN_01050	DDKKPM_03600	29.1	491	272	9	1	487	1	419	1.75e-53	183
EABAIN_01050	AANGNE_03570	30.2	480	270	13	8	482	5	424	3.67e-53	182
EABAIN_01050	FMNMPI_06710	26.9	490	286	10	12	492	35	461	3.35e-47	167
EABAIN_01050	HNNKEJ_05840	31.4	436	244	15	80	488	45	452	3.08e-44	159
EABAIN_01050	NGIILC_02175	30.5	407	238	11	96	494	69	438	1.05e-42	154
EABAIN_01065	BGHOFK_02325	88.1	478	57	0	1	478	1	478	0.0	915
EABAIN_01065	DAEIAJ_08645	38.2	492	258	9	9	476	3	472	1.15e-111	335
EABAIN_01065	ACDDAG_07275	35.3	496	278	10	4	478	5	478	1.24e-99	304
EABAIN_01065	DDDLLA_10775	37.2	494	263	14	9	478	3	473	9.23e-99	302
EABAIN_01065	AANGNE_08355	35.1	498	274	9	8	478	2	477	5.75e-95	292
EABAIN_01065	BNPKDP_04435	33.1	472	271	10	10	478	6	435	1.83e-87	271
EABAIN_01065	BIFMNE_04180	31.7	479	285	10	6	477	1	444	2.20e-76	243
EABAIN_01070	AAKGEC_05045	99.3	150	1	0	1	150	1	150	1.15e-108	302
EABAIN_01075	ABJDJH_00635	83.7	233	37	1	5	236	28	260	5.00e-137	382
EABAIN_01080	AAKGEC_05055	100	153	0	0	2	154	2	154	5.22e-107	298
EABAIN_01085	AAKGEC_05060	99.6	447	2	0	1	447	1	447	0.0	894
EABAIN_01085	FFDIKI_02450	64.4	447	149	5	1	447	1	437	2.61e-207	577
EABAIN_01090	ABCBPP_01045	78.2	252	54	1	1	252	1	251	1.19e-116	331
EABAIN_01090	DFJEHO_06595	70.3	138	41	0	3	140	3	140	1.04e-72	218
EABAIN_01095	DFCDFN_08850	89.2	352	38	0	8	359	13	364	1.11e-234	639
EABAIN_01100	AAKGEC_05075	100	203	0	0	1	203	1	203	5.69e-144	396
EABAIN_01100	AANGNE_00535	70.9	203	59	0	1	203	1	203	4.54e-102	290
EABAIN_01100	OOKIAJ_04960	44.3	203	93	1	1	203	1	183	8.85e-57	174
EABAIN_01105	ABCLFC_01100	95.8	330	14	0	7	336	8	337	3.58e-225	612
EABAIN_01105	AAKGEC_09715	36.4	321	194	3	14	334	7	317	9.90e-66	207
EABAIN_01105	AANGNE_06705	35.3	323	199	3	13	335	6	318	2.13e-61	196
EABAIN_01110	ABCBPP_01065	100	301	0	0	1	301	1	301	7.10e-205	558
EABAIN_01110	AANGNE_03525	42.6	237	120	3	1	222	17	252	5.30e-52	171
EABAIN_01115	AAKGEC_05090	98.4	374	6	0	1	374	1	374	9.84e-254	689
EABAIN_01125	EHLNLG_02765	94.6	709	20	1	1	709	1	691	0.0	1284
EABAIN_01125	BNBIEO_07085	70.0	706	190	3	1	702	1	688	0.0	965
EABAIN_01130	AAKGEC_05105	99.3	152	1	0	1	152	1	152	1.02e-103	290
EABAIN_01130	DBFGIH_04200	64.5	152	53	1	1	151	1	152	1.40e-63	189
EABAIN_01135	BGHOFK_03980	82.3	141	25	0	2	142	3	143	5.11e-88	249
EABAIN_01135	CFKGLB_00695	67.9	140	45	0	3	142	7	146	4.96e-71	207
EABAIN_01140	AANGNE_00560	87.4	557	66	2	1	554	1	556	0.0	940
EABAIN_01145	ABCLFC_01135	98.4	122	2	0	1	122	23	144	2.21e-77	222
EABAIN_01155	AAKGEC_05130	99.5	219	1	0	1	219	1	219	1.96e-152	419
EABAIN_01155	BNBIEO_04925	53.6	220	96	3	1	219	1	215	2.47e-75	223
EABAIN_01160	LBKFJK_07305	93.7	287	18	0	1	287	36	322	1.79e-196	537
EABAIN_01165	BDNBEJ_06200	100	90	0	0	1	90	1	90	1.24e-70	201
EABAIN_01170	AANGNE_00600	91.3	195	17	0	1	195	1	195	6.12e-134	370
EABAIN_01175	ABCBPP_01130	98.8	83	1	0	1	83	1	83	1.68e-59	173
EABAIN_01180	LPKMGL_09325	93.1	348	23	1	1	348	78	424	4.26e-244	664
EABAIN_01185	EGEBJK_02625	47.6	595	290	5	2	594	3	577	3.00e-204	580
EABAIN_01190	CCDPJE_04245	55.1	673	289	5	431	1094	329	997	2.44e-251	734
EABAIN_01190	AGDPFD_00585	47.9	365	188	2	3	366	2	365	2.68e-117	365
EABAIN_01195	BEGPPK_01230	99.0	299	3	0	1	299	15	313	7.12e-221	599
EABAIN_01195	AANGNE_00880	53.0	281	130	1	1	279	1	281	5.81e-102	297
EABAIN_01200	IAFHMK_10095	74.2	380	96	1	1	378	1	380	4.27e-213	586
EABAIN_01205	BJIKCJ_09010	76.2	311	73	1	1	310	1	311	5.04e-180	496
EABAIN_01210	AAKGEC_05170	81.4	269	50	0	1	269	1	269	7.06e-157	434
EABAIN_01215	CNLKLD_03340	78.7	403	79	2	3	398	2	404	1.43e-225	619
EABAIN_01215	AAOIOD_07790	69.9	319	86	4	6	319	4	317	2.10e-151	430
EABAIN_01215	ABJDJH_11950	40.4	245	138	4	1	242	8	247	8.63e-57	190
EABAIN_01220	AAKGEC_05180	67.8	456	146	1	3	457	3	458	8.67e-229	632
EABAIN_01225	AAKGEC_05185	56.8	324	112	2	1	303	1	317	1.18e-128	366
EABAIN_01225	CCDPJE_04245	54.0	272	120	2	1	269	1	270	2.19e-92	291
EABAIN_01230	EGEBJK_02625	58.5	578	237	2	5	579	3	580	1.01e-252	703
EABAIN_01245	AGDPFD_00605	72.7	315	85	1	1	315	1	314	7.13e-168	466
EABAIN_01250	AAKGEC_05205	76.1	347	83	0	5	351	2	348	1.55e-191	528
EABAIN_01260	ALNFEK_01490	42.3	274	152	4	3	272	2	273	3.41e-70	215
EABAIN_01285	ACDDAG_04780	50.1	465	232	0	10	474	4	468	5.78e-156	448
EABAIN_01290	ABJDJH_11990	86.1	374	52	0	1	374	8	381	8.71e-256	694
EABAIN_01300	CCDPJE_04290	37.5	448	259	6	20	464	18	447	1.51e-84	264
EABAIN_01305	AJGINB_03555	67.8	320	101	2	1	320	1	318	2.96e-146	430
EABAIN_01305	AGDPFD_00650	53.8	251	103	5	76	324	104	343	5.92e-71	231
EABAIN_01310	AAKGEC_05260	100	493	0	0	1	493	1	493	0.0	948
EABAIN_01315	HNNKEJ_11700	82.9	391	47	3	11	400	1	372	2.28e-235	642
EABAIN_01320	AAKGEC_05270	100	167	0	0	1	167	1	167	4.72e-123	340
EABAIN_01325	AAKGEC_05275	99.5	414	2	0	1	414	1	414	4.75e-292	788
EABAIN_01330	AAKGEC_05280	98.1	104	2	0	1	104	1	104	9.19e-66	190
EABAIN_01335	DDDLLA_04545	77.9	199	43	1	5	203	1	198	1.45e-113	319
EABAIN_01335	AANGNE_09505	68.8	199	60	1	5	203	1	197	1.43e-99	283
EABAIN_01340	AAKGEC_05290	100	196	0	0	1	196	1	196	2.25e-142	391
EABAIN_01345	AAKGEC_05295	100	141	0	0	1	141	1	141	3.79e-96	270
EABAIN_01350	HNNKEJ_11755	83.2	119	20	0	1	119	7	125	1.79e-69	201
EABAIN_01355	ABCLFC_01315	93.4	244	16	0	1	244	33	276	3.91e-172	472
EABAIN_01355	DBFGIH_03085	63.9	241	85	1	4	244	5	243	1.60e-115	327
EABAIN_01360	BJLDLK_06240	85.1	395	48	1	1	384	1	395	2.28e-241	658
EABAIN_01360	FMFGKO_09240	57.9	385	135	3	1	384	1	359	2.31e-150	426
EABAIN_01365	AAKGEC_05315	100	141	0	0	1	141	1	141	5.13e-85	242
EABAIN_01370	ABCLFC_01325	98.7	239	2	1	1	238	1	239	1.12e-163	449
EABAIN_01375	AAKGEC_05325	99.1	213	2	0	1	213	1	213	5.03e-152	417
EABAIN_01375	AANGNE_02325	55.6	207	91	1	3	208	4	210	3.19e-75	223
EABAIN_01380	AAKGEC_05330	100	219	0	0	1	219	1	219	1.02e-163	447
EABAIN_01385	AGINCK_05770	99.0	302	3	0	1	302	1	302	3.83e-216	587
EABAIN_01390	AAKGEC_05340	99.4	181	1	0	1	181	1	181	2.46e-125	347
EABAIN_01395	AMNNAF_11335	99.2	472	4	0	2	473	15	486	2.24e-320	865
EABAIN_01395	AANGNE_01905	30.4	471	323	2	2	469	15	483	1.17e-63	211
EABAIN_01400	ABCLFC_01365	94.8	116	6	0	1	116	1	116	1.96e-66	193
EABAIN_01410	AAKGEC_05360	100	270	0	0	1	270	1	270	4.61e-190	518
EABAIN_01410	EHLNLG_11535	38.0	263	153	2	3	261	2	258	4.07e-55	176
EABAIN_01410	AANGNE_03790	36.4	258	154	2	4	257	2	253	3.08e-51	166
EABAIN_01415	BGHOFK_02640	99.2	398	3	0	1	398	17	414	7.01e-283	764
EABAIN_01420	ABCBPP_01400	97.9	328	7	0	1	328	1	328	1.02e-238	646
EABAIN_01420	BJIKCJ_08765	43.5	329	182	3	2	328	5	331	9.56e-85	256
EABAIN_01425	GNPDOB_08160	94.1	188	3	1	1	180	1	188	1.75e-124	345
EABAIN_01430	BJIKCJ_08765	98.8	329	4	0	2	330	4	332	1.13e-232	631
EABAIN_01430	ABCBPP_01400	43.8	329	181	3	3	329	2	328	9.94e-87	261
EABAIN_01435	AAKGEC_05385	97.9	192	4	0	1	192	1	192	3.87e-132	365
EABAIN_01440	AAKGEC_05390	100	123	0	0	1	123	1	123	1.77e-81	231
EABAIN_01445	AAKGEC_05395	99.3	135	1	0	1	135	1	135	6.68e-91	261
EABAIN_01455	ABNNBP_02230	93.0	460	31	1	1	459	1	460	0.0	872
EABAIN_01455	CNLKLD_07660	62.1	462	168	4	2	459	10	468	3.71e-214	595
EABAIN_01460	HKDBOC_09260	100	215	0	0	1	215	1	215	6.65e-146	402
EABAIN_01465	CGMKCF_05070	100	248	0	0	1	248	13	260	6.59e-175	478
EABAIN_01465	AANGNE_09825	59.1	235	93	1	1	235	1	232	2.39e-96	279
EABAIN_01470	AAKGEC_05415	99.4	325	2	0	1	325	1	325	4.35e-215	589
EABAIN_01470	FDILLL_09550	47.7	325	145	7	1	319	1	306	8.65e-75	230
EABAIN_01475	HNNKEJ_11810	77.2	394	85	1	1	389	1	394	5.38e-220	604
EABAIN_01475	AANGNE_09280	71.7	389	110	0	1	389	1	389	1.91e-200	554
EABAIN_01480	AAKGEC_05425	99.4	640	4	0	1	640	1	640	0.0	1266
EABAIN_01490	CDIIGJ_09670	78.8	425	89	1	1	424	1	425	2.73e-237	650
EABAIN_01490	AANGNE_09260	71.0	420	121	1	6	424	2	421	1.73e-211	585
EABAIN_01495	FGPNLL_01315	85.8	275	32	1	1	275	1	268	1.82e-158	438
EABAIN_01500	AAKGEC_05445	99.3	137	1	0	1	137	1	137	1.45e-98	276
EABAIN_01505	ABNNBP_02275	86.8	608	62	2	1	608	1	590	0.0	987
EABAIN_01505	BNBIEO_02540	32.1	588	367	8	14	592	40	604	5.26e-91	290
EABAIN_01505	AAKGEC_05730	32.4	596	361	8	12	592	11	579	2.13e-90	288
EABAIN_01505	HNNKEJ_11875	24.0	625	424	9	6	589	21	635	2.99e-56	197
EABAIN_01505	NGAPDN_04410	25.0	571	396	9	22	589	46	587	1.46e-55	195
EABAIN_01505	AANGNE_01510	24.8	549	364	10	54	589	66	578	9.20e-52	184
EABAIN_01505	AANGNE_08905	25.4	560	386	8	36	587	158	693	1.36e-49	180
EABAIN_01505	HNNKEJ_12255	26.7	509	342	8	86	587	220	704	1.00e-46	172
EABAIN_01505	LBKFJK_02080	25.5	552	377	9	49	587	71	601	1.49e-43	161
EABAIN_01505	AAKGEC_01790	26.3	605	388	15	21	610	25	586	1.72e-42	158
EABAIN_01505	AMLBPA_01235	23.4	529	355	11	61	573	225	719	2.44e-40	153
EABAIN_01510	HNNKEJ_11875	79.9	636	117	2	1	625	1	636	0.0	964
EABAIN_01510	AANGNE_08905	38.6	528	298	5	104	623	185	694	4.49e-117	361
EABAIN_01510	HNNKEJ_12255	36.8	527	311	5	103	623	195	705	5.34e-105	330
EABAIN_01510	NGAPDN_04410	32.9	502	318	5	123	622	101	585	2.84e-79	259
EABAIN_01510	AANGNE_01510	30.7	525	345	4	100	622	69	576	5.59e-79	258
EABAIN_01510	LBKFJK_02080	31.5	496	335	4	129	622	109	601	5.54e-77	253
EABAIN_01510	AAKGEC_01790	31.4	487	316	5	139	622	102	573	5.80e-73	243
EABAIN_01510	BNBIEO_02540	30.1	539	338	7	101	625	89	602	8.02e-72	239
EABAIN_01510	AAKGEC_05730	28.1	598	399	11	35	625	4	577	3.55e-67	226
EABAIN_01510	ABNNBP_02275	27.3	553	383	6	76	624	34	571	1.19e-61	212
EABAIN_01515	ABCLFC_01505	89.1	221	20	1	1	217	1	221	2.97e-131	365
EABAIN_01520	MFNPDC_09835	76.7	335	75	1	3	337	2	333	2.47e-193	532
EABAIN_01520	AANGNE_06170	48.4	337	171	3	5	339	2	337	1.76e-116	338
EABAIN_01530	AANGNE_09235	83.5	158	26	0	1	158	1	158	4.36e-99	279
EABAIN_01535	AAKGEC_05480	98.7	154	2	0	1	154	1	154	2.13e-115	320
EABAIN_01540	AAKGEC_05485	100	281	0	0	1	281	1	281	2.24e-207	563
EABAIN_01540	AANGNE_05130	44.3	282	144	5	4	281	3	275	3.56e-70	215
EABAIN_01540	ABCBPP_06850	43.3	277	148	5	7	281	7	276	5.19e-70	214
EABAIN_01540	ABNNBP_07265	42.3	286	142	7	6	281	3	275	4.49e-61	192
EABAIN_01540	AAKGEC_11745	40.9	264	144	4	8	269	6	259	5.65e-61	191
EABAIN_01540	CGMKCF_02875	39.2	278	132	5	9	281	3	248	3.82e-59	186
EABAIN_01545	AAKGEC_05490	100	170	0	0	1	170	1	170	8.42e-123	340
EABAIN_01550	AAKGEC_05495	99.5	182	1	0	1	182	1	182	2.37e-128	355
EABAIN_01550	AANGNE_04970	66.5	182	60	1	1	181	1	182	1.55e-85	246
EABAIN_01555	AAKGEC_05500	100	94	0	0	1	94	1	94	3.00e-64	186
EABAIN_01560	CGMKCF_05690	95.5	445	14	1	1	439	1	445	2.31e-258	705
EABAIN_01565	LBKFJK_08495	84.6	741	106	2	15	747	15	755	0.0	1280
EABAIN_01570	DNKGCI_10790	80.8	203	35	1	1	199	1	203	6.40e-124	345
EABAIN_01575	ABCLFC_01570	79.2	168	35	0	1	168	1	168	6.91e-94	266
EABAIN_01575	BDGMGM_05820	56.4	165	68	1	1	165	1	161	1.95e-56	172
EABAIN_01580	KEMHDF_01420	99.1	422	4	0	1	422	1	422	2.89e-301	812
EABAIN_01580	DBMAKJ_12120	55.5	416	177	6	5	413	4	418	7.63e-151	432
EABAIN_01590	AANGNE_09170	76.5	277	64	1	1	277	1	276	1.12e-150	419
EABAIN_01590	CNLKLD_04630	32.5	280	181	4	4	275	1	280	6.93e-45	150
EABAIN_01595	CNLKLD_04630	74.8	278	68	2	1	277	1	277	1.77e-144	404
EABAIN_01600	AANGNE_09160	83.1	266	45	0	1	266	1	266	1.95e-155	430
EABAIN_01605	EIIOFH_04115	100	203	0	0	1	203	1	203	1.38e-148	408
EABAIN_01610	BGHOFK_02850	71.9	256	47	4	1	256	1	231	9.29e-66	201
EABAIN_01615	AAKGEC_05560	99.2	384	3	0	1	384	1	384	1.75e-281	759
EABAIN_01615	AAOIOD_01845	58.6	367	151	1	4	369	8	374	9.77e-161	453
EABAIN_01615	ABCBPP_13855	32.0	375	236	9	4	366	18	385	3.34e-56	186
EABAIN_01620	ABNNBP_02420	78.4	370	80	0	3	372	4	373	7.46e-206	566
EABAIN_01620	DBJPJM_06415	43.9	198	110	1	173	370	277	473	3.27e-50	172
EABAIN_01640	AGDPFD_07695	93.1	203	14	0	1	203	20	222	9.47e-136	376
EABAIN_01645	LBKFJK_08390	78.2	712	146	1	1	712	1	703	0.0	1060
EABAIN_01650	BPNNAG_02670	98.0	147	3	0	1	147	21	167	6.39e-109	303
EABAIN_01650	PELOCJ_04500	64.5	141	46	2	2	140	1	139	5.44e-66	194
EABAIN_01655	AAKGEC_05600	99.1	344	3	0	1	344	1	344	5.32e-249	673
EABAIN_01655	CCDPJE_04485	71.5	347	94	3	1	344	1	345	8.85e-179	496
EABAIN_01660	DIBOGN_01240	81.6	217	27	1	1	217	1	204	1.13e-87	254
EABAIN_01665	ENIHOO_01595	99.8	561	0	1	1	560	1	561	0.0	1101
EABAIN_01665	CEFOCI_09510	35.8	551	345	6	12	556	4	551	2.13e-121	366
EABAIN_01670	ABCLFC_01695	93.9	82	5	0	1	82	2	83	8.57e-52	153
EABAIN_01675	AAKGEC_05620	98.8	241	3	0	1	241	1	241	4.74e-164	450
EABAIN_01675	AANGNE_08965	66.0	241	77	2	1	241	1	236	1.77e-107	306
EABAIN_01680	BGHOFK_04625	88.8	188	21	0	1	188	1	188	1.62e-123	343
EABAIN_01680	AANGNE_08960	59.6	188	71	1	1	188	1	183	3.01e-79	231
EABAIN_01685	AAKGEC_05630	100	156	0	0	1	156	1	156	4.63e-111	309
EABAIN_01690	AANGNE_08950	80.7	342	62	3	1	341	1	339	1.94e-193	533
EABAIN_01700	KEMHDF_01815	98.9	95	1	0	1	95	1	95	3.06e-65	188
EABAIN_01705	LCPCCG_07505	94.1	253	3	1	1	253	1	241	2.30e-165	454
EABAIN_01705	AANGNE_08940	54.0	250	113	1	6	253	16	265	7.75e-90	263
EABAIN_01710	ABCBPP_02025	99.4	349	2	0	1	349	1	349	3.73e-247	669
EABAIN_01715	AAKGEC_05665	100	246	0	0	1	246	1	246	4.08e-172	471
EABAIN_01715	AANGNE_02185	39.4	216	122	3	18	233	20	226	1.62e-47	154
EABAIN_01720	COJBJG_01010	88.9	270	30	0	1	270	1	270	2.99e-159	440
EABAIN_01725	ABCLFC_01785	94.8	269	14	0	1	269	5	273	2.58e-176	483
EABAIN_01725	COJBJG_01010	44.8	270	137	6	1	269	14	272	6.62e-57	180
EABAIN_01730	ABCLFC_01790	77.3	519	118	0	1	519	2	520	6.51e-302	822
EABAIN_01740	ANFPEE_06180	100	160	0	0	1	160	1	160	3.60e-115	320
EABAIN_01745	AAKGEC_05695	99.4	846	5	0	1	846	1	846	0.0	1667
EABAIN_01750	JEJJDG_08175	100	305	0	0	1	305	1	305	6.24e-211	578
EABAIN_01750	BEIAAA_05820	60.3	368	146	0	3	370	4	371	2.29e-151	431
EABAIN_01755	AAKGEC_05705	100	157	0	0	1	157	1	157	7.96e-108	301
EABAIN_01755	AANGNE_08920	53.7	147	68	0	8	154	4	150	7.93e-49	151
EABAIN_01760	BGHOFK_04575	81.0	421	79	1	1	421	1	420	8.51e-239	654
EABAIN_01760	BNBIEO_02545	62.0	421	139	2	4	424	7	406	2.58e-177	498
EABAIN_01760	DBFGIH_07550	52.7	281	133	0	9	289	9	289	5.26e-94	281
EABAIN_01765	AAKGEC_05715	100	116	0	0	1	116	1	116	1.50e-81	231
EABAIN_01770	AAKGEC_05730	88.9	579	64	0	1	579	1	579	0.0	981
EABAIN_01770	BNBIEO_02540	68.6	579	180	2	1	579	28	604	1.31e-269	746
EABAIN_01770	ABNNBP_02275	33.8	529	333	5	59	579	55	574	4.06e-93	294
EABAIN_01770	HNNKEJ_11875	28.3	615	391	12	2	577	33	636	2.09e-66	224
EABAIN_01770	AAKGEC_01790	32.6	420	278	2	157	575	159	574	1.09e-59	206
EABAIN_01770	AANGNE_08905	27.1	510	363	6	69	574	189	693	8.66e-54	191
EABAIN_01775	HNNKEJ_12255	84.6	708	65	5	1	664	1	708	0.0	1118
EABAIN_01775	AANGNE_08905	68.8	703	165	4	10	664	1	697	0.0	896
EABAIN_01775	HNNKEJ_11875	34.5	539	320	3	151	662	103	635	1.38e-104	328
EABAIN_01775	LBKFJK_02080	32.0	509	305	10	177	660	109	601	1.01e-72	243
EABAIN_01775	NGAPDN_04410	26.7	516	369	6	149	662	79	587	5.43e-65	222
EABAIN_01775	AAKGEC_01790	31.2	491	326	5	177	662	92	575	1.71e-63	218
EABAIN_01775	BNBIEO_02540	27.1	521	363	6	148	660	88	599	3.00e-61	212
EABAIN_01775	AMLBPA_01235	29.8	480	315	9	187	659	268	732	5.64e-56	199
EABAIN_01775	ABNNBP_02275	26.3	491	349	7	176	660	86	569	8.74e-51	182
EABAIN_01780	AIPJBK_01780	99.8	421	1	0	1	421	1	421	3.00e-297	802
EABAIN_01780	CNLKLD_04550	40.7	423	246	4	1	421	1	420	9.30e-105	313
EABAIN_01785	AAKGEC_05745	100	72	0	0	1	72	1	72	4.78e-51	150
EABAIN_01790	AAKGEC_05765	100	117	0	0	1	117	1	117	6.79e-70	202
EABAIN_01795	AAKGEC_05770	100	182	0	0	1	182	1	182	6.72e-119	331
EABAIN_01795	AANGNE_06285	55.2	181	81	0	1	181	1	181	5.98e-64	192
EABAIN_01800	BKOEEG_01850	94.9	158	8	0	1	158	30	187	2.15e-103	291
EABAIN_01805	BCIBOL_01580	97.7	175	4	0	1	175	1	175	1.73e-113	317
EABAIN_01805	AANGNE_08875	48.0	177	89	2	1	177	1	174	1.23e-47	150
EABAIN_01810	CGMKCF_02540	98.6	289	1	1	1	286	1	289	2.73e-193	528
EABAIN_01810	AAKGEC_05800	57.1	287	120	2	1	285	1	286	4.87e-109	314
EABAIN_01810	BAFONJ_06385	56.5	285	121	1	1	285	1	282	1.26e-106	308
EABAIN_01810	BEJELC_09410	52.1	288	135	2	1	285	1	288	6.50e-105	304
EABAIN_01815	CGMKCF_02540	75.3	288	68	1	1	285	1	288	1.72e-150	419
EABAIN_01815	BAFONJ_06385	61.5	286	107	1	1	286	1	283	1.01e-122	349
EABAIN_01815	AAKGEC_05800	59.9	287	112	2	1	285	1	286	1.63e-119	341
EABAIN_01815	BEJELC_09410	54.5	288	128	2	1	285	1	288	3.39e-112	322
EABAIN_01820	BEJELC_09410	98.5	275	2	1	1	273	14	288	5.83e-189	516
EABAIN_01820	AAKGEC_05800	54.6	273	122	2	1	273	16	286	1.23e-103	300
EABAIN_01820	CGMKCF_02540	54.3	265	120	1	9	273	25	288	2.23e-102	297
EABAIN_01820	BAFONJ_06385	50.9	275	132	3	1	273	9	282	9.15e-91	267
EABAIN_01825	AAKGEC_05800	100	286	0	0	1	286	1	286	1.91e-206	561
EABAIN_01825	CGMKCF_02540	56.6	290	120	2	1	286	1	288	1.15e-110	318
EABAIN_01825	BEJELC_09410	53.1	290	130	3	1	286	1	288	2.99e-108	312
EABAIN_01825	BAFONJ_06385	54.7	285	123	2	2	286	4	282	8.90e-107	308
EABAIN_01830	AAKGEC_05805	99.7	368	1	0	1	368	1	368	8.61e-258	697
EABAIN_01830	AANGNE_01045	64.9	362	113	2	3	360	2	353	6.39e-160	449
EABAIN_01830	AAKGEC_12175	40.5	257	132	5	4	260	5	240	2.11e-52	171
EABAIN_01830	AANGNE_02185	38.1	260	140	5	1	260	1	239	8.53e-52	169
EABAIN_01830	AAKGEC_12360	37.5	256	139	5	5	260	7	241	3.52e-47	157
EABAIN_01830	AANGNE_03680	39.7	257	137	7	4	260	1	239	4.82e-45	152
EABAIN_01835	AAKGEC_05810	100	231	0	0	1	231	1	231	1.23e-145	402
EABAIN_01835	AANGNE_01050	64.1	231	83	0	1	231	1	231	4.21e-95	275
EABAIN_01840	OCIPFJ_01930	96.2	182	7	0	1	182	7	188	5.44e-124	344
EABAIN_01845	PLDCIE_10175	86.0	565	61	1	1	565	1	547	0.0	944
EABAIN_01850	AAKGEC_05825	99.6	273	1	0	1	273	1	273	1.06e-125	355
EABAIN_01860	AGINCK_05250	99.2	250	2	0	1	250	10	259	1.97e-174	477
EABAIN_01860	AANGNE_02560	69.6	247	75	0	3	249	12	258	1.18e-120	341
EABAIN_01865	AAKGEC_05840	100	316	0	0	1	316	1	316	3.00e-209	570
EABAIN_01865	AANGNE_02565	59.9	297	119	0	20	316	20	316	1.74e-109	318
EABAIN_01865	AANGNE_08125	34.7	294	183	4	28	316	49	338	1.02e-45	155
EABAIN_01870	AAKGEC_05845	99.7	312	1	0	1	312	1	312	1.17e-204	558
EABAIN_01870	EIKFFD_08845	64.3	297	106	0	16	312	18	314	1.76e-127	363
EABAIN_01875	AAKGEC_05850	99.7	313	1	0	1	313	1	313	3.10e-205	560
EABAIN_01875	BLCAGE_02670	71.9	281	79	0	33	313	33	313	1.56e-146	412
EABAIN_01880	EHLNLG_10510	99.7	301	1	0	1	301	1	301	3.44e-217	589
EABAIN_01880	HNNKEJ_08150	28.2	301	214	2	2	300	4	304	1.03e-44	151
EABAIN_01885	BEIAAA_00140	80.3	390	77	0	1	390	1	390	4.20e-210	580
EABAIN_01890	CGMKCF_02875	88.6	272	7	1	1	272	1	248	7.55e-173	474
EABAIN_01890	AAKGEC_05485	43.7	279	142	5	3	272	9	281	3.46e-71	217
EABAIN_01890	ABNNBP_07265	45.8	260	130	5	2	257	5	257	6.28e-70	214
EABAIN_01890	ABCBPP_06850	40.8	260	148	3	3	260	9	264	5.03e-65	201
EABAIN_01890	AANGNE_05130	40.4	272	154	5	3	270	8	275	3.12e-63	197
EABAIN_01890	AAKGEC_11745	40.6	261	144	5	1	258	5	257	4.68e-63	196
EABAIN_01895	ACDDAG_03585	82.6	115	20	0	1	115	1	115	1.25e-68	199
EABAIN_01900	ABCBPP_02320	98.5	130	2	0	1	130	1	130	3.63e-91	256
EABAIN_01905	LKGJOH_01855	99.1	233	2	0	1	233	1	233	4.95e-175	477
EABAIN_01910	AAKGEC_05885	100	187	0	0	1	187	1	187	8.92e-140	384
EABAIN_01915	AANGNE_04950	71.1	509	146	1	2	509	1	509	3.58e-268	736
EABAIN_01915	CNLKLD_06545	72.4	511	137	4	1	509	1	509	1.19e-266	732
EABAIN_01915	MKCKPI_06015	33.3	306	189	6	209	506	21	319	9.63e-46	159
EABAIN_01920	OECBDL_03680	90.0	733	61	1	1	721	1	733	0.0	1255
EABAIN_01920	AANGNE_01075	56.8	703	292	5	25	719	20	718	1.44e-265	746
EABAIN_01925	AAKGEC_05900	100	198	0	0	1	198	1	198	5.08e-140	385
EABAIN_01930	ABCLFC_02025	97.1	349	10	0	1	349	56	404	2.04e-246	669
EABAIN_01935	IAFHMK_08880	71.7	441	123	2	1	440	1	440	5.53e-231	636
EABAIN_01935	AANGNE_01110	69.1	443	132	4	1	440	1	441	2.70e-217	601
EABAIN_01940	GCFKAO_09000	99.8	541	1	0	10	550	14	554	0.0	1058
EABAIN_01940	AANGNE_01115	55.6	556	241	3	1	550	1	556	2.76e-213	600
EABAIN_01940	BGHOFK_04425	55.6	554	233	4	1	550	7	551	1.83e-207	585
EABAIN_01940	DBDHAK_11915	46.4	554	285	4	1	549	13	559	1.51e-170	491
EABAIN_01945	BGHOFK_04425	91.7	545	45	0	1	545	7	551	0.0	991
EABAIN_01945	AANGNE_01115	57.5	558	222	6	1	545	1	556	2.85e-209	590
EABAIN_01945	GCFKAO_09000	57.1	536	217	4	19	545	23	554	5.17e-204	576
EABAIN_01945	DBDHAK_11915	45.0	545	297	3	1	542	13	557	1.82e-151	442
EABAIN_01950	AAKGEC_05925	100	303	0	0	1	303	1	303	3.52e-206	561
EABAIN_01950	AANGNE_01120	70.1	301	90	0	3	303	4	304	1.52e-145	408
EABAIN_01950	AAKGEC_11930	33.0	318	194	7	3	303	3	318	2.41e-45	153
EABAIN_01955	AAKGEC_05930	100	343	0	0	1	343	1	343	2.80e-239	649
EABAIN_01955	AANGNE_01125	68.6	344	107	1	1	343	1	344	1.68e-164	459
EABAIN_01960	BGHOFK_04410	97.1	348	10	0	1	348	1	348	1.31e-252	683
EABAIN_01960	ABCLFC_03590	47.1	276	145	1	6	281	17	291	4.14e-82	250
EABAIN_01960	AANGNE_01135	39.2	273	156	5	1	270	1	266	3.37e-58	187
EABAIN_01960	AAKGEC_11925	38.7	271	145	6	5	265	3	262	3.04e-54	177
EABAIN_01965	AANGNE_01135	77.8	311	67	1	1	311	1	309	1.32e-171	475
EABAIN_01965	AAKGEC_11925	50.0	236	115	2	28	263	30	262	5.38e-71	219
EABAIN_01965	BGHOFK_04410	42.6	272	149	5	2	268	1	270	1.61e-62	199
EABAIN_01965	ABCLFC_03590	38.6	246	145	4	27	267	35	279	7.63e-52	171
EABAIN_01970	DNKGCI_00780	87.4	524	63	2	1	523	1	522	0.0	914
EABAIN_01970	AAKGEC_04640	29.4	493	305	9	1	457	1	486	4.33e-59	204
EABAIN_01975	IAFHMK_08920	75.5	551	122	5	1	547	1	542	1.48e-266	734
EABAIN_01975	AAKGEC_08515	37.3	359	223	2	1	357	1	359	8.17e-74	238
EABAIN_01980	DDDLLA_05670	89.4	303	32	0	1	303	9	311	5.64e-198	541
EABAIN_01985	AAKGEC_05960	100	530	0	0	1	530	1	530	0.0	1077
EABAIN_01990	FHIFIE_05630	99.6	271	1	0	1	271	1	271	1.08e-198	540
EABAIN_01990	ACDDAG_05325	63.7	273	96	3	1	271	1	272	2.47e-124	352
EABAIN_01995	DNKGCI_11635	87.3	395	41	3	1	386	1	395	5.08e-234	639
EABAIN_01995	EIIOFH_10990	46.1	319	165	2	19	337	19	330	2.87e-93	280
EABAIN_02000	CDIIGJ_10240	81.3	459	84	1	1	457	1	459	4.51e-264	721
EABAIN_02000	PHNFPI_05015	61.9	454	165	1	7	452	5	458	2.77e-197	552
EABAIN_02000	JBKKJP_13050	35.1	388	239	6	13	393	14	395	2.44e-65	214
EABAIN_02000	BNBIEO_00300	30.5	374	255	5	16	386	12	383	2.11e-59	198
EABAIN_02000	AAKGEC_06030	32.5	397	251	6	7	393	2	391	4.20e-58	195
EABAIN_02000	DNKGCI_09195	33.9	354	218	6	4	345	3	352	2.56e-56	191
EABAIN_02005	PHNFPI_05015	99.8	458	1	0	1	458	1	458	0.0	893
EABAIN_02005	CDIIGJ_10240	64.0	453	157	3	6	458	8	454	2.20e-201	562
EABAIN_02005	JBKKJP_13050	38.2	356	201	7	9	357	12	355	1.35e-70	228
EABAIN_02005	AAKGEC_06030	36.9	363	210	5	4	358	1	352	9.29e-64	210
EABAIN_02005	DNKGCI_09195	35.2	369	216	6	1	357	1	358	1.09e-62	207
EABAIN_02005	BNBIEO_00300	30.0	387	258	6	7	390	5	381	7.33e-62	204
EABAIN_02005	FAKCMI_12975	27.3	461	305	7	4	458	1	437	1.65e-57	193
EABAIN_02010	ABCLFC_02110	82.4	108	19	0	1	108	19	126	4.06e-61	179
EABAIN_02015	BGHOFK_04355	75.0	108	27	0	1	108	1	108	5.80e-55	163
EABAIN_02020	AAKGEC_05995	100	172	0	0	1	172	1	172	2.93e-124	343
EABAIN_02020	CNOINH_01910	52.3	172	82	0	1	172	4	175	3.57e-61	184
EABAIN_02025	AANGNE_01215	80.7	197	38	0	1	197	1	197	3.27e-113	318
EABAIN_02030	AJCMKJ_02375	87.3	268	1	1	1	268	1	235	2.96e-159	439
EABAIN_02030	ACDDAG_07330	43.0	242	136	2	14	253	12	253	9.84e-64	197
EABAIN_02035	HNNKEJ_12795	90.7	226	21	0	1	226	4	229	2.93e-149	411
EABAIN_02040	DFCDFN_00335	81.9	270	49	0	1	270	2	271	4.49e-163	450
EABAIN_02040	AANGNE_01225	67.4	270	88	0	1	270	1	270	1.42e-138	388
EABAIN_02045	AIGDEK_07960	99.7	292	1	0	1	292	1	292	4.15e-215	583
EABAIN_02045	ACDDAG_05370	60.2	294	114	2	1	293	1	292	1.09e-130	370
EABAIN_02050	HNNKEJ_12810	77.5	275	60	2	4	276	2	276	5.18e-144	402
EABAIN_02050	AANGNE_01235	58.0	276	85	6	4	276	3	250	1.98e-90	265
EABAIN_02055	AAKGEC_06030	100	477	0	0	1	477	1	477	0.0	926
EABAIN_02055	JBKKJP_13050	67.5	474	152	2	4	477	10	481	4.97e-232	642
EABAIN_02055	DNKGCI_09195	57.2	474	195	5	6	475	10	479	7.71e-188	530
EABAIN_02055	PHNFPI_05015	36.9	363	210	5	1	352	4	358	1.88e-62	207
EABAIN_02055	CDIIGJ_10240	33.1	393	242	7	9	391	14	395	3.29e-58	196
EABAIN_02055	FAKCMI_12975	30.9	440	285	9	1	433	1	428	1.02e-54	186
EABAIN_02060	AAKGEC_06035	99.3	270	2	0	1	270	1	270	1.23e-194	530
EABAIN_02060	AANGNE_01250	61.5	234	54	2	1	234	1	198	4.82e-94	272
EABAIN_02065	AAKGEC_06040	99.1	325	3	0	1	325	1	325	4.47e-236	639
EABAIN_02065	AANGNE_01255	48.9	315	155	3	12	323	5	316	1.15e-105	308
EABAIN_02065	AANGNE_06505	34.6	298	190	4	12	305	34	330	1.98e-58	189
EABAIN_02070	DFCDFN_00400	84.6	494	75	1	1	494	1	493	8.24e-315	852
EABAIN_02075	AAKGEC_06050	98.2	272	5	0	1	272	1	272	3.79e-190	518
EABAIN_02075	ACDDAG_05200	52.4	271	129	0	1	271	1	271	5.78e-101	293
EABAIN_02075	JBKKJP_02305	52.4	271	129	0	1	271	1	271	1.31e-96	282
EABAIN_02080	BFMEKC_02065	99.1	346	3	0	1	346	1	346	2.17e-231	629
EABAIN_02080	AGDPFD_01255	72.4	330	86	2	18	344	23	350	9.95e-157	440
EABAIN_02085	AANGNE_00875	79.6	313	64	0	1	313	1	313	9.65e-185	508
EABAIN_02085	AANGNE_06610	46.9	307	161	2	6	311	6	311	1.06e-99	293
EABAIN_02085	BGHOFK_03765	40.4	322	180	4	1	314	1	318	6.76e-82	248
EABAIN_02085	AANGNE_02105	30.6	310	205	4	6	314	2	302	2.37e-49	163
EABAIN_02090	JBKKJP_02305	96.3	271	10	0	1	271	1	271	2.41e-186	509
EABAIN_02090	ACDDAG_05200	59.8	271	109	0	1	271	1	271	2.80e-116	332
EABAIN_02090	AAKGEC_06050	53.2	267	125	0	1	267	1	267	2.24e-98	286
EABAIN_02095	AAKGEC_06070	99.4	324	2	0	1	324	1	324	2.21e-215	587
EABAIN_02095	AANGNE_01080	58.3	309	129	0	2	310	1	309	7.65e-114	329
EABAIN_02100	BGHOFK_04275	87.5	407	48	1	3	406	35	441	1.47e-256	699
EABAIN_02105	KJCAIL_02750	96.7	479	3	2	1	466	1	479	1.70e-319	862
EABAIN_02105	IKDMIA_03030	71.9	467	130	1	1	466	1	467	1.66e-235	650
EABAIN_02110	AAKGEC_08370	100	201	0	0	1	201	1	201	1.63e-142	392
EABAIN_02110	AANGNE_04945	64.9	205	68	1	1	201	1	205	3.50e-92	265
EABAIN_02115	AAKGEC_08375	98.6	144	2	0	1	144	1	144	1.54e-101	284
EABAIN_02115	AANGNE_04625	60.4	144	57	0	1	144	1	144	1.80e-62	185
EABAIN_02120	PLDCIE_09900	96.3	680	24	1	1	680	1	679	0.0	1203
EABAIN_02120	AGDPFD_01270	66.4	682	225	2	2	679	2	683	2.08e-313	865
EABAIN_02120	DBFGIH_02225	57.7	683	284	4	1	679	1	682	2.28e-254	715
EABAIN_02125	AAKGEC_08385	100	156	0	0	1	156	1	156	2.19e-100	282
EABAIN_02130	AAKGEC_08390	99.3	419	3	0	1	419	1	419	4.50e-304	819
EABAIN_02135	ABCLFC_02260	88.4	805	89	1	1	801	1	805	0.0	1387
EABAIN_02135	AGHDIE_04215	64.7	812	263	7	1	794	1	806	0.0	1006
EABAIN_02135	AOEAIB_02700	31.6	560	319	16	124	675	133	636	4.91e-55	199
EABAIN_02135	HNNKEJ_09155	30.7	560	326	16	125	678	120	623	6.25e-54	196
EABAIN_02140	CNLKLD_00720	78.1	356	77	1	1	355	1	356	2.39e-205	564
EABAIN_02145	AAKGEC_08405	98.9	94	1	0	1	94	1	94	2.11e-64	186
EABAIN_02150	AAKGEC_08410	100	105	0	0	1	105	1	105	1.20e-75	215
EABAIN_02155	AAKGEC_08415	98.6	208	3	0	1	208	1	208	1.83e-147	405
EABAIN_02155	AANGNE_01340	65.9	208	70	1	1	208	1	207	1.34e-96	276
EABAIN_02160	AANGNE_03260	81.4	446	82	1	1	446	1	445	1.57e-267	729
EABAIN_02160	AAKGEC_02565	31.3	438	286	6	1	434	1	427	1.02e-59	198
EABAIN_02160	AAKGEC_07820	28.5	449	305	10	2	444	4	442	1.89e-42	154
EABAIN_02165	AAKGEC_08425	98.4	129	2	0	1	129	1	129	5.17e-86	243
EABAIN_02165	AANGNE_01345	54.3	129	59	0	1	129	1	129	3.32e-50	153
EABAIN_02170	AAKGEC_08430	100	94	0	0	1	94	1	94	1.18e-61	179
EABAIN_02175	AAKGEC_08435	100	542	0	0	1	542	1	542	0.0	998
EABAIN_02180	ENIHOO_02120	100	270	0	0	1	270	28	297	3.10e-199	542
EABAIN_02185	AAKGEC_08445	99.6	480	2	0	1	480	1	480	0.0	911
EABAIN_02185	AANGNE_01370	52.4	473	213	4	3	469	3	469	1.74e-162	465
EABAIN_02190	CNLKLD_02960	77.2	232	50	2	2	231	4	234	6.12e-127	355
EABAIN_02190	CNLKLD_03860	42.8	229	124	3	2	228	4	227	3.70e-59	183
EABAIN_02190	BGHOFK_04845	42.7	232	121	4	2	230	3	225	1.88e-55	174
EABAIN_02190	AGINCK_01445	38.6	228	125	4	2	228	3	216	3.56e-54	170
EABAIN_02190	ACDDAG_10670	40.3	226	129	3	3	226	4	225	1.90e-50	161
EABAIN_02190	CJHCCN_01640	36.8	234	139	3	1	230	13	241	1.10e-47	154
EABAIN_02190	BLCAGE_07870	38.0	216	130	2	4	218	5	217	4.29e-47	152
EABAIN_02195	EIIOFH_10725	99.5	211	1	0	1	211	33	243	4.18e-146	403
EABAIN_02200	AAKGEC_08460	99.7	286	1	0	1	286	1	286	3.03e-203	553
EABAIN_02200	AANGNE_01385	62.9	286	106	0	1	286	1	286	5.21e-128	362
EABAIN_02205	AAKGEC_08465	99.6	260	1	0	1	260	1	260	3.39e-187	510
EABAIN_02205	AANGNE_01390	59.5	257	104	0	1	257	1	257	4.65e-115	327
EABAIN_02210	AAKGEC_08470	100	108	0	0	1	108	1	108	3.66e-76	217
EABAIN_02215	AAKGEC_08475	99.3	291	2	0	1	291	1	291	9.39e-205	557
EABAIN_02225	AAKGEC_08485	100	310	0	0	1	310	1	310	1.26e-223	606
EABAIN_02230	EJHBKF_02395	99.4	318	2	0	1	318	14	331	2.11e-220	599
EABAIN_02235	AAKGEC_08495	99.4	329	2	0	1	329	1	329	2.19e-229	622
EABAIN_02235	AANGNE_01435	58.0	319	122	1	10	328	11	317	5.08e-125	358
EABAIN_02240	ABCLFC_02380	88.2	347	41	0	1	347	2	348	2.77e-221	603
EABAIN_02240	AANGNE_01440	57.5	346	141	3	5	347	3	345	3.37e-138	393
EABAIN_02245	AANGNE_01445	77.2	206	43	2	1	206	1	202	1.38e-115	324
EABAIN_02250	DDDLLA_03355	78.1	794	160	3	2	781	4	797	0.0	1224
EABAIN_02255	AAKGEC_08515	99.8	446	1	0	1	446	1	446	5.24e-319	859
EABAIN_02255	IAFHMK_08920	39.6	331	198	2	1	331	1	329	8.30e-74	238
EABAIN_02260	AAKGEC_08520	97.9	194	4	0	1	194	1	194	6.41e-132	365
EABAIN_02260	AANGNE_01455	48.7	191	95	3	1	190	1	189	2.03e-50	158
EABAIN_02265	DNKGCI_02325	88.0	242	29	0	2	243	1	242	8.08e-154	425
EABAIN_02265	AAKGEC_07675	45.0	242	132	1	3	243	4	245	1.21e-76	229
EABAIN_02265	AANGNE_02385	44.2	242	133	1	2	241	1	242	4.29e-72	218
EABAIN_02270	DDDLLA_08905	89.7	107	11	0	1	107	1	107	2.46e-63	184
EABAIN_02275	AAKGEC_08535	100	116	0	0	1	116	1	116	9.76e-78	221
EABAIN_02280	DANMKC_02965	89.1	258	12	1	1	242	1	258	2.06e-160	441
EABAIN_02285	NGIILC_02175	98.7	449	2	1	1	445	1	449	0.0	867
EABAIN_02285	AANGNE_01470	62.6	436	163	0	1	436	1	436	1.06e-204	570
EABAIN_02285	HNNKEJ_05840	45.7	466	226	4	1	441	1	464	1.35e-141	410
EABAIN_02285	AANGNE_03570	33.0	448	279	9	8	443	7	445	8.94e-76	241
EABAIN_02285	DDKKPM_03600	30.6	458	274	12	4	445	7	436	1.08e-61	203
EABAIN_02285	CGMKCF_11750	30.2	397	236	10	69	429	96	487	5.08e-49	171
EABAIN_02285	FMNMPI_06710	28.1	445	272	16	24	445	50	469	3.26e-48	168
EABAIN_02290	CDIIGJ_10515	78.1	503	85	3	1	478	1	503	2.28e-301	818
EABAIN_02290	AANGNE_08355	53.2	485	212	6	1	478	1	477	1.69e-179	508
EABAIN_02290	DDDLLA_10775	50.6	488	216	5	1	478	1	473	2.32e-173	493
EABAIN_02290	DAEIAJ_08645	52.4	487	210	9	1	478	1	474	1.33e-169	483
EABAIN_02290	ACDDAG_07275	48.2	485	222	10	5	478	12	478	2.28e-161	462
EABAIN_02290	BGHOFK_02325	36.7	496	270	11	2	478	8	478	3.23e-100	306
EABAIN_02295	AAKGEC_08555	100	93	0	0	1	93	1	93	3.01e-68	196
EABAIN_02305	AAKGEC_00655	99.5	654	3	0	1	654	1	654	0.0	1257
EABAIN_02310	IAFHMK_01730	80.4	336	64	1	1	336	1	334	2.50e-196	540
EABAIN_02310	DBFGIH_01950	73.2	339	86	1	1	339	1	334	3.09e-183	506
EABAIN_02315	AAKGEC_00645	100	378	0	0	1	378	1	378	3.22e-274	740
EABAIN_02315	BGHOFK_03950	38.8	299	164	3	2	300	37	316	9.71e-64	207
EABAIN_02315	BNBIEO_02790	37.7	247	138	4	3	245	2	236	3.30e-46	156
EABAIN_02315	AAKGEC_07545	36.0	253	148	3	16	264	12	254	8.61e-45	153
EABAIN_02320	ABNNBP_03185	93.8	1223	76	0	1	1223	1	1223	0.0	2274
EABAIN_02325	AAKGEC_00635	99.7	292	1	0	1	292	1	292	3.79e-200	545
EABAIN_02330	HAGFLF_02785	100	319	0	0	1	319	1	319	2.29e-216	589
EABAIN_02330	AOEAIB_01860	58.2	316	132	0	1	316	1	316	2.49e-123	353
EABAIN_02335	DDDLLA_02215	86.1	452	63	0	1	452	1	452	1.75e-277	754
EABAIN_02340	AAKGEC_00620	100	238	0	0	1	238	1	238	2.57e-171	468
EABAIN_02340	CJHCCN_01520	60.8	237	93	0	1	237	24	260	8.40e-99	285
EABAIN_02345	BCFLNJ_00455	83.2	161	20	1	1	161	1	154	7.37e-93	263
EABAIN_02345	AANGNE_05915	61.5	161	62	0	1	161	1	161	4.83e-72	211
EABAIN_02350	BGHOFK_04665	84.5	524	68	5	1	520	1	515	5.99e-300	817
EABAIN_02350	DBFGIH_07715	65.6	523	167	6	1	519	1	514	7.79e-225	627
EABAIN_02350	AANGNE_08360	31.1	514	285	12	1	502	1	457	1.30e-54	191
EABAIN_02350	AJKPDP_02710	30.2	516	289	17	11	512	19	477	1.98e-47	171
EABAIN_02350	AAKGEC_03590	27.2	529	321	16	3	518	2	479	1.88e-40	151
EABAIN_02355	ABCBPP_02800	99.3	769	5	0	1	769	1	769	0.0	1526
EABAIN_02355	AANGNE_02530	26.2	799	500	31	1	765	8	750	2.01e-61	217
EABAIN_02355	ELEKDE_01320	27.3	798	481	30	6	765	13	749	2.87e-61	217
EABAIN_02360	GGBAMG_03330	92.3	220	17	0	1	220	1	220	8.29e-140	387
EABAIN_02360	AANGNE_02535	71.5	221	61	1	1	219	1	221	4.18e-102	291
EABAIN_02365	ABCBPP_02810	100	255	0	0	1	255	14	268	2.18e-204	553
EABAIN_02370	AAKGEC_00590	99.6	231	1	0	1	231	1	231	1.91e-86	253
EABAIN_02375	CDIIGJ_10595	87.9	149	17	1	7	154	1	149	8.05e-92	260
EABAIN_02375	CJHCCN_09475	71.1	149	42	1	7	154	6	154	1.68e-71	209
EABAIN_02380	AKPIPJ_05440	98.8	172	2	0	1	172	1	172	2.91e-122	338
EABAIN_02380	KJJMGA_01665	64.9	171	60	0	1	171	1	171	3.72e-78	227
EABAIN_02385	CDIIGJ_10600	82.8	390	66	1	10	399	1	389	1.36e-225	624
EABAIN_02385	DBFGIH_06595	65.2	394	129	4	10	401	1	388	1.86e-169	481
EABAIN_02385	AAKGEC_07325	53.7	389	147	5	39	399	46	429	4.84e-129	377
EABAIN_02395	AAKGEC_00565	100	253	0	0	1	253	1	253	5.65e-187	509
EABAIN_02395	CJHCCN_09445	73.1	249	66	1	1	249	24	271	3.56e-130	366
EABAIN_02400	AJGINB_04670	99.6	261	1	0	1	261	1	261	4.46e-185	505
EABAIN_02405	AAKGEC_00555	99.4	163	1	0	1	163	1	163	2.97e-115	320
EABAIN_02410	DFCDFN_00315	83.8	179	29	0	1	179	1	179	1.60e-105	297
EABAIN_02415	BGHOFK_08630	97.6	376	9	0	1	376	1	376	7.79e-269	726
EABAIN_02420	CPNLII_02110	88.6	533	61	0	1	533	52	584	0.0	954
EABAIN_02425	GHCKID_06985	99.7	304	1	0	1	304	1	304	6.11e-216	587
EABAIN_02425	AANGNE_02105	53.6	306	139	2	1	304	1	305	1.44e-112	325
EABAIN_02425	BGHOFK_03765	35.2	310	191	5	2	301	6	315	3.11e-52	171
EABAIN_02430	DDDLLA_02285	85.4	247	35	1	5	250	3	249	5.64e-152	423
EABAIN_02440	PHBBGM_10320	95.7	162	4	1	1	159	1	162	1.77e-108	303
EABAIN_02440	AANGNE_08275	72.8	158	43	0	1	158	1	158	2.15e-81	234
EABAIN_02445	AAKGEC_00515	100	184	0	0	1	184	1	184	9.62e-129	356
EABAIN_02445	AANGNE_08280	67.9	184	59	0	1	184	1	184	2.41e-90	259
EABAIN_02450	NAECHE_07625	99.5	218	0	1	1	217	1	218	1.22e-152	419
EABAIN_02450	KFHBHO_01280	56.7	210	90	1	3	212	1	209	5.25e-78	231
EABAIN_02465	AAKGEC_00505	99.3	1060	7	0	1	1060	1	1060	0.0	2060
EABAIN_02465	AANGNE_01640	66.0	1060	338	3	1	1060	1	1038	0.0	1380
EABAIN_02470	BPDDPD_05540	99.5	217	1	0	1	217	1	217	2.02e-149	411
EABAIN_02470	AANGNE_01645	70.2	215	64	0	3	217	2	216	8.50e-107	303
EABAIN_02475	CGMKCF_06805	97.8	278	6	0	1	278	11	288	1.50e-190	520
EABAIN_02480	AAKGEC_00490	99.6	279	1	0	1	279	1	279	4.65e-199	541
EABAIN_02480	BLCAGE_01750	55.1	274	116	3	6	279	16	282	2.93e-100	291
EABAIN_02485	AAKGEC_00485	98.5	403	6	0	1	403	1	403	2.21e-280	758
EABAIN_02490	AAKGEC_00480	100	218	0	0	1	218	1	218	5.58e-147	405
EABAIN_02490	BNBIEO_05555	55.5	191	83	2	29	218	4	193	9.00e-68	203
EABAIN_02495	BCGFPE_10410	100	91	0	0	1	91	7	97	1.83e-58	171
EABAIN_02500	EHLNLG_12860	96.4	165	6	0	1	165	5	169	4.14e-117	325
EABAIN_02505	AAKGEC_00465	97.6	169	4	0	1	169	1	169	4.34e-120	333
EABAIN_02510	AAKGEC_00460	98.4	186	3	0	1	186	1	186	1.13e-137	379
EABAIN_02515	CEHNAA_02655	78.1	269	59	0	1	269	1	269	1.53e-147	410
EABAIN_02520	AAKGEC_00450	99.6	241	1	0	1	241	1	241	2.52e-159	438
EABAIN_02525	AAKGEC_00445	99.4	161	1	0	1	161	1	161	3.35e-111	310
EABAIN_02530	AAKGEC_00440	99.2	125	1	0	1	125	1	125	5.25e-84	238
EABAIN_02535	AAKGEC_00435	100	381	0	0	1	381	1	381	3.90e-272	735
EABAIN_02535	BGHOFK_07175	35.7	356	207	7	22	365	3	348	3.22e-60	195
EABAIN_02540	JAIDNN_03395	86.6	292	39	0	1	292	1	292	4.69e-147	411
EABAIN_02545	DBDHAK_11915	99.1	549	5	0	1	549	13	561	0.0	1055
EABAIN_02545	GCFKAO_09000	47.3	537	271	4	18	547	22	553	2.64e-169	488
EABAIN_02545	BGHOFK_04425	45.4	529	286	3	17	545	23	548	1.51e-151	442
EABAIN_02545	AANGNE_01115	44.5	560	297	6	1	549	1	557	7.52e-148	433
EABAIN_02550	MCFIIO_08320	99.0	310	2	1	1	310	1	309	2.07e-215	585
EABAIN_02550	CDIIGJ_03410	69.0	306	94	1	1	306	1	305	1.54e-142	401
EABAIN_02555	MKCKPI_03550	90.2	367	30	1	1	361	1	367	4.67e-172	480
EABAIN_02555	KAAGFE_00985	63.2	304	86	6	1	281	1	301	2.47e-101	299
EABAIN_02560	ABCBPP_03010	98.6	210	3	0	1	210	1	210	6.91e-153	419
EABAIN_02560	JFBCPF_02090	55.5	209	90	2	1	208	1	207	6.61e-77	228
EABAIN_02565	ABJDJH_08590	96.3	697	20	2	1	691	1	697	0.0	1278
EABAIN_02565	AANGNE_01690	62.0	690	225	9	18	673	3	689	3.32e-280	781
EABAIN_02570	AAKGEC_00400	100	213	0	0	1	213	1	213	2.22e-155	426
EABAIN_02570	AANGNE_01695	69.8	215	62	1	1	212	1	215	2.22e-103	294
EABAIN_02575	AAKGEC_00395	99.4	174	1	0	1	174	1	174	1.76e-126	349
EABAIN_02575	AANGNE_01700	64.2	173	62	0	1	173	1	173	1.27e-85	246
EABAIN_02580	EHLNLG_12940	100	133	0	0	1	133	14	146	1.08e-94	266
EABAIN_02585	AAKGEC_00385	100	93	0	0	1	93	1	93	6.60e-63	182
EABAIN_02590	DPKBOM_07170	98.1	259	5	0	1	259	1	259	3.00e-188	513
EABAIN_02590	AANGNE_01715	51.6	254	122	1	1	253	1	254	1.29e-91	268
EABAIN_02595	CNLKLD_04550	82.5	422	73	1	2	423	1	421	2.66e-246	673
EABAIN_02595	AIPJBK_01780	42.3	423	240	3	2	422	1	421	7.24e-112	332
EABAIN_02605	AAKGEC_00365	98.8	427	5	0	1	427	1	427	3.49e-257	701
EABAIN_02700	MKCKPI_03695	99.8	637	1	0	1	637	29	665	0.0	1221
EABAIN_02700	EIKFFD_03540	67.5	643	187	6	1	637	1	627	1.32e-304	838
EABAIN_02705	IAFHMK_02555	83.7	449	71	1	1	447	1	449	8.19e-255	697
EABAIN_02710	AAKGEC_06505	99.6	247	1	0	1	247	1	247	1.41e-168	462
EABAIN_02710	BNBIEO_08270	35.5	251	157	2	1	246	1	251	1.89e-46	152
EABAIN_02715	CJHCCN_10300	85.6	452	65	0	1	452	1	452	5.19e-279	759
EABAIN_02720	ABCLFC_03065	87.9	107	13	0	1	107	1	107	3.99e-71	204
EABAIN_02725	HNNKEJ_00210	89.5	752	75	2	1	748	1	752	0.0	1278
EABAIN_02725	BGHOFK_00325	46.3	697	298	10	107	728	163	858	1.82e-189	558
EABAIN_02725	BIHALF_08510	47.0	613	314	5	107	708	177	789	3.10e-189	556
EABAIN_02725	BLCAGE_01905	46.8	613	315	5	107	708	177	789	2.46e-188	553
EABAIN_02730	AAKGEC_06525	100	156	0	0	1	156	1	156	1.81e-108	302
EABAIN_02735	EJEPOM_11610	100	337	0	0	1	337	31	367	1.18e-242	658
EABAIN_02740	AAKGEC_06535	100	211	0	0	1	211	1	211	2.32e-156	428
EABAIN_02745	AKPIPJ_03000	98.7	150	2	0	1	150	1	150	9.53e-110	305
EABAIN_02745	AANGNE_07955	59.5	148	55	3	1	146	15	159	1.98e-55	168
EABAIN_02750	AAKGEC_06545	99.7	692	2	0	1	692	1	692	0.0	1330
EABAIN_02755	CDIIGJ_04330	81.5	270	47	3	6	273	4	272	7.27e-147	409
EABAIN_02760	AJANDE_13115	98.7	374	3	1	1	372	1	374	1.06e-265	718
EABAIN_02765	AANGNE_07930	97.3	146	4	0	4	149	5	150	7.71e-101	283
EABAIN_02770	LEOBIF_11090	99.6	245	1	0	1	245	1	245	1.45e-168	462
EABAIN_02775	AAKGEC_03060	99.7	320	1	0	1	320	1	320	2.35e-224	609
EABAIN_02775	DBFGIH_09700	74.1	321	78	3	1	320	23	339	5.76e-165	459
EABAIN_02780	DNKGCI_02990	87.2	250	32	0	1	250	1	250	1.46e-162	448
EABAIN_02785	AAKGEC_03070	99.5	196	1	0	1	196	1	196	2.68e-125	348
EABAIN_02790	AAKGEC_03075	100	178	0	0	1	178	1	178	1.09e-122	340
EABAIN_02795	AAKGEC_03080	99.6	231	1	0	1	231	1	231	6.30e-164	449
EABAIN_02795	AANGNE_07880	61.0	228	88	1	1	227	1	228	3.35e-92	267
EABAIN_02805	LIMBNG_08850	99.6	775	3	0	1	775	1	775	0.0	1407
EABAIN_02805	DBFGIH_00895	40.6	739	419	7	5	734	8	735	3.64e-161	483
EABAIN_02805	MDKGKD_05780	36.0	670	407	7	5	667	10	664	4.31e-129	402
EABAIN_02805	JAPIMJ_06920	28.0	679	411	15	40	645	54	727	6.67e-63	223
EABAIN_02805	AANGNE_04040	26.6	729	449	21	2	652	18	738	7.69e-56	203
EABAIN_02805	EOHHJN_09855	28.8	650	401	17	61	653	83	727	9.40e-56	202
EABAIN_02805	BGHOFK_00755	25.9	721	449	21	3	647	19	730	1.89e-55	202
EABAIN_02805	FHIFIE_03450	27.9	555	326	17	161	650	198	743	8.48e-43	164
EABAIN_02805	GKAHPE_00190	23.1	692	453	15	2	631	30	704	4.26e-42	161
EABAIN_02805	BGHOFK_01130	25.7	626	385	21	35	590	72	687	1.50e-41	160
EABAIN_02810	ILMBOP_12335	95.4	152	2	1	1	147	1	152	1.88e-100	281
EABAIN_02810	AANGNE_04860	58.8	136	56	0	9	144	11	146	4.83e-54	164
EABAIN_02815	BAOMEA_11010	98.8	329	4	0	1	329	1	329	1.03e-222	607
EABAIN_02815	GKAHPE_08915	61.7	324	115	5	13	330	13	333	1.30e-118	343
EABAIN_02820	AAKGEC_03105	98.0	197	4	0	1	197	1	197	1.62e-131	364
EABAIN_02825	ABCLFC_06230	83.1	160	26	1	1	160	1	159	2.07e-87	249
EABAIN_02825	AANGNE_05030	67.7	158	51	0	3	160	4	161	3.99e-73	213
EABAIN_02830	AAKGEC_03115	99.2	133	1	0	1	133	1	133	9.17e-91	256
EABAIN_02830	CBFHCM_03360	60.9	128	50	0	2	129	16	143	1.19e-54	165
EABAIN_02835	AAKGEC_03120	99.3	598	4	0	1	598	1	598	0.0	1120
EABAIN_02835	AANGNE_03775	62.9	588	217	1	9	596	9	595	6.94e-251	699
EABAIN_02840	ABCLFC_05850	87.6	233	29	0	1	233	1	233	3.27e-146	406
EABAIN_02840	EEJBJI_10780	68.9	257	79	1	1	257	1	256	2.01e-129	363
EABAIN_02845	AAKGEC_03130	100	119	0	0	2	120	2	120	2.98e-83	236
EABAIN_02850	PHBBGM_06370	97.5	122	3	0	1	122	1	122	5.64e-85	240
EABAIN_02855	AAKGEC_03140	100	94	0	0	1	94	1	94	7.10e-63	182
EABAIN_02860	AAKGEC_03145	99.1	232	2	0	1	232	1	232	4.41e-160	439
EABAIN_02865	CFHHLL_10515	80.9	115	22	0	1	115	1	115	5.12e-67	195
EABAIN_02870	AKOOIJ_12720	89.8	488	50	0	1	488	58	545	0.0	877
EABAIN_02870	DOHOGG_04665	67.4	484	154	1	9	488	2	485	4.76e-234	647
EABAIN_02870	ABJDJH_14140	61.7	481	181	1	1	478	1	481	1.47e-216	603
EABAIN_02875	AAKGEC_03160	96.6	177	6	0	1	177	1	177	6.59e-128	353
EABAIN_02880	AAKGEC_03170	97.2	143	4	0	1	143	1	143	4.23e-94	265
EABAIN_02880	AANGNE_04215	62.9	140	52	0	1	140	1	140	8.90e-60	178
EABAIN_02885	AAKGEC_03175	97.8	137	3	0	1	137	1	137	9.80e-97	271
EABAIN_02915	AJKPDP_02710	37.4	617	366	9	8	604	17	633	6.88e-121	369
EABAIN_02915	AANGNE_08360	35.3	638	356	16	6	603	7	627	2.93e-101	318
EABAIN_02915	AAKGEC_03590	32.4	630	371	15	1	581	1	624	6.69e-73	243
EABAIN_02915	DBFGIH_04860	31.2	631	366	16	5	586	8	619	7.64e-68	229
EABAIN_02915	AAKGEC_04030	31.5	650	386	17	5	604	8	648	3.32e-64	219
EABAIN_02920	DDDLLA_10775	48.1	482	238	4	4	484	3	473	1.83e-167	478
EABAIN_02920	AANGNE_08355	47.6	490	233	6	4	484	3	477	4.22e-157	452
EABAIN_02920	ACDDAG_07275	45.1	483	249	6	4	484	10	478	8.52e-151	436
EABAIN_02920	CDIIGJ_10515	43.5	517	238	12	5	484	4	503	6.85e-143	416
EABAIN_02920	DAEIAJ_08645	44.8	487	248	8	4	484	3	474	1.73e-141	412
EABAIN_02920	BGHOFK_02325	35.3	504	275	10	1	484	6	478	7.65e-101	308
EABAIN_02920	ABCBPP_13515	32.3	498	271	19	7	479	8	464	5.87e-63	209
EABAIN_02920	BIFMNE_04180	29.5	498	282	16	1	483	1	444	1.66e-56	191
EABAIN_02920	ABJDJH_04730	26.5	505	309	12	4	487	6	469	1.93e-50	176
EABAIN_02925	ABCLFC_04805	31.4	280	182	3	2	276	1	275	2.95e-51	166
EABAIN_02940	ABJDJH_10650	95.9	242	10	0	1	242	1	242	3.54e-155	427
EABAIN_02945	ABJDJH_10645	97.9	285	6	0	1	285	1	285	7.71e-201	546
EABAIN_02955	AGINCK_02330	94.0	100	5	1	1	99	1	100	1.75e-61	179
EABAIN_02960	NGIILC_01340	75.3	158	35	1	1	158	1	154	3.75e-76	221
EABAIN_02965	EAKCFB_11090	96.2	559	21	0	1	559	1	559	0.0	1053
EABAIN_02970	ACIHME_07450	99.0	383	4	0	1	383	35	417	2.68e-282	762
EABAIN_02980	AAKGEC_06960	97.2	109	3	0	1	109	1	109	2.78e-76	217
EABAIN_02985	AAKGEC_06955	84.5	103	16	0	1	103	1	103	1.47e-57	169
EABAIN_02990	ABJDJH_12205	84.7	85	13	0	1	85	8	92	5.79e-53	157
EABAIN_03015	MKICBC_13355	96.9	260	8	0	3	262	88	347	1.76e-190	523
EABAIN_03015	HMJMNM_07675	62.8	137	45	2	127	262	133	264	2.09e-57	181
EABAIN_03035	AAOIOD_02620	54.3	396	177	2	2	396	1	393	1.17e-149	426
EABAIN_03040	HKGGDN_02860	84.5	187	29	0	1	187	17	203	1.52e-120	337
EABAIN_03045	EJHBKF_03110	100	146	0	0	1	146	1	146	8.78e-105	292
EABAIN_03050	AAKGEC_03190	99.7	357	1	0	1	357	1	357	1.53e-250	678
EABAIN_03050	DDDLLA_00375	35.0	349	206	8	3	344	64	398	1.45e-48	165
EABAIN_03055	AAKGEC_03195	99.4	175	1	0	1	175	1	175	3.68e-124	343
EABAIN_03060	BPDDPD_10825	97.1	173	5	0	1	173	1	173	6.92e-117	328
EABAIN_03065	ABCLFC_10410	89.3	270	29	0	1	270	1	270	7.98e-173	474
EABAIN_03065	AGDPFD_09395	66.9	269	89	0	1	269	4	272	3.31e-126	357
EABAIN_03070	AAKGEC_03210	100	154	0	0	1	154	1	154	3.98e-111	309
EABAIN_03075	AAKGEC_03215	100	306	0	0	1	306	1	306	2.61e-214	582
EABAIN_03075	AANGNE_07665	70.3	195	58	0	111	305	5	199	1.61e-99	288
EABAIN_03080	AANGNE_07660	78.7	408	86	1	8	415	6	412	1.27e-227	625
EABAIN_03085	AAKGEC_03225	100	200	0	0	1	200	1	200	5.07e-141	388
EABAIN_03085	AANGNE_07655	64.1	198	71	0	3	200	6	203	1.72e-89	258
EABAIN_03090	AAKGEC_03230	100	365	0	0	1	365	1	365	2.82e-266	719
EABAIN_03095	AAKGEC_03235	99.7	398	1	0	1	398	1	398	1.12e-291	786
EABAIN_03100	KABOBF_14650	81.0	211	40	0	1	211	1	211	4.97e-126	352
EABAIN_03105	AGKELP_08790	100	96	0	0	1	96	1	96	1.04e-64	187
EABAIN_03110	AAKGEC_03250	99.2	252	2	0	1	252	1	252	4.56e-172	471
EABAIN_03110	AANGNE_07645	64.6	254	76	4	1	252	1	242	1.80e-104	300
EABAIN_03115	ABCLFC_10345	85.2	108	16	0	1	108	1	108	8.65e-66	191
EABAIN_03120	DFCDFN_00725	89.8	147	15	0	1	147	1	147	1.29e-97	274
EABAIN_03125	AAKGEC_03260	100	501	0	0	1	501	1	501	0.0	877
EABAIN_03130	ABCLFC_10330	90.9	208	19	0	1	208	1	208	1.72e-134	372
EABAIN_03135	AAKGEC_03270	99.6	284	1	0	1	284	1	284	3.33e-215	583
EABAIN_03140	AAKGEC_03275	100	301	0	0	1	301	1	301	1.43e-204	557
EABAIN_03140	AANGNE_07630	61.3	300	113	2	5	301	1	300	4.34e-117	336
EABAIN_03145	ABCBPP_03465	100	148	0	0	1	148	1	148	1.25e-102	287
EABAIN_03150	AAKGEC_03285	97.1	243	7	0	1	243	1	243	2.35e-165	453
EABAIN_03155	AAKGEC_03290	98.9	91	1	0	1	91	1	91	5.71e-63	182
EABAIN_03160	ABCLFC_10300	99.7	309	1	0	1	309	1	309	7.84e-220	597
EABAIN_03165	AIPJBK_00310	100	261	0	0	1	261	1	261	9.31e-196	532
EABAIN_03165	AANGNE_07610	74.4	258	66	0	3	260	2	259	9.62e-151	418
EABAIN_03170	AAKGEC_03305	98.6	138	2	0	2	139	2	139	1.73e-66	195
EABAIN_03175	AAKGEC_03310	98.9	187	2	0	1	187	1	187	3.32e-87	251
EABAIN_03180	DFCDFN_00775	88.7	471	52	1	3	472	4	474	2.32e-306	829
EABAIN_03180	DDKKPM_04605	36.1	319	182	10	6	322	49	347	3.89e-51	174
EABAIN_03185	HNNKEJ_00495	76.4	657	154	1	6	662	6	661	0.0	1002
EABAIN_03185	BGHOFK_06730	73.1	670	175	4	1	669	1	666	0.0	969
EABAIN_03190	BGHOFK_06730	90.6	669	59	2	5	670	3	670	0.0	1180
EABAIN_03190	HNNKEJ_00495	71.7	657	182	1	7	659	5	661	0.0	935
EABAIN_03200	BEGLKA_09505	95.5	221	10	0	1	221	1	221	1.69e-141	391
EABAIN_03200	BNBIEO_04260	68.5	219	66	1	1	219	1	216	1.95e-104	298
EABAIN_03200	EKJHIG_08755	63.3	210	77	0	1	210	1	210	5.98e-94	271
EABAIN_03205	CDIIGJ_04030	74.4	293	75	0	1	293	1	293	1.20e-151	423
EABAIN_03205	DBFGIH_10345	69.4	294	86	2	1	294	23	312	7.81e-142	399
EABAIN_03210	AAKGEC_03345	98.6	222	3	0	1	222	1	222	2.13e-162	444
EABAIN_03210	AANGNE_07530	59.0	222	91	0	1	222	1	222	1.64e-97	280
EABAIN_03215	LBKFJK_00195	89.5	294	31	0	5	298	7	300	1.00e-176	487
EABAIN_03225	AAKGEC_03360	98.8	86	1	0	1	86	1	86	1.56e-60	176
EABAIN_03235	CNLKLD_05555	76.5	307	71	1	1	306	1	307	1.64e-174	482
EABAIN_03240	AAKGEC_03375	97.9	233	5	0	1	233	1	233	7.89e-159	436
EABAIN_03240	DBFGIH_04045	60.2	231	69	3	3	233	18	225	1.83e-83	245
EABAIN_03245	HNNKEJ_00555	77.1	742	166	1	1	742	1	738	0.0	1132
EABAIN_03245	AANGNE_01770	71.0	742	212	1	1	742	1	739	0.0	1060
EABAIN_03250	ABCBPP_03570	100	170	0	0	1	170	16	185	4.98e-123	341
EABAIN_03255	BAFONJ_05365	76.3	173	40	1	1	173	1	172	7.50e-82	238
EABAIN_03260	IBNKIA_05190	94.5	560	20	1	1	549	1	560	0.0	952
EABAIN_03260	AMCIGH_03435	53.1	578	234	9	1	549	2	571	1.08e-170	492
EABAIN_03265	AANGNE_01790	80.6	155	30	0	1	155	2	156	1.61e-84	242
EABAIN_03270	AAKGEC_03405	100	151	0	0	1	151	1	151	1.15e-104	292
EABAIN_03275	BIHALF_08510	85.5	816	118	0	1	816	2	817	0.0	1328
EABAIN_03275	BLCAGE_01905	71.2	815	235	0	1	815	2	816	0.0	1103
EABAIN_03275	BGHOFK_00325	40.1	877	429	11	7	810	5	858	3.79e-193	570
EABAIN_03275	HNNKEJ_00210	46.3	613	318	5	176	788	111	712	4.67e-187	550
EABAIN_03280	AAKGEC_03415	100	185	0	0	1	185	1	185	3.93e-133	367
EABAIN_03285	DBMAKJ_12120	100	432	0	0	1	432	1	432	1.79e-312	842
EABAIN_03285	KEMHDF_01420	55.0	416	179	6	4	418	5	413	5.91e-148	424
EABAIN_03290	ABCLFC_10095	92.8	223	16	0	1	223	1	223	3.04e-145	401
EABAIN_03290	AANGNE_07810	72.2	223	62	0	1	223	1	223	3.98e-111	315
EABAIN_03290	CDIIGJ_08275	58.7	218	88	1	5	222	4	219	5.88e-84	246
EABAIN_03290	CEPOIM_07510	41.4	222	117	3	4	218	3	218	1.30e-47	162
EABAIN_03290	AANGNE_07255	41.0	217	125	2	4	218	3	218	1.70e-46	159
EABAIN_03295	AAKGEC_03430	98.9	357	4	0	1	357	1	357	1.99e-230	627
EABAIN_03295	AANGNE_07815	61.3	357	138	0	1	357	1	357	2.80e-136	389
EABAIN_03295	AGINCK_06570	38.5	361	212	6	1	356	2	357	6.72e-73	227
EABAIN_03300	NNPKJK_12180	99.5	188	1	0	1	188	1	188	6.98e-139	382
EABAIN_03300	AANGNE_07820	51.1	180	88	0	1	180	1	180	3.61e-68	203
EABAIN_03305	ACDDAG_08060	75.8	505	122	0	1	505	1	505	1.45e-291	796
EABAIN_03310	JBKKJP_10030	97.7	303	7	0	3	305	10	312	4.45e-214	582
EABAIN_03315	DDDLLA_02410	92.1	788	61	1	1	787	1	788	0.0	1477
EABAIN_03320	EKJHIG_03305	98.6	216	3	0	1	216	1	216	1.09e-143	397
EABAIN_03320	BNBIEO_05405	56.9	216	75	2	2	217	4	201	4.49e-70	209
EABAIN_03325	HNNKEJ_00615	91.5	378	29	1	1	375	31	408	1.31e-236	646
EABAIN_03325	ABCLFC_00780	41.9	358	207	1	2	358	28	385	5.68e-91	276
EABAIN_03335	AAKGEC_03470	100	420	0	0	1	420	1	420	5.96e-289	781
EABAIN_03335	AANGNE_01825	66.3	412	130	2	3	414	5	407	1.06e-188	526
EABAIN_03335	AAKGEC_07330	62.6	404	142	2	3	406	5	399	8.51e-179	501
EABAIN_03340	AANGNE_01830	82.0	1136	204	0	1	1136	1	1136	0.0	1892
EABAIN_03340	LPAKHB_10030	44.8	451	236	7	3	447	4	447	2.38e-123	384
EABAIN_03345	AAKGEC_03480	100	441	0	0	1	441	1	441	1.44e-318	857
EABAIN_03350	CEHFAN_01790	99.1	848	7	1	1	848	1	847	0.0	1641
EABAIN_03355	PEPBIK_10005	81.2	410	77	0	1	410	1	410	6.05e-248	677
EABAIN_03360	AAKGEC_03495	100	199	0	0	1	199	1	199	1.11e-139	385
EABAIN_03365	GIPIII_04990	81.3	176	33	0	1	176	14	189	2.88e-104	294
EABAIN_03370	AAKGEC_03505	100	132	0	0	1	132	1	132	1.53e-93	263
EABAIN_03380	ABCBPP_03810	100	403	0	0	1	403	1	403	5.86e-281	759
EABAIN_03380	BNBIEO_00315	51.9	385	180	2	20	404	2	381	4.16e-126	366
EABAIN_03385	AKPIPJ_02055	98.4	918	15	0	1	918	17	934	0.0	1702
EABAIN_03385	AANGNE_04380	69.9	918	276	0	1	918	1	918	0.0	1233
EABAIN_03385	BGHOFK_00755	37.0	888	503	18	1	881	1	839	1.43e-160	490
EABAIN_03385	JAPIMJ_06920	34.9	921	552	13	1	918	2	877	2.39e-159	486
EABAIN_03385	FHIFIE_03450	34.7	940	537	16	1	914	1	889	1.09e-155	478
EABAIN_03385	AANGNE_04040	36.6	890	499	17	1	877	1	838	3.57e-153	471
EABAIN_03385	EOHHJN_09855	35.3	893	495	19	4	876	3	832	3.53e-148	457
EABAIN_03385	BGHOFK_01130	27.9	717	462	17	7	716	31	699	4.99e-80	275
EABAIN_03385	GKAHPE_00190	24.7	784	502	19	5	775	17	725	2.50e-62	224
EABAIN_03385	DBFGIH_00895	26.7	754	424	26	22	767	8	640	2.46e-45	172
EABAIN_03390	EHLNLG_04495	93.8	338	21	0	1	338	25	362	2.44e-232	632
EABAIN_03395	AAKGEC_03530	99.5	406	2	0	1	406	1	406	1.83e-285	771
EABAIN_03395	AANGNE_04520	32.5	418	246	13	14	404	30	438	2.15e-49	170
EABAIN_03395	KIDCCO_05445	30.4	427	251	13	3	404	15	420	8.73e-49	168
EABAIN_03405	FGPNLL_03425	78.2	293	64	0	2	294	32	324	1.76e-168	467
EABAIN_03410	AAKGEC_03545	99.2	484	4	0	1	484	1	484	0.0	938
EABAIN_03415	JOCPFP_03085	89.5	439	45	1	1	439	1	438	2.71e-268	731
EABAIN_03420	AAKGEC_03555	100	90	0	0	1	90	1	90	8.82e-62	179
EABAIN_03430	CBFHCM_03370	87.5	96	8	1	22	117	1	92	1.15e-51	155
EABAIN_03435	OBFACL_08170	99.6	272	1	0	1	272	1	272	9.05e-198	540
EABAIN_03435	AHPAPB_10090	38.1	270	164	2	7	276	31	297	1.95e-53	172
EABAIN_03450	DDDLLA_05440	29.5	603	385	17	1	590	6	581	1.59e-62	213
EABAIN_03455	KHHBNE_04000	98.5	412	6	0	1	412	1	412	1.33e-296	801
EABAIN_03460	AGINCK_04420	99.6	245	1	0	1	245	1	245	1.13e-173	474
EABAIN_03465	AGINCK_04425	99.3	682	5	0	1	682	1	682	0.0	1284
EABAIN_03470	AGINCK_04430	100	227	0	0	2	228	2	228	2.12e-165	452
EABAIN_03475	AGINCK_04435	99.3	447	3	0	1	447	1	447	1.56e-316	853
EABAIN_03480	AGINCK_04440	99.6	225	1	0	1	225	1	225	4.99e-158	433
EABAIN_03485	AGINCK_04445	100	242	0	0	1	242	1	242	5.12e-164	450
EABAIN_03490	AGINCK_04450	99.5	214	1	0	1	214	1	214	1.04e-140	389
EABAIN_03495	AHPAPB_10090	92.5	133	10	0	1	133	165	297	6.12e-87	252
EABAIN_03500	AHPAPB_10090	83.0	112	19	0	1	112	22	133	4.45e-60	183
EABAIN_03510	AAKGEC_03580	99.4	318	2	0	1	318	1	318	5.16e-227	615
EABAIN_03515	AAKGEC_03585	98.3	472	8	0	1	472	1	472	0.0	948
EABAIN_03515	ACDDAG_06080	65.5	470	162	0	1	470	1	470	1.13e-238	658
EABAIN_03520	AAKGEC_03590	99.2	650	5	0	1	650	1	650	0.0	1242
EABAIN_03520	AANGNE_08360	31.2	641	407	13	10	644	12	624	5.43e-88	284
EABAIN_03520	AJKPDP_02710	29.7	650	412	15	8	647	17	631	2.25e-81	266
EABAIN_03520	AAKGEC_04030	30.4	658	409	14	12	647	16	646	1.65e-80	265
EABAIN_03520	DBFGIH_04860	28.1	670	416	15	5	648	8	637	3.75e-77	255
EABAIN_03520	DBFGIH_07715	29.5	471	293	12	2	446	3	460	1.12e-52	186
EABAIN_03520	BGHOFK_04665	29.5	465	286	14	3	438	4	455	3.78e-47	171
EABAIN_03525	EGHGNB_10360	94.8	291	14	1	1	290	1	291	1.50e-203	554
EABAIN_03525	ACDDAG_06090	68.2	280	89	0	3	282	1	280	5.76e-150	418
EABAIN_03525	AAKGEC_09335	62.3	289	109	0	1	289	1	289	1.43e-134	379
EABAIN_03560	AAKGEC_06400	31.5	670	442	9	3	663	2	663	6.18e-90	290
EABAIN_03560	AANGNE_08745	30.8	689	443	11	3	662	2	685	6.75e-82	270
EABAIN_03560	ACNHAK_05535	28.4	696	454	12	3	662	2	689	9.48e-68	231
EABAIN_03565	AAKGEC_06395	65.6	209	72	0	2	210	1	209	1.66e-96	276
EABAIN_03565	NIHKFI_08805	44.0	209	77	1	2	210	1	169	6.31e-53	164
EABAIN_03565	NPEGAB_08025	42.1	209	121	0	2	210	7	215	6.60e-50	158
EABAIN_03565	DOCKDI_10880	40.0	210	121	2	2	210	1	206	1.58e-47	153
EABAIN_03575	AHPAPB_10090	87.5	279	35	0	1	279	22	300	7.57e-178	489
EABAIN_03575	OBFACL_08170	37.4	265	163	2	10	271	7	271	1.17e-51	168
EABAIN_03585	AJCMKJ_10760	95.7	186	7	1	1	186	1	185	1.30e-120	335
EABAIN_03585	AANGNE_06075	59.5	185	75	0	2	186	2	186	2.26e-75	221
EABAIN_03595	KKACAP_12135	85.2	183	2	1	1	183	1	158	4.28e-94	267
EABAIN_03595	AANGNE_03760	67.4	175	46	1	1	175	1	164	1.51e-71	211
EABAIN_03600	CEFGEI_08345	97.0	199	6	0	1	199	1	199	8.82e-129	363
EABAIN_03605	CEPOIM_03315	95.3	297	13	1	1	296	1	297	6.53e-201	548
EABAIN_03610	CEFGEI_08345	93.6	109	7	0	1	109	205	313	5.07e-64	194
EABAIN_03615	BDMBBJ_03645	94.8	306	15	1	1	305	1	306	3.85e-212	577
EABAIN_03615	AANGNE_06065	63.8	309	112	0	1	309	1	309	2.59e-148	416
EABAIN_03620	AMFMEJ_11290	96.2	132	5	0	1	132	12	143	7.06e-81	231
EABAIN_03625	ABJDJH_10650	98.8	242	3	0	1	242	1	242	4.31e-156	430
EABAIN_03630	ABJDJH_10645	98.2	285	5	0	1	285	1	285	6.61e-202	549
EABAIN_03635	ABJDJH_10640	100	122	0	0	1	122	1	122	2.84e-82	233
EABAIN_03640	HMJMNM_03355	90.7	300	28	0	1	300	1	300	5.01e-195	533
EABAIN_03645	ABJDJH_10630	68.3	120	36	1	1	120	1	118	1.74e-52	158
EABAIN_03660	NMIFFA_05295	73.5	362	86	2	1	354	1	360	1.42e-107	316
EABAIN_03665	AGINCK_02330	94.0	100	5	1	1	99	1	100	1.75e-61	179
EABAIN_03670	NGIILC_01340	74.7	158	36	1	1	158	1	154	3.75e-76	221
EABAIN_03675	EAKCFB_11090	96.9	557	17	0	1	557	1	557	0.0	1060
EABAIN_03695	ACIHME_07450	99.0	384	4	0	1	384	35	418	4.63e-283	764
EABAIN_03705	AAKGEC_06960	95.4	109	5	0	1	109	1	109	4.61e-75	214
EABAIN_03710	AAKGEC_06955	84.5	103	16	0	1	103	1	103	1.21e-56	167
EABAIN_03715	ABJDJH_12205	83.5	85	14	0	1	85	8	92	3.36e-52	155
EABAIN_03720	BLCAGE_08900	94.4	234	13	0	1	234	40	273	8.91e-164	450
EABAIN_03730	AGDPFD_10850	85.3	416	56	1	1	411	14	429	7.11e-244	667
EABAIN_03735	ABJDJH_12145	96.6	88	3	0	1	88	1	88	1.74e-58	171
EABAIN_03740	AAKGEC_08795	91.6	131	11	0	1	131	1	131	3.76e-89	251
EABAIN_03745	FGEEDJ_07095	89.8	869	89	0	1	869	1	869	0.0	1558
EABAIN_03745	ABCBPP_01860	49.0	866	441	1	4	869	3	867	4.81e-297	838
EABAIN_03750	IFDCOA_05220	97.2	711	12	1	2	704	2	712	0.0	1167
EABAIN_03750	ABCBPP_01865	50.0	540	258	3	2	537	2	533	7.19e-148	444
EABAIN_03755	MKICBC_13355	95.1	347	16	1	1	346	1	347	2.62e-244	662
EABAIN_03755	HMJMNM_07675	61.3	137	47	2	211	346	133	264	8.58e-55	177
EABAIN_03760	IHCKAN_06150	97.0	164	5	0	1	164	13	176	1.34e-112	314
EABAIN_03765	ABCBPP_01875	96.9	163	5	0	1	163	1	163	7.00e-114	317
EABAIN_03775	ABJDJH_05615	99.7	379	1	0	1	379	1	379	2.74e-271	733
EABAIN_03775	AGINCK_04610	32.1	392	242	8	1	378	1	382	1.54e-49	168
EABAIN_03780	BGHOFK_08795	98.4	257	4	0	1	257	6	262	4.22e-183	499
EABAIN_03780	DDKKPM_00325	68.2	255	81	0	1	255	7	261	4.29e-123	348
EABAIN_03785	BLJABE_10720	75.1	177	44	0	1	177	7	183	3.21e-93	266
EABAIN_03790	ABCLFC_03825	78.2	206	25	2	1	206	1	186	3.27e-108	305
EABAIN_03790	LEAGNF_12160	61.1	203	55	1	4	206	2	180	3.09e-83	242
EABAIN_03795	HJMHNM_01905	85.7	294	42	0	1	294	37	330	3.76e-178	491
EABAIN_03800	AAKGEC_11555	99.7	352	1	0	1	352	1	352	3.93e-255	689
EABAIN_03800	AANGNE_07325	66.5	352	115	2	1	352	1	349	7.06e-172	479
EABAIN_03805	AAKGEC_11550	100	185	0	0	1	185	1	185	7.61e-131	361
EABAIN_03810	AAKGEC_11545	99.2	133	1	0	1	133	1	133	1.07e-89	253
EABAIN_03815	BNFMAL_08360	98.1	324	5	1	1	323	1	324	5.95e-222	603
EABAIN_03815	AANGNE_07310	53.9	323	149	0	1	323	1	323	2.21e-116	336
EABAIN_03820	AAKGEC_11535	99.4	667	4	0	1	667	1	667	0.0	1375
EABAIN_03825	HNNKEJ_00745	94.2	381	21	1	1	380	1	381	5.45e-249	676
EABAIN_03830	LACCIH_04975	98.2	379	7	0	1	379	1	379	3.22e-264	715
EABAIN_03830	BLIMPP_10925	64.4	374	133	0	1	374	1	374	1.13e-175	491
EABAIN_03835	NAFEBK_01195	99.4	478	3	0	1	478	29	506	0.0	960
EABAIN_03835	EIKFFD_06860	70.9	478	139	0	1	478	1	478	5.55e-260	712
EABAIN_03840	JAPIMJ_02335	78.1	798	175	0	1	798	1	798	0.0	1283
EABAIN_03845	AAKGEC_11510	98.5	600	9	0	1	600	1	600	0.0	1228
EABAIN_03845	DDKKPM_05595	66.2	598	202	0	1	598	17	614	7.48e-312	855
EABAIN_03845	BNBIEO_04325	33.4	443	215	18	96	500	95	495	8.87e-65	219
EABAIN_03845	LBKFJK_00575	32.2	485	256	19	100	548	95	542	1.54e-63	216
EABAIN_03850	HNNKEJ_00770	88.3	497	58	0	1	497	4	500	0.0	870
EABAIN_03855	HNNKEJ_00775	79.6	495	97	2	1	491	1	495	4.94e-295	802
EABAIN_03855	DNKGCI_06265	72.6	485	126	3	1	483	1	480	2.37e-255	701
EABAIN_03860	AAKGEC_11495	99.1	331	3	0	1	331	1	331	7.31e-229	621
EABAIN_03860	AANGNE_07275	72.5	331	91	0	1	331	1	331	3.30e-165	460
EABAIN_03865	AAKGEC_11490	99.0	584	6	0	1	584	1	584	0.0	1089
EABAIN_03865	CJHCCN_00570	66.7	568	189	0	1	568	1	568	1.01e-266	739
EABAIN_03870	BGHOFK_08890	82.0	573	103	0	1	573	1	573	0.0	909
EABAIN_03870	AANGNE_07265	71.5	569	161	1	3	571	1	568	1.14e-289	795
EABAIN_03880	CFBGPF_09820	76.9	295	57	2	1	291	1	288	2.99e-138	389
EABAIN_03880	AANGNE_07260	52.4	187	84	1	1	187	1	182	1.32e-53	171
EABAIN_03885	AAKGEC_11470	99.2	119	1	0	1	119	1	119	9.00e-81	231
EABAIN_03890	KPPIIN_06725	98.2	224	3	1	1	224	1	223	1.05e-156	430
EABAIN_03895	NGAPDN_04410	96.9	580	18	0	5	584	11	590	0.0	1044
EABAIN_03895	AANGNE_01510	67.9	573	184	0	11	583	8	580	5.44e-274	756
EABAIN_03895	HNNKEJ_11875	31.1	512	325	3	95	579	123	633	2.17e-74	246
EABAIN_03895	HNNKEJ_12255	28.4	490	336	7	100	579	220	704	4.64e-60	209
EABAIN_03895	AANGNE_08905	27.2	489	343	5	100	579	209	693	1.20e-56	199
EABAIN_03895	ABNNBP_02275	24.2	488	362	5	100	581	86	571	6.58e-51	181
EABAIN_03895	LBKFJK_02080	28.0	497	324	9	101	573	109	595	2.10e-50	180
EABAIN_03895	AMLBPA_01235	29.2	472	319	6	109	574	266	728	1.28e-47	174
EABAIN_03895	AAKGEC_01790	25.8	496	347	9	92	574	81	568	9.37e-46	167
EABAIN_03900	AAKGEC_11450	98.6	214	3	0	1	214	1	214	7.62e-143	394
EABAIN_03905	CEPOIM_07510	95.2	664	31	1	1	664	1	663	0.0	1148
EABAIN_03905	AANGNE_07255	63.6	674	222	8	1	664	1	661	3.69e-264	738
EABAIN_03905	LKGJOH_05815	44.1	222	116	4	1	220	1	216	1.39e-50	172
EABAIN_03905	EIBLCD_04820	40.5	220	130	1	1	220	31	249	5.01e-49	170
EABAIN_03905	CDIIGJ_08275	40.9	230	125	4	1	226	1	223	7.60e-47	162
EABAIN_03905	AAKGEC_12360	39.2	237	136	6	4	238	7	237	5.53e-46	160
EABAIN_03905	ABCLFC_10095	40.3	221	129	2	2	221	3	221	5.78e-46	159
EABAIN_03905	AANGNE_01045	39.3	239	134	4	1	228	1	239	3.20e-43	156
EABAIN_03905	AAKGEC_12175	38.5	221	126	6	3	220	5	218	2.17e-42	150
EABAIN_03905	AANGNE_02185	38.2	238	139	6	2	237	3	234	3.06e-42	150
EABAIN_03910	AAKGEC_11440	100	72	0	0	1	72	1	72	7.04e-53	155
EABAIN_03915	ABJDJH_05770	99.5	220	1	0	1	220	15	234	7.67e-156	428
EABAIN_03915	CBFHCM_03435	49.3	219	111	0	1	219	1	219	6.95e-77	228
EABAIN_03915	EHLNLG_11895	40.1	207	124	0	6	212	9	215	9.24e-54	169
EABAIN_03920	BCFLNJ_12515	91.1	246	22	0	83	328	6	251	1.22e-161	448
EABAIN_03925	AAKGEC_11425	99.5	369	2	0	1	369	1	369	2.20e-281	757
EABAIN_03930	MILJBE_04635	98.8	250	3	0	1	250	1	250	7.71e-186	506
EABAIN_03935	AAKGEC_11415	99.0	312	3	0	1	312	1	312	8.28e-230	622
EABAIN_03940	DNKGCI_06320	79.5	156	31	1	1	155	5	160	8.16e-87	248
EABAIN_03950	AAKGEC_11400	97.1	174	5	0	1	174	1	174	6.88e-124	343
EABAIN_03955	DANMKC_04560	97.1	137	4	0	1	137	1	137	2.45e-93	263
EABAIN_03960	AAKGEC_11390	99.5	370	2	0	1	370	1	370	1.56e-261	707
EABAIN_03960	AAOIOD_08890	55.9	367	162	0	1	367	1	367	1.25e-145	414
EABAIN_03965	EGCJDI_00875	99.6	451	1	1	1	451	1	450	1.21e-320	864
EABAIN_03965	AANGNE_03115	60.2	450	176	2	1	450	1	447	3.48e-179	505
EABAIN_03970	ABCLFC_04110	98.6	280	4	0	1	280	19	298	3.70e-203	553
EABAIN_03975	PEPBIK_09610	77.4	270	61	0	1	270	1	270	2.88e-154	428
EABAIN_03975	AANGNE_03125	44.4	270	149	1	1	270	1	269	4.24e-81	242
EABAIN_03980	ABCLFC_04120	87.0	560	67	2	1	560	1	554	0.0	954
EABAIN_03980	PCAMPM_02350	66.3	558	175	5	1	558	1	545	1.55e-256	710
EABAIN_03985	ABCBPP_04095	99.7	391	1	0	1	391	14	404	1.23e-290	783
EABAIN_03985	AANGNE_03135	58.2	380	156	2	13	391	1	378	1.98e-162	457
EABAIN_03990	ONPFCC_03930	79.3	193	33	1	1	193	1	186	6.24e-105	296
EABAIN_03990	AANGNE_03140	53.1	179	83	1	1	178	1	179	8.56e-61	184
EABAIN_03995	AAKGEC_11355	100	426	0	0	1	426	1	426	2.05e-299	808
EABAIN_03995	AANGNE_03145	67.6	426	138	0	1	426	1	426	6.87e-210	581
EABAIN_04000	BGHOFK_01955	88.2	306	36	0	1	306	1	306	1.57e-198	543
EABAIN_04005	DFCDFN_01175	76.4	322	75	1	1	322	1	321	1.54e-177	491
EABAIN_04010	HNNKEJ_01800	80.3	461	90	1	1	461	1	460	1.35e-274	748
EABAIN_04010	AAOIOD_08835	67.2	458	149	1	1	458	3	459	1.27e-224	622
EABAIN_04015	FPCCFF_08715	98.2	111	2	0	4	114	5	115	3.26e-64	187
EABAIN_04020	ABCBPP_04130	100	503	0	0	1	503	1	503	2.57e-246	680
EABAIN_04025	IAFHMK_03195	78.4	450	94	2	1	449	1	448	5.17e-257	702
EABAIN_04025	AAOIOD_01850	34.6	448	272	7	1	445	3	432	6.52e-83	259
EABAIN_04030	PAGFJI_03745	80.8	287	55	0	1	287	10	296	1.43e-165	458
EABAIN_04035	HKMGEG_10005	87.3	157	20	0	1	157	1	157	1.73e-90	258
EABAIN_04040	ICGPBP_03985	82.0	211	38	0	1	211	13	223	7.79e-126	352
EABAIN_04040	AANGNE_03170	62.3	215	81	0	2	216	3	217	2.31e-94	272
EABAIN_04040	AANGNE_07330	51.9	216	103	1	1	215	1	216	1.92e-78	231
EABAIN_04040	ACDDAG_00830	45.8	212	115	0	1	212	1	212	1.38e-65	199
EABAIN_04045	DDDLLA_06765	77.1	654	149	1	1	653	1	654	0.0	981
EABAIN_04045	AANGNE_03175	69.2	655	199	2	1	653	1	654	5.81e-320	879
EABAIN_04050	AAKGEC_11295	100	150	0	0	1	150	1	150	6.11e-95	268
EABAIN_04055	CNLKLD_03915	77.4	456	101	2	1	455	1	455	4.20e-242	665
EABAIN_04060	AANGNE_03190	87.2	86	9	1	1	84	1	86	7.70e-52	154
EABAIN_04065	AAKGEC_11280	99.6	257	1	0	1	257	1	257	3.70e-194	527
EABAIN_04065	AANGNE_03195	59.8	259	102	1	1	257	1	259	1.09e-115	329
EABAIN_04070	DNKGCI_03980	82.7	214	37	0	1	214	1	214	7.28e-135	374
EABAIN_04075	EKJHIG_03930	100	147	0	0	1	147	1	147	1.20e-99	280
EABAIN_04080	CDIIGJ_03585	77.6	392	82	3	1	388	1	390	1.49e-213	588
EABAIN_04080	AANGNE_03210	63.7	383	129	3	1	379	1	377	5.81e-164	462
EABAIN_04085	MFHHKN_00865	75.2	294	72	1	1	293	1	294	5.21e-158	439
EABAIN_04090	ABCBPP_04200	99.6	240	1	0	1	240	1	240	7.29e-168	459
EABAIN_04090	AANGNE_03220	68.8	237	73	1	5	240	2	238	7.46e-114	323
EABAIN_04095	OAEMLE_05585	71.6	208	58	1	1	208	1	207	2.07e-74	220
EABAIN_04100	AAKGEC_07975	99.8	436	1	0	1	436	1	436	1.55e-315	849
EABAIN_04105	AAKGEC_07970	98.2	223	4	0	1	223	1	223	1.68e-140	391
EABAIN_04110	AIKIDN_06640	99.7	1182	4	0	1	1182	1	1182	0.0	2121
EABAIN_04110	ABJDJH_06005	55.4	1270	425	29	1	1179	1	1220	0.0	976
EABAIN_04115	OCIPFJ_04125	81.0	616	106	5	1	614	16	622	4.91e-314	861
EABAIN_04115	ACNHAK_07820	42.4	628	285	17	1	610	1	569	8.10e-103	320
EABAIN_04120	JIBFFE_00845	98.8	431	5	0	1	431	1	431	8.53e-305	823
EABAIN_04120	AAOIOD_10675	51.1	278	129	2	1	276	1	273	1.45e-92	282
EABAIN_04125	DIBOGN_02260	77.4	243	53	2	1	241	1	243	1.69e-123	347
EABAIN_04130	DDDLLA_11745	84.9	232	35	0	1	232	2	233	4.03e-138	384
EABAIN_04135	IAFHMK_03125	77.5	120	27	0	1	120	1	120	6.59e-63	185
EABAIN_04135	AANGNE_03345	73.1	119	32	0	1	119	1	119	7.44e-58	172
EABAIN_04140	AAKGEC_07935	100	157	0	0	1	157	1	157	3.01e-112	312
EABAIN_04140	AANGNE_03350	67.5	154	50	0	4	157	5	158	6.80e-75	218
EABAIN_04145	CNLKLD_08505	86.6	343	45	1	1	342	1	343	6.56e-209	576
EABAIN_04150	AAKGEC_07925	100	108	0	0	1	108	1	108	1.44e-73	210
EABAIN_04155	AAKGEC_07920	99.0	101	1	0	1	101	1	101	1.74e-64	187
EABAIN_04160	HNNKEJ_01925	79.0	966	173	8	1	944	1	958	0.0	1294
EABAIN_04165	HJDLAE_02345	83.2	119	19	1	1	119	3	120	2.71e-63	185
EABAIN_04170	AANGNE_03390	79.5	312	64	0	3	314	4	315	9.23e-195	534
EABAIN_04175	BCFLNJ_12130	96.6	146	5	0	1	146	3	148	3.17e-100	281
EABAIN_04175	AOCDPA_06395	78.1	146	32	0	1	146	61	206	9.57e-78	226
EABAIN_04180	IAFHMK_03070	77.1	323	73	1	3	325	4	325	2.00e-177	491
EABAIN_04190	AANGNE_02595	81.6	304	54	1	3	306	2	303	1.39e-173	479
EABAIN_04195	AAKGEC_07880	99.2	243	2	0	1	243	1	243	2.74e-164	451
EABAIN_04195	KDEKFF_00810	36.9	252	144	4	3	241	11	260	2.42e-47	155
EABAIN_04200	BGHOFK_01765	91.2	409	34	2	1	409	1	407	4.14e-267	724
EABAIN_04205	AAKGEC_07870	98.7	155	2	0	1	155	1	155	1.74e-101	285
EABAIN_04205	AANGNE_02610	67.5	160	44	3	1	155	1	157	9.08e-63	187
EABAIN_04210	AAKGEC_07865	100	144	0	0	1	144	1	144	8.89e-101	282
EABAIN_04215	LPAKHB_10030	99.6	457	0	1	1	455	1	457	0.0	888
EABAIN_04215	AANGNE_01830	47.0	449	227	7	4	445	3	447	1.42e-128	396
EABAIN_04220	DFCDFN_01390	85.1	282	42	0	1	282	1	282	3.91e-172	474
EABAIN_04225	AAKGEC_07850	99.6	264	1	0	1	264	1	264	2.98e-183	500
EABAIN_04230	FBLNFP_09685	98.4	379	6	0	1	379	1	379	8.46e-268	725
EABAIN_04230	BGHOFK_07520	40.2	376	207	2	1	376	2	359	8.45e-91	274
EABAIN_04230	AHPAPB_00360	35.8	422	219	8	9	379	13	433	1.03e-72	230
EABAIN_04235	CDIIGJ_03410	82.4	306	53	1	1	306	1	305	3.39e-180	496
EABAIN_04235	MCFIIO_08320	68.0	306	97	1	1	306	1	305	1.52e-142	401
EABAIN_04245	AAKGEC_07830	96.0	100	4	0	1	100	1	100	7.13e-68	195
EABAIN_04250	AAKGEC_07825	97.1	102	3	0	1	102	1	102	1.17e-67	195
EABAIN_04255	AAKGEC_07820	99.8	547	1	0	1	547	1	547	0.0	1048
EABAIN_04255	CJHCCN_10680	70.4	544	158	2	1	541	1	544	1.02e-275	758
EABAIN_04255	AIPJBK_09975	36.2	553	337	9	4	544	2	550	4.65e-106	326
EABAIN_04255	AANGNE_03260	29.4	449	298	13	4	441	2	442	1.13e-41	152
EABAIN_04260	AAKGEC_07815	100	84	0	0	1	84	1	84	1.12e-50	150
EABAIN_04265	BMNCPF_13730	100	115	0	0	1	115	1	115	3.32e-84	238
EABAIN_04265	DBFGIH_05035	69.0	116	34	1	1	116	1	114	1.29e-55	166
EABAIN_04270	ABCLFC_04435	94.3	247	14	0	1	247	1	247	1.57e-163	449
EABAIN_04275	ADJCAM_11645	98.9	184	2	0	2	185	4	187	3.61e-134	370
EABAIN_04275	AANGNE_02285	48.6	181	92	1	1	181	1	180	1.13e-60	184
EABAIN_04280	AAKGEC_07795	99.3	285	2	0	1	285	1	285	3.41e-204	555
EABAIN_04280	AANGNE_02650	69.6	286	86	1	1	285	1	286	3.00e-143	401
EABAIN_04285	AGINCK_01660	97.9	666	10	1	1	662	1	666	0.0	1306
EABAIN_04290	AAKGEC_07785	100	79	0	0	1	79	1	79	1.77e-56	165
EABAIN_04295	AAKGEC_07780	99.6	243	1	0	1	243	1	243	1.21e-167	459
EABAIN_04295	AANGNE_02670	72.3	242	60	2	2	243	5	239	3.71e-122	344
EABAIN_04300	ACDDAG_07210	81.1	169	32	0	1	169	17	185	7.16e-93	265
EABAIN_04305	AAKGEC_07770	98.6	210	3	0	1	210	1	210	2.13e-147	405
EABAIN_04310	AKPIPJ_09015	98.5	340	5	0	1	340	8	347	1.10e-243	660
EABAIN_04315	ABCLFC_08405	85.4	396	57	1	1	396	1	395	9.26e-237	647
EABAIN_04320	AAKGEC_07755	99.5	377	2	0	1	377	1	377	6.44e-269	726
EABAIN_04325	AAKGEC_07750	99.3	283	2	0	1	283	1	283	3.01e-197	537
EABAIN_04330	DPMHNO_00485	99.4	332	2	0	1	332	1	332	1.05e-240	652
EABAIN_04330	AANGNE_00510	64.6	336	115	3	1	333	9	343	3.71e-152	428
EABAIN_04330	EPKBNI_09765	31.4	328	201	6	5	327	7	315	4.73e-46	156
EABAIN_04335	DNKGCI_06900	82.3	231	41	0	1	231	1	231	3.57e-136	379
EABAIN_04340	PEBHMD_04925	98.4	1175	18	1	1	1174	1	1175	0.0	1999
EABAIN_04340	AANGNE_03445	61.6	1173	450	1	1	1173	1	1172	0.0	1206
EABAIN_04345	AAKGEC_07730	100	722	0	0	1	722	1	722	0.0	1423
EABAIN_04345	AEMMAL_04810	59.8	696	270	6	10	701	11	700	1.07e-297	829
EABAIN_04350	ABCLFC_08365	97.8	136	3	0	1	136	19	154	4.12e-97	273
EABAIN_04355	BGHOFK_01660	75.3	360	86	1	1	360	1	357	1.52e-181	504
EABAIN_04355	AANGNE_03470	58.2	354	146	2	2	354	10	362	5.28e-123	356
EABAIN_04360	FAKCMI_12970	99.6	253	1	0	1	253	1	253	4.14e-152	422
EABAIN_04360	AANGNE_03475	68.3	252	80	0	1	252	1	252	9.31e-108	308
EABAIN_04365	FAKCMI_12975	99.3	443	3	0	1	443	1	443	3.38e-305	825
EABAIN_04365	BNBIEO_00300	51.3	439	211	2	3	438	4	442	8.36e-151	433
EABAIN_04365	ABNNBP_11250	44.8	451	240	4	1	442	1	451	2.46e-123	363
EABAIN_04365	JBKKJP_13050	30.4	464	293	9	3	441	9	467	1.89e-57	193
EABAIN_04365	AAKGEC_06030	33.1	390	246	7	1	381	1	384	5.05e-54	184
EABAIN_04365	PHNFPI_05015	29.2	363	242	4	1	352	4	362	1.21e-53	183
EABAIN_04370	ABCBPP_04480	98.8	692	8	0	1	692	1	692	0.0	1333
EABAIN_04370	AMCIGH_00390	59.7	692	275	1	2	689	9	700	1.01e-296	823
EABAIN_04375	DIBOGN_02545	92.6	269	20	0	1	269	28	296	3.08e-178	489
EABAIN_04375	BLIMPP_08160	68.8	269	84	0	1	269	18	286	1.12e-129	366
EABAIN_04375	AAKGEC_06655	34.0	268	171	3	5	269	2	266	1.96e-49	161
EABAIN_04380	CDIIGJ_03270	76.4	182	42	1	3	183	2	183	2.24e-90	259
EABAIN_04385	BDMBBJ_07890	98.9	461	3	1	1	459	1	461	3.05e-293	795
EABAIN_04385	BNBIEO_00620	62.7	464	139	5	1	459	1	435	2.28e-173	490
EABAIN_04390	BNBIEO_00615	84.5	322	50	0	1	322	16	337	2.25e-193	531
EABAIN_04390	AAKGEC_11835	49.8	319	157	3	4	322	6	321	3.12e-103	302
EABAIN_04395	AAKGEC_07685	100	223	0	0	1	223	1	223	1.54e-151	417
EABAIN_04395	AANGNE_03495	48.0	223	115	1	1	223	1	222	3.92e-65	198
EABAIN_04400	AAKGEC_07680	99.9	829	1	0	1	829	1	829	0.0	1677
EABAIN_04405	AAKGEC_07675	100	251	0	0	1	251	1	251	1.67e-178	487
EABAIN_04405	DNKGCI_02325	45.9	242	130	1	4	245	2	242	4.88e-80	238
EABAIN_04405	AANGNE_02385	39.2	245	146	2	4	246	2	245	1.57e-59	186
EABAIN_04410	HNNKEJ_05840	86.1	468	60	1	1	468	1	463	1.53e-296	804
EABAIN_04410	AANGNE_01470	45.3	470	228	3	1	469	1	442	7.89e-137	398
EABAIN_04410	NGIILC_02175	42.4	467	239	4	1	466	1	438	1.08e-129	380
EABAIN_04410	AANGNE_03570	33.7	466	264	8	9	465	9	438	6.93e-76	242
EABAIN_04410	DDKKPM_03600	29.6	469	282	10	4	468	7	431	2.14e-61	203
EABAIN_04410	CGMKCF_11750	31.0	436	250	14	45	457	80	487	3.43e-49	172
EABAIN_04415	BNPKDP_04435	86.8	453	43	1	1	453	1	436	7.03e-303	818
EABAIN_04415	AANGNE_08355	37.1	477	265	9	7	452	5	477	1.25e-102	311
EABAIN_04415	ACDDAG_07275	37.0	481	260	15	4	452	9	478	5.36e-94	289
EABAIN_04415	BGHOFK_02325	34.3	475	278	10	6	452	10	478	6.76e-92	283
EABAIN_04415	DAEIAJ_08645	35.2	480	265	12	8	452	6	474	2.56e-90	279
EABAIN_04415	CDIIGJ_10515	34.0	500	275	13	7	452	5	503	4.18e-86	269
EABAIN_04420	BMNCPF_13565	99.2	265	2	0	3	267	8	272	1.49e-197	537
EABAIN_04420	ACDDAG_08030	64.3	266	95	0	1	266	1	266	1.90e-128	362
EABAIN_04425	AAKGEC_07655	99.1	117	1	0	1	117	1	117	1.52e-82	234
EABAIN_04430	CNLKLD_07645	75.5	416	99	2	4	419	3	415	7.54e-226	621
EABAIN_04430	AANGNE_03520	66.2	414	139	1	1	414	1	413	2.00e-190	540
EABAIN_04435	AANGNE_03520	88.4	666	71	1	1	666	1	660	0.0	1166
EABAIN_04435	CNLKLD_07645	63.3	411	147	3	4	413	3	410	5.86e-181	517
EABAIN_04440	LKGJOH_04475	96.0	223	7	1	1	223	1	221	1.43e-151	417
EABAIN_04445	DNKGCI_06400	82.5	286	50	0	2	287	6	291	1.22e-160	445
EABAIN_04450	AAKGEC_07630	98.7	151	2	0	1	151	1	151	4.86e-106	296
EABAIN_04450	AANGNE_03545	68.1	144	46	0	1	144	1	144	1.22e-66	196
EABAIN_04460	BGHOFK_01575	78.8	717	149	1	1	717	1	714	0.0	1051
EABAIN_04460	AANGNE_03555	70.9	717	186	4	1	716	1	695	0.0	946
EABAIN_04460	LDJGMM_06975	32.5	613	373	11	123	709	71	668	1.27e-81	270
EABAIN_04460	ABIMCM_08870	26.4	749	469	17	1	715	5	705	1.18e-73	249
EABAIN_04460	AAOIOD_03725	32.7	474	281	10	232	687	199	652	1.19e-62	218
EABAIN_04460	AAKGEC_02970	29.1	602	375	13	122	709	25	588	2.47e-62	216
EABAIN_04460	CGMKCF_08225	28.2	539	324	13	146	661	57	555	2.59e-54	194
EABAIN_04470	ABCLFC_08230	90.5	883	84	0	1	883	9	891	0.0	1545
EABAIN_04470	AAOIOD_04085	57.2	872	360	7	3	874	4	862	0.0	936
EABAIN_04475	CDIIGJ_03180	75.5	253	61	1	7	259	2	253	6.36e-141	393
EABAIN_04475	AANGNE_06355	65.4	260	87	2	1	258	1	259	6.44e-130	365
EABAIN_04480	AAKGEC_07600	99.5	384	2	0	1	384	1	384	8.42e-289	777
EABAIN_04485	DDDLLA_08790	92.9	408	29	0	1	408	1	408	1.61e-253	690
EABAIN_04490	AAKGEC_07590	98.3	238	4	0	1	238	1	238	4.78e-167	457
EABAIN_04495	AAKGEC_07585	99.2	237	2	0	1	237	1	237	6.83e-171	467
EABAIN_04500	ABJDJH_06405	99.7	691	2	0	2	692	6	696	0.0	1343
EABAIN_04505	CGMKCF_04160	97.2	390	8	1	1	387	1	390	1.67e-279	754
EABAIN_04505	CJHCCN_07720	61.6	372	122	3	4	374	5	356	6.38e-163	458
EABAIN_04510	AAKGEC_07570	99.2	472	4	0	1	472	1	472	0.0	951
EABAIN_04510	ACDDAG_05170	48.9	472	228	7	3	470	2	464	1.08e-156	450
EABAIN_04515	DDDLLA_09560	75.4	118	28	1	1	117	13	130	1.09e-60	179
EABAIN_04515	AANGNE_02835	62.4	117	44	0	1	117	1	117	2.80e-49	150
EABAIN_04520	AAKGEC_07560	99.5	367	2	0	1	367	1	367	5.10e-270	728
EABAIN_04520	AANGNE_02840	60.7	369	143	1	1	367	1	369	1.77e-169	474
EABAIN_04525	AAKGEC_07555	100	142	0	0	1	142	1	142	2.56e-99	278
EABAIN_04525	BNBIEO_01400	60.3	141	56	0	1	141	1	141	1.78e-56	170
EABAIN_04525	AANGNE_06755	57.9	140	59	0	1	140	1	140	1.60e-52	160
EABAIN_04530	AAKGEC_07550	99.1	435	4	0	1	435	1	435	2.77e-313	843
EABAIN_04530	EIKFFD_00920	50.1	437	215	2	2	435	4	440	4.58e-148	425
EABAIN_04535	AAKGEC_07545	99.7	305	1	0	1	305	1	305	1.52e-217	590
EABAIN_04535	BNBIEO_02790	57.8	249	105	0	2	250	3	251	3.62e-103	300
EABAIN_04535	LGJCEJ_06495	41.6	243	133	4	21	259	48	285	2.04e-57	187
EABAIN_04535	BGHOFK_03950	40.4	240	137	3	1	238	38	273	2.96e-54	180
EABAIN_04535	AAKGEC_12175	39.9	238	137	4	1	235	5	239	8.43e-48	157
EABAIN_04535	AAKGEC_00645	36.0	253	148	3	12	254	16	264	2.52e-45	154
EABAIN_04540	IAFHMK_08485	77.8	500	110	1	1	500	1	499	2.88e-267	733
EABAIN_04545	JMOLFK_04215	78.5	708	96	5	1	683	1	677	0.0	951
EABAIN_04545	OAEMLE_06945	41.4	577	254	9	1	536	1	534	3.57e-106	347
EABAIN_04550	ABJDJH_11615	63.7	182	64	1	4	183	12	193	2.03e-72	214
EABAIN_04570	ABJDJH_11615	91.9	185	15	0	1	185	9	193	7.21e-115	321
EABAIN_04575	PFILNK_05065	85.0	695	55	2	1	695	1	646	0.0	1052
EABAIN_04575	LDJGMM_06975	70.6	635	180	4	65	694	42	674	1.63e-297	825
EABAIN_04575	BGHOFK_01575	33.3	619	372	12	91	694	120	712	4.24e-87	285
EABAIN_04575	ABIMCM_02075	32.1	548	339	14	162	695	92	620	1.27e-69	236
EABAIN_04580	DKIIMI_04455	84.5	504	77	1	1	504	8	510	4.22e-198	578
EABAIN_04590	DNKGCI_06480	80.4	276	53	1	14	288	1	276	6.08e-156	433
EABAIN_04595	AEMMAL_03545	76.3	417	99	0	1	417	13	429	4.73e-232	637
EABAIN_04605	AAKGEC_07475	97.1	385	11	0	1	385	1	385	1.78e-270	731
EABAIN_04610	LLNOII_01735	98.6	285	4	0	1	285	26	310	1.52e-197	539
EABAIN_04610	AANGNE_02920	64.2	285	100	1	1	285	1	283	1.45e-126	358
EABAIN_04615	EPKBNI_04470	100	263	0	0	1	263	1	263	1.49e-186	509
EABAIN_04620	CLAPNJ_07735	100	146	0	0	1	146	1	146	1.76e-100	281
EABAIN_04625	KEMHDF_04620	99.5	554	3	0	1	554	1	554	0.0	1018
EABAIN_04630	BMNCPF_13375	98.9	187	2	0	1	187	1	187	7.35e-125	347
EABAIN_04635	AAKGEC_07445	99.4	173	1	0	1	173	1	173	2.49e-121	336
EABAIN_04640	AJCMKJ_05155	97.4	308	8	0	1	308	1	308	1.89e-197	540
EABAIN_04645	AANGNE_02990	90.0	311	31	0	7	317	13	323	3.23e-199	545
EABAIN_04650	MHGLEN_09670	94.4	126	7	0	1	126	1	126	1.43e-75	217
EABAIN_04655	HNNKEJ_05510	76.5	762	178	1	1	762	1	761	0.0	1151
EABAIN_04655	AANGNE_03000	58.9	761	304	6	7	761	6	763	7.47e-313	870
EABAIN_04660	AAKGEC_07420	100	329	0	0	1	329	1	329	3.24e-231	627
EABAIN_04660	AANGNE_03005	72.3	328	90	1	1	327	1	328	1.62e-169	471
EABAIN_04670	BGHOFK_01340	81.9	509	87	4	1	506	1	507	5.55e-233	646
EABAIN_04670	CKLNFN_01970	53.2	515	213	8	1	506	1	496	1.80e-135	398
EABAIN_04675	FGPNLL_05100	93.2	220	15	0	1	220	1	220	5.14e-142	393
EABAIN_04680	AAKGEC_07400	99.7	291	1	0	1	291	1	291	7.20e-209	567
EABAIN_04680	BGHOFK_00085	46.6	292	152	1	3	290	1	292	1.60e-87	260
EABAIN_04685	BGHOFK_01330	91.5	223	19	0	2	224	3	225	4.72e-149	410
EABAIN_04690	CKLNFN_03530	87.5	112	14	0	1	112	3	114	4.55e-67	194
EABAIN_04695	AAKGEC_02095	33.2	379	232	8	1	367	1	370	1.48e-53	178
EABAIN_04695	AGINCK_04610	32.8	393	229	9	1	373	1	378	9.67e-51	171
EABAIN_04705	NKPHMN_05750	68.7	195	60	1	1	195	1	194	1.64e-93	268
EABAIN_04710	AAKGEC_12045	46.2	182	91	1	5	179	10	191	1.63e-47	150
EABAIN_04730	APEJKH_05295	50.3	143	70	1	99	240	94	236	5.17e-46	150
EABAIN_04760	CNLKLD_04595	67.9	165	31	4	1	144	1	164	2.47e-68	201
EABAIN_04760	FDLGOJ_03220	69.4	144	41	3	1	144	5	145	6.64e-62	184
EABAIN_04830	AAKGEC_08675	97.0	99	3	0	1	99	1	99	2.70e-67	194
EABAIN_04840	DFCDFN_06975	79.4	577	118	1	1	577	1	576	0.0	934
EABAIN_04850	ACIHME_05525	97.2	397	11	0	1	397	29	425	2.92e-282	763
EABAIN_04870	AAKGEC_08710	81.6	98	18	0	1	98	1	98	8.98e-53	157
EABAIN_04875	AAKGEC_08715	81.3	128	24	0	1	128	1	128	4.39e-73	211
EABAIN_04880	AAKGEC_08720	85.1	134	20	0	1	134	1	134	2.13e-76	219
EABAIN_04905	BPHPFJ_09270	87.9	1360	164	1	1	1359	1	1360	0.0	1810
EABAIN_04935	BGHOFK_06095	89.2	260	27	1	1	259	1	260	4.25e-151	419
EABAIN_04950	KIDCCO_05445	97.1	442	2	1	1	442	1	431	8.66e-311	837
EABAIN_04950	AANGNE_04520	58.5	436	178	2	3	435	7	442	9.42e-178	501
EABAIN_04950	AAKGEC_03530	31.8	425	255	12	17	431	5	404	3.36e-56	188
EABAIN_04955	DANMKC_05480	90.4	178	17	0	1	178	1	178	4.81e-111	311
EABAIN_04960	AAKGEC_07370	99.2	243	2	0	1	243	1	243	1.95e-173	474
EABAIN_04970	AMBJPI_03465	100	141	0	0	1	141	1	141	2.47e-96	271
EABAIN_04970	AANGNE_02690	58.9	141	58	0	1	141	1	141	3.65e-55	166
EABAIN_04970	AANGNE_05865	56.7	141	61	0	1	141	1	141	1.40e-52	160
EABAIN_04975	AAKGEC_07350	100	177	0	0	1	177	1	177	3.01e-124	344
EABAIN_04975	ACDDAG_04390	69.1	175	53	1	4	177	23	197	1.63e-82	239
EABAIN_04980	ABIMCM_04360	99.5	184	1	0	1	184	1	184	3.13e-117	352
EABAIN_04985	ABIMCM_04360	83.2	441	72	1	23	461	361	801	2.60e-142	424
EABAIN_04990	AANGNE_03070	87.9	107	13	0	4	110	6	112	4.53e-67	194
EABAIN_04995	CGMKCF_05245	93.4	316	21	0	1	316	1	316	1.09e-216	590
EABAIN_05005	AHPAPB_10090	99.3	279	2	0	1	279	22	300	1.56e-202	551
EABAIN_05005	OBFACL_08170	37.7	265	162	2	10	271	7	271	4.60e-51	167
EABAIN_05010	KABOBF_01505	89.4	94	2	1	1	86	1	94	4.04e-51	152
EABAIN_05175	AAKGEC_07330	99.7	399	1	0	1	399	1	399	5.17e-277	749
EABAIN_05175	AANGNE_01825	62.2	399	151	0	1	399	1	399	2.12e-185	517
EABAIN_05175	AAKGEC_03470	62.6	404	142	2	5	399	3	406	5.22e-182	509
EABAIN_05180	AAKGEC_07325	98.8	432	5	0	1	432	1	432	1.45e-286	776
EABAIN_05180	CDIIGJ_10600	52.7	389	148	6	47	429	31	389	8.59e-125	366
EABAIN_05180	DBFGIH_06595	52.3	371	146	6	60	428	44	385	1.18e-118	350
EABAIN_05185	AAKGEC_07320	98.9	89	1	0	1	89	1	89	8.91e-57	166
EABAIN_05190	DMIHID_10295	91.9	209	16	1	1	209	1	208	1.58e-130	362
EABAIN_05190	AANGNE_06825	45.9	209	109	2	1	209	1	205	7.17e-60	183
EABAIN_05195	BGHOFK_05300	86.0	329	44	1	1	329	1	327	2.59e-186	514
EABAIN_05195	CJHCCN_04025	65.5	330	104	3	1	327	1	323	1.71e-135	385
EABAIN_05200	AANGNE_06815	89.0	209	23	0	1	209	1	209	3.80e-125	349
EABAIN_05205	AAKGEC_07300	99.6	268	1	0	1	268	1	268	1.05e-194	530
EABAIN_05205	AANGNE_06810	61.2	268	103	1	1	268	1	267	6.38e-122	345
EABAIN_05210	JIBFFE_12770	99.5	196	1	0	1	196	13	208	7.26e-144	395
EABAIN_05215	BCIBOL_04640	100	135	0	0	1	135	1	135	5.55e-97	272
EABAIN_05215	AANGNE_06800	66.2	136	41	1	1	136	1	131	1.58e-59	177
EABAIN_05220	JIBFFE_12760	98.5	201	2	1	1	201	1	200	6.16e-140	385
EABAIN_05225	NDPFCM_04505	98.6	416	4	1	1	414	1	416	1.10e-286	775
EABAIN_05225	CJHCCN_04000	72.7	392	106	1	2	393	12	402	1.08e-201	560
EABAIN_05230	AGINCK_01140	98.9	356	1	1	1	356	1	353	5.45e-261	704
EABAIN_05235	AAKGEC_07270	100	253	0	0	1	253	1	253	2.12e-182	497
EABAIN_05250	ABCBPP_12950	81.2	527	84	2	1	513	1	526	8.70e-300	816
EABAIN_05250	AANGNE_03805	52.5	524	203	5	1	510	1	492	1.46e-173	495
EABAIN_05250	AANGNE_04410	27.1	528	327	14	13	510	13	512	1.45e-40	151
EABAIN_05255	BLIMPP_07115	88.7	540	60	1	1	540	1	539	0.0	957
EABAIN_05260	CNOINH_00640	79.8	425	62	1	1	425	1	401	2.56e-229	629
EABAIN_05265	AAKGEC_07240	100	310	0	0	1	310	1	310	5.28e-216	587
EABAIN_05265	BPNNAG_07700	32.8	287	192	1	19	305	8	293	4.24e-47	157
EABAIN_05270	GHPLOC_04750	98.6	363	0	1	1	363	1	358	5.89e-259	700
EABAIN_05275	AIGDEK_01755	98.2	225	4	0	2	226	3	227	1.60e-157	432
EABAIN_05275	AANGNE_06410	67.9	196	63	0	12	207	1	196	2.86e-89	258
EABAIN_05280	HNNJHH_01325	99.7	651	2	0	1	651	37	687	0.0	1273
EABAIN_05280	CNLKLD_06600	51.0	641	296	10	15	647	8	638	2.45e-209	597
EABAIN_05290	EKJHIG_07470	98.4	245	4	0	1	245	30	274	2.60e-179	490
EABAIN_05290	AAOIOD_10510	61.7	243	93	0	1	243	1	243	7.19e-112	318
EABAIN_05295	AAKGEC_07210	99.1	217	2	0	1	217	1	217	2.62e-124	347
EABAIN_05300	AAKGEC_07205	99.4	154	1	0	1	154	1	154	3.39e-103	289
EABAIN_05300	AANGNE_03605	60.8	148	58	0	1	148	1	148	7.72e-55	166
EABAIN_05305	AAKGEC_07200	99.2	514	4	0	1	514	1	514	0.0	961
EABAIN_05305	EKEFPE_07370	66.2	494	167	0	1	494	1	494	1.33e-231	643
EABAIN_05305	BIHALF_08420	29.0	479	304	11	24	497	16	463	5.02e-48	169
EABAIN_05310	BCFLNJ_11120	94.2	242	11	1	1	239	1	242	3.50e-152	420
EABAIN_05310	BLCAGE_03725	52.3	239	114	0	1	239	1	239	7.85e-80	236
EABAIN_05320	AAKGEC_01025	100	411	0	0	1	411	1	411	1.07e-307	827
EABAIN_05325	HNNJHH_01220	95.0	80	2	1	1	78	1	80	3.41e-54	159
EABAIN_05330	AHPAPB_07960	97.9	235	4	1	1	234	1	235	1.36e-162	446
EABAIN_05335	NAFEBK_03350	98.0	150	1	1	1	148	1	150	6.39e-110	305
EABAIN_05335	AANGNE_05965	59.3	145	52	1	3	147	2	139	6.49e-60	179
EABAIN_05340	DFCDFN_04420	82.2	107	19	0	1	107	1	107	1.03e-60	178
EABAIN_05345	AAKGEC_01000	99.6	555	2	0	1	555	1	555	0.0	1078
EABAIN_05350	AAKGEC_00995	99.0	196	2	0	2	197	2	197	7.72e-130	360
EABAIN_05355	DNKGCI_10375	77.2	281	62	1	1	281	1	279	1.27e-153	427
EABAIN_05355	AANGNE_04620	43.6	282	154	5	1	281	1	278	6.06e-72	219
EABAIN_05355	AAKGEC_10505	36.4	280	167	7	7	281	7	280	7.16e-49	160
EABAIN_05360	ABJDJH_11510	99.3	295	2	0	1	295	27	321	1.02e-198	543
EABAIN_05365	AANGNE_03680	79.4	248	51	0	1	248	1	248	2.61e-141	393
EABAIN_05365	AAKGEC_12175	49.8	241	118	1	1	241	5	242	1.28e-77	231
EABAIN_05365	AAKGEC_12360	50.6	241	114	2	2	241	7	243	9.25e-76	227
EABAIN_05365	AANGNE_02185	46.1	245	127	2	1	244	4	244	5.26e-72	217
EABAIN_05365	LGJCEJ_06495	43.0	223	120	5	19	239	46	263	1.21e-50	167
EABAIN_05365	AANGNE_01045	35.1	268	154	5	1	249	3	269	1.47e-47	158
EABAIN_05365	AAKGEC_05805	39.7	257	137	6	1	239	4	260	5.10e-47	157
EABAIN_05375	MKCKPI_06015	99.4	308	2	0	1	308	16	323	2.30e-224	608
EABAIN_05375	AANGNE_04950	32.3	300	200	3	6	304	209	506	7.29e-49	167
EABAIN_05385	HNNKEJ_05215	79.0	809	163	3	8	816	1	802	0.0	1244
EABAIN_05385	BLCAGE_03870	71.2	730	205	2	1	730	1	725	0.0	1026
EABAIN_05385	DBFGIH_06730	47.2	661	326	10	72	720	41	690	1.07e-195	570
EABAIN_05385	PEPBIK_06785	46.2	660	336	7	74	723	18	668	4.50e-192	560
EABAIN_05390	BGHOFK_05110	75.3	190	47	0	1	190	1	190	3.62e-104	295
EABAIN_05390	AANGNE_03735	69.5	190	58	0	4	193	5	194	4.94e-95	271
EABAIN_05395	EHLNLG_09380	96.6	352	12	0	1	352	4	355	4.04e-251	679
EABAIN_05400	BGHOFK_05075	77.6	312	69	1	1	312	1	311	5.25e-176	486
EABAIN_05400	LBKFJK_03615	69.4	314	94	2	1	313	1	313	9.33e-154	430
EABAIN_05405	AAKGEC_00940	100	87	0	0	1	87	1	87	4.31e-54	159
EABAIN_05410	AAKGEC_00935	100	445	0	0	1	445	1	445	2.40e-287	779
EABAIN_05415	HNAFAL_02430	94.6	148	8	0	1	148	1	148	3.79e-99	279
EABAIN_05420	BGHOFK_05055	82.6	230	39	1	1	230	1	229	1.15e-145	402
EABAIN_05425	AAKGEC_00920	98.4	248	4	0	1	248	1	248	2.17e-168	461
EABAIN_05425	AANGNE_02115	64.9	211	71	2	40	247	50	260	1.35e-90	265
EABAIN_05430	AAKGEC_00915	99.3	134	1	0	1	134	1	134	1.40e-81	233
EABAIN_05435	DFCDFN_06275	78.1	347	75	1	1	347	11	356	9.60e-203	557
EABAIN_05435	DDKKPM_00580	74.0	346	89	1	1	346	10	354	5.47e-190	525
EABAIN_05440	HNNKEJ_05145	67.1	146	46	1	36	179	36	181	1.22e-57	176
EABAIN_05440	HPDOHA_04170	64.6	147	51	1	34	179	46	192	3.98e-56	172
EABAIN_05445	KABOBF_10205	98.7	594	8	0	1	594	1	594	0.0	1088
EABAIN_05450	MHGLEN_03375	95.1	587	29	0	1	587	1	587	0.0	1142
EABAIN_05455	AAKGEC_00885	98.9	379	4	0	1	379	1	379	7.85e-271	731
EABAIN_05455	AAOIOD_01845	34.8	368	225	8	8	365	6	368	3.94e-54	180
EABAIN_05460	AAKGEC_00880	98.7	233	3	0	1	233	1	233	5.10e-155	426
EABAIN_05460	AANGNE_02145	67.1	231	76	0	1	231	1	231	5.75e-101	290
EABAIN_05465	AAKGEC_00875	98.0	305	6	0	1	305	1	305	5.69e-213	579
EABAIN_05465	AANGNE_02150	63.6	305	110	1	1	304	1	305	5.31e-133	377
EABAIN_05465	AAOIOD_01420	34.8	305	197	1	1	303	1	305	1.51e-56	182
EABAIN_05470	DDDLLA_00680	84.0	638	96	2	1	634	1	636	0.0	1010
EABAIN_05470	AAOIOD_01425	40.8	476	256	7	163	634	6	459	1.15e-102	322
EABAIN_05470	AANGNE_04005	36.0	456	259	10	163	600	5	445	1.78e-69	231
EABAIN_05475	DDDLLA_00675	80.5	477	93	0	5	481	8	484	2.11e-293	797
EABAIN_05475	AANGNE_03810	73.0	477	129	0	5	481	5	481	7.83e-265	725
EABAIN_05475	AAKGEC_11065	38.3	473	281	5	14	481	16	482	4.57e-111	334
EABAIN_05480	BGHOFK_04990	90.2	296	28	1	1	295	1	296	5.92e-192	525
EABAIN_05485	OAEMLE_06825	99.1	327	3	0	1	327	1	327	1.06e-233	635
EABAIN_05490	DDDLLA_00655	79.1	301	63	0	1	301	1	301	1.86e-168	466
EABAIN_05490	EEJBJI_05590	73.1	305	81	1	1	304	1	305	5.55e-154	430
EABAIN_05495	AAKGEC_00845	98.9	185	2	0	1	185	1	185	1.42e-126	350
EABAIN_05495	AANGNE_03830	43.8	185	104	0	1	185	1	185	7.04e-50	156
EABAIN_05500	BAOMEA_00695	97.6	295	4	1	1	292	1	295	4.42e-202	550
EABAIN_05505	AAKGEC_00835	98.1	540	10	0	1	540	1	540	0.0	992
EABAIN_05505	AAOIOD_06645	49.0	547	267	5	1	538	1	544	3.06e-174	500
EABAIN_05510	AAKGEC_00830	98.4	123	2	0	1	123	1	123	3.44e-79	226
EABAIN_05515	ABNNBP_08525	93.9	264	16	0	1	264	1	264	5.91e-177	484
EABAIN_05520	CNLKLD_02275	93.8	176	11	0	1	176	10	185	6.63e-125	346
EABAIN_05525	BNPKDP_05395	80.1	301	60	0	1	301	22	322	2.68e-182	502
EABAIN_05525	CJHCCN_03770	50.2	295	141	3	5	299	30	318	7.03e-106	308
EABAIN_05530	DDDLLA_00375	80.2	363	72	0	1	363	38	400	6.51e-210	578
EABAIN_05530	AAKGEC_03190	34.8	333	199	9	40	361	19	344	2.45e-48	164
EABAIN_05535	DFCDFN_06170	92.1	229	18	0	2	230	3	231	5.72e-153	421
EABAIN_05535	AAKGEC_05665	38.3	227	131	2	3	220	1	227	7.89e-47	152
EABAIN_05540	AAKGEC_00800	95.8	311	13	0	1	311	1	311	9.68e-208	566
EABAIN_05540	AANGNE_06565	67.8	311	100	0	1	311	1	311	2.20e-146	411
EABAIN_05545	DFCDFN_06160	82.5	326	56	1	1	325	1	326	3.49e-199	546
EABAIN_05550	DDDLLA_00355	84.3	722	113	0	1	722	21	742	0.0	1231
EABAIN_05555	AAKGEC_00785	99.3	140	1	0	1	140	1	140	1.89e-100	281
EABAIN_05555	AANGNE_06545	65.9	138	46	1	1	137	1	138	1.80e-66	195
EABAIN_05565	PEPBIK_07990	88.7	212	24	0	1	212	4	215	2.10e-126	352
EABAIN_05570	CNLKLD_06600	87.0	646	81	2	1	644	1	645	0.0	1098
EABAIN_05570	HNNJHH_01325	51.2	642	296	11	6	637	49	683	6.51e-213	608
EABAIN_05575	AAKGEC_00765	98.3	179	3	0	1	179	1	179	2.47e-124	344
EABAIN_05580	BGHOFK_04890	77.9	276	58	1	1	276	1	273	3.08e-147	410
EABAIN_05580	IHNEIG_03435	60.9	274	104	2	3	276	9	279	9.15e-113	323
EABAIN_05585	AAKGEC_00755	99.3	149	1	0	1	149	1	149	3.58e-107	298
EABAIN_05585	AANGNE_06520	56.9	144	61	1	5	147	3	146	3.40e-53	162
EABAIN_05590	BACFJJ_03605	79.0	828	169	4	1	824	1	827	0.0	1297
EABAIN_05590	HNNKEJ_03900	39.9	674	392	4	3	667	5	674	1.12e-160	486
EABAIN_05595	MPMINF_04995	100	301	0	0	1	301	1	301	2.68e-213	580
EABAIN_05600	FAKCMI_00935	76.8	362	84	0	1	362	1	362	1.41e-207	570
EABAIN_05605	AAKGEC_00735	98.6	216	3	0	1	216	1	216	1.43e-148	409
EABAIN_05610	AAKGEC_00730	99.0	398	4	0	1	398	1	398	1.03e-287	776
EABAIN_05615	AGDPFD_03945	82.4	153	27	0	1	153	1	153	2.11e-89	254
EABAIN_05620	AAKGEC_00720	99.3	150	1	0	1	150	1	150	8.75e-104	290
EABAIN_05625	BGHOFK_04865	85.8	296	42	0	6	301	6	301	6.14e-181	498
EABAIN_05630	AAKGEC_00710	98.0	147	3	0	1	147	1	147	9.86e-95	267
EABAIN_05630	DICHKL_01080	64.4	146	52	0	2	147	3	148	2.02e-62	185
EABAIN_05635	AGINCK_00645	98.5	523	8	0	1	523	18	540	0.0	1008
EABAIN_05635	AANGNE_03460	50.8	498	221	5	16	513	38	511	1.70e-171	491
EABAIN_05640	BGHOFK_04850	83.3	318	52	1	1	318	1	317	1.64e-191	526
EABAIN_05640	CNLKLD_03550	75.4	313	75	2	5	317	4	314	1.76e-169	470
EABAIN_05645	BGHOFK_04845	79.6	225	45	1	1	225	1	224	1.01e-126	354
EABAIN_05645	AGINCK_01445	58.9	224	84	3	1	224	1	216	3.48e-93	269
EABAIN_05645	CNLKLD_03860	43.7	229	121	3	5	228	6	231	3.24e-56	176
EABAIN_05645	CNLKLD_02960	43.4	235	119	5	2	226	3	233	1.06e-55	174
EABAIN_05650	GFPDIJ_07775	94.5	181	0	1	1	171	1	181	1.60e-107	301
EABAIN_05655	AAKGEC_00685	100	441	0	0	1	441	1	441	1.24e-303	820
EABAIN_05655	ABCLFC_08195	34.0	403	247	8	42	439	2	390	2.68e-69	222
EABAIN_05660	AAKGEC_00680	98.2	218	4	0	1	218	1	218	6.06e-151	415
EABAIN_05660	BLCAGE_01450	44.9	216	116	2	1	215	7	220	4.81e-64	195
EABAIN_05665	AGDPFD_04480	83.3	606	100	1	1	605	1	606	0.0	985
EABAIN_05670	BPDDPD_11960	98.8	83	1	0	1	83	10	92	2.34e-52	160
EABAIN_05675	BPDDPD_11960	96.4	140	5	0	1	140	95	234	3.93e-96	273
EABAIN_05675	AANGNE_05160	67.9	137	44	0	1	137	86	222	9.44e-67	199
EABAIN_05680	BIHALF_01615	90.2	215	21	0	1	215	1	215	1.19e-136	379
EABAIN_05685	AAKGEC_00660	97.7	130	3	0	1	130	1	130	6.03e-90	253
EABAIN_05690	KCGGLB_01940	97.5	635	16	0	1	635	1	635	0.0	1159
EABAIN_05690	AANGNE_04410	73.2	635	169	1	1	635	1	634	1.47e-314	863
EABAIN_05690	AANGNE_02030	35.8	509	324	3	1	509	1	506	1.28e-109	337
EABAIN_05690	AAKGEC_02945	34.8	511	329	4	1	511	1	507	3.56e-101	315
EABAIN_05690	CNLKLD_03745	33.2	614	379	13	7	612	7	597	1.82e-84	274
EABAIN_05690	AANGNE_00260	31.4	542	356	7	3	537	1	533	3.11e-76	250
EABAIN_05695	AIPJBK_10830	80.7	285	3	1	1	285	1	233	1.91e-152	422
EABAIN_05700	AAKGEC_06595	99.5	220	1	0	1	220	1	220	3.40e-152	419
EABAIN_05720	AAKGEC_06615	100	209	0	0	1	209	1	209	2.58e-143	395
EABAIN_05725	HNNKEJ_03595	77.6	424	92	1	1	421	1	424	2.93e-236	648
EABAIN_05725	AANGNE_04420	72.5	418	115	0	3	420	2	419	1.04e-223	616
EABAIN_05735	CDIIGJ_02085	78.5	223	47	1	1	222	1	223	3.95e-124	347
EABAIN_05735	BNBIEO_08545	60.2	221	88	0	1	221	1	221	1.31e-94	273
EABAIN_05740	AAKGEC_06635	100	218	0	0	1	218	1	218	1.76e-159	436
EABAIN_05745	AAKGEC_06640	98.7	230	3	0	1	230	1	230	2.98e-157	432
EABAIN_05745	AECHFI_07860	66.5	230	71	3	1	229	1	225	1.20e-95	276
EABAIN_05750	AAKGEC_06645	99.2	257	2	0	1	257	1	257	1.55e-186	508
EABAIN_05750	AANGNE_05105	65.8	257	87	1	1	257	1	256	3.14e-119	338
EABAIN_05755	BGHOFK_03540	83.5	121	20	0	1	121	1	121	1.76e-69	201
EABAIN_05760	AAKGEC_06655	99.3	271	2	0	1	271	1	271	1.49e-191	522
EABAIN_05760	DIBOGN_02545	34.7	268	169	3	2	266	32	296	2.47e-47	156
EABAIN_05765	AAKGEC_06660	99.6	453	2	0	1	453	1	453	0.0	909
EABAIN_05765	AANGNE_03875	73.2	425	106	2	1	417	4	428	3.20e-233	642
EABAIN_05770	AAKGEC_06665	98.5	135	2	0	1	135	1	135	1.29e-91	258
EABAIN_05775	BIHALF_01680	74.2	383	99	0	1	383	1	383	2.39e-197	547
EABAIN_05775	DBFGIH_08970	58.9	389	158	2	1	388	7	394	1.22e-150	428
EABAIN_05775	BNBIEO_00315	31.8	340	225	5	50	387	49	383	1.63e-42	150
EABAIN_05780	AAKGEC_06675	99.0	104	1	0	1	104	1	104	6.99e-70	201
EABAIN_05785	AANGNE_03900	82.9	111	19	0	1	111	1	111	1.97e-64	187
EABAIN_05790	AAKGEC_06685	100	94	0	0	1	94	1	94	7.37e-65	187
EABAIN_05795	CJHCCN_08915	89.1	174	19	0	1	174	1	174	2.67e-93	277
EABAIN_05795	ABIMCM_06435	89.1	165	18	0	10	174	25	189	9.60e-88	263
EABAIN_05800	CJHCCN_08915	82.0	328	58	1	1	327	181	508	2.03e-187	524
EABAIN_05800	ABIMCM_06435	68.1	332	100	2	1	326	196	527	1.21e-152	436
EABAIN_05805	BNBIEO_00025	83.1	314	53	0	1	314	1	314	5.30e-184	507
EABAIN_05810	BEGLKA_13615	85.7	154	22	0	1	154	1	154	2.88e-101	285
EABAIN_05810	IAMBHH_04735	64.2	151	53	1	1	151	10	159	8.67e-71	207
EABAIN_05815	AAKGEC_06705	100	162	0	0	1	162	1	162	2.75e-115	320
EABAIN_05820	AAKGEC_06710	100	151	0	0	1	151	1	151	4.67e-104	291
EABAIN_05820	AANGNE_03930	70.6	153	43	1	1	151	1	153	5.30e-74	215
EABAIN_05825	AAKGEC_06715	98.4	192	3	0	1	192	1	192	5.55e-141	387
EABAIN_05830	AAKGEC_06720	99.5	216	1	0	1	216	1	216	1.57e-161	441
EABAIN_05830	AANGNE_03935	50.2	213	105	1	4	216	3	214	4.04e-73	218
EABAIN_05835	BFGFFC_05595	98.9	436	5	0	1	436	1	436	2.98e-315	849
EABAIN_05835	BEIAAA_10170	55.3	436	174	4	7	439	3	420	3.82e-161	458
EABAIN_05840	ABCLFC_06900	83.6	207	34	0	1	207	1	207	9.33e-126	350
EABAIN_05845	AAKGEC_06735	99.4	165	1	0	1	165	1	165	4.67e-104	292
EABAIN_05850	AAKGEC_06740	99.7	339	1	0	1	339	1	339	5.77e-230	625
EABAIN_05855	ABCBPP_06010	98.8	250	3	0	1	250	1	250	3.49e-175	479
EABAIN_05860	AANGNE_03965	91.0	312	28	0	1	312	1	312	1.55e-215	587
EABAIN_05865	HNNKEJ_03785	75.6	673	164	0	1	673	1	673	0.0	1026
EABAIN_05865	AANGNE_03970	71.8	677	187	1	1	673	1	677	0.0	944
EABAIN_05875	EKJGNK_01690	99.8	403	1	0	1	403	1	403	7.35e-280	756
EABAIN_05880	ABCLFC_06855	85.1	194	29	0	1	194	1	194	2.55e-123	343
EABAIN_05880	CJHCCN_03945	69.8	192	58	0	1	192	2	193	1.01e-99	283
EABAIN_05890	DNKGCI_09760	78.4	490	104	1	1	488	1	490	1.62e-280	765
EABAIN_05895	BGHOFK_03655	79.9	159	32	0	2	160	1	159	8.26e-94	266
EABAIN_05900	DDDLLA_00800	81.8	274	50	0	1	274	9	282	1.22e-166	459
EABAIN_05905	LKGJOH_05815	97.3	219	6	0	1	219	1	219	7.02e-150	414
EABAIN_05905	CEPOIM_07510	44.1	222	116	4	1	216	1	220	1.44e-51	174
EABAIN_05905	AANGNE_07255	41.6	221	123	2	1	216	1	220	3.70e-50	170
EABAIN_05910	ABCBPP_06065	96.7	891	29	0	3	893	6	896	0.0	1570
EABAIN_05910	AAOIOD_00880	61.4	893	337	2	1	893	15	899	0.0	990
EABAIN_05915	BNPKDP_05810	98.1	261	5	0	1	261	1	261	1.01e-191	521
EABAIN_05920	IAFHMK_06900	81.1	449	83	1	1	449	1	447	3.30e-268	731
EABAIN_05925	BKOEEG_07425	92.3	221	17	0	1	221	2	222	4.57e-150	413
EABAIN_05925	AANGNE_04155	54.3	219	98	1	3	221	10	226	4.24e-84	246
EABAIN_05930	AEMMAL_06890	91.9	607	49	0	1	607	2	608	0.0	1088
EABAIN_05930	IAFHMK_02330	31.3	514	277	17	10	487	5	478	9.84e-48	173
EABAIN_05935	AAKGEC_04135	98.6	211	3	0	1	211	1	211	3.97e-148	407
EABAIN_05940	ABCLFC_06795	98.1	466	9	0	1	466	54	519	0.0	899
EABAIN_05945	HNNKEJ_03900	90.2	830	70	3	1	825	1	824	0.0	1308
EABAIN_05945	BACFJJ_03605	41.3	690	388	8	5	684	3	685	4.34e-168	504
EABAIN_05950	AIPJBK_10570	99.4	361	2	0	1	361	1	361	1.62e-260	705
EABAIN_05950	AANGNE_06505	70.1	361	103	2	1	361	1	356	7.13e-183	507
EABAIN_05950	AANGNE_01255	39.9	248	140	5	45	288	12	254	7.00e-52	172
EABAIN_05955	KABOBF_09515	86.9	252	29	1	1	248	1	252	2.25e-155	429
EABAIN_05955	AANGNE_06500	63.9	241	86	1	5	245	3	242	2.54e-108	309
EABAIN_05960	AKOOIJ_01825	96.1	415	15	1	1	414	1	415	2.23e-304	819
EABAIN_05965	AAKGEC_04100	99.6	921	4	0	1	921	1	921	0.0	1749
EABAIN_05970	ABCBPP_06135	99.0	209	2	0	1	209	1	209	5.66e-147	404
EABAIN_05975	AAKGEC_04090	99.6	258	1	0	1	258	1	258	3.79e-183	499
EABAIN_05980	GGNLIA_06015	95.1	708	29	1	1	708	1	702	0.0	1313
EABAIN_05985	ABCBPP_06150	100	155	0	0	1	155	1	155	5.65e-116	321
EABAIN_05990	CFLCIE_08105	99.5	190	1	0	1	190	1	190	2.92e-141	388
EABAIN_05995	ALHAGD_05895	99.2	126	1	0	1	126	1	126	5.68e-88	250
EABAIN_05995	AANGNE_06470	67.6	148	47	1	1	148	1	147	1.43e-73	214
EABAIN_06000	AAKGEC_04065	99.8	502	1	0	1	502	1	502	0.0	961
EABAIN_06005	ABNNBP_07950	79.9	239	39	1	1	230	1	239	1.64e-103	296
EABAIN_06010	AAKGEC_04055	98.2	329	6	0	1	329	1	329	1.96e-232	630
EABAIN_06010	AANGNE_06465	64.3	325	90	3	5	328	1	300	1.37e-142	402
EABAIN_06015	COBMDH_06290	90.8	306	22	1	1	300	8	313	1.61e-199	545
EABAIN_06015	AANGNE_06460	70.9	299	87	0	1	299	1	299	9.38e-155	431
EABAIN_06020	BGHOFK_03765	91.0	321	29	0	1	321	1	321	2.17e-208	569
EABAIN_06020	AANGNE_06610	42.1	316	177	3	1	315	1	311	3.79e-81	246
EABAIN_06020	AANGNE_00875	37.5	320	190	3	1	317	1	313	1.08e-78	239
EABAIN_06020	GHCKID_06985	34.9	318	197	6	6	323	2	309	2.76e-52	171
EABAIN_06020	AANGNE_02105	32.8	305	188	6	6	306	2	293	9.24e-52	170
EABAIN_06025	AAKGEC_04040	98.9	353	4	0	1	353	1	353	8.58e-255	689
EABAIN_06025	AANGNE_02820	54.2	347	158	1	1	346	1	347	3.74e-127	365
EABAIN_06030	AAKGEC_04035	100	297	0	0	1	297	1	297	1.56e-190	521
EABAIN_06030	AECHFI_07555	53.4	266	124	0	4	269	4	269	4.35e-91	270
EABAIN_06035	AAKGEC_04030	99.2	650	5	0	1	650	1	650	0.0	1213
EABAIN_06035	DBFGIH_04860	66.3	646	208	2	1	646	1	636	6.55e-309	850
EABAIN_06035	AANGNE_08360	33.3	670	375	15	5	647	3	627	2.41e-91	293
EABAIN_06035	AAKGEC_03590	30.2	658	410	14	16	646	12	647	6.68e-76	252
EABAIN_06035	AJKPDP_02710	30.1	661	393	16	13	649	19	634	3.58e-74	247
EABAIN_06040	CGMKCF_01490	98.9	283	3	0	1	283	1	283	5.11e-192	524
EABAIN_06040	DBFGIH_02365	42.6	282	161	1	1	282	1	281	6.27e-70	214
EABAIN_06045	DDDLLA_03930	76.1	251	60	0	2	252	3	253	7.36e-137	382
EABAIN_06050	ABNNBP_07905	83.0	323	37	1	1	323	1	305	7.40e-200	546
EABAIN_06050	AANGNE_00295	60.0	315	102	1	7	321	1	291	1.75e-134	380
EABAIN_06055	HNAFAL_01760	100	193	0	0	1	193	1	193	4.24e-137	378
EABAIN_06055	AANGNE_06445	45.7	188	101	1	1	187	1	188	4.80e-57	175
EABAIN_06060	AAKGEC_04005	99.3	445	3	0	1	445	1	445	0.0	917
EABAIN_06065	AAKGEC_09510	84.6	175	27	0	1	175	1	175	9.80e-112	312
EABAIN_06070	LBKFJK_09535	71.2	375	106	1	2	376	1	373	1.46e-201	556
EABAIN_06070	AANGNE_06440	71.8	373	103	1	3	375	4	374	3.38e-197	545
EABAIN_06075	BGHOFK_03820	81.7	268	48	1	1	268	1	267	5.30e-164	452
EABAIN_06075	BNBIEO_08330	52.0	271	121	3	5	269	8	275	1.30e-100	292
EABAIN_06080	AMCIGH_01055	80.8	146	28	0	1	146	19	164	4.75e-85	243
EABAIN_06085	GKALEM_05860	91.3	241	21	0	1	241	1	241	2.98e-169	464
EABAIN_06085	AANGNE_04480	58.3	247	97	4	1	242	1	246	5.11e-104	298
EABAIN_06090	ADJCAM_00200	99.2	257	2	0	1	257	18	274	9.69e-185	504
EABAIN_06095	AAKGEC_03970	98.5	205	3	0	1	205	1	205	7.74e-143	393
EABAIN_06095	LEAGNF_10685	54.4	204	93	0	1	204	1	204	2.25e-72	215
EABAIN_06100	AAKGEC_03965	100	329	0	0	1	329	1	329	3.15e-238	645
EABAIN_06105	OAEMLE_07555	98.0	197	4	0	1	197	1	197	9.34e-134	370
EABAIN_06110	BGHOFK_03855	90.8	415	38	0	10	424	6	420	9.03e-264	718
EABAIN_06110	DFCDFN_01470	28.4	429	266	11	19	425	22	431	9.40e-42	150
EABAIN_06115	ABCBPP_06285	96.8	95	3	0	1	95	43	137	1.05e-64	188
EABAIN_06125	DDDLLA_03830	79.9	169	32	1	1	169	1	167	8.64e-104	291
EABAIN_06130	BGHOFK_03865	74.7	166	42	0	1	166	1	166	3.45e-91	259
EABAIN_06130	AANGNE_05210	62.4	165	61	1	1	164	1	165	9.74e-76	221
EABAIN_06140	AANGNE_05205	85.1	409	56	3	1	405	1	408	4.01e-239	654
EABAIN_06145	DNKGCI_00500	85.0	193	29	0	3	195	24	216	1.36e-120	337
EABAIN_06150	AAKGEC_03925	99.1	116	1	0	1	116	1	116	1.14e-76	219
EABAIN_06150	AANGNE_05195	70.7	116	33	1	1	116	10	124	6.25e-53	159
EABAIN_06155	AAKGEC_03920	99.4	349	2	0	1	349	1	349	5.77e-251	679
EABAIN_06155	AANGNE_05190	66.4	348	117	0	1	348	2	349	4.13e-168	469
EABAIN_06160	AAKGEC_03915	98.3	357	6	0	1	357	1	357	4.57e-252	682
EABAIN_06160	AANGNE_05185	60.5	357	141	0	1	357	1	357	3.73e-151	427
EABAIN_06165	AAKGEC_03910	98.8	165	2	0	1	165	1	165	2.00e-114	318
EABAIN_06165	ACNHAK_08560	65.2	161	51	3	1	161	1	156	1.60e-67	199
EABAIN_06170	CDIIGJ_01240	80.8	427	82	0	1	427	1	427	1.28e-244	669
EABAIN_06170	BNBIEO_08520	63.7	427	155	0	1	427	1	427	1.88e-192	537
EABAIN_06175	KFHBHO_01280	99.5	212	1	0	1	212	1	212	8.57e-153	420
EABAIN_06175	NAECHE_07625	56.1	212	91	2	1	210	3	214	2.75e-78	231
EABAIN_06180	AAKGEC_03895	99.5	428	2	0	1	428	1	428	1.06e-302	816
EABAIN_06185	AAKGEC_03890	99.0	296	3	0	1	296	1	296	1.19e-205	560
EABAIN_06190	BGHOFK_03920	85.4	198	29	0	1	198	1	198	1.80e-111	313
EABAIN_06190	AANGNE_03620	68.0	175	56	0	13	187	1	175	1.42e-78	229
EABAIN_06195	AAKGEC_03880	100	299	0	0	1	299	1	299	4.87e-211	573
EABAIN_06195	AANGNE_04290	71.6	299	85	0	1	299	1	299	1.51e-148	416
EABAIN_06205	BGHOFK_03950	94.7	415	21	1	1	414	34	448	1.67e-263	718
EABAIN_06205	AAKGEC_00645	37.5	299	168	3	4	283	2	300	4.66e-61	199
EABAIN_06205	BNBIEO_02790	42.8	236	129	3	6	237	3	236	4.55e-54	178
EABAIN_06210	CNLKLD_06710	76.0	262	60	2	3	262	6	266	1.67e-139	390
EABAIN_06215	BGHOFK_03960	86.9	267	34	1	1	266	1	267	1.12e-154	428
EABAIN_06220	AAKGEC_03855	98.6	355	5	0	1	355	1	355	7.47e-266	717
EABAIN_06225	ABCBPP_06390	98.6	286	4	0	1	286	1	286	4.88e-209	567
EABAIN_06225	DBDHAK_08795	43.2	280	159	0	4	283	12	291	3.38e-80	241
EABAIN_06230	ABCBPP_06395	99.5	406	2	0	1	406	1	406	1.73e-302	828
EABAIN_06235	ABCBPP_06395	82.4	340	2	1	1	282	413	752	1.93e-185	525
EABAIN_06245	KJCAIL_05095	99.3	416	3	0	1	416	1	416	4.55e-275	745
EABAIN_06250	ABCBPP_06415	99.2	129	1	0	1	129	1	129	2.46e-84	239
EABAIN_06255	ABCBPP_06420	98.9	187	2	0	1	187	1	187	3.06e-122	340
EABAIN_06260	ABCBPP_06425	100	115	0	0	1	115	1	115	5.44e-88	247
EABAIN_06265	AAKGEC_11065	99.2	482	4	0	1	482	1	482	0.0	957
EABAIN_06265	AANGNE_03810	40.4	478	264	6	16	482	14	481	2.88e-109	329
EABAIN_06265	DDDLLA_00675	37.4	473	285	5	16	482	17	484	1.75e-105	320
EABAIN_06270	MDKGKD_05780	99.2	840	7	0	1	840	2	841	0.0	1504
EABAIN_06270	DBFGIH_00895	40.9	673	373	10	8	667	7	667	8.33e-147	448
EABAIN_06270	LIMBNG_08850	34.5	739	447	10	8	729	4	722	6.16e-126	394
EABAIN_06270	JAPIMJ_06920	26.7	737	436	16	73	723	88	806	1.45e-51	191
EABAIN_06275	ABCLFC_06295	83.3	228	38	0	1	228	1	228	2.58e-134	374
EABAIN_06275	HDKJGO_02420	64.0	228	82	0	1	228	1	228	7.36e-104	297
EABAIN_06280	ABCBPP_06455	100	273	0	0	1	273	1	273	1.31e-186	509
EABAIN_06290	BGHOFK_03990	75.1	453	113	0	5	457	1	453	2.26e-257	704
EABAIN_06290	LEAGNF_11255	62.7	459	167	1	1	459	7	461	3.85e-214	595
EABAIN_06290	DDDLLA_05020	32.2	460	284	6	27	460	21	478	1.16e-76	244
EABAIN_06295	CBEECJ_04715	78.5	534	115	0	1	534	1	534	2.17e-307	837
EABAIN_06300	EPFKBN_07295	96.6	204	7	0	1	204	1	204	2.85e-145	400
EABAIN_06300	AMCIGH_01795	68.6	204	64	0	1	204	21	224	9.82e-105	298
EABAIN_06305	MJPEDB_02195	98.2	389	7	0	1	389	1	389	1.14e-239	654
EABAIN_06305	AANGNE_05085	63.0	376	139	0	5	380	2	377	1.97e-163	461
EABAIN_06310	AAKGEC_11105	99.8	418	1	0	1	418	1	418	4.35e-251	685
EABAIN_06310	AANGNE_05080	73.0	411	111	0	1	411	1	411	2.18e-172	485
EABAIN_06315	AANGNE_05075	83.8	555	89	1	1	554	1	555	0.0	944
EABAIN_06320	COOGCK_06495	91.6	1820	59	3	1	1820	1	1726	0.0	2120
EABAIN_06325	NCNHMD_07095	92.4	816	59	3	1	815	1	814	0.0	1494
EABAIN_06330	AAKGEC_11230	98.7	876	11	0	1	876	1	876	0.0	1568
EABAIN_06335	DBDHAK_02875	99.6	236	1	0	1	236	1	236	1.42e-170	466
EABAIN_06350	HNNKEJ_03485	77.5	581	125	1	1	575	1	581	7.58e-319	870
EABAIN_06355	DDDLLA_07615	80.1	688	136	1	1	688	1	687	0.0	1030
EABAIN_06360	AGKELP_09500	97.6	209	5	0	1	209	7	215	1.40e-137	380
EABAIN_06365	KFHBHO_04850	98.2	113	2	0	2	114	7	119	6.98e-78	222
EABAIN_06370	EKJHIG_06335	88.9	503	56	0	4	506	8	510	0.0	883
EABAIN_06370	AGINCK_02555	39.1	307	161	6	215	505	425	721	9.49e-59	203
EABAIN_06370	AANGNE_05220	40.1	309	144	8	227	505	402	699	1.22e-56	197
EABAIN_06375	PEPBIK_06785	92.8	665	48	0	1	665	1	665	0.0	1206
EABAIN_06375	DBFGIH_06730	73.0	666	179	1	1	665	25	690	0.0	979
EABAIN_06375	BLCAGE_03870	45.9	658	337	9	13	662	66	712	8.60e-185	541
EABAIN_06375	HNNKEJ_05215	44.7	673	348	9	2	665	53	710	8.03e-183	536
EABAIN_06380	AAKGEC_04495	98.1	360	7	0	1	360	1	360	8.70e-263	709
EABAIN_06385	JCMPCJ_06020	99.7	326	1	0	3	328	5	330	1.13e-231	628
EABAIN_06390	ABIMCM_05575	99.0	208	2	0	1	208	1	208	3.39e-143	394
EABAIN_06395	ABCLFC_05875	87.0	430	56	0	1	430	1	430	1.47e-268	730
EABAIN_06400	AAKGEC_04475	99.2	248	2	0	1	248	16	263	6.85e-180	491
EABAIN_06405	ABCLFC_05880	83.3	198	33	0	3	200	2	199	9.14e-124	345
EABAIN_06410	BEGLKA_12880	86.6	262	35	0	1	262	1	262	8.10e-176	481
EABAIN_06415	AAKGEC_04460	99.0	202	2	0	1	202	1	202	1.35e-146	402
EABAIN_06420	ABNNBP_07570	87.4	239	30	0	1	239	1	239	3.32e-151	417
EABAIN_06425	MKICBC_02795	97.3	256	7	0	1	256	1	256	6.42e-179	489
EABAIN_06430	AAKGEC_04445	99.1	212	2	0	1	212	1	212	1.98e-153	421
EABAIN_06435	EGPLAC_06475	96.3	272	7	1	1	269	1	272	2.76e-189	516
EABAIN_06440	AAKGEC_04435	99.4	319	2	0	1	319	1	319	1.57e-242	655
EABAIN_06445	HNNKEJ_04020	80.0	504	96	1	1	499	1	504	1.53e-288	787
EABAIN_06450	CDIIGJ_07070	77.5	338	75	1	4	341	3	339	3.81e-182	504
EABAIN_06455	CDIIGJ_07075	81.1	455	85	1	1	455	1	454	4.38e-283	769
EABAIN_06460	CDIIGJ_07080	77.4	190	42	1	1	189	1	190	4.08e-107	302
EABAIN_06465	ABCLFC_05965	81.1	259	49	0	1	259	1	259	2.46e-150	417
EABAIN_06470	AAKGEC_04405	99.6	570	2	0	1	570	1	570	0.0	1110
EABAIN_06475	AHPAPB_06590	86.8	570	75	0	1	570	1	570	0.0	983
EABAIN_06475	ABCLFC_11365	27.8	540	368	11	11	541	5	531	2.25e-51	182
EABAIN_06480	AAKGEC_04395	100	158	0	0	1	158	1	158	3.97e-88	251
EABAIN_06485	AAKGEC_04390	99.1	340	3	0	1	340	1	340	7.86e-249	672
EABAIN_06490	AAKGEC_04385	99.3	416	3	0	1	416	1	416	1.05e-296	800
EABAIN_06490	AANGNE_09220	36.0	328	201	3	2	327	9	329	2.69e-66	211
EABAIN_06495	DDDLLA_03590	78.8	236	50	0	1	236	1	236	1.27e-137	383
EABAIN_06495	AANGNE_04915	58.0	231	97	0	6	236	2	232	7.05e-93	269
EABAIN_06495	AANGNE_04155	38.1	218	132	3	1	218	6	220	7.54e-53	167
EABAIN_06495	BKOEEG_07425	36.4	214	135	1	5	218	4	216	1.37e-49	159
EABAIN_06500	NEBMPO_04790	100	126	0	0	1	126	1	126	7.64e-87	245
EABAIN_06505	FIHDIM_06450	86.9	282	37	0	1	282	1	282	2.54e-181	497
EABAIN_06505	CEHAJH_05250	62.5	283	104	2	1	281	1	283	1.86e-128	363
EABAIN_06510	NJMHHG_04155	86.3	688	94	0	22	709	28	715	0.0	1201
EABAIN_06515	DFCDFN_06050	87.8	443	53	1	1	442	1	443	2.93e-289	784
EABAIN_06520	CGMKCF_00270	98.3	361	1	1	1	356	1	361	7.75e-247	669
EABAIN_06520	AANGNE_04890	71.1	356	100	1	1	356	1	353	1.83e-176	491
EABAIN_06520	JNMKIO_06740	43.7	348	163	4	9	356	10	324	1.05e-86	261
EABAIN_06525	CIEFDF_10550	83.9	93	15	0	1	93	1	93	1.55e-56	166
EABAIN_06530	JNMKIO_06740	77.5	351	52	1	1	351	1	324	1.44e-188	520
EABAIN_06530	CGMKCF_00270	48.7	353	170	5	10	351	9	361	1.23e-106	313
EABAIN_06530	AANGNE_04890	46.1	345	183	1	10	351	9	353	1.54e-105	310
EABAIN_06540	BDMBBJ_03645	96.3	267	9	1	1	266	1	267	6.61e-187	511
EABAIN_06540	AANGNE_06065	66.2	263	89	0	1	263	1	263	1.66e-134	379
EABAIN_06545	CEFGEI_08345	93.6	313	20	0	1	313	1	313	3.13e-199	546
EABAIN_06545	ACDDAG_08405	43.6	291	163	1	26	316	26	315	1.02e-76	234
EABAIN_06550	KKACAP_12135	79.8	183	12	1	1	183	1	158	2.15e-87	250
EABAIN_06550	AANGNE_03760	65.5	165	46	1	1	165	1	154	4.48e-66	197
EABAIN_06560	AJCMKJ_10760	95.7	186	7	1	1	186	1	185	4.54e-121	337
EABAIN_06560	AANGNE_06075	58.9	185	76	0	2	186	2	186	4.54e-75	220
EABAIN_06590	ABNNBP_07265	97.5	122	3	0	1	122	95	216	8.86e-82	238
EABAIN_06605	ACDDAG_09905	42.9	751	403	8	1	743	1	733	5.81e-203	588
EABAIN_06605	DDDLLA_08840	31.4	949	438	18	5	751	6	943	2.99e-131	409
EABAIN_06625	AJCMKJ_06850	98.3	121	2	0	1	121	1	121	1.35e-82	234
EABAIN_06630	AANGNE_03955	47.8	337	172	3	1	334	1	336	3.98e-112	326
EABAIN_06640	ABIMCM_10300	100	93	0	0	1	93	1	93	1.06e-59	174
EABAIN_06645	EIIOFH_10990	95.5	157	7	0	1	157	182	338	1.67e-102	295
EABAIN_06650	AANGNE_01250	50.3	185	88	3	1	183	1	183	1.20e-53	174
EABAIN_06650	AAKGEC_06035	46.8	188	98	2	1	187	1	187	1.99e-52	173
EABAIN_06655	AANGNE_01250	50.9	173	83	2	1	172	1	172	1.97e-53	166
EABAIN_06660	AAKGEC_06040	42.7	293	157	6	1	287	10	297	3.71e-65	204
EABAIN_06660	AANGNE_06505	31.4	303	201	4	10	306	41	342	1.93e-56	183
EABAIN_06660	AANGNE_01255	40.6	271	149	6	3	266	5	270	2.88e-56	181
EABAIN_06660	AIPJBK_10570	31.5	311	204	5	3	306	38	346	5.16e-53	175
EABAIN_06665	CDIIGJ_00625	70.7	352	101	1	1	350	1	352	6.61e-175	486
EABAIN_06665	AANGNE_05820	59.7	350	141	0	1	350	1	350	7.61e-145	410
EABAIN_06665	AANGNE_00910	59.7	350	140	1	1	350	1	349	3.44e-143	406
EABAIN_06670	AANGNE_08275	72.2	158	44	0	1	158	1	158	4.35e-81	233
EABAIN_06670	PHBBGM_10320	72.8	162	41	1	1	159	1	162	6.82e-81	233
EABAIN_06675	AANGNE_08280	75.0	184	46	0	1	184	1	184	7.16e-99	280
EABAIN_06675	AAKGEC_00515	68.5	184	58	0	1	184	1	184	3.42e-90	258
EABAIN_06680	NAECHE_07625	81.2	213	39	1	1	212	1	213	1.24e-122	343
EABAIN_06680	KFHBHO_01280	56.2	210	91	1	3	212	1	209	3.57e-78	231
EABAIN_06690	AANGNE_04000	99.6	245	1	0	1	245	1	245	2.19e-171	469
EABAIN_06690	AAKGEC_05395	52.6	234	109	1	7	240	4	235	1.33e-84	249
EABAIN_06695	BGHOFK_02690	84.4	608	94	1	1	608	1	607	0.0	1013
EABAIN_06700	JEKAEJ_08275	73.4	500	128	2	3	498	2	500	6.49e-280	764
EABAIN_06705	DBDHAK_03385	99.6	260	1	0	1	260	226	485	5.61e-182	507
EABAIN_06710	DBDHAK_03385	100	172	0	0	2	173	2	173	2.57e-111	323
EABAIN_06715	BCGFPE_06165	98.7	234	3	0	2	235	13	246	1.12e-157	434
EABAIN_06720	MHGLEN_11640	90.1	648	64	0	1	648	1	648	0.0	1095
EABAIN_06725	EHLNLG_01075	89.4	302	29	1	1	299	1	302	4.43e-206	561
EABAIN_06730	AAKGEC_01900	99.2	491	4	0	1	491	1	491	0.0	1025
EABAIN_06735	BGHOFK_09660	84.4	366	57	0	1	366	1	366	3.90e-226	617
EABAIN_06740	DLODMN_07810	83.2	340	57	0	1	340	1	340	2.43e-213	583
EABAIN_06745	EGPLAC_08685	98.9	282	3	0	1	282	1	282	2.98e-201	548
EABAIN_06750	OFBGNF_06050	99.9	757	1	0	1	757	3	759	0.0	1471
EABAIN_06755	AAKGEC_01875	99.5	217	1	0	1	217	1	217	4.12e-153	420
EABAIN_06755	HCJGAG_05080	61.3	217	83	1	1	216	2	218	1.84e-91	265
EABAIN_06760	BGHOFK_01130	79.4	889	182	1	22	910	19	906	0.0	1372
EABAIN_06760	GKAHPE_00190	45.5	880	435	13	35	905	20	863	6.71e-238	688
EABAIN_06760	BGHOFK_00755	29.9	765	463	20	36	758	9	742	1.99e-86	292
EABAIN_06760	AANGNE_04040	28.7	746	469	15	27	735	1	720	9.49e-85	288
EABAIN_06760	JAPIMJ_06920	28.2	712	465	15	48	733	23	714	4.80e-82	280
EABAIN_06760	AKPIPJ_02055	29.2	719	451	24	34	703	23	732	1.48e-81	280
EABAIN_06760	AANGNE_04380	28.6	744	462	21	27	716	1	729	2.32e-75	262
EABAIN_06760	FHIFIE_03450	28.2	737	455	22	45	735	19	727	9.09e-75	260
EABAIN_06760	EOHHJN_09855	26.7	744	467	19	31	735	4	708	1.16e-71	251
EABAIN_06760	LIMBNG_08850	23.8	668	430	19	74	732	34	631	2.47e-42	162
EABAIN_06760	DBFGIH_00895	23.1	655	423	17	48	694	8	589	1.30e-40	157
EABAIN_06760	MDKGKD_05780	24.9	563	335	17	153	698	103	594	9.28e-39	152
EABAIN_06765	AAKGEC_01865	98.4	428	7	0	1	428	1	428	5.36e-312	840
EABAIN_06765	AANGNE_04850	49.9	427	213	1	2	428	3	428	4.94e-151	432
EABAIN_06775	HNNKEJ_04355	78.1	407	87	2	1	407	1	405	2.78e-241	659
EABAIN_06775	AANGNE_04840	69.9	408	118	4	1	407	1	404	1.64e-207	573
EABAIN_06780	AAKGEC_01850	99.0	499	5	0	1	499	1	499	0.0	955
EABAIN_06780	AANGNE_04835	60.9	493	193	0	1	493	1	493	1.19e-216	604
EABAIN_06790	NGDFHG_01855	97.2	212	6	0	1	212	1	212	4.12e-146	403
EABAIN_06790	DOHOGG_04025	59.1	203	83	0	8	210	7	209	3.94e-80	235
EABAIN_06795	AAKGEC_01835	99.3	267	2	0	1	267	1	267	1.74e-188	514
EABAIN_06795	ACNHAK_07835	71.1	266	77	0	1	266	1	266	1.09e-131	370
EABAIN_06800	BHKCDL_03245	98.4	245	4	0	6	250	13	257	6.86e-170	466
EABAIN_06800	AGFMFG_07640	51.6	246	119	0	1	246	1	246	9.10e-88	258
EABAIN_06805	AAKGEC_01825	87.3	824	105	0	1	824	1	824	0.0	1393
EABAIN_06805	OFHJOO_01805	53.1	488	218	7	328	811	226	706	5.40e-159	477
EABAIN_06810	AAKGEC_01820	99.7	362	1	0	1	362	1	362	8.71e-264	712
EABAIN_06810	PKGHFF_02090	46.2	364	181	6	1	361	1	352	1.85e-115	336
EABAIN_06815	ABIMCM_10165	98.7	225	3	0	1	225	1	225	2.14e-168	459
EABAIN_06815	AANGNE_08900	38.8	232	127	7	3	224	12	238	8.72e-49	157
EABAIN_06820	AIPJBK_09740	99.2	122	0	1	1	121	1	122	1.29e-71	206
EABAIN_06825	DFCDFN_06475	84.2	171	25	1	1	171	1	169	3.03e-91	260
EABAIN_06835	AAKGEC_01800	99.6	252	1	0	1	252	1	252	3.80e-180	491
EABAIN_06835	DAEIAJ_08765	54.0	252	107	4	1	245	1	250	3.82e-83	246
EABAIN_06840	LBKFJK_02080	72.6	613	154	3	1	608	4	607	3.59e-299	822
EABAIN_06840	HNNKEJ_11875	32.4	510	333	5	106	605	129	636	1.62e-81	266
EABAIN_06840	HNNKEJ_12255	32.7	508	307	9	106	602	221	704	8.02e-73	244
EABAIN_06840	AANGNE_08905	32.4	509	307	10	106	602	210	693	6.45e-70	236
EABAIN_06840	AAKGEC_01790	28.6	555	357	12	66	608	52	579	6.83e-58	201
EABAIN_06840	AANGNE_01510	30.3	509	313	10	106	602	98	576	2.26e-57	199
EABAIN_06840	NGAPDN_04410	27.8	511	335	7	106	608	107	591	3.83e-56	196
EABAIN_06840	BNBIEO_02540	27.8	511	337	9	106	607	117	604	3.99e-54	191
EABAIN_06840	AMLBPA_01235	25.6	497	331	10	112	599	264	730	8.66e-47	172
EABAIN_06840	ABNNBP_02275	26.2	511	347	10	106	608	87	575	4.47e-46	168
EABAIN_06845	AAKGEC_01790	99.3	605	4	0	1	605	1	605	0.0	1159
EABAIN_06845	HNNKEJ_11875	29.8	493	317	6	107	573	144	633	7.22e-68	229
EABAIN_06845	AANGNE_08905	30.4	490	331	4	92	575	210	695	9.24e-62	214
EABAIN_06845	HNNKEJ_12255	31.1	495	321	7	92	575	221	706	2.71e-60	210
EABAIN_06845	BNBIEO_02540	28.8	490	336	6	92	574	117	600	8.77e-58	201
EABAIN_06845	AAKGEC_05730	31.9	404	270	3	177	576	175	577	2.06e-57	199
EABAIN_06845	AMLBPA_01235	27.5	556	378	9	24	570	191	730	3.15e-54	193
EABAIN_06845	LBKFJK_02080	26.9	528	356	10	72	579	90	607	1.34e-52	187
EABAIN_06845	AANGNE_01510	26.9	579	381	13	12	573	23	576	2.17e-51	183
EABAIN_06845	NGAPDN_04410	25.6	496	348	9	80	567	97	579	7.41e-48	173
EABAIN_06845	ABNNBP_02275	26.7	576	386	12	22	579	18	575	5.22e-45	165
EABAIN_06850	ACIHME_01345	99.5	206	1	0	1	206	1	206	1.27e-135	375
EABAIN_06850	AANGNE_04545	43.4	205	102	1	2	206	4	194	4.37e-50	158
EABAIN_06855	ABCLFC_07510	98.7	238	3	0	1	238	15	252	9.34e-171	467
EABAIN_06855	CJHCCN_07860	41.5	236	132	5	1	232	1	234	1.82e-53	169
EABAIN_06860	DFCDFN_06745	81.8	181	33	0	1	181	1	181	4.20e-103	292
EABAIN_06865	HNNKEJ_04455	81.1	238	45	0	1	238	1	238	1.74e-130	365
EABAIN_06865	AANGNE_05245	69.4	242	74	0	1	242	1	242	8.69e-113	320
EABAIN_06870	AAKGEC_01765	100	247	0	0	2	248	2	248	1.04e-175	480
EABAIN_06870	CJHCCN_01765	60.3	242	94	1	7	248	7	246	1.99e-96	279
EABAIN_06875	AAKGEC_01760	100	153	0	0	1	153	1	153	1.44e-108	302
EABAIN_06875	AANGNE_05255	65.4	153	53	0	1	153	1	153	9.33e-71	207
EABAIN_06880	AAKGEC_01755	99.4	167	1	0	1	167	1	167	8.15e-124	342
EABAIN_06880	AANGNE_05260	72.1	165	46	0	1	165	1	165	4.98e-89	254
EABAIN_06885	AAKGEC_01750	100	201	0	0	1	201	1	201	3.06e-147	404
EABAIN_06885	AANGNE_05265	80.0	200	39	1	2	200	267	466	2.68e-112	325
EABAIN_06890	AAKGEC_01745	99.6	271	1	0	1	271	1	271	3.01e-191	521
EABAIN_06890	AANGNE_05265	71.6	264	75	0	1	264	1	264	8.49e-134	383
EABAIN_06900	AAOIOD_01875	80.2	419	83	0	1	419	1	419	5.54e-256	697
EABAIN_06905	AAKGEC_01730	99.6	479	2	0	1	479	1	479	0.0	965
EABAIN_06910	ABCLFC_07565	91.9	1489	117	1	1	1486	1	1489	0.0	2711
EABAIN_06915	PPBJPA_01250	99.0	203	2	0	1	203	1	203	6.88e-120	335
EABAIN_06920	AAOIOD_10010	76.8	340	79	0	1	340	19	358	1.18e-197	544
EABAIN_06925	BJLDLK_03550	93.1	248	17	0	1	248	1	248	9.23e-160	440
EABAIN_06925	AANGNE_05280	64.1	248	89	0	1	248	1	248	4.27e-108	309
EABAIN_06930	AAKGEC_01705	100	417	0	0	1	417	50	466	2.33e-320	862
EABAIN_06935	ABCLFC_07605	94.9	275	14	0	1	275	1	275	1.40e-185	508
EABAIN_06935	AAOIOD_01895	72.2	273	76	0	1	273	1	273	1.07e-147	411
EABAIN_06935	AAKGEC_12835	38.0	276	168	2	2	276	3	276	6.78e-60	188
EABAIN_06940	ABCLFC_07670	92.6	257	19	0	1	257	4	260	2.63e-161	444
EABAIN_06940	COBKPA_00070	67.6	256	79	2	3	257	2	254	8.98e-115	327
EABAIN_06945	AANGNE_05290	82.9	275	47	0	4	278	5	279	4.30e-170	469
EABAIN_06990	AAKGEC_01680	98.9	181	2	0	1	181	1	181	2.67e-129	357
EABAIN_06995	JLGDBK_06930	96.7	242	8	0	2	243	8	249	1.84e-168	461
EABAIN_06995	DDKKPM_03575	63.8	235	83	1	5	239	3	235	2.40e-104	299
EABAIN_07000	AAKGEC_01670	98.8	253	3	0	1	253	1	253	3.32e-170	466
EABAIN_07005	AAKGEC_01665	97.8	461	10	0	1	461	1	461	0.0	909
EABAIN_07005	AANGNE_04960	53.0	453	212	1	9	461	6	457	4.89e-176	498
EABAIN_07010	BLOIDM_11920	97.7	514	11	1	2	515	2	514	0.0	981
EABAIN_07010	AAOIOD_08845	66.7	508	169	0	8	515	16	523	1.89e-249	689
EABAIN_07010	AAKGEC_10790	41.9	308	146	5	12	319	4	278	3.26e-71	225
EABAIN_07010	AANGNE_00750	41.4	307	148	5	13	319	5	279	8.54e-68	216
EABAIN_07015	KPPHCJ_07795	76.3	131	28	1	1	131	1	128	7.34e-59	175
EABAIN_07020	BDMBBJ_03275	95.2	586	23	2	1	582	1	585	0.0	1080
EABAIN_07025	LMHNOH_02535	97.7	664	15	0	1	664	1	664	0.0	1322
EABAIN_07030	BNPKDP_06905	77.3	207	46	1	1	207	1	206	7.12e-122	340
EABAIN_07035	BCGFPE_05875	96.1	385	15	0	1	385	1	385	6.41e-289	778
EABAIN_07040	AAKGEC_01615	98.9	285	3	0	1	285	1	285	3.01e-198	540
EABAIN_07045	AAKGEC_01610	99.7	313	1	0	1	313	1	313	1.04e-224	609
EABAIN_07050	AAKGEC_01605	98.9	435	5	0	1	435	1	435	0.0	867
EABAIN_07055	BJLDLK_03650	79.9	427	86	0	1	427	189	615	6.93e-260	716
EABAIN_07060	CGMKCF_02095	93.7	174	11	0	1	174	1	174	7.41e-118	328
EABAIN_07060	AANGNE_01350	53.7	175	81	0	1	175	1	175	1.11e-66	198
EABAIN_07065	ABNNBP_06570	82.1	106	19	0	1	106	1	106	6.56e-63	183
EABAIN_07070	ANIMCG_03315	99.2	123	1	0	1	123	1	123	8.08e-85	240
EABAIN_07075	ABCLFC_13130	94.9	628	32	0	1	628	1	628	0.0	1183
EABAIN_07075	HNNKEJ_02660	26.8	418	271	8	39	426	41	453	5.01e-41	152
EABAIN_07080	KBLLAJ_09090	99.0	194	1	1	1	193	1	194	1.52e-141	389
EABAIN_07085	ABNNBP_06525	77.5	315	69	1	1	313	1	315	5.53e-181	499
EABAIN_07085	BNBIEO_01610	49.0	310	155	2	4	313	2	308	2.95e-108	314
EABAIN_07090	LOKICG_06475	91.7	278	23	0	1	278	1	278	2.15e-169	467
EABAIN_07090	AGDPFD_09495	51.9	262	122	2	15	274	18	277	6.68e-80	240
EABAIN_07095	AAKGEC_01415	90.7	237	22	0	1	237	1	237	3.43e-155	427
EABAIN_07095	AANGNE_07575	52.1	234	111	1	1	233	1	234	4.58e-77	229
EABAIN_07100	LLNOII_02215	86.6	134	18	0	1	134	1	134	1.01e-86	246
EABAIN_07105	AAKGEC_01405	100	77	0	0	1	77	1	77	1.18e-51	152
EABAIN_07110	GMJIIH_08665	98.5	1050	12	1	1	1046	1	1050	0.0	1838
EABAIN_07110	ACNHAK_09475	41.0	1061	587	13	1	1042	1	1041	3.58e-224	664
EABAIN_07115	AAKGEC_01395	99.0	390	4	0	1	390	1	390	1.88e-279	754
EABAIN_07115	CMOKEC_04815	61.6	391	148	2	1	390	4	393	2.28e-174	488
EABAIN_07120	AAKGEC_01390	99.7	312	1	0	1	312	1	312	1.13e-227	617
EABAIN_07125	AAKGEC_01385	98.6	139	2	0	1	139	1	139	7.40e-93	261
EABAIN_07130	ACIHME_12925	93.5	750	49	0	1	750	1	750	0.0	1252
EABAIN_07130	GMJOLA_06050	38.0	574	294	14	152	683	11	564	6.94e-75	261
EABAIN_07135	JIBFFE_03710	99.3	139	1	0	1	139	1	139	3.03e-94	266
EABAIN_07140	DNKGCI_01990	79.3	540	110	2	1	538	1	540	3.40e-303	827
EABAIN_07145	ABIMCM_09840	99.3	271	2	0	1	271	1	271	7.68e-197	535
EABAIN_07150	AANGNE_06590	85.2	506	75	0	1	506	1	506	2.42e-314	852
EABAIN_07150	AAKGEC_02300	38.0	497	299	3	7	502	3	491	6.89e-111	335
EABAIN_07155	DFCDFN_05380	78.2	354	76	1	1	353	1	354	1.72e-187	519
EABAIN_07160	AAKGEC_09770	100	317	0	0	1	317	1	317	6.23e-223	605
EABAIN_07165	AANGNE_06610	83.6	323	52	1	4	325	3	325	6.89e-192	527
EABAIN_07165	AANGNE_00875	46.2	305	163	1	7	310	6	310	7.31e-96	283
EABAIN_07165	BGHOFK_03765	41.6	310	176	2	7	311	6	315	2.45e-82	249
EABAIN_07165	AANGNE_02105	34.5	278	172	5	7	282	2	271	3.14e-45	153
EABAIN_07170	IAFHMK_05300	80.5	503	95	2	1	502	1	501	1.12e-286	782
EABAIN_07175	AANGNE_06620	90.6	339	32	0	1	339	1	339	2.10e-217	593
EABAIN_07180	AAKGEC_09750	100	382	0	0	1	382	1	382	1.14e-285	769
EABAIN_07180	AANGNE_06625	70.0	383	114	1	1	382	1	383	6.73e-193	535
EABAIN_07180	ACDDAG_00885	61.2	379	145	2	1	378	1	378	3.90e-168	472
EABAIN_07185	AANGNE_06630	83.6	390	63	1	1	389	1	390	6.40e-214	588
EABAIN_07190	CGMKCF_01940	100	208	0	0	1	208	1	208	9.28e-144	396
EABAIN_07190	AANGNE_06635	60.7	201	70	2	7	207	1	192	4.84e-72	214
EABAIN_07195	ABCLFC_07880	95.9	339	14	0	1	339	1	339	2.55e-232	631
EABAIN_07200	IAFHMK_05335	87.5	296	36	1	11	305	7	302	2.35e-184	507
EABAIN_07205	AAKGEC_09725	98.5	135	2	0	1	135	1	135	6.67e-94	264
EABAIN_07205	AANGNE_06695	61.9	126	48	0	8	133	4	129	2.01e-53	161
EABAIN_07210	AAKGEC_09720	100	176	0	0	1	176	1	176	1.22e-118	330
EABAIN_07215	AAKGEC_09715	99.4	319	2	0	1	319	1	319	4.39e-224	608
EABAIN_07215	AANGNE_06705	68.3	319	101	0	1	319	1	319	4.23e-155	434
EABAIN_07215	ABCLFC_01100	36.4	321	194	3	7	317	15	335	1.52e-64	204
EABAIN_07220	FIHDIM_08635	94.5	238	13	0	1	238	1	238	6.91e-161	442
EABAIN_07225	ANFPEE_01535	98.0	152	3	0	1	152	1	152	8.75e-93	264
EABAIN_07230	EHLNLG_01645	100	237	0	0	1	237	1	237	5.33e-169	462
EABAIN_07230	AANGNE_06715	69.1	236	73	0	1	236	1	236	1.03e-115	327
EABAIN_07235	ABCBPP_07380	99.4	311	2	0	1	311	11	321	6.90e-224	607
EABAIN_07240	AAKGEC_09690	99.6	262	1	0	1	262	1	262	1.50e-191	521
EABAIN_07240	AANGNE_06725	66.7	255	85	0	3	257	2	256	2.92e-129	363
EABAIN_07245	HMJMNM_06755	98.7	450	6	0	1	450	1	450	1.94e-299	810
EABAIN_07245	AAKGEC_09050	38.3	418	246	5	12	423	21	432	6.01e-80	252
EABAIN_07250	DPMHNO_10865	94.5	237	13	0	1	237	1	237	2.59e-161	443
EABAIN_07255	ABJDJH_04730	95.8	475	20	0	1	475	1	475	0.0	949
EABAIN_07255	ABNNBP_05785	67.7	473	153	0	3	475	2	474	1.10e-255	701
EABAIN_07255	AANGNE_04725	66.9	471	156	0	3	473	2	472	1.97e-249	686
EABAIN_07255	BIFMNE_04180	45.4	463	228	8	6	465	4	444	5.98e-137	399
EABAIN_07255	ABCBPP_13515	30.7	482	303	15	1	465	1	468	2.22e-63	209
EABAIN_07255	DAEIAJ_08645	26.3	490	302	13	4	458	1	466	4.95e-49	171
EABAIN_07260	ABIMCM_09725	100	184	0	0	1	184	1	184	1.08e-125	348
EABAIN_07265	ANFPEE_00890	98.2	278	5	0	1	278	2	279	4.03e-186	509
EABAIN_07270	PAGFJI_07105	91.9	297	24	0	1	297	24	320	1.21e-188	518
EABAIN_07275	ABIMCM_09710	99.8	439	1	0	1	439	1	439	0.0	889
EABAIN_07280	CGMKCF_01825	96.1	307	12	0	2	308	10	316	3.89e-228	618
EABAIN_07285	ABIMCM_09700	93.9	311	19	0	1	311	1	311	4.06e-223	605
EABAIN_07290	DBFGIH_06280	75.4	410	94	2	1	403	1	410	8.69e-229	627
EABAIN_07295	ABCLFC_08010	90.1	383	34	1	1	379	1	383	2.06e-251	682
EABAIN_07295	DBFGIH_06285	63.8	384	115	2	1	379	1	365	1.61e-181	505
EABAIN_07300	CGMKCF_01800	96.6	265	5	1	1	261	1	265	1.07e-180	494
EABAIN_07300	OOHPIC_07000	54.0	261	107	6	1	258	1	251	1.29e-82	246
EABAIN_07305	BGLHNG_02010	84.2	177	28	0	8	184	20	196	8.17e-108	303
EABAIN_07310	AANGNE_06750	85.0	1060	156	2	1	1060	42	1098	0.0	1763
EABAIN_07315	AAKGEC_09655	99.4	157	1	0	1	157	1	157	1.55e-114	318
EABAIN_07315	AANGNE_04400	56.1	157	69	0	1	157	1	157	8.56e-65	192
EABAIN_07320	AAKGEC_09650	100	209	0	0	1	209	1	209	2.80e-147	405
EABAIN_07320	ACDDAG_00030	53.1	211	93	2	1	205	38	248	1.89e-67	204
EABAIN_07320	AAOIOD_09980	51.9	187	88	1	21	205	118	304	4.26e-60	187
EABAIN_07325	BGHOFK_00755	84.8	876	133	0	1	876	1	876	0.0	1390
EABAIN_07325	AANGNE_04040	71.1	875	250	1	1	872	1	875	0.0	1162
EABAIN_07325	FHIFIE_03450	39.1	880	493	14	21	871	22	887	1.99e-178	535
EABAIN_07325	EOHHJN_09855	38.3	883	484	15	17	871	18	867	2.06e-166	503
EABAIN_07325	AKPIPJ_02055	35.7	933	524	21	1	876	17	930	2.00e-152	469
EABAIN_07325	JAPIMJ_06920	36.4	813	478	13	21	816	23	813	6.67e-149	458
EABAIN_07325	AANGNE_04380	35.4	905	524	20	21	876	22	914	1.76e-148	458
EABAIN_07325	BGHOFK_01130	29.1	732	471	16	5	717	29	731	1.01e-85	290
EABAIN_07325	GKAHPE_00190	28.9	717	470	14	10	717	22	707	1.70e-78	269
EABAIN_07325	LIMBNG_08850	25.2	761	474	19	19	765	3	682	1.52e-55	202
EABAIN_07330	AAOIOD_00865	78.4	236	51	0	1	236	1	236	1.83e-143	398
EABAIN_07335	PHNKGJ_08095	98.9	183	2	0	1	183	1	183	1.13e-126	351
EABAIN_07340	AOPEMA_07200	96.7	276	9	0	2	277	9	284	5.65e-171	471
EABAIN_07345	AAKGEC_09625	98.9	184	2	0	1	184	1	184	4.96e-131	362
EABAIN_07350	AAKGEC_09620	97.6	252	6	0	1	252	1	252	8.81e-170	465
EABAIN_07355	AAKGEC_09615	100	117	0	0	1	117	1	117	6.06e-68	197
EABAIN_07360	AAKGEC_09610	98.6	142	2	0	1	142	1	142	2.11e-98	276
EABAIN_07360	GGLADB_04880	56.3	142	61	1	1	141	1	142	6.30e-52	158
EABAIN_07370	BPDDPD_10285	92.4	131	10	0	1	131	1	131	1.29e-89	253
EABAIN_07390	DBFDDP_04215	98.2	111	2	0	1	111	9	119	3.86e-72	207
EABAIN_07395	LBLLFD_01825	81.3	235	42	1	1	235	1	233	6.06e-132	368
EABAIN_07395	CJHCCN_01640	74.4	234	54	2	1	233	13	241	1.79e-115	327
EABAIN_07400	CDIIGJ_00640	75.0	515	128	1	1	515	1	514	3.48e-272	746
EABAIN_07400	AANGNE_05810	63.2	516	190	0	2	517	5	520	1.59e-226	631
EABAIN_07405	FFEJFE_02000	90.9	143	13	0	1	143	1	143	7.98e-84	239
EABAIN_07410	DDDLLA_01100	81.1	233	44	0	3	235	4	236	5.62e-135	376
EABAIN_07415	CDIIGJ_00625	88.4	352	39	1	1	350	1	352	4.73e-219	598
EABAIN_07415	AANGNE_05820	71.4	350	100	0	1	350	1	350	2.15e-175	488
EABAIN_07415	AANGNE_00910	64.9	350	122	1	1	350	1	349	2.43e-155	437
EABAIN_07420	DNKGCI_10000	70.9	127	37	0	3	129	4	130	2.19e-65	191
EABAIN_07425	AAKGEC_09550	99.5	220	1	0	1	220	1	220	1.55e-154	424
EABAIN_07435	CNLKLD_02495	76.3	430	99	1	1	430	1	427	1.54e-226	624
EABAIN_07440	CEPOIM_03560	93.9	198	12	0	1	198	32	229	5.81e-135	374
EABAIN_07445	AAKGEC_09530	99.3	306	2	0	1	306	1	306	1.31e-223	606
EABAIN_07450	AAKGEC_09525	100	143	0	0	1	143	1	143	9.19e-89	251
EABAIN_07455	AAKGEC_09520	99.7	314	1	0	1	314	1	314	5.06e-216	587
EABAIN_07455	DBFGIH_05410	74.5	306	78	0	3	308	4	309	6.84e-158	441
EABAIN_07460	ABJDJH_04530	99.0	96	1	0	1	96	1	96	1.66e-63	184
EABAIN_07465	AAKGEC_09510	100	180	0	0	1	180	1	180	1.05e-130	360
EABAIN_07470	AAKGEC_04005	80.4	439	86	0	1	439	7	445	1.83e-278	756
EABAIN_07475	JNMKIO_05340	81.9	149	27	0	1	149	9	157	2.30e-90	258
EABAIN_07485	AANGNE_04920	83.2	572	96	0	1	572	1	572	0.0	950
EABAIN_07490	LGJCEJ_06495	99.3	408	1	1	1	408	1	406	1.34e-283	766
EABAIN_07490	AAKGEC_07545	42.0	243	134	3	48	287	21	259	3.42e-59	192
EABAIN_07490	BNBIEO_02790	43.6	236	127	2	34	267	8	239	5.08e-59	191
EABAIN_07490	AANGNE_03680	41.4	237	134	4	32	265	5	239	3.84e-52	172
EABAIN_07490	AANGNE_01045	34.8	233	141	2	44	266	23	254	1.53e-45	157
EABAIN_07490	AAKGEC_12175	37.4	265	138	6	5	268	6	243	2.46e-45	154
EABAIN_07495	CGMKCF_07035	98.5	203	3	0	1	203	1	203	5.40e-137	379
EABAIN_07500	AAKGEC_09475	94.5	541	30	0	1	541	1	541	0.0	1036
EABAIN_07505	AAKGEC_09470	84.3	483	76	0	1	483	24	506	2.93e-306	831
EABAIN_07510	AIPJBK_08710	95.2	313	15	0	1	313	1	313	8.46e-165	499
EABAIN_07515	DAEIAJ_08645	83.3	478	76	1	1	478	1	474	4.37e-308	834
EABAIN_07515	AANGNE_08355	56.2	486	196	4	1	478	1	477	7.15e-191	537
EABAIN_07515	DDDLLA_10775	51.9	480	222	6	1	478	1	473	8.73e-176	499
EABAIN_07515	CDIIGJ_10515	50.0	512	213	11	1	478	1	503	5.69e-163	467
EABAIN_07515	ACDDAG_07275	47.7	476	242	5	3	478	10	478	1.49e-159	457
EABAIN_07515	BGHOFK_02325	37.6	498	263	12	2	478	8	478	3.77e-108	326
EABAIN_07515	BNPKDP_04435	33.1	477	266	12	6	478	8	435	6.81e-84	262
EABAIN_07515	ABCBPP_13515	34.5	493	264	18	2	470	4	461	3.36e-69	225
EABAIN_07515	ABJDJH_04730	26.8	493	312	13	3	478	6	466	2.21e-49	172
EABAIN_07515	AANGNE_04725	26.9	494	310	11	3	478	5	465	8.19e-49	171
EABAIN_07515	ABNNBP_05785	27.8	493	303	15	1	474	3	461	2.12e-47	167
EABAIN_07520	AANGNE_08360	77.2	641	141	1	1	636	1	641	0.0	973
EABAIN_07520	AJKPDP_02710	32.8	619	402	9	11	621	19	631	7.21e-103	323
EABAIN_07520	AAKGEC_04030	33.3	669	371	13	3	622	5	647	9.56e-94	299
EABAIN_07520	DBFGIH_04860	32.1	652	394	12	3	623	5	638	7.74e-93	296
EABAIN_07520	AAKGEC_03590	33.0	633	377	13	12	607	10	632	3.07e-90	290
EABAIN_07520	DBFGIH_07715	32.6	521	302	10	1	476	1	517	8.31e-67	224
EABAIN_07520	BGHOFK_04665	32.6	521	302	13	1	476	1	517	1.60e-60	207
EABAIN_07525	ABCLFC_04805	96.8	280	8	1	1	279	1	280	3.20e-188	514
EABAIN_07530	CFBGPF_12475	88.5	253	29	0	1	253	1	253	2.49e-161	444
EABAIN_07535	DDDLLA_00400	88.6	395	45	0	1	395	1	395	1.62e-260	708
EABAIN_07540	JIKGJE_02595	100	188	0	0	1	188	1	188	8.98e-145	397
EABAIN_07545	AAKGEC_09440	87.6	347	41	1	1	345	1	347	6.61e-215	588
EABAIN_07550	NPFMCA_12495	83.9	254	41	0	1	254	1	254	1.82e-146	408
EABAIN_07555	DDDLLA_00525	81.5	335	62	0	1	335	1	335	3.23e-193	531
EABAIN_07560	IAFHMK_05630	79.6	186	36	1	2	185	3	188	3.23e-103	292
EABAIN_07565	HNNKEJ_02660	79.4	456	93	1	1	456	1	455	4.57e-265	723
EABAIN_07570	ILMBOP_09390	98.3	119	2	0	1	119	1	119	9.87e-72	207
EABAIN_07575	DOCKDI_00070	97.6	212	4	1	1	212	6	216	1.59e-144	398
EABAIN_07580	AAKGEC_09405	99.3	139	1	0	1	139	1	139	5.61e-88	249
EABAIN_07585	AAKGEC_09400	98.8	247	3	0	1	247	1	247	1.32e-173	474
EABAIN_07590	AAKGEC_09395	99.6	226	1	0	1	226	1	226	1.25e-131	367
EABAIN_07595	CHBPFB_04790	100	229	0	0	1	229	2	230	1.07e-152	420
EABAIN_07600	EHLNLG_01890	96.1	128	5	0	1	128	3	130	4.57e-89	251
EABAIN_07605	AIKIDN_10900	99.2	132	1	0	1	132	1	132	4.74e-97	271
EABAIN_07610	BPNNAG_07700	98.6	295	4	0	1	295	5	299	1.59e-199	544
EABAIN_07610	AAKGEC_07240	32.8	287	192	1	4	289	19	305	5.54e-50	164
EABAIN_07615	LPLJMN_09605	77.6	143	32	0	1	143	1	143	4.50e-81	233
EABAIN_07620	AAKGEC_09370	99.2	243	2	0	1	243	1	243	1.13e-172	472
EABAIN_07625	AAKGEC_09365	99.1	547	5	0	1	547	53	599	0.0	1075
EABAIN_07625	AAKGEC_12810	59.7	533	211	3	1	533	52	580	8.75e-227	635
EABAIN_07625	AANGNE_02555	58.2	533	219	3	1	533	52	580	5.07e-221	620
EABAIN_07635	AAKGEC_09360	100	139	0	0	1	139	1	139	2.90e-90	255
EABAIN_07640	DFNGLI_05565	99.5	182	1	0	1	182	1	182	2.68e-123	346
EABAIN_07645	DFNGLI_05565	99.0	100	1	0	1	100	195	294	2.63e-61	185
EABAIN_07650	AAKGEC_09350	99.1	459	4	0	1	459	1	459	8.95e-313	844
EABAIN_07655	AAKGEC_09345	98.8	581	7	0	1	581	1	581	0.0	1132
EABAIN_07655	AAKGEC_02265	27.3	520	320	14	25	543	16	478	1.58e-46	167
EABAIN_07660	HNNKEJ_02625	94.5	513	28	0	1	513	19	531	0.0	968
EABAIN_07665	AAKGEC_09335	99.3	291	2	0	1	291	1	291	1.72e-216	587
EABAIN_07665	ACDDAG_06090	63.3	281	103	0	4	284	2	282	1.13e-133	377
EABAIN_07665	EGHGNB_10360	61.0	290	112	1	1	289	1	290	2.31e-131	371
EABAIN_07670	AAKGEC_09330	98.6	293	4	0	1	293	1	293	1.70e-208	566
EABAIN_07670	AANGNE_04730	63.4	287	103	2	1	285	1	287	1.70e-131	372
EABAIN_07670	AANGNE_04030	39.0	282	169	1	2	283	7	285	1.21e-66	207
EABAIN_07675	ABNNBP_05785	91.4	475	41	0	1	475	1	475	0.0	920
EABAIN_07675	AANGNE_04725	70.7	475	139	0	1	475	1	475	3.11e-267	731
EABAIN_07675	ABJDJH_04730	67.5	474	154	0	2	475	3	476	1.09e-253	696
EABAIN_07675	BIFMNE_04180	48.1	459	213	6	4	459	3	439	9.53e-144	416
EABAIN_07675	AANGNE_08355	29.4	490	290	13	3	457	1	469	4.58e-61	204
EABAIN_07680	AAKGEC_09320	99.0	202	2	0	1	202	1	202	8.28e-132	365
EABAIN_07685	AIKIDN_10980	100	925	0	0	1	925	1	925	0.0	1834
EABAIN_07690	JCMPCJ_07655	97.7	529	12	0	1	529	1	529	0.0	1064
EABAIN_07690	AAKGEC_12770	58.7	530	211	3	3	526	14	541	3.07e-237	659
EABAIN_07690	JIGPNC_02680	55.7	530	224	5	4	527	5	529	8.30e-216	605
EABAIN_07690	BMKIOK_06255	41.0	544	279	11	7	523	5	533	3.17e-138	407
EABAIN_07690	GNOKMM_03575	41.1	538	271	11	9	519	10	528	2.85e-131	390
EABAIN_07690	KGIGEE_11615	41.7	501	248	12	9	485	2	482	5.27e-125	373
EABAIN_07690	ENIHOO_08500	31.2	452	235	14	10	445	48	439	9.70e-53	184
EABAIN_07695	GALHOA_11290	99.4	325	2	0	1	325	23	347	4.38e-246	665
EABAIN_07700	AAKGEC_09300	100	483	0	0	1	483	1	483	0.0	950
EABAIN_07705	AAKGEC_09295	100	306	0	0	1	306	1	306	5.78e-202	551
EABAIN_07705	ABJDJH_05815	36.6	279	155	5	36	306	36	300	2.32e-49	163
EABAIN_07710	LBKFJK_04175	83.5	310	50	1	1	310	1	309	8.74e-185	508
EABAIN_07715	AGKELP_05835	98.7	899	8	1	1	895	1	899	0.0	1754
EABAIN_07720	BJLDLK_10150	90.5	431	41	0	1	431	12	442	8.65e-304	820
EABAIN_07720	AAOIOD_10555	49.1	401	201	3	31	431	42	439	3.24e-139	402
EABAIN_07725	AAKGEC_09275	99.7	345	1	0	1	345	1	345	4.93e-250	676
EABAIN_07730	AAKGEC_09270	99.0	717	7	0	1	717	1	717	0.0	1465
EABAIN_07735	LLMEEB_12895	91.8	822	6	1	1	822	1	761	0.0	1533
EABAIN_07740	ADJCAM_02185	99.6	474	2	0	1	474	21	494	0.0	961
EABAIN_07745	ALNFEK_07300	100	233	0	0	1	233	1	233	5.88e-177	482
EABAIN_07750	AAKGEC_09250	97.5	527	13	0	1	527	1	527	0.0	1019
EABAIN_07755	BGHOFK_00415	91.9	455	37	0	1	455	1	455	1.74e-299	810
EABAIN_07755	CDIIGJ_00385	40.6	453	256	7	5	453	2	445	3.35e-102	309
EABAIN_07760	AAKGEC_09240	99.2	361	3	0	1	361	1	361	9.01e-261	704
EABAIN_07765	CDIIGJ_00385	91.6	455	36	1	1	455	1	453	1.15e-302	818
EABAIN_07765	BGHOFK_00415	42.0	452	247	7	2	444	5	450	5.54e-108	324
EABAIN_07770	BPNNAG_07560	98.5	199	3	0	1	199	1	199	8.25e-144	395
EABAIN_07775	AAKGEC_09225	98.9	559	6	0	1	559	1	559	0.0	1163
EABAIN_07780	AAKGEC_09220	83.0	482	82	0	9	490	11	492	5.19e-296	805
EABAIN_07785	BFMEKC_07590	94.0	334	1	1	1	334	1	315	1.59e-229	622
EABAIN_07790	AAKGEC_09205	100	501	0	0	1	501	1	501	0.0	994
EABAIN_07790	ABCBPP_12130	27.9	512	346	13	1	498	1	503	7.59e-58	197
EABAIN_07790	BPLFFK_04950	27.0	508	348	10	3	500	11	505	1.18e-52	182
EABAIN_07795	MKCKPI_08625	99.1	440	3	1	1	439	1	440	0.0	887
EABAIN_07800	AMDFJK_13505	99.1	317	2	1	1	317	1	316	4.41e-225	610
EABAIN_07805	IAFHMK_06000	75.1	366	90	1	2	367	1	365	2.75e-205	565
EABAIN_07805	AANGNE_05885	70.0	367	109	1	2	368	7	372	1.12e-194	538
EABAIN_07810	AAKGEC_09185	100	161	0	0	1	161	1	161	2.54e-106	297
EABAIN_07810	AANGNE_05890	68.3	161	51	0	1	161	1	161	3.95e-71	208
EABAIN_07815	IAFHMK_05985	74.6	413	104	1	1	412	1	413	3.19e-225	619
EABAIN_07815	AANGNE_05895	62.4	412	153	2	1	412	1	410	9.02e-184	514
EABAIN_07820	CDIIGJ_05030	82.2	208	36	1	1	208	1	207	1.19e-125	350
EABAIN_07825	BIHALF_08420	93.1	462	32	0	1	462	1	462	6.57e-303	820
EABAIN_07825	AAKGEC_07200	28.3	474	302	14	19	460	27	494	3.09e-49	172
EABAIN_07830	AGINCK_07825	97.8	228	5	0	1	228	1	228	9.63e-161	441
EABAIN_07830	BEIAAA_08535	69.9	226	68	0	1	226	1	226	2.07e-109	311
EABAIN_07835	AANGNE_05925	75.3	519	124	2	1	518	1	516	7.33e-286	781
EABAIN_07840	DNKGCI_07020	82.2	180	32	0	1	180	4	183	1.30e-102	290
EABAIN_07840	CJHCCN_08360	51.4	175	84	1	5	179	6	179	2.76e-62	187
EABAIN_07845	ABCBPP_07985	97.7	345	8	0	1	345	1	345	3.56e-243	659
EABAIN_07850	AAKGEC_09145	98.3	175	3	0	1	175	1	175	4.45e-121	336
EABAIN_07855	GFNALM_06825	96.6	529	0	1	1	529	1	511	0.0	958
EABAIN_07860	AAKGEC_09135	100	182	0	0	1	182	1	182	7.93e-127	351
EABAIN_07860	AANGNE_05930	57.3	178	76	0	1	178	1	178	1.74e-72	213
EABAIN_07865	AAKGEC_09130	97.3	338	9	0	1	338	1	338	1.56e-238	646
EABAIN_07870	BGHOFK_00325	99.0	867	9	0	1	867	1	867	0.0	1524
EABAIN_07870	BIHALF_08510	39.8	886	415	13	7	858	10	811	1.85e-200	589
EABAIN_07870	BLCAGE_01905	40.5	846	379	11	50	862	61	815	4.09e-196	578
EABAIN_07870	HNNKEJ_00210	46.9	697	294	10	163	858	111	732	1.66e-192	566
EABAIN_07875	LCBNOF_01805	99.3	268	2	0	1	268	1	268	2.51e-164	453
EABAIN_07880	AGINCK_07910	98.2	446	8	0	1	446	1	446	7.71e-301	813
EABAIN_07880	AANGNE_07805	38.8	376	218	6	9	376	13	384	2.13e-60	200
EABAIN_07885	AAKGEC_09110	99.0	207	2	0	1	207	1	207	5.90e-148	406
EABAIN_07890	JNMKIO_02690	98.9	459	5	0	37	495	44	502	0.0	902
EABAIN_07895	AJCMKJ_09605	97.8	279	6	0	3	281	13	291	1.65e-200	546
EABAIN_07900	AANGNE_05945	78.2	743	153	3	1	739	1	738	0.0	1149
EABAIN_07905	CNLKLD_01535	82.5	223	38	1	1	223	1	222	2.35e-138	384
EABAIN_07910	ABCLFC_08450	90.6	85	8	0	1	85	1	85	1.43e-50	150
EABAIN_07915	AANGNE_05960	76.5	234	55	0	3	236	3	236	6.35e-128	358
EABAIN_07920	CEFFBK_04810	100	126	0	0	1	126	1	126	2.10e-99	278
EABAIN_07925	AAKGEC_09070	95.9	97	4	0	1	97	1	97	2.53e-62	181
EABAIN_07930	CDIIGJ_01625	75.7	103	25	0	2	104	3	105	2.32e-57	169
EABAIN_07935	AAKGEC_09060	97.5	122	3	0	1	122	1	122	6.70e-90	253
EABAIN_07940	AAKGEC_09055	99.6	250	1	0	1	250	1	250	1.00e-174	478
EABAIN_07945	AAKGEC_09050	99.3	457	3	0	1	457	1	457	4.42e-312	842
EABAIN_07945	HMJMNM_06755	38.5	397	235	4	21	414	12	402	5.05e-80	252
EABAIN_07950	ABNNBP_05585	89.9	148	15	0	1	148	15	162	2.78e-84	241
EABAIN_07955	IAFHMK_05820	87.5	280	34	1	1	279	1	280	1.52e-186	510
EABAIN_07965	GLMKIB_09010	97.5	201	5	0	1	201	1	201	1.35e-129	360
EABAIN_07970	JMOLFK_04215	84.4	694	90	2	1	694	1	676	0.0	982
EABAIN_07970	OAEMLE_06945	44.9	568	273	10	1	551	1	545	5.55e-114	369
EABAIN_07975	AAKGEC_09035	99.7	348	1	0	1	348	1	348	3.00e-257	694
EABAIN_07975	AAOIOD_02375	53.3	351	155	5	1	346	1	347	3.25e-121	350
EABAIN_07980	ABCLFC_08550	89.9	89	9	0	1	89	13	101	9.07e-57	167
EABAIN_07985	BNPKDP_07875	94.0	235	14	0	1	235	1	235	3.22e-164	450
EABAIN_07985	AANGNE_02860	52.3	237	110	1	1	234	1	237	1.87e-91	266
EABAIN_07990	AANGNE_07570	81.6	309	55	1	3	311	4	310	1.63e-185	510
EABAIN_07995	AAKGEC_09015	98.4	183	3	0	1	183	1	183	4.79e-133	367
EABAIN_07995	BGHOFK_08055	62.0	166	63	0	1	166	1	166	1.20e-72	214
EABAIN_08000	AAKGEC_09010	99.7	324	1	0	1	324	1	324	2.29e-233	632
EABAIN_08010	CNLKLD_03745	77.5	628	124	4	1	622	1	617	0.0	918
EABAIN_08010	KCGGLB_01940	33.3	619	373	12	9	602	9	612	5.99e-84	273
EABAIN_08010	AANGNE_04410	32.3	625	386	13	9	610	9	619	1.49e-83	271
EABAIN_08010	AANGNE_02030	27.9	517	335	10	7	502	7	506	8.67e-57	197
EABAIN_08010	AAKGEC_02945	28.2	524	335	12	7	508	7	511	2.19e-55	193
EABAIN_08010	AANGNE_00260	26.2	534	364	14	8	523	6	527	8.92e-49	175
EABAIN_08015	HNNKEJ_08150	79.2	308	61	1	1	308	1	305	3.87e-176	487
EABAIN_08015	EHLNLG_10510	26.9	308	220	2	3	310	1	303	2.91e-45	153
EABAIN_08020	ABJDJH_02305	98.9	357	4	0	1	357	1	357	2.46e-257	696
EABAIN_08025	NGDFHG_03610	77.3	176	28	1	1	164	9	184	1.73e-80	233
EABAIN_08030	CNLKLD_07660	77.9	475	97	3	1	474	1	468	1.82e-272	743
EABAIN_08030	ABNNBP_02230	62.4	468	164	3	10	474	2	460	3.06e-222	616
EABAIN_08035	BGCJLL_00970	99.3	411	3	0	1	411	1	411	1.94e-295	796
EABAIN_08035	AANGNE_05995	66.3	398	134	0	14	411	1	398	7.35e-187	521
EABAIN_08040	ABCLFC_08610	80.2	177	35	0	1	177	1	177	1.38e-105	297
EABAIN_08045	DHPGCJ_05275	98.4	258	4	0	1	258	1	258	2.01e-182	498
EABAIN_08050	AAKGEC_08960	99.6	281	1	0	1	281	1	281	3.82e-199	542
EABAIN_08050	BNBIEO_03910	65.1	281	97	1	1	281	19	298	1.47e-131	372
EABAIN_08055	DDDLLA_01340	79.2	130	27	0	1	130	17	146	7.06e-72	208
EABAIN_08055	AANGNE_06015	75.0	132	31	1	1	130	1	132	2.47e-69	201
EABAIN_08060	DNKGCI_10200	82.4	250	38	2	5	251	1	247	1.12e-150	417
EABAIN_08065	DPCCPE_00500	97.7	171	4	0	1	171	8	178	3.33e-122	338
EABAIN_08070	AAKGEC_08940	99.6	270	1	0	1	270	1	270	6.02e-186	508
EABAIN_08070	AANGNE_08245	47.4	266	134	4	3	268	4	263	5.74e-73	221
EABAIN_08070	BGHOFK_07055	45.3	267	137	5	2	267	3	261	1.65e-69	212
EABAIN_08075	ANIMCG_04645	95.0	337	11	1	1	331	1	337	7.35e-219	596
EABAIN_08080	ANFPEE_00215	99.4	319	2	0	1	319	25	343	1.81e-231	628
EABAIN_08085	AAKGEC_08925	98.6	284	4	0	1	284	1	284	9.44e-206	559
EABAIN_08090	BNFMAL_02250	97.8	314	6	1	1	314	1	313	1.80e-227	616
EABAIN_08090	ACNHAK_05230	48.1	318	151	5	3	311	2	314	1.15e-96	285
EABAIN_08095	AAKGEC_08915	100	79	0	0	1	79	1	79	2.74e-51	152
EABAIN_08100	AAKGEC_08910	100	90	0	0	1	90	1	90	8.50e-60	174
EABAIN_08105	ANFPEE_00190	98.5	403	6	0	1	403	22	424	1.66e-271	736
EABAIN_08105	EMAPBM_07015	71.1	402	116	0	1	402	8	409	1.29e-198	551
EABAIN_08110	COENFP_08435	88.6	378	42	1	1	378	1	377	9.33e-233	635
EABAIN_08110	MHGLEN_04895	37.0	378	222	8	6	376	9	377	1.41e-69	220
EABAIN_08115	BGHOFK_00105	83.6	383	62	1	1	383	1	382	5.12e-230	629
EABAIN_08120	DAEIAJ_06680	84.3	235	37	0	1	235	13	247	2.73e-140	390
EABAIN_08125	AAKGEC_08885	96.3	320	11	1	1	319	1	320	1.27e-230	625
EABAIN_08125	BAFDFF_00515	41.3	252	130	3	69	317	94	330	9.09e-62	196
EABAIN_08125	KAAGFE_02320	36.3	325	183	7	1	317	1	309	2.77e-61	195
EABAIN_08125	AGDPFD_06085	38.8	255	153	2	65	319	86	337	2.79e-58	187
EABAIN_08165	BLIMPP_06090	87.2	86	11	0	2	87	275	360	1.95e-50	159
EABAIN_08185	ABJDJH_05615	38.0	316	191	3	6	319	65	377	4.75e-68	214
EABAIN_08190	EPKBNI_08720	99.1	345	2	1	1	345	1	344	4.75e-250	676
EABAIN_08195	ELEKDE_11555	77.7	103	23	0	1	103	1	103	7.29e-58	170
EABAIN_08200	ACPHPF_04830	94.9	394	16	1	1	390	1	394	1.71e-244	666
EABAIN_08200	DKACCG_04410	56.1	328	138	3	13	338	11	334	3.53e-126	365
EABAIN_08200	IAAGLG_06900	42.0	345	187	6	5	338	2	344	2.67e-85	261
EABAIN_08205	DGMGJF_03190	94.2	1130	62	1	1	1127	492	1621	0.0	1946
EABAIN_08205	HNNKEJ_07215	62.8	1114	380	9	26	1127	560	1651	0.0	1273
EABAIN_08210	DGMGJF_03190	91.9	359	29	0	1	359	1	359	1.38e-184	552
EABAIN_08210	HNNKEJ_07215	52.5	387	141	11	1	362	1	369	7.12e-70	236
EABAIN_08215	BAOMEA_11320	98.4	251	4	0	1	251	1	251	5.26e-153	423
EABAIN_08220	AAKGEC_08855	98.8	251	3	0	2	252	2	252	5.39e-180	491
EABAIN_08220	AMCIGH_05515	49.2	236	107	3	25	249	28	261	1.69e-64	199
EABAIN_08220	AAOIOD_08725	48.4	186	83	3	75	249	40	223	3.33e-55	174
EABAIN_08225	AMFMEJ_11005	100	260	0	0	1	260	1	260	2.54e-166	457
EABAIN_08225	AAOIOD_08705	45.6	283	124	10	1	263	1	273	1.24e-52	169
EABAIN_08230	AKOOIJ_08745	98.6	283	2	1	1	281	1	283	1.91e-172	474
EABAIN_08235	ABNNBP_05335	87.1	101	11	1	1	101	1	99	6.39e-53	157
EABAIN_08240	OLIPBP_08750	97.6	205	5	0	1	205	1	205	5.33e-143	394
EABAIN_08240	AANGNE_06270	43.5	191	103	2	1	191	1	186	7.97e-50	157
EABAIN_08250	AAKGEC_06765	100	437	0	0	1	437	1	437	0.0	863
EABAIN_08255	ABCLFC_08710	83.7	392	60	1	1	392	1	388	1.08e-216	595
EABAIN_08255	AANGNE_02200	45.0	351	159	6	5	353	3	321	3.65e-88	267
EABAIN_08260	OPPHHN_01880	100	357	0	0	1	357	19	375	6.59e-254	687
EABAIN_08260	CJHCCN_05015	63.5	362	125	2	1	355	1	362	9.16e-159	446
EABAIN_08265	BBKIGO_08230	99.6	449	2	0	1	449	1	449	3.67e-318	857
EABAIN_08270	DPJPEI_11815	100	113	0	0	1	113	22	134	2.90e-73	211
EABAIN_08275	IAFHMK_02905	85.7	413	58	1	1	413	1	412	9.41e-257	699
EABAIN_08280	BGHOFK_00020	79.6	490	99	1	1	490	1	489	1.45e-281	768
EABAIN_08280	AANGNE_02175	56.0	493	211	2	5	491	4	496	5.93e-192	541
EABAIN_08285	CNLKLD_03860	86.5	229	30	1	1	228	1	229	9.92e-138	382
EABAIN_08285	AGINCK_01445	43.0	228	119	3	4	230	3	220	9.13e-62	189
EABAIN_08285	BGHOFK_04845	43.8	224	118	3	4	224	3	221	1.31e-57	179
EABAIN_08285	CNLKLD_02960	41.1	231	131	2	1	226	1	231	5.16e-54	170
EABAIN_08285	JDLPKP_04720	37.9	224	134	3	5	227	10	229	1.94e-49	158
EABAIN_08285	CJHCCN_01640	35.9	234	139	3	4	230	14	243	7.89e-47	152
EABAIN_08285	LBLLFD_01825	34.3	236	142	3	4	230	2	233	4.49e-46	150
EABAIN_08290	AAKGEC_06805	98.3	176	3	0	1	176	1	176	6.07e-119	330
EABAIN_08290	CJHCCN_04985	57.6	177	73	2	1	175	1	177	4.77e-64	192
EABAIN_08300	AAKGEC_06815	98.7	154	2	0	1	154	1	154	1.62e-110	307
EABAIN_08305	AAKGEC_06820	98.3	120	2	0	1	120	1	120	1.72e-91	256
EABAIN_08305	AANGNE_06650	65.8	120	41	0	1	120	1	120	4.09e-61	180
EABAIN_08310	HMJMNM_07675	76.2	303	23	3	4	303	8	264	3.35e-137	385
EABAIN_08310	ABCBPP_08410	66.4	214	24	2	5	216	9	176	9.13e-70	211
EABAIN_08310	MKICBC_13355	61.4	140	49	1	169	303	208	347	2.11e-57	186
EABAIN_08315	KGIGEE_11180	98.2	281	2	1	1	278	1	281	1.13e-197	538
EABAIN_08315	AECHFI_02085	45.6	274	140	4	5	277	22	287	9.96e-80	239
EABAIN_08320	BCOINH_03965	89.8	314	12	2	1	296	1	312	1.75e-132	375
EABAIN_08335	BGHOFK_06095	88.1	260	30	1	1	259	1	260	4.73e-148	411
EABAIN_08340	ABCBPP_08430	98.0	99	2	0	1	99	1	99	1.02e-62	182
EABAIN_08345	ABCBPP_08435	88.8	116	13	0	1	116	1	116	9.34e-67	194
EABAIN_08360	AAKGEC_02865	73.3	859	165	12	1	809	1	845	0.0	1117
EABAIN_08365	AAKGEC_02860	99.2	121	1	0	1	121	1	121	2.85e-86	243
EABAIN_08370	GHPLOC_11730	77.1	1674	302	7	1	1593	1	1674	0.0	1905
EABAIN_08375	BGHOFK_06150	81.0	121	23	0	1	121	1	121	2.28e-66	193
EABAIN_08385	AKPIPJ_08240	85.3	143	19	1	1	141	1	143	7.80e-85	241
EABAIN_08390	AAKGEC_02830	98.3	120	2	0	1	120	1	120	1.21e-82	234
EABAIN_08395	AAKGEC_02825	98.3	180	3	0	1	180	3	182	2.10e-126	350
EABAIN_08400	DDDLLA_07780	81.1	111	19	1	1	111	1	109	9.29e-58	171
EABAIN_08405	ABIMCM_01915	95.4	109	5	0	2	110	3	111	9.96e-73	208
EABAIN_08415	AMFMEJ_10605	78.7	183	39	0	1	183	1	183	3.29e-90	261
EABAIN_08425	AMDFJK_11435	95.8	377	16	0	1	377	1	377	3.38e-260	704
EABAIN_08435	AAKGEC_02785	93.7	95	6	0	1	95	1	95	8.92e-62	179
EABAIN_08445	OFBCLB_05970	83.0	466	77	1	1	466	1	464	2.73e-280	764
EABAIN_08455	AAKGEC_02765	87.6	170	21	0	1	170	1	170	3.60e-99	280
EABAIN_08465	JAIDNN_10025	61.7	133	50	1	1	133	1	132	3.05e-48	150
EABAIN_08505	OCIPFJ_05755	93.5	138	9	0	1	138	1	138	1.51e-90	256
EABAIN_08530	FNBHCB_00360	90.9	132	12	0	1	132	8	139	4.34e-92	259
EABAIN_08540	AJGINB_12120	96.2	262	10	0	1	262	1	262	1.53e-178	491
EABAIN_08550	FDLGOJ_03220	93.6	141	9	0	1	141	5	145	6.17e-96	270
EABAIN_08550	CNLKLD_04595	63.4	164	37	3	1	141	1	164	6.59e-63	187
EABAIN_08555	AAKGEC_02005	96.0	252	10	0	1	252	1	252	2.90e-184	502
EABAIN_08560	ABCBPP_05580	98.3	172	3	0	1	172	1	172	2.05e-115	321
EABAIN_08610	NKPHMN_05750	72.5	193	52	1	1	193	1	192	5.19e-97	276
EABAIN_08625	AAKGEC_02095	96.0	379	15	0	1	379	1	379	8.77e-268	724
EABAIN_08625	HCCODA_08565	37.2	390	218	8	1	379	1	374	2.25e-76	238
EABAIN_08625	AGINCK_04610	38.9	386	220	8	1	377	1	379	1.41e-75	236
EABAIN_08625	ICGPBP_10970	37.3	386	227	6	1	379	26	403	9.79e-72	226
EABAIN_08625	AAOIOD_02620	31.2	394	244	10	1	379	11	392	9.81e-43	150
EABAIN_08630	EHLNLG_08590	98.9	357	4	0	1	357	1	357	1.54e-262	709
EABAIN_08635	DBFGIH_10935	78.9	308	64	1	1	307	1	308	2.07e-176	487
EABAIN_08640	DFCDFN_01470	85.5	429	59	1	1	426	1	429	5.29e-257	701
EABAIN_08645	BNBIEO_10240	84.4	173	27	0	1	173	18	190	1.51e-101	287
EABAIN_08650	AAKGEC_02120	99.6	232	1	0	1	232	1	232	1.26e-159	438
EABAIN_08655	BGHOFK_09375	84.0	94	15	0	1	94	1	94	2.47e-52	156
EABAIN_08660	BGHOFK_09380	85.3	299	43	1	6	303	6	304	4.69e-176	486
EABAIN_08665	ABNNBP_05190	94.2	413	24	0	1	413	2	414	5.32e-275	745
EABAIN_08670	ACDDAG_09600	90.3	267	26	0	3	269	1	267	1.29e-165	456
EABAIN_08675	DBFGIH_05575	83.9	460	73	1	6	465	7	465	1.53e-285	777
EABAIN_08685	AAKGEC_02155	96.3	108	4	0	1	108	1	108	8.32e-64	186
EABAIN_08690	PPHDMO_12355	99.6	231	1	0	1	231	1	231	1.60e-151	418
EABAIN_08695	LACCIH_04160	92.2	205	2	1	1	191	1	205	4.09e-123	343
EABAIN_08700	AAKGEC_02170	98.9	180	2	0	1	180	1	180	1.28e-131	363
EABAIN_08700	AANGNE_06675	70.3	165	49	0	10	174	1	165	2.96e-88	253
EABAIN_08705	JAFLJO_06360	88.7	522	48	4	1	517	13	528	2.56e-305	831
EABAIN_08710	PPLEED_11760	93.9	1048	60	2	1	1048	1	1044	0.0	1253
EABAIN_08715	CEFOCI_09510	98.6	571	7	1	1	570	1	571	0.0	1087
EABAIN_08715	ENIHOO_01595	35.6	550	347	4	4	550	12	557	2.22e-124	374
EABAIN_08720	JIBFFE_03415	97.3	223	0	1	1	223	1	217	9.35e-147	404
EABAIN_08725	BGHOFK_09720	81.7	295	54	0	1	295	1	295	2.75e-173	478
EABAIN_08725	AEMMAL_09290	38.1	286	161	7	16	294	6	282	2.82e-55	177
EABAIN_08730	ABCBPP_08795	100	151	0	0	1	151	1	151	2.15e-109	304
EABAIN_08735	DFCDFN_04215	83.2	357	59	1	3	358	4	360	9.26e-214	585
EABAIN_08735	AAOIOD_01855	46.4	347	169	4	1	347	1	330	1.80e-92	276
EABAIN_08740	LBKFJK_08880	77.7	283	61	2	6	287	1	282	1.19e-158	440
EABAIN_08740	ABJDJH_07875	52.1	290	135	3	1	287	1	289	6.26e-106	306
EABAIN_08750	AAKGEC_02220	100	84	0	0	1	84	1	84	1.72e-54	160
EABAIN_08755	IAFHMK_00960	85.6	658	94	1	1	657	1	658	0.0	1116
EABAIN_08760	AANGNE_03240	71.5	403	114	1	1	403	51	452	8.28e-200	556
EABAIN_08770	AAKGEC_02235	99.0	99	1	0	1	99	1	99	5.45e-67	193
EABAIN_08775	BDMBBJ_01585	99.2	646	5	0	1	646	1	646	0.0	1227
EABAIN_08775	BNBIEO_00935	57.2	645	273	3	1	645	1	642	6.12e-251	703
EABAIN_08780	BJLDLK_07525	91.5	213	10	1	1	213	1	205	4.79e-130	361
EABAIN_08785	AAKGEC_02250	98.4	316	5	0	1	316	1	316	1.58e-220	599
EABAIN_08785	ELEKDE_11120	65.3	314	108	1	1	314	1	313	7.21e-144	405
EABAIN_08790	CDIIGJ_05180	82.4	467	82	0	1	467	1	467	1.39e-293	797
EABAIN_08795	ADJCAM_03515	97.7	301	3	1	1	297	1	301	1.51e-214	582
EABAIN_08795	AAKGEC_09915	34.8	273	165	9	7	272	4	270	5.54e-52	169
EABAIN_08795	AANGNE_08435	30.5	292	190	7	7	291	4	289	1.05e-44	150
EABAIN_08800	AAKGEC_02265	100	508	0	0	1	508	1	508	0.0	1004
EABAIN_08800	AAKGEC_09345	27.5	520	319	13	16	478	25	543	7.75e-48	171
EABAIN_08805	IJBMGP_02930	98.6	358	5	0	1	358	1	358	7.80e-273	735
EABAIN_08810	EKJHIG_08330	98.2	542	10	0	1	542	1	542	0.0	1068
EABAIN_08815	ABJDJH_01790	98.2	227	4	0	1	227	57	283	2.26e-159	439
EABAIN_08820	ABNNBP_05035	97.7	476	11	0	1	476	1	476	2.12e-316	855
EABAIN_08825	ACIHME_12510	98.5	324	1	1	1	324	1	320	3.60e-220	598
EABAIN_08830	CJHCCN_08775	76.0	312	74	1	2	312	2	313	9.98e-158	440
EABAIN_08835	AAKGEC_02300	99.6	492	2	0	1	492	1	492	0.0	944
EABAIN_08835	AANGNE_06590	37.2	497	303	3	3	491	7	502	7.32e-111	335
EABAIN_08840	ACPHPF_04375	93.9	131	8	0	1	131	1	131	3.33e-85	242
EABAIN_08845	ABNNBP_05000	85.7	300	43	0	1	300	1	300	6.71e-188	515
EABAIN_08845	AANGNE_04790	37.3	303	169	11	3	288	3	301	5.26e-46	154
EABAIN_08850	AAKGEC_02315	99.1	327	3	0	1	327	1	327	1.54e-228	620
EABAIN_08850	AEMMAL_06275	62.8	323	120	0	1	323	7	329	7.50e-143	404
EABAIN_08855	DDDLLA_01575	88.3	429	50	0	1	429	1	429	2.99e-281	762
EABAIN_08860	HDDPIO_01625	99.6	226	1	0	1	226	1	226	6.76e-162	443
EABAIN_08860	HDKJGO_06855	57.6	229	94	2	1	226	26	254	8.19e-92	267
EABAIN_08875	AAKGEC_02340	100	104	0	0	1	104	1	104	1.07e-73	210
EABAIN_08880	AAKGEC_02345	100	776	0	0	1	776	1	776	0.0	1424
EABAIN_08885	AAKGEC_02350	99.5	186	1	0	1	186	1	186	3.17e-119	332
EABAIN_08885	AANGNE_02960	62.4	181	67	1	1	180	1	181	2.32e-72	213
EABAIN_08890	AAKGEC_02355	99.4	321	2	0	1	321	1	321	1.01e-230	625
EABAIN_08890	CJHCCN_00910	59.9	324	127	2	1	321	30	353	9.06e-135	384
EABAIN_08895	AANGNE_02745	75.0	332	82	1	1	332	1	331	3.62e-174	483
EABAIN_08900	BIFMNE_08620	78.2	362	76	2	1	361	1	360	3.69e-211	579
EABAIN_08900	AANGNE_07325	32.0	359	232	5	3	361	2	348	6.75e-54	178
EABAIN_08900	AAKGEC_11555	31.6	361	234	6	3	361	2	351	9.02e-51	170
EABAIN_08905	DCAANM_08680	90.9	673	54	2	1	666	1	673	0.0	894
EABAIN_08905	CNOINH_03905	39.8	666	311	12	21	657	9	613	6.88e-68	230
EABAIN_08910	BKMMEC_04430	81.0	384	73	0	1	384	1	384	3.81e-230	629
EABAIN_08920	AAKGEC_12915	100	128	0	0	1	128	1	128	1.43e-87	247
EABAIN_08920	AANGNE_02705	74.0	127	32	1	1	126	1	127	1.42e-60	179
EABAIN_08925	AAKGEC_12910	100	334	0	0	1	334	1	334	3.51e-233	632
EABAIN_08925	AANGNE_02700	63.3	332	121	1	1	332	1	331	1.02e-141	401
EABAIN_08930	AAKGEC_12905	99.0	191	2	0	1	191	1	191	3.74e-134	370
EABAIN_08935	MCFIIO_06345	94.2	771	39	1	1	765	1	771	0.0	1280
EABAIN_08935	AANGNE_02695	70.0	747	209	6	31	764	39	783	0.0	930
EABAIN_08940	CEHFAN_00190	99.2	261	0	1	1	261	1	259	2.79e-186	508
EABAIN_08940	BNBIEO_01145	69.7	261	79	0	1	261	3	263	2.34e-133	374
EABAIN_08945	PPBJPA_04660	100	128	0	0	1	128	1	128	1.75e-83	237
EABAIN_08950	DNKGCI_03700	79.7	325	63	1	1	325	1	322	2.00e-184	508
EABAIN_08955	DNKGCI_03695	86.9	206	27	0	1	206	10	215	2.31e-127	355
EABAIN_08960	AHPAPB_04140	90.5	326	31	0	1	326	34	359	3.54e-214	585
EABAIN_08960	AANGNE_03420	72.1	330	88	1	1	326	2	331	6.38e-171	474
EABAIN_08970	ABCBPP_09015	100	199	0	0	1	199	1	199	4.15e-135	373
EABAIN_08970	BNBIEO_08200	69.0	200	51	4	1	199	1	190	2.25e-84	244
EABAIN_08975	AANGNE_03525	77.7	319	71	0	1	319	17	335	1.38e-171	476
EABAIN_08975	ABCBPP_01065	36.3	314	184	3	1	313	1	299	9.07e-57	182
EABAIN_08980	OBFACL_04580	92.0	512	41	0	1	512	1	512	0.0	883
EABAIN_08980	DBFGIH_01400	63.8	511	182	3	3	511	5	514	7.69e-215	601
EABAIN_08995	ABCLFC_09270	90.4	104	10	0	1	104	1	104	1.58e-57	169
EABAIN_09000	AAKGEC_12835	97.8	277	6	0	1	277	1	277	2.69e-197	537
EABAIN_09000	AAOIOD_01895	42.6	272	153	2	3	272	2	272	2.14e-69	213
EABAIN_09000	ACNHAK_08185	37.9	269	166	1	1	268	1	269	8.96e-64	198
EABAIN_09000	ABCLFC_07605	37.5	272	167	2	3	272	2	272	3.03e-60	190
EABAIN_09005	HJMHNM_07235	81.1	233	43	1	3	235	1	232	5.44e-140	389
EABAIN_09010	AAKGEC_12825	99.3	901	6	0	1	901	1	901	0.0	1410
EABAIN_09010	DBFGIH_07055	75.4	905	219	1	1	901	1	905	0.0	1022
EABAIN_09015	DDDLLA_10775	81.1	477	89	1	1	477	1	476	6.83e-303	821
EABAIN_09015	ACDDAG_07275	56.6	472	202	3	3	474	10	478	1.57e-203	569
EABAIN_09015	DAEIAJ_08645	52.6	479	217	5	1	474	1	474	3.17e-175	497
EABAIN_09015	AANGNE_08355	51.4	492	212	9	1	477	1	480	5.71e-170	484
EABAIN_09015	CDIIGJ_10515	49.7	513	209	7	1	474	1	503	1.96e-168	481
EABAIN_09015	BGHOFK_02325	35.9	493	272	11	3	474	9	478	6.05e-97	297
EABAIN_09015	BNPKDP_04435	34.6	482	250	13	5	474	7	435	2.15e-85	266
EABAIN_09015	AANGNE_04725	27.3	488	316	13	1	474	3	465	4.17e-49	172
EABAIN_09020	CGMKCF_07735	98.9	88	1	0	1	88	1	88	4.32e-67	192
EABAIN_09025	AAKGEC_12810	99.5	580	3	0	1	580	1	580	0.0	1145
EABAIN_09025	AANGNE_02555	67.4	580	189	0	1	580	1	580	5.00e-297	815
EABAIN_09025	AAKGEC_09365	59.0	585	235	4	1	580	1	585	1.36e-246	687
EABAIN_09030	CGMKCF_07720	95.0	456	22	1	1	455	12	467	2.88e-303	820
EABAIN_09030	BNBIEO_04360	59.4	458	166	6	13	454	3	456	6.11e-180	508
EABAIN_09035	JDLPKP_04720	100	222	0	0	1	222	8	229	2.53e-158	434
EABAIN_09035	CNLKLD_03860	37.3	225	135	3	3	222	5	228	3.94e-50	160
EABAIN_09040	AAKGEC_12795	99.7	324	1	0	1	324	1	324	4.96e-228	619
EABAIN_09040	DBFGIH_05145	69.0	323	100	0	1	323	1	323	8.42e-159	444
EABAIN_09045	ELEKDE_01320	99.5	751	4	0	1	751	1	751	0.0	1515
EABAIN_09045	AANGNE_02530	73.0	753	200	3	1	751	1	752	0.0	1134
EABAIN_09045	ABCBPP_02800	27.8	784	464	31	28	749	22	765	3.82e-59	211
EABAIN_09050	KGIGEE_11615	95.5	558	1	1	1	558	1	534	0.0	1085
EABAIN_09050	GNOKMM_03575	66.7	559	152	3	1	558	9	534	1.51e-282	776
EABAIN_09050	AAKGEC_12770	40.7	526	250	15	2	508	20	502	1.05e-128	384
EABAIN_09050	JIGPNC_02680	38.8	528	261	13	1	508	9	494	1.64e-128	383
EABAIN_09050	JCMPCJ_07655	39.3	545	257	15	4	521	11	508	1.66e-121	365
EABAIN_09050	BMKIOK_06255	35.5	546	297	16	4	531	9	517	6.35e-102	315
EABAIN_09050	ENIHOO_08500	29.9	384	199	14	4	363	49	386	5.28e-44	160
EABAIN_09055	ENIHOO_08500	99.6	524	2	0	1	524	1	524	0.0	1025
EABAIN_09055	JIGPNC_02680	28.4	496	279	14	49	480	12	495	1.63e-52	183
EABAIN_09055	JCMPCJ_07655	31.5	451	233	15	49	439	11	445	5.36e-50	176
EABAIN_09055	AAKGEC_12770	27.4	511	263	15	49	480	22	503	4.27e-48	171
EABAIN_09055	GNOKMM_03575	27.7	505	269	19	49	479	12	494	1.42e-44	162
EABAIN_09055	KGIGEE_11615	29.1	385	201	13	49	386	4	363	3.52e-42	155
EABAIN_09060	HNNKEJ_06515	75.0	200	50	0	2	201	3	202	7.05e-96	274
EABAIN_09060	KEMHDF_07140	43.9	196	110	0	3	198	6	201	2.68e-56	174
EABAIN_09065	AAKGEC_12770	99.3	541	4	0	1	541	1	541	0.0	1118
EABAIN_09065	JIGPNC_02680	65.0	532	179	3	11	540	1	527	5.14e-268	738
EABAIN_09065	JCMPCJ_07655	58.5	530	212	3	14	541	3	526	2.50e-234	652
EABAIN_09065	BMKIOK_06255	42.0	519	272	11	20	518	7	516	1.46e-142	419
EABAIN_09065	GNOKMM_03575	42.5	508	254	11	11	498	1	490	6.40e-142	417
EABAIN_09065	KGIGEE_11615	41.4	503	255	14	20	502	2	484	2.74e-131	390
EABAIN_09065	ENIHOO_08500	27.4	511	263	15	22	503	49	480	7.66e-49	174
EABAIN_09070	LBKFJK_00575	75.7	584	138	2	1	584	1	580	0.0	951
EABAIN_09070	BNBIEO_04325	68.0	584	187	0	1	584	1	584	6.14e-319	870
EABAIN_09070	AAKGEC_11510	34.0	435	225	16	95	496	96	501	3.15e-65	221
EABAIN_09070	DDKKPM_05595	32.7	453	245	14	76	496	93	517	6.48e-64	218
EABAIN_09075	ABNNBP_04770	82.4	409	71	1	1	408	1	409	5.31e-231	633
EABAIN_09075	EJHBKF_09050	48.3	412	206	4	1	408	1	409	7.44e-120	351
EABAIN_09075	AANGNE_02515	43.9	410	224	4	1	407	1	407	1.57e-113	335
EABAIN_09080	AAKGEC_12755	95.0	460	23	0	1	460	1	460	1.13e-311	842
EABAIN_09080	AANGNE_02510	63.4	437	156	2	25	460	16	449	9.68e-191	535
EABAIN_09080	ABCBPP_09140	62.3	440	159	3	25	460	16	452	1.10e-185	522
EABAIN_09085	AAKGEC_12750	100	288	0	0	1	288	1	288	4.24e-195	532
EABAIN_09085	AANGNE_02505	66.0	288	94	2	1	288	1	284	4.14e-127	360
EABAIN_09090	ABJDJH_01510	92.2	217	17	0	1	217	1	217	3.74e-140	387
EABAIN_09090	AEMMAL_02690	58.7	206	85	0	3	208	1	206	1.01e-86	252
EABAIN_09105	AIKIDN_12195	100	103	0	0	1	103	1	103	6.25e-68	196
EABAIN_09115	ABJDJH_01490	97.5	157	4	0	1	157	1	157	1.53e-96	272
EABAIN_09120	AAKGEC_12745	99.1	331	3	0	1	331	1	331	1.23e-236	641
EABAIN_09125	AAKGEC_12740	95.5	314	14	0	1	314	1	314	6.89e-214	582
EABAIN_09130	AAKGEC_12735	98.4	185	3	0	1	185	1	185	1.30e-122	340
EABAIN_09135	AAKGEC_12730	100	178	0	0	1	178	1	178	2.67e-123	342
EABAIN_09135	AAKGEC_12705	60.3	156	62	0	13	168	14	169	7.89e-70	206
EABAIN_09140	ANFPEE_04720	96.7	91	3	0	1	91	1	91	4.33e-56	165
EABAIN_09145	AAKGEC_12720	99.3	269	2	0	1	269	1	269	3.27e-194	528
EABAIN_09150	AAKGEC_12715	100	100	0	0	1	100	1	100	8.99e-71	202
EABAIN_09155	FIHDIM_10600	92.6	391	29	0	1	391	1	391	1.36e-273	739
EABAIN_09160	AAKGEC_12705	100	179	0	0	1	179	1	179	6.10e-134	369
EABAIN_09160	AAKGEC_12730	60.3	156	62	0	14	169	13	168	1.38e-70	208
EABAIN_09170	BGCJLL_02140	99.1	211	2	0	1	211	1	211	3.70e-137	380
EABAIN_09175	AAKGEC_12690	99.5	382	2	0	1	382	1	382	1.32e-275	744
EABAIN_09180	DBFDDP_08025	98.5	265	4	0	1	265	1	265	6.75e-183	499
EABAIN_09185	AAKGEC_12680	99.7	585	2	0	1	585	1	585	0.0	1140
EABAIN_09190	KJCAIL_14000	90.2	315	1	1	1	315	1	285	3.11e-197	539
EABAIN_09190	AAKGEC_10415	70.1	314	94	0	1	314	1	314	5.99e-158	441
EABAIN_09195	AAKGEC_12670	99.7	366	1	0	1	366	1	366	8.60e-282	758
EABAIN_09200	LILODB_11715	99.1	449	2	1	1	449	1	447	2.51e-317	855
EABAIN_09205	EPKBNI_09765	96.8	344	7	1	1	340	1	344	9.79e-244	660
EABAIN_09205	AANGNE_00510	34.2	325	186	7	7	309	13	331	5.75e-47	159
EABAIN_09205	DPMHNO_00485	31.7	322	196	6	7	309	5	321	2.17e-44	152
EABAIN_09210	AAKGEC_12655	99.7	328	1	0	1	328	1	328	3.35e-228	619
EABAIN_09215	AAKGEC_12650	99.6	467	2	0	1	467	1	467	9.84e-275	749
EABAIN_09215	AANGNE_02500	63.3	466	160	6	3	467	1	456	5.90e-161	460
EABAIN_09220	DFCDFN_04020	77.6	219	49	0	1	219	1	219	5.43e-117	329
EABAIN_09225	AAKGEC_12640	97.7	172	3	1	1	171	1	172	7.08e-93	264
EABAIN_09230	CNLKLD_07830	86.3	329	44	1	1	329	1	328	4.41e-199	546
EABAIN_09235	AANGNE_02460	76.4	267	62	1	4	270	2	267	1.15e-134	378
EABAIN_09240	AAKGEC_12625	100	307	0	0	1	307	1	307	2.02e-223	605
EABAIN_09240	AANGNE_02455	80.4	224	43	1	2	224	4	227	3.33e-126	362
EABAIN_09240	AANGNE_07355	32.5	295	154	5	8	301	18	268	1.17e-47	158
EABAIN_09245	DKIIMI_08950	99.2	126	1	0	1	126	1	126	2.18e-88	249
EABAIN_09245	AANGNE_02450	66.7	126	42	0	1	126	1	126	1.18e-58	174
EABAIN_09250	EKJHIG_08755	99.1	226	2	0	1	226	1	226	5.17e-151	416
EABAIN_09250	BNBIEO_04260	71.1	211	61	0	1	211	1	211	3.34e-103	295
EABAIN_09250	BEGLKA_09505	64.3	210	75	0	1	210	1	210	1.91e-94	273
EABAIN_09255	FGPNLL_09215	86.2	123	17	0	1	123	3	125	1.61e-73	211
EABAIN_09260	DDDLLA_07905	77.5	422	94	1	1	422	1	421	1.18e-232	639
EABAIN_09265	AAKGEC_12600	99.1	324	3	0	1	324	1	324	2.95e-245	662
EABAIN_09270	ABCLFC_09420	94.7	188	10	0	1	188	1	188	4.84e-130	360
EABAIN_09275	PMFGFO_03920	100	216	0	0	1	216	1	216	1.66e-148	409
EABAIN_09280	AAKGEC_12585	100	253	0	0	1	253	1	253	4.27e-182	496
EABAIN_09280	AAKGEC_12580	59.7	253	101	1	2	253	17	269	7.03e-106	304
EABAIN_09280	AAKGEC_12175	37.1	248	145	5	4	249	3	241	4.44e-49	159
EABAIN_09285	AAKGEC_12580	100	269	0	0	1	269	1	269	2.80e-195	531
EABAIN_09285	AAKGEC_12585	59.7	253	101	1	17	269	2	253	8.64e-105	301
EABAIN_09285	AAKGEC_12175	36.7	237	139	4	31	265	14	241	5.18e-49	159
EABAIN_09290	DFCDFN_03955	91.0	299	25	1	1	297	1	299	9.90e-183	502
EABAIN_09295	AAKGEC_12570	100	307	0	0	1	307	1	307	1.75e-208	568
EABAIN_09300	CDIIGJ_05510	88.3	274	32	0	1	274	10	283	1.24e-173	477
EABAIN_09300	ACDDAG_06930	71.1	273	79	0	2	274	11	283	6.13e-137	384
EABAIN_09300	CNLKLD_05960	64.4	284	87	2	1	270	11	294	2.77e-122	348
EABAIN_09305	CNLKLD_05960	76.4	297	68	1	2	298	3	297	1.34e-152	426
EABAIN_09305	CDIIGJ_05510	61.4	298	97	3	1	297	1	281	3.68e-123	350
EABAIN_09305	ACDDAG_06930	60.1	296	102	2	1	296	1	280	8.08e-120	342
EABAIN_09310	AAKGEC_12555	100	155	0	0	1	155	1	155	1.96e-107	300
EABAIN_09315	ABCLFC_09475	78.3	184	40	0	1	184	1	184	2.84e-106	299
EABAIN_09320	CDIIGJ_05530	89.7	873	87	2	1	871	1	872	0.0	1536
EABAIN_09325	BCFLNJ_06485	87.0	308	39	1	1	308	1	307	1.80e-169	469
EABAIN_09325	BEIAAA_04365	58.2	304	124	1	1	304	18	318	1.65e-108	315
EABAIN_09330	DNKGCI_03435	77.3	233	42	1	4	225	8	240	1.87e-124	349
EABAIN_09335	AAKGEC_12530	99.2	601	5	0	1	601	1	601	0.0	1164
EABAIN_09335	EIKFFD_03850	73.6	602	156	3	1	601	1	600	0.0	884
EABAIN_09340	EHLNLG_07885	87.2	329	42	0	1	329	1	329	4.46e-218	594
EABAIN_09340	AANGNE_02355	50.6	328	160	1	1	328	1	326	2.05e-118	342
EABAIN_09345	EBGJEB_11835	87.4	357	45	0	1	357	1	357	3.10e-220	603
EABAIN_09345	AANGNE_02350	56.7	337	136	4	22	350	20	354	1.79e-125	362
EABAIN_09350	KFHBHO_02885	96.8	280	9	0	1	280	1	280	2.17e-198	540
EABAIN_09350	AAKGEC_10130	41.4	244	141	2	39	281	86	328	5.39e-62	196
EABAIN_09350	AANGNE_04830	39.3	247	146	2	39	281	64	310	4.08e-60	190
EABAIN_09355	AAKGEC_12510	99.8	473	1	0	1	473	1	473	0.0	872
EABAIN_09360	BGHOFK_03150	89.6	278	29	0	1	278	1	278	1.91e-187	512
EABAIN_09365	AAKGEC_12500	99.2	256	2	0	1	256	1	256	6.10e-188	511
EABAIN_09370	LKBOJM_07645	99.6	490	1	1	1	490	1	489	0.0	967
EABAIN_09375	AAKGEC_12490	99.6	227	1	0	1	227	1	227	7.69e-163	446
EABAIN_09380	BGHOFK_03155	90.7	236	22	0	1	236	1	236	9.98e-146	403
EABAIN_09380	CJHCCN_05150	52.6	234	109	1	6	237	2	235	1.71e-77	230
EABAIN_09410	AIKIDN_11650	83.9	168	27	0	1	168	1	168	3.24e-101	285
EABAIN_09425	BEGLKA_03835	94.7	190	10	0	1	190	1	190	2.80e-122	340
EABAIN_09440	ABCBPP_10835	96.6	565	19	0	1	565	1	565	0.0	1085
EABAIN_09440	AAOIOD_06240	54.8	568	248	7	1	563	1	564	8.34e-215	605
EABAIN_09445	ABCBPP_10840	93.3	89	6	0	1	89	1	89	1.73e-54	160
EABAIN_09455	ACIHME_05230	98.7	79	1	0	2	80	14	92	3.35e-51	152
EABAIN_09465	BFGFFC_03410	98.2	220	4	0	1	220	1	220	6.65e-152	418
EABAIN_09480	CIJHDH_09200	96.3	401	15	0	1	401	20	420	8.77e-282	762
EABAIN_09480	HBPNHC_05930	53.9	399	184	0	1	399	21	419	2.47e-146	419
EABAIN_09480	ABCBPP_00310	43.9	396	220	2	4	399	1	394	5.97e-110	325
EABAIN_09480	PHBBGM_10865	38.8	402	228	10	4	396	1	393	2.15e-81	252
EABAIN_09480	ABCBPP_12205	38.2	398	235	8	4	397	1	391	3.27e-80	249
EABAIN_09485	NCBCII_09180	99.7	300	1	0	1	300	1	300	4.36e-214	582
EABAIN_09490	AAKGEC_12475	99.4	170	1	0	1	170	1	170	3.87e-128	353
EABAIN_09490	AANGNE_02315	71.2	163	47	0	1	163	3	165	2.53e-85	245
EABAIN_09500	HNNKEJ_06745	77.1	853	157	5	1	834	1	834	0.0	1264
EABAIN_09500	ACDDAG_06825	70.3	835	222	3	1	832	1	812	0.0	1150
EABAIN_09505	AAKGEC_12460	99.0	197	2	0	1	197	1	197	2.43e-142	391
EABAIN_09505	AANGNE_02300	66.2	198	66	1	1	197	1	198	2.25e-90	260
EABAIN_09510	AAKGEC_12455	99.6	279	1	0	1	279	1	279	4.84e-201	546
EABAIN_09515	AAKGEC_12450	100	162	0	0	1	162	1	162	1.26e-111	311
EABAIN_09515	AANGNE_02295	51.6	159	75	2	1	157	1	159	8.86e-49	152
EABAIN_09520	BGHOFK_03195	76.3	426	101	0	1	426	1	426	1.14e-222	614
EABAIN_09520	ACDDAG_06810	63.1	428	153	3	1	426	1	425	4.56e-178	501
EABAIN_09525	AAKGEC_12440	99.4	354	2	0	1	354	1	354	4.72e-248	672
EABAIN_09530	AAKGEC_12435	100	291	0	0	1	291	1	291	1.33e-204	556
EABAIN_09530	AANGNE_02280	59.6	287	114	2	5	290	8	293	1.19e-120	344
EABAIN_09535	CDIIGJ_05655	80.7	223	41	1	1	223	1	221	6.64e-125	349
EABAIN_09540	ILDBOH_09110	85.3	354	4	1	1	354	1	306	3.34e-202	554
EABAIN_09540	IAMBHH_08305	65.5	348	118	2	1	348	4	349	1.34e-151	427
EABAIN_09545	BAFDFF_03625	85.1	670	96	2	1	667	1	669	0.0	1055
EABAIN_09545	BNBIEO_03250	51.2	672	305	7	1	667	1	654	2.63e-210	601
EABAIN_09550	EIBLCD_04820	88.2	254	30	0	1	254	29	282	6.83e-154	427
EABAIN_09550	AANGNE_07255	42.2	218	125	1	3	219	1	218	6.45e-51	173
EABAIN_09550	CEPOIM_07510	42.2	218	125	1	3	219	1	218	2.43e-50	171
EABAIN_09560	AAKGEC_12405	82.4	119	21	0	1	119	1	119	1.16e-66	194
EABAIN_09565	AAKGEC_12400	98.5	388	6	0	1	388	1	388	3.63e-276	746
EABAIN_09570	KJOAFL_00505	98.5	198	3	0	1	198	1	198	1.59e-143	395
EABAIN_09575	AAKGEC_12390	98.5	198	3	0	1	198	1	198	5.48e-140	385
EABAIN_09575	AANGNE_02245	64.1	198	68	1	1	198	1	195	8.75e-88	253
EABAIN_09580	AAKGEC_12385	98.4	307	5	0	1	307	1	307	1.99e-214	583
EABAIN_09580	AAOIOD_03175	62.7	308	114	1	1	307	1	308	2.84e-133	377
EABAIN_09585	DFCDFN_03755	77.6	357	77	2	1	356	1	355	3.25e-203	558
EABAIN_09585	BNBIEO_03280	69.9	356	103	2	1	355	1	353	1.67e-183	509
EABAIN_09590	AAKGEC_12375	99.7	286	1	0	1	286	1	286	5.90e-185	506
EABAIN_09590	LNLMLG_02345	59.1	286	112	3	1	285	1	282	1.25e-109	316
EABAIN_09595	CNLKLD_02035	79.7	217	44	0	2	218	5	221	3.06e-129	360
EABAIN_09600	BGHOFK_03280	88.3	715	83	1	1	714	1	715	0.0	1234
EABAIN_09605	AAKGEC_12360	100	247	0	0	1	247	1	247	4.11e-177	483
EABAIN_09605	AAKGEC_12175	64.4	239	85	0	7	245	6	244	1.02e-107	308
EABAIN_09605	AANGNE_02185	56.0	241	106	0	7	247	5	245	3.87e-86	253
EABAIN_09605	AANGNE_03680	48.0	244	124	1	7	247	2	245	4.05e-75	225
EABAIN_09605	AAKGEC_05805	37.5	256	139	5	7	241	5	260	1.54e-48	160
EABAIN_09605	AANGNE_01045	36.2	257	147	4	7	247	4	259	3.41e-48	159
EABAIN_09605	CEPOIM_07510	39.0	246	139	7	7	246	4	244	2.00e-46	160
EABAIN_09605	AANGNE_07255	37.3	249	140	7	7	246	4	245	9.87e-46	158
EABAIN_09610	AAKGEC_12355	99.6	542	2	0	1	542	98	639	0.0	964
EABAIN_09615	AAKGEC_12350	100	156	0	0	1	156	58	213	2.06e-104	294
EABAIN_09620	AAKGEC_12345	100	141	0	0	1	141	1	141	1.49e-93	263
EABAIN_09625	DPMHNO_08310	98.5	469	7	0	1	469	18	486	0.0	904
EABAIN_09630	AAKGEC_12335	99.7	289	1	0	1	289	1	289	9.64e-197	536
EABAIN_09635	AANGNE_02075	95.2	500	24	0	1	500	1	500	0.0	920
EABAIN_09640	AAKGEC_12325	100	175	0	0	1	175	1	175	2.02e-112	314
EABAIN_09640	AANGNE_02070	73.7	175	46	0	1	175	1	175	6.24e-84	242
EABAIN_09645	AAKGEC_12320	99.4	168	1	0	1	168	1	168	3.57e-82	237
EABAIN_09650	AAKGEC_12315	100	237	0	0	1	237	1	237	2.99e-165	452
EABAIN_09660	AAKGEC_12305	99.2	258	2	0	1	258	1	258	2.06e-196	533
EABAIN_09660	AANGNE_02050	69.4	258	79	0	1	258	1	258	1.06e-134	377
EABAIN_09665	IFJOCP_02625	96.9	738	21	1	1	736	1	738	0.0	1371
EABAIN_09665	AAOIOD_02985	51.6	734	352	3	6	736	3	736	4.95e-244	692
EABAIN_09670	ABNNBP_10675	75.7	202	46	3	17	215	3	204	2.62e-95	273
EABAIN_09675	CDIIGJ_05815	76.6	453	104	1	1	453	1	451	4.28e-231	637
EABAIN_09680	IAFHMK_01500	76.8	297	69	0	1	297	1	297	1.70e-165	459
EABAIN_09680	AANGNE_06765	47.5	295	154	1	3	296	2	296	4.54e-104	303
EABAIN_09685	AAKGEC_12280	99.2	132	1	0	1	132	1	132	7.28e-92	258
EABAIN_09690	AMHKJB_08450	95.2	187	3	1	1	187	1	181	2.21e-125	347
EABAIN_09695	AAKGEC_12270	99.5	392	2	0	1	392	1	392	9.39e-265	717
EABAIN_09705	AAKGEC_12260	100	218	0	0	1	218	1	218	2.39e-157	431
EABAIN_09710	AAKGEC_12255	98.8	323	4	0	1	323	1	323	2.48e-232	629
EABAIN_09715	AAKGEC_12250	99.5	189	1	0	1	189	1	189	8.48e-130	359
EABAIN_09720	AAKGEC_12245	97.8	413	9	0	1	413	1	413	4.28e-299	806
EABAIN_09725	MHGLEN_04895	77.7	381	85	0	1	381	1	381	1.25e-221	607
EABAIN_09725	COENFP_08435	35.4	376	230	6	9	377	6	375	1.04e-71	226
EABAIN_09730	ABCBPP_09665	100	116	0	0	1	116	5	120	1.71e-81	231
EABAIN_09735	AAKGEC_12230	100	97	0	0	1	97	1	97	4.18e-70	201
EABAIN_09740	MKCKPI_10760	98.4	248	4	0	1	248	4	251	1.30e-172	472
EABAIN_09745	AAKGEC_12220	97.9	281	6	0	1	281	1	281	7.08e-195	531
EABAIN_09750	DFCDFN_03625	89.8	471	47	1	1	470	1	471	1.79e-311	842
EABAIN_09755	LBKFJK_06230	80.4	143	28	0	1	143	1	143	3.35e-80	231
EABAIN_09760	AAKGEC_12205	99.4	163	1	0	1	163	1	163	8.52e-115	319
EABAIN_09760	AANGNE_05350	66.7	156	52	0	3	158	4	159	1.03e-73	215
EABAIN_09765	IAFHMK_01550	79.8	405	79	2	3	404	5	409	2.56e-242	662
EABAIN_09770	AAKGEC_12195	99.8	418	1	0	1	418	1	418	1.74e-296	800
EABAIN_09770	AANGNE_02010	68.9	418	130	0	1	418	1	418	2.93e-207	574
EABAIN_09775	DDDLLA_08630	83.8	259	38	1	1	255	1	259	6.84e-154	426
EABAIN_09780	BGHOFK_03410	83.5	442	62	3	1	438	1	435	4.19e-242	664
EABAIN_09780	AANGNE_02000	72.8	404	103	3	1	399	1	402	5.31e-188	526
EABAIN_09785	AAKGEC_12180	100	233	0	0	1	233	1	233	3.02e-172	470
EABAIN_09785	BOCCFK_01625	53.8	236	103	3	1	233	1	233	1.37e-82	243
EABAIN_09790	AAKGEC_12175	99.6	244	1	0	1	244	1	244	2.46e-172	471
EABAIN_09790	AAKGEC_12360	64.0	239	86	0	6	244	7	245	3.35e-106	304
EABAIN_09790	AANGNE_02185	55.8	240	106	0	5	244	4	243	8.44e-92	267
EABAIN_09790	AANGNE_03680	48.3	240	121	1	5	241	1	240	1.46e-74	224
EABAIN_09790	AANGNE_01045	40.9	252	132	5	5	240	3	253	9.04e-55	176
EABAIN_09790	AAKGEC_05805	40.9	257	131	5	5	240	4	260	3.23e-54	175
EABAIN_09790	AAKGEC_12580	36.7	237	139	4	14	241	31	265	1.04e-47	155
EABAIN_09790	AAKGEC_12585	37.1	248	145	5	3	241	4	249	1.06e-46	152
EABAIN_09790	AAKGEC_07545	39.8	241	139	4	5	242	1	238	5.78e-46	152
EABAIN_09790	AANGNE_07255	40.3	233	121	8	5	225	3	229	2.36e-45	157
EABAIN_09790	CEPOIM_07510	38.7	238	128	8	5	230	3	234	8.22e-44	153
EABAIN_09795	AAKGEC_12170	100	228	0	0	1	228	1	228	4.74e-153	421
EABAIN_09800	AAKGEC_12165	99.3	302	2	0	1	302	1	302	1.71e-217	590
EABAIN_09800	AANGNE_01990	53.2	301	141	0	1	301	1	301	2.25e-115	332
EABAIN_09805	HNNKEJ_07095	95.5	1207	54	0	1	1207	22	1228	0.0	2276
EABAIN_09810	AANGNE_01980	91.5	1191	100	1	1	1191	6	1195	0.0	2184
EABAIN_09815	EAKCFB_01135	99.5	202	1	0	1	202	1	202	1.70e-140	387
EABAIN_09820	MAHILF_09300	99.1	224	2	0	1	224	4	227	4.79e-163	446
EABAIN_09825	DKIIMI_12240	95.5	649	7	1	1	627	1	649	0.0	1219
EABAIN_09830	EHLNLG_07045	100	101	0	0	1	101	1	101	2.36e-69	199
EABAIN_09835	AAKGEC_12130	99.8	557	1	0	1	557	1	557	0.0	1053
EABAIN_09835	AANGNE_01965	54.6	542	241	3	19	557	33	572	3.16e-195	555
EABAIN_09840	IAFHMK_01615	75.4	483	117	1	1	483	1	481	3.27e-269	736
EABAIN_09840	AANGNE_01945	71.8	483	136	0	1	483	1	483	8.21e-254	697
EABAIN_09845	BHKCDL_01495	98.8	86	1	0	1	86	1	86	1.36e-53	159
EABAIN_09850	DNKGCI_05890	82.4	341	59	1	1	340	1	341	5.97e-203	556
EABAIN_09855	MHGLEN_11390	93.6	592	38	0	1	592	53	644	0.0	1093
EABAIN_09855	BNBIEO_10465	72.8	592	159	2	1	591	24	614	1.74e-318	871
EABAIN_09860	PHNKGJ_04295	99.0	511	2	1	1	508	1	511	0.0	949
EABAIN_09860	AANGNE_01930	58.2	514	205	5	1	505	1	513	1.82e-204	575
EABAIN_09860	AANGNE_03715	51.4	512	235	9	1	505	1	505	7.93e-173	494
EABAIN_09865	CNLKLD_05355	82.1	413	73	1	1	413	1	412	6.94e-259	704
EABAIN_09870	DIBOGN_06825	84.2	265	42	0	1	265	1	265	3.68e-163	450
EABAIN_09870	AANGNE_01920	51.9	264	115	4	1	263	1	253	1.33e-83	248
EABAIN_09875	AAKGEC_12090	98.7	314	4	0	1	314	1	314	1.41e-222	604
EABAIN_09880	AANGNE_01910	82.6	259	45	0	5	263	6	264	6.78e-166	456
EABAIN_09885	ABCBPP_09820	100	445	0	0	1	445	1	445	2.25e-309	835
EABAIN_09885	AANGNE_01900	71.3	439	126	0	1	439	1	439	1.36e-225	622
EABAIN_09885	AAKGEC_11955	32.9	389	251	5	11	391	1	387	1.08e-58	195
EABAIN_09885	EIFNNL_05470	31.7	388	253	5	15	393	5	389	2.96e-55	186
EABAIN_09890	AAKGEC_12075	99.7	371	1	0	1	371	1	371	2.48e-231	631
EABAIN_09890	AANGNE_01895	66.1	369	125	0	1	369	1	369	5.14e-149	422
EABAIN_09895	ABCLFC_03710	89.9	149	15	0	1	149	1	149	5.87e-95	268
EABAIN_09895	BNBIEO_05370	62.8	148	54	1	1	147	1	148	3.65e-59	177
EABAIN_09900	AANGNE_06430	42.2	232	121	6	35	254	62	292	8.00e-49	160
EABAIN_09935	AAKGEC_12045	99.5	191	1	0	1	191	1	191	6.95e-130	359
EABAIN_09940	NKPHMN_05750	68.6	191	59	1	1	191	1	190	1.43e-89	258
EABAIN_09945	FGPNLL_09880	88.1	194	22	1	1	193	1	194	1.69e-129	358
EABAIN_09945	BNBIEO_05375	69.8	192	58	0	1	192	1	192	1.93e-103	293
EABAIN_09950	DDDLLA_08840	84.5	939	145	1	1	938	1	939	0.0	1592
EABAIN_09950	ACDDAG_09905	32.7	934	423	13	4	934	3	733	3.19e-153	466
EABAIN_09955	AAKGEC_12025	98.1	212	4	0	1	212	1	212	1.61e-143	395
EABAIN_09960	AAKGEC_12020	100	174	0	0	1	174	1	174	2.80e-123	341
EABAIN_09965	AAKGEC_12015	100	104	0	0	1	104	1	104	9.16e-75	213
EABAIN_09970	ABNNBP_11250	95.8	449	19	0	1	449	1	449	2.11e-301	815
EABAIN_09970	BNBIEO_00300	51.8	448	209	4	1	447	1	442	9.40e-156	446
EABAIN_09970	FAKCMI_12975	45.5	448	233	5	1	447	1	438	6.19e-123	362
EABAIN_09970	DNKGCI_09195	32.0	397	244	10	1	382	1	386	1.64e-45	161
EABAIN_09975	CDIIGJ_06085	80.6	304	59	0	1	304	1	304	8.22e-170	470
EABAIN_09975	ACDDAG_00915	66.8	304	99	2	1	304	1	302	6.92e-140	394
EABAIN_09980	AAKGEC_12000	97.6	211	5	0	1	211	1	211	1.62e-147	405
EABAIN_09980	AANGNE_07415	59.1	208	82	1	1	208	1	205	2.60e-80	235
EABAIN_09990	AJGINB_11570	98.7	150	2	0	1	150	1	150	5.84e-105	293
EABAIN_09995	AGKELP_00900	97.0	99	3	0	1	99	82	180	5.48e-61	181
EABAIN_10000	AAKGEC_11985	99.6	447	2	0	1	447	1	447	0.0	905
EABAIN_10000	AANGNE_07425	74.5	447	112	1	1	447	1	445	6.08e-256	699
EABAIN_10010	DNKGCI_05550	76.3	392	93	0	1	392	1	392	8.44e-213	586
EABAIN_10010	AANGNE_07435	72.1	391	109	0	1	391	1	391	1.42e-205	568
EABAIN_10010	AAOIOD_01880	36.0	367	220	8	32	393	31	387	2.05e-70	223
EABAIN_10010	DDDLLA_05940	35.3	365	220	8	33	391	32	386	8.62e-67	214
EABAIN_10015	ABCBPP_09905	100	147	0	0	1	147	1	147	9.16e-100	280
EABAIN_10015	AANGNE_07440	49.0	147	75	0	1	147	1	147	7.04e-51	156
EABAIN_10020	AAKGEC_11965	99.4	791	5	0	1	791	1	791	0.0	1510
EABAIN_10020	AAOIOD_01315	64.6	791	271	5	1	790	1	783	0.0	1006
EABAIN_10025	AAKGEC_11960	100	145	0	0	1	145	1	145	2.17e-97	273
EABAIN_10025	DPCCPE_01025	49.7	145	73	0	1	145	1	145	4.21e-49	151
EABAIN_10030	AAKGEC_11955	99.8	429	1	0	2	430	2	430	3.64e-295	797
EABAIN_10030	EIFNNL_05470	72.6	427	117	0	4	430	4	430	9.52e-212	587
EABAIN_10030	ABCBPP_09820	34.3	385	240	6	8	387	15	391	1.14e-58	195
EABAIN_10030	AANGNE_01900	29.6	422	275	8	8	418	15	425	2.36e-53	181
EABAIN_10035	AAKGEC_11950	99.7	333	1	0	1	333	1	333	6.20e-247	667
EABAIN_10040	AAKGEC_11945	99.2	248	2	0	1	248	1	248	4.96e-174	476
EABAIN_10045	DDDLLA_02085	75.1	602	145	2	1	602	1	597	0.0	887
EABAIN_10050	AIKIDN_00590	100	297	0	0	1	297	1	297	1.23e-203	555
EABAIN_10055	AAKGEC_11930	98.7	319	4	0	1	319	1	319	6.07e-231	625
EABAIN_10055	AAKGEC_05925	31.9	320	199	5	1	318	1	303	9.32e-50	164
EABAIN_10055	AANGNE_01120	29.9	318	206	3	3	319	4	305	1.38e-49	164
EABAIN_10060	AAKGEC_11925	99.1	319	3	0	1	319	1	319	1.94e-227	617
EABAIN_10060	AANGNE_01135	45.8	288	142	5	21	305	18	294	2.30e-72	223
EABAIN_10060	BGHOFK_04410	38.8	268	149	5	3	262	5	265	1.24e-52	173
EABAIN_10060	ABCLFC_03590	38.6	241	141	3	30	263	36	276	2.25e-48	162
EABAIN_10065	ABCLFC_03590	87.9	338	41	0	1	338	12	349	1.61e-213	583
EABAIN_10065	BGHOFK_04410	47.3	281	147	1	1	280	1	281	3.83e-83	253
EABAIN_10065	AANGNE_01135	36.4	269	162	5	2	268	4	265	2.53e-50	167
EABAIN_10065	AAKGEC_11925	37.2	266	153	4	6	264	4	262	3.11e-50	167
EABAIN_10070	AAKGEC_11915	100	119	0	0	1	119	1	119	5.80e-76	217
EABAIN_10080	KPPIIN_01700	100	163	0	0	1	163	1	163	5.04e-108	302
EABAIN_10115	ACNHAK_01685	58.3	144	60	0	62	205	63	206	6.15e-48	164
EABAIN_10210	BGHOFK_00325	35.7	683	302	7	7	558	163	839	2.51e-131	403
EABAIN_10210	BLCAGE_01905	38.3	621	315	8	4	558	174	792	1.79e-128	394
EABAIN_10210	BIHALF_08510	37.7	626	320	9	2	560	172	794	1.94e-127	391
EABAIN_10210	HNNKEJ_00210	36.1	617	321	10	7	560	111	717	2.12e-114	355
EABAIN_10340	AAKGEC_11895	99.4	156	1	0	1	156	26	181	6.87e-110	307
EABAIN_10345	CHBPFB_02525	100	231	0	0	1	231	1	231	6.24e-169	462
EABAIN_10345	AANGNE_01750	53.3	229	106	1	1	229	1	228	4.10e-81	239
EABAIN_10350	AANGNE_08085	82.6	625	107	1	1	625	1	623	0.0	1038
EABAIN_10355	AAKGEC_11880	98.4	191	3	0	1	191	1	191	5.88e-122	339
EABAIN_10360	ABCBPP_10000	99.3	136	1	0	1	136	1	136	6.15e-104	289
EABAIN_10360	AEFDGK_05280	64.7	116	41	0	15	130	1	116	5.07e-60	178
EABAIN_10365	AIGDEK_10060	99.2	133	1	0	1	133	7	139	1.66e-92	260
EABAIN_10370	BGHOFK_07205	76.9	451	101	1	1	448	2	452	2.00e-263	719
EABAIN_10370	AANGNE_08105	73.3	449	119	1	1	448	2	450	1.03e-253	694
EABAIN_10375	ALHAGD_09370	98.5	196	3	0	2	197	7	202	1.12e-130	362
EABAIN_10380	DBFGIH_00950	84.4	199	31	0	1	199	1	199	6.58e-122	340
EABAIN_10385	AAKGEC_11850	100	256	0	0	1	256	1	256	7.43e-189	514
EABAIN_10390	KGJGGL_07565	79.7	780	131	5	1	773	1	760	0.0	1154
EABAIN_10395	BGHOFK_07185	84.3	383	57	1	1	380	1	383	6.08e-217	595
EABAIN_10395	MONLHG_04685	62.9	385	114	3	1	380	1	361	1.47e-160	452
EABAIN_10395	AANGNE_03040	63.0	189	66	3	5	192	4	189	1.29e-70	216
EABAIN_10400	AAKGEC_11835	99.7	321	1	0	1	321	1	321	8.27e-230	623
EABAIN_10400	BNBIEO_00615	49.5	323	160	3	2	321	15	337	3.71e-105	308
EABAIN_10405	AAKGEC_11830	100	143	0	0	1	143	1	143	4.77e-100	280
EABAIN_10410	BGHOFK_07175	80.1	326	63	1	1	324	33	358	2.43e-188	520
EABAIN_10410	AANGNE_08145	67.9	318	100	1	1	318	33	348	1.20e-154	434
EABAIN_10410	AAKGEC_00435	34.4	326	210	4	1	324	52	375	5.42e-53	175
EABAIN_10415	AAKGEC_11820	100	114	0	0	1	114	1	114	6.16e-80	227
EABAIN_10420	OAEMLE_11740	98.7	395	3	1	1	395	1	393	1.63e-282	762
EABAIN_10435	AAKGEC_11800	99.7	932	3	0	1	932	1	932	0.0	1890
EABAIN_10440	CIJHDH_09860	94.9	315	8	1	1	307	1	315	1.45e-135	384
EABAIN_10440	DBFGIH_01060	76.0	196	36	1	1	196	1	185	8.23e-62	194
EABAIN_10445	AAKGEC_11790	97.7	263	6	0	1	263	1	263	9.90e-177	484
EABAIN_10445	AANGNE_08180	60.2	264	104	1	1	263	1	264	7.10e-110	315
EABAIN_10450	AAKGEC_11785	100	91	0	0	1	91	1	91	4.36e-58	170
EABAIN_10455	AAKGEC_11780	100	196	0	0	1	196	1	196	7.78e-134	370
EABAIN_10455	AEFDGK_05185	55.8	199	79	4	1	195	1	194	1.70e-57	176
EABAIN_10460	CPFDGH_06555	99.1	223	2	0	1	223	1	223	8.52e-155	425
EABAIN_10460	AANGNE_08195	65.5	223	77	0	1	223	1	223	1.05e-101	291
EABAIN_10465	AANGNE_08200	83.3	425	61	5	1	416	1	424	3.56e-235	645
EABAIN_10470	CJHCCN_07195	75.5	457	108	3	1	456	1	454	6.95e-241	662
EABAIN_10475	LCBNOF_10635	99.3	286	2	0	1	286	1	286	5.92e-198	540
EABAIN_10475	BNBIEO_04190	66.3	291	96	1	1	289	1	291	7.91e-134	377
EABAIN_10480	AGDPFD_08620	85.5	242	35	0	1	242	35	276	4.25e-148	411
EABAIN_10485	ECIJBF_01715	98.4	369	6	0	1	369	1	369	3.14e-266	719
EABAIN_10485	AAOIOD_00915	63.9	366	132	0	1	366	30	395	5.29e-165	464
EABAIN_10490	AAKGEC_11745	98.9	281	3	0	1	281	1	281	2.61e-206	560
EABAIN_10490	ABNNBP_07265	38.6	254	152	3	3	253	2	254	1.41e-62	196
EABAIN_10490	AAKGEC_05485	41.1	265	142	4	6	259	8	269	2.00e-61	192
EABAIN_10490	ABCBPP_06850	43.3	261	139	5	2	256	4	261	2.75e-61	192
EABAIN_10490	AANGNE_05130	41.5	260	143	5	5	258	6	262	1.69e-59	187
EABAIN_10490	CGMKCF_02875	36.8	261	130	7	5	257	1	234	1.50e-49	161
EABAIN_10495	LIMBNG_02915	99.5	441	2	0	1	441	1	441	2.06e-294	797
EABAIN_10500	AAKGEC_11735	99.7	292	1	0	1	292	1	292	1.34e-209	569
EABAIN_10505	AAKGEC_11730	100	134	0	0	1	134	1	134	4.90e-91	256
EABAIN_10510	CNLKLD_05840	76.9	438	98	3	19	454	1	437	1.09e-251	689
EABAIN_10515	AAKGEC_11720	97.5	197	5	0	1	197	1	197	3.71e-137	378
EABAIN_10515	AMCIGH_00115	47.9	163	84	1	26	188	24	185	9.16e-53	164
EABAIN_10520	AAKGEC_11715	99.6	226	1	0	1	226	1	226	7.34e-156	428
EABAIN_10525	AAKGEC_11710	100	92	0	0	1	92	1	92	1.84e-55	163
EABAIN_10530	AAKGEC_11705	99.5	194	1	0	1	194	1	194	6.21e-139	382
EABAIN_10530	AANGNE_08235	69.6	194	59	0	1	194	1	194	1.93e-94	270
EABAIN_10535	AAKGEC_11700	99.8	458	1	0	1	458	1	458	4.38e-308	832
EABAIN_10540	BGHOFK_07055	76.7	262	60	1	1	262	1	261	2.23e-138	387
EABAIN_10540	AANGNE_08245	69.1	262	81	0	1	262	1	262	2.43e-126	356
EABAIN_10540	AAKGEC_08940	44.5	265	141	3	4	262	3	267	1.41e-70	215
EABAIN_10545	AAKGEC_11690	100	89	0	0	1	89	1	89	3.92e-60	175
EABAIN_10550	ABCLFC_03325	85.5	572	76	4	1	570	1	567	1.19e-304	838
EABAIN_10550	ACDDAG_01920	60.4	581	211	8	1	565	1	578	6.54e-219	622
EABAIN_10555	DNKGCI_01115	79.7	256	52	0	1	256	1	256	5.10e-147	408
EABAIN_10555	AANGNE_08260	77.4	248	55	1	1	248	1	247	2.27e-138	386
EABAIN_10560	AAOIOD_01085	75.7	423	102	1	1	422	1	423	1.74e-232	638
EABAIN_10565	AANGNE_03760	74.9	171	39	2	1	168	1	170	1.41e-77	225
EABAIN_10565	KKACAP_12135	65.7	169	30	3	3	168	15	158	2.54e-61	184
EABAIN_10575	ABCBPP_10535	84.3	185	0	1	2	186	2	157	1.78e-98	278
EABAIN_10575	AJCMKJ_10760	45.9	185	99	1	1	185	1	184	1.45e-56	173
EABAIN_10575	AANGNE_06075	48.1	183	93	1	2	184	2	182	3.46e-55	170
EABAIN_10575	AANGNE_03750	46.2	182	98	0	2	183	2	183	1.08e-48	153
EABAIN_10585	CDIIGJ_06365	82.1	318	54	1	1	318	1	315	3.06e-189	520
EABAIN_10590	AAKGEC_11645	98.7	154	2	0	1	154	1	154	3.54e-114	317
EABAIN_10595	AAKGEC_11640	98.8	173	2	0	1	173	1	173	6.64e-126	348
EABAIN_10600	AAKGEC_11635	91.9	124	10	0	1	124	1	124	2.41e-84	239
EABAIN_10605	DNKGCI_01090	77.0	786	174	2	1	779	1	786	0.0	1193
EABAIN_10605	AANGNE_08290	74.4	778	193	3	2	779	4	775	0.0	1143
EABAIN_10615	AANGNE_08300	92.0	201	16	0	1	201	1	201	7.23e-133	368
EABAIN_10620	DDDLLA_10040	89.9	386	39	0	146	531	156	541	3.72e-241	669
EABAIN_10625	AAKGEC_11610	100	237	0	0	1	237	1	237	5.01e-173	472
EABAIN_10630	AMHKJB_11425	100	398	0	0	1	398	1	398	7.62e-277	749
EABAIN_10635	IAFHMK_04380	78.7	395	83	1	1	395	1	394	1.06e-240	657
EABAIN_10640	ABCBPP_10600	98.8	250	3	0	1	250	1	250	1.55e-178	487
EABAIN_10640	AANGNE_08320	62.8	250	92	1	1	250	1	249	4.51e-106	304
EABAIN_10645	AAKGEC_11590	100	154	0	0	1	154	1	154	3.59e-89	253
EABAIN_10655	CDIIGJ_06435	82.6	367	61	2	1	364	1	367	3.27e-173	484
EABAIN_10655	AANGNE_08335	61.6	362	133	3	3	361	2	360	2.59e-129	372
EABAIN_10660	KOJBHC_09640	93.4	573	19	1	1	554	1	573	1.02e-278	767
EABAIN_10660	FAAIHB_00255	59.0	324	116	4	234	554	239	548	4.61e-122	367
EABAIN_10665	DDDLLA_10005	85.6	298	38	1	1	298	1	293	2.89e-183	503
EABAIN_10665	DBFGIH_06940	39.3	305	156	8	1	298	1	283	8.23e-61	192
EABAIN_10725	AAKGEC_09855	99.5	219	1	0	1	219	1	219	2.93e-138	383
EABAIN_10730	JAFLJO_08530	90.1	644	64	0	1	644	30	673	0.0	1184
EABAIN_10735	AANGNE_08415	82.9	105	18	0	1	105	21	125	8.19e-60	176
EABAIN_10740	ABNNBP_11795	96.6	415	14	0	1	415	6	420	4.94e-266	723
EABAIN_10745	AAKGEC_09875	100	202	0	0	1	202	1	202	1.64e-147	405
EABAIN_10750	AANGNE_08425	86.3	211	27	1	1	211	1	209	8.44e-129	358
EABAIN_10755	BGHOFK_07530	91.0	376	34	0	1	376	1	376	6.56e-225	615
EABAIN_10755	AKPIPJ_03190	71.2	378	107	1	1	378	1	376	1.71e-175	490
EABAIN_10755	BNBIEO_09110	71.0	379	108	2	1	379	1	377	9.34e-172	481
EABAIN_10760	KBGOAJ_11300	99.2	387	2	1	1	387	1	386	4.48e-283	763
EABAIN_10760	BNBIEO_05675	29.5	393	264	8	1	386	7	393	1.55e-62	202
EABAIN_10765	BGHOFK_07520	78.3	359	78	0	1	359	1	359	2.24e-202	557
EABAIN_10765	FBLNFP_09685	43.5	375	194	2	5	361	4	378	1.42e-97	292
EABAIN_10765	AHPAPB_00360	32.2	426	221	9	4	361	7	432	1.61e-55	184
EABAIN_10770	BNFMAL_07580	99.1	319	3	0	1	319	1	319	3.12e-237	642
EABAIN_10775	AAKGEC_09905	97.8	186	4	0	1	186	1	186	1.66e-130	360
EABAIN_10780	AAKGEC_09910	100	302	0	0	1	302	1	302	2.86e-200	546
EABAIN_10785	AAKGEC_09915	98.6	289	4	0	1	289	1	289	2.36e-222	601
EABAIN_10785	AANGNE_08435	66.3	288	97	0	1	288	1	288	2.25e-149	417
EABAIN_10785	ADJCAM_03515	32.0	294	183	9	4	288	7	292	8.45e-52	169
EABAIN_10790	AAKGEC_09920	100	314	0	0	1	314	1	314	1.74e-232	629
EABAIN_10795	DNKIME_01645	75.1	438	105	1	1	434	1	438	3.90e-184	517
EABAIN_10795	CNLKLD_01905	68.7	434	117	3	1	434	1	415	1.92e-168	476
EABAIN_10800	BGHOFK_07480	81.0	216	41	0	1	216	1	216	1.53e-122	343
EABAIN_10805	AAKGEC_09935	98.8	85	1	0	1	85	1	85	1.71e-50	150
EABAIN_10810	AAKGEC_09940	100	86	0	0	1	86	1	86	8.40e-56	164
EABAIN_10815	AAKGEC_09945	99.3	307	2	0	1	307	1	307	1.42e-223	606
EABAIN_10820	AAKGEC_09950	96.2	364	3	1	1	364	21	373	3.07e-158	446
EABAIN_10820	ACDDAG_02245	38.5	366	157	4	18	364	27	343	5.55e-45	154
EABAIN_10825	ABCBPP_10795	99.6	797	3	0	1	797	1	797	0.0	1527
EABAIN_10825	AANGNE_08500	69.7	802	238	4	1	797	1	802	0.0	1072
EABAIN_10830	HNNKEJ_08045	92.2	346	27	0	1	346	4	349	3.39e-240	651
EABAIN_10835	BOGGMI_09570	99.4	176	1	0	1	176	1	176	3.00e-134	370
EABAIN_10840	ABJDJH_08425	97.8	179	4	0	1	179	1	179	3.24e-127	352
EABAIN_10840	ACDDAG_08390	62.6	174	65	0	1	174	1	174	4.77e-75	220
EABAIN_10845	AAKGEC_09975	99.8	492	1	0	1	492	1	492	0.0	983
EABAIN_10845	AANGNE_05035	70.4	493	145	1	1	492	1	493	1.18e-253	697
EABAIN_10850	LBIEGE_10760	99.5	218	1	0	1	218	1	218	2.55e-160	439
EABAIN_10855	DDDLLA_07275	90.9	428	39	0	1	428	37	464	4.53e-293	793
EABAIN_10860	PLDCIE_12680	88.1	201	23	1	4	204	1	200	2.29e-114	321
EABAIN_10870	BPNIAE_08135	98.7	154	2	0	2	155	14	167	2.85e-105	295
EABAIN_10875	ACIHME_09380	96.6	208	7	0	18	225	65	272	5.46e-134	374
EABAIN_10880	ABNNBP_12670	78.0	164	35	1	3	166	1	163	9.71e-89	253
EABAIN_10890	CGMKCF_08500	89.7	107	6	1	1	107	1	102	7.14e-68	196
EABAIN_10895	AAKGEC_10025	99.4	314	2	0	1	314	1	314	6.53e-228	617
EABAIN_10900	DBDHAK_07655	96.5	173	6	0	1	173	1	173	1.59e-123	342
EABAIN_10900	CJHCCN_03740	48.6	173	86	1	1	173	21	190	5.74e-57	174
EABAIN_10905	AANGNE_08545	86.4	330	43	1	1	330	1	328	8.39e-206	563
EABAIN_10915	IAFHMK_02000	75.9	286	69	0	6	291	5	290	5.70e-156	434
EABAIN_10915	AANGNE_08555	61.8	288	110	0	4	291	6	293	2.15e-128	364
EABAIN_10920	IAFHMK_02000	71.5	284	81	0	8	291	7	290	1.86e-144	404
EABAIN_10920	AANGNE_08555	57.7	286	121	0	6	291	8	293	6.17e-120	342
EABAIN_10925	AAKGEC_10055	99.7	309	1	0	1	309	1	309	2.82e-215	585
EABAIN_10925	AANGNE_08560	69.7	284	86	0	26	309	4	287	1.58e-142	400
EABAIN_10930	ANIMCG_07810	99.7	590	2	0	1	590	11	600	0.0	1147
EABAIN_10935	AAKGEC_10065	98.7	76	1	0	1	76	47	122	4.63e-53	157
EABAIN_10945	AAKGEC_10070	99.8	430	1	0	1	430	1	430	1.08e-312	842
EABAIN_10950	AAKGEC_10075	99.7	386	1	0	1	386	1	386	7.44e-284	765
EABAIN_10955	AAKGEC_10080	100	107	0	0	1	107	1	107	1.06e-70	203
EABAIN_10960	BAOMEA_09555	84.3	287	44	1	1	286	1	287	4.80e-182	499
EABAIN_10965	AAKGEC_10090	100	190	0	0	1	190	1	190	8.51e-135	372
EABAIN_10965	CNLKLD_02860	74.7	190	42	1	1	190	1	184	7.80e-100	283
EABAIN_10970	AOPEMA_10740	97.3	298	7	1	1	298	1	297	2.25e-181	498
EABAIN_10970	AGDPFD_08295	53.1	288	123	3	1	277	1	287	4.21e-75	229
EABAIN_10975	BNPKDP_10250	92.7	426	31	0	1	426	1	426	6.67e-291	786
EABAIN_10975	AANGNE_08585	70.3	427	127	0	1	427	1	427	1.18e-227	626
EABAIN_10980	CGMKCF_08405	98.3	423	6	1	1	423	1	422	1.17e-294	795
EABAIN_10980	AANGNE_08590	58.0	417	170	1	1	417	3	414	2.95e-169	478
EABAIN_10985	DBDHAK_07730	100	120	0	0	1	120	1	120	4.21e-81	230
EABAIN_10985	AANGNE_08595	70.8	120	35	0	1	120	1	120	1.12e-53	161
EABAIN_10990	BGHOFK_07340	83.5	358	59	0	1	358	1	358	6.61e-219	598
EABAIN_10990	BNBIEO_02120	74.3	354	90	1	1	354	1	353	3.21e-186	516
EABAIN_10995	ABCBPP_11035	96.7	122	4	0	1	122	1	122	4.04e-82	233
EABAIN_11000	ANIMCG_07870	98.2	111	2	0	1	111	1	111	3.45e-73	211
EABAIN_11005	AAKGEC_10130	78.9	331	69	1	1	330	1	331	3.01e-184	508
EABAIN_11005	KFHBHO_02885	40.9	232	134	3	86	315	39	269	3.22e-57	184
EABAIN_11005	AANGNE_04830	32.8	247	161	2	86	327	64	310	4.94e-48	160
EABAIN_11010	BGLHNG_09325	89.0	327	35	1	1	326	1	327	4.47e-219	596
EABAIN_11015	DCAANM_10390	98.8	995	9	1	2	996	1	992	0.0	2034
EABAIN_11020	AAKGEC_10150	99.5	207	1	0	1	207	1	207	1.11e-152	418
EABAIN_11025	CGMKCF_08350	98.4	493	8	0	1	493	1	493	0.0	978
EABAIN_11025	AANGNE_08620	67.3	492	160	1	1	492	1	491	2.36e-246	679
EABAIN_11030	CNLKLD_00345	81.8	400	70	3	1	398	1	399	2.34e-227	623
EABAIN_11035	JNMKIO_01510	86.4	338	46	0	1	338	1	338	1.03e-219	599
EABAIN_11035	AANGNE_08630	63.5	337	123	0	1	337	1	337	9.43e-165	460
EABAIN_11040	CEPOIM_13685	91.8	462	18	1	1	462	1	442	8.48e-287	778
EABAIN_11045	ABNNBP_12210	98.0	244	5	0	1	244	1	244	2.89e-161	443
EABAIN_11045	AGDPFD_08235	69.6	237	72	0	4	240	6	242	5.99e-112	318
EABAIN_11045	DIEDGI_04540	47.3	241	126	1	1	240	1	241	3.74e-67	205
EABAIN_11045	CBFHCM_03595	36.1	244	148	4	2	239	3	244	3.60e-48	157
EABAIN_11050	AAKGEC_10180	99.1	114	1	0	1	114	1	114	1.10e-84	248
EABAIN_11055	AAKGEC_10180	97.8	185	4	0	1	185	150	334	1.18e-122	346
EABAIN_11060	AAKGEC_10185	99.7	379	1	0	1	379	1	379	8.68e-284	764
EABAIN_11060	BNBIEO_02140	50.4	284	106	4	14	296	5	254	1.58e-86	261
EABAIN_11065	AAKGEC_10190	99.4	325	2	0	1	325	1	325	2.31e-238	645
EABAIN_11070	CDIIGJ_06800	95.3	430	19	1	1	430	1	429	1.14e-300	811
EABAIN_11080	ABCLFC_11020	97.1	307	9	0	1	307	17	323	1.86e-216	588
EABAIN_11085	AAKGEC_10210	98.9	93	1	0	1	93	1	93	2.81e-55	163
EABAIN_11090	AAKGEC_10215	99.6	273	1	0	1	273	1	273	2.80e-197	536
EABAIN_11090	BGLHNG_09380	66.7	273	91	0	1	273	55	327	1.54e-128	365
EABAIN_11095	AAKGEC_10220	99.5	208	1	0	1	208	1	208	5.46e-149	409
EABAIN_11100	AAKGEC_10225	100	339	0	0	1	339	1	339	6.88e-222	604
EABAIN_11100	AAOIOD_10900	58.7	339	140	0	1	339	3	341	7.99e-125	358
EABAIN_11105	HNNKEJ_08245	84.8	256	39	0	1	256	9	264	1.74e-157	435
EABAIN_11105	ABCBPP_01630	35.0	237	152	1	1	237	1	235	7.99e-47	153
EABAIN_11110	ABNNBP_12410	85.8	593	81	1	8	600	3	592	0.0	959
EABAIN_11110	AANGNE_05985	32.0	590	378	12	19	590	5	589	9.73e-77	252
EABAIN_11115	LBKFJK_05635	80.9	131	25	0	1	131	1	131	3.23e-78	224
EABAIN_11125	ABNNBP_12425	86.0	114	16	0	1	114	6	119	4.70e-67	194
EABAIN_11130	AAKGEC_10255	100	229	0	0	1	229	1	229	5.34e-155	426
EABAIN_11135	AEMMAL_07830	87.8	139	17	0	1	139	19	157	6.05e-81	232
EABAIN_11140	AAKGEC_10265	99.6	254	1	0	1	254	1	254	3.15e-164	451
EABAIN_11145	AAKGEC_10270	100	147	0	0	1	147	146	292	6.80e-102	290
EABAIN_11150	AAKGEC_10270	100	138	0	0	1	138	1	138	2.29e-95	273
EABAIN_11150	AANGNE_06490	61.6	138	52	1	1	138	1	137	2.45e-56	174
EABAIN_11160	BGHOFK_08055	87.7	171	21	0	1	171	1	171	5.09e-115	320
EABAIN_11160	AAKGEC_09015	62.0	166	63	0	1	166	1	166	1.46e-76	223
EABAIN_11165	IAFHMK_02290	75.3	283	69	1	2	283	3	285	4.71e-163	451
EABAIN_11170	AAKGEC_10290	99.3	152	1	0	1	152	1	152	1.10e-116	323
EABAIN_11175	AAKGEC_10295	100	185	0	0	1	185	1	185	3.20e-123	342
EABAIN_11180	AAKGEC_10300	100	238	0	0	1	238	1	238	1.22e-169	464
EABAIN_11185	AAKGEC_10305	100	150	0	0	1	150	1	150	5.71e-109	303
EABAIN_11190	HNNKEJ_08310	87.6	395	49	0	1	395	1	395	9.69e-251	682
EABAIN_11190	EHLNLG_12135	65.1	395	137	1	1	395	17	410	3.52e-191	532
EABAIN_11195	EHLNLG_12135	98.2	395	7	0	1	395	17	411	1.25e-279	756
EABAIN_11195	HNNKEJ_08310	66.7	396	131	1	1	395	1	396	2.33e-193	537
EABAIN_11200	HNNKEJ_08340	78.0	313	68	1	1	312	1	313	2.47e-174	482
EABAIN_11200	AANGNE_08795	59.5	316	119	2	1	312	1	311	1.79e-131	373
EABAIN_11210	IAFHMK_02330	84.8	611	91	2	4	613	1	610	0.0	1005
EABAIN_11210	AEMMAL_06890	28.2	560	310	20	8	521	11	524	2.42e-44	164
EABAIN_11215	NPNEBP_08285	90.8	131	11	1	1	131	1	130	1.30e-73	212
EABAIN_11220	DOCKDI_10880	99.5	208	1	0	1	208	1	208	1.36e-142	394
EABAIN_11220	AAKGEC_06395	43.4	212	115	2	1	208	1	211	1.86e-53	167
EABAIN_11225	EGHGNB_05270	88.1	657	78	0	1	657	1	657	0.0	1065
EABAIN_11230	DHPGCJ_09110	93.5	108	1	1	1	108	1	102	4.65e-71	204
EABAIN_11235	IHCKAN_04575	96.0	225	9	0	1	225	1	225	8.86e-155	427
EABAIN_11245	DNKGCI_08720	85.7	322	45	1	3	323	2	323	5.00e-200	548
EABAIN_11250	AAKGEC_10380	99.2	128	1	0	1	128	1	128	3.38e-86	244
EABAIN_11250	AANGNE_08820	70.7	123	36	0	5	127	4	126	6.40e-61	180
EABAIN_11255	BGHOFK_07975	78.4	148	32	0	1	148	1	148	2.10e-83	238
EABAIN_11260	AAKGEC_10390	98.6	221	3	0	1	221	1	221	7.63e-151	415
EABAIN_11260	JFBCPF_05145	46.0	211	112	2	7	217	6	214	2.42e-55	173
EABAIN_11265	BGHOFK_07970	86.3	364	50	0	1	364	1	364	1.12e-227	621
EABAIN_11270	AAKGEC_10400	98.8	163	2	0	1	163	1	163	1.86e-118	328
EABAIN_11275	AAKGEC_10405	99.6	497	2	0	1	497	1	497	0.0	937
EABAIN_11275	CPLMAE_02405	68.8	474	148	0	3	476	11	484	6.89e-231	642
EABAIN_11275	AANGNE_00515	66.5	496	156	3	1	496	1	486	4.23e-230	638
EABAIN_11275	AANGNE_08610	61.7	496	179	4	1	496	1	485	3.64e-214	597
EABAIN_11280	PLIDEH_10490	94.7	375	20	0	1	375	40	414	1.17e-264	717
EABAIN_11280	BLIMPP_05900	67.0	370	122	0	1	370	1	370	4.74e-195	540
EABAIN_11285	AAKGEC_10415	99.0	314	3	0	1	314	1	314	6.01e-224	607
EABAIN_11285	KJCAIL_14000	62.1	314	89	1	1	314	1	284	8.73e-136	383
EABAIN_11290	AAKGEC_10415	65.6	314	108	0	1	314	1	314	1.93e-146	411
EABAIN_11290	KJCAIL_14000	65.9	314	77	1	1	314	1	284	3.23e-138	389
EABAIN_11295	CPLMAE_02405	99.2	521	4	0	6	526	14	534	0.0	977
EABAIN_11295	AANGNE_00515	70.7	492	139	2	1	492	1	487	5.67e-245	677
EABAIN_11295	AAKGEC_10405	68.3	476	151	0	1	476	1	476	5.49e-231	642
EABAIN_11295	AANGNE_08610	64.4	489	170	2	4	492	2	486	2.24e-220	614
EABAIN_11300	AANGNE_00510	87.7	341	41	1	10	350	5	344	8.35e-222	605
EABAIN_11300	DPMHNO_00485	63.9	335	116	3	14	347	1	331	7.72e-151	425
EABAIN_11300	EPKBNI_09765	32.1	343	203	8	18	354	7	325	6.19e-45	154
EABAIN_11305	AANGNE_00505	90.2	410	39	1	1	410	1	409	6.77e-276	747
EABAIN_11310	AANGNE_09740	81.2	564	104	1	1	564	1	562	0.0	906
EABAIN_11315	MNCDBI_03640	100	152	0	0	1	152	5	156	3.08e-99	279
EABAIN_11315	AANGNE_09735	59.9	147	57	1	1	147	1	145	6.18e-51	156
EABAIN_11320	AAKGEC_10450	99.6	457	2	0	1	457	1	457	0.0	920
EABAIN_11325	CDIIGJ_07090	82.2	202	31	3	1	197	1	202	1.98e-108	306
EABAIN_11325	AANGNE_08845	56.6	212	66	5	4	196	5	209	9.86e-68	203
EABAIN_11330	CGMKCF_12595	99.3	1030	7	0	1	1030	1	1030	0.0	1977
EABAIN_11330	AANGNE_08850	69.9	1033	307	2	1	1030	5	1036	0.0	1456
EABAIN_11335	ILDBOH_06115	97.8	1450	26	1	1	1450	1	1444	0.0	2713
EABAIN_11345	ABCLFC_11365	94.4	468	26	0	1	468	1	468	0.0	882
EABAIN_11345	JMBAEF_08980	49.4	480	236	4	4	478	5	482	8.77e-157	455
EABAIN_11345	AHPAPB_06590	27.3	477	332	9	5	472	11	481	1.39e-44	161
EABAIN_11350	ABCBPP_11390	99.7	318	1	0	1	318	1	318	5.35e-236	639
EABAIN_11350	AANGNE_08860	60.8	316	122	1	1	316	1	314	2.47e-143	404
EABAIN_11355	AAKGEC_10480	99.6	259	1	0	1	259	1	259	1.17e-182	498
EABAIN_11355	AANGNE_08865	47.5	259	132	3	1	259	1	255	2.42e-78	234
EABAIN_11360	ABNNBP_12675	88.0	259	31	0	3	261	14	272	9.91e-158	436
EABAIN_11360	AANGNE_08870	49.6	268	115	3	6	261	3	262	8.85e-75	225
EABAIN_11365	ABJDJH_07875	94.4	288	16	0	1	288	1	288	1.38e-203	554
EABAIN_11365	LBKFJK_08880	51.9	283	132	2	7	288	2	281	7.18e-111	319
EABAIN_11370	AAKGEC_10495	99.7	763	2	0	1	763	1	763	0.0	1533
EABAIN_11370	AANGNE_01020	67.8	764	238	5	1	758	1	762	0.0	1060
EABAIN_11375	BFGFFC_11775	97.0	236	1	1	1	236	1	230	5.93e-170	464
EABAIN_11380	AAKGEC_10505	98.9	280	3	0	1	280	1	280	7.13e-199	541
EABAIN_11380	AANGNE_01405	60.7	280	110	0	1	280	1	280	2.38e-123	350
EABAIN_11380	AANGNE_04620	33.5	284	179	4	1	280	1	278	4.26e-51	166
EABAIN_11385	ABCBPP_11425	99.5	440	2	0	1	440	1	440	0.0	867
EABAIN_11385	ABCBPP_12890	54.0	443	195	4	7	440	7	449	5.70e-165	469
EABAIN_11385	EIKFFD_09515	52.1	451	205	3	1	440	1	451	3.37e-160	457
EABAIN_11390	AAKGEC_10515	99.8	483	1	0	1	483	1	483	0.0	971
EABAIN_11395	EJEPOM_06290	96.3	164	6	0	1	164	13	176	6.17e-118	327
EABAIN_11400	CHBPFB_01160	97.1	307	2	1	1	307	1	300	3.86e-208	566
EABAIN_11405	ABCLFC_11475	93.3	164	11	0	1	164	20	183	5.96e-113	315
EABAIN_11405	AANGNE_00995	53.1	162	76	0	1	162	1	162	2.03e-58	176
EABAIN_11410	AMDFJK_08140	99.1	107	1	0	1	107	1	107	1.68e-74	213
EABAIN_11415	AAKGEC_10540	98.3	115	2	0	1	115	1	115	3.29e-80	228
EABAIN_11420	AAKGEC_10545	100	120	0	0	1	120	1	120	4.57e-87	245
EABAIN_11425	AAKGEC_10550	100	209	0	0	1	209	1	209	1.01e-140	388
EABAIN_11425	AANGNE_00985	53.8	208	95	1	1	207	1	208	1.08e-67	203
EABAIN_11430	HNNKEJ_08615	81.4	360	62	2	1	360	1	355	4.56e-193	533
EABAIN_11430	EIKFFD_05275	68.2	359	109	2	1	359	1	354	2.15e-163	458
EABAIN_11435	EHLNLG_11895	97.8	223	5	0	1	223	1	223	2.27e-146	404
EABAIN_11435	CBFHCM_03435	45.2	208	114	0	9	216	6	213	1.44e-56	176
EABAIN_11435	ABJDJH_05770	40.4	203	121	0	9	211	20	222	4.92e-52	165
EABAIN_11440	DFCDFN_02660	93.6	451	29	0	3	453	10	460	1.50e-305	826
EABAIN_11455	AAKGEC_10580	100	126	0	0	1	126	1	126	1.62e-83	237
EABAIN_11460	IAFHMK_10280	93.9	313	18	1	1	312	1	313	2.97e-205	560
EABAIN_11465	AAKGEC_10590	100	127	0	0	1	127	1	127	5.85e-82	233
EABAIN_11470	AAKGEC_10595	100	121	0	0	1	121	1	121	1.47e-79	226
EABAIN_11480	ACIHME_00390	98.6	214	3	0	1	214	1	214	2.36e-152	418
EABAIN_11485	DNKGCI_00365	87.0	440	55	1	1	438	1	440	3.93e-272	740
EABAIN_11490	DDDLLA_11510	85.0	147	22	0	1	147	1	147	6.01e-74	214
EABAIN_11500	CNLKLD_01235	92.4	170	11	1	1	168	1	170	2.00e-100	283
EABAIN_11505	AAKGEC_10630	99.1	115	1	0	1	115	1	115	4.15e-74	212
EABAIN_11510	AAKGEC_10635	100	178	0	0	1	178	1	178	3.12e-122	339
EABAIN_11515	AAKGEC_10640	100	132	0	0	1	132	1	132	8.51e-91	256
EABAIN_11520	CDIIGJ_07300	77.8	207	40	1	1	207	1	201	1.21e-88	256
EABAIN_11520	JIBFFE_02620	63.6	118	43	0	86	203	98	215	4.46e-47	151
EABAIN_11530	AAKGEC_10655	100	180	0	0	1	180	1	180	1.38e-126	350
EABAIN_11535	AAKGEC_10660	100	101	0	0	1	101	1	101	1.32e-68	197
EABAIN_11540	AAKGEC_10665	100	122	0	0	1	122	1	122	8.15e-82	232
EABAIN_11545	AAKGEC_10670	100	86	0	0	1	86	1	86	2.06e-56	165
EABAIN_11555	AANGNE_00830	89.8	137	14	0	1	137	1	137	8.64e-89	251
EABAIN_11560	AAKGEC_10685	99.5	217	1	0	1	217	1	217	1.01e-153	422
EABAIN_11565	AAKGEC_10690	100	115	0	0	1	115	1	115	2.50e-75	215
EABAIN_11570	AAKGEC_10695	100	92	0	0	1	92	1	92	3.15e-65	188
EABAIN_11575	DFCDFN_08360	89.1	276	30	0	1	276	1	276	5.21e-179	491
EABAIN_11580	AAKGEC_10705	100	97	0	0	1	97	1	97	2.16e-63	184
EABAIN_11585	AAKGEC_10710	100	208	0	0	1	208	1	208	6.57e-141	389
EABAIN_11590	AAKGEC_10715	100	207	0	0	1	207	1	207	1.34e-144	398
EABAIN_11595	AAKGEC_10720	100	102	0	0	1	102	1	102	4.09e-68	196
EABAIN_11600	AAKGEC_01070	70.0	120	36	0	1	120	1	120	6.19e-50	152
EABAIN_11605	LMHNOH_05565	98.4	429	3	1	1	429	1	425	9.62e-278	753
EABAIN_11605	AANGNE_00780	58.0	426	169	2	1	424	1	418	3.89e-159	452
EABAIN_11610	CDIIGJ_07400	75.8	496	116	1	1	496	1	492	2.21e-266	730
EABAIN_11615	AANGNE_00775	85.4	185	26	1	1	184	1	185	6.15e-119	331
EABAIN_11625	JMEAFF_11745	98.7	608	5	1	1	605	1	608	0.0	1172
EABAIN_11625	AANGNE_00765	58.1	606	247	3	2	601	5	609	3.48e-244	683
EABAIN_11630	HNNKEJ_09155	85.6	744	104	3	1	743	1	742	0.0	1242
EABAIN_11630	AOEAIB_02700	65.9	707	237	2	40	742	53	759	0.0	932
EABAIN_11630	ABCLFC_02260	31.7	564	316	16	121	625	129	682	1.18e-59	213
EABAIN_11630	AGHDIE_04215	32.8	567	308	17	121	625	140	695	2.15e-59	212
EABAIN_11635	AEFDGK_00710	85.6	209	30	0	1	209	1	209	1.32e-129	360
EABAIN_11640	AAKGEC_10765	100	143	0	0	1	143	1	143	5.36e-97	272
EABAIN_11640	AANGNE_06045	67.1	140	46	0	1	140	1	140	1.16e-67	198
EABAIN_11645	ABNNBP_13025	88.8	125	14	0	1	125	14	138	2.14e-79	227
EABAIN_11650	ABJDJH_07595	96.5	288	10	0	1	288	1	288	2.11e-203	553
EABAIN_11650	ACDDAG_04845	57.3	281	119	1	1	280	1	281	7.17e-116	332
EABAIN_11655	AAKGEC_10780	100	269	0	0	1	269	1	269	1.13e-169	466
EABAIN_11655	AANGNE_00930	73.1	268	72	0	1	268	1	268	1.37e-126	357
EABAIN_11660	AAKGEC_10785	99.6	245	1	0	1	245	1	245	6.34e-180	490
EABAIN_11660	AANGNE_00935	73.3	225	60	0	1	225	1	225	6.51e-126	353
EABAIN_11665	AAKGEC_10790	99.6	280	1	0	1	280	1	280	1.32e-194	530
EABAIN_11665	AANGNE_00750	67.6	281	90	1	1	280	1	281	3.74e-132	372
EABAIN_11665	AAOIOD_08845	40.8	311	150	5	2	278	17	327	3.23e-70	222
EABAIN_11665	BLOIDM_11920	42.1	302	143	5	8	277	16	317	7.96e-69	218
EABAIN_11670	HNNKEJ_09185	78.3	143	31	0	1	143	1	143	4.23e-76	220
EABAIN_11670	AANGNE_00940	65.3	144	50	0	2	145	4	147	1.90e-64	190
EABAIN_11675	ALHAGD_11110	97.9	94	2	0	1	94	1	94	6.13e-60	175
EABAIN_11680	BHKCDL_10125	96.7	121	4	0	2	122	2	122	1.33e-79	228
EABAIN_11685	AAKGEC_10810	100	97	0	0	2	98	2	98	5.08e-58	170
EABAIN_11690	AAKGEC_10815	100	132	0	0	1	132	1	132	3.74e-85	241
EABAIN_11695	ABCBPP_11760	99.2	127	1	0	1	127	1	127	5.62e-80	228
EABAIN_11700	AMHKJB_09185	99.7	362	1	0	1	362	1	362	4.07e-237	645
EABAIN_11700	KJJMGA_00790	52.0	344	161	2	19	360	5	346	9.59e-106	311
EABAIN_11705	ABCLFC_11845	76.4	246	50	1	2	239	6	251	7.02e-133	374
EABAIN_11705	PCAMPM_06075	56.1	228	71	2	1	228	5	203	3.42e-80	239
EABAIN_11710	ADJCAM_06275	99.6	1659	5	1	1	1658	1	1659	0.0	3272
EABAIN_11715	AAKGEC_02570	99.4	178	1	0	1	178	1	178	8.97e-90	257
EABAIN_11720	AAKGEC_02565	98.9	443	5	0	1	443	1	443	8.34e-319	858
EABAIN_11720	AANGNE_03260	31.1	454	281	7	1	435	1	441	2.97e-57	192
EABAIN_11725	DFCDFN_08215	80.0	616	123	0	1	616	1	616	0.0	983
EABAIN_11730	HNNKEJ_09260	82.1	430	72	2	1	428	1	427	4.06e-247	676
EABAIN_11730	AANGNE_09375	71.5	428	109	1	1	428	1	415	2.04e-216	597
EABAIN_11735	DNKGCI_00115	75.0	268	63	2	1	267	1	265	6.40e-133	373
EABAIN_11735	AANGNE_09380	70.8	267	75	1	1	267	1	264	6.82e-130	365
EABAIN_11740	AANGNE_09385	80.4	245	47	1	1	244	1	245	5.31e-149	412
EABAIN_11750	AAKGEC_02535	98.7	232	3	0	1	232	1	232	4.28e-167	457
EABAIN_11750	AANGNE_09395	55.0	231	88	3	2	232	1	215	2.77e-80	236
EABAIN_11755	BIHALF_07715	83.0	159	27	0	1	159	36	194	5.92e-89	254
EABAIN_11760	AAKGEC_02525	100	408	0	0	1	408	1	408	4.47e-255	694
EABAIN_11760	OABIGA_06050	64.0	403	137	3	1	399	1	399	5.87e-162	458
EABAIN_11765	EPKBNI_12810	99.7	332	1	0	1	332	10	341	2.69e-245	663
EABAIN_11770	AAKGEC_02515	99.6	446	2	0	1	446	1	446	5.03e-317	854
EABAIN_11770	AANGNE_09415	71.0	445	122	3	1	442	1	441	3.20e-220	609
EABAIN_11780	EHLNLG_11555	81.1	333	62	1	1	333	1	332	2.42e-180	499
EABAIN_11785	DNKGCI_00060	83.4	241	39	1	2	242	18	257	1.28e-145	404
EABAIN_11790	CNLKLD_04540	75.9	875	203	3	4	877	5	872	0.0	1296
EABAIN_11790	EEJBJI_10175	71.9	879	236	5	1	877	1	870	0.0	1214
EABAIN_11795	EHLNLG_11535	93.7	269	17	0	1	269	1	269	1.59e-183	501
EABAIN_11795	AANGNE_03790	68.8	266	83	0	3	268	2	267	6.52e-132	371
EABAIN_11795	AAKGEC_05360	38.4	263	152	2	2	258	3	261	1.40e-58	184
EABAIN_11800	CIJHDH_11440	99.0	307	3	0	1	307	1	307	1.22e-219	597
EABAIN_11800	AANGNE_03785	66.4	307	103	0	1	307	1	307	5.48e-152	425
EABAIN_11825	EGHGNB_04110	97.3	146	3	1	1	145	1	146	2.63e-101	284
EABAIN_11830	CEFFBK_11170	99.8	576	1	0	1	576	1	576	0.0	1062
EABAIN_11830	AANGNE_09525	65.6	575	198	0	1	575	1	575	4.13e-263	728
EABAIN_11835	AAKGEC_03670	100	342	0	0	1	342	1	342	1.47e-229	624
EABAIN_11840	AANGNE_09535	90.7	257	22	1	1	255	1	257	4.97e-162	446
EABAIN_11845	AAKGEC_03680	99.4	341	2	0	1	341	1	341	1.00e-256	692
EABAIN_11845	AANGNE_09540	66.9	344	110	3	1	340	1	344	6.48e-169	471
EABAIN_11850	DFCDFN_10055	87.5	898	107	3	5	902	8	900	0.0	1540
EABAIN_11855	DBDHAK_08795	83.9	285	46	0	1	285	7	291	1.56e-174	480
EABAIN_11855	ABCBPP_06390	43.2	280	159	0	6	285	4	283	9.04e-79	237
EABAIN_11860	ADJCAM_06430	100	379	0	0	1	379	1	379	7.22e-251	681
EABAIN_11865	ABCLFC_12025	95.9	437	18	0	1	437	1	437	3.35e-311	838
EABAIN_11875	BEJELC_00470	100	341	0	0	1	341	1	341	1.63e-245	664
EABAIN_11875	HCJGAG_01505	68.0	350	92	5	1	342	6	343	2.09e-162	454
EABAIN_11880	ABNNBP_00125	95.2	165	8	0	1	165	18	182	7.55e-114	317
EABAIN_11880	AANGNE_09555	64.2	165	55	2	1	165	1	161	5.54e-73	213
EABAIN_11885	BAFONJ_10240	78.7	178	38	0	1	178	19	196	2.50e-96	274
EABAIN_11890	HIJKML_03510	99.0	406	2	1	1	406	1	404	1.40e-284	768
EABAIN_11890	AAKGEC_03740	39.2	403	245	0	1	403	1	403	1.32e-102	307
EABAIN_11895	AAKGEC_03740	98.8	408	5	0	1	408	1	408	1.69e-282	763
EABAIN_11895	HIJKML_03510	39.5	403	242	1	1	403	1	401	2.49e-102	306
EABAIN_11900	BNBIEO_07450	92.4	448	34	0	1	448	1	448	8.13e-306	826
EABAIN_11905	CNOINH_02845	78.8	156	33	0	8	163	1	156	1.24e-92	264
EABAIN_11910	AAKGEC_03765	98.9	281	3	0	1	281	1	281	4.98e-195	531
EABAIN_11915	AHPAPB_12710	95.4	109	5	0	1	109	1	109	5.84e-75	214
EABAIN_11920	LLNOII_09640	82.4	108	18	1	1	107	1	108	2.62e-54	162
EABAIN_11925	CIJHDH_11590	90.6	895	69	3	1	880	1	895	0.0	1633
EABAIN_11945	ABCBPP_12050	98.6	218	3	0	1	218	1	218	1.05e-151	417
EABAIN_11945	AANGNE_09575	65.9	217	61	1	2	218	1	204	1.14e-99	285
EABAIN_11950	AAKGEC_03785	100	82	0	0	1	82	1	82	6.30e-56	164
EABAIN_11955	AAKGEC_03790	97.4	114	3	0	1	114	1	114	1.51e-80	228
EABAIN_11955	EPOEKF_10190	64.0	114	41	0	1	114	1	114	1.21e-53	160
EABAIN_11960	ABCLFC_12145	93.4	167	11	0	1	167	1	167	4.42e-114	318
EABAIN_11960	AANGNE_09590	60.4	169	67	0	1	169	1	169	1.64e-72	213
EABAIN_11965	EKJHIG_11125	97.0	236	6	1	1	235	1	236	2.18e-164	450
EABAIN_11965	AANGNE_07735	49.1	226	115	0	1	226	176	401	6.65e-66	206
EABAIN_11970	DDDLLA_05020	74.4	484	122	1	1	482	1	484	8.62e-266	729
EABAIN_11970	LEAGNF_11255	32.4	454	273	7	21	470	33	456	2.33e-78	250
EABAIN_11975	CEHNAA_08180	82.8	443	75	1	1	442	658	1100	1.40e-248	705
EABAIN_11975	BOGGMI_12080	95.4	259	12	0	184	442	154	412	1.82e-167	474
EABAIN_11980	CEHNAA_08180	79.3	628	128	2	11	636	1	628	0.0	973
EABAIN_11980	BOGGMI_12080	76.0	337	80	1	174	510	2	337	1.43e-170	489
EABAIN_11985	CLAPNJ_05575	97.0	270	7	1	1	270	1	269	2.00e-181	497
EABAIN_11985	AANGNE_09600	57.8	277	109	2	1	270	1	276	6.65e-103	298
EABAIN_12010	OMLPIM_11420	90.7	430	2	1	42	471	42	433	1.28e-251	689
EABAIN_12010	NMFGHN_03390	54.1	468	192	4	3	470	2	446	7.23e-153	439
EABAIN_12015	ABCBPP_12130	99.6	502	2	0	1	502	1	502	0.0	990
EABAIN_12015	BPLFFK_04950	56.0	500	217	2	1	499	9	506	1.97e-208	584
EABAIN_12015	AAKGEC_09205	28.4	486	334	11	1	478	1	480	7.78e-57	194
EABAIN_12020	DDKKPM_04605	78.7	301	64	0	2	302	47	347	8.45e-176	486
EABAIN_12020	DFCDFN_00775	35.4	316	183	10	4	300	7	320	5.69e-52	174
EABAIN_12025	AAKGEC_00325	99.6	282	1	0	1	282	1	282	3.11e-194	530
EABAIN_12030	AAKGEC_00320	99.0	102	1	0	1	102	1	102	6.51e-74	211
EABAIN_12035	ABCLFC_12230	84.3	249	35	1	11	255	1	249	2.67e-156	431
EABAIN_12035	AANGNE_09615	59.8	246	99	0	10	255	8	253	2.68e-108	310
EABAIN_12040	LEOBIF_03580	100	81	0	0	1	81	18	98	3.71e-51	152
EABAIN_12045	CNLKLD_04595	79.0	167	31	2	1	166	1	164	3.31e-88	252
EABAIN_12045	FDLGOJ_03220	62.7	166	37	2	1	166	5	145	1.72e-65	194
EABAIN_12050	AAKGEC_00300	100	97	0	0	1	97	1	97	3.32e-67	193
EABAIN_12055	DDDLLA_05075	74.4	281	65	2	1	281	1	274	2.97e-150	418
EABAIN_12055	AANGNE_05000	47.8	278	137	3	1	278	6	275	2.05e-83	249
EABAIN_12060	JBKKJP_13050	96.9	488	9	1	1	488	1	482	0.0	896
EABAIN_12060	AAKGEC_06030	66.5	480	153	3	10	487	4	477	1.53e-225	625
EABAIN_12060	DNKGCI_09195	56.7	492	195	7	1	486	1	480	1.64e-187	529
EABAIN_12060	PHNFPI_05015	37.9	359	204	8	12	361	9	357	7.40e-67	219
EABAIN_12060	CDIIGJ_10240	35.3	405	240	9	6	401	4	395	5.10e-62	206
EABAIN_12060	BNBIEO_00300	32.8	393	246	9	12	398	7	387	2.29e-59	199
EABAIN_12060	FAKCMI_12975	30.6	468	289	11	9	471	3	439	3.38e-56	191
EABAIN_12065	BGHOFK_07625	76.6	556	113	5	1	552	1	543	2.22e-279	767
EABAIN_12065	AGDPFD_10050	70.5	559	153	5	1	552	1	554	7.75e-259	716
EABAIN_12070	CPLMAE_03205	98.1	213	3	1	1	213	1	212	9.02e-148	406
EABAIN_12075	AAKGEC_00275	100	162	0	0	1	162	1	162	4.07e-117	325
EABAIN_12080	ADJCAM_06630	100	90	0	0	1	90	23	112	1.28e-54	162
EABAIN_12085	ABCLFC_12280	85.9	149	20	1	1	148	1	149	1.80e-84	241
EABAIN_12095	AAKGEC_00255	100	446	0	0	1	446	1	446	0.0	899
EABAIN_12100	DDDLLA_05130	77.0	122	27	1	1	121	1	122	8.59e-61	179
EABAIN_12105	AAKGEC_00245	98.6	145	2	0	1	145	1	145	8.53e-104	290
EABAIN_12105	HPDOHA_10645	69.7	142	41	1	1	142	1	140	5.45e-68	199
EABAIN_12115	AAKGEC_00235	99.5	205	1	0	1	205	1	205	1.90e-143	395
EABAIN_12115	ACDDAG_10425	41.0	210	117	2	1	204	1	209	1.54e-48	154
EABAIN_12120	BPHPFJ_09905	89.9	377	33	2	23	395	1	376	2.88e-219	602
EABAIN_12125	ABIMCM_00270	99.0	96	1	0	1	96	1	96	1.86e-59	174
EABAIN_12130	AAKGEC_00220	100	294	0	0	1	294	1	294	1.07e-216	587
EABAIN_12135	AAKGEC_00215	100	333	0	0	1	333	1	333	4.49e-240	650
EABAIN_12140	AAKGEC_00210	100	197	0	0	1	197	1	197	5.91e-134	370
EABAIN_12145	NMIFFA_12690	96.3	702	19	1	1	695	1	702	0.0	1276
EABAIN_12145	BNBIEO_07635	66.9	661	181	7	40	693	1	630	1.19e-309	853
EABAIN_12150	MNCEOE_00255	84.0	231	25	1	1	231	1	219	1.47e-97	280
EABAIN_12150	AGHDIE_06335	65.2	115	40	0	84	198	84	198	5.97e-50	159
EABAIN_12155	AAKGEC_00195	99.4	840	5	0	1	840	1	840	0.0	1604
EABAIN_12160	AAKGEC_00190	100	115	0	0	1	115	1	115	4.15e-74	212
EABAIN_12165	AAKGEC_00185	99.7	293	1	0	1	293	1	293	6.71e-215	583
EABAIN_12180	AAKGEC_00170	99.2	125	1	0	1	125	1	125	1.02e-81	232
EABAIN_12180	AANGNE_09760	66.1	118	40	0	8	125	5	122	2.29e-50	153
EABAIN_12185	HKMGEG_01620	98.9	282	3	0	1	282	1	282	2.05e-184	505
EABAIN_12195	LCDEGG_12650	95.4	503	23	0	1	503	22	524	0.0	986
EABAIN_12195	AANGNE_09775	70.3	495	143	1	5	499	3	493	8.85e-271	741
EABAIN_12200	CDIIGJ_07990	82.9	175	30	0	1	175	26	200	3.96e-111	311
EABAIN_12200	AANGNE_09780	71.4	175	50	0	1	175	1	175	1.02e-89	256
EABAIN_12205	IAFHMK_07550	80.3	380	73	2	1	379	1	379	3.11e-188	523
EABAIN_12210	ABCLFC_12385	81.8	247	45	0	1	247	1	247	4.21e-152	420
EABAIN_12215	CDIIGJ_08010	82.9	240	41	0	1	240	1	240	7.91e-149	411
EABAIN_12220	AAKGEC_00130	99.8	408	1	0	1	408	1	408	9.15e-312	837
EABAIN_12225	AAKGEC_00125	99.2	625	5	0	1	625	1	625	0.0	1250
EABAIN_12230	MOAELC_08505	83.2	464	52	4	1	439	1	463	2.32e-152	437
EABAIN_12230	BEGLKA_06520	69.1	223	69	0	1	223	1	223	2.39e-45	161
EABAIN_12235	HNNKEJ_10155	82.7	173	30	0	2	174	2	174	1.87e-97	276
EABAIN_12235	AANGNE_09800	61.3	168	65	0	1	168	1	168	1.99e-69	205
EABAIN_12240	JBKKJP_13225	94.5	290	14	1	2	291	2	289	9.79e-186	509
EABAIN_12240	AANGNE_09805	62.1	282	101	1	9	290	1	276	3.45e-113	325
EABAIN_12245	AAKGEC_00105	97.9	146	3	0	1	146	1	146	1.47e-109	304
EABAIN_12245	DDDLLA_05310	71.9	146	40	1	1	145	1	146	6.67e-77	222
EABAIN_12250	AANGNE_09815	81.7	224	40	1	1	224	1	223	8.50e-131	364
EABAIN_12255	GJNFIB_08575	100	223	0	0	1	223	22	244	1.72e-162	445
EABAIN_12255	AANGNE_07905	65.7	216	74	0	8	223	25	240	3.54e-108	308
EABAIN_12260	AANGNE_07910	81.2	405	75	1	1	404	1	405	7.17e-228	625
EABAIN_12260	AAKGEC_04920	47.5	402	195	4	3	401	2	390	1.21e-118	347
EABAIN_12260	CPNLII_09420	46.6	406	204	3	1	406	1	393	1.02e-115	340
EABAIN_12265	DPCCPE_01025	99.3	145	1	0	1	145	1	145	2.62e-96	271
EABAIN_12265	AAKGEC_11960	49.7	145	73	0	1	145	1	145	1.65e-48	150
EABAIN_12275	CGMKCF_10615	98.6	1439	15	1	3	1436	3	1441	0.0	2772
EABAIN_12280	BGHOFK_07820	84.8	204	31	0	1	204	31	234	1.91e-122	343
EABAIN_12285	KPPIIN_08970	98.9	273	3	0	1	273	1	273	1.15e-194	530
EABAIN_12285	CJHCCN_07860	67.6	241	72	2	32	272	1	235	6.05e-109	312
EABAIN_12285	BNBIEO_08175	38.3	243	138	4	30	272	9	239	1.02e-46	153
EABAIN_12290	AAKGEC_00060	100	240	0	0	1	240	1	240	1.49e-171	469
EABAIN_12295	IAFHMK_07420	78.9	454	95	1	3	455	2	455	2.31e-253	694
EABAIN_12300	AAKGEC_00050	99.6	248	1	0	1	248	1	248	1.18e-181	495
EABAIN_12305	CMMBIF_01890	88.7	666	75	0	1	666	35	700	0.0	1157
EABAIN_12305	DNKGCI_07370	38.0	384	218	7	254	628	610	982	7.29e-68	238
EABAIN_12310	PODEMB_11600	100	108	0	0	7	114	29	136	1.00e-76	219
EABAIN_12315	EJEPOM_11610	81.0	337	63	1	1	336	31	367	5.39e-195	537
EABAIN_12320	BGHOFK_07850	83.8	173	25	1	1	170	4	176	1.23e-68	203
EABAIN_12320	AGDPFD_10240	53.5	170	65	3	1	170	4	159	4.51e-48	150
EABAIN_12325	FHIFIE_03450	99.9	897	1	0	1	897	1	897	0.0	1671
EABAIN_12325	EOHHJN_09855	64.7	906	282	5	1	897	1	877	0.0	1088
EABAIN_12325	BGHOFK_00755	38.5	882	495	16	22	887	21	871	1.08e-172	521
EABAIN_12325	AANGNE_04040	38.8	890	481	20	22	885	21	872	1.13e-168	510
EABAIN_12325	AKPIPJ_02055	34.7	936	528	17	1	882	17	923	1.01e-150	465
EABAIN_12325	AANGNE_04380	34.4	926	512	22	17	882	17	907	3.35e-141	439
EABAIN_12325	JAPIMJ_06920	32.0	908	572	17	3	896	5	881	7.54e-128	403
EABAIN_12325	BGHOFK_01130	27.6	724	475	18	19	727	42	731	7.00e-74	257
EABAIN_12325	GKAHPE_00190	26.1	754	480	16	2	727	3	707	1.48e-68	241
EABAIN_12325	LIMBNG_08850	26.5	607	361	19	198	781	161	705	1.76e-42	163
EABAIN_12335	PHJNPH_07905	84.3	121	18	1	1	121	1	120	9.03e-65	191
EABAIN_12340	HMJMNM_11500	90.9	339	2	1	1	339	1	310	4.73e-222	603
EABAIN_12345	AAKGEC_08250	100	151	0	0	1	151	1	151	8.08e-105	293
EABAIN_12400	AAKGEC_04585	100	130	0	0	1	130	1	130	8.24e-88	248
EABAIN_12405	CBFHCM_07120	93.2	148	10	0	1	148	38	185	7.38e-101	284
EABAIN_12410	AGINCK_06570	97.8	356	8	0	1	356	2	357	1.54e-236	643
EABAIN_12410	AAKGEC_03430	39.6	361	208	6	1	356	1	356	1.49e-77	239
EABAIN_12410	AANGNE_07815	36.9	360	219	5	1	356	1	356	5.30e-65	207
EABAIN_12415	CDIIGJ_08275	81.9	221	39	1	1	221	1	220	1.95e-122	343
EABAIN_12415	AANGNE_07810	63.3	221	79	2	4	223	5	224	8.46e-87	253
EABAIN_12415	ABCLFC_10095	60.8	222	85	2	1	220	1	222	5.62e-85	248
EABAIN_12415	CEPOIM_07510	40.5	222	126	3	1	218	1	220	3.01e-44	153
EABAIN_12420	AAKGEC_04605	100	292	0	0	1	292	1	292	6.12e-206	560
EABAIN_12420	BNBIEO_10030	63.0	292	108	0	1	292	1	292	8.17e-126	357
EABAIN_12425	HNNKEJ_10360	79.6	206	41	1	1	206	1	205	9.15e-116	325
EABAIN_12425	AANGNE_09960	68.1	207	63	2	3	206	15	221	1.45e-97	280
EABAIN_12430	CJHCCN_10740	87.1	271	35	0	1	271	4	274	5.96e-169	465
EABAIN_12435	AAKGEC_04640	100	709	0	0	1	709	1	709	0.0	1375
EABAIN_12435	DNKGCI_00780	30.1	498	294	9	1	486	1	456	1.15e-59	206
EABAIN_12440	AAKGEC_04645	100	155	0	0	1	155	1	155	5.86e-109	303
EABAIN_12445	DNKGCI_05100	91.2	137	12	0	1	137	1	137	2.36e-84	240
EABAIN_12450	AKPIPJ_03885	99.1	435	4	0	1	435	9	443	1.01e-301	815
EABAIN_12450	AANGNE_10005	59.5	435	169	2	1	435	1	428	7.98e-171	483
EABAIN_12455	OAEMLE_01770	99.0	297	1	1	1	295	1	297	9.70e-205	557
EABAIN_12460	AAKGEC_04665	99.0	196	2	0	1	196	1	196	1.03e-138	382
EABAIN_12460	AANGNE_10020	55.9	195	70	2	1	195	1	179	3.32e-71	211
EABAIN_12465	CNLKLD_08200	78.5	312	66	1	1	311	1	312	1.76e-186	513
EABAIN_12500	ABCBPP_13020	91.1	192	17	0	1	192	1	192	1.57e-119	333
EABAIN_12505	FAKCMI_10915	99.6	255	1	0	1	255	7	261	4.41e-166	456
EABAIN_12510	ABCBPP_13545	100	141	0	0	1	141	1	141	9.69e-99	276
EABAIN_12515	ABCBPP_13540	99.4	171	1	0	1	171	1	171	1.91e-124	344
EABAIN_12520	ABCBPP_13535	100	310	0	0	1	310	1	310	8.52e-222	602
EABAIN_12520	AAOIOD_01440	55.3	309	136	1	2	310	3	309	2.92e-112	324
EABAIN_12525	ABCBPP_13530	100	326	0	0	1	326	1	326	6.86e-236	639
EABAIN_12530	ABCBPP_13525	99.0	105	1	0	1	105	1	105	1.07e-69	200
EABAIN_12535	ABCBPP_13520	99.8	568	1	0	1	568	1	568	0.0	1092
EABAIN_12535	AANGNE_03570	30.2	434	271	10	13	422	11	436	7.95e-51	178
EABAIN_12535	DDKKPM_03600	27.7	440	294	8	1	426	1	430	7.25e-50	175
EABAIN_12535	AANGNE_01470	29.5	444	282	12	1	422	1	435	2.91e-41	151
EABAIN_12540	ABCBPP_13515	100	468	0	0	1	468	1	468	0.0	988
EABAIN_12540	ACDDAG_07275	34.2	485	267	14	5	461	10	470	4.61e-69	224
EABAIN_12540	AANGNE_08355	33.5	495	265	15	4	461	2	469	7.39e-68	221
EABAIN_12540	BIFMNE_04180	31.7	489	255	16	3	463	2	439	3.26e-67	219
EABAIN_12540	DAEIAJ_08645	34.0	491	261	18	4	459	2	464	7.42e-65	213
EABAIN_12545	ABCBPP_13510	99.0	299	3	0	1	299	1	299	3.77e-224	607
EABAIN_12545	AANGNE_08435	35.3	295	178	8	5	297	5	288	3.91e-56	180
EABAIN_12550	AAKGEC_01070	96.8	124	4	0	1	124	1	124	1.28e-70	204
EABAIN_12565	CEPOIM_03315	96.0	198	7	1	1	197	1	198	6.02e-134	374
EABAIN_12580	KGIGEE_13460	98.2	673	12	0	1	673	28	700	0.0	1283
EABAIN_12585	ABCBPP_13170	97.8	93	2	0	1	93	1	93	6.88e-56	164
EABAIN_12590	ABCLFC_13530	96.0	125	5	0	1	125	1	125	3.37e-74	214
EABAIN_12600	PLIKPJ_04865	82.8	383	65	1	1	383	1	382	1.36e-220	605
EABAIN_12600	CEPOIM_14095	66.5	382	124	2	6	383	8	389	2.16e-174	488
EABAIN_12600	BCGFPE_12640	55.4	377	162	2	1	375	1	373	7.31e-133	382
EABAIN_12610	MEFLAG_10890	74.0	192	50	0	1	192	1	192	2.39e-93	268
EABAIN_12615	ABCBPP_13140	96.0	151	6	0	1	151	1	151	1.76e-99	279
EABAIN_12645	FIJOGA_03665	87.4	230	23	1	1	224	1	230	1.88e-149	412
EABAIN_12680	AKPIPJ_03190	90.2	379	37	0	1	379	1	379	3.30e-227	621
EABAIN_12680	BGHOFK_07530	72.8	378	101	1	1	376	1	378	8.17e-177	494
EABAIN_12680	BNBIEO_09110	69.0	374	116	0	1	374	1	374	6.46e-170	476
EABAIN_12685	LCDEGG_14175	100	443	0	0	2	444	3	445	1.63e-250	686
EABAIN_12685	AGHDIE_07090	35.1	444	276	6	4	444	23	457	1.73e-71	229
EABAIN_12685	AANGNE_07115	36.0	444	272	6	4	444	11	445	3.14e-68	221
EABAIN_12690	ABCBPP_13725	99.5	222	1	0	1	222	1	222	1.09e-155	427
EABAIN_12705	ABCBPP_13740	99.3	269	2	0	1	269	1	269	1.28e-191	522
EABAIN_12710	BCGFPE_12640	78.5	377	81	0	8	384	8	384	5.21e-210	578
EABAIN_12710	PLIKPJ_04865	54.8	361	160	2	13	373	17	374	1.15e-128	372
EABAIN_12710	CEPOIM_14095	49.7	384	179	6	1	373	1	381	1.68e-114	336
EABAIN_12715	CEPOIM_03315	95.5	198	8	1	1	197	1	198	2.98e-134	375
EABAIN_12720	ABCLFC_03590	87.9	338	41	0	1	338	12	349	1.61e-213	583
EABAIN_12720	BGHOFK_04410	47.3	281	147	1	1	280	1	281	3.83e-83	253
EABAIN_12720	AANGNE_01135	36.4	269	162	5	2	268	4	265	2.53e-50	167
EABAIN_12720	AAKGEC_11925	37.2	266	153	4	6	264	4	262	3.11e-50	167
EABAIN_12725	AAKGEC_11925	98.4	319	5	0	1	319	1	319	4.58e-226	613
EABAIN_12725	AANGNE_01135	51.0	245	116	3	21	262	18	261	3.25e-72	223
EABAIN_12725	BGHOFK_04410	38.8	268	149	5	3	262	5	265	1.24e-52	173
EABAIN_12725	ABCLFC_03590	38.6	241	141	3	30	263	36	276	2.25e-48	162
EABAIN_12730	AAKGEC_11930	96.2	319	12	0	1	319	1	319	2.65e-225	611
EABAIN_12730	AAKGEC_05925	31.6	320	200	5	1	318	1	303	3.96e-48	160
EABAIN_12730	AANGNE_01120	29.9	318	206	3	3	319	4	305	5.87e-48	160
EABAIN_12735	AIKIDN_00590	96.3	297	8	1	1	294	1	297	6.16e-194	530
EABAIN_12740	DDDLLA_02085	77.3	600	133	2	1	600	1	597	0.0	912
EABAIN_12745	DKIIMI_12240	94.8	649	12	1	1	627	1	649	0.0	1217
EABAIN_12755	ABCLFC_13725	100	73	0	0	1	73	1	73	3.61e-51	151
EABAIN_12760	CLAPNJ_12005	88.0	183	21	1	1	183	1	182	2.61e-112	314
EABAIN_12765	FIJOGA_03665	92.6	230	11	1	1	224	1	230	1.84e-156	430
EABAIN_12785	EKEFPE_07370	29.1	481	307	6	8	454	19	499	3.85e-43	155
EABAIN_12795	FIJOGA_03665	89.6	230	18	1	1	224	1	230	6.86e-152	419
EABAIN_12800	AAKGEC_12530	99.0	601	6	0	1	601	1	601	0.0	1162
EABAIN_12800	EIKFFD_03850	73.9	602	154	3	1	601	1	600	0.0	888
EABAIN_12810	KABOBF_01505	89.4	94	2	1	1	86	1	94	4.04e-51	152
EABAIN_12820	ABIMCM_02060	99.6	229	1	0	1	229	1	229	1.74e-160	440
EABAIN_12820	ABCBPP_11185	55.3	217	97	0	13	229	6	222	3.60e-79	234
EABAIN_12825	ABIMCM_02065	100	182	0	0	1	182	1	182	4.98e-130	359
EABAIN_12835	ABIMCM_02075	99.7	620	2	0	1	620	1	620	0.0	1159
EABAIN_12835	CGMKCF_08225	60.6	619	238	3	6	619	1	618	7.88e-257	717
EABAIN_12835	ABIMCM_08870	34.7	626	368	11	24	618	90	705	5.09e-112	348
EABAIN_12835	AAOIOD_03725	33.9	563	330	13	76	616	136	678	6.44e-86	279
EABAIN_12835	AAKGEC_02970	28.8	605	404	9	20	616	7	592	2.01e-74	246
EABAIN_12835	AANGNE_03555	30.2	577	346	15	20	564	96	647	1.15e-71	241
EABAIN_12835	LDJGMM_06975	31.9	492	311	12	90	565	138	621	1.43e-71	241
EABAIN_12835	PFILNK_05065	33.3	484	275	11	92	565	147	592	3.27e-69	233
EABAIN_12835	EMELHB_12155	35.5	440	253	7	198	620	166	591	4.14e-69	232
EABAIN_12835	DDDLLA_07615	28.2	482	313	12	104	556	92	569	2.69e-43	162
EABAIN_12840	ABCBPP_13010	77.0	100	23	0	1	100	1	100	6.33e-53	157
EABAIN_12860	BNFMAL_03720	97.0	201	5	1	1	201	1	200	2.89e-129	358
EABAIN_12885	OMGJCD_06805	87.7	114	14	0	1	114	63	176	8.44e-73	211
EABAIN_12900	KBGOAJ_11810	97.3	148	1	1	1	148	1	145	7.23e-95	267
EABAIN_12910	ABCBPP_13830	99.1	316	3	0	1	316	1	316	1.58e-220	599
EABAIN_12910	ACDDAG_08405	31.7	300	197	3	13	312	20	311	3.38e-44	150
EABAIN_12920	AECHFI_10075	76.8	522	121	0	1	522	18	539	8.04e-298	813
EABAIN_12920	ABCBPP_03670	40.5	516	276	8	8	507	10	510	4.92e-130	385
EABAIN_12925	ABNNBP_04380	96.2	1025	39	0	1	1025	93	1117	0.0	1899
EABAIN_12925	ABJDJH_07410	66.0	1022	346	1	4	1025	3	1023	0.0	1327
EABAIN_12925	IFOGML_00585	33.2	756	396	25	23	746	19	697	2.13e-91	310
EABAIN_12930	FBGFOD_12170	94.8	192	10	0	1	192	1	192	8.73e-118	329
EABAIN_12935	PLIKPJ_04865	76.5	383	89	1	1	383	1	382	4.12e-201	555
EABAIN_12935	CEPOIM_14095	64.3	389	133	3	1	383	1	389	1.40e-165	466
EABAIN_12935	BCGFPE_12640	54.3	359	162	1	19	375	15	373	2.92e-127	368
EABAIN_12945	IFEKLA_12825	96.7	181	6	0	1	181	1	181	3.75e-125	348
EABAIN_12950	FLCEDE_07060	91.5	211	14	2	1	207	1	211	1.70e-132	367
EABAIN_12955	AAOIOD_07375	97.3	410	11	0	1	410	1	410	3.78e-264	717
EABAIN_12960	AAOIOD_07370	98.3	121	2	0	1	121	1	121	7.28e-80	227
EABAIN_12975	BLCAGE_08900	99.0	194	2	0	1	194	40	233	1.19e-139	387
EABAIN_12980	ABIMCM_06435	98.9	525	6	0	1	525	11	535	0.0	965
EABAIN_12980	CJHCCN_08915	73.6	503	128	2	15	517	10	507	5.78e-253	698
EABAIN_12985	ABCLFC_13565	98.6	145	2	0	1	145	1	145	4.38e-97	273
EABAIN_12990	AGDPFD_05475	54.1	268	123	0	13	280	232	499	9.94e-97	291
EABAIN_13005	ABCBPP_13020	52.7	150	71	0	1	150	1	150	4.84e-48	152
EABAIN_13015	AGDPFD_05475	51.8	220	103	2	1	218	3	221	4.18e-64	204
EABAIN_13025	ABCBPP_13890	99.8	559	1	0	1	559	1	559	0.0	1133
EABAIN_13030	FIJOGA_03665	87.8	230	22	1	1	224	1	230	4.62e-150	414
EABAIN_13035	BAFDFF_13225	95.8	191	8	0	1	191	1	191	6.77e-127	352
EABAIN_13040	LEOBIF_13600	100	136	0	0	1	136	1	136	8.74e-87	246
EABAIN_13045	BEGLKA_14200	94.9	136	3	1	1	136	1	132	1.13e-87	248
EABAIN_13050	ABCBPP_13865	99.8	413	1	0	1	413	1	413	2.65e-293	791
EABAIN_13055	FIJOGA_03665	93.4	212	14	0	1	212	1	212	8.84e-150	413
EABAIN_13060	ABCBPP_13855	100	398	0	0	1	398	1	398	4.55e-291	784
EABAIN_13060	AAKGEC_05560	32.3	375	235	9	18	385	4	366	1.43e-54	182
EABAIN_13060	AAOIOD_01845	31.7	378	236	9	17	385	7	371	2.96e-50	170
EABAIN_13085	HNNKEJ_00210	50.9	631	300	6	78	702	109	735	4.82e-205	592
EABAIN_13085	BIHALF_08510	43.5	618	326	7	80	679	177	789	1.27e-162	486
EABAIN_13085	BLCAGE_01905	43.0	616	332	6	80	679	177	789	7.11e-162	484
EABAIN_13085	BGHOFK_00325	37.8	794	367	12	2	675	46	832	2.84e-158	476
EABAIN_13090	FIJOGA_03665	77.4	230	46	1	1	224	1	230	2.07e-130	364
EABAIN_13095	ABIMCM_08870	99.7	705	2	0	1	705	1	705	0.0	1298
EABAIN_13095	AAOIOD_03725	36.8	590	353	8	118	703	105	678	2.11e-119	369
EABAIN_13095	ABIMCM_02075	34.9	627	361	12	90	703	24	616	3.69e-109	341
EABAIN_13095	CGMKCF_08225	36.9	510	299	8	144	651	67	555	3.47e-102	323
EABAIN_13095	AANGNE_03555	28.9	730	454	17	5	705	1	694	3.76e-84	277
EABAIN_13095	BGHOFK_01575	28.2	751	450	20	5	705	1	712	7.90e-78	260
EABAIN_13095	EMELHB_12155	35.8	439	261	8	270	702	163	586	1.61e-77	256
EABAIN_13095	AANGNE_00315	29.8	547	358	6	130	676	45	565	9.56e-76	252
EABAIN_13095	AAKGEC_02970	28.2	581	377	11	84	663	11	552	2.26e-67	229
EABAIN_13095	DDDLLA_07615	27.9	516	333	14	182	676	98	595	8.39e-40	152
EABAIN_13100	ABIMCM_08865	100	119	0	0	1	119	1	119	1.17e-84	239
EABAIN_13105	ILDBOH_06115	38.7	938	497	19	1	921	1	877	2.74e-186	583
EABAIN_13130	CEPOIM_14095	72.1	390	103	3	1	385	1	389	5.40e-192	533
EABAIN_13130	PLIKPJ_04865	69.6	385	114	2	1	385	1	382	3.58e-186	518
EABAIN_13130	BCGFPE_12640	55.1	379	162	2	1	377	1	373	1.48e-135	389
EABAIN_13145	PLIKPJ_04865	74.7	383	96	1	3	385	1	382	1.93e-199	552
EABAIN_13145	CEPOIM_14095	66.8	385	118	3	8	385	8	389	2.06e-167	471
EABAIN_13145	BCGFPE_12640	54.1	377	167	2	3	377	1	373	5.14e-125	363
EABAIN_13155	LJBFKD_08725	89.3	112	12	0	1	112	1	112	2.18e-65	191
