KDHFCO_00005	AAKGEC_06445	96.7	455	14	1	1	454	1	455	1.19e-320	864
KDHFCO_00005	AANGNE_00005	70.5	454	131	1	1	454	1	451	1.20e-233	644
KDHFCO_00010	AAKGEC_06440	97.4	380	10	0	1	380	1	380	2.78e-260	705
KDHFCO_00015	AAKGEC_06435	88.6	1099	125	0	1	1099	1	1099	0.0	1887
KDHFCO_00015	AANGNE_00015	61.3	1103	417	7	1	1094	1	1102	0.0	1314
KDHFCO_00020	AAKGEC_06430	91.1	1203	107	0	1	1203	1	1203	0.0	2115
KDHFCO_00020	LEAGNF_00795	64.8	1217	385	12	1	1201	1	1190	0.0	1469
KDHFCO_00030	ONFANJ_08325	85.9	185	22	1	1	185	1	181	8.41e-109	305
KDHFCO_00035	BGHOFK_05390	95.7	371	15	1	1	371	1	370	3.74e-251	681
KDHFCO_00040	AAKGEC_06410	93.5	107	7	0	1	107	1	107	2.92e-68	197
KDHFCO_00050	FGMOCB_04605	79.5	156	31	1	1	156	1	155	3.93e-79	228
KDHFCO_00055	AANGNE_00035	77.1	188	43	0	1	188	1	188	2.91e-105	297
KDHFCO_00060	DNKGCI_07370	80.1	1174	216	1	1	1174	1	1156	0.0	1870
KDHFCO_00060	CMMBIF_01890	39.5	380	212	6	631	1000	291	662	1.75e-72	253
KDHFCO_00070	AAKGEC_06365	91.1	123	11	0	1	123	1	123	1.05e-69	202
KDHFCO_00075	AAKGEC_06360	78.5	107	23	0	1	107	1	107	1.61e-56	167
KDHFCO_00080	FGFHJG_12135	84.6	448	65	1	1	444	1	448	6.26e-276	750
KDHFCO_00080	AANGNE_00065	52.6	439	201	2	8	445	1	433	1.97e-160	457
KDHFCO_00085	ABCLFC_00075	98.3	422	7	0	1	422	1	422	3.44e-305	822
KDHFCO_00085	AGDPFD_00075	54.8	414	185	2	7	418	3	416	1.79e-158	450
KDHFCO_00090	CJHCCN_08360	79.2	178	37	0	6	183	2	179	2.29e-97	276
KDHFCO_00090	DNKGCI_07020	53.9	167	76	1	10	175	8	174	4.90e-61	184
KDHFCO_00095	BNPKDP_00090	98.3	696	11	1	1	695	1	696	0.0	1295
KDHFCO_00140	AAOIOD_00790	79.1	611	121	2	1	607	1	608	0.0	923
KDHFCO_00145	AAKGEC_06290	78.6	645	137	1	1	644	1	645	0.0	990
KDHFCO_00145	AANGNE_04230	50.3	646	317	4	1	644	1	644	1.66e-215	613
KDHFCO_00150	BGHOFK_05495	78.3	143	31	0	1	143	8	150	1.14e-79	229
KDHFCO_00155	ABCLFC_00145	98.7	388	5	0	1	388	1	388	2.19e-277	749
KDHFCO_00155	EHFDLC_06800	68.1	383	120	1	1	383	1	381	6.31e-183	510
KDHFCO_00160	NAFEBK_04970	84.8	105	13	1	1	105	9	110	5.15e-59	174
KDHFCO_00165	ABNNBP_00935	100	126	0	0	1	126	1	126	1.19e-85	242
KDHFCO_00170	NGAPDN_11040	76.7	103	21	1	1	100	1	103	3.44e-53	158
KDHFCO_00175	ABCBPP_00200	89.1	193	21	0	1	193	1	193	3.47e-115	322
KDHFCO_00180	LLNOII_07835	94.8	541	28	0	1	541	1	541	0.0	1037
KDHFCO_00185	ABCBPP_00210	91.3	264	23	0	1	264	1	264	5.38e-186	507
KDHFCO_00190	EGFJBH_02540	98.2	111	2	0	1	111	1	111	9.35e-78	221
KDHFCO_00200	FMBBOG_10250	93.7	79	5	0	1	79	1	79	2.44e-51	152
KDHFCO_00205	ABCBPP_00230	94.6	93	5	0	1	93	1	93	6.85e-65	187
KDHFCO_00210	BPPADB_09460	90.8	141	13	0	1	141	1	141	4.15e-92	260
KDHFCO_00240	KOHNEB_02750	88.5	183	21	0	2	184	16	198	2.24e-128	355
KDHFCO_00265	ACNHAK_10055	76.5	439	98	2	3	441	4	437	3.75e-223	616
KDHFCO_00295	ABCBPP_00295	100	108	0	0	1	108	1	108	2.20e-77	220
KDHFCO_00300	ABCBPP_00305	100	101	0	0	1	101	1	101	1.09e-67	195
KDHFCO_00305	ABCBPP_00310	99.5	394	2	0	1	394	1	394	1.84e-288	777
KDHFCO_00305	HBPNHC_05930	48.7	396	201	2	1	394	24	419	9.82e-129	374
KDHFCO_00305	ABCBPP_12205	48.7	394	195	6	1	391	1	390	2.75e-122	356
KDHFCO_00305	PHBBGM_10865	46.9	397	197	8	1	391	1	389	3.14e-116	341
KDHFCO_00305	CIJHDH_09200	44.2	396	219	2	1	394	23	418	2.20e-112	332
KDHFCO_00310	ABJDJH_00635	72.7	260	71	0	1	260	1	260	3.89e-131	368
KDHFCO_00320	BPNIAE_08135	55.0	169	54	2	2	163	14	167	3.37e-50	155
KDHFCO_00330	AIPJBK_03060	67.8	146	47	0	1	146	1	146	2.78e-71	208
KDHFCO_00340	PHBBGM_08270	94.8	538	27	1	1	538	1	537	0.0	937
KDHFCO_00345	BAFDFF_09595	99.7	391	1	0	1	391	1	391	2.03e-287	775
KDHFCO_00355	AAKGEC_06255	89.0	173	19	0	1	173	1	173	1.60e-108	304
KDHFCO_00355	AANGNE_02480	58.8	170	70	0	3	172	3	172	3.49e-66	197
KDHFCO_00365	DDDLLA_05940	80.8	391	75	0	1	391	1	391	6.25e-226	619
KDHFCO_00365	AAOIOD_01880	66.8	388	128	1	1	388	1	387	1.15e-187	522
KDHFCO_00365	DNKGCI_05550	33.7	386	238	9	12	386	13	391	1.49e-66	213
KDHFCO_00365	AANGNE_07435	34.9	398	240	10	1	386	1	391	2.59e-66	213
KDHFCO_00370	LBKFJK_02205	78.3	253	53	1	1	251	1	253	1.08e-145	404
KDHFCO_00375	ABJDJH_02575	92.5	293	22	0	1	293	1	293	1.31e-196	536
KDHFCO_00385	AAKGEC_06230	99.6	472	2	0	1	472	1	472	0.0	907
KDHFCO_00390	IAFHMK_09250	73.5	540	127	6	1	530	1	534	1.34e-265	731
KDHFCO_00395	AAKGEC_06220	97.9	326	7	0	1	326	1	326	1.73e-229	622
KDHFCO_00400	MKICBC_12190	96.0	352	14	0	1	352	1	352	5.78e-249	676
KDHFCO_00405	AAKGEC_06210	95.2	333	16	0	1	333	1	333	6.66e-242	654
KDHFCO_00410	AAKGEC_06205	75.0	264	66	0	21	284	18	281	7.27e-145	405
KDHFCO_00410	AANGNE_00225	53.7	242	110	1	38	279	17	256	1.73e-89	263
KDHFCO_00415	DIBOGN_00045	97.1	243	7	0	2	244	22	264	2.08e-171	469
KDHFCO_00415	CKLNFN_05800	65.1	215	74	1	25	239	6	219	7.38e-97	279
KDHFCO_00425	BNBIEO_06530	87.9	340	41	0	1	340	1	340	4.92e-217	592
KDHFCO_00430	AAKGEC_06190	91.0	145	13	0	1	145	1	145	5.28e-89	252
KDHFCO_00430	DBFGIH_07110	66.7	144	48	0	1	144	1	144	8.55e-61	181
KDHFCO_00435	CPLMAE_04040	91.6	440	34	1	1	437	1	440	2.58e-274	745
KDHFCO_00440	FIHDIM_00275	96.5	114	4	0	3	116	7	120	2.63e-76	218
KDHFCO_00445	BIHALF_08130	82.2	331	57	1	1	331	1	329	1.02e-184	509
KDHFCO_00450	NOKDAP_05290	95.2	270	12	1	1	270	1	269	2.88e-186	508
KDHFCO_00450	AANGNE_00255	47.6	267	140	0	1	267	1	267	9.75e-86	254
KDHFCO_00455	AANGNE_00260	88.3	545	60	1	1	545	1	541	0.0	954
KDHFCO_00455	AANGNE_04410	31.6	548	357	8	1	541	3	539	2.17e-82	266
KDHFCO_00455	KCGGLB_01940	31.1	544	357	7	1	536	3	536	3.64e-80	260
KDHFCO_00455	AANGNE_02030	31.1	512	338	5	1	507	3	504	1.40e-77	250
KDHFCO_00455	AAKGEC_02945	31.3	517	337	9	1	511	3	507	4.90e-72	236
KDHFCO_00455	CNLKLD_03745	26.1	533	367	11	5	530	7	519	7.49e-54	189
KDHFCO_00465	LPKMGL_00765	68.0	272	87	0	2	273	9	280	3.35e-134	377
KDHFCO_00465	BGHOFK_05610	64.7	258	90	1	2	258	4	261	9.93e-121	343
KDHFCO_00465	ABCBPP_07190	37.7	276	160	5	1	270	1	270	8.23e-59	185
KDHFCO_00475	BEHEAJ_00625	65.0	226	79	0	1	226	109	334	7.03e-107	308
KDHFCO_00485	DANMKC_00355	100	159	0	0	2	160	3	161	2.26e-111	310
KDHFCO_00490	AHPAPB_00360	97.2	434	4	1	1	426	1	434	8.09e-308	829
KDHFCO_00490	FBLNFP_09685	36.5	417	221	7	10	425	6	379	4.35e-74	234
KDHFCO_00490	BGHOFK_07520	32.2	416	222	7	7	422	4	359	1.16e-60	198
KDHFCO_00495	BGHOFK_05610	83.0	276	47	0	1	276	1	276	1.23e-166	459
KDHFCO_00495	LPKMGL_00765	67.4	261	84	1	3	263	8	267	3.52e-125	355
KDHFCO_00495	ABCBPP_07190	39.9	248	147	2	6	251	4	251	9.08e-59	185
KDHFCO_00500	BCIBOL_00400	90.3	155	12	1	1	155	1	152	2.20e-92	261
KDHFCO_00510	AAKGEC_08100	84.8	204	31	0	1	204	1	204	1.25e-128	357
KDHFCO_00510	AANGNE_03705	58.1	203	84	1	1	203	1	202	6.82e-86	249
KDHFCO_00515	KFKDLK_03905	81.2	373	68	1	17	389	11	381	4.58e-224	614
KDHFCO_00515	FMNMPI_06115	64.2	377	129	4	16	388	9	383	2.68e-175	490
KDHFCO_00520	AAKGEC_08090	94.9	196	10	0	1	196	1	196	9.08e-133	367
KDHFCO_00520	AANGNE_05870	48.7	195	100	0	1	195	1	195	4.56e-68	203
KDHFCO_00535	AAKGEC_02970	93.1	593	41	0	1	593	1	593	0.0	1034
KDHFCO_00535	AANGNE_00315	72.3	593	164	0	1	593	1	593	4.17e-294	808
KDHFCO_00535	AAOIOD_03725	29.4	572	380	9	40	592	112	678	3.00e-78	258
KDHFCO_00535	ABIMCM_08870	29.8	531	345	10	43	546	128	657	1.43e-71	240
KDHFCO_00535	ABIMCM_02075	29.7	558	368	8	22	565	35	582	2.04e-71	238
KDHFCO_00535	BGHOFK_01575	30.1	601	367	13	25	588	122	706	1.62e-68	232
KDHFCO_00535	AANGNE_03555	29.2	590	371	14	25	588	120	688	1.60e-67	229
KDHFCO_00535	CGMKCF_08225	28.4	543	359	10	18	540	23	555	6.98e-64	218
KDHFCO_00535	EMELHB_12155	31.0	429	269	10	185	591	163	586	1.11e-44	164
KDHFCO_00545	MNCEOE_11380	92.0	251	20	0	1	251	1	251	6.78e-159	440
KDHFCO_00545	BNBIEO_06755	56.5	260	108	3	1	259	1	256	3.31e-92	270
KDHFCO_00550	BGHOFK_05680	90.9	416	38	0	1	416	1	416	4.48e-274	743
KDHFCO_00555	GJCPBB_00490	84.6	156	24	0	19	174	1	156	1.03e-95	272
KDHFCO_00555	NPEGAB_00150	59.9	157	62	1	19	175	1	156	1.70e-64	192
KDHFCO_00560	AAKGEC_02950	87.7	155	19	0	1	155	1	155	1.95e-98	277
KDHFCO_00560	AANGNE_00330	64.5	155	54	1	1	155	1	154	4.30e-72	210
KDHFCO_00565	AAKGEC_02945	98.1	517	10	0	1	517	1	517	0.0	991
KDHFCO_00565	AANGNE_02030	64.3	518	184	1	1	517	1	518	2.73e-241	668
KDHFCO_00565	KCGGLB_01940	34.3	522	338	5	1	517	1	522	1.58e-101	315
KDHFCO_00565	AANGNE_04410	33.7	511	334	4	1	507	1	510	3.01e-96	301
KDHFCO_00565	AANGNE_00260	31.9	514	334	9	3	507	1	507	1.35e-68	226
KDHFCO_00565	CNLKLD_03745	28.5	520	334	11	8	511	8	505	4.49e-56	194
KDHFCO_00580	BDMBBJ_10605	83.0	159	27	0	5	163	20	178	1.48e-91	261
KDHFCO_00585	NPEGAB_00160	80.1	317	63	0	1	317	22	338	2.33e-184	508
KDHFCO_00590	AAKGEC_02925	84.4	250	39	0	1	250	1	250	1.20e-150	417
KDHFCO_00590	CMMAPM_05105	63.5	252	90	1	1	250	1	252	9.14e-114	323
KDHFCO_00595	AAKGEC_02920	88.7	318	36	0	1	318	1	318	1.69e-200	548
KDHFCO_00600	CMMBIF_04950	95.0	740	37	0	1	740	7	746	0.0	1388
KDHFCO_00605	BGHOFK_05730	75.9	311	73	1	1	311	1	309	1.03e-167	465
KDHFCO_00605	AGINCK_11245	70.1	308	92	0	4	311	3	310	2.52e-155	434
KDHFCO_00610	CDIIGJ_08895	84.1	151	23	1	1	151	1	150	2.19e-86	246
KDHFCO_00610	AANGNE_00350	73.8	149	39	0	1	149	1	149	4.64e-74	215
KDHFCO_00615	CDIIGJ_08900	79.9	299	59	1	35	333	29	326	1.62e-167	466
KDHFCO_00620	AIKIDN_03325	87.0	207	27	0	1	207	1	207	1.29e-134	373
KDHFCO_00620	AANGNE_00355	56.9	204	88	0	1	204	1	204	4.12e-83	242
KDHFCO_00625	IAFHMK_09525	75.6	468	110	1	1	464	1	468	6.70e-255	699
KDHFCO_00625	DNKGCI_11505	74.2	465	120	0	1	465	1	465	4.41e-244	671
KDHFCO_00625	AANGNE_10010	34.9	447	281	7	21	464	17	456	2.00e-74	238
KDHFCO_00630	IAFHMK_09535	75.1	205	50	1	10	213	1	205	5.21e-118	331
KDHFCO_00630	AANGNE_00360	72.8	206	54	2	10	213	1	206	8.61e-108	305
KDHFCO_00635	DIBOGN_00300	98.2	169	3	0	1	169	4	172	6.06e-114	317
KDHFCO_00640	CBFHCM_03370	88.5	96	7	1	1	96	1	92	1.71e-52	156
KDHFCO_00645	OBFACL_08170	98.9	272	3	0	1	272	1	272	7.43e-197	537
KDHFCO_00645	AHPAPB_10090	38.1	270	164	2	7	276	31	297	6.96e-54	174
KDHFCO_00650	DDDLLA_04900	73.8	214	54	1	1	214	1	212	1.15e-116	328
KDHFCO_00655	BLCAGE_00425	83.9	865	131	2	1	865	1	857	0.0	1420
KDHFCO_00655	PELOCJ_11855	38.2	783	404	13	13	781	3	719	1.52e-152	463
KDHFCO_00660	DLODMN_07810	98.3	344	6	0	1	344	1	344	2.50e-253	685
KDHFCO_00665	AAKGEC_04700	98.9	88	1	0	1	88	1	88	1.61e-54	160
KDHFCO_00670	AAKGEC_04705	99.1	575	5	0	1	575	1	575	0.0	1089
KDHFCO_00680	AAKGEC_04715	98.0	99	2	0	1	99	1	99	2.41e-61	179
KDHFCO_00695	BAFDFF_00515	98.4	310	5	0	5	314	23	332	4.98e-225	611
KDHFCO_00695	KAAGFE_02320	66.7	312	100	2	4	313	1	310	1.17e-152	428
KDHFCO_00695	AGDPFD_06085	43.7	268	147	3	46	312	71	335	6.56e-77	235
KDHFCO_00695	AAKGEC_08885	37.2	325	181	7	4	312	1	318	5.58e-62	196
KDHFCO_00700	DPMHNO_05285	99.1	449	4	0	1	449	21	469	1.21e-280	763
KDHFCO_00705	AMHKJB_02450	91.5	106	9	0	1	106	1	106	6.37e-66	191
KDHFCO_00710	AANGNE_04635	82.0	383	69	0	1	383	1	383	3.45e-214	589
KDHFCO_00715	AGINCK_11245	84.0	306	49	0	1	306	1	306	9.14e-185	509
KDHFCO_00715	BGHOFK_05730	64.3	305	107	1	2	306	3	305	1.05e-140	397
KDHFCO_00715	BGHOFK_04850	32.7	309	199	3	3	303	5	312	3.50e-49	163
KDHFCO_00730	AANGNE_03465	35.4	463	285	4	29	477	29	491	4.85e-82	265
KDHFCO_00740	CNLKLD_04730	82.3	396	68	2	1	395	1	395	2.24e-246	671
KDHFCO_00745	DDDLLA_09845	80.0	459	92	0	1	459	1	459	9.22e-267	728
KDHFCO_00750	ABCLFC_00780	99.7	398	1	0	1	398	1	398	2.43e-273	739
KDHFCO_00750	HNNKEJ_00615	41.0	385	223	2	4	385	8	391	4.64e-98	295
KDHFCO_00755	JKPMLC_01570	95.7	187	8	0	1	187	1	187	4.41e-125	347
KDHFCO_00760	HNNKEJ_11135	86.3	117	16	0	1	117	22	138	9.17e-72	207
KDHFCO_00765	BGHOFK_02105	90.6	267	25	0	1	267	1	267	4.94e-169	465
KDHFCO_00770	DNKGCI_07875	78.3	314	56	4	1	304	1	312	1.44e-159	444
KDHFCO_00770	AANGNE_00410	73.1	305	79	3	1	304	1	303	7.29e-146	409
KDHFCO_00780	AJGINB_03135	95.0	301	15	0	1	301	1	301	5.83e-214	582
KDHFCO_00795	AAKGEC_04815	80.0	225	45	0	1	225	1	225	2.40e-129	361
KDHFCO_00800	AAKGEC_04820	100	88	0	0	1	88	1	88	2.66e-62	180
KDHFCO_00805	AAKGEC_04825	97.2	143	4	0	1	143	1	143	4.41e-96	270
KDHFCO_00810	ANIMCG_00600	100	91	0	0	17	107	23	113	1.28e-61	180
KDHFCO_00815	AAKGEC_04835	86.9	183	24	0	1	183	1	183	7.56e-121	336
KDHFCO_00820	MNCDBI_02505	92.0	275	8	1	1	261	1	275	5.76e-176	482
KDHFCO_00825	FMHHMN_08380	84.9	106	13	1	1	103	1	106	8.68e-62	180
KDHFCO_00830	CDIIGJ_09055	78.8	260	53	1	1	260	1	258	3.08e-137	384
KDHFCO_00835	AAKGEC_04855	93.4	181	12	0	1	181	1	181	3.50e-125	347
KDHFCO_00840	CNLKLD_04720	77.0	647	143	6	3	646	1	644	0.0	1036
KDHFCO_00840	AANGNE_09435	74.3	647	162	3	3	646	2	647	0.0	1004
KDHFCO_00860	DGMGJF_06725	61.2	466	167	2	1	464	1	454	4.50e-176	538
KDHFCO_00865	AAKGEC_04900	78.8	104	22	0	1	104	1	104	2.13e-60	177
KDHFCO_00875	AAKGEC_04910	99.2	382	3	0	1	382	1	382	7.82e-293	787
KDHFCO_00880	ABCLFC_00950	97.8	229	5	0	1	229	1	229	8.25e-159	436
KDHFCO_00880	AGCFKM_01405	47.2	231	111	3	5	227	9	236	7.30e-62	191
KDHFCO_00885	AAKGEC_04920	91.7	253	18	2	1	251	142	393	8.72e-159	443
KDHFCO_00885	CPNLII_09420	66.3	252	81	2	1	251	143	391	5.58e-107	311
KDHFCO_00885	AANGNE_07910	46.8	263	128	4	1	251	143	405	2.32e-66	208
KDHFCO_00890	AAKGEC_04920	96.4	138	5	0	1	138	1	138	1.84e-85	252
KDHFCO_00890	CPNLII_09420	68.6	137	43	0	2	138	3	139	5.29e-60	187
KDHFCO_00895	OOHJDG_00740	89.6	144	15	0	1	144	1	144	2.07e-93	263
KDHFCO_00900	EKFMNI_01615	91.7	265	18	2	1	261	1	265	3.56e-177	485
KDHFCO_00915	AAKGEC_04945	87.7	527	64	1	1	526	1	527	0.0	889
KDHFCO_00915	NDBEOE_00460	49.3	479	234	4	55	526	59	535	3.44e-146	428
KDHFCO_00920	AAKGEC_04950	99.5	404	2	0	1	404	1	404	2.58e-300	808
KDHFCO_00920	AANGNE_07435	27.0	400	266	10	10	399	8	391	2.43e-43	152
KDHFCO_00925	AAKGEC_04955	99.2	262	2	0	1	262	1	262	4.61e-186	507
KDHFCO_00930	AAKGEC_04960	96.0	101	4	0	1	101	1	101	2.04e-63	184
KDHFCO_00935	AANGNE_00455	80.2	484	96	0	1	484	1	484	7.63e-278	758
KDHFCO_00940	AAKGEC_04975	98.3	477	8	0	1	477	1	477	0.0	927
KDHFCO_00945	BPNIAE_10600	85.8	499	71	0	1	499	1	499	4.17e-302	821
KDHFCO_00945	AANGNE_04615	65.7	498	162	1	1	498	1	489	1.47e-228	634
KDHFCO_00950	DDDLLA_09760	80.9	444	85	0	1	444	9	452	1.57e-251	689
KDHFCO_00960	AAKGEC_05000	91.0	177	16	0	1	177	1	177	1.54e-117	327
KDHFCO_00960	AANGNE_00475	54.4	169	76	1	1	169	1	168	2.39e-62	187
KDHFCO_00965	BMNCPF_07660	91.7	228	19	0	1	228	1	228	1.88e-150	415
KDHFCO_00965	AANGNE_00480	57.0	230	99	0	1	230	1	230	2.06e-97	280
KDHFCO_00970	AAKGEC_05010	93.7	142	9	0	1	142	1	142	6.52e-98	275
KDHFCO_00970	AANGNE_04425	56.0	141	62	0	1	141	1	141	1.02e-57	173
KDHFCO_00975	AANGNE_01840	58.4	125	51	1	1	125	1	124	9.12e-51	154
KDHFCO_00980	AAKGEC_05015	79.1	350	73	0	1	350	1	350	1.35e-206	566
KDHFCO_00980	DDKKPM_02930	58.3	343	127	2	10	350	10	338	2.56e-140	398
KDHFCO_00985	DDDLLA_09725	82.6	363	63	0	1	363	1	363	3.09e-227	620
KDHFCO_00985	ACDDAG_09855	53.9	358	164	1	1	358	1	357	9.48e-140	398
KDHFCO_00990	CGMKCF_11750	98.8	494	5	1	1	494	1	493	0.0	933
KDHFCO_00990	DDKKPM_03600	28.6	489	277	8	1	487	1	419	1.25e-53	183
KDHFCO_00990	AANGNE_03570	30.2	480	270	13	8	482	5	424	5.10e-53	182
KDHFCO_00990	FMNMPI_06710	26.9	490	286	10	12	492	35	461	2.42e-47	167
KDHFCO_00990	HNNKEJ_05840	31.2	436	245	15	80	488	45	452	5.87e-44	158
KDHFCO_00990	NGIILC_02175	30.5	407	238	11	96	494	69	438	5.49e-43	155
KDHFCO_01005	BGHOFK_02325	88.7	478	54	0	1	478	1	478	0.0	923
KDHFCO_01005	DAEIAJ_08645	38.4	495	259	9	8	478	2	474	6.47e-114	341
KDHFCO_01005	ACDDAG_07275	35.7	496	276	10	4	478	5	478	2.00e-101	309
KDHFCO_01005	DDDLLA_10775	37.5	493	263	13	9	478	3	473	7.46e-101	307
KDHFCO_01005	AANGNE_08355	35.5	498	272	9	8	478	2	477	6.61e-97	297
KDHFCO_01005	ABCBPP_13515	37.0	476	275	13	8	473	4	464	1.80e-96	296
KDHFCO_01005	BNPKDP_04435	33.1	471	272	9	10	478	6	435	2.11e-89	276
KDHFCO_01005	BIFMNE_04180	31.7	479	285	10	6	477	1	444	5.64e-77	244
KDHFCO_01010	AAKGEC_05045	94.7	150	8	0	1	150	1	150	1.51e-104	292
KDHFCO_01015	AAKGEC_05060	87.7	447	54	1	1	446	1	447	1.46e-291	790
KDHFCO_01015	FFDIKI_02450	63.5	447	152	6	1	446	1	437	2.24e-203	566
KDHFCO_01020	ABCBPP_01045	73.3	255	64	2	1	255	1	251	3.29e-117	332
KDHFCO_01020	DFJEHO_06595	70.3	138	41	0	3	140	3	140	2.32e-72	217
KDHFCO_01025	DFCDFN_08850	87.9	354	43	0	6	359	11	364	3.03e-232	633
KDHFCO_01030	AAKGEC_05075	97.0	203	6	0	1	203	1	203	3.69e-140	386
KDHFCO_01030	AANGNE_00535	71.4	203	58	0	1	203	1	203	1.59e-102	291
KDHFCO_01030	OOKIAJ_04960	44.3	203	93	1	1	203	1	183	3.57e-56	173
KDHFCO_01035	ABCLFC_01100	100	337	0	0	1	337	1	337	2.50e-239	648
KDHFCO_01035	AAKGEC_09715	36.8	321	193	3	15	335	7	317	1.83e-66	209
KDHFCO_01035	AANGNE_06705	35.6	323	198	3	14	336	6	318	1.10e-61	196
KDHFCO_01040	ABCBPP_01065	83.1	301	51	0	1	301	1	301	2.55e-175	483
KDHFCO_01040	AANGNE_03525	35.5	301	178	3	1	286	17	316	1.89e-48	161
KDHFCO_01045	AAKGEC_05090	77.5	374	84	0	1	374	1	374	8.05e-205	565
KDHFCO_01055	EHLNLG_02765	93.3	691	46	0	1	691	1	691	0.0	1251
KDHFCO_01055	BNBIEO_07085	71.2	688	194	2	1	684	1	688	0.0	972
KDHFCO_01060	AAKGEC_05105	92.8	152	11	0	1	152	1	152	1.10e-98	277
KDHFCO_01060	DBFGIH_04200	61.8	152	57	1	1	151	1	152	3.28e-62	185
KDHFCO_01065	BGHOFK_03980	83.5	139	23	0	3	141	4	142	2.95e-87	248
KDHFCO_01065	CFKGLB_00695	69.6	135	41	0	3	137	7	141	1.42e-70	206
KDHFCO_01070	AANGNE_00560	87.8	557	64	2	1	554	1	556	0.0	941
KDHFCO_01075	ABCLFC_01135	98.6	144	2	0	1	144	1	144	1.36e-95	269
KDHFCO_01085	AAKGEC_05130	96.8	219	7	0	1	219	1	219	1.09e-149	412
KDHFCO_01085	BNBIEO_04925	54.1	220	95	3	1	219	1	215	6.11e-76	225
KDHFCO_01090	LBKFJK_07305	95.1	288	14	0	1	288	36	323	9.28e-199	543
KDHFCO_01095	AANGNE_00600	90.4	197	19	0	1	197	1	197	1.29e-135	374
KDHFCO_01100	ABCBPP_01130	89.2	83	9	0	1	83	1	83	9.04e-55	161
KDHFCO_01105	LPKMGL_09325	93.1	348	23	1	1	348	78	424	1.49e-244	665
KDHFCO_01110	BEGPPK_01230	96.7	299	10	0	1	299	15	313	1.32e-216	588
KDHFCO_01110	AANGNE_00880	52.3	281	132	1	1	279	1	281	4.10e-102	297
KDHFCO_01115	IAFHMK_10095	76.6	384	88	1	1	382	1	384	9.40e-222	609
KDHFCO_01120	BJIKCJ_09010	88.4	311	36	0	1	311	1	311	1.35e-205	561
KDHFCO_01125	AAKGEC_05170	97.4	269	7	0	1	269	1	269	3.60e-182	498
KDHFCO_01130	CNLKLD_03340	79.5	400	75	2	4	396	5	404	6.89e-228	625
KDHFCO_01130	AAOIOD_07790	71.3	328	80	5	1	321	1	321	1.10e-155	441
KDHFCO_01130	ABJDJH_11950	41.4	239	134	3	3	240	14	247	6.10e-56	188
KDHFCO_01135	AAKGEC_05180	86.9	458	60	0	1	458	1	458	4.40e-285	774
KDHFCO_01140	AAKGEC_05185	80.1	321	61	1	1	318	1	321	2.49e-189	520
KDHFCO_01140	CCDPJE_04245	60.5	243	94	1	1	243	1	241	3.08e-93	294
KDHFCO_01145	EGEBJK_02625	89.4	586	62	0	1	586	1	586	0.0	1097
KDHFCO_01150	AAKGEC_05195	95.1	245	12	0	1	245	1	245	1.36e-165	454
KDHFCO_01155	AAKGEC_05200	92.9	112	8	0	1	112	1	112	7.47e-65	189
KDHFCO_01155	CNLKLD_03310	68.4	114	36	0	1	114	1	114	2.51e-49	150
KDHFCO_01160	ACDDAG_04765	66.5	263	88	0	2	264	3	265	1.15e-132	372
KDHFCO_01170	ACDDAG_04775	50.6	340	155	5	1	332	1	335	1.55e-121	350
KDHFCO_01180	ABJDJH_11990	95.2	374	18	0	1	374	8	381	3.30e-276	745
KDHFCO_01185	ACDDAG_04780	43.4	463	260	2	8	469	2	463	7.23e-130	381
KDHFCO_01195	CCDPJE_04290	37.8	436	257	10	39	469	18	444	2.70e-84	264
KDHFCO_01200	AJGINB_03555	53.8	320	120	6	1	294	1	318	1.38e-102	317
KDHFCO_01200	AGDPFD_00650	44.9	341	136	8	3	295	4	340	1.27e-73	237
KDHFCO_01205	AAKGEC_05260	99.8	493	1	0	1	493	1	493	0.0	949
KDHFCO_01210	HNNKEJ_11700	82.6	391	48	3	11	400	1	372	5.60e-236	644
KDHFCO_01215	AAKGEC_05270	88.0	167	20	0	1	167	1	167	7.17e-109	304
KDHFCO_01220	AAKGEC_05275	96.8	411	13	0	1	411	1	411	1.33e-282	764
KDHFCO_01230	AAKGEC_05280	96.2	104	4	0	1	104	1	104	1.85e-65	189
KDHFCO_01235	DDDLLA_04545	77.9	199	43	1	1	199	1	198	1.23e-113	319
KDHFCO_01235	AANGNE_09505	68.8	199	60	1	1	199	1	197	1.22e-99	283
KDHFCO_01240	AAKGEC_05290	93.9	196	12	0	1	196	1	196	2.60e-132	366
KDHFCO_01245	AAKGEC_05295	73.8	141	37	0	1	141	1	141	1.37e-69	203
KDHFCO_01250	HNNKEJ_11755	82.4	119	21	0	1	119	7	125	2.09e-68	198
KDHFCO_01255	ABCLFC_01315	99.3	276	2	0	1	276	1	276	5.69e-203	551
KDHFCO_01255	DBFGIH_03085	63.4	243	87	1	34	276	3	243	1.27e-113	324
KDHFCO_01260	BJLDLK_06240	93.3	400	6	1	1	379	1	400	1.66e-268	726
KDHFCO_01260	FMFGKO_09240	62.5	376	124	3	1	375	1	360	8.72e-160	450
KDHFCO_01265	ABCLFC_01325	99.2	239	1	1	1	238	1	239	6.75e-165	452
KDHFCO_01270	AAKGEC_05325	94.0	84	5	0	1	84	1	84	3.18e-53	161
KDHFCO_01275	AAKGEC_05325	74.1	108	28	0	1	108	106	213	1.49e-53	163
KDHFCO_01280	AAKGEC_05330	97.3	219	6	0	1	219	1	219	2.31e-160	439
KDHFCO_01285	AGINCK_05770	80.5	302	59	0	1	302	1	302	2.48e-173	479
KDHFCO_01300	AAKGEC_05340	86.2	181	25	0	1	181	1	181	1.76e-109	307
KDHFCO_01305	AMNNAF_11335	95.8	472	20	0	2	473	15	486	1.85e-313	848
KDHFCO_01305	AANGNE_01905	30.4	471	323	2	2	469	15	483	5.12e-67	219
KDHFCO_01310	ABCLFC_01365	97.6	123	3	0	1	123	1	123	1.76e-72	209
KDHFCO_01320	AAKGEC_05360	93.7	268	17	0	1	268	1	268	3.57e-178	488
KDHFCO_01320	EHLNLG_11535	37.6	263	154	2	3	261	2	258	3.22e-54	173
KDHFCO_01320	AANGNE_03790	36.4	258	154	2	4	257	2	253	4.84e-50	162
KDHFCO_01325	BGHOFK_02640	98.0	398	8	0	1	398	17	414	1.11e-279	756
KDHFCO_01335	ABCBPP_01400	89.3	328	35	0	1	328	1	328	8.43e-222	603
KDHFCO_01335	BJIKCJ_08765	43.2	329	183	3	2	328	5	331	9.56e-85	256
KDHFCO_01340	GNPDOB_08160	96.9	97	3	0	1	97	1	97	1.70e-63	188
KDHFCO_01350	BJIKCJ_08765	96.0	250	10	0	4	253	83	332	3.48e-170	469
KDHFCO_01350	ABCBPP_01400	45.6	252	134	2	3	252	78	328	2.35e-66	206
KDHFCO_01355	AAKGEC_05385	95.3	192	9	0	1	192	1	192	1.45e-127	353
KDHFCO_01360	AAKGEC_05390	97.6	123	3	0	1	123	1	123	2.42e-79	226
KDHFCO_01365	AAKGEC_05395	95.9	97	4	0	1	97	39	135	9.85e-61	183
KDHFCO_01375	ABNNBP_02230	99.8	460	1	0	1	460	1	460	0.0	934
KDHFCO_01375	CNLKLD_07660	62.8	462	166	4	2	460	10	468	7.75e-214	594
KDHFCO_01380	CGMKCF_05070	84.7	196	30	0	1	196	13	208	4.20e-116	327
KDHFCO_01380	AANGNE_09825	60.2	196	75	1	1	196	1	193	4.77e-80	235
KDHFCO_01385	AAKGEC_05415	87.9	380	46	0	1	380	1	380	4.73e-229	626
KDHFCO_01385	FDILLL_09550	44.9	343	154	5	1	332	1	319	3.23e-76	235
KDHFCO_01390	HNNKEJ_11810	77.4	394	84	1	1	389	1	394	5.38e-220	604
KDHFCO_01390	AANGNE_09280	72.0	389	109	0	1	389	1	389	2.34e-201	556
KDHFCO_01395	AAKGEC_05425	91.4	640	55	0	1	640	1	640	0.0	1182
KDHFCO_01405	CDIIGJ_09670	78.1	425	92	1	1	424	1	425	1.85e-237	651
KDHFCO_01405	AANGNE_09260	71.9	420	117	1	6	424	2	421	1.75e-213	590
KDHFCO_01410	FGPNLL_01315	96.7	275	2	1	1	275	1	268	1.47e-178	489
KDHFCO_01415	AAKGEC_05445	83.8	136	22	0	1	136	1	136	7.39e-83	236
KDHFCO_01420	ABNNBP_02275	99.7	593	2	0	1	593	1	593	0.0	1104
KDHFCO_01420	BNBIEO_02540	33.2	570	367	6	14	574	40	604	1.26e-95	301
KDHFCO_01420	AAKGEC_05730	32.2	577	369	7	12	574	11	579	2.43e-91	290
KDHFCO_01420	HNNKEJ_11875	24.4	618	410	10	6	570	21	634	6.84e-54	191
KDHFCO_01420	AANGNE_01510	25.4	531	363	11	54	570	66	577	1.29e-51	183
KDHFCO_01420	NGAPDN_04410	24.0	526	388	7	55	575	73	591	2.82e-50	180
KDHFCO_01420	AANGNE_08905	24.7	546	391	7	36	570	158	694	1.23e-48	177
KDHFCO_01420	HNNKEJ_12255	26.2	530	374	8	48	570	186	705	7.66e-47	172
KDHFCO_01420	AMLBPA_01235	25.5	510	352	10	60	555	224	719	6.45e-43	160
KDHFCO_01420	LBKFJK_02080	25.8	535	369	9	49	564	71	596	3.53e-42	157
KDHFCO_01420	AAKGEC_01790	26.4	598	400	14	20	592	22	604	1.61e-41	155
KDHFCO_01425	HNNKEJ_11875	81.0	636	117	2	1	632	1	636	0.0	968
KDHFCO_01425	AANGNE_08905	37.9	536	304	4	101	630	182	694	8.90e-111	345
KDHFCO_01425	HNNKEJ_12255	35.4	536	317	4	101	630	193	705	3.42e-99	315
KDHFCO_01425	NGAPDN_04410	32.2	512	315	5	123	629	101	585	4.83e-78	256
KDHFCO_01425	AANGNE_01510	30.1	532	346	4	100	629	69	576	1.92e-76	251
KDHFCO_01425	LBKFJK_02080	31.0	509	327	4	129	629	109	601	1.33e-74	247
KDHFCO_01425	BNBIEO_02540	29.7	546	338	8	101	632	89	602	4.93e-68	229
KDHFCO_01425	AAKGEC_01790	30.1	489	317	5	144	629	107	573	2.60e-67	228
KDHFCO_01425	AAKGEC_05730	27.3	604	403	10	35	632	4	577	1.51e-64	219
KDHFCO_01425	ABNNBP_02275	26.9	572	392	8	64	631	22	571	6.21e-58	202
KDHFCO_01430	ABCLFC_01505	99.5	221	1	0	1	221	1	221	6.27e-150	412
KDHFCO_01435	MFNPDC_09835	75.2	335	80	1	3	337	2	333	9.58e-191	525
KDHFCO_01435	AANGNE_06170	48.4	337	171	3	5	339	2	337	8.14e-115	333
KDHFCO_01445	AANGNE_09235	82.3	158	28	0	1	158	1	158	1.25e-98	278
KDHFCO_01455	AAKGEC_05485	96.4	281	10	0	1	281	1	281	5.66e-201	546
KDHFCO_01455	ABCBPP_06850	43.0	277	149	5	7	281	7	276	2.94e-69	213
KDHFCO_01455	AANGNE_05130	43.6	282	146	5	4	281	3	275	1.61e-68	211
KDHFCO_01455	ABNNBP_07265	42.3	286	142	7	6	281	3	275	8.96e-61	191
KDHFCO_01455	AAKGEC_11745	40.9	264	144	4	8	269	6	259	3.18e-60	189
KDHFCO_01455	CGMKCF_02875	38.5	278	134	5	9	281	3	248	9.67e-57	179
KDHFCO_01460	AAKGEC_05490	91.8	170	14	0	1	170	1	170	5.04e-115	320
KDHFCO_01465	AAKGEC_05495	91.8	182	15	0	1	182	1	182	2.85e-120	334
KDHFCO_01465	AANGNE_04970	64.8	182	63	1	1	181	1	182	7.68e-86	247
KDHFCO_01470	AAKGEC_05500	90.4	94	9	0	1	94	1	94	2.68e-58	171
KDHFCO_01475	CGMKCF_05690	87.2	445	49	2	1	437	1	445	5.31e-238	654
KDHFCO_01480	LBKFJK_08495	84.9	741	104	2	15	747	15	755	0.0	1288
KDHFCO_01485	DNKGCI_10790	79.3	203	38	1	1	199	1	203	1.84e-123	344
KDHFCO_01490	ABCLFC_01570	98.8	169	2	0	1	169	1	169	1.02e-118	329
KDHFCO_01490	BDGMGM_05820	50.6	166	76	3	1	165	1	161	3.84e-49	153
KDHFCO_01500	KEMHDF_01420	97.0	269	8	0	1	269	1	269	3.57e-183	507
KDHFCO_01500	DBMAKJ_12120	55.4	269	113	5	5	266	4	272	1.42e-87	264
KDHFCO_01505	KEMHDF_01420	95.1	103	5	0	1	103	309	411	5.03e-62	191
KDHFCO_01525	AANGNE_09170	76.8	276	63	1	1	276	1	275	4.55e-150	417
KDHFCO_01530	CNLKLD_04630	75.5	278	66	2	1	277	1	277	1.60e-147	412
KDHFCO_01535	AANGNE_09160	82.7	266	46	0	1	266	1	266	6.79e-156	431
KDHFCO_01540	EIIOFH_04115	84.7	203	31	0	1	203	1	203	7.41e-128	356
KDHFCO_01545	BGHOFK_02850	72.3	256	46	3	1	256	1	231	1.63e-66	203
KDHFCO_01550	AAKGEC_05560	86.7	375	50	0	1	375	1	375	1.93e-244	665
KDHFCO_01550	AAOIOD_01845	58.6	370	152	1	4	372	8	377	8.87e-162	455
KDHFCO_01550	ABCBPP_13855	32.1	374	235	9	4	365	18	384	1.66e-58	192
KDHFCO_01555	ABNNBP_02420	100	373	0	0	1	373	1	373	4.83e-262	709
KDHFCO_01555	DBJPJM_06415	44.7	199	109	1	173	371	276	473	6.35e-51	174
KDHFCO_01580	AGDPFD_07695	93.1	203	14	0	1	203	20	222	6.67e-136	376
KDHFCO_01585	LBKFJK_08390	77.7	712	150	1	1	712	1	703	0.0	1052
KDHFCO_01590	BPNNAG_02670	83.4	145	24	0	1	145	21	165	5.35e-92	261
KDHFCO_01590	PELOCJ_04500	66.2	142	44	2	2	141	1	140	1.15e-67	198
KDHFCO_01595	AAKGEC_05600	90.1	344	34	0	1	344	1	344	4.03e-228	620
KDHFCO_01595	CCDPJE_04485	71.5	347	94	3	1	344	1	345	1.19e-176	491
KDHFCO_01610	ENIHOO_01595	99.6	561	1	1	1	560	1	561	0.0	1100
KDHFCO_01610	CEFOCI_09510	35.8	551	345	6	12	556	4	551	3.10e-121	366
KDHFCO_01615	ABCLFC_01695	97.6	83	2	0	1	83	1	83	7.93e-55	161
KDHFCO_01620	AAKGEC_05620	90.0	241	24	0	1	241	1	241	2.12e-151	418
KDHFCO_01620	AANGNE_08965	65.1	241	79	2	1	241	1	236	5.86e-106	303
KDHFCO_01625	BGHOFK_04625	87.8	188	23	0	1	188	1	188	1.55e-121	338
KDHFCO_01625	AANGNE_08960	59.0	188	72	1	1	188	1	183	3.01e-79	231
KDHFCO_01630	AAKGEC_05630	74.4	156	40	0	1	156	1	156	3.13e-84	241
KDHFCO_01635	AANGNE_08950	80.1	342	64	3	1	341	1	339	4.56e-193	531
KDHFCO_01645	LCPCCG_07505	81.8	253	34	1	10	262	1	241	1.04e-143	399
KDHFCO_01645	AANGNE_08940	54.3	265	118	2	1	262	1	265	1.37e-95	278
KDHFCO_01650	ABCBPP_02025	93.4	349	23	0	1	349	1	349	2.64e-231	629
KDHFCO_01655	AAKGEC_05665	95.9	246	10	0	1	246	1	246	4.38e-167	458
KDHFCO_01655	AANGNE_02185	38.4	216	124	3	18	233	20	226	9.09e-47	152
KDHFCO_01660	COJBJG_01010	81.5	270	50	0	1	270	1	270	4.77e-149	414
KDHFCO_01665	ABCLFC_01785	98.9	273	3	0	1	273	1	273	5.97e-183	500
KDHFCO_01665	COJBJG_01010	44.1	270	139	6	5	273	14	272	9.44e-55	175
KDHFCO_01670	ABCLFC_01790	97.1	520	15	0	1	520	1	520	0.0	998
KDHFCO_01680	ANFPEE_06180	93.8	160	10	0	1	160	1	160	1.85e-108	303
KDHFCO_01685	AAKGEC_05695	97.0	297	9	0	1	297	1	297	2.96e-206	582
KDHFCO_01690	AGINCK_04435	99.3	447	3	0	1	447	1	447	3.83e-317	854
KDHFCO_01695	AGINCK_04430	100	227	0	0	2	228	2	228	2.12e-165	452
KDHFCO_01700	AGINCK_04425	97.8	89	2	0	1	89	594	682	3.74e-51	166
KDHFCO_01705	JEJJDG_08175	95.4	305	14	0	1	305	1	305	2.03e-204	560
KDHFCO_01705	BEIAAA_05820	60.3	355	141	0	3	357	4	358	3.48e-143	409
KDHFCO_01710	AAKGEC_05705	92.4	157	12	0	1	157	1	157	1.66e-100	282
KDHFCO_01710	AANGNE_08920	53.0	149	70	0	6	154	2	150	2.26e-48	150
KDHFCO_01715	BGHOFK_04575	81.4	424	78	1	1	424	1	423	1.76e-243	666
KDHFCO_01715	BNBIEO_02545	62.9	421	135	2	4	424	7	406	5.14e-180	505
KDHFCO_01715	DBFGIH_07550	52.7	281	133	0	9	289	9	289	3.17e-93	280
KDHFCO_01720	AAKGEC_05715	96.6	116	4	0	1	116	1	116	2.40e-78	223
KDHFCO_01725	AAKGEC_05730	86.5	579	78	0	1	579	1	579	0.0	960
KDHFCO_01725	BNBIEO_02540	67.9	579	184	2	1	579	28	604	2.14e-268	743
KDHFCO_01725	ABNNBP_02275	33.6	529	334	5	59	579	55	574	1.47e-93	295
KDHFCO_01725	HNNKEJ_11875	27.7	610	401	10	2	577	33	636	7.78e-66	223
KDHFCO_01725	AAKGEC_01790	31.1	421	282	3	159	575	158	574	1.90e-56	197
KDHFCO_01725	AANGNE_08905	26.9	547	388	7	32	574	155	693	1.63e-53	190
KDHFCO_01730	HNNKEJ_12255	82.6	714	68	4	1	664	1	708	0.0	1107
KDHFCO_01730	AANGNE_08905	69.1	703	163	4	10	664	1	697	0.0	897
KDHFCO_01730	HNNKEJ_11875	35.1	539	317	3	151	662	103	635	3.29e-106	332
KDHFCO_01730	LBKFJK_02080	32.1	505	310	10	177	660	109	601	3.78e-72	241
KDHFCO_01730	NGAPDN_04410	26.6	515	371	4	149	662	79	587	1.04e-64	221
KDHFCO_01730	AAKGEC_01790	31.0	491	327	5	177	662	92	575	1.71e-63	218
KDHFCO_01730	BNBIEO_02540	27.1	521	363	6	148	660	88	599	3.00e-61	212
KDHFCO_01730	AMLBPA_01235	30.3	478	315	8	187	659	268	732	3.34e-57	203
KDHFCO_01730	ABNNBP_02275	26.1	491	350	7	176	660	86	569	4.22e-50	181
KDHFCO_01735	AIPJBK_01780	98.3	421	6	1	1	420	1	421	3.59e-291	786
KDHFCO_01735	CNLKLD_04550	40.8	422	246	4	1	420	1	420	9.00e-105	313
KDHFCO_01740	AAKGEC_05745	100	72	0	0	1	72	1	72	4.78e-51	150
KDHFCO_01745	AAKGEC_05755	80.1	216	43	0	1	216	1	216	1.13e-129	361
KDHFCO_01750	DDDLLA_05440	98.1	570	11	0	1	570	13	582	0.0	1064
KDHFCO_01760	AAKGEC_05765	94.9	118	6	0	1	118	1	118	1.13e-68	199
KDHFCO_01765	AAKGEC_05770	95.6	182	8	0	1	182	1	182	4.35e-115	321
KDHFCO_01765	AANGNE_06285	55.2	181	81	0	1	181	1	181	4.22e-64	192
KDHFCO_01770	BKOEEG_01850	98.7	158	2	0	1	158	30	187	4.22e-110	308
KDHFCO_01775	BCIBOL_01580	93.7	175	11	0	1	175	1	175	3.20e-109	306
KDHFCO_01780	CGMKCF_02540	97.9	289	3	1	1	286	1	289	1.84e-191	523
KDHFCO_01780	AAKGEC_05800	57.5	287	119	2	1	285	1	286	3.44e-109	315
KDHFCO_01780	BAFONJ_06385	56.5	285	121	1	1	285	1	282	8.90e-107	308
KDHFCO_01780	BEJELC_09410	52.1	288	135	2	1	285	1	288	1.85e-104	303
KDHFCO_01785	CGMKCF_02540	75.7	288	67	1	1	285	1	288	3.65e-152	424
KDHFCO_01785	BAFONJ_06385	60.5	286	110	1	1	286	1	283	1.93e-120	343
KDHFCO_01785	AAKGEC_05800	58.0	286	119	1	1	285	1	286	1.77e-116	333
KDHFCO_01785	BEJELC_09410	54.5	288	128	2	1	285	1	288	5.90e-113	324
KDHFCO_01790	BEJELC_09410	92.0	289	20	2	1	287	1	288	4.17e-188	514
KDHFCO_01790	AAKGEC_05800	52.1	288	135	3	1	287	1	286	2.55e-104	302
KDHFCO_01790	CGMKCF_02540	51.4	290	136	3	1	287	1	288	3.74e-102	297
KDHFCO_01790	BAFONJ_06385	49.1	287	141	2	1	287	1	282	4.05e-93	274
KDHFCO_01795	AAKGEC_07270	46.1	256	135	1	1	256	1	253	2.00e-67	206
KDHFCO_01800	AAKGEC_05800	87.2	288	33	2	1	286	1	286	4.94e-177	486
KDHFCO_01800	CGMKCF_02540	56.3	288	124	1	1	286	1	288	9.40e-110	316
KDHFCO_01800	BAFONJ_06385	54.9	286	125	2	1	286	1	282	2.20e-107	310
KDHFCO_01800	BEJELC_09410	52.1	288	136	2	1	286	1	288	9.84e-107	308
KDHFCO_01805	AAKGEC_05805	98.1	368	7	0	1	368	1	368	5.56e-254	688
KDHFCO_01805	AANGNE_01045	64.4	362	115	2	3	360	2	353	1.83e-159	448
KDHFCO_01805	AAKGEC_12175	40.9	257	131	5	4	260	5	240	3.47e-54	176
KDHFCO_01805	AANGNE_02185	38.1	260	140	5	1	260	1	239	4.30e-52	170
KDHFCO_01805	AAKGEC_12360	37.9	256	138	5	5	260	7	241	8.31e-49	162
KDHFCO_01805	AANGNE_03680	39.7	257	137	7	4	260	1	239	4.48e-46	155
KDHFCO_01810	AAKGEC_05810	100	231	0	0	1	231	1	231	1.23e-145	402
KDHFCO_01810	AANGNE_01050	64.1	231	83	0	1	231	1	231	4.21e-95	275
KDHFCO_01815	OCIPFJ_01930	99.5	182	1	0	1	182	7	188	1.39e-126	350
KDHFCO_01820	PLDCIE_10175	96.6	565	1	1	1	565	1	547	0.0	1045
KDHFCO_01825	AAKGEC_05825	70.3	273	81	0	1	273	1	273	6.00e-118	336
KDHFCO_01835	AGINCK_05250	95.2	250	12	0	1	250	10	259	3.00e-169	464
KDHFCO_01835	AANGNE_02560	69.6	247	75	0	3	249	12	258	5.84e-121	342
KDHFCO_01840	AAKGEC_05840	94.0	316	19	0	1	316	1	316	1.69e-199	546
KDHFCO_01840	AANGNE_02565	60.3	297	118	0	20	316	20	316	4.95e-109	317
KDHFCO_01840	AANGNE_08125	35.0	294	182	4	28	316	49	338	1.53e-44	152
KDHFCO_01845	AAKGEC_05845	93.9	312	19	0	1	312	1	312	2.56e-192	527
KDHFCO_01845	EIKFFD_08845	65.6	294	101	0	19	312	21	314	1.01e-126	361
KDHFCO_01850	AAKGEC_05850	90.4	313	30	0	1	313	1	313	1.29e-197	541
KDHFCO_01850	BLCAGE_02670	68.8	311	95	1	3	313	5	313	2.34e-148	416
KDHFCO_01855	EHLNLG_10510	98.7	301	4	0	1	301	1	301	3.30e-215	584
KDHFCO_01860	BEIAAA_00140	81.5	390	72	0	1	390	1	390	1.75e-213	588
KDHFCO_01865	CGMKCF_02875	81.3	272	27	1	1	272	1	248	3.35e-160	442
KDHFCO_01865	AAKGEC_05485	43.2	278	145	4	3	272	9	281	1.58e-69	213
KDHFCO_01865	ABNNBP_07265	43.1	260	137	5	2	257	5	257	4.13e-65	202
KDHFCO_01865	AAKGEC_11745	38.5	262	150	5	1	259	5	258	9.43e-60	188
KDHFCO_01870	ACDDAG_03585	82.6	115	20	0	1	115	1	115	4.36e-69	200
KDHFCO_01875	ABCBPP_02320	88.5	130	15	0	1	130	1	130	1.79e-82	234
KDHFCO_01880	LKGJOH_01855	99.6	233	1	0	1	233	1	233	1.73e-175	478
KDHFCO_01885	AAKGEC_05885	95.7	187	8	0	1	187	1	187	1.17e-135	374
KDHFCO_01890	CNLKLD_06545	72.5	510	137	3	1	508	1	509	7.65e-265	727
KDHFCO_01890	AANGNE_04950	68.0	509	161	2	2	508	1	509	1.45e-255	704
KDHFCO_01890	MKCKPI_06015	31.7	309	196	7	205	505	18	319	2.55e-43	153
KDHFCO_01895	OECBDL_03680	97.5	733	6	1	1	721	1	733	0.0	1354
KDHFCO_01895	AANGNE_01075	57.3	712	286	6	19	719	14	718	5.06e-271	760
KDHFCO_01900	AAKGEC_05900	98.5	198	3	0	1	198	1	198	5.93e-139	383
KDHFCO_01905	ABCLFC_02025	98.8	404	5	0	1	404	1	404	7.59e-293	789
KDHFCO_01910	IAFHMK_08880	71.9	441	122	2	1	440	1	440	1.58e-230	635
KDHFCO_01910	AANGNE_01110	68.6	443	134	4	1	440	1	441	8.93e-216	597
KDHFCO_01915	GCFKAO_09000	95.9	541	22	0	10	550	14	554	0.0	1029
KDHFCO_01915	AANGNE_01115	55.3	559	238	4	1	550	1	556	1.28e-211	596
KDHFCO_01915	BGHOFK_04425	55.1	554	236	4	1	550	7	551	8.49e-206	581
KDHFCO_01915	DBDHAK_11915	46.4	554	285	4	1	549	13	559	9.78e-169	487
KDHFCO_01920	BGHOFK_04425	92.3	235	18	0	1	235	7	241	1.57e-152	432
KDHFCO_01920	AANGNE_01115	63.1	236	84	2	1	235	1	234	1.06e-97	292
KDHFCO_01920	GCFKAO_09000	59.5	215	83	1	19	233	23	233	5.06e-85	259
KDHFCO_01920	DBDHAK_11915	50.6	235	115	1	1	234	13	247	5.42e-71	223
KDHFCO_01925	BGHOFK_04425	85.0	200	30	0	1	200	352	551	1.41e-119	347
KDHFCO_01925	GCFKAO_09000	58.9	202	81	2	1	200	353	554	8.34e-73	226
KDHFCO_01925	AANGNE_01115	53.0	202	93	2	1	200	355	556	1.03e-61	197
KDHFCO_01930	AAKGEC_05925	96.7	303	10	0	1	303	1	303	5.35e-201	548
KDHFCO_01930	AANGNE_01120	70.4	301	89	0	3	303	4	304	1.24e-144	406
KDHFCO_01930	AAKGEC_11930	33.0	318	194	7	3	303	3	318	9.38e-45	151
KDHFCO_01935	AAKGEC_05930	97.1	343	10	0	1	343	1	343	4.26e-234	635
KDHFCO_01935	AANGNE_01125	67.4	344	111	1	1	343	1	344	1.94e-163	457
KDHFCO_01940	BGHOFK_04410	98.0	348	7	0	1	348	1	348	2.76e-254	687
KDHFCO_01940	ABCLFC_03590	46.7	276	146	1	6	281	17	291	1.32e-80	246
KDHFCO_01940	AANGNE_01135	38.8	273	157	5	1	270	1	266	2.63e-57	185
KDHFCO_01940	AAKGEC_11925	38.7	271	145	6	5	265	3	262	3.04e-54	177
KDHFCO_01945	AANGNE_01135	78.1	310	66	1	3	312	4	311	3.11e-172	476
KDHFCO_01945	AAKGEC_11925	50.0	236	115	2	27	262	30	262	2.61e-71	220
KDHFCO_01945	BGHOFK_04410	43.0	272	148	5	1	267	1	270	3.94e-63	200
KDHFCO_01945	ABCLFC_03590	39.0	246	144	4	26	266	35	279	1.90e-52	172
KDHFCO_01950	DNKGCI_00780	87.6	524	62	2	1	523	1	522	0.0	915
KDHFCO_01950	AAKGEC_04640	29.2	493	306	9	1	457	1	486	8.26e-59	204
KDHFCO_01955	IAFHMK_08920	74.8	552	128	4	1	551	1	542	6.26e-262	723
KDHFCO_01955	AAKGEC_08515	37.0	359	224	2	1	357	1	359	1.77e-73	238
KDHFCO_01960	DDDLLA_05670	89.4	303	32	0	1	303	9	311	5.64e-198	541
KDHFCO_01965	AAKGEC_05960	99.1	530	5	0	1	530	1	530	0.0	1068
KDHFCO_01970	FHIFIE_05630	90.0	271	27	0	1	271	1	271	5.77e-178	488
KDHFCO_01970	ACDDAG_05325	64.1	273	95	3	1	271	1	272	1.00e-123	350
KDHFCO_01975	DNKGCI_11635	92.9	352	25	0	1	352	1	352	3.25e-230	630
KDHFCO_01975	EIIOFH_10990	46.4	319	164	2	19	337	19	330	2.03e-93	281
KDHFCO_01980	CDIIGJ_10240	82.2	456	79	1	7	460	4	459	1.25e-264	723
KDHFCO_01980	PHNFPI_05015	62.3	453	163	1	11	455	6	458	1.09e-197	553
KDHFCO_01980	JBKKJP_13050	35.1	388	239	6	16	396	14	395	1.02e-64	213
KDHFCO_01980	BNBIEO_00300	30.2	381	261	5	12	389	5	383	8.69e-59	196
KDHFCO_01980	AAKGEC_06030	32.7	391	246	6	16	396	8	391	8.82e-58	194
KDHFCO_01980	DNKGCI_09195	34.1	355	216	7	8	348	2	352	1.45e-55	189
KDHFCO_01985	PHNFPI_05015	94.3	458	26	0	1	458	1	458	3.10e-316	853
KDHFCO_01985	CDIIGJ_10240	63.3	449	159	2	10	458	12	454	3.40e-198	554
KDHFCO_01985	JBKKJP_13050	38.8	356	199	7	9	357	12	355	9.64e-71	229
KDHFCO_01985	AAKGEC_06030	37.2	363	209	5	4	358	1	352	8.81e-65	213
KDHFCO_01985	BNBIEO_00300	30.1	379	254	5	14	390	12	381	5.51e-61	202
KDHFCO_01985	DNKGCI_09195	33.6	369	222	6	1	357	1	358	1.25e-59	199
KDHFCO_01985	FAKCMI_12975	28.5	389	262	5	4	388	1	377	3.23e-57	192
KDHFCO_01990	ABCLFC_02110	97.6	126	3	0	1	126	1	126	2.80e-84	239
KDHFCO_01995	BGHOFK_04355	70.8	106	31	0	1	106	1	106	1.26e-51	155
KDHFCO_02000	AAKGEC_05995	87.8	172	21	0	1	172	1	172	1.09e-110	309
KDHFCO_02000	CNOINH_01910	54.1	172	79	0	1	172	4	175	6.60e-64	191
KDHFCO_02005	AANGNE_01215	80.7	197	38	0	1	197	1	197	3.27e-113	318
KDHFCO_02010	AJCMKJ_02375	79.5	268	22	1	1	268	1	235	3.74e-146	405
KDHFCO_02010	ACDDAG_07330	44.2	242	133	2	14	253	12	253	6.77e-67	206
KDHFCO_02015	HNNKEJ_12795	91.2	226	20	0	1	226	4	229	5.07e-150	413
KDHFCO_02020	DFCDFN_00335	81.9	270	49	0	1	270	2	271	1.83e-162	448
KDHFCO_02020	AANGNE_01225	67.0	270	89	0	1	270	1	270	1.65e-137	385
KDHFCO_02025	AIGDEK_07960	91.4	292	25	0	1	292	1	292	4.90e-198	540
KDHFCO_02025	ACDDAG_05370	61.9	294	109	2	1	293	1	292	5.69e-133	375
KDHFCO_02030	HNNKEJ_12810	72.0	275	76	1	4	277	2	276	2.08e-134	378
KDHFCO_02030	AANGNE_01235	68.1	210	63	3	71	277	42	250	3.59e-91	267
KDHFCO_02035	AAKGEC_06030	98.3	477	8	0	1	477	1	477	0.0	918
KDHFCO_02035	JBKKJP_13050	66.2	474	158	2	4	477	10	481	7.73e-229	634
KDHFCO_02035	DNKGCI_09195	56.8	474	197	5	6	475	10	479	2.20e-187	528
KDHFCO_02035	PHNFPI_05015	36.6	363	211	5	1	352	4	358	7.19e-62	206
KDHFCO_02035	CDIIGJ_10240	33.8	393	239	7	9	391	14	395	3.17e-59	198
KDHFCO_02035	FAKCMI_12975	30.7	440	286	9	1	433	1	428	2.75e-54	185
KDHFCO_02040	AAKGEC_06035	70.6	269	77	2	1	267	1	269	6.24e-132	371
KDHFCO_02040	AANGNE_01250	71.1	187	54	0	1	187	1	187	4.32e-94	272
KDHFCO_02045	AAKGEC_06040	78.2	325	71	0	1	325	1	325	5.14e-187	515
KDHFCO_02045	AANGNE_01255	50.2	315	151	3	12	323	5	316	1.42e-111	323
KDHFCO_02045	AANGNE_06505	35.2	301	184	4	12	305	34	330	9.97e-59	189
KDHFCO_02045	AIPJBK_10570	33.9	316	198	4	12	320	38	349	2.33e-57	187
KDHFCO_02050	DFCDFN_00400	84.8	494	74	1	1	494	1	493	9.60e-314	850
KDHFCO_02055	AAKGEC_06050	94.9	272	14	0	1	272	1	272	1.36e-183	502
KDHFCO_02055	ACDDAG_05200	52.0	271	130	0	1	271	1	271	4.70e-100	291
KDHFCO_02055	JBKKJP_02305	52.0	271	130	0	1	271	1	271	1.31e-96	282
KDHFCO_02060	BFMEKC_02065	96.5	346	12	0	1	346	1	346	2.22e-224	611
KDHFCO_02060	AGDPFD_01255	72.3	328	90	1	18	344	23	350	4.27e-158	444
KDHFCO_02065	AANGNE_00875	79.2	313	65	0	1	313	1	313	2.26e-183	505
KDHFCO_02065	AANGNE_06610	45.6	307	165	2	6	311	6	311	1.51e-99	293
KDHFCO_02065	BGHOFK_03765	40.0	320	184	3	1	314	1	318	1.69e-82	249
KDHFCO_02065	AANGNE_02105	30.0	310	207	4	6	314	2	302	5.10e-48	160
KDHFCO_02070	JBKKJP_02305	99.3	271	2	0	1	271	1	271	3.73e-190	519
KDHFCO_02070	ACDDAG_05200	60.9	271	106	0	1	271	1	271	3.43e-117	334
KDHFCO_02070	AAKGEC_06050	54.3	267	122	0	1	267	1	267	9.65e-100	290
KDHFCO_02075	AAKGEC_06070	92.3	324	25	0	1	324	1	324	1.39e-202	554
KDHFCO_02075	AANGNE_01080	59.3	305	124	0	6	310	5	309	8.81e-113	326
KDHFCO_02080	BGHOFK_04275	87.0	407	50	1	3	406	35	441	1.71e-255	696
KDHFCO_02085	KJCAIL_02750	91.6	368	19	1	1	356	112	479	2.46e-235	645
KDHFCO_02085	IKDMIA_03030	70.6	357	105	0	1	357	112	468	5.72e-181	508
KDHFCO_02090	AAKGEC_08370	96.5	201	7	0	1	201	1	201	7.46e-139	383
KDHFCO_02090	AANGNE_04945	63.9	205	70	1	1	201	1	205	4.06e-91	262
KDHFCO_02095	AAKGEC_08375	86.8	144	19	0	1	144	1	144	2.00e-88	251
KDHFCO_02095	AANGNE_04625	61.1	144	56	0	1	144	1	144	2.20e-63	187
KDHFCO_02100	PLDCIE_09900	99.6	680	2	1	1	680	1	679	0.0	1241
KDHFCO_02100	AGDPFD_01270	67.0	682	221	2	2	679	2	683	7.27e-314	866
KDHFCO_02100	DBFGIH_02225	58.1	683	281	4	1	679	1	682	7.46e-258	724
KDHFCO_02105	AAKGEC_08385	89.1	156	17	0	1	156	1	156	4.86e-88	251
KDHFCO_02110	AAKGEC_08390	97.4	419	11	0	1	419	1	419	2.39e-299	807
KDHFCO_02115	ABCLFC_02260	99.1	812	7	0	1	812	1	812	0.0	1513
KDHFCO_02115	AGHDIE_04215	64.8	812	266	5	1	798	1	806	0.0	1018
KDHFCO_02115	HNNKEJ_09155	31.6	563	317	17	129	682	120	623	1.12e-54	198
KDHFCO_02115	AOEAIB_02700	29.1	563	329	16	128	679	133	636	8.77e-51	187
KDHFCO_02120	CNLKLD_00720	77.8	356	78	1	1	355	1	356	2.39e-205	564
KDHFCO_02125	AAKGEC_08405	83.0	94	16	0	1	94	1	94	7.40e-56	164
KDHFCO_02130	AAKGEC_08410	96.2	105	4	0	1	105	1	105	1.64e-73	210
KDHFCO_02135	AAKGEC_08415	92.3	208	16	0	1	208	1	208	3.12e-139	384
KDHFCO_02135	AANGNE_01340	65.9	208	70	1	1	208	1	207	1.04e-93	269
KDHFCO_02140	AANGNE_03260	82.3	446	78	1	1	446	1	445	5.48e-268	730
KDHFCO_02140	AAKGEC_02565	32.2	438	282	6	1	434	1	427	6.52e-62	204
KDHFCO_02140	AAKGEC_07820	29.0	451	300	11	2	444	4	442	9.97e-43	155
KDHFCO_02140	CJHCCN_10680	27.3	450	312	11	2	444	4	445	2.49e-41	151
KDHFCO_02145	AAKGEC_08425	90.7	129	12	0	1	129	1	129	2.65e-79	226
KDHFCO_02145	AANGNE_01345	56.6	129	56	0	1	129	1	129	1.16e-50	154
KDHFCO_02150	AAKGEC_08430	96.8	94	3	0	1	94	1	94	2.29e-59	173
KDHFCO_02155	AAKGEC_08435	99.1	542	5	0	1	542	1	542	0.0	990
KDHFCO_02160	ENIHOO_02120	96.7	270	9	0	1	270	28	297	1.92e-193	528
KDHFCO_02165	AAKGEC_08445	93.7	475	30	0	1	475	1	475	2.37e-315	852
KDHFCO_02165	AANGNE_01370	52.3	476	215	4	3	472	3	472	1.67e-161	462
KDHFCO_02170	CNLKLD_02960	77.2	232	50	2	2	231	4	234	6.12e-127	355
KDHFCO_02170	CNLKLD_03860	42.8	229	124	3	2	228	4	227	3.70e-59	183
KDHFCO_02170	BGHOFK_04845	42.7	232	121	4	2	230	3	225	1.88e-55	174
KDHFCO_02170	AGINCK_01445	38.6	228	125	4	2	228	3	216	3.56e-54	170
KDHFCO_02170	ACDDAG_10670	40.3	226	129	3	3	226	4	225	1.90e-50	161
KDHFCO_02170	CJHCCN_01640	36.8	234	139	3	1	230	13	241	1.10e-47	154
KDHFCO_02170	BLCAGE_07870	38.0	216	130	2	4	218	5	217	4.29e-47	152
KDHFCO_02175	EIIOFH_10725	95.7	211	9	0	1	211	33	243	1.28e-140	389
KDHFCO_02180	AAKGEC_08460	94.4	286	16	0	1	286	1	286	4.24e-194	530
KDHFCO_02180	AANGNE_01385	62.2	286	108	0	1	286	1	286	4.25e-127	360
KDHFCO_02185	AAKGEC_08465	90.0	260	26	0	1	260	1	260	1.39e-170	468
KDHFCO_02185	AANGNE_01390	60.3	257	102	0	1	257	1	257	2.68e-114	325
KDHFCO_02190	AAKGEC_08470	99.1	108	1	0	1	108	1	108	5.21e-76	216
KDHFCO_02195	AAKGEC_08475	93.1	291	20	0	1	291	1	291	1.31e-195	534
KDHFCO_02210	AANGNE_09825	36.7	240	146	3	1	240	1	234	1.26e-46	152
KDHFCO_02220	AAKGEC_08485	97.4	310	8	0	1	310	1	310	1.58e-217	591
KDHFCO_02225	EJHBKF_02395	91.2	318	28	0	1	318	14	331	1.72e-203	556
KDHFCO_02230	AAKGEC_08495	86.3	329	45	0	1	329	1	329	1.95e-200	549
KDHFCO_02230	AANGNE_01435	58.8	320	120	1	9	328	10	317	1.34e-127	364
KDHFCO_02235	ABCLFC_02380	99.4	349	2	0	1	349	1	349	6.45e-248	671
KDHFCO_02235	AANGNE_01440	59.8	346	133	3	6	348	3	345	8.26e-142	402
KDHFCO_02240	AANGNE_01445	77.2	206	43	2	1	206	1	202	1.38e-115	324
KDHFCO_02245	DDDLLA_03355	78.2	794	159	3	2	781	4	797	0.0	1228
KDHFCO_02250	ABCLFC_02395	96.8	219	7	0	1	219	1	219	9.69e-153	419
KDHFCO_02255	ABCLFC_02400	98.1	312	6	0	1	312	1	312	3.78e-226	613
KDHFCO_02260	AAKGEC_08515	94.4	446	25	0	1	446	1	446	1.29e-303	820
KDHFCO_02260	IAFHMK_08920	38.4	331	202	2	1	331	1	329	6.70e-72	233
KDHFCO_02265	AAKGEC_08520	77.0	178	41	0	1	178	17	194	5.09e-95	271
KDHFCO_02270	DNKGCI_02325	87.6	241	30	0	3	243	2	242	2.70e-152	421
KDHFCO_02270	AAKGEC_07675	44.6	242	133	1	3	243	4	245	3.44e-76	228
KDHFCO_02270	AANGNE_02385	44.0	241	133	1	3	241	2	242	9.81e-71	214
KDHFCO_02275	DDDLLA_08905	90.7	107	10	0	1	107	1	107	8.58e-64	186
KDHFCO_02280	AAKGEC_08535	97.4	116	3	0	1	116	1	116	1.14e-76	219
KDHFCO_02285	DANMKC_02965	91.5	258	6	1	1	242	1	258	6.43e-164	450
KDHFCO_02290	NGIILC_02175	96.9	449	10	1	1	445	1	449	1.14e-318	858
KDHFCO_02290	AANGNE_01470	61.9	436	166	0	1	436	1	436	1.42e-202	564
KDHFCO_02290	HNNKEJ_05840	45.8	463	224	4	1	438	1	461	3.10e-140	407
KDHFCO_02290	AANGNE_03570	33.0	440	275	8	8	436	7	437	3.50e-75	239
KDHFCO_02290	DDKKPM_03600	30.5	452	282	12	4	445	7	436	1.14e-60	201
KDHFCO_02290	CGMKCF_11750	31.0	406	236	11	69	438	96	493	2.63e-49	172
KDHFCO_02290	FMNMPI_06710	27.9	437	269	14	24	436	50	464	4.54e-48	168
KDHFCO_02295	CDIIGJ_10515	77.9	503	86	3	1	478	1	503	6.22e-299	812
KDHFCO_02295	AANGNE_08355	53.0	485	213	6	1	478	1	477	6.81e-179	507
KDHFCO_02295	DDDLLA_10775	51.6	488	211	5	1	478	1	473	6.16e-176	499
KDHFCO_02295	DAEIAJ_08645	53.6	487	204	9	1	478	1	474	3.79e-174	494
KDHFCO_02295	ACDDAG_07275	49.3	485	217	11	5	478	12	478	1.22e-163	468
KDHFCO_02295	BGHOFK_02325	37.3	496	267	11	2	478	8	478	2.06e-101	309
KDHFCO_02295	AANGNE_04725	27.6	493	304	17	5	478	7	465	1.58e-48	170
KDHFCO_02300	AAKGEC_08555	87.1	93	12	0	1	93	1	93	1.02e-57	169
KDHFCO_02310	AAKGEC_00655	89.8	686	38	2	1	686	1	654	0.0	1167
KDHFCO_02315	IAFHMK_01730	80.7	336	63	1	1	336	1	334	1.29e-196	540
KDHFCO_02315	DBFGIH_01950	72.6	339	88	1	1	339	1	334	1.85e-182	504
KDHFCO_02320	AAKGEC_00645	97.6	378	9	0	1	378	1	378	1.20e-269	728
KDHFCO_02320	BGHOFK_03950	38.8	299	164	3	2	300	37	316	5.29e-63	205
KDHFCO_02320	BNBIEO_02790	37.7	247	138	4	3	245	2	236	4.63e-46	156
KDHFCO_02320	AAKGEC_07545	36.0	253	148	3	16	264	12	254	8.61e-45	153
KDHFCO_02325	ABNNBP_03185	99.9	1223	1	0	1	1223	1	1223	0.0	2417
KDHFCO_02330	AAKGEC_00635	94.5	292	16	0	1	292	1	292	4.34e-190	520
KDHFCO_02335	HAGFLF_02785	98.9	95	1	0	1	95	1	95	2.01e-60	184
KDHFCO_02340	HAGFLF_02785	87.4	215	27	0	1	215	103	317	2.61e-128	362
KDHFCO_02340	AOEAIB_01860	54.5	213	97	0	2	214	104	316	2.64e-75	227
KDHFCO_02345	DDDLLA_02215	86.3	452	62	0	1	452	1	452	6.39e-280	761
KDHFCO_02350	AAKGEC_00620	91.6	238	20	0	1	238	1	238	6.69e-158	434
KDHFCO_02350	CJHCCN_01520	62.4	237	89	0	1	237	24	260	2.94e-99	286
KDHFCO_02355	BCFLNJ_00455	94.4	161	2	1	1	161	1	154	1.64e-105	295
KDHFCO_02355	AANGNE_05915	60.2	161	64	0	1	161	1	161	2.65e-69	204
KDHFCO_02360	BGHOFK_04665	84.0	524	71	5	1	520	1	515	4.91e-299	815
KDHFCO_02360	DBFGIH_07715	64.8	523	171	6	1	519	1	514	1.81e-223	623
KDHFCO_02360	AANGNE_08360	32.1	514	280	14	1	502	1	457	9.38e-55	191
KDHFCO_02360	AJKPDP_02710	30.1	518	287	18	11	512	19	477	1.45e-47	171
KDHFCO_02360	AAKGEC_03590	28.4	450	276	13	3	440	2	417	2.96e-41	154
KDHFCO_02365	ABCBPP_02800	88.9	769	85	0	1	769	1	769	0.0	1395
KDHFCO_02365	AANGNE_02530	27.3	794	483	34	6	763	13	748	5.62e-65	227
KDHFCO_02365	ELEKDE_01320	26.5	788	488	32	6	759	13	743	1.00e-60	215
KDHFCO_02370	GGBAMG_03330	100	221	0	0	1	221	1	221	2.35e-155	426
KDHFCO_02370	AANGNE_02535	71.6	218	60	1	1	216	1	218	2.54e-103	295
KDHFCO_02375	ABCBPP_02810	91.0	255	23	0	1	255	14	268	2.61e-187	510
KDHFCO_02380	AAKGEC_00590	83.7	233	35	2	1	232	1	231	5.25e-56	175
KDHFCO_02385	CDIIGJ_10595	89.3	149	15	1	1	148	1	149	5.64e-95	268
KDHFCO_02385	CJHCCN_09475	70.5	149	43	1	1	148	6	154	3.80e-71	207
KDHFCO_02390	AKPIPJ_05440	83.1	172	29	0	1	172	1	172	1.79e-107	301
KDHFCO_02390	KJJMGA_01665	63.7	171	62	0	1	171	1	171	5.02e-76	222
KDHFCO_02395	CDIIGJ_10600	81.6	386	70	1	10	395	1	385	1.61e-221	613
KDHFCO_02395	DBFGIH_06595	65.0	386	127	4	10	393	1	380	5.67e-168	477
KDHFCO_02395	AAKGEC_07325	55.1	383	139	5	39	393	46	423	1.23e-131	384
KDHFCO_02405	AAKGEC_00565	94.7	247	13	0	1	247	1	247	5.13e-174	476
KDHFCO_02405	CJHCCN_09445	73.3	247	65	1	1	247	24	269	9.68e-128	360
KDHFCO_02410	AJGINB_04670	83.5	261	43	0	1	261	1	261	5.64e-156	432
KDHFCO_02415	AAKGEC_00555	94.5	163	9	0	1	163	1	163	3.89e-111	310
KDHFCO_02420	DFCDFN_00315	82.1	179	32	0	1	179	1	179	1.08e-103	292
KDHFCO_02425	BGHOFK_08630	85.6	376	54	0	1	376	1	376	1.71e-240	655
KDHFCO_02430	CPNLII_02110	88.4	533	62	0	1	533	52	584	0.0	954
KDHFCO_02475	GHCKID_06985	89.1	304	33	0	1	304	1	304	1.08e-193	530
KDHFCO_02475	AANGNE_02105	53.6	306	139	2	1	304	1	305	1.44e-112	325
KDHFCO_02475	BGHOFK_03765	35.5	310	190	5	2	301	6	315	1.02e-53	175
KDHFCO_02475	AANGNE_00875	30.9	307	202	3	2	300	6	310	6.61e-53	172
KDHFCO_02475	AANGNE_06610	32.8	305	193	4	2	297	6	307	1.15e-48	162
KDHFCO_02480	DDDLLA_02285	86.2	247	33	1	5	250	3	249	1.14e-151	422
KDHFCO_02490	PHBBGM_10320	81.4	156	26	1	1	153	1	156	4.43e-89	254
KDHFCO_02490	AANGNE_08275	69.3	153	47	0	1	153	1	153	1.93e-73	214
KDHFCO_02495	AAKGEC_00515	90.2	184	18	0	1	184	1	184	8.75e-116	323
KDHFCO_02495	AANGNE_08280	65.8	184	63	0	1	184	1	184	5.38e-87	250
KDHFCO_02500	NAECHE_07625	96.8	218	6	1	1	217	1	218	1.53e-146	404
KDHFCO_02500	KFHBHO_01280	55.9	211	92	1	3	213	1	210	1.21e-76	228
KDHFCO_02515	AAKGEC_00505	92.8	1070	67	1	1	1070	1	1060	0.0	1944
KDHFCO_02515	AANGNE_01640	66.3	1070	329	3	1	1070	1	1038	0.0	1382
KDHFCO_02535	ELEKDE_01320	27.5	752	475	21	12	737	13	720	6.76e-79	266
KDHFCO_02535	AANGNE_02530	26.4	746	486	20	12	734	13	718	4.36e-77	261
KDHFCO_02535	ABCBPP_02800	23.3	776	515	26	13	746	9	746	6.25e-48	178
KDHFCO_02545	DNKIME_02630	84.6	298	46	0	3	300	7	304	2.19e-178	491
KDHFCO_02550	MHGLEN_02250	98.2	281	1	1	1	281	1	277	3.39e-192	524
KDHFCO_02550	ABCLFC_04630	36.2	276	161	5	16	281	16	286	1.47e-46	154
KDHFCO_02555	BPDDPD_05540	98.2	217	4	0	1	217	1	217	8.22e-149	409
KDHFCO_02555	AANGNE_01645	70.2	215	64	0	3	217	2	216	1.71e-106	302
KDHFCO_02560	CGMKCF_06805	96.8	278	9	0	1	278	11	288	7.13e-189	516
KDHFCO_02565	AAKGEC_00490	89.6	279	29	0	1	279	1	279	7.43e-180	493
KDHFCO_02565	BLCAGE_01750	55.5	274	115	3	6	279	16	282	5.89e-100	291
KDHFCO_02570	AAKGEC_00485	81.3	406	73	1	1	406	1	403	3.55e-234	641
KDHFCO_02575	AAKGEC_00480	86.2	218	30	0	1	218	1	218	5.12e-127	354
KDHFCO_02575	BNBIEO_05555	56.5	191	81	2	29	218	4	193	1.93e-69	207
KDHFCO_02580	BCGFPE_10410	100	91	0	0	1	91	7	97	1.83e-58	171
KDHFCO_02585	EHLNLG_12860	76.4	165	39	0	1	165	5	169	1.11e-96	273
KDHFCO_02590	AAKGEC_00465	78.1	169	37	0	1	169	1	169	7.86e-98	276
KDHFCO_02595	AAKGEC_00460	74.4	180	46	0	1	180	1	180	1.10e-102	290
KDHFCO_02605	CEHNAA_02655	99.6	269	1	0	1	269	1	269	1.08e-186	509
KDHFCO_02610	AAKGEC_00450	84.6	241	37	0	1	241	1	241	1.39e-140	390
KDHFCO_02615	AAKGEC_00445	72.8	136	37	0	1	136	26	161	4.01e-69	202
KDHFCO_02620	AAKGEC_00440	62.1	124	47	0	1	124	1	124	9.21e-53	159
KDHFCO_02625	AAKGEC_00435	93.4	381	25	0	1	381	1	381	6.77e-257	696
KDHFCO_02625	BGHOFK_07175	34.2	354	215	6	22	365	3	348	8.97e-60	194
KDHFCO_02630	JAIDNN_03395	99.7	292	1	0	1	292	1	292	6.83e-177	487
KDHFCO_02635	DBDHAK_11915	95.6	549	24	0	1	549	13	561	0.0	1019
KDHFCO_02635	GCFKAO_09000	48.2	537	266	5	18	547	22	553	6.57e-170	489
KDHFCO_02635	BGHOFK_04425	44.4	545	300	3	1	545	7	548	3.77e-152	444
KDHFCO_02635	AANGNE_01115	44.6	560	296	6	1	549	1	557	3.32e-149	437
KDHFCO_02640	MCFIIO_08320	94.2	310	17	1	1	310	1	309	2.03e-206	563
KDHFCO_02640	CDIIGJ_03410	69.0	306	94	1	1	306	1	305	4.64e-144	405
KDHFCO_02645	MKCKPI_03550	73.3	367	92	1	1	361	1	367	7.34e-157	442
KDHFCO_02645	KAAGFE_00985	49.5	372	124	6	1	361	1	319	1.40e-100	297
KDHFCO_02650	ABCBPP_03010	76.2	210	50	0	1	210	1	210	2.11e-122	342
KDHFCO_02650	JFBCPF_02090	56.5	209	88	2	1	208	1	207	7.56e-81	238
KDHFCO_02655	ABJDJH_08590	90.7	696	61	1	1	692	1	696	0.0	1226
KDHFCO_02655	AANGNE_01690	61.2	678	228	9	30	675	15	689	5.47e-277	773
KDHFCO_02655	AOEAIB_02700	28.4	649	397	19	27	654	67	668	3.25e-58	207
KDHFCO_02660	AAKGEC_00400	88.7	213	24	0	1	213	1	213	1.08e-137	381
KDHFCO_02660	AANGNE_01695	71.6	215	58	1	1	212	1	215	6.04e-108	306
KDHFCO_02665	AAKGEC_00395	89.7	174	18	0	1	174	1	174	8.65e-118	327
KDHFCO_02665	AANGNE_01700	65.9	173	59	0	1	173	1	173	3.81e-87	250
KDHFCO_02670	EHLNLG_12940	98.5	133	2	0	1	133	14	146	2.56e-93	263
KDHFCO_02675	AAKGEC_00385	92.5	93	7	0	1	93	1	93	4.14e-57	167
KDHFCO_02680	DPKBOM_07170	89.1	256	28	0	3	258	3	258	1.75e-171	470
KDHFCO_02680	AANGNE_01715	52.8	252	118	1	3	253	3	254	6.39e-92	269
KDHFCO_02685	CNLKLD_04550	82.0	422	75	1	1	422	1	421	2.98e-245	671
KDHFCO_02685	AIPJBK_01780	41.8	423	242	3	1	421	1	421	7.00e-112	332
KDHFCO_02695	AAKGEC_00365	97.7	427	10	0	1	427	1	427	1.11e-253	692
KDHFCO_02790	MKCKPI_03695	90.0	637	64	0	1	637	29	665	0.0	1117
KDHFCO_02790	EIKFFD_03540	66.6	640	198	5	1	637	1	627	9.66e-300	826
KDHFCO_02795	IAFHMK_02555	83.7	449	71	1	1	447	1	449	1.16e-254	696
KDHFCO_02800	AAKGEC_06505	82.6	247	43	0	1	247	1	247	2.08e-138	385
KDHFCO_02800	BNBIEO_08270	37.7	252	150	3	1	246	1	251	6.03e-48	156
KDHFCO_02805	CJHCCN_10300	86.9	452	59	0	1	452	1	452	2.72e-282	767
KDHFCO_02825	ABCLFC_03065	99.1	114	1	0	1	114	1	114	3.17e-82	233
KDHFCO_02830	HNNKEJ_00210	88.0	752	86	2	1	748	1	752	0.0	1256
KDHFCO_02830	BGHOFK_00325	45.9	699	298	10	107	728	163	858	9.12e-190	559
KDHFCO_02830	BIHALF_08510	47.0	613	314	5	107	708	177	789	1.74e-188	554
KDHFCO_02830	BLCAGE_01905	46.8	613	315	5	107	708	177	789	7.76e-187	550
KDHFCO_02835	AAKGEC_06525	96.8	156	5	0	1	156	1	156	5.83e-105	293
KDHFCO_02840	EJEPOM_11610	99.7	337	1	0	1	337	31	367	9.72e-242	655
KDHFCO_02845	AAKGEC_06535	99.5	211	1	0	1	211	1	211	2.71e-155	425
KDHFCO_02850	AKPIPJ_03000	88.7	150	17	0	1	150	1	150	2.23e-99	279
KDHFCO_02850	AANGNE_07955	57.5	146	57	3	1	144	15	157	7.55e-53	162
KDHFCO_02855	AAKGEC_06545	98.4	692	11	0	1	692	1	692	0.0	1319
KDHFCO_02860	CDIIGJ_04330	82.7	272	44	3	4	273	2	272	9.31e-150	416
KDHFCO_02865	AJANDE_13115	84.7	373	55	1	1	371	1	373	2.87e-229	626
KDHFCO_02870	AANGNE_07930	96.6	146	5	0	4	149	5	150	6.34e-100	280
KDHFCO_02875	LEOBIF_11090	98.8	245	3	0	1	245	1	245	8.37e-168	460
KDHFCO_02880	AAKGEC_03060	97.2	320	9	0	1	320	1	320	5.07e-219	595
KDHFCO_02880	DBFGIH_09700	75.1	321	75	3	1	320	23	339	2.02e-165	461
KDHFCO_02885	DNKGCI_02990	86.8	250	33	0	1	250	1	250	2.42e-161	445
KDHFCO_02890	AAKGEC_03070	69.9	196	59	0	1	196	1	196	6.37e-87	251
KDHFCO_02895	AAKGEC_03075	97.8	178	4	0	1	178	1	178	1.48e-120	335
KDHFCO_02900	AAKGEC_03080	79.2	231	48	0	1	231	1	231	2.24e-125	351
KDHFCO_02900	AANGNE_07880	61.4	228	87	1	1	227	1	228	4.76e-92	267
KDHFCO_02910	LIMBNG_08850	96.1	775	30	0	1	775	1	775	0.0	1363
KDHFCO_02910	DBFGIH_00895	40.5	739	420	7	5	734	8	735	5.91e-163	488
KDHFCO_02910	MDKGKD_05780	36.2	671	404	8	5	667	10	664	1.36e-131	408
KDHFCO_02910	JAPIMJ_06920	28.1	683	405	17	40	645	54	727	1.84e-65	231
KDHFCO_02910	EOHHJN_09855	28.9	650	400	17	61	653	83	727	7.59e-60	214
KDHFCO_02910	BGHOFK_00755	25.7	720	452	19	3	647	19	730	6.82e-57	206
KDHFCO_02910	AANGNE_04040	26.6	729	449	22	2	652	18	738	2.30e-56	204
KDHFCO_02910	BGHOFK_01130	26.3	624	384	22	35	590	72	687	1.53e-43	166
KDHFCO_02910	GKAHPE_00190	23.2	691	454	14	2	631	30	704	1.01e-42	163
KDHFCO_02910	FHIFIE_03450	28.0	553	328	16	161	650	198	743	6.30e-42	161
KDHFCO_02920	AHPAPB_10090	99.6	279	1	0	1	279	22	300	2.69e-203	553
KDHFCO_02920	OBFACL_08170	37.7	265	162	2	10	271	7	271	3.27e-51	167
KDHFCO_02925	KABOBF_01505	88.3	94	3	1	1	86	1	94	1.16e-50	151
KDHFCO_02930	AAKGEC_03105	71.9	196	55	0	1	196	1	196	5.56e-91	261
KDHFCO_02935	PHBBGM_06370	83.3	120	20	0	1	120	1	120	7.36e-72	207
KDHFCO_02940	AAKGEC_03140	81.9	94	17	0	1	94	1	94	4.62e-50	150
KDHFCO_02945	BAFDFF_09595	99.5	391	2	0	1	391	1	391	8.27e-287	773
KDHFCO_02955	HKGGDN_02860	84.5	187	29	0	1	187	17	203	2.16e-120	336
KDHFCO_02960	EJHBKF_03110	96.6	146	5	0	1	146	1	146	9.86e-102	285
KDHFCO_02965	AAKGEC_03190	98.9	357	4	0	1	357	1	357	2.95e-248	672
KDHFCO_02965	DDDLLA_00375	35.4	350	203	10	3	344	64	398	1.09e-47	163
KDHFCO_02970	AAKGEC_03195	81.1	175	33	0	1	175	1	175	7.75e-101	285
KDHFCO_02975	BPDDPD_10825	79.7	251	51	0	1	251	1	251	1.59e-145	404
KDHFCO_02980	ABCLFC_10410	99.3	270	2	0	1	270	1	270	3.01e-193	526
KDHFCO_02980	AGDPFD_09395	66.2	269	91	0	1	269	4	272	8.15e-127	358
KDHFCO_02985	AAKGEC_03210	92.9	154	11	0	1	154	1	154	1.14e-101	285
KDHFCO_02990	AAKGEC_03215	91.5	306	26	0	1	306	1	306	5.53e-200	546
KDHFCO_02990	AANGNE_07665	71.3	195	56	0	111	305	5	199	7.51e-98	283
KDHFCO_02995	AANGNE_07660	78.2	408	88	1	8	415	6	412	2.98e-226	622
KDHFCO_03000	AAKGEC_03225	93.0	200	14	0	1	200	1	200	4.29e-133	368
KDHFCO_03000	AANGNE_07655	64.1	198	71	0	3	200	6	203	1.48e-90	261
KDHFCO_03005	AAKGEC_03230	85.6	362	52	0	1	362	1	362	2.88e-227	620
KDHFCO_03010	AAKGEC_03235	91.9	397	32	0	1	397	1	397	4.02e-269	729
KDHFCO_03015	KABOBF_14650	98.1	213	4	0	1	213	1	213	2.60e-145	401
KDHFCO_03020	AGKELP_08790	88.5	96	11	0	1	96	1	96	1.31e-58	172
KDHFCO_03025	AAKGEC_03250	89.3	252	27	0	1	252	1	252	1.20e-151	419
KDHFCO_03025	AANGNE_07645	64.6	254	76	4	1	252	1	242	3.96e-101	291
KDHFCO_03045	ABCLFC_10345	97.2	108	3	0	1	108	1	108	6.09e-75	214
KDHFCO_03050	DFCDFN_00725	89.1	147	16	0	1	147	1	147	1.06e-96	272
KDHFCO_03055	AAKGEC_03260	93.5	367	24	0	1	367	132	498	8.10e-217	599
KDHFCO_03060	AAKGEC_03260	97.1	103	0	1	1	100	1	103	3.13e-61	191
KDHFCO_03065	ABCLFC_10330	99.0	209	2	0	1	209	1	209	3.27e-146	402
KDHFCO_03070	AAKGEC_03270	98.9	284	3	0	1	284	1	284	2.74e-214	580
KDHFCO_03075	AAKGEC_03275	98.0	301	6	0	1	301	1	301	2.65e-200	546
KDHFCO_03075	AANGNE_07630	61.0	300	114	2	5	301	1	300	3.53e-116	333
KDHFCO_03080	ABCBPP_03465	91.9	148	12	0	1	148	1	148	2.61e-95	268
KDHFCO_03085	ABCLFC_10300	100	310	0	0	1	310	1	310	4.05e-220	597
KDHFCO_03090	AIPJBK_00310	95.8	261	11	0	1	261	1	261	6.75e-189	514
KDHFCO_03090	AANGNE_07610	73.6	258	68	0	3	260	2	259	6.17e-147	408
KDHFCO_03095	AAKGEC_03305	97.8	138	3	0	2	139	2	139	7.03e-66	193
KDHFCO_03100	AAKGEC_03310	93.5	186	12	0	1	186	1	186	5.23e-79	230
KDHFCO_03105	DFCDFN_00775	87.7	471	57	1	3	472	4	474	9.00e-304	823
KDHFCO_03105	DDKKPM_04605	36.1	319	182	10	6	322	49	347	1.99e-51	174
KDHFCO_03110	HNNKEJ_00495	84.3	249	39	0	5	253	5	253	3.59e-147	423
KDHFCO_03110	BGHOFK_06730	72.3	253	69	1	1	253	1	252	4.20e-127	372
KDHFCO_03115	BGHOFK_06730	73.6	371	97	1	1	371	297	666	6.85e-187	530
KDHFCO_03115	HNNKEJ_00495	74.2	345	88	1	20	364	318	661	1.26e-178	509
KDHFCO_03120	BGHOFK_06730	90.6	670	59	2	5	671	3	671	0.0	1177
KDHFCO_03120	HNNKEJ_00495	72.2	658	177	3	7	659	5	661	0.0	933
KDHFCO_03130	BEGLKA_09505	100	221	0	0	1	221	1	221	1.57e-146	404
KDHFCO_03130	BNBIEO_04260	70.8	219	61	1	1	219	1	216	1.45e-106	303
KDHFCO_03130	EKJHIG_08755	64.3	210	75	0	1	210	1	210	2.42e-93	270
KDHFCO_03135	CDIIGJ_04030	73.0	293	79	0	1	293	1	293	1.14e-149	418
KDHFCO_03135	DBFGIH_10345	69.0	294	87	2	1	294	23	312	9.05e-141	396
KDHFCO_03140	AAKGEC_03345	91.0	222	20	0	1	222	1	222	6.48e-148	407
KDHFCO_03140	AANGNE_07530	58.1	222	93	0	1	222	1	222	3.13e-95	274
KDHFCO_03145	LBKFJK_00195	88.3	300	35	0	1	300	1	300	3.79e-177	488
KDHFCO_03155	AANGNE_04325	36.1	327	202	3	10	330	42	367	1.29e-62	201
KDHFCO_03180	AGINCK_11245	72.3	307	85	0	5	311	2	308	9.68e-165	458
KDHFCO_03180	BGHOFK_05730	65.7	309	104	1	3	311	1	307	2.25e-148	416
KDHFCO_03195	AANGNE_05765	76.3	114	27	0	1	114	1	114	8.67e-60	176
KDHFCO_03205	CNLKLD_05555	75.9	307	73	1	1	306	1	307	1.05e-170	472
KDHFCO_03210	AAKGEC_03375	84.5	233	36	0	1	233	1	233	6.93e-137	380
KDHFCO_03210	DBFGIH_04045	58.0	231	74	3	3	233	18	225	5.66e-80	236
KDHFCO_03215	HNNKEJ_00555	77.2	742	165	1	1	742	1	738	0.0	1139
KDHFCO_03215	AANGNE_01770	71.7	741	207	1	1	741	1	738	0.0	1063
KDHFCO_03220	ABCBPP_03570	98.8	170	2	0	1	170	16	185	8.26e-122	338
KDHFCO_03225	BAFONJ_05365	73.0	174	45	1	1	174	1	172	2.59e-80	234
KDHFCO_03230	IBNKIA_05190	80.1	559	96	2	1	544	1	559	5.54e-287	787
KDHFCO_03230	AMCIGH_03435	69.2	354	106	2	191	544	220	570	9.80e-168	484
KDHFCO_03235	AANGNE_01790	81.3	155	29	0	1	155	2	156	7.96e-85	243
KDHFCO_03240	JBKKJP_04825	97.4	190	0	1	1	185	1	190	1.39e-125	348
KDHFCO_03250	BEHEAJ_00625	99.5	207	1	0	1	207	129	335	2.88e-155	430
KDHFCO_03255	CBFHCM_03370	87.5	96	8	1	1	96	1	92	4.92e-52	155
KDHFCO_03260	OBFACL_08170	99.6	272	1	0	1	272	1	272	9.05e-198	540
KDHFCO_03260	AHPAPB_10090	38.1	270	164	2	7	276	31	297	1.95e-53	172
KDHFCO_03265	AAKGEC_03405	99.3	151	1	0	1	151	1	151	1.90e-103	289
KDHFCO_03270	BIHALF_08510	84.3	816	128	0	1	816	2	817	0.0	1317
KDHFCO_03270	BLCAGE_01905	70.7	815	239	0	1	815	2	816	0.0	1102
KDHFCO_03270	BGHOFK_00325	39.8	879	429	12	7	810	5	858	1.19e-191	566
KDHFCO_03270	HNNKEJ_00210	46.0	609	314	7	182	788	117	712	2.60e-183	541
KDHFCO_03275	AAKGEC_03415	97.3	185	5	0	1	185	1	185	8.89e-130	358
KDHFCO_03280	DBMAKJ_12120	100	432	0	0	1	432	1	432	1.79e-312	842
KDHFCO_03280	KEMHDF_01420	55.0	416	179	6	4	418	5	413	5.91e-148	424
KDHFCO_03285	PPHDMO_13275	96.5	310	11	0	1	310	17	326	4.38e-217	590
KDHFCO_03295	BLCAGE_08900	98.3	234	4	0	1	234	40	273	2.49e-170	467
KDHFCO_03305	AHPAPB_10090	98.9	279	3	0	1	279	22	300	3.01e-200	545
KDHFCO_03305	OBFACL_08170	37.7	265	162	2	10	271	7	271	3.59e-50	164
KDHFCO_03310	KABOBF_01505	89.4	94	2	1	1	86	1	94	4.04e-51	152
KDHFCO_03320	ABCLFC_10095	99.6	223	1	0	1	223	1	223	2.64e-155	426
KDHFCO_03320	AANGNE_07810	72.2	223	62	0	1	223	1	223	1.39e-111	316
KDHFCO_03320	CDIIGJ_08275	59.5	222	87	2	1	222	1	219	3.58e-85	249
KDHFCO_03320	CEPOIM_07510	40.4	218	127	2	3	218	2	218	8.69e-46	157
KDHFCO_03320	AANGNE_07255	40.6	217	126	2	4	218	3	218	2.15e-44	154
KDHFCO_03325	AAKGEC_03430	83.8	357	58	0	1	357	1	357	2.84e-200	551
KDHFCO_03325	AANGNE_07815	61.9	357	136	0	1	357	1	357	1.29e-139	397
KDHFCO_03325	AGINCK_06570	39.2	360	211	5	1	356	2	357	2.39e-73	228
KDHFCO_03330	NNPKJK_12180	83.5	188	31	0	1	188	1	188	2.17e-117	328
KDHFCO_03330	AANGNE_07820	51.7	180	87	0	1	180	1	180	3.61e-68	203
KDHFCO_03335	ACDDAG_08060	74.9	505	127	0	1	505	1	505	1.77e-285	781
KDHFCO_03340	JBKKJP_10030	99.0	303	3	0	3	305	10	312	2.40e-218	593
KDHFCO_03345	DDDLLA_02410	92.1	788	61	1	1	787	1	788	0.0	1480
KDHFCO_03350	EKJHIG_03305	76.7	215	50	0	4	218	2	216	2.21e-109	310
KDHFCO_03350	BNBIEO_05405	55.3	219	80	1	1	219	1	201	3.92e-69	207
KDHFCO_03355	HNNKEJ_00615	91.0	378	31	1	1	375	31	408	1.53e-235	643
KDHFCO_03355	ABCLFC_00780	41.1	358	210	1	2	358	28	385	3.20e-90	274
KDHFCO_03365	AAKGEC_03470	96.7	420	14	0	1	420	1	420	1.43e-280	759
KDHFCO_03365	AANGNE_01825	65.8	412	132	2	3	414	5	407	5.78e-186	520
KDHFCO_03365	AAKGEC_07330	62.9	404	141	2	3	406	5	399	9.02e-181	506
KDHFCO_03370	AANGNE_01830	82.0	1136	204	0	1	1136	1	1136	0.0	1890
KDHFCO_03370	LPAKHB_10030	44.6	451	237	7	3	447	4	447	4.66e-123	383
KDHFCO_03375	AAKGEC_03480	91.2	441	39	0	1	441	1	441	3.33e-292	791
KDHFCO_03380	CEHFAN_01790	85.6	850	117	3	1	848	1	847	0.0	1444
KDHFCO_03385	PEPBIK_10005	92.7	410	30	0	1	410	1	410	1.20e-277	752
KDHFCO_03390	AAKGEC_03495	99.5	199	1	0	1	199	1	199	6.40e-139	383
KDHFCO_03395	GIPIII_04990	82.4	176	31	0	1	176	14	189	1.00e-104	295
KDHFCO_03400	AAKGEC_03505	100	132	0	0	1	132	1	132	1.53e-93	263
KDHFCO_03410	ABCBPP_03810	87.3	387	49	0	1	387	18	404	7.77e-238	649
KDHFCO_03410	BNBIEO_00315	51.6	384	181	2	3	386	2	380	3.98e-127	368
KDHFCO_03415	AKPIPJ_02055	85.7	918	131	0	1	918	17	934	0.0	1514
KDHFCO_03415	AANGNE_04380	69.8	918	277	0	1	918	1	918	0.0	1229
KDHFCO_03415	BGHOFK_00755	37.4	888	500	17	1	881	1	839	5.19e-165	501
KDHFCO_03415	JAPIMJ_06920	35.0	919	553	11	1	918	2	877	1.21e-159	487
KDHFCO_03415	AANGNE_04040	37.5	889	493	17	1	877	1	838	1.73e-158	484
KDHFCO_03415	FHIFIE_03450	34.8	934	544	15	1	914	1	889	6.42e-154	473
KDHFCO_03415	EOHHJN_09855	36.7	881	476	18	15	876	15	832	1.44e-151	466
KDHFCO_03415	BGHOFK_01130	28.3	721	454	18	7	716	31	699	3.75e-77	267
KDHFCO_03415	GKAHPE_00190	25.4	765	488	17	22	775	33	725	4.81e-64	229
KDHFCO_03415	DBFGIH_00895	27.7	697	377	26	82	767	60	640	1.85e-43	166
KDHFCO_03420	EHLNLG_04495	90.5	147	14	0	1	147	25	171	1.52e-91	267
KDHFCO_03425	EHLNLG_04495	75.9	174	42	0	1	174	191	364	4.30e-96	280
KDHFCO_03430	AAKGEC_03530	85.2	406	58	1	1	404	1	406	4.18e-247	674
KDHFCO_03430	AANGNE_04520	31.2	420	247	11	14	402	30	438	2.86e-49	169
KDHFCO_03430	KIDCCO_05445	30.5	423	254	12	3	402	15	420	8.32e-49	168
KDHFCO_03445	AHPAPB_10090	99.3	279	2	0	1	279	22	300	1.56e-202	551
KDHFCO_03445	OBFACL_08170	37.7	265	162	2	10	271	7	271	6.48e-51	166
KDHFCO_03450	KABOBF_01505	89.4	94	2	1	1	86	1	94	4.04e-51	152
KDHFCO_03455	FGPNLL_03425	98.5	263	4	0	1	263	62	324	3.97e-186	510
KDHFCO_03460	JOCPFP_03085	99.1	449	3	1	1	449	1	448	9.92e-307	828
KDHFCO_03470	OBFACL_08170	99.6	272	1	0	1	272	1	272	9.05e-198	540
KDHFCO_03470	AHPAPB_10090	38.1	270	164	2	7	276	31	297	1.95e-53	172
KDHFCO_03480	BLCAGE_08900	91.3	206	18	0	1	206	40	245	3.22e-138	384
KDHFCO_03490	CEPOIM_03315	91.2	297	25	1	1	296	1	297	2.60e-191	523
KDHFCO_03500	ABNNBP_04380	98.3	1058	18	0	1	1058	60	1117	0.0	1959
KDHFCO_03500	ABJDJH_07410	64.6	1022	361	1	37	1058	3	1023	0.0	1295
KDHFCO_03500	IFOGML_00585	32.9	756	398	25	56	779	19	697	1.29e-87	300
KDHFCO_03505	AECHFI_10075	77.2	522	119	0	1	522	18	539	3.84e-298	814
KDHFCO_03505	ABCBPP_03670	40.5	516	276	8	8	507	10	510	5.09e-129	383
KDHFCO_03515	ABCBPP_13830	100	316	0	0	1	316	1	316	3.33e-222	603
KDHFCO_03515	ACDDAG_08405	31.7	300	197	3	13	312	20	311	2.41e-44	150
KDHFCO_03530	BAFDFF_09595	100	151	0	0	1	151	1	151	3.74e-106	305
KDHFCO_03535	BAFDFF_09595	98.8	166	2	0	1	166	226	391	1.08e-114	328
KDHFCO_03540	ABCBPP_12980	99.5	214	1	0	1	214	1	214	2.81e-155	426
KDHFCO_03540	ACDDAG_08815	54.8	197	89	0	1	197	1	197	1.84e-78	231
KDHFCO_03545	ABCBPP_13855	99.7	398	1	0	1	398	1	398	1.30e-290	783
KDHFCO_03545	AAKGEC_05560	32.3	375	235	9	18	385	4	366	2.63e-55	184
KDHFCO_03545	AAOIOD_01845	31.7	378	236	9	17	385	7	371	5.51e-51	172
KDHFCO_03550	CEPOIM_03315	95.6	137	5	1	1	136	1	137	8.57e-87	252
KDHFCO_03555	CEPOIM_03315	97.6	126	3	0	1	126	172	297	4.33e-81	237
KDHFCO_03560	ABCBPP_13865	99.3	413	3	0	1	413	1	413	3.09e-292	788
KDHFCO_03565	BEGLKA_14200	92.4	105	4	1	1	105	32	132	9.16e-63	184
KDHFCO_03570	ABCBPP_13010	77.0	100	23	0	1	100	1	100	6.33e-53	157
KDHFCO_03590	FIJOGA_03665	87.0	230	24	1	1	224	1	230	7.66e-149	411
KDHFCO_03600	AIPJBK_12605	97.6	165	4	0	1	165	10	174	6.72e-115	320
KDHFCO_03610	AHPAPB_10090	99.3	136	1	0	1	136	165	300	8.26e-97	277
KDHFCO_03615	AHPAPB_10090	100	131	0	0	1	131	22	152	1.40e-87	255
KDHFCO_03620	KABOBF_01505	88.3	94	3	1	1	86	1	94	1.16e-50	151
KDHFCO_03635	BNFMAL_03720	96.8	155	4	1	1	155	1	154	6.08e-93	265
KDHFCO_03655	AHPAPB_10090	99.6	279	1	0	1	279	22	300	2.69e-203	553
KDHFCO_03655	OBFACL_08170	37.7	265	162	2	10	271	7	271	3.27e-51	167
KDHFCO_03675	ABCBPP_13010	77.0	100	23	0	1	100	1	100	6.33e-53	157
KDHFCO_03680	ABIMCM_02075	99.8	620	1	0	1	620	1	620	0.0	1160
KDHFCO_03680	CGMKCF_08225	60.6	619	238	3	6	619	1	618	1.58e-256	716
KDHFCO_03680	ABIMCM_08870	34.7	631	361	12	24	618	90	705	1.83e-112	349
KDHFCO_03680	AAOIOD_03725	33.9	563	330	13	76	616	136	678	1.76e-85	278
KDHFCO_03680	AAKGEC_02970	28.8	605	404	9	20	616	7	592	2.81e-74	246
KDHFCO_03680	LDJGMM_06975	33.1	492	305	11	90	565	138	621	3.86e-73	245
KDHFCO_03680	AANGNE_03555	30.2	577	346	15	20	564	96	647	2.22e-71	240
KDHFCO_03680	PFILNK_05065	32.6	484	278	10	92	565	147	592	2.35e-69	234
KDHFCO_03680	EMELHB_12155	35.8	444	246	9	198	620	166	591	1.11e-68	231
KDHFCO_03680	DDDLLA_07615	27.8	482	315	11	104	556	92	569	3.64e-43	161
KDHFCO_03690	ABIMCM_02065	99.5	182	1	0	1	182	1	182	1.43e-129	358
KDHFCO_03695	ABIMCM_02060	99.6	229	1	0	1	229	1	229	1.74e-160	440
KDHFCO_03695	ABCBPP_11185	55.3	217	97	0	13	229	6	222	3.60e-79	234
KDHFCO_03700	ABCLFC_03590	87.6	338	42	0	1	338	12	349	3.25e-213	583
KDHFCO_03700	BGHOFK_04410	47.3	281	147	1	1	280	1	281	7.65e-83	252
KDHFCO_03700	AANGNE_01135	36.4	269	162	5	2	268	4	265	5.00e-50	166
KDHFCO_03700	AAKGEC_11925	37.2	266	153	4	6	264	4	262	6.14e-50	166
KDHFCO_03705	AAKGEC_11925	98.4	319	5	0	1	319	1	319	4.58e-226	613
KDHFCO_03705	AANGNE_01135	51.0	245	116	3	21	262	18	261	3.25e-72	223
KDHFCO_03705	BGHOFK_04410	38.8	268	149	5	3	262	5	265	1.24e-52	173
KDHFCO_03705	ABCLFC_03590	38.6	241	141	3	30	263	36	276	2.25e-48	162
KDHFCO_03710	AAKGEC_11930	96.2	319	12	0	1	319	1	319	2.65e-225	611
KDHFCO_03710	AAKGEC_05925	31.6	320	200	5	1	318	1	303	3.96e-48	160
KDHFCO_03710	AANGNE_01120	29.9	318	206	3	3	319	4	305	5.87e-48	160
KDHFCO_03715	AIKIDN_00590	96.3	297	8	1	1	294	1	297	6.16e-194	530
KDHFCO_03720	DDDLLA_02085	77.3	600	133	2	1	600	1	597	0.0	912
KDHFCO_03725	DKIIMI_12240	95.1	649	10	1	1	627	1	649	0.0	1219
KDHFCO_03745	ABIMCM_10300	89.2	93	10	0	1	93	1	93	3.15e-52	155
KDHFCO_03750	CHCJLL_12305	88.4	112	1	1	1	100	1	112	6.53e-62	181
KDHFCO_03760	ABNNBP_04625	99.1	114	1	0	1	114	1	114	1.77e-79	226
KDHFCO_03765	ABNNBP_04630	99.6	275	1	0	1	275	1	275	1.17e-190	520
KDHFCO_03770	CLAPNJ_12005	86.3	183	24	1	1	183	1	182	4.33e-111	311
KDHFCO_03780	AHPAPB_10090	98.2	279	5	0	1	279	22	300	2.47e-199	543
KDHFCO_03780	OBFACL_08170	37.4	265	163	2	10	271	7	271	1.29e-50	166
KDHFCO_03795	FIJOGA_03665	92.2	230	12	1	1	224	1	230	2.14e-155	427
KDHFCO_03815	KABOBF_01505	89.4	94	2	1	1	86	1	94	4.04e-51	152
KDHFCO_03820	AHPAPB_10090	98.9	279	3	0	1	279	22	300	2.21e-202	551
KDHFCO_03820	OBFACL_08170	37.4	265	163	2	10	271	7	271	9.13e-51	166
KDHFCO_03825	DDDLLA_07905	77.5	422	94	1	1	422	1	421	3.55e-234	642
KDHFCO_03830	FGPNLL_09215	96.6	119	4	0	1	119	7	125	3.24e-81	231
KDHFCO_03835	EKJHIG_08755	91.2	226	20	0	1	226	1	226	3.56e-142	394
KDHFCO_03835	BNBIEO_04260	70.0	220	64	1	1	218	1	220	1.43e-104	298
KDHFCO_03835	BEGLKA_09505	64.3	210	75	0	1	210	1	210	3.85e-94	272
KDHFCO_03840	DKIIMI_08950	96.0	126	5	0	1	126	1	126	6.02e-86	243
KDHFCO_03840	AANGNE_02450	66.7	126	42	0	1	126	1	126	3.39e-58	173
KDHFCO_03845	AAKGEC_12625	97.7	307	7	0	1	307	1	307	6.20e-218	592
KDHFCO_03845	AANGNE_02455	79.5	224	45	1	2	224	4	227	8.89e-124	355
KDHFCO_03845	AANGNE_07355	32.9	295	153	5	8	301	18	268	1.07e-48	160
KDHFCO_03850	AANGNE_02460	76.8	267	61	1	4	270	2	267	2.00e-135	380
KDHFCO_03855	CNLKLD_07830	86.3	329	44	1	1	329	1	328	1.79e-198	544
KDHFCO_03860	AAKGEC_12640	88.4	172	18	2	1	170	1	172	2.19e-82	238
KDHFCO_03865	DFCDFN_04020	77.2	219	50	0	1	219	1	219	7.35e-115	324
KDHFCO_03870	AAKGEC_12650	78.4	467	97	2	1	463	1	467	2.54e-241	664
KDHFCO_03870	AANGNE_02500	54.9	479	175	7	3	463	1	456	2.73e-163	466
KDHFCO_03880	BLCAGE_08900	98.3	234	4	0	1	234	40	273	2.49e-170	467
KDHFCO_03890	ABJDJH_01510	93.2	191	13	0	1	191	27	217	3.76e-124	346
KDHFCO_03890	AEMMAL_02690	62.6	182	68	0	1	182	25	206	1.20e-78	231
KDHFCO_03895	AAKGEC_12750	99.7	288	1	0	1	288	1	288	1.72e-194	531
KDHFCO_03895	AANGNE_02505	66.0	288	94	2	1	288	1	284	2.92e-127	360
KDHFCO_03900	AAKGEC_12755	98.5	460	7	0	1	460	1	460	0.0	867
KDHFCO_03900	AANGNE_02510	62.8	438	159	2	24	460	15	449	9.11e-189	530
KDHFCO_03900	ABCBPP_09140	60.5	441	167	3	24	460	15	452	1.05e-178	504
KDHFCO_03905	ABNNBP_04770	100	409	0	0	1	409	1	409	1.82e-282	763
KDHFCO_03905	EJHBKF_09050	51.0	418	187	9	1	409	1	409	5.64e-125	364
KDHFCO_03905	AANGNE_02515	46.3	410	215	4	1	408	1	407	8.83e-124	361
KDHFCO_03910	LBKFJK_00575	75.3	584	140	1	1	584	1	580	0.0	950
KDHFCO_03910	BNBIEO_04325	68.0	584	187	0	1	584	1	584	6.14e-319	870
KDHFCO_03910	AAKGEC_11510	33.6	435	227	15	95	496	96	501	3.15e-65	221
KDHFCO_03910	DDKKPM_05595	32.2	481	260	16	76	520	93	543	3.37e-64	218
KDHFCO_03915	AAKGEC_12770	98.3	531	9	0	1	531	11	541	0.0	1087
KDHFCO_03915	JIGPNC_02680	65.6	532	176	3	1	530	1	527	2.13e-269	741
KDHFCO_03915	JCMPCJ_07655	58.9	530	210	3	4	531	3	526	5.20e-236	656
KDHFCO_03915	BMKIOK_06255	42.6	519	269	11	10	508	7	516	9.19e-144	422
KDHFCO_03915	GNOKMM_03575	42.8	507	254	11	1	488	1	490	1.29e-141	416
KDHFCO_03915	KGIGEE_11615	41.4	503	255	14	10	492	2	484	1.77e-129	385
KDHFCO_03915	ENIHOO_08500	27.8	511	261	15	12	493	49	480	1.32e-50	178
KDHFCO_03920	HNNKEJ_06515	73.0	200	54	0	2	201	3	202	6.07e-97	277
KDHFCO_03920	KEMHDF_07140	46.4	196	105	0	3	198	6	201	3.37e-62	189
KDHFCO_03925	ENIHOO_08500	92.6	524	39	0	1	524	1	524	0.0	961
KDHFCO_03925	JIGPNC_02680	28.3	501	273	14	49	480	12	495	2.98e-51	180
KDHFCO_03925	JCMPCJ_07655	35.2	349	194	11	49	376	11	348	1.33e-48	172
KDHFCO_03925	AAKGEC_12770	28.2	511	259	16	49	480	22	503	4.20e-48	171
KDHFCO_03925	GNOKMM_03575	32.1	365	197	13	49	376	12	362	1.01e-44	162
KDHFCO_03925	KGIGEE_11615	29.8	376	210	12	49	386	4	363	3.46e-42	155
KDHFCO_03930	KGIGEE_11615	83.5	534	84	1	12	541	1	534	0.0	942
KDHFCO_03930	GNOKMM_03575	69.6	539	156	3	5	541	2	534	5.02e-286	784
KDHFCO_03930	AAKGEC_12770	40.7	511	263	13	5	495	12	502	2.42e-128	382
KDHFCO_03930	JIGPNC_02680	39.6	507	268	13	9	495	6	494	1.89e-125	375
KDHFCO_03930	JCMPCJ_07655	40.1	509	257	13	7	493	3	485	4.29e-120	361
KDHFCO_03930	BMKIOK_06255	35.7	544	309	16	13	531	7	534	1.76e-103	318
KDHFCO_03930	ENIHOO_08500	29.0	372	218	12	15	374	49	386	7.87e-41	151
KDHFCO_03935	ELEKDE_01320	94.9	751	38	0	1	751	1	751	0.0	1457
KDHFCO_03935	AANGNE_02530	73.3	748	197	3	1	746	1	747	0.0	1128
KDHFCO_03935	ABCBPP_02800	26.9	783	472	28	28	749	22	765	7.12e-59	210
KDHFCO_03940	AAKGEC_12795	95.7	324	14	0	1	324	1	324	2.94e-220	599
KDHFCO_03940	DBFGIH_05145	69.7	323	98	0	1	323	1	323	1.03e-159	446
KDHFCO_03945	JDLPKP_04720	99.5	222	1	0	1	222	8	229	1.46e-157	432
KDHFCO_03945	CNLKLD_03860	37.3	225	135	3	3	222	5	228	3.94e-50	160
KDHFCO_03950	CGMKCF_07720	92.1	456	36	0	1	456	12	467	2.39e-293	795
KDHFCO_03950	BNBIEO_04360	59.6	456	169	5	13	455	3	456	7.80e-181	510
KDHFCO_03955	AAKGEC_12810	95.3	580	27	0	1	580	1	580	0.0	1120
KDHFCO_03955	AANGNE_02555	67.8	580	187	0	1	580	1	580	4.55e-300	822
KDHFCO_03955	AAKGEC_09365	58.8	585	236	4	1	580	1	585	5.85e-248	691
KDHFCO_03960	CGMKCF_07735	93.0	86	6	0	1	86	1	86	8.48e-61	177
KDHFCO_03965	DDDLLA_10775	80.9	477	90	1	1	477	1	476	3.39e-303	822
KDHFCO_03965	ACDDAG_07275	56.6	472	202	3	3	474	10	478	8.29e-206	575
KDHFCO_03965	DAEIAJ_08645	51.6	479	222	5	1	474	1	474	3.65e-174	494
KDHFCO_03965	AANGNE_08355	50.7	495	211	9	1	477	1	480	2.30e-169	483
KDHFCO_03965	CDIIGJ_10515	49.5	513	210	8	1	474	1	503	1.38e-168	481
KDHFCO_03965	BGHOFK_02325	35.1	493	276	11	3	474	9	478	1.88e-95	293
KDHFCO_03965	BNPKDP_04435	33.6	485	251	13	5	474	7	435	1.44e-82	259
KDHFCO_03965	AANGNE_04725	27.9	488	313	14	1	474	3	465	5.83e-51	177
KDHFCO_03970	AAKGEC_12825	92.6	901	67	0	1	901	1	901	0.0	1336
KDHFCO_03970	DBFGIH_07055	75.2	905	220	1	1	901	1	905	0.0	1023
KDHFCO_03975	HJMHNM_07235	81.5	233	42	1	1	233	1	232	1.23e-140	391
KDHFCO_03980	AAKGEC_12835	96.4	277	10	0	1	277	1	277	1.74e-193	527
KDHFCO_03980	AAOIOD_01895	42.6	272	153	2	3	272	2	272	9.71e-68	208
KDHFCO_03980	ACNHAK_08185	37.5	269	167	1	1	268	1	269	4.54e-61	191
KDHFCO_03980	ABCLFC_07605	37.0	273	169	2	3	273	2	273	8.55e-60	189
KDHFCO_03985	ABIMCM_06100	92.6	108	8	0	1	108	1	108	1.01e-64	188
KDHFCO_03990	AAKGEC_12845	74.6	205	51	1	1	205	1	204	5.33e-104	295
KDHFCO_03990	ABCBPP_09040	67.3	211	61	3	1	203	1	211	4.30e-84	245
KDHFCO_03995	ABNNBP_04860	100	86	0	0	1	86	1	86	1.98e-54	160
KDHFCO_04000	OBFACL_04580	99.4	512	3	0	1	512	1	512	0.0	934
KDHFCO_04000	DBFGIH_01400	63.4	506	182	3	3	506	5	509	4.49e-209	586
KDHFCO_04005	AANGNE_03525	75.5	319	78	0	1	319	17	335	3.39e-165	460
KDHFCO_04005	ABCBPP_01065	37.9	301	171	4	1	300	1	286	3.73e-52	171
KDHFCO_04010	ABCBPP_09015	94.5	199	11	0	1	199	1	199	8.61e-128	355
KDHFCO_04010	BNBIEO_08200	69.0	200	51	4	1	199	1	190	5.55e-85	246
KDHFCO_04020	AHPAPB_04140	98.2	326	6	0	1	326	34	359	9.15e-233	632
KDHFCO_04020	AANGNE_03420	69.4	330	97	1	1	326	2	331	9.02e-164	456
KDHFCO_04025	DNKGCI_03695	86.9	206	27	0	1	206	10	215	3.28e-127	354
KDHFCO_04030	DNKGCI_03700	80.0	325	62	1	1	325	1	322	3.27e-190	523
KDHFCO_04035	PPBJPA_04660	82.8	128	22	0	1	128	1	128	8.81e-68	197
KDHFCO_04040	CEHFAN_00190	93.1	261	16	1	1	261	1	259	6.77e-178	486
KDHFCO_04040	BNBIEO_01145	69.0	261	81	0	1	261	3	263	8.19e-134	375
KDHFCO_04045	MCFIIO_06345	89.1	741	71	1	1	731	31	771	0.0	1204
KDHFCO_04045	AANGNE_02695	69.3	746	212	5	1	730	39	783	0.0	919
KDHFCO_04050	AAKGEC_12905	85.3	191	28	0	1	191	1	191	6.55e-117	327
KDHFCO_04055	AAKGEC_12910	88.6	334	38	0	1	334	1	334	3.99e-207	566
KDHFCO_04055	AANGNE_02700	63.9	332	119	1	1	332	1	331	1.08e-143	406
KDHFCO_04060	AAKGEC_12915	97.7	128	3	0	1	128	1	128	1.38e-85	242
KDHFCO_04060	AANGNE_02705	75.6	127	30	1	1	126	1	127	1.73e-61	181
KDHFCO_04070	BKMMEC_04430	81.0	384	73	0	1	384	1	384	1.09e-229	628
KDHFCO_04075	DCAANM_08680	66.1	658	192	5	27	667	28	671	8.32e-209	598
KDHFCO_04075	CNOINH_03905	51.3	353	150	6	325	660	266	613	1.02e-68	233
KDHFCO_04080	BIFMNE_08620	77.9	362	77	2	1	361	1	360	4.29e-210	577
KDHFCO_04080	AANGNE_07325	30.9	359	236	3	3	361	2	348	1.02e-52	175
KDHFCO_04080	AAKGEC_11555	31.6	361	234	6	3	361	2	351	1.27e-50	169
KDHFCO_04085	AANGNE_02745	74.7	332	83	1	1	332	1	331	1.47e-173	481
KDHFCO_04090	AAKGEC_02355	92.8	321	23	0	1	321	1	321	1.01e-214	585
KDHFCO_04090	CJHCCN_00910	59.3	324	129	2	1	321	30	353	1.71e-132	378
KDHFCO_04095	AAKGEC_02350	89.8	186	19	0	1	186	1	186	3.25e-112	314
KDHFCO_04095	AANGNE_02960	62.4	181	67	1	1	180	1	181	9.93e-74	217
KDHFCO_04100	AAKGEC_02345	96.1	776	30	0	1	776	1	776	0.0	1370
KDHFCO_04105	AAKGEC_02340	99.0	104	1	0	1	104	1	104	3.07e-73	209
KDHFCO_04120	HDDPIO_01625	89.3	225	24	0	1	225	1	225	1.34e-146	405
KDHFCO_04120	HDKJGO_06855	59.2	228	90	2	1	225	26	253	5.94e-95	275
KDHFCO_04125	DDDLLA_01575	87.6	429	53	0	1	429	1	429	2.34e-278	755
KDHFCO_04130	AAKGEC_02315	93.6	327	21	0	1	327	1	327	4.14e-217	591
KDHFCO_04130	AEMMAL_06275	62.8	323	120	0	1	323	7	329	2.27e-144	407
KDHFCO_04135	ABNNBP_05000	100	306	0	0	1	306	1	306	5.13e-221	599
KDHFCO_04135	AANGNE_04790	36.5	310	168	12	1	289	1	302	6.74e-45	151
KDHFCO_04140	ACPHPF_04375	99.2	131	1	0	1	131	1	131	1.26e-89	253
KDHFCO_04145	AAKGEC_02300	95.7	491	21	0	1	491	1	491	0.0	907
KDHFCO_04145	AANGNE_06590	37.0	497	304	3	3	491	7	502	7.32e-111	335
KDHFCO_04150	CJHCCN_08775	75.7	313	75	1	3	314	1	313	1.53e-157	439
KDHFCO_04155	ACIHME_12510	94.8	324	13	1	1	324	1	320	1.23e-211	577
KDHFCO_04160	HCCODA_08565	97.1	378	10	1	1	377	1	378	3.63e-257	697
KDHFCO_04160	ICGPBP_10970	39.2	390	208	9	1	373	26	403	9.21e-72	226
KDHFCO_04160	AAKGEC_02095	37.0	392	215	9	1	373	1	379	2.02e-70	222
KDHFCO_04160	AGINCK_04610	35.6	393	219	9	1	372	1	380	1.64e-62	202
KDHFCO_04170	ABCBPP_05540	95.2	145	7	0	1	145	1	145	5.14e-105	293
KDHFCO_04200	APEJKH_05295	76.1	238	55	2	1	236	1	238	9.59e-126	353
KDHFCO_04220	PFILNK_09390	98.9	92	1	0	1	92	2	93	1.61e-65	189
KDHFCO_04235	ABCBPP_05580	97.1	172	5	0	1	172	1	172	2.29e-112	313
KDHFCO_04270	AMFMEJ_07360	100	79	0	0	1	79	1	79	4.44e-55	161
KDHFCO_04290	OCIPFJ_05755	97.1	138	4	0	1	138	1	138	1.16e-94	266
KDHFCO_04300	BHKCDL_08190	97.3	226	6	0	1	226	1	226	1.19e-164	451
KDHFCO_04310	JAIDNN_10025	61.7	133	50	1	1	133	1	132	1.07e-48	151
KDHFCO_04325	AAKGEC_02765	88.2	170	20	0	1	170	1	170	4.47e-93	265
KDHFCO_04335	OFBCLB_05970	83.5	466	75	1	1	466	1	464	4.60e-281	768
KDHFCO_04350	AAKGEC_02785	96.8	95	3	0	1	95	1	95	9.62e-66	189
KDHFCO_04355	AMDFJK_11435	95.9	364	15	0	1	364	1	364	3.25e-250	679
KDHFCO_04375	AMFMEJ_10605	74.0	173	41	1	5	173	11	183	2.42e-75	223
KDHFCO_04385	ABIMCM_01915	95.5	111	4	1	1	110	1	111	4.93e-73	209
KDHFCO_04390	DDDLLA_07780	79.3	111	21	1	1	111	1	109	3.24e-58	172
KDHFCO_04395	AAKGEC_02825	97.8	180	4	0	1	180	3	182	4.23e-126	349
KDHFCO_04400	AAKGEC_02830	95.8	120	5	0	1	120	1	120	9.99e-82	232
KDHFCO_04405	AKPIPJ_08240	89.7	136	14	0	1	136	1	136	2.31e-85	243
KDHFCO_04415	BGHOFK_06150	81.0	121	23	0	1	121	1	121	2.28e-66	193
KDHFCO_04420	GHPLOC_11730	75.9	1674	296	3	1	1566	1	1674	0.0	1896
KDHFCO_04425	AAKGEC_02860	99.2	121	1	0	1	121	1	121	5.76e-86	243
KDHFCO_04430	AAKGEC_02865	91.5	845	72	0	1	845	1	845	0.0	1428
KDHFCO_04445	ABIMCM_02535	93.1	102	5	1	1	100	1	102	3.77e-66	191
KDHFCO_04455	NNGDEJ_07620	81.3	428	78	1	2	429	6	431	1.03e-255	697
KDHFCO_04455	AECHFI_08290	56.9	448	102	3	1	429	1	376	5.01e-160	453
KDHFCO_04480	ABNNBP_05035	100	480	0	0	1	480	1	480	0.0	880
KDHFCO_04485	ABJDJH_01790	96.0	227	8	1	1	226	57	283	5.69e-155	428
KDHFCO_04490	EKJHIG_08330	91.9	543	44	0	1	543	1	543	0.0	1013
KDHFCO_04495	IJBMGP_02930	95.5	354	16	0	1	354	5	358	5.38e-263	710
KDHFCO_04500	AAKGEC_02265	97.8	508	11	0	1	508	1	508	0.0	987
KDHFCO_04500	AAKGEC_09345	27.5	520	319	13	16	478	25	543	2.96e-48	172
KDHFCO_04505	ADJCAM_03515	85.8	295	38	1	1	291	1	295	2.00e-186	511
KDHFCO_04505	AAKGEC_09915	35.9	273	162	8	7	272	4	270	7.97e-54	174
KDHFCO_04505	AANGNE_08435	32.7	294	179	9	7	289	4	289	6.12e-46	153
KDHFCO_04510	CDIIGJ_05180	83.1	468	79	0	1	468	1	468	3.07e-297	806
KDHFCO_04515	AAKGEC_02250	89.1	202	22	0	1	202	1	202	7.03e-127	357
KDHFCO_04515	ELEKDE_11120	59.9	202	81	0	1	202	1	202	1.74e-87	257
KDHFCO_04525	BJLDLK_07525	96.2	213	0	1	1	213	1	205	6.64e-137	379
KDHFCO_04530	BDMBBJ_01585	89.9	646	65	0	1	646	1	646	0.0	1114
KDHFCO_04530	BNBIEO_00935	56.4	645	278	3	1	645	1	642	8.11e-249	697
KDHFCO_04535	AAKGEC_02235	93.9	99	6	0	1	99	1	99	8.73e-64	185
KDHFCO_04540	AANGNE_03240	75.3	453	111	1	1	453	1	452	4.51e-235	648
KDHFCO_04545	IAFHMK_00960	85.3	658	96	1	1	657	1	658	0.0	1114
KDHFCO_04560	LBKFJK_08880	78.4	283	59	2	6	287	1	282	6.88e-158	438
KDHFCO_04560	ABJDJH_07875	53.8	290	130	3	1	287	1	289	2.34e-108	313
KDHFCO_04565	DFCDFN_04215	83.5	357	58	1	3	358	4	360	1.72e-212	582
KDHFCO_04565	AAOIOD_01855	47.0	347	167	4	1	347	1	330	3.10e-94	281
KDHFCO_04570	ABCBPP_08795	52.4	147	69	1	1	147	1	146	1.21e-54	166
KDHFCO_04575	ABCBPP_08795	82.8	151	26	0	1	151	1	151	4.26e-91	258
KDHFCO_04580	BGHOFK_09720	81.7	295	54	0	1	295	1	295	4.09e-175	483
KDHFCO_04580	AEMMAL_09290	34.8	287	174	5	16	296	6	285	6.88e-53	171
KDHFCO_04585	JIBFFE_03415	86.1	223	25	1	1	223	1	217	9.81e-133	369
KDHFCO_04590	CEFOCI_09510	99.8	571	0	1	1	570	1	571	0.0	1097
KDHFCO_04590	ENIHOO_01595	35.8	550	346	4	4	550	12	557	1.57e-124	374
KDHFCO_04595	PPLEED_11760	54.0	278	128	0	31	308	1	278	2.32e-53	199
KDHFCO_04600	JAFLJO_06360	88.5	522	50	3	1	518	13	528	1.97e-307	836
KDHFCO_04605	AAKGEC_02170	93.9	180	11	0	1	180	1	180	3.24e-125	347
KDHFCO_04605	AANGNE_06675	70.6	163	48	0	10	172	1	163	4.89e-87	249
KDHFCO_04610	LACCIH_04160	71.8	202	43	1	3	190	4	205	2.40e-94	270
KDHFCO_04615	PPHDMO_12355	86.6	231	31	0	1	231	1	231	3.92e-136	379
KDHFCO_04630	DBFGIH_05575	83.9	471	71	2	5	475	6	471	2.18e-286	779
KDHFCO_04635	ACDDAG_09600	88.4	267	31	0	1	267	1	267	6.27e-161	444
KDHFCO_04640	ABNNBP_05190	100	414	0	0	1	414	1	414	8.21e-293	790
KDHFCO_04645	BGHOFK_09380	85.6	291	42	0	14	304	14	304	1.40e-175	484
KDHFCO_04650	BGHOFK_09375	83.0	94	16	0	1	94	1	94	5.83e-51	152
KDHFCO_04655	AAKGEC_02120	62.3	215	81	0	1	215	1	215	8.11e-91	264
KDHFCO_04660	BNBIEO_10240	84.4	173	27	0	1	173	18	190	2.14e-101	286
KDHFCO_04665	DFCDFN_01470	85.8	429	58	1	1	426	1	429	3.72e-257	701
KDHFCO_04670	DBFGIH_10935	78.6	308	65	1	1	307	1	308	5.66e-174	481
KDHFCO_04675	EHLNLG_08590	97.5	357	9	0	1	357	1	357	1.26e-261	707
KDHFCO_04705	KABOBF_01505	88.3	94	3	1	1	86	1	94	1.16e-50	151
KDHFCO_04710	AHPAPB_10090	99.6	279	1	0	1	279	22	300	2.69e-203	553
KDHFCO_04710	OBFACL_08170	37.7	265	162	2	10	271	7	271	3.27e-51	167
KDHFCO_04720	BPDDPD_10285	82.0	133	24	0	1	133	1	133	1.81e-82	235
KDHFCO_04725	KGIGEE_11180	76.2	281	64	1	1	278	1	281	1.48e-154	429
KDHFCO_04725	AECHFI_02085	43.4	274	146	3	5	277	22	287	4.18e-76	230
KDHFCO_04730	HMJMNM_07675	91.3	195	16	1	110	303	70	264	3.82e-105	304
KDHFCO_04730	MKICBC_13355	58.6	140	53	1	169	303	208	347	5.88e-57	184
KDHFCO_04735	AAKGEC_06820	79.2	120	25	0	1	120	1	120	1.79e-75	216
KDHFCO_04735	AANGNE_06650	65.8	120	41	0	1	120	1	120	1.43e-61	181
KDHFCO_04745	AAKGEC_06805	86.9	176	23	0	1	176	1	176	6.70e-107	300
KDHFCO_04745	CJHCCN_04985	58.8	177	71	2	1	175	1	177	7.82e-63	189
KDHFCO_04750	CNLKLD_03860	86.5	229	30	1	1	228	1	229	1.72e-138	384
KDHFCO_04750	AGINCK_01445	43.4	228	118	4	4	230	3	220	2.59e-61	188
KDHFCO_04750	BGHOFK_04845	43.3	224	119	3	4	224	3	221	5.26e-57	177
KDHFCO_04750	CNLKLD_02960	40.3	236	126	3	1	226	1	231	4.13e-53	168
KDHFCO_04750	JDLPKP_04720	37.5	224	135	3	5	227	10	229	1.10e-48	156
KDHFCO_04750	CJHCCN_01640	35.5	234	140	3	4	230	14	243	6.25e-46	150
KDHFCO_04755	BGHOFK_00020	78.6	490	104	1	1	490	1	489	2.09e-276	755
KDHFCO_04755	AANGNE_02175	55.1	492	215	2	5	490	4	495	3.07e-189	534
KDHFCO_04760	IAFHMK_02905	84.7	413	62	1	1	413	1	412	8.98e-255	694
KDHFCO_04765	DPJPEI_11815	94.7	113	6	0	1	113	22	134	1.32e-69	201
KDHFCO_04770	BBKIGO_08230	92.7	449	33	0	1	449	1	449	7.91e-299	808
KDHFCO_04775	OPPHHN_01880	93.5	356	23	0	1	356	19	374	6.89e-240	652
KDHFCO_04775	CJHCCN_05015	64.0	364	124	2	1	357	1	364	9.70e-161	451
KDHFCO_04780	ABCLFC_08710	99.2	388	3	0	1	388	1	388	2.25e-254	691
KDHFCO_04780	AANGNE_02200	48.1	347	150	6	5	349	3	321	3.55e-90	272
KDHFCO_04785	AAKGEC_06765	97.0	437	13	0	1	437	1	437	6.54e-313	843
KDHFCO_04795	OLIPBP_08750	82.3	198	35	0	1	198	1	198	2.01e-116	327
KDHFCO_04795	AANGNE_06270	44.1	195	104	2	1	195	1	190	7.28e-52	162
KDHFCO_04800	ABNNBP_05335	99.0	99	1	0	1	99	1	99	5.25e-65	188
KDHFCO_04805	AKOOIJ_08745	97.1	136	4	0	1	136	1	136	1.60e-68	205
KDHFCO_04810	AKOOIJ_08745	94.3	141	6	1	1	139	143	283	2.84e-87	253
KDHFCO_04815	AMFMEJ_11005	96.9	260	8	0	1	260	1	260	2.71e-161	445
KDHFCO_04815	AAOIOD_08705	45.9	283	123	10	1	263	1	273	5.58e-54	172
KDHFCO_04820	AAKGEC_08855	96.8	251	8	0	2	252	2	252	6.04e-177	483
KDHFCO_04820	AMCIGH_05515	49.6	236	106	3	25	249	28	261	2.10e-65	201
KDHFCO_04820	AAOIOD_08725	47.8	186	84	3	75	249	40	223	3.01e-53	169
KDHFCO_04825	BAOMEA_11320	90.0	251	25	0	1	251	1	251	4.13e-150	416
KDHFCO_04830	DGMGJF_03190	66.4	586	185	6	1	584	1	576	1.92e-219	652
KDHFCO_04830	HNNKEJ_07215	45.1	630	285	21	1	580	1	619	2.48e-99	328
KDHFCO_04835	DGMGJF_03190	70.5	1007	249	9	18	985	624	1621	0.0	1286
KDHFCO_04835	HNNKEJ_07215	64.3	1000	322	5	18	985	655	1651	0.0	1217
KDHFCO_04840	ACPHPF_04830	99.7	320	1	0	6	325	19	338	1.44e-228	624
KDHFCO_04840	DKACCG_04410	56.1	321	137	2	5	325	18	334	1.22e-126	365
KDHFCO_04840	IAAGLG_06900	41.6	334	184	4	1	325	13	344	2.10e-85	260
KDHFCO_04845	ELEKDE_11555	78.6	103	22	0	1	103	1	103	2.09e-57	169
KDHFCO_04850	EPKBNI_08720	96.5	344	11	1	1	344	1	343	5.08e-243	658
KDHFCO_04855	AAKGEC_08885	85.5	317	43	1	1	317	7	320	1.01e-199	546
KDHFCO_04855	BAFDFF_00515	43.2	236	131	2	83	315	95	330	1.05e-59	191
KDHFCO_04855	KAAGFE_02320	39.5	271	148	4	61	315	39	309	2.26e-59	190
KDHFCO_04855	AGDPFD_06085	38.3	256	153	3	63	317	86	337	6.90e-55	179
KDHFCO_04860	DAEIAJ_06680	83.0	235	40	0	1	235	13	247	9.10e-139	386
KDHFCO_04865	BGHOFK_00105	83.3	383	63	1	1	383	1	382	2.96e-229	627
KDHFCO_04870	COENFP_08435	99.2	379	2	1	1	379	1	378	1.67e-258	700
KDHFCO_04870	MHGLEN_04895	38.0	382	219	8	6	379	9	380	1.33e-73	231
KDHFCO_04875	ANFPEE_00190	82.6	409	71	0	1	409	15	423	3.65e-233	639
KDHFCO_04875	EMAPBM_07015	70.9	409	119	0	1	409	1	409	1.14e-203	564
KDHFCO_04880	AAKGEC_08910	97.8	90	2	0	1	90	1	90	7.00e-59	172
KDHFCO_04885	AAKGEC_08915	97.5	79	2	0	1	79	1	79	1.59e-50	150
KDHFCO_04890	BNFMAL_02250	89.5	314	32	1	1	314	1	313	3.04e-211	575
KDHFCO_04890	ACNHAK_05230	47.6	319	151	6	3	311	2	314	1.74e-94	280
KDHFCO_04895	AAKGEC_08925	86.5	281	38	0	1	281	1	281	8.29e-181	496
KDHFCO_04900	DPCCPE_00500	90.6	171	16	0	1	171	8	178	4.89e-115	320
KDHFCO_04905	DNKGCI_10200	82.2	241	40	1	5	245	1	238	5.31e-149	412
KDHFCO_04910	DDDLLA_01340	80.8	130	25	0	1	130	17	146	1.05e-73	213
KDHFCO_04910	AANGNE_06015	75.8	132	30	1	1	130	1	132	2.12e-70	204
KDHFCO_04915	AAKGEC_08960	93.2	281	19	0	1	281	1	281	3.45e-186	509
KDHFCO_04915	BNBIEO_03910	65.5	281	96	1	1	281	19	298	8.44e-131	370
KDHFCO_04920	DHPGCJ_05275	90.7	258	24	0	1	258	1	258	4.08e-166	457
KDHFCO_04925	ABCLFC_08610	98.9	180	2	0	1	180	1	180	3.13e-132	364
KDHFCO_04930	BGCJLL_00970	88.4	398	46	0	1	398	14	411	1.07e-253	691
KDHFCO_04930	AANGNE_05995	67.1	398	131	0	1	398	1	398	5.82e-191	531
KDHFCO_04935	CNLKLD_07660	77.7	475	98	3	1	474	1	468	1.10e-273	746
KDHFCO_04935	ABNNBP_02230	62.6	468	163	4	10	474	2	460	8.27e-220	610
KDHFCO_04940	NGDFHG_03610	76.1	184	32	1	1	172	1	184	1.36e-86	249
KDHFCO_04945	ABJDJH_02305	86.6	358	47	1	1	358	1	357	1.41e-222	608
KDHFCO_04950	HNNKEJ_08150	79.5	308	60	1	1	308	1	305	7.23e-177	488
KDHFCO_04950	EHLNLG_10510	27.3	308	219	2	3	310	1	303	1.13e-46	156
KDHFCO_04955	CNLKLD_03745	78.3	622	130	2	1	622	1	617	0.0	925
KDHFCO_04955	KCGGLB_01940	32.3	626	370	14	9	602	9	612	4.62e-82	268
KDHFCO_04955	AANGNE_04410	32.0	625	388	13	9	610	9	619	1.19e-80	264
KDHFCO_04955	AANGNE_02030	28.2	517	333	11	7	502	7	506	4.26e-55	192
KDHFCO_04955	AAKGEC_02945	28.3	523	334	12	7	507	7	510	1.02e-52	186
KDHFCO_04955	AANGNE_00260	26.9	531	364	14	8	523	6	527	9.63e-50	178
KDHFCO_04965	AAKGEC_09010	91.4	324	28	0	1	324	1	324	3.83e-216	588
KDHFCO_04970	AAKGEC_09015	98.4	183	3	0	1	183	1	183	1.60e-131	363
KDHFCO_04970	BGHOFK_08055	62.0	166	63	0	1	166	1	166	9.77e-72	211
KDHFCO_04975	AANGNE_07570	81.8	308	54	1	4	311	5	310	6.64e-185	508
KDHFCO_04980	BNPKDP_07875	99.6	235	1	0	1	235	1	235	1.88e-172	471
KDHFCO_04980	AANGNE_02860	53.2	237	108	1	1	234	1	237	1.62e-92	268
KDHFCO_04985	ABCLFC_08550	100	89	0	0	1	89	13	101	8.38e-62	179
KDHFCO_04990	AAKGEC_09035	95.7	348	15	0	1	348	1	348	8.12e-246	665
KDHFCO_04990	AAOIOD_02375	52.4	353	159	5	1	348	1	349	2.82e-117	340
KDHFCO_05010	AANGNE_08355	45.9	185	91	1	8	183	3	187	3.01e-55	178
KDHFCO_05010	DAEIAJ_08645	43.3	180	88	2	8	173	3	182	1.41e-49	163
KDHFCO_05010	CDIIGJ_10515	46.9	175	82	2	9	173	4	177	3.38e-48	160
KDHFCO_05010	DDDLLA_10775	42.5	181	91	2	8	175	3	183	6.23e-47	156
KDHFCO_05015	DDDLLA_10775	46.7	169	80	4	1	159	306	474	8.98e-49	160
KDHFCO_05030	AANGNE_03570	30.3	458	280	11	8	446	5	442	1.26e-56	191
KDHFCO_05030	DDKKPM_03600	32.1	461	276	15	1	449	1	436	5.37e-48	167
KDHFCO_05030	AANGNE_01470	31.2	461	285	11	6	451	3	446	2.40e-46	163
KDHFCO_05030	NGIILC_02175	30.5	449	287	10	7	444	4	438	9.44e-46	161
KDHFCO_05035	IAFHMK_05820	87.1	280	35	1	1	279	1	280	3.07e-186	509
KDHFCO_05050	ABNNBP_05585	100	148	0	0	1	148	15	162	1.47e-95	270
KDHFCO_05055	AAKGEC_09050	97.2	457	13	0	1	457	1	457	3.87e-306	827
KDHFCO_05055	HMJMNM_06755	37.8	413	243	5	5	414	1	402	1.41e-79	251
KDHFCO_05060	AAKGEC_09055	94.8	250	13	0	1	250	1	250	1.63e-164	452
KDHFCO_05065	AAKGEC_09060	93.4	122	8	0	1	122	1	122	4.37e-86	243
KDHFCO_05070	CDIIGJ_01625	75.7	103	25	0	2	104	3	105	6.65e-57	168
KDHFCO_05075	AAKGEC_09070	86.6	97	13	0	1	97	1	97	1.36e-57	169
KDHFCO_05080	CEFFBK_04810	98.4	126	2	0	1	126	1	126	1.08e-97	274
KDHFCO_05085	AANGNE_05960	75.2	234	58	0	3	236	3	236	4.96e-125	351
KDHFCO_05090	ABCLFC_08450	100	88	0	0	1	88	1	88	2.89e-57	167
KDHFCO_05095	CNLKLD_01535	82.4	221	38	1	1	221	1	220	3.09e-137	381
KDHFCO_05100	AANGNE_05945	79.1	743	146	3	1	739	1	738	0.0	1166
KDHFCO_05105	JNMKIO_02690	98.8	502	6	0	1	502	1	502	0.0	957
KDHFCO_05110	AAKGEC_09110	96.4	140	5	0	1	140	68	207	1.99e-94	268
KDHFCO_05115	AGINCK_07910	96.1	127	5	0	1	127	320	446	1.22e-73	223
KDHFCO_05120	AGINCK_07910	97.1	206	6	0	1	206	110	315	2.74e-136	386
KDHFCO_05125	CBFHCM_03370	87.5	96	8	1	1	96	1	92	2.00e-51	153
KDHFCO_05130	OBFACL_08170	93.5	108	7	0	1	108	1	108	1.01e-67	202
KDHFCO_05135	OBFACL_08170	99.3	145	1	0	1	145	128	272	6.52e-101	289
KDHFCO_05145	BEHEAJ_00625	78.2	285	60	1	1	285	50	332	5.56e-165	458
KDHFCO_05155	LCBNOF_01805	79.9	268	54	0	1	268	1	268	2.23e-130	367
KDHFCO_05160	BGHOFK_00325	97.8	867	19	0	1	867	1	867	0.0	1513
KDHFCO_05160	BIHALF_08510	39.7	886	416	13	7	858	10	811	3.69e-200	588
KDHFCO_05160	BLCAGE_01905	40.3	846	381	11	50	862	61	815	2.29e-195	576
KDHFCO_05160	HNNKEJ_00210	46.8	703	298	10	163	864	111	738	2.35e-192	566
KDHFCO_05165	AAKGEC_09130	95.9	338	14	0	1	338	1	338	1.23e-235	639
KDHFCO_05170	AAKGEC_09135	86.8	182	24	0	1	182	1	182	2.81e-111	311
KDHFCO_05170	AANGNE_05930	58.4	178	74	0	1	178	1	178	5.78e-71	209
KDHFCO_05175	GFNALM_06825	93.7	524	15	1	1	524	1	506	0.0	930
KDHFCO_05180	BAFDFF_09595	98.8	166	2	0	1	166	226	391	1.08e-114	328
KDHFCO_05185	BAFDFF_09595	100	201	0	0	1	201	1	201	9.68e-145	405
KDHFCO_05195	AAKGEC_09145	90.9	175	16	0	1	175	1	175	6.52e-114	318
KDHFCO_05200	ABCBPP_07985	92.2	345	27	0	1	345	1	345	1.77e-227	619
KDHFCO_05205	DNKGCI_07020	82.2	180	32	0	1	180	4	183	1.85e-102	289
KDHFCO_05205	CJHCCN_08360	51.7	176	84	1	5	180	6	180	1.95e-62	188
KDHFCO_05210	AANGNE_05925	76.5	519	118	2	1	518	1	516	4.44e-287	784
KDHFCO_05215	AGINCK_07825	96.5	228	8	0	1	228	1	228	6.50e-159	436
KDHFCO_05215	BEIAAA_08535	70.8	226	66	0	1	226	1	226	5.09e-110	312
KDHFCO_05220	BIHALF_08420	86.4	368	50	0	1	368	95	462	1.27e-222	613
KDHFCO_05230	CDIIGJ_05030	82.0	206	36	1	1	206	1	205	7.64e-122	340
KDHFCO_05235	IAFHMK_05985	75.6	414	100	1	1	413	1	414	2.01e-226	622
KDHFCO_05235	AANGNE_05895	62.6	412	152	2	1	412	1	410	4.65e-184	514
KDHFCO_05240	AANGNE_05100	41.1	241	123	7	4	229	12	248	6.95e-47	152
KDHFCO_05245	AAKGEC_09185	91.3	160	14	0	1	160	1	160	1.02e-96	273
KDHFCO_05245	AANGNE_05890	68.1	160	51	0	1	160	1	160	5.61e-71	208
KDHFCO_05250	IAFHMK_06000	75.4	366	89	1	2	367	1	365	2.75e-205	565
KDHFCO_05250	AANGNE_05885	70.0	367	109	1	2	368	7	372	1.52e-192	533
KDHFCO_05255	AMDFJK_13505	95.5	310	13	1	1	310	1	309	2.36e-209	570
KDHFCO_05260	MKCKPI_08625	97.3	222	5	1	1	221	1	222	5.09e-161	449
KDHFCO_05265	FIJOGA_03665	79.1	230	42	1	1	224	1	230	6.51e-134	373
KDHFCO_05270	ABNNBP_05785	100	214	0	0	12	225	266	479	5.86e-165	461
KDHFCO_05270	AANGNE_04725	69.5	210	64	0	12	221	266	475	1.26e-114	333
KDHFCO_05270	ABJDJH_04730	61.5	213	82	0	12	224	267	479	1.45e-105	310
KDHFCO_05270	BIFMNE_04180	50.8	195	92	2	12	205	248	439	1.74e-69	216
KDHFCO_05275	AAKGEC_09330	96.5	287	10	0	1	287	1	287	2.02e-199	543
KDHFCO_05275	AANGNE_04730	62.7	287	105	2	1	285	1	287	3.40e-130	368
KDHFCO_05275	AANGNE_04030	38.2	288	175	1	2	289	7	291	1.06e-66	207
KDHFCO_05280	AAKGEC_09335	93.8	291	18	0	1	291	1	291	1.33e-204	556
KDHFCO_05280	EGHGNB_10360	61.7	290	110	1	1	289	1	290	3.28e-131	371
KDHFCO_05280	ACDDAG_06090	62.6	281	105	0	4	284	2	282	8.75e-131	370
KDHFCO_05285	HNNKEJ_02625	94.5	513	28	0	1	513	19	531	0.0	970
KDHFCO_05290	HEDEDB_07985	98.3	296	5	0	1	296	16	311	2.25e-209	570
KDHFCO_05290	AMNNAF_08070	45.6	296	160	1	2	296	46	341	2.28e-87	261
KDHFCO_05290	LBKFJK_04175	31.9	304	196	7	2	294	3	306	5.14e-47	157
KDHFCO_05295	ABCLFC_04630	99.3	287	2	0	1	287	1	287	1.28e-200	546
KDHFCO_05295	ABJDJH_05815	41.0	288	165	2	4	286	12	299	2.90e-70	216
KDHFCO_05300	ALNFEK_06455	95.0	545	26	1	1	544	1	545	0.0	1030
KDHFCO_05310	AOPEMA_06800	91.3	127	11	0	2	128	111	237	9.19e-73	214
KDHFCO_05315	ABCLFC_04650	97.5	793	20	0	1	793	1	793	0.0	1568
KDHFCO_05320	AAKGEC_09350	96.9	459	14	0	1	459	1	459	1.11e-306	829
KDHFCO_05325	DFNGLI_05565	90.0	301	23	1	1	301	1	294	5.25e-187	513
KDHFCO_05330	AAKGEC_09360	94.2	139	8	0	1	139	1	139	4.43e-85	242
KDHFCO_05335	AAKGEC_09365	96.3	136	5	0	1	136	1	136	5.23e-89	267
KDHFCO_05335	AANGNE_02555	64.5	138	47	2	1	138	1	136	1.60e-55	179
KDHFCO_05335	AAKGEC_12810	61.6	138	51	2	1	138	1	136	4.52e-54	175
KDHFCO_05340	AAKGEC_09365	95.7	423	18	0	1	423	177	599	1.88e-295	805
KDHFCO_05340	AAKGEC_12810	56.7	409	174	2	1	409	175	580	2.72e-162	466
KDHFCO_05340	AANGNE_02555	55.5	409	179	2	1	409	175	580	5.75e-159	457
KDHFCO_05345	AAKGEC_09370	96.3	243	9	0	1	243	1	243	2.01e-166	456
KDHFCO_05350	LPLJMN_09605	78.3	143	31	0	1	143	1	143	2.23e-81	233
KDHFCO_05355	BPNNAG_07700	91.5	295	25	0	1	295	5	299	1.66e-185	509
KDHFCO_05355	AAKGEC_07240	32.4	287	193	1	4	289	19	305	6.61e-48	159
KDHFCO_05360	BAFDFF_09595	98.8	166	2	0	1	166	226	391	1.08e-114	328
KDHFCO_05365	BAFDFF_09595	100	201	0	0	1	201	1	201	9.68e-145	405
KDHFCO_05375	EHLNLG_01890	95.3	128	6	0	1	128	3	130	1.31e-88	250
KDHFCO_05380	CHBPFB_04790	91.7	229	19	0	1	229	2	230	2.03e-141	392
KDHFCO_05385	AAKGEC_09395	92.0	226	18	0	1	226	1	226	5.71e-121	340
KDHFCO_05390	AAKGEC_09400	77.7	247	55	0	1	247	1	247	2.42e-137	383
KDHFCO_05395	AAKGEC_09405	84.2	139	22	0	1	139	1	139	8.80e-76	218
KDHFCO_05395	DBFGIH_07340	60.4	139	51	1	1	139	1	135	1.09e-48	150
KDHFCO_05400	DOCKDI_00070	93.9	212	12	1	1	212	6	216	1.20e-139	386
KDHFCO_05405	ILMBOP_09390	83.9	118	19	0	2	119	2	119	3.10e-59	175
KDHFCO_05410	HNNKEJ_02660	80.5	456	88	1	1	456	1	455	3.54e-269	734
KDHFCO_05415	IAFHMK_05630	78.0	186	39	1	2	185	3	188	5.34e-103	291
KDHFCO_05420	DDDLLA_00525	83.3	335	56	0	1	335	1	335	1.76e-197	542
KDHFCO_05440	AGINCK_07540	79.5	122	22	1	1	122	1	119	1.17e-69	201
KDHFCO_05445	NPFMCA_12495	91.7	288	0	1	1	264	1	288	9.34e-179	490
KDHFCO_05450	AAKGEC_09440	67.4	344	110	1	1	342	1	344	3.63e-168	469
KDHFCO_05455	JIKGJE_02595	70.0	170	51	0	20	189	16	185	4.00e-96	274
KDHFCO_05460	DDDLLA_00400	88.6	395	45	0	1	395	1	395	2.69e-261	710
KDHFCO_05465	CFBGPF_12475	100	253	0	0	1	253	1	253	1.28e-179	491
KDHFCO_05470	ABCLFC_04805	98.1	160	3	0	1	160	1	160	3.71e-105	299
KDHFCO_05475	BLCAGE_08900	98.3	234	4	0	1	234	40	273	2.49e-170	467
KDHFCO_05485	ABCLFC_04805	100	102	0	0	1	102	179	280	3.41e-67	200
KDHFCO_05490	AANGNE_08360	76.8	641	144	1	1	636	1	641	0.0	974
KDHFCO_05490	AJKPDP_02710	32.5	619	404	9	11	621	19	631	1.86e-103	324
KDHFCO_05490	AAKGEC_04030	33.2	669	372	13	3	622	5	647	8.52e-96	305
KDHFCO_05490	DBFGIH_04860	32.1	652	394	12	3	623	5	638	3.73e-94	300
KDHFCO_05490	AAKGEC_03590	32.5	633	380	12	12	607	10	632	2.92e-91	293
KDHFCO_05490	DBFGIH_07715	32.6	521	302	10	1	476	1	517	3.11e-66	223
KDHFCO_05490	BGHOFK_04665	32.6	521	302	13	1	476	1	517	1.60e-60	207
KDHFCO_05495	DAEIAJ_08645	82.4	478	80	1	1	478	1	474	8.81e-308	833
KDHFCO_05495	AANGNE_08355	55.1	486	201	4	1	478	1	477	8.90e-187	527
KDHFCO_05495	DDDLLA_10775	51.5	480	224	6	1	478	1	473	5.00e-175	497
KDHFCO_05495	CDIIGJ_10515	50.0	512	213	11	1	478	1	503	4.60e-162	465
KDHFCO_05495	ACDDAG_07275	46.8	476	246	5	3	478	10	478	7.42e-160	458
KDHFCO_05495	BGHOFK_02325	37.1	498	265	12	2	478	8	478	1.19e-106	322
KDHFCO_05495	BNPKDP_04435	33.1	477	266	12	6	478	8	435	4.84e-84	263
KDHFCO_05495	ABCBPP_13515	34.5	496	266	18	2	473	4	464	2.95e-71	230
KDHFCO_05495	ABJDJH_04730	27.8	493	307	13	3	478	6	466	4.28e-50	174
KDHFCO_05495	AANGNE_04725	26.8	496	308	12	3	478	5	465	8.09e-48	168
KDHFCO_05495	ABNNBP_05785	28.3	488	305	15	1	473	3	460	5.63e-47	166
KDHFCO_05500	CGMKCF_07035	94.1	203	12	0	1	203	1	203	4.75e-131	364
KDHFCO_05505	LGJCEJ_06495	95.8	406	13	2	1	404	1	404	4.03e-271	734
KDHFCO_05505	BNBIEO_02790	43.6	236	127	2	34	267	8	239	4.95e-59	191
KDHFCO_05505	AAKGEC_07545	42.0	243	134	3	48	287	21	259	9.27e-59	191
KDHFCO_05505	AANGNE_03680	40.5	237	136	4	32	265	5	239	7.98e-51	168
KDHFCO_05505	AANGNE_01045	32.5	255	161	2	22	266	1	254	2.09e-45	157
KDHFCO_05505	AAKGEC_12175	37.0	265	139	6	5	268	6	243	3.37e-45	153
KDHFCO_05510	AANGNE_04920	82.7	572	99	0	1	572	1	572	0.0	934
KDHFCO_05520	JNMKIO_05340	82.4	188	33	0	2	189	6	193	5.05e-115	322
KDHFCO_05520	AANGNE_08525	47.3	186	97	1	5	189	1	186	1.77e-57	176
KDHFCO_05525	AAKGEC_04005	81.9	354	64	0	2	355	7	360	7.17e-229	627
KDHFCO_05530	AAKGEC_09510	92.8	180	13	0	1	180	1	180	2.19e-123	342
KDHFCO_05535	ABJDJH_04530	87.6	97	12	0	1	97	1	97	4.10e-56	166
KDHFCO_05540	AAKGEC_09520	95.5	314	14	0	1	314	1	314	2.46e-207	565
KDHFCO_05540	DBFGIH_05410	76.1	301	72	0	8	308	9	309	3.94e-157	439
KDHFCO_05545	AAKGEC_09525	98.6	143	2	0	1	143	1	143	1.86e-88	251
KDHFCO_05550	AAKGEC_09530	97.7	306	7	0	1	306	1	306	4.21e-220	597
KDHFCO_05555	CEPOIM_03560	100	198	0	0	1	198	32	229	3.84e-144	397
KDHFCO_05560	CNLKLD_02495	75.8	430	101	1	1	430	1	427	3.11e-226	623
KDHFCO_05570	AAKGEC_09550	97.3	220	6	0	1	220	1	220	2.88e-150	413
KDHFCO_05575	DNKGCI_10000	76.0	125	30	0	15	139	6	130	7.19e-69	201
KDHFCO_05580	CDIIGJ_00625	86.6	352	46	1	1	351	1	352	9.05e-215	587
KDHFCO_05580	AANGNE_05820	68.4	351	110	1	1	351	1	350	5.17e-167	466
KDHFCO_05580	AANGNE_00910	63.5	351	126	1	1	351	1	349	3.38e-153	431
KDHFCO_05585	DDDLLA_01100	81.5	233	43	0	3	235	4	236	2.79e-135	377
KDHFCO_05590	FFEJFE_02000	80.4	143	28	0	1	143	1	143	6.37e-74	214
KDHFCO_05595	CDIIGJ_00640	75.3	515	126	1	1	515	1	514	3.48e-272	746
KDHFCO_05595	AANGNE_05810	62.4	516	194	0	2	517	5	520	1.41e-222	621
KDHFCO_05600	LBLLFD_01825	79.6	235	46	1	1	235	1	233	6.73e-129	360
KDHFCO_05600	CJHCCN_01640	73.8	233	57	2	1	233	13	241	2.67e-117	332
KDHFCO_05600	CNLKLD_03860	34.3	236	141	3	2	233	4	229	8.91e-47	152
KDHFCO_05605	DBFDDP_04215	97.3	111	3	0	1	111	9	119	2.23e-71	205
KDHFCO_05625	BEHEAJ_00625	65.0	226	79	0	1	226	109	334	7.03e-107	308
KDHFCO_05630	CBFHCM_03370	87.5	96	8	1	1	96	1	92	2.00e-51	153
KDHFCO_05635	OBFACL_08170	99.2	249	2	0	1	249	1	249	2.72e-179	492
KDHFCO_05655	AAKGEC_11040	82.1	140	25	0	1	140	1	140	2.11e-88	250
KDHFCO_05665	AIKIDN_10900	61.4	114	44	0	2	115	19	132	8.97e-52	156
KDHFCO_05670	AAKGEC_09610	92.3	142	11	0	1	142	1	142	4.59e-93	262
KDHFCO_05670	ACNHAK_04790	53.9	141	65	0	1	141	2	142	2.02e-50	154
KDHFCO_05670	GGLADB_04880	54.2	142	64	1	1	141	1	142	2.96e-50	154
KDHFCO_05675	AAKGEC_09615	74.1	116	30	0	1	116	1	116	1.17e-49	150
KDHFCO_05680	AAKGEC_09620	78.2	252	54	1	1	251	1	252	2.38e-137	383
KDHFCO_05685	AAKGEC_09625	94.6	184	10	0	1	184	1	184	1.86e-126	350
KDHFCO_05690	PHNKGJ_08095	82.5	183	32	0	1	183	1	183	3.98e-111	312
KDHFCO_05695	AAOIOD_00865	75.8	236	57	0	2	237	1	236	2.87e-138	385
KDHFCO_05700	BGHOFK_00755	84.2	876	138	0	1	876	1	876	0.0	1386
KDHFCO_05700	AANGNE_04040	70.6	875	254	1	1	872	1	875	0.0	1157
KDHFCO_05700	FHIFIE_03450	38.7	878	495	14	21	869	22	885	1.82e-175	528
KDHFCO_05700	EOHHJN_09855	38.0	878	483	15	20	869	21	865	3.96e-166	503
KDHFCO_05700	AKPIPJ_02055	35.5	933	526	20	1	876	17	930	1.06e-151	467
KDHFCO_05700	JAPIMJ_06920	37.2	812	473	14	21	816	23	813	2.01e-151	464
KDHFCO_05700	AANGNE_04380	35.8	905	520	20	21	876	22	914	2.92e-150	462
KDHFCO_05700	BGHOFK_01130	29.6	716	456	16	21	717	45	731	1.98e-86	292
KDHFCO_05700	GKAHPE_00190	29.1	719	468	14	9	717	21	707	2.68e-76	263
KDHFCO_05700	LIMBNG_08850	25.1	762	474	19	19	765	3	682	1.24e-54	199
KDHFCO_05705	AAKGEC_09650	92.3	209	16	0	1	209	1	209	2.27e-137	380
KDHFCO_05705	ACDDAG_00030	54.0	213	88	2	1	205	38	248	2.04e-69	209
KDHFCO_05705	AAOIOD_09980	60.1	158	63	0	48	205	147	304	5.33e-61	189
KDHFCO_05710	AAKGEC_09655	94.9	157	8	0	1	157	1	157	2.89e-110	307
KDHFCO_05710	AANGNE_04400	58.6	157	65	0	1	157	1	157	2.22e-67	199
KDHFCO_05715	AANGNE_06750	85.3	1060	153	2	1	1060	42	1098	0.0	1763
KDHFCO_05720	ABCBPP_07450	81.3	193	36	0	1	193	1	193	5.34e-103	291
KDHFCO_05730	AKOOIJ_00225	91.3	494	43	0	1	494	164	657	0.0	901
KDHFCO_05730	AANGNE_03285	53.5	495	212	12	9	493	188	674	6.65e-166	481
KDHFCO_05735	EIIOFH_09125	59.5	333	135	0	2	334	2	334	9.79e-135	384
KDHFCO_05745	CGMKCF_04370	82.3	249	42	1	1	247	24	272	3.22e-134	376
KDHFCO_05750	IAAGLG_06900	84.2	387	61	0	1	387	1	387	1.11e-216	595
KDHFCO_05750	DKACCG_04410	46.2	329	164	5	14	340	17	334	4.78e-99	296
KDHFCO_05755	AANGNE_04000	66.9	239	77	1	1	237	1	239	7.62e-116	328
KDHFCO_05755	AAKGEC_05395	56.1	230	101	0	6	235	3	232	5.70e-95	275
KDHFCO_05755	LBKFJK_08880	33.6	277	137	4	6	235	2	278	3.97e-50	162
KDHFCO_05760	BGHOFK_02690	31.2	446	248	8	1	387	1	446	1.33e-58	201
KDHFCO_05765	JEKAEJ_08275	76.5	497	112	2	12	504	4	499	1.63e-284	776
KDHFCO_05770	BGLHNG_02010	85.9	177	25	0	1	177	20	196	2.52e-109	307
KDHFCO_05775	CGMKCF_01800	87.9	265	28	1	1	261	1	265	1.94e-167	460
KDHFCO_05775	OOHPIC_07000	55.7	246	104	4	1	243	1	244	1.48e-81	243
KDHFCO_05780	ABCLFC_08010	98.4	383	6	0	1	383	1	383	5.18e-278	750
KDHFCO_05780	DBFGIH_06285	63.4	383	122	2	1	383	1	365	2.53e-179	499
KDHFCO_05785	DBFGIH_06280	75.9	410	92	2	7	409	1	410	1.10e-228	627
KDHFCO_05790	HMJMNM_06755	90.9	450	41	0	1	450	1	450	1.66e-277	755
KDHFCO_05790	AAKGEC_09050	39.1	399	236	4	12	405	21	417	6.01e-76	241
KDHFCO_05795	AAKGEC_09690	89.3	262	28	0	1	262	1	262	2.07e-173	475
KDHFCO_05795	AANGNE_06725	67.7	254	82	0	4	257	3	256	2.05e-129	364
KDHFCO_05800	ABCBPP_07380	94.5	311	17	0	1	311	11	321	5.33e-212	577
KDHFCO_05805	EHLNLG_01645	97.9	237	5	0	1	237	1	237	7.27e-167	457
KDHFCO_05805	AANGNE_06715	69.9	236	71	0	1	236	1	236	2.18e-117	332
KDHFCO_05810	ANFPEE_01535	58.6	152	59	1	1	148	1	152	5.58e-53	163
KDHFCO_05815	FIHDIM_08635	98.3	238	4	0	1	238	1	238	3.20e-166	455
KDHFCO_05820	AAKGEC_09715	98.1	319	6	0	1	319	1	319	7.27e-223	605
KDHFCO_05820	AANGNE_06705	67.7	319	103	0	1	319	1	319	2.98e-155	434
KDHFCO_05820	ABCLFC_01100	36.1	321	195	3	7	317	15	335	2.72e-65	206
KDHFCO_05825	AAKGEC_09720	96.6	176	6	0	1	176	1	176	2.77e-115	321
KDHFCO_05830	AAKGEC_09725	88.1	135	16	0	1	135	1	135	2.71e-84	239
KDHFCO_05830	AANGNE_06695	64.5	124	44	0	10	133	6	129	1.22e-54	164
KDHFCO_05835	IAFHMK_05335	88.2	297	34	1	8	303	4	300	2.11e-187	514
KDHFCO_05840	ABCLFC_07880	100	342	0	0	1	342	1	342	8.09e-243	657
KDHFCO_05845	CGMKCF_01940	94.7	208	11	0	1	208	1	208	3.72e-134	372
KDHFCO_05845	AANGNE_06635	61.7	201	68	3	7	207	1	192	1.20e-72	215
KDHFCO_05850	AANGNE_06630	83.1	390	65	1	1	389	1	390	3.69e-213	587
KDHFCO_05855	AAKGEC_09750	97.9	382	8	0	1	382	1	382	3.67e-282	760
KDHFCO_05855	AANGNE_06625	70.2	383	113	1	1	382	1	383	4.74e-193	535
KDHFCO_05855	ACDDAG_00885	61.7	379	143	2	1	378	1	378	6.79e-169	474
KDHFCO_05860	AANGNE_06620	90.6	339	32	0	1	339	1	339	2.10e-217	593
KDHFCO_05865	IAFHMK_05300	80.5	503	95	2	1	502	1	501	1.36e-287	784
KDHFCO_05870	AANGNE_06610	83.6	323	52	1	4	325	3	325	6.89e-192	527
KDHFCO_05870	AANGNE_00875	46.2	305	163	1	7	310	6	310	7.31e-96	283
KDHFCO_05870	BGHOFK_03765	41.6	310	176	2	7	311	6	315	2.45e-82	249
KDHFCO_05870	AANGNE_02105	34.5	278	172	5	7	282	2	271	3.14e-45	153
KDHFCO_05875	AAKGEC_09770	99.1	317	3	0	1	317	1	317	1.47e-221	602
KDHFCO_05880	DFCDFN_05380	76.6	354	82	1	1	353	1	354	1.09e-183	509
KDHFCO_05885	AANGNE_06590	86.2	506	70	0	1	506	1	506	6.24e-317	859
KDHFCO_05885	AAKGEC_02300	37.8	497	300	3	7	502	3	491	1.94e-110	333
KDHFCO_05890	ABIMCM_09840	87.8	271	33	0	1	271	1	271	6.52e-173	475
KDHFCO_05895	DNKGCI_01990	79.1	540	111	2	1	538	1	540	5.89e-304	829
KDHFCO_05900	JIBFFE_03710	85.0	140	21	0	1	140	1	140	8.19e-83	237
KDHFCO_05905	ACIHME_12925	67.7	682	218	2	1	680	1	682	5.26e-266	780
KDHFCO_05905	GMJOLA_06050	32.9	1242	566	22	176	1305	35	1120	1.34e-111	382
KDHFCO_05910	AAKGEC_01385	82.3	124	22	0	1	124	16	139	7.29e-71	205
KDHFCO_05915	AAKGEC_01390	90.7	312	29	0	1	312	1	312	4.25e-207	565
KDHFCO_05920	AAKGEC_01395	75.9	390	94	0	1	390	1	390	3.57e-222	609
KDHFCO_05920	CMOKEC_04815	64.7	391	136	2	1	390	4	393	2.09e-177	496
KDHFCO_05925	GMJIIH_08665	59.9	1050	417	1	1	1046	1	1050	0.0	1106
KDHFCO_05925	ACNHAK_09475	43.7	1059	561	10	1	1042	1	1041	6.71e-244	715
KDHFCO_05935	LLNOII_02215	82.1	134	24	0	1	134	1	134	3.26e-83	237
KDHFCO_05940	AAKGEC_01415	78.1	237	52	0	1	237	1	237	4.24e-133	371
KDHFCO_05940	AANGNE_07575	53.8	234	107	1	1	233	1	234	1.06e-80	239
KDHFCO_05945	LOKICG_06475	98.9	278	3	0	1	278	1	278	1.38e-176	485
KDHFCO_05945	AGDPFD_09495	51.5	260	126	0	15	274	18	277	2.50e-79	238
KDHFCO_05950	ABNNBP_06525	100	315	0	0	1	315	1	315	3.65e-230	623
KDHFCO_05950	BNBIEO_01610	50.0	312	151	3	4	315	2	308	7.32e-107	311
KDHFCO_05970	BAFDFF_09595	99.7	391	1	0	1	391	1	391	2.03e-287	775
KDHFCO_05985	AHPAPB_10090	98.9	279	3	0	1	279	22	300	3.01e-200	545
KDHFCO_05985	OBFACL_08170	37.7	265	162	2	10	271	7	271	3.59e-50	164
KDHFCO_05990	KABOBF_01505	88.3	94	3	1	1	86	1	94	1.16e-50	151
KDHFCO_06015	AANGNE_05060	41.2	260	143	6	5	257	3	259	5.69e-56	177
KDHFCO_06030	KBLLAJ_09090	75.3	194	47	1	1	193	1	194	1.74e-106	300
KDHFCO_06035	ABCLFC_13130	76.4	628	148	0	1	628	1	628	0.0	958
KDHFCO_06040	ANIMCG_03315	97.6	123	3	0	1	123	1	123	2.32e-84	239
KDHFCO_06045	ABNNBP_06570	100	108	0	0	1	108	1	108	6.32e-77	219
KDHFCO_06050	CGMKCF_02095	63.2	117	43	0	1	117	1	117	1.10e-55	168
KDHFCO_06060	BJLDLK_03650	97.5	157	4	0	1	157	1	157	1.05e-106	314
KDHFCO_06065	BJLDLK_03650	96.7	452	15	0	1	452	171	622	0.0	897
KDHFCO_06070	AAKGEC_01605	74.4	434	111	0	1	434	1	434	6.52e-243	665
KDHFCO_06075	AAKGEC_01610	73.8	320	77	3	1	319	1	314	1.45e-168	468
KDHFCO_06080	AAKGEC_01615	74.5	282	72	0	3	284	4	285	1.61e-149	417
KDHFCO_06085	BCGFPE_05875	87.2	298	38	0	1	298	9	306	8.74e-200	548
KDHFCO_06090	BNPKDP_06905	94.2	208	11	1	1	208	1	207	7.18e-147	404
KDHFCO_06095	LMHNOH_02535	87.5	664	83	0	1	664	1	664	0.0	1216
KDHFCO_06100	BDMBBJ_03275	82.0	572	102	1	1	572	1	571	0.0	926
KDHFCO_06105	AAKGEC_01665	86.1	460	64	0	1	460	1	460	3.79e-299	810
KDHFCO_06105	AANGNE_04960	53.8	450	207	1	9	458	6	454	9.82e-176	497
KDHFCO_06110	AAKGEC_01670	95.3	253	12	0	1	253	1	253	3.55e-165	454
KDHFCO_06120	AAKGEC_01680	93.9	181	11	0	1	181	1	181	2.76e-122	339
KDHFCO_06125	AANGNE_05290	80.9	277	53	0	1	277	3	279	7.95e-168	463
KDHFCO_06130	ABCLFC_07670	98.1	260	5	0	1	260	1	260	1.11e-174	478
KDHFCO_06130	COBKPA_00070	67.6	256	79	2	6	260	2	254	4.81e-115	327
KDHFCO_06135	ABCLFC_07605	96.4	275	10	0	1	275	1	275	4.37e-189	517
KDHFCO_06135	AAOIOD_01895	72.2	273	76	0	1	273	1	273	2.92e-145	405
KDHFCO_06135	AAKGEC_12835	37.9	272	166	2	2	272	3	272	1.08e-58	185
KDHFCO_06140	OPPHHN_00245	96.4	503	18	0	1	503	15	517	0.0	937
KDHFCO_06145	AAKGEC_01705	98.1	466	9	0	1	466	1	466	0.0	941
KDHFCO_06150	BJLDLK_03550	99.2	248	2	0	1	248	1	248	1.90e-168	462
KDHFCO_06150	AANGNE_05280	64.9	248	87	0	1	248	1	248	2.12e-108	310
KDHFCO_06155	AAOIOD_10010	75.9	340	82	0	1	340	19	358	6.46e-195	537
KDHFCO_06160	PPBJPA_01250	73.4	203	54	0	1	203	1	203	1.05e-107	305
KDHFCO_06165	ABCLFC_07565	98.9	1489	17	0	1	1489	1	1489	0.0	2907
KDHFCO_06170	AAKGEC_01730	92.1	479	38	0	1	479	1	479	0.0	907
KDHFCO_06175	AAOIOD_01875	79.2	418	87	0	1	418	1	418	4.76e-257	700
KDHFCO_06185	AAKGEC_01745	92.3	271	21	0	1	271	1	271	1.10e-177	487
KDHFCO_06185	AANGNE_05265	70.1	264	79	0	1	264	1	264	1.82e-130	375
KDHFCO_06190	AAKGEC_01750	93.0	201	14	0	1	201	1	201	7.46e-139	383
KDHFCO_06190	AANGNE_05265	78.5	200	42	1	2	200	267	466	3.07e-111	323
KDHFCO_06195	AAKGEC_01755	93.4	167	11	0	1	167	1	167	5.95e-117	325
KDHFCO_06195	AANGNE_05260	69.1	165	51	0	1	165	1	165	4.54e-85	244
KDHFCO_06200	AAKGEC_01760	98.0	153	3	0	1	153	1	153	4.84e-107	298
KDHFCO_06200	AANGNE_05255	65.4	153	53	0	1	153	1	153	1.32e-70	206
KDHFCO_06205	AAKGEC_01765	88.7	248	28	0	1	248	1	248	7.11e-158	435
KDHFCO_06205	CJHCCN_01765	60.3	242	94	1	7	248	7	246	2.83e-96	279
KDHFCO_06210	HNNKEJ_04455	81.9	238	43	0	1	238	1	238	5.23e-132	369
KDHFCO_06210	AANGNE_05245	69.6	237	72	0	1	237	1	237	2.36e-110	314
KDHFCO_06215	DFCDFN_06745	80.1	181	36	0	1	181	1	181	2.43e-102	290
KDHFCO_06220	ABCLFC_07510	99.6	253	1	0	1	253	1	253	3.66e-183	499
KDHFCO_06220	CJHCCN_07860	41.5	236	132	5	15	246	1	234	1.62e-52	167
KDHFCO_06225	ACIHME_01345	97.1	206	6	0	1	206	1	206	6.01e-134	371
KDHFCO_06225	AANGNE_04545	43.4	205	102	1	2	206	4	194	1.54e-50	159
KDHFCO_06260	AAKGEC_01790	96.2	605	23	0	1	605	1	605	0.0	1123
KDHFCO_06260	HNNKEJ_11875	31.4	493	309	6	107	573	144	633	3.73e-70	235
KDHFCO_06260	HNNKEJ_12255	32.3	496	314	8	92	575	221	706	2.07e-61	213
KDHFCO_06260	AANGNE_08905	30.8	490	329	4	92	575	210	695	1.67e-60	210
KDHFCO_06260	BNBIEO_02540	29.5	492	334	6	92	576	117	602	9.39e-60	206
KDHFCO_06260	AAKGEC_05730	33.2	391	256	3	190	576	188	577	1.14e-59	206
KDHFCO_06260	LBKFJK_02080	27.5	528	353	10	72	579	90	607	1.97e-53	189
KDHFCO_06260	AMLBPA_01235	27.5	556	378	9	24	570	191	730	3.88e-53	190
KDHFCO_06260	NGAPDN_04410	26.9	498	341	10	80	568	97	580	1.53e-48	175
KDHFCO_06260	AANGNE_01510	26.6	579	383	13	12	573	23	576	8.34e-48	173
KDHFCO_06260	ABNNBP_02275	26.4	503	341	8	92	579	87	575	2.04e-45	166
KDHFCO_06265	LBKFJK_02080	72.8	604	154	1	1	594	4	607	4.64e-296	814
KDHFCO_06265	HNNKEJ_11875	30.8	509	328	4	106	591	129	636	1.35e-76	252
KDHFCO_06265	HNNKEJ_12255	33.6	494	307	9	106	588	221	704	5.78e-73	244
KDHFCO_06265	AANGNE_08905	33.3	495	307	10	106	588	210	693	1.76e-71	240
KDHFCO_06265	NGAPDN_04410	28.8	497	334	7	106	594	107	591	6.08e-58	201
KDHFCO_06265	AAKGEC_01790	28.1	545	359	12	66	594	52	579	6.96e-57	198
KDHFCO_06265	AANGNE_01510	30.2	497	315	11	106	588	98	576	4.44e-56	196
KDHFCO_06265	BNBIEO_02540	32.1	393	253	8	207	593	220	604	1.64e-54	192
KDHFCO_06265	AMLBPA_01235	26.3	479	332	8	114	585	266	730	2.05e-47	174
KDHFCO_06265	ABNNBP_02275	26.2	497	351	9	106	594	87	575	7.58e-47	170
KDHFCO_06270	AAKGEC_01800	90.5	252	24	0	1	252	1	252	4.18e-168	461
KDHFCO_06270	DAEIAJ_08765	53.2	252	109	4	1	245	1	250	1.17e-84	250
KDHFCO_06280	BAFDFF_09595	98.8	166	2	0	1	166	226	391	1.08e-114	328
KDHFCO_06285	BAFDFF_09595	100	201	0	0	1	201	1	201	9.68e-145	405
KDHFCO_06295	DFCDFN_06475	84.8	171	24	1	1	171	1	169	4.30e-91	259
KDHFCO_06300	AIPJBK_09740	95.1	122	5	1	1	121	1	122	3.56e-69	200
KDHFCO_06310	AAKGEC_07200	55.9	506	222	1	1	505	1	506	2.68e-197	556
KDHFCO_06310	EKEFPE_07370	57.6	493	209	0	1	493	1	493	1.48e-195	552
KDHFCO_06310	AAKGEC_09050	28.2	426	289	5	27	452	25	433	2.67e-43	156
KDHFCO_06320	AAKGEC_01820	89.2	83	9	0	1	83	1	83	3.80e-49	155
KDHFCO_06325	AAKGEC_01820	89.8	128	13	0	1	128	100	227	3.30e-80	237
KDHFCO_06330	AAKGEC_01820	96.0	125	5	0	1	125	238	362	2.56e-81	239
KDHFCO_06335	AAKGEC_01825	83.3	705	118	0	1	705	120	824	0.0	1147
KDHFCO_06335	OFHJOO_01805	53.0	477	211	7	221	692	238	706	4.94e-158	470
KDHFCO_06340	BHKCDL_03245	79.1	244	51	0	6	249	13	256	2.35e-138	386
KDHFCO_06340	AGFMFG_07640	50.8	246	121	0	1	246	1	246	1.29e-87	257
KDHFCO_06345	AAKGEC_01835	88.0	266	32	0	1	266	1	266	1.09e-168	464
KDHFCO_06345	ACNHAK_07835	67.3	266	87	0	1	266	1	266	1.91e-127	359
KDHFCO_06350	NGDFHG_01855	70.5	210	62	0	1	210	1	210	5.42e-101	289
KDHFCO_06350	DOHOGG_04025	57.6	203	86	0	8	210	7	209	5.09e-79	233
KDHFCO_06360	AAKGEC_01850	88.8	499	56	0	1	499	1	499	0.0	870
KDHFCO_06360	AANGNE_04835	62.9	493	183	0	1	493	1	493	3.04e-224	624
KDHFCO_06365	HNNKEJ_04355	78.8	406	84	2	2	407	2	405	8.33e-243	663
KDHFCO_06365	AANGNE_04840	70.0	407	117	4	2	407	2	404	7.01e-209	577
KDHFCO_06375	AAKGEC_01865	91.6	427	36	0	1	427	1	427	3.18e-288	780
KDHFCO_06375	AANGNE_04850	49.4	423	213	1	2	424	3	424	1.22e-146	421
KDHFCO_06380	BGHOFK_01130	79.9	889	178	1	22	910	19	906	0.0	1373
KDHFCO_06380	GKAHPE_00190	45.8	883	430	14	34	905	19	863	4.75e-238	689
KDHFCO_06380	BGHOFK_00755	29.1	759	481	18	34	758	7	742	4.00e-87	294
KDHFCO_06380	AANGNE_04040	29.2	725	451	15	48	735	21	720	3.19e-83	283
KDHFCO_06380	AKPIPJ_02055	29.6	719	448	24	34	703	23	732	3.83e-81	278
KDHFCO_06380	JAPIMJ_06920	27.8	727	478	16	34	733	8	714	2.02e-79	273
KDHFCO_06380	AANGNE_04380	28.2	740	470	19	27	716	1	729	1.01e-76	266
KDHFCO_06380	FHIFIE_03450	28.3	732	455	22	48	735	22	727	1.24e-74	259
KDHFCO_06380	EOHHJN_09855	26.8	730	462	20	42	735	15	708	1.07e-68	242
KDHFCO_06380	LIMBNG_08850	23.2	668	434	20	74	732	34	631	5.71e-41	158
KDHFCO_06380	DBFGIH_00895	23.9	656	416	20	48	694	8	589	3.95e-39	152
KDHFCO_06385	AAKGEC_01875	92.2	217	17	0	1	217	1	217	1.85e-140	388
KDHFCO_06385	HCJGAG_05080	59.9	217	86	1	1	216	2	218	5.72e-88	256
KDHFCO_06390	OFBGNF_06050	82.2	757	135	0	1	757	3	759	0.0	1253
KDHFCO_06395	EGPLAC_08685	87.9	281	34	0	1	281	1	281	2.97e-181	497
KDHFCO_06400	DLODMN_07810	85.3	340	50	0	1	340	1	340	2.66e-217	593
KDHFCO_06415	BEHEAJ_00625	78.2	285	60	1	1	285	50	332	5.56e-165	458
KDHFCO_06425	CBFHCM_03370	88.5	96	7	1	1	96	1	92	1.71e-52	156
KDHFCO_06430	AHPAPB_10090	99.6	279	1	0	1	279	22	300	2.69e-203	553
KDHFCO_06430	OBFACL_08170	37.7	265	162	2	10	271	7	271	3.27e-51	167
KDHFCO_06435	KABOBF_01505	88.3	94	3	1	1	86	1	94	1.16e-50	151
KDHFCO_06455	AANGNE_06065	64.4	306	109	0	1	306	1	306	1.44e-147	414
KDHFCO_06455	BDMBBJ_03645	64.7	309	108	1	1	308	1	309	1.90e-147	414
KDHFCO_06490	AANGNE_03570	33.7	419	261	10	12	419	12	424	9.82e-61	201
KDHFCO_06490	CGMKCF_11750	29.6	486	273	8	9	430	12	492	4.57e-59	197
KDHFCO_06490	NGIILC_02175	31.6	431	267	8	20	434	20	438	1.99e-56	189
KDHFCO_06490	AANGNE_01470	30.2	427	275	10	22	434	22	439	8.63e-49	169
KDHFCO_06490	FMNMPI_06710	30.7	449	278	13	7	434	33	469	9.70e-49	169
KDHFCO_06490	DDKKPM_03600	29.3	427	280	12	16	434	19	431	2.76e-44	157
KDHFCO_06500	AANGNE_07095	78.5	107	22	1	1	106	1	107	2.29e-63	184
KDHFCO_06505	EKJGNK_00995	93.1	131	9	0	1	131	1	131	1.93e-89	252
KDHFCO_06510	AOPEMA_06405	98.6	571	8	0	1	571	1	571	0.0	1106
KDHFCO_06515	AIPJBK_09975	99.1	552	5	0	1	552	1	552	0.0	1070
KDHFCO_06515	CJHCCN_10680	37.0	541	330	7	2	539	4	536	2.71e-107	329
KDHFCO_06515	AAKGEC_07820	36.2	553	337	9	2	550	4	544	6.16e-105	323
KDHFCO_06520	PDDAOC_05860	97.1	350	5	1	1	350	1	345	5.21e-235	638
KDHFCO_06540	ABNNBP_07265	99.6	285	1	0	1	285	1	285	2.15e-207	563
KDHFCO_06540	AAKGEC_11745	38.1	260	157	3	6	264	7	263	2.87e-62	195
KDHFCO_06540	AAKGEC_05485	44.0	268	130	6	3	257	6	266	2.28e-61	192
KDHFCO_06540	CGMKCF_02875	43.5	260	112	5	5	257	2	233	2.73e-60	189
KDHFCO_06540	ABCBPP_06850	38.4	276	164	4	4	276	7	279	9.84e-57	181
KDHFCO_06540	AANGNE_05130	39.4	282	163	5	1	277	1	279	3.80e-56	179
KDHFCO_06570	AJCMKJ_10760	94.6	186	9	1	1	186	1	185	1.02e-117	328
KDHFCO_06570	AANGNE_06075	59.5	185	75	0	2	186	2	186	5.26e-74	218
KDHFCO_06605	KABOBF_01505	88.3	94	3	1	1	86	1	94	1.16e-50	151
KDHFCO_06610	AHPAPB_10090	99.5	202	1	0	1	202	22	223	2.52e-140	390
KDHFCO_06615	BLCAGE_08900	98.3	234	4	0	1	234	40	273	2.49e-170	467
KDHFCO_06625	CEFGEI_08345	94.3	106	6	0	1	106	205	310	7.32e-62	189
KDHFCO_06630	BDMBBJ_03645	96.0	224	9	0	1	224	87	310	7.14e-157	434
KDHFCO_06630	AANGNE_06065	62.1	219	83	0	1	219	86	304	8.55e-102	294
KDHFCO_06635	JNMKIO_06740	85.8	351	23	1	1	351	1	324	2.41e-210	575
KDHFCO_06635	CGMKCF_00270	47.9	353	173	4	10	351	9	361	7.61e-108	317
KDHFCO_06635	AANGNE_04890	46.1	345	183	1	10	351	9	353	5.41e-106	311
KDHFCO_06640	CIEFDF_10550	97.8	93	2	0	1	93	1	93	5.40e-66	190
KDHFCO_06645	CGMKCF_00270	95.6	361	11	1	1	356	1	361	8.28e-242	656
KDHFCO_06645	AANGNE_04890	71.3	356	99	1	1	356	1	353	1.11e-177	494
KDHFCO_06645	JNMKIO_06740	43.5	352	158	4	9	356	10	324	3.28e-88	265
KDHFCO_06650	DFCDFN_06050	86.5	443	59	1	1	442	1	443	1.38e-285	775
KDHFCO_06655	NJMHHG_04155	86.9	685	90	0	23	707	31	715	0.0	1199
KDHFCO_06660	FIHDIM_06450	98.9	282	3	0	1	282	1	282	2.37e-202	550
KDHFCO_06660	CEHAJH_05250	63.6	283	101	2	1	281	1	283	1.31e-128	364
KDHFCO_06665	NEBMPO_04790	89.7	126	13	0	1	126	1	126	5.35e-78	223
KDHFCO_06670	DDDLLA_03590	78.4	236	51	0	1	236	1	236	6.28e-138	384
KDHFCO_06670	AANGNE_04915	57.6	231	98	0	6	236	2	232	2.47e-93	270
KDHFCO_06670	AANGNE_04155	38.5	218	131	3	1	218	6	220	1.33e-53	169
KDHFCO_06670	BKOEEG_07425	36.9	214	134	1	5	218	4	216	1.37e-49	159
KDHFCO_06675	AAKGEC_04385	91.6	416	35	0	1	416	1	416	1.94e-276	749
KDHFCO_06675	AANGNE_09220	36.3	328	200	3	2	327	9	329	2.10e-65	209
KDHFCO_06680	AAKGEC_04390	97.1	340	10	0	1	340	1	340	4.18e-244	660
KDHFCO_06685	AAKGEC_04395	83.5	158	26	0	1	158	1	158	6.00e-83	238
KDHFCO_06690	AHPAPB_06590	97.4	571	15	0	1	571	1	571	0.0	1098
KDHFCO_06690	ABCLFC_11365	25.6	535	382	9	11	539	5	529	1.01e-42	158
KDHFCO_06695	AAKGEC_04405	97.2	570	16	0	1	570	1	570	0.0	1097
KDHFCO_06700	ABCLFC_05965	98.8	260	3	0	1	260	1	260	3.11e-183	500
KDHFCO_06705	CDIIGJ_07080	77.9	190	41	1	1	189	1	190	7.06e-108	304
KDHFCO_06715	CDIIGJ_07075	82.2	455	80	1	1	455	1	454	2.45e-284	772
KDHFCO_06725	CDIIGJ_07070	81.0	268	50	1	4	271	3	269	6.50e-151	422
KDHFCO_06730	HNNKEJ_04020	75.4	321	74	1	1	316	185	505	6.32e-168	474
KDHFCO_06735	HNNKEJ_04020	86.4	184	25	0	1	184	1	184	3.03e-109	318
KDHFCO_06740	AAKGEC_04435	96.6	319	11	0	1	319	1	319	6.88e-237	640
KDHFCO_06745	EGPLAC_06475	78.3	263	54	1	1	260	1	263	1.84e-146	407
KDHFCO_06750	AAKGEC_04445	86.3	212	29	0	1	212	1	212	1.36e-135	375
KDHFCO_06755	MKICBC_02795	87.5	256	32	0	1	256	1	256	2.15e-161	445
KDHFCO_06760	ABNNBP_07570	100	246	0	0	1	246	1	246	6.30e-176	480
KDHFCO_06765	AAKGEC_04460	87.6	202	25	0	1	202	1	202	1.60e-129	359
KDHFCO_06770	BEGLKA_12880	98.1	262	5	0	1	262	1	262	6.11e-196	532
KDHFCO_06775	ABCLFC_05880	98.0	199	4	0	1	199	1	199	5.45e-143	393
KDHFCO_06780	ABCLFC_05875	97.0	435	13	0	1	435	1	435	9.29e-296	799
KDHFCO_06785	ABIMCM_05575	85.1	208	31	0	1	208	1	208	1.05e-121	340
KDHFCO_06790	JCMPCJ_06020	51.4	317	149	3	3	315	5	320	1.28e-105	308
KDHFCO_06795	AAKGEC_04495	77.9	353	78	0	1	353	1	353	3.19e-202	556
KDHFCO_06800	ABCLFC_05850	96.1	180	7	0	1	180	54	233	1.57e-123	347
KDHFCO_06800	EEJBJI_10780	69.6	204	61	1	1	204	54	256	4.53e-105	300
KDHFCO_06810	AAKGEC_03120	86.5	598	81	0	1	598	1	598	0.0	993
KDHFCO_06810	AANGNE_03775	62.2	588	221	1	9	596	9	595	1.98e-250	698
KDHFCO_06815	AAKGEC_03115	89.5	133	14	0	1	133	1	133	2.72e-83	237
KDHFCO_06815	CBFHCM_03360	58.6	128	53	0	2	129	16	143	5.62e-53	160
KDHFCO_06820	ABCLFC_06230	96.9	159	5	0	1	159	1	159	2.21e-100	282
KDHFCO_06820	AANGNE_05030	64.6	158	56	0	2	159	4	161	1.10e-65	194
KDHFCO_06825	PEPBIK_06785	98.9	666	7	0	1	666	1	666	0.0	1274
KDHFCO_06825	DBFGIH_06730	72.4	666	183	1	1	665	25	690	0.0	969
KDHFCO_06825	BLCAGE_03870	45.9	658	337	8	13	662	66	712	8.19e-186	544
KDHFCO_06825	HNNKEJ_05215	45.5	657	339	7	18	665	64	710	2.16e-183	537
KDHFCO_06830	KFHBHO_04850	77.8	108	24	0	2	109	7	114	8.29e-60	176
KDHFCO_06835	NCNHMD_07095	71.0	824	215	6	1	810	1	814	0.0	1154
KDHFCO_06850	AANGNE_05075	83.8	555	89	1	1	554	1	555	0.0	941
KDHFCO_06855	AAKGEC_11105	97.6	418	10	0	1	418	1	418	4.61e-246	672
KDHFCO_06855	AANGNE_05080	74.0	411	107	0	1	411	1	411	2.84e-175	493
KDHFCO_06860	MJPEDB_02195	95.6	388	17	0	1	388	1	388	2.98e-235	642
KDHFCO_06860	AANGNE_05085	63.0	376	139	0	5	380	2	377	1.20e-164	464
KDHFCO_06865	EPFKBN_07295	77.5	204	46	0	1	204	1	204	6.30e-117	328
KDHFCO_06865	AMCIGH_01795	67.6	204	66	0	1	204	21	224	3.60e-100	286
KDHFCO_06870	CBEECJ_04715	78.3	534	116	0	1	534	1	534	4.83e-311	847
KDHFCO_06875	BGHOFK_03990	73.7	453	119	0	1	453	1	453	4.32e-254	696
KDHFCO_06875	LEAGNF_11255	62.3	453	167	1	3	455	13	461	8.93e-212	589
KDHFCO_06875	DDDLLA_05020	31.5	460	287	6	23	456	21	478	6.09e-75	240
KDHFCO_06880	ABCBPP_06455	69.6	273	83	0	1	273	1	273	2.91e-130	367
KDHFCO_06885	ABCLFC_06295	98.7	234	3	0	1	234	1	234	5.59e-164	449
KDHFCO_06885	HDKJGO_02420	60.7	234	92	0	1	234	1	234	1.01e-104	299
KDHFCO_06890	MDKGKD_05780	82.9	841	143	1	1	841	2	841	0.0	1293
KDHFCO_06890	DBFGIH_00895	41.0	678	380	8	9	676	8	675	2.17e-151	460
KDHFCO_06890	LIMBNG_08850	34.8	736	448	8	8	729	4	721	1.89e-129	403
KDHFCO_06890	JAPIMJ_06920	28.0	744	419	18	73	724	88	806	1.37e-56	206
KDHFCO_06900	BAFDFF_09595	99.7	391	1	0	1	391	1	391	2.03e-287	775
KDHFCO_06905	AAKGEC_09225	30.0	470	279	16	1	452	94	531	1.60e-49	174
KDHFCO_06930	BAFDFF_09595	99.7	391	1	0	1	391	1	391	2.03e-287	775
KDHFCO_06945	AAKGEC_03855	97.2	355	10	0	1	355	1	355	1.97e-261	706
KDHFCO_06950	BGHOFK_03960	87.6	267	32	1	1	266	1	267	1.95e-155	430
KDHFCO_06955	CNLKLD_06710	76.3	262	59	2	3	262	6	266	2.49e-141	394
KDHFCO_06960	BGHOFK_03950	93.3	415	27	1	1	414	34	448	4.02e-259	707
KDHFCO_06960	AAKGEC_00645	37.8	299	167	3	4	283	2	300	4.42e-61	199
KDHFCO_06960	BNBIEO_02790	42.8	236	129	3	6	237	3	236	8.55e-54	177
KDHFCO_06970	AAKGEC_03880	94.0	299	18	0	1	299	1	299	4.58e-200	546
KDHFCO_06970	AANGNE_04290	73.2	299	80	0	1	299	1	299	5.83e-153	427
KDHFCO_06975	BGHOFK_03920	78.8	198	42	0	1	198	1	198	7.05e-102	289
KDHFCO_06975	AANGNE_03620	64.0	175	63	0	13	187	1	175	8.46e-73	215
KDHFCO_06980	AAKGEC_03890	86.4	295	40	0	1	295	1	295	2.98e-183	503
KDHFCO_06985	AAKGEC_03895	91.1	428	38	0	1	428	1	428	1.79e-278	755
KDHFCO_06990	KFHBHO_01280	98.1	212	4	0	1	212	1	212	1.17e-150	415
KDHFCO_06990	NAECHE_07625	56.6	212	90	2	1	210	3	214	1.18e-79	234
KDHFCO_06995	CDIIGJ_01240	82.0	427	77	0	1	427	1	427	3.47e-249	681
KDHFCO_06995	BNBIEO_08520	65.1	427	149	0	1	427	1	427	1.05e-196	548
KDHFCO_07000	AAKGEC_03910	73.3	165	44	0	1	165	1	165	1.81e-83	240
KDHFCO_07000	ACNHAK_08560	59.6	161	60	2	1	161	1	156	6.63e-60	180
KDHFCO_07005	AAKGEC_03915	82.6	357	62	0	1	357	1	357	4.82e-215	588
KDHFCO_07005	AANGNE_05185	62.5	357	134	0	1	357	1	357	5.95e-155	436
KDHFCO_07010	AAKGEC_03920	90.8	349	32	0	1	349	1	349	5.32e-231	628
KDHFCO_07010	AANGNE_05190	69.0	348	108	0	1	348	2	349	5.62e-173	481
KDHFCO_07015	AAKGEC_03925	93.1	116	8	0	1	116	1	116	1.75e-71	206
KDHFCO_07015	AANGNE_05195	69.8	116	34	1	1	116	10	124	4.20e-51	154
KDHFCO_07020	DNKGCI_00500	85.5	193	28	0	3	195	24	216	9.60e-121	337
KDHFCO_07025	AANGNE_05205	85.6	403	55	2	5	405	7	408	8.09e-239	653
KDHFCO_07035	BGHOFK_03865	75.3	166	41	0	1	166	1	166	6.96e-91	259
KDHFCO_07035	AANGNE_05210	62.4	165	61	1	1	164	1	165	6.52e-74	216
KDHFCO_07040	DDDLLA_03830	79.9	169	32	1	1	169	1	167	5.00e-103	290
KDHFCO_07055	BGHOFK_03855	89.9	424	39	1	1	424	1	420	1.49e-262	715
KDHFCO_07055	DFCDFN_01470	28.4	429	266	11	19	425	22	431	1.33e-42	152
KDHFCO_07060	OAEMLE_07555	95.9	197	8	0	1	197	1	197	8.58e-130	360
KDHFCO_07075	AAKGEC_06740	60.5	349	126	1	1	349	1	337	3.82e-139	395
KDHFCO_07135	AANGNE_04890	39.7	343	203	3	9	351	15	353	3.99e-78	240
KDHFCO_07135	CGMKCF_00270	40.3	357	205	4	1	351	7	361	4.48e-76	235
KDHFCO_07135	JNMKIO_06740	37.9	348	182	5	4	351	11	324	4.58e-66	208
KDHFCO_07165	AHPAPB_10090	99.6	279	1	0	1	279	22	300	2.69e-203	553
KDHFCO_07165	OBFACL_08170	37.7	265	162	2	10	271	7	271	3.27e-51	167
KDHFCO_07170	KABOBF_01505	89.4	94	2	1	1	86	1	94	4.04e-51	152
KDHFCO_07185	ABCLFC_13075	99.8	599	1	0	1	599	1	599	0.0	1196
KDHFCO_07375	AAKGEC_03965	98.5	329	5	0	1	329	1	329	1.75e-235	638
KDHFCO_07380	AAKGEC_03970	89.7	204	21	0	1	204	1	204	1.21e-130	362
KDHFCO_07380	LEAGNF_10685	52.8	197	93	0	1	197	1	197	6.93e-69	206
KDHFCO_07385	ADJCAM_00200	97.3	257	7	0	1	257	18	274	3.11e-181	495
KDHFCO_07390	GKALEM_05860	98.8	242	3	0	1	242	1	242	9.80e-182	495
KDHFCO_07390	AANGNE_04480	59.9	247	93	4	1	242	1	246	9.76e-107	305
KDHFCO_07395	AMCIGH_01055	80.1	146	29	0	1	146	19	164	4.75e-85	243
KDHFCO_07400	BGHOFK_03820	79.9	268	53	1	1	268	1	267	5.07e-162	447
KDHFCO_07400	BNBIEO_08330	52.2	268	125	2	5	269	8	275	9.18e-101	292
KDHFCO_07405	LBKFJK_09535	71.7	374	104	1	3	376	2	373	1.03e-201	556
KDHFCO_07405	AANGNE_06440	71.0	373	106	1	3	375	4	374	6.47e-195	539
KDHFCO_07410	AAKGEC_09510	83.4	175	29	0	1	175	1	175	1.33e-109	307
KDHFCO_07415	AAKGEC_04005	89.7	439	45	0	1	439	7	445	3.21e-311	839
KDHFCO_07420	HNAFAL_01760	80.9	131	25	0	1	131	63	193	2.42e-76	222
KDHFCO_07430	ABNNBP_07905	99.7	305	1	0	1	305	1	305	2.19e-226	613
KDHFCO_07430	AANGNE_00295	62.6	297	105	2	7	303	1	291	1.46e-133	377
KDHFCO_07435	DDDLLA_03930	75.3	251	62	0	2	252	3	253	7.36e-137	382
KDHFCO_07440	CGMKCF_01490	89.0	283	31	0	1	283	1	283	6.62e-172	473
KDHFCO_07440	DBFGIH_02365	40.2	281	167	1	1	281	1	280	1.82e-66	206
KDHFCO_07445	AAKGEC_04030	94.8	650	34	0	1	650	1	650	0.0	1165
KDHFCO_07445	DBFGIH_04860	65.3	645	214	2	1	645	1	635	1.29e-301	832
KDHFCO_07445	AANGNE_08360	32.9	663	387	12	5	647	3	627	2.41e-91	293
KDHFCO_07445	AAKGEC_03590	30.3	657	409	14	16	645	12	646	2.50e-75	251
KDHFCO_07445	AJKPDP_02710	31.1	663	384	17	13	649	19	634	2.60e-73	245
KDHFCO_07450	AAKGEC_04035	96.0	297	12	0	1	297	1	297	1.52e-181	499
KDHFCO_07450	AECHFI_07555	52.8	265	125	0	4	268	4	268	4.02e-89	265
KDHFCO_07455	AAKGEC_04040	77.1	353	81	0	1	353	1	353	1.47e-200	551
KDHFCO_07455	AANGNE_02820	51.6	349	168	1	1	348	1	349	4.02e-124	358
KDHFCO_07460	BGHOFK_03765	91.9	321	26	0	1	321	1	321	4.78e-212	578
KDHFCO_07460	AANGNE_06610	42.0	312	175	3	1	311	1	307	1.21e-79	242
KDHFCO_07460	AANGNE_00875	37.2	320	191	3	1	317	1	313	2.69e-79	241
KDHFCO_07460	GHCKID_06985	33.6	318	201	6	6	323	2	309	1.96e-52	172
KDHFCO_07460	AANGNE_02105	31.8	314	201	6	6	317	2	304	5.10e-51	168
KDHFCO_07465	COBMDH_06290	96.5	313	5	1	1	307	1	313	3.68e-216	587
KDHFCO_07465	AANGNE_06460	72.2	299	83	0	8	306	1	299	2.25e-157	438
KDHFCO_07470	AAKGEC_04055	82.7	330	56	1	1	330	1	329	7.86e-198	543
KDHFCO_07470	AANGNE_06465	62.8	325	96	2	5	329	1	300	6.09e-144	405
KDHFCO_07475	ABNNBP_07950	100	239	0	0	1	239	1	239	6.36e-129	361
KDHFCO_07495	AHPAPB_10090	99.6	279	1	0	1	279	22	300	2.69e-203	553
KDHFCO_07495	OBFACL_08170	37.7	265	162	2	10	271	7	271	3.27e-51	167
KDHFCO_07500	KABOBF_01505	89.4	94	2	1	1	86	1	94	4.04e-51	152
KDHFCO_07510	AAKGEC_04065	94.8	499	26	0	1	499	1	499	0.0	913
KDHFCO_07515	ALHAGD_05895	85.7	126	18	0	1	126	1	126	6.68e-77	222
KDHFCO_07515	AANGNE_06470	67.6	148	47	1	1	148	1	147	1.21e-71	209
KDHFCO_07520	CFLCIE_08105	92.5	120	9	0	1	120	71	190	3.96e-77	223
KDHFCO_07530	ABCBPP_06150	85.2	155	23	0	1	155	1	155	7.08e-101	283
KDHFCO_07535	GGNLIA_06015	98.2	708	7	1	1	708	1	702	0.0	1338
KDHFCO_07540	AAKGEC_04090	83.3	257	43	0	1	257	1	257	9.35e-152	420
KDHFCO_07545	ABCBPP_06135	75.6	209	51	0	1	209	1	209	1.42e-108	307
KDHFCO_07550	AAKGEC_04100	76.5	921	212	1	1	917	1	921	0.0	1368
KDHFCO_07555	KABOBF_09515	96.4	252	7	1	1	250	1	252	1.41e-170	467
KDHFCO_07555	AANGNE_06500	62.4	242	88	1	6	247	4	242	1.58e-107	307
KDHFCO_07560	AIPJBK_10570	92.5	361	27	0	1	361	1	361	8.40e-247	670
KDHFCO_07560	AANGNE_06505	69.3	361	106	2	1	361	1	356	2.37e-181	503
KDHFCO_07560	AANGNE_01255	39.1	248	142	5	45	288	12	254	1.28e-52	174
KDHFCO_07565	HNNKEJ_03900	90.9	821	71	1	1	817	1	821	0.0	1313
KDHFCO_07565	BACFJJ_03605	41.3	690	388	8	5	684	3	685	1.10e-168	506
KDHFCO_07570	ABCLFC_06795	99.2	480	4	0	4	483	40	519	0.0	933
KDHFCO_07575	AAKGEC_04135	87.2	211	27	0	1	211	1	211	5.47e-130	361
KDHFCO_07585	CDIIGJ_10515	59.8	498	174	4	9	480	5	502	4.85e-219	610
KDHFCO_07585	AANGNE_08355	50.5	481	220	7	7	478	3	474	1.27e-164	471
KDHFCO_07585	DDDLLA_10775	46.7	482	233	6	7	478	3	470	6.90e-158	453
KDHFCO_07585	DAEIAJ_08645	49.4	484	218	10	7	478	3	471	9.15e-158	453
KDHFCO_07585	ACDDAG_07275	47.3	482	230	10	6	478	9	475	4.70e-151	436
KDHFCO_07585	BGHOFK_02325	37.2	497	267	12	4	480	6	477	4.96e-103	313
KDHFCO_07585	BNPKDP_04435	33.7	481	259	12	6	478	4	432	9.25e-85	265
KDHFCO_07585	ABCBPP_13515	32.6	500	283	18	3	480	1	468	3.36e-64	212
KDHFCO_07585	AANGNE_04725	28.1	487	312	14	6	480	4	464	3.18e-53	183
KDHFCO_07595	BGHOFK_04410	37.9	348	191	6	10	349	6	336	3.46e-67	212
KDHFCO_07595	ABCLFC_03590	33.9	322	200	5	10	328	17	328	2.76e-58	189
KDHFCO_07595	AAKGEC_11925	35.6	278	153	8	10	276	4	266	6.33e-46	156
KDHFCO_07595	AANGNE_01135	34.6	246	151	3	24	269	23	258	5.88e-44	150
KDHFCO_07610	AANGNE_01135	40.0	255	146	2	35	289	28	275	5.00e-59	190
KDHFCO_07610	BGHOFK_04410	35.7	322	194	4	12	326	6	321	1.45e-54	180
KDHFCO_07610	AAKGEC_11925	39.3	262	153	3	12	270	4	262	3.46e-54	178
KDHFCO_07620	DANMKC_02965	41.8	256	131	3	1	239	1	255	7.49e-70	212
KDHFCO_07625	AEMMAL_06890	92.4	607	46	0	1	607	2	608	0.0	1092
KDHFCO_07625	IAFHMK_02330	31.4	510	282	16	10	487	5	478	5.25e-48	174
KDHFCO_07630	BKOEEG_07425	99.1	221	2	0	1	221	2	222	4.63e-159	436
KDHFCO_07630	AANGNE_04155	56.3	213	91	1	3	215	10	220	4.51e-86	251
KDHFCO_07635	IAFHMK_06900	80.2	449	87	1	1	449	1	447	3.66e-265	723
KDHFCO_07640	BNPKDP_05810	99.2	261	2	0	1	261	1	261	1.50e-193	526
KDHFCO_07645	ABCBPP_06065	89.2	891	96	0	3	893	6	896	0.0	1450
KDHFCO_07645	AAOIOD_00880	60.0	893	349	2	1	893	15	899	0.0	976
KDHFCO_07650	LKGJOH_05815	98.2	220	4	0	1	220	1	220	1.04e-151	418
KDHFCO_07650	CEPOIM_07510	44.1	222	116	4	1	216	1	220	1.44e-51	174
KDHFCO_07650	AANGNE_07255	41.6	221	123	2	1	216	1	220	3.70e-50	170
KDHFCO_07650	CDIIGJ_08275	37.1	221	138	1	1	220	1	221	2.57e-46	150
KDHFCO_07655	DDDLLA_00800	83.2	274	46	0	1	274	9	282	8.58e-167	460
KDHFCO_07660	BGHOFK_03655	79.9	159	32	0	2	160	1	159	2.26e-91	260
KDHFCO_07665	DNKGCI_09760	78.2	490	105	1	1	488	1	490	9.37e-280	763
KDHFCO_07675	ABCLFC_06855	96.4	197	7	0	1	197	1	197	6.69e-140	385
KDHFCO_07675	CJHCCN_03945	67.7	192	62	0	1	192	2	193	3.64e-98	280
KDHFCO_07675	AANGNE_09505	42.6	188	94	3	6	192	22	196	3.65e-47	150
KDHFCO_07680	EKJGNK_01690	97.5	403	10	0	1	403	1	403	2.74e-275	745
KDHFCO_07690	HNNKEJ_03785	75.9	673	162	0	1	673	1	673	0.0	1035
KDHFCO_07690	AANGNE_03970	70.8	677	194	1	1	673	1	677	0.0	936
KDHFCO_07695	AANGNE_03965	91.0	312	28	0	1	312	1	312	7.68e-216	587
KDHFCO_07700	ABCBPP_06010	50.0	244	121	1	1	243	3	246	1.06e-76	229
KDHFCO_07705	AAKGEC_06740	92.3	339	26	0	1	339	1	339	1.21e-215	588
KDHFCO_07710	AAKGEC_06735	65.8	158	54	0	1	158	1	158	2.58e-69	204
KDHFCO_07715	ABCLFC_06900	99.5	211	1	0	1	211	1	211	4.64e-147	404
KDHFCO_07720	BFGFFC_05595	69.8	431	121	1	6	427	6	436	3.10e-222	613
KDHFCO_07720	BEIAAA_10170	53.8	429	186	2	5	430	1	420	4.33e-160	455
KDHFCO_07725	AAKGEC_06720	63.4	216	79	0	1	216	1	216	9.63e-101	288
KDHFCO_07725	AANGNE_03935	53.1	213	99	1	4	216	3	214	9.98e-74	219
KDHFCO_07730	AAKGEC_06715	71.1	187	54	0	1	187	1	187	7.82e-100	283
KDHFCO_07735	AAKGEC_06710	90.7	151	14	0	1	151	1	151	2.57e-92	261
KDHFCO_07735	AANGNE_03930	73.0	148	40	0	4	151	6	153	3.73e-74	215
KDHFCO_07740	AAKGEC_06705	98.8	162	2	0	1	162	1	162	1.86e-113	315
KDHFCO_07745	BEGLKA_13615	96.8	157	5	0	1	157	1	157	1.25e-114	318
KDHFCO_07745	IAMBHH_04735	64.9	151	52	1	1	151	10	159	1.03e-72	213
KDHFCO_07750	BNBIEO_00025	82.8	314	54	0	1	314	1	314	9.17e-185	509
KDHFCO_07755	CJHCCN_08915	84.3	510	79	1	1	509	1	510	2.36e-295	805
KDHFCO_07755	ABIMCM_06435	74.5	509	123	3	4	506	20	527	2.00e-255	704
KDHFCO_07760	AAKGEC_06685	100	94	0	0	1	94	1	94	7.37e-65	187
KDHFCO_07765	AANGNE_03900	82.0	111	20	0	1	111	1	111	4.63e-63	184
KDHFCO_07770	AAKGEC_06675	99.0	104	1	0	1	104	1	104	6.99e-70	201
KDHFCO_07775	BIHALF_01680	73.6	383	101	0	1	383	1	383	1.19e-197	548
KDHFCO_07775	DBFGIH_08970	58.6	389	159	2	1	388	7	394	6.08e-151	429
KDHFCO_07775	BNBIEO_00315	32.6	341	221	7	50	387	49	383	6.03e-43	151
KDHFCO_07780	AAKGEC_06665	79.7	133	26	1	1	132	3	135	1.71e-68	199
KDHFCO_07785	AAKGEC_06660	92.1	453	30	2	1	447	1	453	4.92e-310	837
KDHFCO_07785	AANGNE_03875	73.9	425	103	1	1	417	4	428	6.56e-236	648
KDHFCO_07790	AAKGEC_06655	96.7	270	9	0	1	270	1	270	9.23e-186	507
KDHFCO_07790	DIBOGN_02545	35.8	268	166	3	2	266	32	296	4.05e-49	161
KDHFCO_07795	BGHOFK_03540	85.1	121	18	0	1	121	1	121	6.41e-72	207
KDHFCO_07800	AAKGEC_06645	85.2	257	38	0	1	257	1	257	8.91e-161	443
KDHFCO_07800	AANGNE_05105	68.9	257	79	1	1	257	1	256	4.48e-126	355
KDHFCO_07805	AAKGEC_06640	80.3	229	44	1	1	228	1	229	2.84e-125	351
KDHFCO_07805	AECHFI_07860	66.5	230	72	3	1	229	1	226	3.49e-97	280
KDHFCO_07810	AAKGEC_06635	93.1	218	15	0	1	218	1	218	1.17e-148	409
KDHFCO_07815	CDIIGJ_02085	78.4	222	47	1	1	221	1	222	1.96e-124	348
KDHFCO_07815	BNBIEO_08545	59.9	222	89	0	1	222	1	222	1.31e-94	273
KDHFCO_07845	HNNKEJ_03595	75.5	424	101	1	1	421	1	424	2.18e-231	635
KDHFCO_07845	AANGNE_04420	71.8	418	118	0	3	420	2	419	4.24e-223	614
KDHFCO_07850	AAKGEC_06615	98.1	208	4	0	1	208	1	208	4.79e-139	384
KDHFCO_07855	KCGGLB_01940	91.2	635	56	0	1	635	1	635	0.0	1086
KDHFCO_07855	AANGNE_04410	74.8	635	159	1	1	635	1	634	4.45e-316	867
KDHFCO_07855	AANGNE_02030	35.6	509	325	3	1	509	1	506	1.28e-109	337
KDHFCO_07855	AAKGEC_02945	34.2	511	332	4	1	511	1	507	1.39e-100	313
KDHFCO_07855	CNLKLD_03745	30.9	624	380	12	7	612	7	597	1.30e-84	274
KDHFCO_07855	AANGNE_00260	31.1	541	356	8	3	535	1	532	1.60e-76	251
KDHFCO_07860	AAKGEC_00660	87.7	130	16	0	1	130	1	130	2.98e-81	231
KDHFCO_07865	BIHALF_01615	89.8	216	22	0	1	216	1	216	8.38e-137	379
KDHFCO_07870	BPDDPD_11960	86.1	223	31	0	1	223	10	232	4.81e-136	378
KDHFCO_07870	AANGNE_05160	63.3	221	81	0	1	221	1	221	1.43e-98	283
KDHFCO_07875	AGDPFD_04480	83.7	606	98	1	1	605	1	606	0.0	983
KDHFCO_07880	AAKGEC_00680	81.2	218	41	0	1	218	1	218	2.96e-126	352
KDHFCO_07880	BLCAGE_01450	45.4	216	115	2	1	215	7	220	1.26e-61	189
KDHFCO_07885	AAKGEC_00685	79.8	441	89	0	1	441	1	441	1.78e-243	667
KDHFCO_07885	ABCLFC_08195	33.5	400	253	7	42	439	2	390	5.75e-72	229
KDHFCO_07890	GFPDIJ_07775	76.8	181	32	1	1	171	1	181	8.75e-89	254
KDHFCO_07895	BGHOFK_04845	79.1	225	46	1	1	225	1	224	1.37e-124	349
KDHFCO_07895	AGINCK_01445	58.0	224	86	3	1	224	1	216	6.62e-91	263
KDHFCO_07895	CNLKLD_02960	43.3	231	117	5	5	225	6	232	1.37e-53	169
KDHFCO_07895	CNLKLD_03860	42.5	226	122	3	2	222	3	225	1.67e-53	169
KDHFCO_07900	BGHOFK_04850	82.7	318	54	1	1	318	1	317	1.16e-191	526
KDHFCO_07900	CNLKLD_03550	75.4	313	75	2	5	317	4	314	5.04e-169	469
KDHFCO_07905	AGINCK_00645	87.2	524	63	1	1	524	18	537	0.0	926
KDHFCO_07905	AANGNE_03460	49.0	502	228	6	16	517	38	511	2.14e-168	484
KDHFCO_07910	AAKGEC_00710	92.5	147	11	0	1	147	1	147	1.83e-90	256
KDHFCO_07910	DICHKL_01080	63.0	146	54	0	2	147	3	148	8.22e-62	184
KDHFCO_07915	BGHOFK_04865	84.1	295	47	0	6	300	6	300	1.95e-177	489
KDHFCO_07920	AAKGEC_00720	91.3	150	13	0	1	150	1	150	1.15e-99	280
KDHFCO_07940	AGDPFD_03945	83.8	154	25	0	1	154	1	154	1.09e-91	260
KDHFCO_07945	AAKGEC_00730	82.4	398	70	0	1	398	1	398	7.10e-240	655
KDHFCO_07950	AAKGEC_00735	74.4	215	55	0	1	215	1	215	1.77e-112	317
KDHFCO_07955	FAKCMI_00935	100	362	0	0	1	362	1	362	1.49e-264	714
KDHFCO_07960	MPMINF_04995	96.0	301	12	0	1	301	1	301	1.52e-203	555
KDHFCO_07965	BACFJJ_03605	78.4	828	174	4	1	824	1	827	0.0	1289
KDHFCO_07965	HNNKEJ_03900	39.1	673	399	3	3	667	5	674	7.41e-158	478
KDHFCO_07970	AAKGEC_00755	90.6	149	14	0	1	149	1	149	1.77e-98	276
KDHFCO_07970	AANGNE_06520	55.9	145	63	1	5	148	3	147	8.38e-54	164
KDHFCO_07975	BGHOFK_04890	77.9	276	58	1	1	276	1	273	2.65e-148	413
KDHFCO_07975	IHNEIG_03435	61.7	274	102	2	3	276	9	279	1.19e-115	330
KDHFCO_07980	AAKGEC_00765	82.7	179	30	1	1	178	1	179	7.06e-101	285
KDHFCO_07985	CNLKLD_06600	86.5	646	84	2	1	644	1	645	0.0	1095
KDHFCO_07985	HNNJHH_01325	50.9	642	298	11	6	637	49	683	1.49e-211	604
KDHFCO_07990	PEPBIK_07990	99.5	213	1	0	1	213	3	215	5.72e-138	382
KDHFCO_08000	AAKGEC_00785	92.9	140	10	0	1	140	1	140	9.70e-94	264
KDHFCO_08000	AANGNE_06545	63.8	138	49	1	1	137	1	138	4.91e-64	189
KDHFCO_08005	DDDLLA_00355	84.2	722	114	0	1	722	21	742	0.0	1228
KDHFCO_08010	DFCDFN_06160	82.2	326	57	1	1	325	1	326	3.49e-199	546
KDHFCO_08015	AAKGEC_00800	92.6	311	23	0	1	311	1	311	1.20e-201	551
KDHFCO_08015	AANGNE_06565	67.2	311	102	0	1	311	1	311	7.29e-145	407
KDHFCO_08020	DFCDFN_06170	92.1	229	18	0	2	230	3	231	2.33e-152	419
KDHFCO_08025	DDDLLA_00375	80.2	363	72	0	1	363	38	400	4.58e-210	578
KDHFCO_08025	AAKGEC_03190	34.8	336	201	9	40	364	19	347	1.25e-48	164
KDHFCO_08030	BNPKDP_05395	97.9	195	4	0	1	195	22	216	7.99e-135	377
KDHFCO_08030	CJHCCN_03770	50.3	191	89	3	5	195	30	214	3.44e-61	190
KDHFCO_08035	CNLKLD_02275	93.8	176	11	0	1	176	10	185	1.63e-125	347
KDHFCO_08040	ABNNBP_08525	100	267	0	0	1	267	1	267	8.61e-189	514
KDHFCO_08045	AAKGEC_00835	81.7	540	99	0	1	540	1	540	1.39e-311	848
KDHFCO_08045	AAOIOD_06645	49.9	547	262	5	1	538	1	544	1.56e-179	513
KDHFCO_08050	BAOMEA_00695	85.8	295	39	1	1	292	1	295	4.31e-177	487
KDHFCO_08055	AAKGEC_00845	57.3	185	79	0	32	216	1	185	5.18e-72	214
KDHFCO_08055	AANGNE_03830	45.9	185	100	0	32	216	1	185	3.28e-56	174
KDHFCO_08060	DDDLLA_00655	82.7	301	52	0	1	301	1	301	4.54e-176	486
KDHFCO_08060	EEJBJI_05590	73.1	305	81	1	1	304	1	305	4.12e-156	436
KDHFCO_08065	OAEMLE_06825	94.5	327	18	0	1	327	1	327	8.88e-226	615
KDHFCO_08070	BGHOFK_04990	90.5	296	27	1	1	295	1	296	1.02e-192	527
KDHFCO_08075	DDDLLA_00675	80.1	477	95	0	5	481	8	484	1.73e-292	795
KDHFCO_08075	AANGNE_03810	72.5	477	131	0	5	481	5	481	6.41e-264	723
KDHFCO_08075	AAKGEC_11065	37.8	481	272	5	14	481	16	482	1.82e-110	332
KDHFCO_08080	ABIMCM_02060	59.8	229	90	1	3	229	1	229	2.81e-92	267
KDHFCO_08080	ABCBPP_11185	54.5	220	100	0	10	229	3	222	5.79e-83	243
KDHFCO_08085	ABIMCM_02065	63.1	179	65	1	1	179	2	179	1.75e-74	218
KDHFCO_08090	ABIMCM_02075	69.6	615	185	2	3	617	8	620	8.64e-297	817
KDHFCO_08090	CGMKCF_08225	58.7	620	248	5	1	615	1	617	5.69e-242	679
KDHFCO_08090	ABIMCM_08870	34.7	626	370	11	19	615	90	705	2.48e-108	338
KDHFCO_08090	AAOIOD_03725	36.1	540	314	10	59	579	124	651	1.02e-90	291
KDHFCO_08090	AAKGEC_02970	27.2	604	410	9	9	602	2	585	4.08e-72	240
KDHFCO_08090	LDJGMM_06975	32.9	492	308	10	85	562	138	621	3.83e-71	239
KDHFCO_08090	AANGNE_03555	30.5	532	319	11	55	561	142	647	2.13e-68	232
KDHFCO_08090	PFILNK_05065	32.5	486	278	11	87	562	147	592	4.46e-67	228
KDHFCO_08090	BGHOFK_01575	29.8	597	355	15	57	617	146	714	1.45e-66	228
KDHFCO_08090	EMELHB_12155	34.4	439	264	8	193	619	166	592	2.96e-64	219
KDHFCO_08115	CBFHCM_03370	88.5	96	7	1	1	96	1	92	1.71e-52	156
KDHFCO_08120	OBFACL_08170	99.6	272	1	0	1	272	1	272	9.05e-198	540
KDHFCO_08120	AHPAPB_10090	38.1	270	164	2	7	276	31	297	1.95e-53	172
KDHFCO_08130	BEHEAJ_00625	76.8	211	47	1	1	211	50	258	2.60e-115	329
KDHFCO_08140	DDDLLA_00680	84.3	638	94	2	1	634	1	636	0.0	1013
KDHFCO_08140	AAOIOD_01425	41.0	476	255	7	163	634	6	459	8.18e-103	323
KDHFCO_08140	AANGNE_04005	36.2	456	258	10	163	600	5	445	6.55e-70	232
KDHFCO_08145	AAKGEC_00875	91.8	305	25	0	1	305	1	305	6.24e-201	548
KDHFCO_08145	AANGNE_02150	63.9	305	109	1	1	304	1	305	6.50e-134	379
KDHFCO_08145	AAOIOD_01420	33.8	305	200	1	1	303	1	305	7.25e-54	175
KDHFCO_08150	AAKGEC_00880	93.6	233	15	0	1	233	1	233	3.68e-148	409
KDHFCO_08150	AANGNE_02145	65.8	231	79	0	1	231	1	231	3.31e-100	288
KDHFCO_08155	AAKGEC_00885	82.1	379	68	0	1	379	1	379	4.38e-229	626
KDHFCO_08155	AAOIOD_01845	34.2	368	227	8	8	365	6	368	5.17e-55	182
KDHFCO_08155	AAKGEC_05560	33.4	374	231	9	10	372	4	370	5.58e-51	172
KDHFCO_08160	MHGLEN_03375	99.0	587	6	0	1	587	1	587	0.0	1175
KDHFCO_08170	KABOBF_10205	99.0	594	6	0	1	594	1	594	0.0	1092
KDHFCO_08175	HNNKEJ_05145	67.8	146	45	1	36	179	36	181	8.62e-58	176
KDHFCO_08175	HPDOHA_04170	64.6	147	51	1	34	179	46	192	5.64e-56	172
KDHFCO_08180	DFCDFN_06275	78.4	347	74	1	1	347	11	356	7.86e-202	555
KDHFCO_08180	DDKKPM_00580	74.0	346	89	1	1	346	10	354	3.15e-189	523
KDHFCO_08185	AAKGEC_00915	77.6	134	30	0	1	134	1	134	2.96e-67	196
KDHFCO_08190	AAKGEC_00920	90.7	248	23	0	1	248	1	248	7.93e-155	427
KDHFCO_08190	AANGNE_02115	63.5	211	74	2	40	247	50	260	2.93e-87	256
KDHFCO_08195	BGHOFK_05055	82.2	230	40	1	1	230	1	229	3.29e-145	401
KDHFCO_08200	HNAFAL_02430	89.2	148	16	0	1	148	1	148	8.19e-94	266
KDHFCO_08205	AAKGEC_00935	94.8	445	23	0	1	445	1	445	1.96e-286	776
KDHFCO_08210	AAKGEC_00940	97.7	87	2	0	1	87	1	87	2.49e-53	157
KDHFCO_08215	BGHOFK_05075	72.8	312	84	1	1	312	1	311	5.84e-166	461
KDHFCO_08215	LBKFJK_03615	66.9	314	102	2	1	313	1	313	3.95e-148	416
KDHFCO_08220	EHLNLG_09380	94.3	352	20	0	1	352	4	355	6.42e-248	671
KDHFCO_08225	BGHOFK_05110	72.1	190	53	0	1	190	1	190	5.44e-99	281
KDHFCO_08225	AANGNE_03735	68.4	190	60	0	4	193	5	194	1.16e-93	268
KDHFCO_08230	HNNKEJ_05215	80.6	805	149	3	1	805	1	798	0.0	1255
KDHFCO_08230	BLCAGE_03870	70.8	723	206	2	1	723	8	725	0.0	1010
KDHFCO_08230	DBFGIH_06730	46.4	659	334	8	65	713	41	690	5.81e-194	566
KDHFCO_08230	PEPBIK_06785	45.7	670	341	8	57	716	12	668	3.84e-192	560
KDHFCO_08240	MKCKPI_06015	96.4	307	11	0	1	307	16	322	2.46e-219	596
KDHFCO_08240	AANGNE_04950	32.2	301	201	3	6	305	209	507	1.88e-50	171
KDHFCO_08250	AANGNE_03680	79.0	248	52	0	1	248	1	248	1.29e-141	394
KDHFCO_08250	AAKGEC_12175	49.8	241	118	1	1	241	5	242	2.57e-77	231
KDHFCO_08250	AAKGEC_12360	50.6	241	114	2	2	241	7	243	1.86e-75	226
KDHFCO_08250	AANGNE_02185	46.1	245	127	2	1	244	4	244	3.00e-71	215
KDHFCO_08250	LGJCEJ_06495	42.5	221	120	5	21	239	48	263	9.97e-49	162
KDHFCO_08250	AAKGEC_05805	40.5	257	135	6	1	239	4	260	9.31e-48	159
KDHFCO_08250	AANGNE_01045	34.3	268	156	5	1	249	3	269	8.05e-47	156
KDHFCO_08255	ABJDJH_11510	94.2	295	17	0	1	295	27	321	1.35e-187	515
KDHFCO_08260	DNKGCI_10375	75.9	282	65	1	1	282	1	279	8.86e-152	422
KDHFCO_08260	AANGNE_04620	43.5	283	154	5	1	282	1	278	3.55e-71	218
KDHFCO_08265	AAKGEC_00995	93.4	196	13	0	2	197	2	197	2.27e-122	341
KDHFCO_08270	AAKGEC_01000	93.5	555	36	0	1	555	1	555	0.0	1024
KDHFCO_08275	DFCDFN_04420	83.2	107	18	0	1	107	1	107	5.08e-61	179
KDHFCO_08280	NAFEBK_03350	83.9	149	22	1	1	147	1	149	1.33e-93	264
KDHFCO_08280	AANGNE_05965	60.3	146	51	1	3	148	2	140	3.93e-61	182
KDHFCO_08285	AIKIDN_08510	83.7	166	23	1	1	162	1	166	9.97e-59	177
KDHFCO_08290	AHPAPB_07960	99.1	235	1	1	1	234	1	235	1.42e-164	451
KDHFCO_08295	HNNJHH_01220	90.0	80	6	1	12	89	1	80	3.66e-52	154
KDHFCO_08300	AAKGEC_01025	98.1	411	8	0	1	411	1	411	6.89e-304	818
KDHFCO_08305	CHBPFB_07405	85.8	275	39	0	2	276	33	307	2.54e-163	452
KDHFCO_08305	DICHKL_05080	36.0	275	162	2	2	276	29	289	3.32e-54	174
KDHFCO_08305	AKPIPJ_02635	32.1	280	180	4	3	276	32	307	1.24e-48	160
KDHFCO_08310	AGINCK_00970	80.0	370	74	0	1	370	1	370	9.67e-220	602
KDHFCO_08310	AANGNE_06205	64.9	370	124	2	2	369	2	367	6.25e-176	491
KDHFCO_08315	AGINCK_00975	78.2	394	85	1	3	395	3	396	2.07e-233	638
KDHFCO_08315	AAKGEC_07105	70.9	395	115	0	1	395	1	395	1.65e-218	600
KDHFCO_08315	AANGNE_06210	61.6	393	151	0	2	394	6	398	1.37e-185	517
KDHFCO_08315	ALNFEK_04740	29.4	374	230	14	35	394	793	1146	1.13e-43	159
KDHFCO_08315	AIGDEK_01835	32.0	391	217	15	30	392	23	392	6.74e-43	157
KDHFCO_08320	ABCBPP_05105	62.0	142	54	0	1	142	1	142	1.20e-54	165
KDHFCO_08325	ABJDJH_12000	98.5	136	2	0	1	136	1	136	2.48e-97	274
KDHFCO_08345	ABJDJH_11990	82.4	272	48	0	1	272	110	381	3.87e-165	460
KDHFCO_08350	ABJDJH_11990	86.7	83	11	0	1	83	8	90	5.12e-53	167
KDHFCO_08390	AKOOIJ_01825	44.1	281	145	3	28	300	128	404	8.16e-68	219
KDHFCO_08410	ABJDJH_10035	97.8	268	6	0	1	268	1	268	3.95e-190	518
KDHFCO_08410	DACDBD_08885	45.7	269	145	1	1	268	1	269	6.73e-81	242
KDHFCO_08415	ABJDJH_11950	68.2	481	139	2	1	472	7	482	2.93e-217	604
KDHFCO_08415	AGKMKK_07315	51.6	471	204	3	7	469	10	464	2.13e-135	396
KDHFCO_08415	ACIHME_11420	50.6	486	186	4	5	471	2	452	9.41e-134	392
KDHFCO_08415	AAOIOD_07790	41.5	236	131	4	11	241	6	239	1.99e-52	178
KDHFCO_08415	CNLKLD_03340	41.5	236	132	3	11	241	7	241	4.43e-52	178
KDHFCO_08420	NAFEBK_01855	62.3	302	84	1	1	302	1	272	7.43e-119	339
KDHFCO_08420	AANGNE_06200	55.5	265	112	2	38	302	38	296	4.67e-101	295
KDHFCO_08420	DGJKMP_07475	48.5	305	144	3	3	302	19	315	5.62e-94	278
KDHFCO_08425	BCFLNJ_11120	97.5	242	3	1	1	239	1	242	2.31e-157	433
KDHFCO_08425	BLCAGE_03725	52.7	239	113	0	1	239	1	239	4.49e-79	234
KDHFCO_08430	AAKGEC_07200	95.4	414	19	0	1	414	101	514	1.08e-271	741
KDHFCO_08430	EKEFPE_07370	64.7	394	139	0	1	394	101	494	4.39e-177	501
KDHFCO_08435	AAKGEC_07200	98.7	76	1	0	1	76	1	76	6.64e-47	152
KDHFCO_08440	AAKGEC_07205	96.1	154	6	0	1	154	1	154	5.40e-100	281
KDHFCO_08440	AANGNE_03605	58.8	148	61	0	1	148	1	148	1.27e-53	163
KDHFCO_08445	AAKGEC_07210	62.7	217	77	1	1	213	1	217	6.02e-75	222
KDHFCO_08450	EKJHIG_07470	77.2	241	55	0	1	241	30	270	1.83e-140	392
KDHFCO_08450	AAOIOD_10510	60.7	242	95	0	1	242	1	242	3.04e-106	304
KDHFCO_08460	HNNJHH_01325	99.1	651	6	0	1	651	37	687	0.0	1263
KDHFCO_08460	CNLKLD_06600	51.0	641	296	10	15	647	8	638	1.98e-208	595
KDHFCO_08465	AIGDEK_01755	86.0	215	30	0	1	215	13	227	2.66e-128	358
KDHFCO_08465	AANGNE_06410	70.6	180	53	0	1	180	1	180	2.54e-87	253
KDHFCO_08475	ABCBPP_01625	99.4	526	3	0	1	526	1	526	0.0	903
KDHFCO_08480	ABCBPP_01630	100	254	0	0	1	254	1	254	1.61e-182	498
KDHFCO_08480	HNNKEJ_08245	34.0	238	155	1	1	236	9	246	3.51e-47	154
KDHFCO_08485	AAKGEC_07240	97.0	299	9	0	1	299	12	310	2.40e-200	547
KDHFCO_08485	BPNNAG_07700	32.4	287	193	1	8	294	8	293	3.10e-47	157
KDHFCO_08490	CNOINH_00640	77.8	383	61	1	1	383	1	359	2.53e-200	554
KDHFCO_08495	BLIMPP_07115	88.1	540	63	1	1	540	1	539	0.0	955
KDHFCO_08500	ABCBPP_12950	78.9	530	94	3	1	516	1	526	1.70e-293	801
KDHFCO_08500	AANGNE_03805	51.2	527	208	4	1	513	1	492	3.03e-171	489
KDHFCO_08500	AANGNE_04410	26.3	524	339	10	13	513	13	512	2.83e-40	150
KDHFCO_08510	AAKGEC_07270	95.7	253	11	0	1	253	1	253	7.61e-176	481
KDHFCO_08515	AGINCK_01140	96.0	326	10	1	1	326	31	353	2.56e-233	633
KDHFCO_08520	NDPFCM_04505	95.2	415	18	1	1	413	1	415	7.60e-278	752
KDHFCO_08520	CJHCCN_04000	73.4	391	103	1	3	393	13	402	7.61e-202	561
KDHFCO_08525	JIBFFE_12760	95.0	201	9	1	1	201	1	200	1.19e-137	380
KDHFCO_08530	BCIBOL_04640	91.1	135	12	0	1	135	1	135	3.18e-87	248
KDHFCO_08530	AANGNE_06800	65.4	136	42	1	1	136	1	131	1.06e-57	172
KDHFCO_08535	JIBFFE_12770	96.9	196	6	0	1	196	13	208	2.00e-141	389
KDHFCO_08540	AAKGEC_07300	88.8	268	30	0	1	268	1	268	2.81e-174	478
KDHFCO_08540	AANGNE_06810	59.0	268	109	1	1	268	1	267	4.26e-120	341
KDHFCO_08545	AANGNE_06815	89.0	209	23	0	1	209	1	209	5.39e-125	348
KDHFCO_08550	BGHOFK_05300	85.4	329	46	1	1	329	1	327	7.07e-184	508
KDHFCO_08550	CJHCCN_04025	65.5	330	104	3	1	327	1	323	1.39e-134	383
KDHFCO_08555	DMIHID_10295	94.7	209	10	1	1	209	1	208	2.01e-133	370
KDHFCO_08555	AANGNE_06825	45.0	209	111	2	1	209	1	205	6.64e-58	178
KDHFCO_08570	ABIMCM_04405	99.6	277	1	0	1	277	1	277	9.48e-207	561
KDHFCO_08570	PNKCLE_01875	58.6	268	110	1	1	267	1	268	3.39e-116	334
KDHFCO_08575	MOAELC_08505	81.0	126	24	0	358	483	338	463	2.30e-64	212
KDHFCO_08580	AHPAPB_10090	99.6	279	1	0	1	279	22	300	2.69e-203	553
KDHFCO_08580	OBFACL_08170	37.7	265	162	2	10	271	7	271	3.27e-51	167
KDHFCO_08585	KABOBF_01505	89.4	94	2	1	1	86	1	94	4.04e-51	152
KDHFCO_08595	CGMKCF_05245	92.4	316	24	0	1	316	1	316	5.17e-215	586
KDHFCO_08600	AANGNE_03070	87.9	107	13	0	4	110	6	112	4.53e-67	194
KDHFCO_08605	ABIMCM_04360	78.5	801	170	1	1	799	1	801	2.38e-227	655
KDHFCO_08610	AAKGEC_07350	96.6	177	6	0	1	177	1	177	9.69e-121	335
KDHFCO_08610	ACDDAG_04390	69.7	175	52	1	4	177	23	197	1.15e-82	239
KDHFCO_08615	ABCLFC_05275	98.0	100	2	0	1	100	20	119	5.51e-65	189
KDHFCO_08620	AMBJPI_03465	96.5	141	5	0	1	141	1	141	1.37e-93	264
KDHFCO_08620	AANGNE_02690	58.9	141	58	0	1	141	1	141	5.18e-55	166
KDHFCO_08620	AANGNE_05865	57.4	141	60	0	1	141	1	141	2.44e-53	162
KDHFCO_08630	AAKGEC_07370	91.6	238	20	0	1	238	1	238	1.90e-159	438
KDHFCO_08640	DANMKC_05480	100	179	0	0	1	179	1	179	1.31e-119	333
KDHFCO_08645	KIDCCO_05445	89.6	441	35	1	1	441	1	430	5.59e-291	787
KDHFCO_08645	AANGNE_04520	59.0	432	174	2	7	435	11	442	6.64e-178	501
KDHFCO_08645	AAKGEC_03530	31.7	416	253	11	24	431	12	404	2.64e-54	183
KDHFCO_08655	BLCAGE_04280	59.0	139	57	0	1	139	1	139	7.09e-62	184
KDHFCO_08670	CKLNFN_03530	86.6	112	15	0	1	112	3	114	1.07e-65	191
KDHFCO_08675	BGHOFK_01330	91.5	223	19	0	2	224	3	225	1.11e-147	407
KDHFCO_08685	BAFDFF_09595	100	133	0	0	1	133	1	133	3.87e-93	271
KDHFCO_08690	BAFDFF_09595	99.2	258	2	0	10	267	134	391	1.16e-182	504
KDHFCO_08695	AAKGEC_07400	89.8	295	26	1	1	295	1	291	6.41e-188	514
KDHFCO_08695	BGHOFK_00085	47.6	292	153	0	3	294	1	292	2.47e-90	268
KDHFCO_08700	FGPNLL_05100	99.1	220	2	0	1	220	1	220	4.50e-152	419
KDHFCO_08705	BGHOFK_01340	80.4	510	92	4	1	505	1	507	1.05e-225	628
KDHFCO_08705	CKLNFN_01970	52.3	520	209	9	1	505	1	496	1.29e-129	383
KDHFCO_08710	ABCLFC_05180	98.9	94	1	0	1	94	1	94	6.09e-55	162
KDHFCO_08715	AAKGEC_07420	98.5	329	5	0	1	329	1	329	2.55e-228	620
KDHFCO_08715	AANGNE_03005	72.6	328	89	1	1	327	1	328	1.62e-169	471
KDHFCO_08720	HNNKEJ_05510	76.0	764	180	1	1	764	1	761	0.0	1147
KDHFCO_08720	AANGNE_03000	58.7	762	306	6	7	763	6	763	1.23e-309	862
KDHFCO_08725	MHGLEN_09670	100	126	0	0	1	126	1	126	7.67e-80	228
KDHFCO_08730	AANGNE_02990	88.4	311	36	0	7	317	13	323	8.45e-195	534
KDHFCO_08735	AJCMKJ_05155	57.6	304	129	0	1	304	1	304	4.58e-122	349
KDHFCO_08740	AAKGEC_07445	73.4	173	46	0	1	173	1	173	1.95e-93	266
KDHFCO_08745	BMNCPF_13375	92.0	187	15	0	1	187	1	187	2.26e-119	333
KDHFCO_08750	KEMHDF_04620	91.2	555	49	0	1	555	1	555	0.0	944
KDHFCO_08755	CLAPNJ_07735	95.2	146	7	0	1	146	1	146	3.28e-96	271
KDHFCO_08755	AANGNE_02930	55.8	147	64	1	1	146	1	147	2.49e-49	152
KDHFCO_08760	EPKBNI_04470	93.5	262	17	0	1	262	1	262	2.82e-175	481
KDHFCO_08770	LLNOII_01735	89.1	284	31	0	1	284	26	309	1.02e-179	494
KDHFCO_08770	AANGNE_02920	65.1	284	97	1	1	284	1	282	4.36e-128	362
KDHFCO_08775	AAKGEC_07475	74.4	160	41	0	1	160	221	380	3.59e-84	249
KDHFCO_08780	AAKGEC_07475	83.1	172	29	0	1	172	1	172	9.27e-95	277
KDHFCO_08790	AEMMAL_03545	74.8	417	105	0	1	417	13	429	2.59e-229	630
KDHFCO_08795	DNKGCI_06480	80.4	276	53	1	14	288	1	276	6.32e-156	433
KDHFCO_08800	PFILNK_05065	93.4	680	11	1	1	680	1	646	0.0	1147
KDHFCO_08800	LDJGMM_06975	70.1	635	183	4	50	679	42	674	2.16e-296	822
KDHFCO_08800	BGHOFK_01575	33.0	619	374	12	76	679	120	712	2.13e-87	285
KDHFCO_08800	ABIMCM_02075	31.9	546	343	13	147	680	92	620	9.59e-72	241
KDHFCO_08800	EMELHB_12155	30.4	448	276	11	249	680	163	590	1.95e-41	156
KDHFCO_08805	ABJDJH_11615	90.3	93	9	0	1	93	101	193	6.66e-56	168
KDHFCO_08810	BLCAGE_08900	97.9	234	5	0	1	234	40	273	4.13e-169	464
KDHFCO_08815	JMOLFK_04215	76.5	507	84	2	1	507	1	472	5.79e-215	612
KDHFCO_08815	OAEMLE_06945	43.3	515	238	7	1	502	1	474	2.10e-104	333
KDHFCO_08820	IAFHMK_08485	78.6	500	106	1	1	500	1	499	1.30e-270	741
KDHFCO_08825	AAKGEC_07545	94.8	305	16	0	1	305	1	305	2.48e-207	565
KDHFCO_08825	BNBIEO_02790	57.8	249	105	0	2	250	3	251	3.62e-103	300
KDHFCO_08825	LGJCEJ_06495	42.4	243	131	4	21	259	48	285	5.67e-57	186
KDHFCO_08825	BGHOFK_03950	40.0	240	138	3	1	238	38	273	1.14e-53	178
KDHFCO_08825	AAKGEC_12175	38.2	238	141	4	1	235	5	239	2.59e-46	153
KDHFCO_08825	AAKGEC_00645	35.6	253	149	3	12	254	16	264	1.90e-44	152
KDHFCO_08830	AAKGEC_07550	84.8	435	66	0	1	435	1	435	1.41e-267	728
KDHFCO_08830	EIKFFD_00920	49.9	439	213	3	2	435	4	440	3.48e-150	431
KDHFCO_08835	AAKGEC_07555	78.9	142	30	0	1	142	1	142	5.67e-78	224
KDHFCO_08835	BNBIEO_01400	61.0	141	55	0	1	141	1	141	3.79e-58	174
KDHFCO_08835	AANGNE_06755	56.1	139	61	0	1	139	1	139	1.07e-50	155
KDHFCO_08840	AAKGEC_07560	97.3	367	10	0	1	367	1	367	2.71e-265	716
KDHFCO_08840	AANGNE_02840	60.7	369	143	1	1	367	1	369	3.07e-170	476
KDHFCO_08845	DDDLLA_09560	77.1	118	26	1	1	117	13	130	4.64e-62	182
KDHFCO_08845	AANGNE_02835	62.4	117	44	0	1	117	1	117	4.86e-50	152
KDHFCO_08850	AAKGEC_07570	96.8	472	15	0	1	472	1	472	0.0	931
KDHFCO_08850	ACDDAG_05170	48.9	472	228	7	3	470	2	464	1.24e-155	447
KDHFCO_08880	BLCAGE_08900	97.7	219	5	0	1	219	40	258	1.24e-156	432
KDHFCO_08885	AHPAPB_10090	99.6	279	1	0	1	279	22	300	2.69e-203	553
KDHFCO_08885	OBFACL_08170	37.7	265	162	2	10	271	7	271	3.27e-51	167
KDHFCO_08890	KABOBF_01505	88.3	94	3	1	1	86	1	94	1.16e-50	151
KDHFCO_08895	CBFHCM_03370	87.5	96	8	1	1	96	1	92	2.00e-51	153
KDHFCO_08900	OBFACL_08170	99.6	272	1	0	1	272	1	272	9.05e-198	540
KDHFCO_08900	AHPAPB_10090	38.1	270	164	2	7	276	31	297	1.95e-53	172
KDHFCO_08905	CGMKCF_04160	79.9	388	69	2	1	385	1	382	7.80e-232	634
KDHFCO_08905	CJHCCN_07720	59.2	377	129	4	4	380	5	356	6.32e-158	445
KDHFCO_08910	ABJDJH_06405	96.1	668	26	0	1	668	29	696	0.0	1261
KDHFCO_08915	AAKGEC_07585	92.0	237	19	0	1	237	1	237	6.75e-162	444
KDHFCO_08920	AAKGEC_07590	84.9	238	36	0	1	238	1	238	7.79e-141	391
KDHFCO_08925	ABCLFC_08195	98.8	85	1	0	1	85	309	393	1.78e-54	170
KDHFCO_08930	ABCLFC_08195	99.6	229	1	0	1	229	1	229	4.52e-153	427
KDHFCO_08950	ABCLFC_08205	98.6	483	7	0	1	483	1	483	5.23e-278	758
KDHFCO_08960	DDDLLA_08790	92.9	408	29	0	1	408	1	408	1.61e-253	690
KDHFCO_08965	AAKGEC_07600	98.4	384	6	0	1	384	1	384	1.15e-286	772
KDHFCO_08970	CDIIGJ_03180	75.1	253	62	1	7	259	2	253	2.22e-141	394
KDHFCO_08970	AANGNE_06355	63.8	260	91	2	1	258	1	259	7.48e-129	362
KDHFCO_08975	ABCLFC_08230	98.7	891	12	0	1	891	1	891	0.0	1674
KDHFCO_08975	AAOIOD_04085	58.2	871	351	7	11	881	4	861	0.0	947
KDHFCO_08985	BGHOFK_01575	78.2	717	153	1	1	717	1	714	0.0	1058
KDHFCO_08985	AANGNE_03555	71.5	716	183	4	1	716	1	695	0.0	954
KDHFCO_08985	ABIMCM_08870	28.1	752	453	19	1	715	5	705	6.53e-78	261
KDHFCO_08985	ABIMCM_02075	29.0	600	354	15	97	674	21	570	1.64e-63	219
KDHFCO_08985	AAKGEC_02970	28.8	590	362	13	122	694	25	573	6.49e-62	214
KDHFCO_08985	AAOIOD_03725	29.8	516	334	8	187	687	150	652	1.11e-61	216
KDHFCO_08985	CGMKCF_08225	28.9	540	319	15	146	661	57	555	5.40e-55	196
KDHFCO_08995	AAKGEC_07630	94.7	151	8	0	1	151	1	151	6.38e-102	285
KDHFCO_08995	AANGNE_03545	68.8	144	45	0	1	144	1	144	2.99e-67	197
KDHFCO_09000	DNKGCI_06400	82.9	286	49	0	2	287	6	291	1.28e-162	450
KDHFCO_09005	LKGJOH_04475	95.5	223	8	1	1	223	1	221	1.17e-150	414
KDHFCO_09010	AANGNE_03520	88.6	666	70	1	1	666	1	660	0.0	1168
KDHFCO_09010	CNLKLD_07645	63.3	411	147	3	4	413	3	410	2.06e-181	518
KDHFCO_09015	CNLKLD_07645	75.5	416	99	2	4	419	3	415	1.07e-225	620
KDHFCO_09015	AANGNE_03520	66.7	414	137	1	1	414	1	413	8.70e-192	544
KDHFCO_09020	AAKGEC_07655	100	120	0	0	1	120	1	120	8.88e-85	239
KDHFCO_09025	BMNCPF_13565	98.9	265	3	0	3	267	8	272	1.22e-196	535
KDHFCO_09025	ACDDAG_08030	64.5	265	94	0	1	265	1	265	6.65e-129	363
KDHFCO_09030	BNPKDP_04435	86.3	453	45	1	1	453	1	436	2.86e-302	816
KDHFCO_09030	AANGNE_08355	37.3	477	264	9	7	452	5	477	1.76e-102	311
KDHFCO_09030	ACDDAG_07275	37.2	481	259	15	4	452	9	478	2.69e-94	290
KDHFCO_09030	BGHOFK_02325	34.7	475	276	10	6	452	10	478	1.21e-92	285
KDHFCO_09030	DAEIAJ_08645	35.4	480	264	12	8	452	6	474	3.61e-90	279
KDHFCO_09030	CDIIGJ_10515	34.2	500	274	13	7	452	5	503	1.16e-85	268
KDHFCO_09035	HNNKEJ_05840	89.8	315	32	0	1	315	149	463	1.76e-206	570
KDHFCO_09035	NGIILC_02175	46.6	305	163	0	9	313	134	438	6.63e-97	290
KDHFCO_09035	AANGNE_01470	47.4	304	160	0	9	312	134	437	2.18e-94	284
KDHFCO_09035	AANGNE_03570	37.1	318	187	5	7	317	135	446	2.04e-60	196
KDHFCO_09035	CGMKCF_11750	33.3	297	178	6	27	304	192	487	1.56e-46	160
KDHFCO_09040	HNNKEJ_05840	78.2	142	26	1	1	142	1	137	1.52e-71	219
KDHFCO_09045	AAKGEC_07675	99.6	251	1	0	1	251	1	251	9.66e-178	485
KDHFCO_09045	DNKGCI_02325	45.9	242	130	1	4	245	2	242	9.81e-80	237
KDHFCO_09045	AANGNE_02385	38.8	245	147	2	4	246	2	245	8.85e-59	184
KDHFCO_09050	AAKGEC_07680	99.8	829	2	0	1	829	1	829	0.0	1675
KDHFCO_09055	AAKGEC_07685	99.6	223	1	0	1	223	1	223	2.55e-150	414
KDHFCO_09055	AANGNE_03495	48.0	223	115	1	1	223	1	222	3.92e-65	198
KDHFCO_09060	BNBIEO_00615	84.5	322	50	0	1	322	16	337	2.25e-193	531
KDHFCO_09060	AAKGEC_11835	49.8	319	157	3	4	322	6	321	3.12e-103	302
KDHFCO_09065	BDMBBJ_07890	97.8	461	8	1	1	459	1	461	1.02e-291	791
KDHFCO_09065	BNBIEO_00620	62.7	464	139	5	1	459	1	435	2.81e-174	493
KDHFCO_09070	CDIIGJ_03270	75.8	182	43	1	3	183	2	183	3.18e-90	258
KDHFCO_09075	DIBOGN_02545	93.7	269	17	0	1	269	28	296	2.27e-180	494
KDHFCO_09075	BLIMPP_08160	69.1	269	83	0	1	269	18	286	3.92e-130	367
KDHFCO_09075	AAKGEC_06655	34.0	268	171	3	5	269	2	266	3.90e-49	160
KDHFCO_09080	FAKCMI_12975	99.3	443	3	0	1	443	1	443	2.77e-304	822
KDHFCO_09080	BNBIEO_00300	51.3	439	211	2	3	438	4	442	3.37e-150	431
KDHFCO_09080	ABNNBP_11250	45.0	451	239	4	1	442	1	451	3.48e-123	363
KDHFCO_09080	JBKKJP_13050	30.8	464	291	9	3	441	9	467	1.89e-57	193
KDHFCO_09080	AAKGEC_06030	32.8	390	247	7	1	381	1	384	1.37e-53	183
KDHFCO_09080	PHNFPI_05015	27.6	468	308	8	1	444	4	464	3.28e-53	182
KDHFCO_09085	FAKCMI_12970	98.8	253	3	0	1	253	1	253	9.27e-149	413
KDHFCO_09085	AANGNE_03475	67.9	252	81	0	1	252	1	252	5.06e-105	301
KDHFCO_09090	BGHOFK_01660	75.3	360	86	1	10	369	1	357	2.15e-181	504
KDHFCO_09090	AANGNE_03470	58.0	362	150	2	3	363	2	362	3.41e-126	364
KDHFCO_09095	ABCLFC_08365	97.8	136	3	0	1	136	19	154	4.12e-97	273
KDHFCO_09100	AAKGEC_07730	99.7	722	2	0	1	722	1	722	0.0	1418
KDHFCO_09100	AEMMAL_04810	59.9	696	269	6	10	701	11	700	2.15e-297	828
KDHFCO_09105	PEBHMD_04925	97.0	1175	34	1	1	1174	1	1175	0.0	1993
KDHFCO_09105	AANGNE_03445	60.3	1173	465	1	1	1173	1	1172	0.0	1203
KDHFCO_09110	DNKGCI_06900	82.3	231	41	0	1	231	1	231	7.20e-136	378
KDHFCO_09115	DPMHNO_00485	99.7	332	1	0	1	332	1	332	1.81e-241	654
KDHFCO_09115	AANGNE_00510	64.9	336	114	3	1	333	9	343	6.44e-153	430
KDHFCO_09115	EPKBNI_09765	31.7	322	196	6	5	321	7	309	2.56e-45	154
KDHFCO_09120	AAKGEC_07750	99.6	283	1	0	1	283	1	283	7.39e-198	539
KDHFCO_09125	AAKGEC_07755	98.4	377	6	0	1	377	1	377	1.24e-266	721
KDHFCO_09130	ABCLFC_08405	86.1	396	54	1	1	396	1	395	4.14e-240	655
KDHFCO_09135	AKPIPJ_09015	98.5	340	5	0	1	340	8	347	3.14e-243	659
KDHFCO_09140	AAKGEC_07770	97.6	210	5	0	1	210	1	210	1.44e-145	400
KDHFCO_09145	ACDDAG_07210	80.5	169	33	0	1	169	17	185	8.33e-92	262
KDHFCO_09150	AAKGEC_07780	99.6	243	1	0	1	243	1	243	1.21e-167	459
KDHFCO_09150	AANGNE_02670	72.3	242	60	2	2	243	5	239	3.71e-122	344
KDHFCO_09155	AAKGEC_07785	100	79	0	0	1	79	1	79	1.77e-56	165
KDHFCO_09160	AGINCK_01660	98.5	666	6	1	1	662	1	666	0.0	1316
KDHFCO_09165	AAKGEC_07795	99.6	285	1	0	1	285	1	285	4.16e-205	557
KDHFCO_09165	AANGNE_02650	69.6	286	86	1	1	285	1	286	2.11e-143	401
KDHFCO_09170	ADJCAM_11645	98.4	184	3	0	2	185	4	187	7.29e-134	369
KDHFCO_09170	AANGNE_02285	47.5	181	94	1	1	181	1	180	9.19e-60	181
KDHFCO_09175	ABCLFC_04435	92.3	194	15	0	1	194	54	247	4.60e-126	352
KDHFCO_09180	BMNCPF_13730	100	115	0	0	1	115	1	115	3.32e-84	238
KDHFCO_09180	DBFGIH_05035	69.0	116	34	1	1	116	1	114	1.29e-55	166
KDHFCO_09185	AAKGEC_07815	100	84	0	0	1	84	1	84	1.12e-50	150
KDHFCO_09190	AAKGEC_07820	98.5	547	8	0	1	547	1	547	0.0	1031
KDHFCO_09190	CJHCCN_10680	70.2	544	159	2	1	541	1	544	5.85e-275	756
KDHFCO_09190	AIPJBK_09975	35.8	553	339	9	4	544	2	550	2.01e-104	322
KDHFCO_09190	AANGNE_03260	29.8	449	296	13	4	441	2	442	2.43e-43	157
KDHFCO_09195	AAKGEC_07825	98.0	102	2	0	1	102	1	102	2.88e-68	196
KDHFCO_09200	AAKGEC_07830	96.0	100	4	0	1	100	1	100	8.66e-69	197
KDHFCO_09210	CDIIGJ_03410	81.4	306	56	1	1	306	1	305	2.28e-178	491
KDHFCO_09210	MCFIIO_08320	67.3	306	99	1	1	306	1	305	7.54e-143	402
KDHFCO_09215	FBLNFP_09685	98.4	379	6	0	1	379	1	379	8.46e-268	725
KDHFCO_09215	BGHOFK_07520	40.2	376	207	2	1	376	2	359	8.45e-91	274
KDHFCO_09215	AHPAPB_00360	35.8	422	219	8	9	379	13	433	1.03e-72	230
KDHFCO_09220	AAKGEC_07850	99.6	264	1	0	1	264	1	264	2.10e-183	501
KDHFCO_09225	DFCDFN_01390	85.1	282	42	0	1	282	1	282	7.88e-172	474
KDHFCO_09230	LPAKHB_10030	99.3	457	1	1	1	455	1	457	0.0	885
KDHFCO_09230	AANGNE_01830	47.0	449	227	7	4	445	3	447	1.42e-128	396
KDHFCO_09235	AAKGEC_07865	99.3	144	1	0	1	144	1	144	7.31e-100	280
KDHFCO_09240	AAKGEC_07870	96.8	155	5	0	1	155	1	155	2.37e-99	279
KDHFCO_09240	AANGNE_02610	66.3	160	46	3	1	155	1	157	5.23e-62	185
KDHFCO_09245	BGHOFK_01765	91.4	409	33	2	1	409	1	407	4.14e-267	724
KDHFCO_09250	AAKGEC_07880	95.5	243	11	0	1	243	1	243	1.69e-158	436
KDHFCO_09250	KDEKFF_00810	36.4	250	148	3	3	241	11	260	6.78e-47	154
KDHFCO_09255	AANGNE_02595	80.3	304	60	0	3	306	2	305	1.83e-173	479
KDHFCO_09265	IAFHMK_03070	78.6	323	68	1	3	325	4	325	1.81e-180	498
KDHFCO_09270	BCFLNJ_12130	98.6	146	2	0	1	146	3	148	2.32e-102	286
KDHFCO_09270	AOCDPA_06395	78.1	146	32	0	1	146	61	206	1.93e-77	225
KDHFCO_09275	AANGNE_03390	79.5	312	64	0	3	314	4	315	1.60e-195	536
KDHFCO_09280	HJDLAE_02345	84.0	119	18	1	1	119	3	120	9.45e-64	186
KDHFCO_09285	HNNKEJ_01925	72.9	970	230	6	1	949	1	958	0.0	1223
KDHFCO_09290	AAKGEC_07920	95.0	101	5	0	1	101	1	101	1.68e-62	182
KDHFCO_09295	AAKGEC_07925	96.3	108	4	0	1	108	1	108	2.79e-71	204
KDHFCO_09300	CNLKLD_08505	86.6	343	45	1	1	342	1	343	6.56e-209	576
KDHFCO_09305	AAKGEC_07935	97.5	157	4	0	1	157	1	157	4.11e-110	306
KDHFCO_09305	AANGNE_03350	67.5	154	50	0	4	157	5	158	3.37e-75	218
KDHFCO_09310	IAFHMK_03125	77.5	120	27	0	1	120	1	120	1.89e-62	184
KDHFCO_09310	AANGNE_03345	73.9	119	31	0	1	119	1	119	2.13e-57	171
KDHFCO_09315	DDDLLA_11745	84.5	232	36	0	1	232	2	233	5.72e-138	383
KDHFCO_09320	DIBOGN_02260	93.2	236	16	0	1	236	8	243	4.18e-148	409
KDHFCO_09325	JIBFFE_00845	83.4	429	71	0	1	429	1	429	1.51e-256	701
KDHFCO_09325	AAOIOD_10675	51.8	278	129	1	10	287	10	282	5.45e-95	288
KDHFCO_09330	OCIPFJ_04125	94.2	607	35	0	1	607	16	622	0.0	1012
KDHFCO_09330	ACNHAK_07820	42.2	632	273	20	1	603	1	569	8.50e-100	312
KDHFCO_09335	AIKIDN_06640	60.4	1201	421	20	1	1170	1	1178	0.0	1189
KDHFCO_09335	ABJDJH_06005	46.1	1264	542	34	1	1170	1	1219	4.44e-252	746
KDHFCO_09340	AAKGEC_07970	73.8	282	74	0	1	282	1	282	2.10e-146	409
KDHFCO_09340	ACDDAG_08760	35.4	274	175	2	1	272	1	274	5.02e-52	168
KDHFCO_09340	ENLGEC_07235	33.2	274	181	2	1	272	1	274	6.04e-50	163
KDHFCO_09340	PFOEKP_04810	37.5	264	160	4	1	259	1	264	8.51e-50	163
KDHFCO_09345	AAKGEC_07975	99.1	436	4	0	1	436	1	436	3.65e-314	846
KDHFCO_09350	OAEMLE_05585	62.0	208	78	1	20	227	1	207	1.93e-62	191
KDHFCO_09355	ABCBPP_04200	97.9	240	5	0	1	240	1	240	2.85e-165	453
KDHFCO_09355	AANGNE_03220	69.6	237	71	1	5	240	2	238	1.11e-115	327
KDHFCO_09360	MFHHKN_00865	73.8	294	76	1	1	293	1	294	3.49e-156	434
KDHFCO_09365	CDIIGJ_03585	79.2	394	72	4	1	388	1	390	9.49e-217	596
KDHFCO_09365	AANGNE_03210	61.8	380	141	2	1	379	1	377	1.70e-158	448
KDHFCO_09370	EKJHIG_03930	100	147	0	0	1	147	1	147	1.20e-99	280
KDHFCO_09375	DNKGCI_03980	82.7	214	37	0	1	214	1	214	7.28e-135	374
KDHFCO_09380	AAKGEC_11280	96.1	257	10	0	1	257	1	257	1.97e-189	515
KDHFCO_09380	AANGNE_03195	59.8	259	102	1	1	257	1	259	1.09e-115	329
KDHFCO_09385	AANGNE_03190	87.2	86	9	1	1	84	1	86	7.70e-52	154
KDHFCO_09390	CNLKLD_03915	77.0	456	103	2	1	455	1	455	2.42e-241	663
KDHFCO_09395	AAKGEC_11295	97.3	150	4	0	1	150	1	150	1.18e-92	262
KDHFCO_09400	DDDLLA_06765	77.8	654	144	1	1	653	1	654	0.0	995
KDHFCO_09400	AANGNE_03175	69.5	655	197	2	1	653	1	654	0.0	891
KDHFCO_09405	ICGPBP_03985	95.0	241	5	1	1	234	1	241	5.07e-164	449
KDHFCO_09405	AANGNE_03170	61.4	215	83	0	14	228	3	217	2.29e-90	262
KDHFCO_09405	AANGNE_07330	51.4	216	104	1	13	227	1	216	1.71e-77	229
KDHFCO_09405	ACDDAG_00830	48.1	212	110	0	13	224	1	212	1.40e-68	207
KDHFCO_09410	HKMGEG_10005	98.1	160	3	0	1	160	1	160	5.16e-104	292
KDHFCO_09415	PAGFJI_03745	99.0	287	3	0	1	287	10	296	1.17e-205	559
KDHFCO_09420	IAFHMK_03195	77.6	450	98	2	1	449	1	448	3.65e-250	685
KDHFCO_09420	AAOIOD_01850	34.2	447	275	7	1	445	3	432	3.97e-81	254
KDHFCO_09430	HNNKEJ_01800	81.7	460	83	1	1	460	1	459	4.26e-278	757
KDHFCO_09430	AAOIOD_08835	68.6	458	143	1	1	458	3	459	4.71e-227	628
KDHFCO_09435	DFCDFN_01175	76.4	322	75	1	2	323	1	321	3.95e-178	492
KDHFCO_09440	BGHOFK_01955	87.6	306	38	0	1	306	1	306	4.49e-198	541
KDHFCO_09445	AAKGEC_11355	96.7	426	14	0	1	426	1	426	2.97e-292	790
KDHFCO_09445	AANGNE_03145	67.4	426	139	0	1	426	1	426	3.60e-212	587
KDHFCO_09450	ONPFCC_03930	94.3	193	4	1	1	193	1	186	7.92e-124	344
KDHFCO_09450	AANGNE_03140	54.6	174	78	1	1	173	1	174	1.61e-58	179
KDHFCO_09455	ABCBPP_04095	80.2	379	75	0	1	379	26	404	2.01e-224	615
KDHFCO_09455	AANGNE_03135	56.8	380	161	2	1	379	1	378	3.93e-159	449
KDHFCO_09460	ABCLFC_04120	98.0	554	11	0	1	554	1	554	0.0	1066
KDHFCO_09460	PCAMPM_02350	65.2	552	185	5	1	552	1	545	6.33e-252	698
KDHFCO_09465	PEPBIK_09610	98.2	271	5	0	1	271	1	271	1.04e-195	533
KDHFCO_09465	AANGNE_03125	47.0	270	142	1	1	270	1	269	1.05e-81	244
KDHFCO_09470	ABCLFC_04110	99.6	280	1	0	1	280	19	298	1.35e-205	559
KDHFCO_09475	EGCJDI_00875	84.9	450	67	1	1	450	1	449	1.44e-277	754
KDHFCO_09475	AANGNE_03115	60.4	450	175	2	1	450	1	447	4.20e-185	520
KDHFCO_09480	AAKGEC_11390	88.6	367	42	0	1	367	1	367	1.86e-237	646
KDHFCO_09480	AAOIOD_08890	58.1	363	152	0	1	363	1	363	3.71e-152	430
KDHFCO_09485	DANMKC_04560	98.5	134	2	0	1	134	1	134	2.16e-91	258
KDHFCO_09490	DBDHAK_00430	86.9	328	43	0	1	328	18	345	1.56e-196	541
KDHFCO_09495	ABCLFC_04080	97.8	739	16	0	1	739	1	739	0.0	1477
KDHFCO_09500	EJHBKF_03700	90.5	210	20	0	1	210	2	211	3.78e-123	344
KDHFCO_09505	AMDFJK_11765	94.1	526	25	1	1	520	1	526	0.0	1006
KDHFCO_09510	ABJDJH_05815	96.1	204	8	0	1	204	97	300	2.52e-140	390
KDHFCO_09510	AAKGEC_09295	42.4	205	108	3	7	204	105	306	1.16e-49	160
KDHFCO_09510	ABCLFC_04630	40.6	202	115	2	2	203	90	286	1.58e-48	157
KDHFCO_09515	AHPAPB_10090	99.6	279	1	0	1	279	22	300	2.69e-203	553
KDHFCO_09515	OBFACL_08170	37.7	265	162	2	10	271	7	271	3.27e-51	167
KDHFCO_09530	DNKGCI_06320	80.8	156	29	1	1	155	5	160	1.16e-86	248
KDHFCO_09535	AAKGEC_11415	88.5	312	36	0	1	312	1	312	6.45e-202	551
KDHFCO_09540	MILJBE_04635	96.4	250	9	0	1	250	1	250	8.63e-183	498
KDHFCO_09565	AAKGEC_11425	91.3	369	32	0	1	369	1	369	3.54e-262	709
KDHFCO_09570	BCFLNJ_12515	98.8	246	3	0	83	328	6	251	1.33e-172	476
KDHFCO_09575	ABJDJH_05770	99.5	220	1	0	1	220	15	234	7.67e-156	428
KDHFCO_09575	CBFHCM_03435	49.3	219	111	0	1	219	1	219	6.95e-77	228
KDHFCO_09575	EHLNLG_11895	40.1	207	124	0	6	212	9	215	9.24e-54	169
KDHFCO_09580	AAKGEC_11440	95.8	72	3	0	1	72	1	72	1.17e-51	152
KDHFCO_09585	CEPOIM_07510	95.8	664	27	1	1	664	1	663	0.0	1134
KDHFCO_09585	AANGNE_07255	61.5	672	240	7	1	664	1	661	5.68e-256	717
KDHFCO_09585	LKGJOH_05815	43.7	222	117	4	1	220	1	216	7.09e-50	171
KDHFCO_09585	EIBLCD_04820	38.9	244	144	2	1	240	31	273	7.13e-50	172
KDHFCO_09585	CDIIGJ_08275	41.0	229	124	4	1	225	1	222	1.05e-46	161
KDHFCO_09585	AAKGEC_12360	39.0	246	139	7	4	244	7	246	2.10e-46	161
KDHFCO_09585	ABCLFC_10095	40.4	218	127	2	2	218	3	218	4.01e-45	157
KDHFCO_09585	AAKGEC_12175	37.2	242	140	7	3	241	5	237	2.43e-44	155
KDHFCO_09585	AANGNE_01045	39.7	237	132	4	1	226	1	237	2.33e-43	156
KDHFCO_09590	AAKGEC_11450	93.9	214	13	0	1	214	1	214	9.94e-139	384
KDHFCO_09600	ACPHPF_09350	97.5	81	2	0	1	81	121	201	2.78e-55	167
KDHFCO_09605	NGAPDN_04410	94.0	580	35	0	5	584	11	590	0.0	1021
KDHFCO_09605	AANGNE_01510	67.5	573	186	0	11	583	8	580	6.30e-273	754
KDHFCO_09605	HNNKEJ_11875	30.7	512	327	3	95	579	123	633	3.14e-72	240
KDHFCO_09605	HNNKEJ_12255	28.0	490	338	7	100	579	220	704	3.00e-58	204
KDHFCO_09605	AANGNE_08905	27.1	490	342	6	100	579	209	693	3.67e-54	192
KDHFCO_09605	ABNNBP_02275	24.2	488	362	5	100	581	86	571	1.16e-49	178
KDHFCO_09605	LBKFJK_02080	27.8	497	325	9	101	573	109	595	9.44e-49	176
KDHFCO_09605	AMLBPA_01235	27.7	575	393	9	11	574	166	728	3.72e-48	176
KDHFCO_09605	AAKGEC_01790	26.0	496	346	9	92	574	81	568	3.66e-46	168
KDHFCO_09610	KPPIIN_06725	83.9	112	18	0	1	112	112	223	4.25e-66	196
KDHFCO_09615	AAKGEC_11470	78.3	161	35	0	1	161	1	161	8.82e-87	248
KDHFCO_09620	CFBGPF_09820	93.9	295	11	1	1	295	1	288	2.04e-181	498
KDHFCO_09620	AANGNE_07260	59.4	155	63	0	1	155	1	155	1.87e-54	173
KDHFCO_09630	BGHOFK_08890	82.4	573	101	0	1	573	1	573	0.0	909
KDHFCO_09630	AANGNE_07265	71.5	569	161	1	3	571	1	568	2.18e-287	790
KDHFCO_09635	AAKGEC_11490	90.9	562	51	0	1	562	15	576	0.0	968
KDHFCO_09635	CJHCCN_00570	66.5	552	185	0	3	554	17	568	1.44e-260	721
KDHFCO_09635	AMLBPA_01235	27.0	518	350	13	44	548	227	729	1.57e-39	150
KDHFCO_09640	AAKGEC_11495	95.5	331	15	0	1	331	1	331	2.34e-225	612
KDHFCO_09640	AANGNE_07275	73.1	331	89	0	1	331	1	331	2.11e-168	468
KDHFCO_09645	HNNKEJ_00775	82.5	473	80	1	1	470	1	473	9.97e-295	801
KDHFCO_09645	DNKGCI_06265	73.4	473	119	3	1	471	1	468	9.63e-255	700
KDHFCO_09650	HNNKEJ_00770	89.5	497	52	0	1	497	4	500	0.0	886
KDHFCO_09670	AAKGEC_11510	83.5	599	99	0	1	599	1	599	0.0	1073
KDHFCO_09670	DDKKPM_05595	66.4	598	201	0	1	598	17	614	2.26e-313	858
KDHFCO_09670	BNBIEO_04325	30.0	547	304	22	51	567	67	564	1.23e-65	222
KDHFCO_09670	LBKFJK_00575	30.4	490	258	18	100	548	95	542	1.54e-63	216
KDHFCO_09675	JAPIMJ_02335	78.1	798	175	0	1	798	1	798	0.0	1285
KDHFCO_09680	NAFEBK_01195	84.7	478	73	0	1	478	29	506	2.01e-310	841
KDHFCO_09680	EIKFFD_06860	69.3	479	147	0	1	479	1	479	8.93e-255	699
KDHFCO_09685	LACCIH_04975	92.6	379	28	0	1	379	1	379	4.68e-257	697
KDHFCO_09685	BLIMPP_10925	65.0	374	131	0	1	374	1	374	5.11e-179	499
KDHFCO_09690	HNNKEJ_00745	92.7	381	27	1	1	380	1	381	3.67e-247	672
KDHFCO_09695	AAKGEC_11535	86.5	460	62	0	1	460	208	667	2.10e-316	862
KDHFCO_09705	BAFDFF_09595	100	201	0	0	1	201	1	201	9.68e-145	405
KDHFCO_09710	BAFDFF_09595	98.8	166	2	0	1	166	226	391	1.08e-114	328
KDHFCO_09715	AAKGEC_11535	79.5	195	40	0	1	195	1	195	9.98e-109	322
KDHFCO_09720	BNFMAL_08360	89.2	324	34	1	1	323	1	324	5.05e-203	555
KDHFCO_09720	AANGNE_07310	52.5	324	154	0	1	324	1	324	1.27e-113	329
KDHFCO_09725	AAKGEC_11545	97.0	133	4	0	1	133	1	133	1.78e-88	250
KDHFCO_09730	AAKGEC_11550	98.9	185	2	0	1	185	1	185	2.98e-128	355
KDHFCO_09735	AAKGEC_11555	90.9	352	32	0	1	352	1	352	1.48e-234	637
KDHFCO_09735	AANGNE_07325	66.2	352	116	2	1	352	1	349	6.08e-173	481
KDHFCO_09740	HJMHNM_01905	84.7	294	45	0	1	294	37	330	2.53e-176	487
KDHFCO_09745	ABCLFC_03825	98.4	186	3	0	1	186	1	186	6.75e-130	359
KDHFCO_09745	LEAGNF_12160	68.3	183	54	1	4	186	2	180	1.84e-86	249
KDHFCO_09750	BLJABE_10720	99.4	177	1	0	1	177	7	183	2.34e-127	352
KDHFCO_09755	BGHOFK_08795	81.7	257	47	0	1	257	6	262	2.19e-153	424
KDHFCO_09755	DDKKPM_00325	67.1	255	84	0	1	255	7	261	8.21e-121	342
KDHFCO_09760	ABJDJH_05615	98.2	379	7	0	1	379	1	379	1.07e-268	726
KDHFCO_09760	AGINCK_04610	31.9	392	243	8	1	378	1	382	2.16e-49	167
KDHFCO_09770	ABCBPP_01875	96.3	163	6	0	1	163	1	163	4.05e-113	315
KDHFCO_09775	IHCKAN_06150	97.6	164	4	0	1	164	13	176	4.67e-113	315
KDHFCO_09780	MKICBC_13355	95.6	90	4	0	1	90	258	347	3.14e-58	179
KDHFCO_09790	BLCAGE_08900	96.5	198	7	0	1	198	75	272	2.21e-138	387
KDHFCO_09795	OBFACL_08170	99.6	272	1	0	1	272	1	272	9.05e-198	540
KDHFCO_09795	AHPAPB_10090	38.1	270	164	2	7	276	31	297	1.95e-53	172
KDHFCO_09800	ABCLFC_09420	96.4	193	7	0	1	193	1	193	1.58e-136	376
KDHFCO_09805	PMFGFO_03920	100	216	0	0	1	216	1	216	1.66e-148	409
KDHFCO_09810	AAKGEC_12585	100	253	0	0	1	253	1	253	4.27e-182	496
KDHFCO_09810	AAKGEC_12580	59.7	253	101	1	2	253	17	269	7.03e-106	304
KDHFCO_09810	AAKGEC_12175	37.1	248	145	5	4	249	3	241	4.44e-49	159
KDHFCO_09815	AAKGEC_12580	98.5	269	4	0	1	269	1	269	5.42e-193	525
KDHFCO_09815	AAKGEC_12585	59.7	253	101	1	17	269	2	253	2.47e-104	300
KDHFCO_09815	AAKGEC_12175	37.6	237	137	4	31	265	14	241	6.56e-50	161
KDHFCO_09820	DFCDFN_03955	90.6	299	26	1	1	297	1	299	1.41e-182	501
KDHFCO_09825	AAKGEC_12570	99.3	307	2	0	1	307	1	307	2.89e-207	565
KDHFCO_09830	CDIIGJ_05510	87.6	274	34	0	1	274	10	283	6.16e-174	478
KDHFCO_09830	ACDDAG_06930	71.1	273	79	0	2	274	11	283	5.28e-138	387
KDHFCO_09830	CNLKLD_05960	64.4	284	87	2	1	270	11	294	1.69e-123	351
KDHFCO_09835	CNLKLD_05960	75.1	297	72	1	2	298	3	297	1.04e-149	418
KDHFCO_09835	CDIIGJ_05510	60.7	298	99	3	1	297	1	281	5.22e-123	350
KDHFCO_09835	ACDDAG_06930	59.8	296	103	2	1	296	1	280	2.83e-120	343
KDHFCO_09840	AAKGEC_12555	98.7	155	2	0	1	155	1	155	3.26e-106	296
KDHFCO_09855	ABCLFC_09475	95.7	187	8	0	1	187	1	187	3.47e-128	355
KDHFCO_09860	CDIIGJ_05530	89.4	872	91	1	1	871	1	872	0.0	1538
KDHFCO_09865	BCFLNJ_06485	91.9	308	24	1	1	308	1	307	3.77e-178	491
KDHFCO_09865	BEIAAA_04365	60.4	303	117	1	1	303	18	317	4.37e-111	322
KDHFCO_09870	DNKGCI_03435	75.0	236	48	1	4	228	8	243	1.64e-121	342
KDHFCO_09875	AAKGEC_12530	86.0	601	84	0	1	601	1	601	0.0	1024
KDHFCO_09875	EIKFFD_03850	73.1	602	159	3	1	601	1	600	6.35e-320	874
KDHFCO_09880	EHLNLG_07885	74.1	239	62	0	1	239	89	327	9.94e-131	369
KDHFCO_09880	AANGNE_02355	51.1	233	112	2	1	232	87	318	7.59e-79	237
KDHFCO_09885	EBGJEB_11835	89.8	354	36	0	1	354	1	354	6.48e-229	625
KDHFCO_09885	AANGNE_02350	57.8	339	131	5	22	351	20	355	7.76e-127	365
KDHFCO_09890	KFHBHO_02885	73.9	280	73	0	1	280	1	280	4.42e-152	423
KDHFCO_09890	AAKGEC_10130	42.6	244	138	2	39	281	86	328	2.42e-63	199
KDHFCO_09890	AANGNE_04830	38.5	247	148	2	39	281	64	310	1.42e-57	184
KDHFCO_09895	AAKGEC_12510	99.6	473	2	0	1	473	1	473	0.0	871
KDHFCO_09900	BGHOFK_03150	89.2	278	30	0	1	278	1	278	1.57e-186	510
KDHFCO_09905	AAKGEC_12500	97.3	256	7	0	1	256	1	256	6.84e-185	504
KDHFCO_09910	LKBOJM_07645	97.6	490	11	1	1	490	1	489	0.0	954
KDHFCO_09915	AAKGEC_12490	88.5	226	26	0	1	226	1	226	3.54e-143	396
KDHFCO_09920	BGHOFK_03155	86.0	236	33	0	1	236	1	236	1.68e-137	382
KDHFCO_09920	CJHCCN_05150	52.1	234	110	1	6	237	2	235	2.10e-78	233
KDHFCO_09925	NCBCII_09180	94.0	300	18	0	1	300	1	300	6.76e-202	551
KDHFCO_09930	AAKGEC_12475	98.2	170	3	0	1	170	1	170	3.18e-127	351
KDHFCO_09930	AANGNE_02315	72.4	163	45	0	1	163	3	165	1.32e-87	251
KDHFCO_09940	HNNKEJ_06745	78.0	853	149	6	1	833	1	834	0.0	1279
KDHFCO_09940	ACDDAG_06825	70.5	835	219	3	1	831	1	812	0.0	1141
KDHFCO_09945	AAKGEC_12460	94.4	197	11	0	1	197	1	197	3.56e-135	373
KDHFCO_09945	AANGNE_02300	67.7	198	63	1	1	197	1	198	5.82e-93	266
KDHFCO_09950	AAKGEC_12455	86.7	279	37	0	1	279	1	279	5.34e-173	476
KDHFCO_09955	AAKGEC_12450	86.3	161	22	0	1	161	1	161	7.41e-95	268
KDHFCO_09955	AANGNE_02295	50.9	159	76	2	1	157	1	159	3.58e-48	150
KDHFCO_09960	BGHOFK_03195	76.8	426	99	0	1	426	1	426	6.89e-224	617
KDHFCO_09960	ACDDAG_06810	62.1	430	158	3	1	428	1	427	1.06e-176	498
KDHFCO_09965	AAKGEC_12440	87.6	354	44	0	1	354	1	354	1.08e-221	605
KDHFCO_09970	AAKGEC_12435	88.3	291	34	0	1	291	1	291	1.43e-183	503
KDHFCO_09970	AANGNE_02280	61.0	287	110	2	5	290	8	293	6.83e-120	342
KDHFCO_09975	CDIIGJ_05655	82.6	224	35	2	1	223	1	221	1.15e-125	351
KDHFCO_09980	ILDBOH_09110	77.1	354	33	1	1	354	1	306	1.14e-186	514
KDHFCO_09980	IAMBHH_08305	63.8	348	124	2	1	348	4	349	8.93e-150	423
KDHFCO_09985	BAFDFF_03625	98.2	562	10	0	1	562	108	669	0.0	1006
KDHFCO_09985	BNBIEO_03250	49.7	563	266	6	1	562	108	654	1.60e-161	472
KDHFCO_09995	EIBLCD_04820	87.4	254	32	0	1	254	29	282	7.95e-153	424
KDHFCO_09995	AANGNE_07255	41.3	218	126	1	2	219	3	218	6.45e-51	173
KDHFCO_09995	CEPOIM_07510	41.3	218	126	1	2	219	3	218	2.43e-50	171
KDHFCO_10005	AAKGEC_12405	78.2	119	25	1	1	118	1	119	2.52e-63	185
KDHFCO_10010	AAKGEC_12400	96.1	388	15	0	1	388	1	388	1.85e-269	729
KDHFCO_10015	KJOAFL_00505	80.8	198	38	0	1	198	1	198	1.44e-114	322
KDHFCO_10020	AAKGEC_12390	91.4	198	17	0	1	198	1	198	2.57e-129	358
KDHFCO_10020	AANGNE_02245	63.1	198	70	1	1	198	1	195	1.02e-86	251
KDHFCO_10025	AAKGEC_12385	91.2	307	27	0	1	307	1	307	4.39e-202	551
KDHFCO_10025	AAOIOD_03175	62.0	308	116	1	1	307	1	308	8.13e-133	376
KDHFCO_10030	DFCDFN_03755	78.2	357	75	2	1	356	1	355	1.13e-203	560
KDHFCO_10030	BNBIEO_03280	69.9	356	103	2	1	355	1	353	6.78e-183	507
KDHFCO_10035	AAKGEC_12375	80.4	285	56	0	1	285	1	285	1.88e-158	439
KDHFCO_10035	LNLMLG_02345	60.8	286	107	3	1	285	1	282	7.00e-114	327
KDHFCO_10040	CNLKLD_02035	80.2	217	43	0	2	218	5	221	1.25e-128	358
KDHFCO_10045	BGHOFK_03280	87.0	715	92	1	1	714	1	715	0.0	1219
KDHFCO_10050	AAKGEC_12360	96.8	247	8	0	1	247	1	247	2.66e-173	474
KDHFCO_10050	AAKGEC_12175	63.2	239	88	0	7	245	6	244	1.19e-106	305
KDHFCO_10050	AANGNE_02185	55.6	241	107	0	7	247	5	245	5.49e-86	253
KDHFCO_10050	AANGNE_03680	48.0	244	124	1	7	247	2	245	4.05e-75	225
KDHFCO_10050	AAKGEC_05805	38.3	256	137	5	7	241	5	260	1.01e-49	164
KDHFCO_10050	AANGNE_01045	37.0	257	145	4	7	247	4	259	1.58e-49	163
KDHFCO_10050	CEPOIM_07510	39.8	246	137	7	7	246	4	244	2.08e-47	163
KDHFCO_10050	AANGNE_07255	38.6	249	137	7	7	246	4	245	1.03e-46	161
KDHFCO_10055	BNPKDP_09020	86.9	145	16	2	1	144	1	143	1.07e-78	246
KDHFCO_10060	AAKGEC_12345	95.7	140	6	0	1	140	1	140	7.92e-89	251
KDHFCO_10065	DPMHNO_08310	99.8	469	1	0	1	469	18	486	0.0	914
KDHFCO_10070	AAKGEC_12335	94.8	289	15	0	1	289	1	289	1.28e-185	508
KDHFCO_10075	AANGNE_02075	94.8	500	26	0	1	500	1	500	0.0	919
KDHFCO_10080	AAKGEC_12325	93.1	175	12	0	1	175	1	175	1.78e-106	299
KDHFCO_10080	AANGNE_02070	72.6	175	48	0	1	175	1	175	3.09e-84	243
KDHFCO_10085	AAKGEC_12320	99.4	168	1	0	1	168	1	168	3.57e-82	237
KDHFCO_10090	AAKGEC_12315	100	237	0	0	1	237	1	237	2.99e-165	452
KDHFCO_10100	AAKGEC_12305	93.4	258	17	0	1	258	1	258	1.38e-185	506
KDHFCO_10100	AANGNE_02050	69.0	258	80	0	1	258	1	258	3.70e-135	378
KDHFCO_10105	IFJOCP_02625	84.1	113	18	0	1	113	626	738	5.04e-64	203
KDHFCO_10110	IFJOCP_02625	71.5	256	73	0	1	256	345	600	2.24e-117	350
KDHFCO_10110	AAOIOD_02985	47.1	257	134	2	2	256	342	598	6.65e-62	204
KDHFCO_10115	IFJOCP_02625	73.5	344	89	1	1	342	1	344	1.18e-164	474
KDHFCO_10115	AAOIOD_02985	53.7	337	155	1	7	342	4	340	9.55e-108	328
KDHFCO_10120	ABNNBP_10675	100	204	0	0	1	204	1	204	1.67e-132	367
KDHFCO_10125	CDIIGJ_05815	76.6	453	104	1	1	453	1	451	1.00e-229	634
KDHFCO_10130	IAFHMK_01500	75.8	297	72	0	1	297	1	297	9.35e-163	452
KDHFCO_10130	AANGNE_06765	46.4	295	157	1	3	296	2	296	2.78e-100	293
KDHFCO_10145	AMHKJB_08450	81.6	185	28	1	1	185	1	179	2.40e-106	299
KDHFCO_10150	AAKGEC_12270	97.2	392	11	0	1	392	1	392	2.87e-259	703
KDHFCO_10160	AAKGEC_12260	75.7	218	53	0	1	218	1	218	7.39e-120	336
KDHFCO_10170	AAKGEC_12255	82.0	323	58	0	1	323	1	323	2.26e-196	538
KDHFCO_10175	AAKGEC_12250	92.6	189	14	0	1	189	1	189	2.50e-122	340
KDHFCO_10180	AAKGEC_12245	61.2	410	159	0	4	413	3	412	3.27e-185	518
KDHFCO_10185	MHGLEN_04895	100	155	0	0	1	155	1	155	1.95e-105	308
KDHFCO_10190	BLCAGE_08900	98.3	234	4	0	1	234	40	273	2.49e-170	467
KDHFCO_10215	DFCDFN_03625	89.8	471	47	1	1	470	1	471	1.79e-311	842
KDHFCO_10220	LBKFJK_06230	80.4	143	28	0	1	143	1	143	1.94e-79	229
KDHFCO_10225	AAKGEC_12205	93.3	163	11	0	1	163	1	163	2.25e-110	308
KDHFCO_10225	AANGNE_05350	64.7	156	55	0	3	158	4	159	4.89e-72	211
KDHFCO_10230	IAFHMK_01550	80.9	403	74	2	3	402	5	407	4.43e-243	664
KDHFCO_10235	AAKGEC_12195	96.7	418	14	0	1	418	1	418	6.21e-290	783
KDHFCO_10235	AANGNE_02010	68.9	418	130	0	1	418	1	418	4.16e-207	573
KDHFCO_10240	DDDLLA_08630	83.8	259	38	1	1	255	1	259	1.96e-153	424
KDHFCO_10250	BEHEAJ_00625	65.0	226	79	0	1	226	109	334	7.03e-107	308
KDHFCO_10255	BGHOFK_03410	84.3	440	60	5	1	436	1	435	2.02e-244	670
KDHFCO_10255	AANGNE_02000	72.5	404	104	3	1	399	1	402	1.05e-189	530
KDHFCO_10260	AAKGEC_12180	97.0	233	7	0	1	233	1	233	5.62e-168	459
KDHFCO_10260	BOCCFK_01625	53.8	236	103	3	1	233	1	233	1.68e-83	245
KDHFCO_10265	AAKGEC_12175	95.9	244	10	0	1	244	1	244	3.36e-170	466
KDHFCO_10265	AAKGEC_12360	63.2	239	88	0	6	244	7	245	1.44e-107	307
KDHFCO_10265	AANGNE_02185	55.8	240	106	0	5	244	4	243	1.04e-92	270
KDHFCO_10265	AANGNE_03680	47.7	241	123	1	5	242	1	241	3.17e-76	228
KDHFCO_10265	AANGNE_01045	41.7	252	130	5	5	240	3	253	5.25e-57	182
KDHFCO_10265	AAKGEC_05805	40.9	257	131	5	5	240	4	260	1.05e-55	179
KDHFCO_10265	AAKGEC_12585	39.2	250	137	7	3	241	4	249	1.52e-49	160
KDHFCO_10265	AAKGEC_12580	36.7	237	139	4	14	241	31	265	9.35e-49	158
KDHFCO_10265	AANGNE_07255	38.1	252	134	9	5	244	3	244	1.34e-47	163
KDHFCO_10265	AAKGEC_07545	39.3	239	139	4	5	240	1	236	3.73e-47	155
KDHFCO_10265	CEPOIM_07510	37.1	245	136	8	5	237	3	241	6.29e-45	156
KDHFCO_10265	LGJCEJ_06495	37.7	265	135	7	6	243	5	266	2.92e-44	150
KDHFCO_10270	AAKGEC_12170	98.2	228	4	0	1	228	1	228	4.54e-151	416
KDHFCO_10275	AAKGEC_12165	87.1	302	39	0	1	302	1	302	1.19e-192	527
KDHFCO_10275	AANGNE_01990	52.2	301	144	0	1	301	1	301	4.25e-113	326
KDHFCO_10280	HNNKEJ_07095	95.4	1207	55	0	1	1207	22	1228	0.0	2279
KDHFCO_10285	AANGNE_01980	91.6	1191	99	1	1	1191	6	1195	0.0	2184
KDHFCO_10290	EAKCFB_01135	72.6	201	53	1	1	199	1	201	1.37e-97	279
KDHFCO_10295	MAHILF_09300	85.5	221	32	0	1	221	4	224	1.17e-138	384
KDHFCO_10300	DKIIMI_12240	86.0	649	69	1	1	627	1	649	0.0	1115
KDHFCO_10305	EHLNLG_07045	91.1	101	9	0	1	101	1	101	2.10e-63	184
KDHFCO_10310	AAKGEC_12130	98.0	557	11	0	1	557	1	557	0.0	1043
KDHFCO_10310	AANGNE_01965	54.6	542	241	3	19	557	33	572	7.83e-196	556
KDHFCO_10315	IAFHMK_01615	75.2	483	118	1	1	483	1	481	1.14e-269	737
KDHFCO_10315	AANGNE_01945	71.4	483	138	0	1	483	1	483	1.92e-252	694
KDHFCO_10320	BHKCDL_01495	95.3	86	4	0	1	86	1	86	2.64e-51	153
KDHFCO_10325	DNKGCI_05890	85.0	341	50	1	1	340	1	341	2.29e-207	568
KDHFCO_10330	MHGLEN_11390	99.7	592	2	0	1	592	53	644	0.0	1158
KDHFCO_10330	BNBIEO_10465	74.2	592	151	2	1	591	24	614	0.0	878
KDHFCO_10335	PHNKGJ_04295	97.6	509	9	1	1	506	1	509	0.0	938
KDHFCO_10335	AANGNE_01930	58.6	514	203	5	1	505	1	513	3.77e-206	579
KDHFCO_10335	AANGNE_03715	51.8	512	233	9	1	505	1	505	7.65e-173	494
KDHFCO_10340	CNLKLD_05355	81.8	413	74	1	1	413	1	412	9.85e-259	704
KDHFCO_10345	DIBOGN_06825	85.3	265	39	0	1	265	1	265	6.66e-166	457
KDHFCO_10345	AANGNE_01920	51.1	264	117	4	1	263	1	253	1.07e-82	245
KDHFCO_10350	AAKGEC_12090	97.1	314	9	0	1	314	1	314	3.19e-219	595
KDHFCO_10355	AANGNE_01910	82.2	259	46	0	5	263	6	264	9.63e-166	456
KDHFCO_10360	ABCBPP_09820	98.0	445	9	0	1	445	1	445	2.81e-303	819
KDHFCO_10360	AANGNE_01900	71.8	439	124	0	1	439	1	439	8.28e-227	625
KDHFCO_10360	AAKGEC_11955	32.9	389	251	5	11	391	1	387	3.93e-59	196
KDHFCO_10360	EIFNNL_05470	31.4	388	254	5	15	393	5	389	2.96e-55	186
KDHFCO_10365	AAKGEC_12075	93.0	371	26	0	1	371	1	371	1.14e-220	604
KDHFCO_10365	AANGNE_01895	65.6	369	127	0	1	369	1	369	8.96e-150	424
KDHFCO_10380	ABCLFC_03710	99.3	150	1	0	1	150	1	150	2.51e-103	289
KDHFCO_10380	BNBIEO_05370	60.7	150	58	1	1	149	1	150	7.24e-57	171
KDHFCO_10385	BGHOFK_06095	86.9	145	18	1	2	145	116	260	5.70e-69	206
KDHFCO_10390	NKPHMN_05750	66.5	194	64	1	12	205	1	193	4.12e-85	247
KDHFCO_10395	FGPNLL_09880	97.9	194	3	1	1	193	1	194	2.63e-142	391
KDHFCO_10395	BNBIEO_05375	70.8	192	56	0	1	192	1	192	1.82e-108	305
KDHFCO_10400	DDDLLA_08840	84.8	939	142	1	1	938	1	939	0.0	1599
KDHFCO_10400	ACDDAG_09905	32.8	934	422	13	4	934	3	733	6.83e-153	466
KDHFCO_10405	AAKGEC_12025	94.8	212	11	0	1	212	1	212	5.15e-140	387
KDHFCO_10410	AAKGEC_12015	87.8	98	12	0	1	98	1	98	3.29e-62	181
KDHFCO_10415	ABNNBP_11250	100	457	0	0	1	457	1	457	5.39e-313	845
KDHFCO_10415	BNBIEO_00300	50.7	448	214	4	1	447	1	442	3.31e-153	439
KDHFCO_10415	FAKCMI_12975	45.6	452	227	6	1	447	1	438	5.21e-121	358
KDHFCO_10415	DNKGCI_09195	31.5	397	246	11	1	382	1	386	7.11e-45	160
KDHFCO_10420	CDIIGJ_06085	79.7	305	62	0	1	305	1	305	1.84e-166	461
KDHFCO_10420	ACDDAG_00915	66.8	304	99	2	1	304	1	302	3.44e-140	395
KDHFCO_10425	AAKGEC_12000	85.3	211	31	0	1	211	1	211	7.44e-128	356
KDHFCO_10425	AANGNE_07415	58.9	207	82	1	1	207	1	204	1.29e-80	236
KDHFCO_10430	AAKGEC_11995	87.8	115	14	0	1	115	1	115	4.48e-69	199
KDHFCO_10435	AJGINB_11570	85.1	141	21	0	1	141	9	149	2.19e-86	246
KDHFCO_10440	AGKELP_00900	65.5	177	55	1	1	171	1	177	2.44e-55	169
KDHFCO_10445	AAKGEC_11985	98.9	447	5	0	1	447	1	447	0.0	900
KDHFCO_10445	AANGNE_07425	74.9	447	110	1	1	447	1	445	9.05e-258	704
KDHFCO_10455	DNKGCI_05550	76.3	392	93	0	1	392	1	392	4.19e-213	587
KDHFCO_10455	AANGNE_07435	73.1	391	105	0	1	391	1	391	3.67e-208	574
KDHFCO_10455	DDDLLA_05940	35.9	365	218	8	33	391	32	386	7.21e-69	219
KDHFCO_10455	AAOIOD_01880	35.3	368	221	9	32	393	31	387	3.81e-67	214
KDHFCO_10460	ABCBPP_09905	94.6	147	8	0	1	147	1	147	1.03e-96	272
KDHFCO_10460	AANGNE_07440	49.0	147	75	0	1	147	1	147	2.61e-53	162
KDHFCO_10465	AAKGEC_11965	91.8	791	65	0	1	791	1	791	0.0	1409
KDHFCO_10465	AAOIOD_01315	65.7	791	262	4	1	790	1	783	0.0	1016
KDHFCO_10470	AAKGEC_11960	100	145	0	0	1	145	1	145	2.17e-97	273
KDHFCO_10470	DPCCPE_01025	49.7	145	73	0	1	145	1	145	4.21e-49	151
KDHFCO_10475	DDDLLA_02085	77.3	600	133	2	1	600	1	597	0.0	923
KDHFCO_10480	AIKIDN_00590	90.4	291	28	0	4	294	7	297	6.70e-182	499
KDHFCO_10485	AAKGEC_11930	93.7	319	20	0	1	319	1	319	2.00e-220	599
KDHFCO_10485	AANGNE_01120	29.9	318	206	3	3	319	4	305	1.50e-48	161
KDHFCO_10485	AAKGEC_05925	31.6	320	200	5	1	318	1	303	2.01e-48	161
KDHFCO_10490	AAKGEC_11925	93.9	244	15	0	1	244	1	244	1.20e-160	444
KDHFCO_10490	AANGNE_01135	51.3	226	106	3	21	243	18	242	3.29e-68	209
KDHFCO_10490	BGHOFK_04410	38.2	249	139	5	3	243	5	246	6.72e-49	161
KDHFCO_10490	ABCLFC_03590	36.1	249	145	4	2	243	15	256	8.94e-45	150
KDHFCO_10495	ABCLFC_03590	99.6	223	1	0	1	223	127	349	1.10e-155	432
KDHFCO_10495	BGHOFK_04410	49.0	192	86	3	18	204	134	318	3.56e-52	169
KDHFCO_10500	ABCLFC_03590	98.2	111	2	0	1	111	12	122	2.46e-71	213
KDHFCO_10505	AAKGEC_11915	99.2	119	1	0	1	119	1	119	1.66e-75	216
KDHFCO_10515	KPPIIN_01700	99.4	163	1	0	53	215	1	163	8.08e-107	301
KDHFCO_10525	AAKGEC_11895	73.9	180	46	1	1	179	1	180	1.32e-93	267
KDHFCO_10530	CHBPFB_02525	85.5	227	33	0	1	227	1	227	3.81e-141	391
KDHFCO_10530	AANGNE_01750	54.7	223	100	1	1	223	1	222	3.08e-79	234
KDHFCO_10535	AANGNE_08085	82.4	625	108	1	1	625	1	623	0.0	1035
KDHFCO_10540	AAKGEC_11880	71.1	190	51	1	1	186	1	190	1.70e-90	259
KDHFCO_10545	ABCBPP_10000	95.9	122	5	0	1	122	15	136	3.88e-92	259
KDHFCO_10545	AEFDGK_05280	65.5	116	40	0	1	116	1	116	7.15e-61	179
KDHFCO_10550	AIGDEK_10060	89.8	137	14	0	6	142	1	137	1.39e-87	248
KDHFCO_10555	BGHOFK_07205	75.8	451	106	1	1	448	2	452	7.76e-261	712
KDHFCO_10555	AANGNE_08105	72.6	449	122	1	1	448	2	450	1.20e-252	691
KDHFCO_10560	ALHAGD_09370	86.2	196	27	0	2	197	7	202	3.52e-118	330
KDHFCO_10565	DBFGIH_00950	84.9	199	30	0	1	199	1	199	2.80e-123	344
KDHFCO_10570	AAKGEC_11850	93.0	256	18	0	1	256	1	256	5.78e-177	484
KDHFCO_10575	KGJGGL_07565	81.5	769	130	5	1	766	1	760	0.0	1164
KDHFCO_10580	BGHOFK_07185	83.3	383	61	1	1	380	1	383	7.08e-216	593
KDHFCO_10580	MONLHG_04685	62.6	385	115	3	1	380	1	361	1.47e-160	452
KDHFCO_10580	AANGNE_03040	61.9	189	68	3	5	192	4	189	7.25e-70	214
KDHFCO_10585	AAKGEC_11835	97.2	321	9	0	1	321	1	321	3.09e-225	611
KDHFCO_10585	BNBIEO_00615	48.6	323	163	3	2	321	15	337	8.54e-104	304
KDHFCO_10590	AAKGEC_11830	88.1	143	17	0	1	143	1	143	3.21e-89	253
KDHFCO_10595	BGHOFK_07175	79.0	295	60	1	1	293	63	357	7.54e-170	471
KDHFCO_10595	AANGNE_08145	70.1	288	84	1	1	288	63	348	1.57e-144	407
KDHFCO_10595	AAKGEC_00435	34.2	284	183	4	4	285	85	366	1.36e-45	155
KDHFCO_10600	AAKGEC_11820	99.1	114	1	0	1	114	1	114	1.77e-79	226
KDHFCO_10605	OAEMLE_11740	98.7	395	3	1	1	395	1	393	1.63e-282	762
KDHFCO_10620	AAKGEC_11800	98.1	932	18	0	1	932	1	932	0.0	1863
KDHFCO_10625	CIJHDH_09860	85.7	315	40	1	1	310	1	315	2.68e-117	337
KDHFCO_10625	DBFGIH_01060	69.9	216	52	2	1	216	1	203	7.06e-58	184
KDHFCO_10630	AAKGEC_11790	80.6	263	51	0	1	263	1	263	9.61e-152	421
KDHFCO_10630	AANGNE_08180	60.2	264	104	1	1	263	1	264	4.32e-111	318
KDHFCO_10640	AAKGEC_11780	93.4	196	13	0	1	196	1	196	1.88e-125	348
KDHFCO_10640	AEFDGK_05185	53.1	209	69	4	1	195	1	194	1.70e-57	176
KDHFCO_10645	CPFDGH_06555	91.5	223	19	0	1	223	1	223	6.60e-143	395
KDHFCO_10645	AANGNE_08195	65.9	223	76	0	1	223	1	223	2.59e-102	292
KDHFCO_10650	AANGNE_08200	80.2	424	76	3	1	416	1	424	8.16e-230	631
KDHFCO_10655	CJHCCN_07195	76.1	457	105	3	1	456	1	454	2.09e-242	666
KDHFCO_10660	LCBNOF_10635	88.1	286	34	0	1	286	1	286	1.62e-179	493
KDHFCO_10660	BNBIEO_04190	65.3	291	99	1	1	289	1	291	1.59e-133	377
KDHFCO_10665	AGDPFD_08620	86.0	242	34	0	1	242	35	276	1.10e-150	417
KDHFCO_10670	ECIJBF_01715	81.6	365	67	0	1	365	1	365	5.59e-224	612
KDHFCO_10670	AAOIOD_00915	61.6	365	140	0	1	365	30	394	1.51e-160	452
KDHFCO_10675	AAKGEC_11745	82.2	281	50	0	1	281	1	281	1.31e-174	480
KDHFCO_10675	AAKGEC_05485	40.9	264	142	4	7	259	9	269	2.51e-62	195
KDHFCO_10675	ABNNBP_07265	37.2	282	173	3	3	281	2	282	4.49e-61	192
KDHFCO_10675	AANGNE_05130	40.8	260	145	5	5	258	6	262	1.50e-60	190
KDHFCO_10675	CGMKCF_02875	38.3	261	126	6	7	259	3	236	1.50e-49	161
KDHFCO_10680	LIMBNG_02915	84.0	401	64	0	1	401	41	441	8.92e-232	637
KDHFCO_10685	AAKGEC_11735	95.2	292	14	0	1	292	1	292	6.56e-201	547
KDHFCO_10690	AAKGEC_11730	92.5	134	10	0	1	134	1	134	3.57e-84	239
KDHFCO_10695	CNLKLD_05840	76.5	438	100	3	19	454	1	437	4.20e-249	682
KDHFCO_10700	AAKGEC_11720	72.6	219	27	2	6	224	12	197	1.60e-106	302
KDHFCO_10700	AMCIGH_00115	47.8	157	78	1	63	215	29	185	1.94e-48	154
KDHFCO_10710	AAKGEC_11715	98.2	226	4	0	1	226	1	226	4.95e-154	423
KDHFCO_10715	AAKGEC_11710	94.6	92	5	0	1	92	1	92	8.42e-52	154
KDHFCO_10720	AAKGEC_11705	89.7	194	20	0	1	194	1	194	3.27e-125	348
KDHFCO_10720	AANGNE_08235	69.6	194	59	0	1	194	1	194	1.66e-95	273
KDHFCO_10725	AAKGEC_11700	96.1	458	18	0	1	458	1	458	3.19e-294	797
KDHFCO_10730	BGHOFK_07055	77.2	263	59	1	1	263	1	262	1.90e-137	384
KDHFCO_10730	AANGNE_08245	66.8	262	87	0	1	262	1	262	6.50e-122	345
KDHFCO_10730	AAKGEC_08940	44.2	265	142	3	4	262	3	267	5.34e-68	208
KDHFCO_10735	AAKGEC_11690	98.9	89	1	0	1	89	1	89	3.22e-59	172
KDHFCO_10740	ABCLFC_03325	99.5	577	3	0	1	577	1	577	0.0	1015
KDHFCO_10740	ACDDAG_01920	62.5	550	192	5	1	539	1	547	1.15e-221	629
KDHFCO_10745	DNKGCI_01115	78.9	256	54	0	1	256	1	256	9.82e-145	402
KDHFCO_10745	AANGNE_08260	74.3	257	65	1	1	257	1	256	1.52e-136	382
KDHFCO_10750	AAOIOD_01085	75.2	423	104	1	1	422	1	423	5.51e-229	629
KDHFCO_10770	ABCBPP_08435	87.7	114	14	0	1	114	1	114	6.06e-65	189
KDHFCO_10795	GHPLOC_11730	35.9	418	209	17	1290	1673	1247	1639	6.93e-47	182
KDHFCO_10830	FMBBOG_08130	61.0	397	150	2	6	399	4	398	4.65e-166	469
KDHFCO_10855	BAFDFF_09595	98.8	166	2	0	1	166	226	391	1.08e-114	328
KDHFCO_10860	BAFDFF_09595	100	201	0	0	1	201	1	201	9.68e-145	405
KDHFCO_10895	CDIIGJ_00260	82.6	132	23	0	1	132	28	159	5.62e-75	217
KDHFCO_10950	FGPNLL_04740	85.5	110	16	0	3	112	17	126	3.66e-65	190
KDHFCO_10955	OCIPFJ_05755	94.9	138	7	0	1	138	1	138	4.52e-92	260
KDHFCO_11000	AMFMEJ_07360	98.7	79	1	0	1	79	1	79	1.28e-54	160
KDHFCO_11005	AHPAPB_10860	98.4	124	2	0	1	124	8	131	4.33e-84	238
KDHFCO_11010	ABCBPP_05600	95.9	241	10	0	1	241	1	241	1.48e-167	459
KDHFCO_11020	FDLGOJ_03220	92.2	141	11	0	1	141	5	145	1.40e-92	261
KDHFCO_11020	CNLKLD_04595	62.8	164	38	4	1	141	1	164	2.94e-59	177
KDHFCO_11030	AAKGEC_02005	98.4	123	2	0	1	123	1	123	2.68e-88	253
KDHFCO_11035	AAKGEC_02010	97.7	131	3	0	1	131	1	131	7.90e-91	256
KDHFCO_11055	ABCBPP_10475	97.8	89	2	0	1	89	1	89	1.42e-62	181
KDHFCO_11090	ABCBPP_10510	97.9	144	3	0	1	144	1	144	3.35e-105	293
KDHFCO_11095	JBKKJP_11075	92.8	111	8	0	1	111	7	117	1.53e-73	211
KDHFCO_11100	PHBBGM_10865	76.0	392	94	0	1	392	1	392	4.17e-209	577
KDHFCO_11100	ABCBPP_12205	67.3	395	126	2	1	393	1	394	1.10e-180	504
KDHFCO_11100	ABCBPP_00310	47.5	402	189	9	1	390	1	392	4.96e-112	330
KDHFCO_11100	HBPNHC_05930	42.4	396	214	9	1	387	24	414	3.40e-84	259
KDHFCO_11100	CIJHDH_09200	41.1	401	218	11	1	390	23	416	1.47e-83	258
KDHFCO_11105	AANGNE_03760	74.3	171	40	2	1	168	1	170	5.72e-77	224
KDHFCO_11105	KKACAP_12135	64.0	164	33	2	6	168	20	158	1.69e-59	179
KDHFCO_11115	ABCBPP_10535	69.6	184	27	1	2	185	2	156	3.18e-78	227
KDHFCO_11115	AANGNE_06075	51.4	185	90	0	2	186	2	186	1.05e-61	186
KDHFCO_11115	AJCMKJ_10760	46.8	186	98	1	1	186	1	185	8.91e-58	176
KDHFCO_11115	AANGNE_03750	47.5	181	95	0	2	182	2	182	5.08e-52	162
KDHFCO_11125	CDIIGJ_06365	79.8	322	58	1	1	322	1	315	3.80e-184	507
KDHFCO_11130	AAKGEC_11645	96.8	154	5	0	1	154	1	154	5.88e-113	313
KDHFCO_11135	AAKGEC_11640	90.2	173	17	0	1	173	1	173	9.37e-117	325
KDHFCO_11140	AAKGEC_11635	80.6	124	24	0	1	124	1	124	1.39e-74	214
KDHFCO_11155	DNKGCI_01090	76.3	786	181	1	1	781	1	786	0.0	1187
KDHFCO_11155	AANGNE_08290	73.8	781	195	4	2	781	4	775	0.0	1136
KDHFCO_11165	AANGNE_08300	91.5	201	17	0	1	201	1	201	2.07e-132	367
KDHFCO_11170	DDDLLA_10040	90.9	386	35	0	146	531	156	541	1.13e-242	673
KDHFCO_11175	AAKGEC_11610	93.2	237	16	0	1	237	1	237	1.66e-162	446
KDHFCO_11180	AMHKJB_11425	98.0	398	8	0	1	398	1	398	1.21e-273	741
KDHFCO_11185	IAFHMK_04380	77.7	395	87	1	1	395	1	394	1.94e-236	646
KDHFCO_11190	ABCBPP_10600	87.2	250	32	0	1	250	1	250	3.93e-156	431
KDHFCO_11190	AANGNE_08320	63.6	250	90	1	1	250	1	249	7.41e-105	301
KDHFCO_11195	AAKGEC_11590	98.1	154	3	0	1	154	1	154	4.89e-87	248
KDHFCO_11205	CDIIGJ_06435	83.1	366	59	2	1	363	1	366	4.29e-178	496
KDHFCO_11205	AANGNE_08335	61.8	361	134	2	3	361	2	360	3.80e-131	377
KDHFCO_11210	KOJBHC_09640	92.4	356	27	0	183	538	218	573	2.54e-234	654
KDHFCO_11210	FAAIHB_00255	59.7	318	115	3	222	538	243	548	2.22e-124	372
KDHFCO_11215	BAFDFF_09595	98.8	166	2	0	1	166	226	391	1.08e-114	328
KDHFCO_11220	BAFDFF_09595	100	201	0	0	1	201	1	201	9.68e-145	405
KDHFCO_11230	DDDLLA_10005	85.6	298	38	1	1	298	1	293	2.89e-183	503
KDHFCO_11230	DBFGIH_06940	39.3	305	156	8	1	298	1	283	8.23e-61	192
KDHFCO_11290	AAKGEC_09855	90.0	219	22	0	1	219	1	219	2.57e-132	368
KDHFCO_11295	JAFLJO_08530	89.4	644	68	0	1	644	30	673	0.0	1178
KDHFCO_11300	AANGNE_08415	82.9	105	18	0	1	105	21	125	8.19e-60	176
KDHFCO_11305	ABNNBP_11795	99.8	420	1	0	1	420	1	420	1.86e-276	749
KDHFCO_11310	AAKGEC_09875	99.0	202	2	0	1	202	1	202	1.35e-146	402
KDHFCO_11315	CBFHCM_03370	88.5	96	7	1	1	96	1	92	1.71e-52	156
KDHFCO_11320	OBFACL_08170	98.9	272	3	0	1	272	1	272	7.43e-197	537
KDHFCO_11320	AHPAPB_10090	38.1	270	164	2	7	276	31	297	6.96e-54	174
KDHFCO_11325	BEHEAJ_00625	64.2	226	78	1	1	223	109	334	1.93e-103	299
KDHFCO_11335	AANGNE_08425	86.3	211	27	1	1	211	1	209	8.44e-129	358
KDHFCO_11340	BGHOFK_07530	91.5	376	32	0	1	376	1	376	1.88e-224	614
KDHFCO_11340	AKPIPJ_03190	70.9	378	108	1	1	378	1	376	1.14e-173	486
KDHFCO_11340	BNBIEO_09110	71.5	379	106	2	1	379	1	377	6.58e-172	481
KDHFCO_11345	KBGOAJ_11300	85.3	312	45	1	3	314	76	386	4.26e-193	532
KDHFCO_11345	BNBIEO_05675	33.8	311	201	3	3	311	84	391	1.46e-61	197
KDHFCO_11350	KBGOAJ_11300	82.6	86	15	0	1	86	1	86	1.92e-49	157
KDHFCO_11355	BGHOFK_07520	76.9	359	83	0	1	359	1	359	5.24e-201	553
KDHFCO_11355	FBLNFP_09685	43.2	375	195	3	5	361	4	378	2.56e-95	286
KDHFCO_11355	AHPAPB_00360	32.4	426	220	9	4	361	7	432	4.44e-55	183
KDHFCO_11360	BNFMAL_07580	89.3	319	34	0	1	319	1	319	2.89e-217	591
KDHFCO_11365	AAKGEC_09905	85.9	184	26	0	1	184	1	184	1.81e-111	312
KDHFCO_11370	AAKGEC_09910	94.4	302	17	0	1	302	1	302	1.88e-189	519
KDHFCO_11375	AAKGEC_09915	90.6	288	27	0	1	288	1	288	6.61e-204	555
KDHFCO_11375	AANGNE_08435	66.8	289	96	0	1	289	1	289	3.53e-153	426
KDHFCO_11375	ADJCAM_03515	31.9	295	186	8	4	289	7	295	4.26e-52	169
KDHFCO_11380	AAKGEC_09920	98.7	314	4	0	1	314	1	314	1.38e-229	622
KDHFCO_11385	DNKIME_01645	73.0	433	113	1	1	429	1	433	6.99e-177	498
KDHFCO_11385	CNLKLD_01905	68.1	432	119	3	1	432	1	413	2.37e-166	471
KDHFCO_11390	ABIMCM_03665	93.3	89	6	0	1	89	81	169	6.29e-55	164
KDHFCO_11400	BGHOFK_07480	80.6	216	42	0	1	216	1	216	2.54e-122	343
KDHFCO_11415	AAKGEC_09945	93.2	307	21	0	1	307	1	307	2.13e-209	570
KDHFCO_11420	AAKGEC_09950	83.3	360	48	2	2	357	22	373	1.36e-140	400
KDHFCO_11420	ACDDAG_02245	35.0	351	195	4	11	357	22	343	2.38e-45	155
KDHFCO_11425	ABCBPP_10795	94.0	797	48	0	1	797	1	797	0.0	1457
KDHFCO_11425	AANGNE_08500	69.8	802	237	4	1	797	1	802	0.0	1074
KDHFCO_11430	HNNKEJ_08045	91.9	344	28	0	1	344	4	347	8.94e-238	645
KDHFCO_11435	BOGGMI_09570	88.1	151	18	0	1	151	1	151	6.46e-104	292
KDHFCO_11440	ABJDJH_08425	92.7	179	13	0	1	179	1	179	5.79e-121	336
KDHFCO_11440	ACDDAG_08390	60.9	174	68	0	1	174	1	174	1.11e-73	216
KDHFCO_11445	AAKGEC_09975	94.7	492	26	0	1	492	1	492	0.0	942
KDHFCO_11445	AANGNE_05035	70.0	493	147	1	1	492	1	493	2.62e-250	689
KDHFCO_11450	LBIEGE_10760	95.4	218	10	0	1	218	1	218	3.88e-155	426
KDHFCO_11455	DDDLLA_07275	90.4	428	41	0	1	428	37	464	6.15e-291	788
KDHFCO_11465	PLDCIE_12680	97.0	203	5	1	1	203	1	202	2.27e-127	354
KDHFCO_11470	AAKGEC_10025	96.5	287	10	0	1	287	27	313	1.86e-202	552
KDHFCO_11475	DBDHAK_07655	93.6	173	11	0	1	173	1	173	5.32e-122	338
KDHFCO_11475	CJHCCN_03740	48.6	173	86	1	1	173	21	190	4.05e-57	174
KDHFCO_11495	AANGNE_08545	85.8	331	45	1	1	331	1	329	1.39e-204	560
KDHFCO_11505	IAFHMK_02000	75.9	286	69	0	6	291	5	290	5.70e-156	434
KDHFCO_11505	AANGNE_08555	61.8	288	110	0	4	291	6	293	1.51e-128	364
KDHFCO_11510	IAFHMK_02000	70.3	286	85	0	6	291	5	290	2.16e-143	402
KDHFCO_11510	AANGNE_08555	56.9	288	124	0	4	291	6	293	5.03e-119	340
KDHFCO_11515	AAKGEC_10055	96.8	309	10	0	1	309	1	309	5.23e-211	574
KDHFCO_11515	AANGNE_08560	69.7	284	86	0	26	309	4	287	1.58e-142	400
KDHFCO_11520	ANIMCG_07810	97.5	590	15	0	1	590	11	600	0.0	1129
KDHFCO_11525	AAKGEC_10065	83.6	122	20	0	1	122	1	122	2.63e-78	223
KDHFCO_11530	AAKGEC_10070	96.3	428	16	0	1	428	1	428	6.15e-303	817
KDHFCO_11535	AAKGEC_10075	96.6	386	13	0	1	386	1	386	7.32e-275	742
KDHFCO_11550	BAOMEA_09555	81.2	287	53	1	1	286	1	287	4.39e-178	489
KDHFCO_11555	AAKGEC_10090	97.9	190	4	0	1	190	1	190	4.05e-133	367
KDHFCO_11555	CNLKLD_02860	74.7	190	42	1	1	190	1	184	2.23e-99	282
KDHFCO_11560	AOPEMA_10740	87.9	298	35	1	1	298	1	297	6.61e-167	462
KDHFCO_11560	AGDPFD_08295	48.9	307	139	5	1	293	1	303	2.70e-73	224
KDHFCO_11565	BNPKDP_10250	98.1	426	8	0	1	426	1	426	2.32e-307	828
KDHFCO_11565	AANGNE_08585	71.0	427	124	0	1	427	1	427	5.05e-229	630
KDHFCO_11570	CGMKCF_08405	90.5	423	39	1	1	423	1	422	4.35e-274	743
KDHFCO_11570	AANGNE_08590	57.3	417	173	1	1	417	3	414	3.92e-167	472
KDHFCO_11575	DBDHAK_07730	94.2	120	7	0	1	120	1	120	1.30e-75	216
KDHFCO_11575	AANGNE_08595	68.3	120	38	0	1	120	1	120	2.15e-51	155
KDHFCO_11580	BGHOFK_07340	84.8	356	54	0	1	356	1	356	1.25e-221	605
KDHFCO_11580	BNBIEO_02120	74.4	356	90	1	1	356	1	355	2.03e-187	519
KDHFCO_11585	ABCBPP_11035	82.0	122	22	0	1	122	1	122	1.29e-69	201
KDHFCO_11590	ANIMCG_07870	84.7	111	17	0	1	111	1	111	4.58e-62	183
KDHFCO_11595	AAKGEC_10130	67.6	318	100	1	1	318	17	331	2.53e-154	432
KDHFCO_11595	KFHBHO_02885	42.7	232	131	2	73	303	39	269	2.94e-64	201
KDHFCO_11595	AANGNE_04830	32.3	325	195	8	1	315	1	310	9.01e-53	172
KDHFCO_11600	BGLHNG_09325	89.9	327	32	1	1	326	1	327	2.22e-219	597
KDHFCO_11605	CGMKCF_08350	90.2	492	48	0	1	492	1	492	0.0	909
KDHFCO_11605	AANGNE_08620	66.9	493	162	1	1	493	1	492	2.49e-248	684
KDHFCO_11610	CNLKLD_00345	82.0	400	69	3	1	398	1	399	2.86e-228	625
KDHFCO_11615	JNMKIO_01510	98.5	339	5	0	1	339	1	339	3.41e-250	676
KDHFCO_11615	AANGNE_08630	67.1	337	111	0	1	337	1	337	7.78e-171	475
KDHFCO_11620	CEPOIM_13685	94.6	462	5	1	1	462	1	442	1.06e-296	803
KDHFCO_11625	ABNNBP_12210	100	250	0	0	1	250	1	250	1.31e-170	467
KDHFCO_11625	AGDPFD_08235	70.0	237	71	0	4	240	6	242	3.23e-113	322
KDHFCO_11625	DIEDGI_04540	47.3	241	126	1	1	240	1	241	3.26e-67	205
KDHFCO_11625	CBFHCM_03595	36.1	244	148	4	2	239	3	244	7.84e-49	159
KDHFCO_11630	AAKGEC_10180	95.8	215	9	0	1	215	1	215	4.92e-155	430
KDHFCO_11635	AAKGEC_10185	97.6	379	9	0	1	379	1	379	3.25e-279	753
KDHFCO_11635	BNBIEO_02140	49.3	284	109	4	14	296	5	254	5.05e-85	257
KDHFCO_11640	AAKGEC_10190	97.5	325	8	0	1	325	1	325	3.67e-235	637
KDHFCO_11645	CDIIGJ_06800	95.3	430	19	1	1	430	1	429	1.98e-301	813
KDHFCO_11650	ABCLFC_11020	99.4	323	2	0	1	323	1	323	4.46e-235	636
KDHFCO_11660	AAKGEC_10215	86.4	273	37	0	1	273	1	273	1.60e-171	471
KDHFCO_11660	BGLHNG_09380	67.4	273	89	0	1	273	55	327	8.55e-133	375
KDHFCO_11675	ABNNBP_00935	77.3	110	25	0	1	110	17	126	9.92e-58	171
KDHFCO_11680	AMHKJB_03030	88.9	144	16	0	1	144	1	144	2.84e-88	251
KDHFCO_11685	ABCBPP_00200	81.4	129	24	0	52	180	65	193	1.03e-66	199
KDHFCO_11690	LLNOII_07835	93.7	541	34	0	1	541	1	541	0.0	1027
KDHFCO_11695	ABCBPP_00210	95.5	264	12	0	1	264	1	264	1.90e-195	531
KDHFCO_11700	EGFJBH_02540	97.3	111	3	0	1	111	1	111	7.69e-77	219
KDHFCO_11710	ABCBPP_00230	92.5	93	7	0	1	93	1	93	1.10e-61	179
KDHFCO_11725	LLMEEB_09000	82.6	172	28	1	1	172	1	170	2.96e-99	280
KDHFCO_11725	AGKELP_09620	61.7	175	64	2	1	172	1	175	8.20e-68	201
KDHFCO_11735	BFGFFC_03410	48.9	221	103	4	1	214	1	218	4.79e-62	190
KDHFCO_11780	ABCBPP_00295	92.3	104	8	0	1	104	1	104	3.11e-67	194
KDHFCO_11790	PHBBGM_10865	86.2	392	54	0	1	392	1	392	9.32e-250	679
KDHFCO_11790	ABCBPP_12205	70.4	395	114	2	1	393	1	394	2.65e-193	536
KDHFCO_11790	ABCBPP_00310	46.2	398	200	8	1	390	1	392	2.17e-113	333
KDHFCO_11790	HBPNHC_05930	41.9	396	216	9	1	387	24	414	2.16e-85	263
KDHFCO_11790	CIJHDH_09200	40.6	397	210	10	1	384	23	406	4.12e-83	257
KDHFCO_11795	AAKGEC_10220	90.9	208	19	0	1	208	1	208	1.81e-138	382
KDHFCO_11800	AAKGEC_10225	88.2	339	40	0	1	339	1	339	1.31e-203	558
KDHFCO_11800	AAOIOD_10900	57.5	339	144	0	1	339	3	341	3.45e-126	362
KDHFCO_11805	HNNKEJ_08245	86.3	256	35	0	1	256	9	264	7.76e-161	443
KDHFCO_11805	ABCBPP_01630	35.0	237	152	1	1	237	1	235	2.02e-47	155
KDHFCO_11810	ABNNBP_12410	99.7	586	2	0	1	586	1	586	0.0	1083
KDHFCO_11810	AANGNE_05985	34.2	591	361	15	14	582	5	589	1.52e-82	267
KDHFCO_11815	LBKFJK_05635	76.3	131	31	0	1	131	1	131	4.93e-75	216
KDHFCO_11825	ABNNBP_12425	100	119	0	0	1	119	1	119	1.27e-79	226
KDHFCO_11830	AAKGEC_10255	98.7	229	3	0	1	229	1	229	1.47e-152	420
KDHFCO_11835	AEMMAL_07830	87.8	139	17	0	1	139	19	157	1.49e-81	234
KDHFCO_11840	AAKGEC_10265	92.9	254	18	0	1	254	1	254	5.09e-154	426
KDHFCO_11845	AAKGEC_10270	93.5	292	19	0	1	292	1	292	5.52e-193	527
KDHFCO_11845	AANGNE_06490	57.1	289	122	2	1	288	1	288	2.11e-112	323
KDHFCO_11855	BGHOFK_08055	85.5	173	25	0	1	173	1	173	7.22e-113	315
KDHFCO_11855	AAKGEC_09015	61.4	166	64	0	1	166	1	166	2.50e-75	220
KDHFCO_11860	IAFHMK_02290	76.0	283	67	1	2	283	3	285	1.16e-163	452
KDHFCO_11865	AAKGEC_10290	81.6	152	28	0	1	152	1	152	1.23e-95	270
KDHFCO_11870	AAKGEC_10295	96.8	185	6	0	1	185	1	185	2.07e-119	332
KDHFCO_11875	AAKGEC_10300	99.6	238	1	0	1	238	1	238	1.74e-169	463
KDHFCO_11880	AAKGEC_10305	92.7	150	11	0	1	150	1	150	5.92e-102	285
KDHFCO_11885	HNNKEJ_08310	87.6	395	49	0	1	395	1	395	9.69e-251	682
KDHFCO_11885	EHLNLG_12135	65.8	395	134	1	1	395	17	410	2.14e-192	535
KDHFCO_11890	EHLNLG_12135	96.2	395	15	0	1	395	17	411	1.56e-273	740
KDHFCO_11890	HNNKEJ_08310	66.7	396	131	1	1	395	1	396	2.33e-193	537
KDHFCO_11895	HNNKEJ_08340	79.0	315	61	3	1	312	1	313	3.68e-176	486
KDHFCO_11895	AANGNE_08795	59.6	312	125	1	1	312	1	311	7.68e-133	377
KDHFCO_11905	IAFHMK_02330	84.8	611	91	2	4	613	1	610	0.0	1006
KDHFCO_11905	AEMMAL_06890	28.8	518	288	17	8	483	11	489	8.35e-44	162
KDHFCO_11930	BDBLNI_11030	70.8	257	65	1	1	257	1	247	9.82e-121	341
KDHFCO_11930	NGGEHN_00625	41.6	262	145	5	1	257	1	259	3.89e-52	167
KDHFCO_11935	IHCKAN_04575	83.6	225	37	0	1	225	1	225	3.40e-136	380
KDHFCO_11945	DNKGCI_08720	85.4	322	46	1	3	323	2	323	7.11e-200	547
KDHFCO_11950	AAKGEC_10380	91.4	128	11	0	1	128	1	128	1.05e-80	230
KDHFCO_11950	AANGNE_08820	66.7	123	41	0	5	127	4	126	8.29e-57	169
KDHFCO_11955	BGHOFK_07975	77.0	148	34	0	1	148	1	148	4.93e-82	235
KDHFCO_11960	AAKGEC_10390	72.6	219	60	0	1	219	1	219	8.87e-111	313
KDHFCO_11960	JFBCPF_05145	46.9	211	110	2	7	217	6	214	2.75e-54	170
KDHFCO_11965	BGHOFK_07970	85.7	364	52	0	1	364	1	364	1.94e-228	623
KDHFCO_11970	AAKGEC_10400	87.7	163	20	0	1	163	1	163	5.95e-106	296
KDHFCO_11975	AAKGEC_10405	92.2	497	39	0	1	497	1	497	0.0	880
KDHFCO_11975	CPLMAE_02405	69.6	474	144	0	3	476	11	484	8.45e-232	644
KDHFCO_11975	AANGNE_00515	66.7	496	155	3	1	496	1	486	9.00e-232	642
KDHFCO_11975	AANGNE_08610	61.7	496	179	4	1	496	1	485	1.97e-211	590
KDHFCO_11980	PLIDEH_10490	99.5	376	2	0	1	376	40	415	6.74e-280	756
KDHFCO_11980	BLIMPP_05900	67.3	370	121	0	1	370	1	370	1.01e-196	544
KDHFCO_11985	AAKGEC_10415	97.1	314	9	0	1	314	1	314	2.25e-219	596
KDHFCO_11985	KJCAIL_14000	62.1	314	89	1	1	314	1	284	3.54e-135	382
KDHFCO_11990	AAKGEC_10415	65.0	314	110	0	1	314	1	314	1.05e-143	404
KDHFCO_11990	KJCAIL_14000	65.3	314	79	1	1	314	1	284	3.74e-137	387
KDHFCO_11995	CPLMAE_02405	98.7	521	7	0	6	526	14	534	0.0	971
KDHFCO_11995	AANGNE_00515	71.1	492	137	2	1	492	1	487	1.62e-244	676
KDHFCO_11995	AAKGEC_10405	68.5	476	150	0	1	476	1	476	1.57e-230	640
KDHFCO_11995	AANGNE_08610	64.0	489	172	2	4	492	2	486	9.08e-220	613
KDHFCO_12000	AANGNE_00510	88.3	341	39	1	10	350	5	344	1.02e-222	607
KDHFCO_12000	DPMHNO_00485	63.6	335	117	3	14	347	1	331	6.29e-150	423
KDHFCO_12000	EPKBNI_09765	32.4	343	202	8	18	354	7	325	1.21e-44	153
KDHFCO_12005	AANGNE_00505	90.0	410	40	1	1	410	1	409	6.77e-276	747
KDHFCO_12010	AANGNE_09740	80.6	567	102	2	1	564	1	562	0.0	901
KDHFCO_12015	MNCDBI_03640	99.3	152	1	0	1	152	5	156	1.26e-98	277
KDHFCO_12015	AANGNE_09735	59.9	147	57	1	1	147	1	145	1.24e-50	155
KDHFCO_12020	AAKGEC_10450	97.5	443	11	0	1	443	15	457	0.0	880
KDHFCO_12025	CDIIGJ_07090	81.9	204	30	4	1	199	1	202	5.85e-106	300
KDHFCO_12025	AANGNE_08845	57.5	214	63	6	4	198	5	209	1.06e-67	203
KDHFCO_12030	CGMKCF_12595	94.3	1030	59	0	1	1030	1	1030	0.0	1890
KDHFCO_12030	AANGNE_08850	69.6	1033	310	2	1	1030	5	1036	0.0	1445
KDHFCO_12035	ILDBOH_06115	60.7	1465	511	14	1	1443	23	1444	0.0	1718
KDHFCO_12040	ABCLFC_11365	99.3	575	4	0	1	575	1	575	0.0	1115
KDHFCO_12040	JMBAEF_08980	47.4	580	295	5	4	575	5	582	6.61e-181	520
KDHFCO_12040	AHPAPB_06590	25.5	537	384	9	5	531	11	541	9.31e-42	155
KDHFCO_12045	ABCBPP_11390	82.7	318	55	0	1	318	1	318	2.72e-197	541
KDHFCO_12045	AANGNE_08860	60.1	316	124	1	1	316	1	314	7.31e-138	390
KDHFCO_12050	AAKGEC_10480	84.9	259	39	0	1	259	1	259	4.70e-157	434
KDHFCO_12050	AANGNE_08865	45.9	259	136	3	1	259	1	255	5.87e-74	223
KDHFCO_12065	ABNNBP_12670	100	168	0	0	1	168	1	168	1.99e-120	333
KDHFCO_12070	ABNNBP_12675	100	260	0	0	1	260	13	272	8.21e-175	479
KDHFCO_12070	AANGNE_08870	48.1	260	131	2	5	260	3	262	1.65e-69	212
KDHFCO_12075	ABJDJH_07875	94.4	288	16	0	1	288	1	288	2.79e-203	553
KDHFCO_12075	LBKFJK_08880	52.3	283	131	2	7	288	2	281	5.06e-111	319
KDHFCO_12080	AAKGEC_10495	91.3	762	66	0	1	762	1	762	0.0	1422
KDHFCO_12080	AANGNE_01020	66.6	764	247	4	1	758	1	762	0.0	1052
KDHFCO_12085	BFGFFC_11775	90.7	236	16	1	1	236	1	230	9.73e-160	438
KDHFCO_12090	AAKGEC_10505	92.1	280	22	0	1	280	1	280	9.14e-186	508
KDHFCO_12090	AANGNE_01405	59.6	280	113	0	1	280	1	280	3.69e-120	342
KDHFCO_12090	AANGNE_04620	34.2	284	177	4	1	280	1	278	2.72e-52	169
KDHFCO_12095	ABCBPP_11425	88.4	440	51	0	1	440	1	440	5.33e-293	793
KDHFCO_12095	ABCBPP_12890	54.6	443	192	4	7	440	7	449	1.74e-166	473
KDHFCO_12095	EIKFFD_09515	52.8	451	202	3	1	440	1	451	2.38e-160	457
KDHFCO_12100	AAKGEC_10515	97.3	483	13	0	1	483	1	483	0.0	946
KDHFCO_12125	CHBPFB_01160	88.3	307	29	1	1	307	1	300	2.72e-192	526
KDHFCO_12130	ABCLFC_11475	98.4	183	3	0	1	183	1	183	2.89e-134	370
KDHFCO_12130	AANGNE_00995	52.5	162	77	0	20	181	1	162	9.57e-57	173
KDHFCO_12135	AMDFJK_08140	75.7	107	26	0	1	107	1	107	8.60e-59	173
KDHFCO_12140	AAKGEC_10540	72.1	111	31	0	1	111	1	111	5.12e-56	166
KDHFCO_12145	AAKGEC_10545	77.6	116	26	0	1	116	1	116	3.86e-65	190
KDHFCO_12150	AAKGEC_10550	78.5	209	45	0	1	209	1	209	4.45e-112	316
KDHFCO_12150	AANGNE_00985	53.4	208	96	1	1	207	1	208	1.43e-65	198
KDHFCO_12155	HNNKEJ_08615	81.9	360	60	2	1	360	1	355	1.94e-194	536
KDHFCO_12155	EIKFFD_05275	68.6	360	106	2	1	359	1	354	5.30e-164	459
KDHFCO_12160	EHLNLG_11895	83.1	225	36	1	1	225	1	223	5.25e-125	350
KDHFCO_12160	CBFHCM_03435	48.6	210	108	0	6	215	3	212	4.36e-64	196
KDHFCO_12160	ABJDJH_05770	43.3	203	115	0	9	211	20	222	2.25e-56	176
KDHFCO_12165	DFCDFN_02660	93.6	451	29	0	3	453	10	460	1.50e-305	826
KDHFCO_12180	ABCLFC_11530	94.2	191	11	0	1	191	1	191	4.89e-130	360
KDHFCO_12210	AANGNE_02985	43.1	378	209	3	21	395	14	388	2.18e-96	290
KDHFCO_12220	AAKGEC_10580	100	126	0	0	1	126	1	126	1.62e-83	237
KDHFCO_12225	IAFHMK_10280	93.6	313	19	1	1	312	1	313	1.21e-204	558
KDHFCO_12230	AAKGEC_10590	100	127	0	0	1	127	1	127	5.85e-82	233
KDHFCO_12235	AAKGEC_10595	100	121	0	0	1	121	1	121	1.47e-79	226
KDHFCO_12245	ACIHME_00390	97.7	214	5	0	1	214	1	214	1.37e-151	416
KDHFCO_12250	DNKGCI_00365	87.3	440	54	1	1	438	1	440	5.85e-274	744
KDHFCO_12255	DDDLLA_11510	85.0	147	22	0	1	147	1	147	2.56e-75	218
KDHFCO_12265	CNLKLD_01235	92.4	170	11	1	1	168	1	170	4.04e-100	282
KDHFCO_12270	AAKGEC_10630	98.3	115	2	0	1	115	1	115	8.39e-74	211
KDHFCO_12275	AAKGEC_10635	98.9	178	2	0	1	178	1	178	1.05e-120	335
KDHFCO_12280	AAKGEC_10640	99.2	132	1	0	1	132	1	132	1.72e-90	255
KDHFCO_12285	JIBFFE_02620	91.4	81	7	0	2	82	135	215	2.02e-50	154
KDHFCO_12300	AAKGEC_10655	100	180	0	0	1	180	1	180	1.38e-126	350
KDHFCO_12305	AAKGEC_10660	100	101	0	0	1	101	1	101	1.32e-68	197
KDHFCO_12310	AAKGEC_10665	100	122	0	0	1	122	1	122	8.15e-82	232
KDHFCO_12315	AAKGEC_10670	100	86	0	0	1	86	1	86	2.06e-56	165
KDHFCO_12325	AANGNE_00830	89.1	137	15	0	1	137	1	137	1.23e-88	251
KDHFCO_12330	AAKGEC_10685	99.5	217	1	0	1	217	1	217	1.01e-153	422
KDHFCO_12335	AAKGEC_10690	100	115	0	0	1	115	1	115	2.50e-75	215
KDHFCO_12340	AAKGEC_10695	98.9	92	1	0	1	92	1	92	1.83e-64	186
KDHFCO_12345	DFCDFN_08360	88.8	276	31	0	1	276	1	276	1.23e-177	487
KDHFCO_12350	AAKGEC_10705	99.0	97	1	0	1	97	1	97	2.53e-62	181
KDHFCO_12355	AAKGEC_10710	98.6	208	3	0	1	208	1	208	3.12e-139	384
KDHFCO_12360	AAKGEC_10715	99.5	207	1	0	1	207	1	207	2.69e-144	397
KDHFCO_12365	AAKGEC_10720	100	102	0	0	1	102	1	102	4.09e-68	196
KDHFCO_12375	LMHNOH_05565	87.6	429	49	1	1	429	1	425	2.76e-247	676
KDHFCO_12375	AANGNE_00780	59.8	425	161	2	1	423	1	417	5.84e-166	470
KDHFCO_12380	CDIIGJ_07400	77.2	496	109	2	1	496	1	492	2.58e-272	745
KDHFCO_12385	AANGNE_00775	84.9	185	27	1	1	184	1	185	4.33e-119	332
KDHFCO_12400	JMEAFF_11745	91.3	608	50	1	1	605	1	608	0.0	1110
KDHFCO_12400	AANGNE_00765	57.8	607	249	3	2	602	5	610	1.50e-245	686
KDHFCO_12405	HNNKEJ_09155	85.3	744	106	3	1	743	1	742	0.0	1239
KDHFCO_12405	AOEAIB_02700	63.7	753	257	3	6	742	7	759	0.0	933
KDHFCO_12405	AGHDIE_04215	32.9	566	309	16	121	625	140	695	1.31e-60	215
KDHFCO_12405	ABCLFC_02260	31.4	563	319	15	121	625	129	682	1.61e-59	212
KDHFCO_12410	AEFDGK_00710	84.7	209	32	0	1	209	1	209	1.32e-129	360
KDHFCO_12415	AAKGEC_10765	97.2	143	4	0	1	143	1	143	3.62e-95	268
KDHFCO_12415	AANGNE_06045	66.4	140	47	0	1	140	1	140	2.33e-67	197
KDHFCO_12420	ABNNBP_13025	100	138	0	0	1	138	1	138	1.34e-99	278
KDHFCO_12425	ABJDJH_07595	81.6	288	53	0	1	288	1	288	6.81e-173	476
KDHFCO_12425	ACDDAG_04845	60.9	281	109	1	1	280	1	281	1.24e-119	342
KDHFCO_12435	BEHEAJ_00625	76.8	211	47	1	1	211	50	258	2.60e-115	329
KDHFCO_12445	AAKGEC_10780	99.3	269	2	0	1	269	1	269	3.23e-169	465
KDHFCO_12445	AANGNE_00930	73.1	268	72	0	1	268	1	268	6.82e-127	358
KDHFCO_12450	AAKGEC_10785	93.5	245	16	0	1	245	1	245	7.31e-170	465
KDHFCO_12450	AANGNE_00935	71.6	225	64	0	1	225	1	225	2.52e-123	347
KDHFCO_12455	AAKGEC_10790	91.4	280	24	0	1	280	1	280	8.38e-182	498
KDHFCO_12455	AANGNE_00750	68.7	281	87	1	1	280	1	281	5.60e-134	377
KDHFCO_12455	AAOIOD_08845	41.8	280	139	3	23	278	48	327	4.54e-70	222
KDHFCO_12455	BLOIDM_11920	41.6	298	142	5	12	277	20	317	3.11e-68	217
KDHFCO_12460	HNNKEJ_09185	79.7	143	29	0	1	143	1	143	1.27e-77	224
KDHFCO_12460	AANGNE_00940	66.0	144	49	0	2	145	4	147	4.03e-66	194
KDHFCO_12470	BHKCDL_10125	77.0	122	28	0	15	136	1	122	2.80e-64	190
KDHFCO_12480	AAKGEC_10815	68.9	132	41	0	1	132	1	132	3.19e-54	163
KDHFCO_12485	ABCBPP_11760	84.4	109	17	0	17	125	19	127	6.23e-56	167
KDHFCO_12490	AMHKJB_09185	81.2	314	59	0	1	314	49	362	4.44e-173	481
KDHFCO_12490	KJJMGA_00790	52.5	314	145	2	1	312	35	346	3.41e-101	298
KDHFCO_12495	ABCLFC_11845	99.1	326	3	0	1	326	1	326	1.14e-234	635
KDHFCO_12495	PCAMPM_06075	54.5	314	114	2	1	314	1	285	5.97e-113	326
KDHFCO_12500	ADJCAM_06275	97.6	1639	36	2	1	1635	21	1659	0.0	3168
KDHFCO_12505	AAKGEC_02570	55.1	178	80	0	1	178	1	178	1.88e-53	165
KDHFCO_12510	AAKGEC_02565	87.9	132	16	0	1	132	312	443	2.89e-81	242
KDHFCO_12515	AAKGEC_02565	87.9	289	35	0	1	289	1	289	1.09e-177	495
KDHFCO_12520	DFCDFN_08215	79.9	616	124	0	1	616	1	616	0.0	979
KDHFCO_12525	HNNKEJ_09260	81.1	428	80	1	1	428	1	427	1.92e-245	671
KDHFCO_12525	AANGNE_09375	71.5	428	109	1	1	428	1	415	4.11e-216	597
KDHFCO_12530	DNKGCI_00115	77.2	268	57	2	1	267	1	265	5.79e-136	381
KDHFCO_12530	AANGNE_09380	69.7	267	78	1	1	267	1	264	7.92e-129	363
KDHFCO_12535	AANGNE_09385	80.4	245	47	1	1	244	1	245	4.56e-150	415
KDHFCO_12545	AAKGEC_02535	75.9	232	56	0	1	232	1	232	3.60e-127	356
KDHFCO_12545	AANGNE_09395	54.6	229	88	2	4	232	3	215	9.72e-81	238
KDHFCO_12550	BIHALF_07715	83.0	159	27	0	1	159	36	194	4.17e-89	255
KDHFCO_12555	AAKGEC_02525	92.4	408	30	1	1	407	1	408	5.37e-242	661
KDHFCO_12555	OABIGA_06050	65.2	402	133	2	1	398	1	399	3.92e-167	471
KDHFCO_12560	EPKBNI_12810	95.2	332	16	0	1	332	10	341	4.39e-235	637
KDHFCO_12565	AAKGEC_02515	96.2	446	17	0	1	446	1	446	3.87e-305	824
KDHFCO_12565	AANGNE_09415	70.1	445	126	3	1	442	1	441	3.52e-217	601
KDHFCO_12575	EHLNLG_11555	70.6	333	98	0	1	333	1	333	9.19e-157	439
KDHFCO_12580	DNKGCI_00060	84.2	241	37	1	2	242	18	257	1.57e-146	406
KDHFCO_12585	CNLKLD_04540	75.5	877	205	4	3	877	4	872	0.0	1296
KDHFCO_12585	EEJBJI_10175	71.3	875	241	4	4	877	5	870	0.0	1216
KDHFCO_12590	EHLNLG_11535	77.5	240	54	0	1	240	1	240	6.40e-137	383
KDHFCO_12590	AANGNE_03790	59.9	237	95	0	3	239	2	238	2.70e-100	290
KDHFCO_12590	AAKGEC_05360	33.7	246	153	2	2	241	3	244	4.15e-46	152
KDHFCO_12615	EGHGNB_04110	76.8	164	37	1	1	163	1	164	6.20e-90	256
KDHFCO_12620	CEFFBK_11170	95.8	576	24	0	1	576	1	576	0.0	1022
KDHFCO_12620	AANGNE_09525	66.1	575	195	0	1	575	1	575	2.91e-263	729
KDHFCO_12625	AAKGEC_03670	95.9	342	14	0	1	342	1	342	3.69e-223	608
KDHFCO_12630	AANGNE_09535	90.7	257	22	1	1	255	1	257	4.97e-162	446
KDHFCO_12635	AAKGEC_03680	93.0	341	24	0	1	341	1	341	4.33e-242	655
KDHFCO_12635	AANGNE_09540	68.3	344	105	3	1	340	1	344	5.89e-172	478
KDHFCO_12640	DFCDFN_10055	86.9	898	113	3	5	902	8	900	0.0	1532
KDHFCO_12650	BLDEPL_02050	97.6	164	4	0	1	164	1	164	5.10e-117	325
KDHFCO_12660	AAKGEC_03705	96.7	275	9	0	1	275	1	275	1.69e-199	542
KDHFCO_12665	ABNNBP_00075	99.8	400	0	1	1	399	1	400	2.18e-260	707
KDHFCO_12670	AMDFJK_02800	97.4	306	8	0	1	306	1	306	5.83e-220	597
KDHFCO_12675	DBDHAK_08795	86.7	285	38	0	1	285	7	291	2.82e-177	487
KDHFCO_12675	ABCBPP_06390	43.2	280	159	0	6	285	4	283	5.86e-77	233
KDHFCO_12680	ADJCAM_06430	80.3	366	72	0	1	366	1	366	3.03e-194	538
KDHFCO_12685	ABCLFC_12025	99.3	439	3	0	1	439	1	439	0.0	864
KDHFCO_12695	BEJELC_00470	95.0	340	17	0	3	342	2	341	7.59e-233	632
KDHFCO_12695	HCJGAG_01505	69.6	349	86	5	3	343	7	343	4.38e-162	453
KDHFCO_12700	ABNNBP_00125	99.4	166	1	0	1	166	18	183	2.55e-119	331
KDHFCO_12700	AANGNE_09555	62.7	158	58	1	1	158	1	157	1.56e-70	207
KDHFCO_12705	BAFONJ_10240	79.2	178	37	0	1	178	19	196	1.24e-96	275
KDHFCO_12710	HIJKML_03510	98.0	405	6	1	1	405	1	403	4.49e-283	764
KDHFCO_12710	AAKGEC_03740	38.9	404	247	0	1	404	1	404	7.98e-104	310
KDHFCO_12715	AAKGEC_03740	92.6	408	30	0	1	408	1	408	1.13e-264	718
KDHFCO_12715	HIJKML_03510	39.7	403	241	1	1	403	1	401	9.96e-102	305
KDHFCO_12720	JNMKIO_05120	91.2	136	2	1	1	136	29	154	7.24e-82	234
KDHFCO_12725	JBKKJP_12860	85.3	368	54	0	1	368	13	380	5.32e-232	633
KDHFCO_12730	BNBIEO_07450	92.4	448	34	0	1	448	1	448	8.13e-306	826
KDHFCO_12735	CNOINH_02845	78.0	159	35	0	16	174	1	159	1.70e-92	264
KDHFCO_12750	AAKGEC_03765	94.7	281	15	0	1	281	1	281	2.17e-189	517
KDHFCO_12755	AHPAPB_12710	95.4	109	5	0	1	109	1	109	2.38e-74	213
KDHFCO_12760	LLNOII_09640	81.8	110	19	1	1	109	1	110	4.52e-55	164
KDHFCO_12765	CIJHDH_11590	90.4	895	71	3	1	880	1	895	0.0	1631
KDHFCO_12775	ABCBPP_12050	97.7	218	5	0	1	218	1	218	6.06e-151	415
KDHFCO_12775	AANGNE_09575	65.9	217	61	1	2	218	1	204	5.65e-100	285
KDHFCO_12780	AAKGEC_03785	100	82	0	0	1	82	1	82	6.30e-56	164
KDHFCO_12785	AAKGEC_03790	95.6	114	5	0	1	114	1	114	8.76e-80	226
KDHFCO_12785	EPOEKF_10190	64.0	114	41	0	1	114	1	114	8.54e-54	161
KDHFCO_12790	ABCLFC_12145	98.3	173	3	0	1	173	1	173	9.06e-124	342
KDHFCO_12790	AANGNE_09590	60.1	168	67	0	1	168	1	168	5.47e-72	211
KDHFCO_12795	EKJHIG_11125	94.9	236	11	1	1	235	1	236	1.65e-159	438
KDHFCO_12795	AANGNE_07735	48.7	226	116	0	1	226	176	401	2.07e-64	202
KDHFCO_12800	DDDLLA_05020	74.2	484	123	1	1	482	1	484	8.62e-266	729
KDHFCO_12800	LEAGNF_11255	32.3	461	278	7	21	477	33	463	3.03e-79	252
KDHFCO_12805	CEHNAA_08180	83.9	1100	2	1	1	925	1	1100	0.0	1712
KDHFCO_12805	BOGGMI_12080	45.9	762	62	1	164	925	1	412	2.54e-185	537
KDHFCO_12810	CLAPNJ_05575	79.2	269	56	0	1	269	1	269	1.95e-151	421
KDHFCO_12810	AANGNE_09600	55.6	277	114	2	1	269	1	276	1.49e-101	294
KDHFCO_12835	OMLPIM_11420	88.6	430	11	1	42	471	42	433	1.91e-246	676
KDHFCO_12835	NMFGHN_03390	54.1	468	192	4	3	470	2	446	8.94e-154	441
KDHFCO_12840	ABCBPP_12130	94.2	502	29	0	1	502	1	502	0.0	949
KDHFCO_12840	BPLFFK_04950	55.4	500	220	2	1	499	9	506	2.38e-204	573
KDHFCO_12840	AAKGEC_09205	28.4	486	334	10	1	478	1	480	1.47e-56	193
KDHFCO_12845	DDKKPM_04605	76.4	301	71	0	1	301	47	347	4.46e-173	479
KDHFCO_12845	DFCDFN_00775	34.5	316	186	9	3	299	7	320	2.68e-53	177
KDHFCO_12850	AAKGEC_00325	96.1	282	11	0	1	282	1	282	9.14e-187	511
KDHFCO_12855	AAKGEC_00320	96.1	102	4	0	1	102	1	102	3.77e-73	209
KDHFCO_12860	ABCLFC_12230	98.8	251	3	0	1	251	1	251	3.14e-183	499
KDHFCO_12860	AANGNE_09615	57.4	249	102	1	3	251	11	255	1.90e-104	300
KDHFCO_12865	LEOBIF_03580	100	81	0	0	1	81	18	98	3.71e-51	152
KDHFCO_12870	CNLKLD_04595	77.8	167	33	2	1	166	1	164	7.79e-87	248
KDHFCO_12870	FDLGOJ_03220	62.7	166	37	3	1	166	5	145	3.47e-65	193
KDHFCO_12875	AAKGEC_00300	96.9	97	3	0	1	97	1	97	2.63e-64	186
KDHFCO_12880	DDDLLA_05075	74.4	281	65	2	1	281	1	274	1.80e-151	421
KDHFCO_12880	AANGNE_05000	47.1	276	138	3	1	276	6	273	2.35e-82	246
KDHFCO_12885	JBKKJP_13050	97.7	488	5	1	1	488	1	482	0.0	901
KDHFCO_12885	AAKGEC_06030	66.7	480	152	3	10	487	4	477	9.29e-227	629
KDHFCO_12885	DNKGCI_09195	56.1	492	198	7	1	486	1	480	7.63e-186	525
KDHFCO_12885	PHNFPI_05015	37.6	359	205	8	12	361	9	357	5.58e-66	217
KDHFCO_12885	CDIIGJ_10240	34.8	405	242	9	6	401	4	395	2.84e-60	201
KDHFCO_12885	BNBIEO_00300	32.8	393	246	9	12	398	7	387	4.47e-59	198
KDHFCO_12885	FAKCMI_12975	30.8	468	288	11	9	471	3	439	1.74e-56	191
KDHFCO_12890	BGHOFK_07625	77.2	556	111	6	1	553	1	543	4.89e-281	771
KDHFCO_12890	AGDPFD_10050	71.0	559	151	6	1	553	1	554	1.32e-257	712
KDHFCO_12895	CPLMAE_03205	85.9	213	29	1	1	213	1	212	8.35e-128	356
KDHFCO_12900	AAKGEC_00275	92.6	162	12	0	1	162	1	162	5.99e-110	306
KDHFCO_12910	ABCLFC_12280	98.7	149	2	0	1	149	1	149	5.06e-98	275
KDHFCO_12920	AAKGEC_00255	98.9	446	5	0	1	446	1	446	0.0	891
KDHFCO_12925	DDDLLA_05130	77.9	122	26	1	1	121	1	122	1.49e-61	181
KDHFCO_12930	AAKGEC_00245	78.6	145	31	0	1	145	1	145	1.56e-81	233
KDHFCO_12930	HPDOHA_10645	64.8	142	48	1	1	142	1	140	1.91e-61	182
KDHFCO_12935	AAKGEC_00215	98.8	333	4	0	1	333	1	333	6.12e-238	644
KDHFCO_12940	AAKGEC_00210	95.9	197	8	0	1	197	1	197	1.82e-128	356
KDHFCO_12945	NMIFFA_12690	90.6	663	55	1	1	656	40	702	0.0	1147
KDHFCO_12945	BNBIEO_07635	67.5	656	185	6	1	654	1	630	2.03e-312	859
KDHFCO_12950	MNCEOE_00255	83.3	150	25	0	82	231	70	219	3.51e-79	234
KDHFCO_12950	AGHDIE_06335	60.7	122	47	1	78	199	79	199	3.37e-49	157
KDHFCO_12955	AAKGEC_00195	96.5	840	29	0	1	840	1	840	0.0	1561
KDHFCO_12960	AAKGEC_00190	90.4	115	11	0	1	115	1	115	3.03e-67	195
KDHFCO_12970	BAFDFF_09595	99.7	391	1	0	1	391	1	391	2.03e-287	775
KDHFCO_12975	AAKGEC_00185	95.2	293	14	0	1	293	1	293	9.40e-206	560
KDHFCO_12990	AAKGEC_00170	97.6	125	3	0	1	125	1	125	8.38e-81	230
KDHFCO_12990	AANGNE_09760	66.1	118	40	0	8	125	5	122	1.61e-50	153
KDHFCO_12995	HKMGEG_01620	99.6	283	1	0	1	283	1	283	1.06e-186	511
KDHFCO_13005	LCDEGG_12650	99.4	503	3	0	1	503	22	524	0.0	1014
KDHFCO_13005	AANGNE_09775	70.5	495	142	1	5	499	3	493	1.54e-271	743
KDHFCO_13010	CDIIGJ_07990	84.0	175	28	0	1	175	26	200	8.35e-113	316
KDHFCO_13010	AANGNE_09780	72.0	175	49	0	1	175	1	175	3.74e-92	263
KDHFCO_13015	IAFHMK_07550	83.4	380	61	2	1	379	1	379	2.11e-200	553
KDHFCO_13020	ABCLFC_12385	99.1	107	1	0	1	107	142	248	4.74e-74	216
KDHFCO_13025	ABCLFC_12385	98.2	110	2	0	1	110	1	110	5.09e-71	210
KDHFCO_13030	CDIIGJ_08010	85.8	239	34	0	1	239	1	239	7.09e-152	419
KDHFCO_13035	AAKGEC_00130	94.9	408	21	0	1	408	1	408	3.94e-297	800
KDHFCO_13040	AAKGEC_00125	98.1	625	12	0	1	625	1	625	0.0	1236
KDHFCO_13045	BEGLKA_06520	89.8	498	14	2	1	461	1	498	6.37e-159	456
KDHFCO_13045	MOAELC_08505	69.8	225	68	0	1	225	1	225	7.95e-50	173
KDHFCO_13050	HNNKEJ_10155	82.8	174	30	0	2	175	2	175	3.09e-96	273
KDHFCO_13050	AANGNE_09800	61.9	168	64	0	1	168	1	168	1.15e-68	203
KDHFCO_13055	JBKKJP_13225	99.0	290	1	1	2	291	2	289	1.93e-192	526
KDHFCO_13055	AANGNE_09805	62.8	282	99	1	9	290	1	276	1.28e-115	331
KDHFCO_13060	AAKGEC_00105	96.6	146	5	0	1	146	1	146	8.19e-107	297
KDHFCO_13060	DDDLLA_05310	71.9	146	40	1	1	145	1	146	5.47e-76	219
KDHFCO_13065	AANGNE_09815	81.7	224	40	1	1	224	1	223	3.85e-127	355
KDHFCO_13070	GJNFIB_08575	97.3	223	6	0	1	223	22	244	7.83e-159	436
KDHFCO_13070	AANGNE_07905	66.2	216	73	0	8	223	25	240	1.44e-107	306
KDHFCO_13075	AANGNE_07910	80.7	405	77	1	1	404	1	405	4.14e-227	623
KDHFCO_13075	AAKGEC_04920	47.5	402	195	4	3	401	2	390	2.64e-120	352
KDHFCO_13075	CPNLII_09420	46.8	406	203	4	1	406	1	393	5.09e-116	341
KDHFCO_13080	DPCCPE_01025	95.9	145	6	0	1	145	1	145	8.43e-93	262
KDHFCO_13090	CGMKCF_10615	95.9	1439	54	1	3	1436	3	1441	0.0	2716
KDHFCO_13095	BGHOFK_07820	84.8	204	31	0	1	204	31	234	4.48e-121	339
KDHFCO_13100	KPPIIN_08970	94.2	242	14	0	1	242	32	273	6.27e-168	461
KDHFCO_13100	CJHCCN_07860	66.8	241	74	1	1	241	1	235	2.64e-109	311
KDHFCO_13105	AAKGEC_00060	94.5	235	12	1	3	237	7	240	2.21e-154	425
KDHFCO_13110	IAFHMK_07420	79.1	454	94	1	3	455	2	455	7.68e-252	690
KDHFCO_13115	AAKGEC_00050	84.5	245	38	0	1	245	4	248	5.52e-152	420
KDHFCO_13120	CMMBIF_01890	88.0	666	80	0	1	666	35	700	0.0	1157
KDHFCO_13120	DNKGCI_07370	36.7	411	237	8	239	641	598	993	8.58e-69	240
KDHFCO_13125	PODEMB_11600	99.2	119	1	0	3	121	18	136	1.58e-84	239
KDHFCO_13130	PHBBGM_10865	74.7	392	98	1	1	391	1	392	5.98e-211	581
KDHFCO_13130	ABCBPP_12205	67.8	394	125	1	1	392	1	394	3.26e-189	526
KDHFCO_13130	ABCBPP_00310	47.1	397	197	8	1	389	1	392	3.24e-115	338
KDHFCO_13130	HBPNHC_05930	42.8	395	211	10	1	385	24	413	7.54e-89	271
KDHFCO_13130	CIJHDH_09200	40.7	398	207	11	1	383	23	406	1.01e-83	258
KDHFCO_13145	FHIFIE_03720	86.0	221	7	1	1	221	1	197	1.07e-133	371
KDHFCO_13155	AGKELP_09620	92.7	177	13	0	1	177	1	177	1.80e-116	324
KDHFCO_13155	LLMEEB_09000	58.9	175	67	2	1	175	1	170	7.43e-66	196
KDHFCO_13160	ABCBPP_00230	93.5	93	6	0	1	93	1	93	5.64e-64	185
KDHFCO_13165	FMBBOG_10250	92.4	79	6	0	1	79	1	79	2.44e-51	152
KDHFCO_13175	EGFJBH_02540	100	108	0	0	1	108	1	108	4.10e-76	217
KDHFCO_13180	ABCBPP_00210	94.3	264	15	0	1	264	1	264	2.22e-194	528
KDHFCO_13185	LLNOII_07835	93.5	541	35	0	1	541	1	541	0.0	1019
KDHFCO_13190	ABCBPP_00200	93.8	129	8	0	52	180	65	193	1.45e-78	229
KDHFCO_13195	NGAPDN_11040	77.7	103	20	1	1	100	1	103	2.95e-54	161
KDHFCO_13200	CPFDGH_00190	92.8	138	8	1	1	136	1	138	1.18e-88	251
KDHFCO_13205	NAFEBK_04970	74.3	105	24	1	1	105	9	110	1.24e-50	152
KDHFCO_13210	EJEPOM_11610	80.7	337	64	1	1	336	31	367	3.11e-194	535
KDHFCO_13215	BGHOFK_07850	80.9	173	30	1	1	170	4	176	2.34e-66	197
KDHFCO_13220	FHIFIE_03450	94.9	897	46	0	1	897	1	897	0.0	1601
KDHFCO_13220	EOHHJN_09855	64.3	906	285	5	1	897	1	877	0.0	1079
KDHFCO_13220	BGHOFK_00755	38.8	882	493	14	22	887	21	871	7.00e-174	524
KDHFCO_13220	AANGNE_04040	39.1	890	478	20	22	885	21	872	6.26e-168	508
KDHFCO_13220	AKPIPJ_02055	35.1	928	535	18	1	882	17	923	1.99e-150	464
KDHFCO_13220	AANGNE_04380	34.9	938	519	24	3	882	4	907	1.22e-141	441
KDHFCO_13220	JAPIMJ_06920	32.5	901	564	14	10	896	11	881	2.06e-127	402
KDHFCO_13220	BGHOFK_01130	27.0	732	488	17	9	727	33	731	2.17e-72	253
KDHFCO_13220	GKAHPE_00190	25.4	716	485	14	21	727	32	707	3.24e-63	226
KDHFCO_13220	LIMBNG_08850	26.4	606	363	18	198	781	161	705	9.64e-41	157
KDHFCO_13225	PHJNPH_07905	97.1	175	4	1	1	175	1	174	4.84e-122	338
KDHFCO_13230	HMJMNM_11500	86.4	339	17	1	1	339	1	310	1.09e-211	577
KDHFCO_13235	AAKGEC_08250	87.3	150	19	0	1	150	1	150	6.32e-93	263
KDHFCO_13290	AAKGEC_04585	100	130	0	0	1	130	1	130	8.24e-88	248
KDHFCO_13295	CBFHCM_07120	92.6	148	11	0	1	148	38	185	3.00e-100	282
KDHFCO_13300	AGINCK_06570	86.8	356	47	0	1	356	2	357	1.80e-212	582
KDHFCO_13300	AAKGEC_03430	39.6	361	208	6	1	356	1	356	5.23e-75	233
KDHFCO_13300	AANGNE_07815	35.6	360	224	5	1	356	1	356	6.42e-63	201
KDHFCO_13305	CDIIGJ_08275	80.5	221	42	1	1	221	1	220	1.12e-121	341
KDHFCO_13305	AANGNE_07810	61.6	216	82	1	4	218	5	220	1.60e-84	247
KDHFCO_13305	ABCLFC_10095	59.9	222	87	2	1	220	1	222	4.57e-84	246
KDHFCO_13310	AAKGEC_04605	87.7	292	36	0	1	292	1	292	2.98e-181	498
KDHFCO_13310	BNBIEO_10030	63.0	292	108	0	1	292	1	292	1.09e-123	352
KDHFCO_13315	HNNKEJ_10360	78.6	206	43	1	1	206	1	205	1.84e-115	324
KDHFCO_13315	AANGNE_09960	65.7	207	68	1	3	206	15	221	1.68e-96	277
KDHFCO_13320	CJHCCN_10740	87.1	271	35	0	1	271	4	274	5.96e-169	465
KDHFCO_13345	AAKGEC_04640	99.9	709	1	0	1	709	1	709	0.0	1374
KDHFCO_13345	DNKGCI_00780	30.3	498	293	9	1	486	1	456	4.37e-60	207
KDHFCO_13350	AAKGEC_04645	100	155	0	0	1	155	1	155	5.86e-109	303
KDHFCO_13355	DNKGCI_05100	91.2	137	12	0	1	137	1	137	2.36e-84	240
KDHFCO_13370	AKPIPJ_03885	94.5	435	23	1	1	434	9	443	3.02e-289	783
KDHFCO_13370	AANGNE_10005	59.7	434	169	2	1	434	1	428	3.11e-170	481
KDHFCO_13375	OAEMLE_01770	97.6	297	5	1	1	295	1	297	1.88e-202	551
KDHFCO_13380	AAKGEC_04665	73.0	211	42	2	1	211	1	196	6.25e-105	297
KDHFCO_13380	AANGNE_10020	52.4	210	69	1	1	210	1	179	1.03e-66	200
KDHFCO_13385	CNLKLD_08200	78.5	312	66	1	1	311	1	312	3.71e-188	517
