KDHFCO_00005	AAKGEC_06445	96.7	455	14	1	1	454	1	455	1.14e-319	864
KDHFCO_00005	AANGNE_00005	70.5	454	131	1	1	454	1	451	1.14e-232	644
KDHFCO_00005	CNLKLD_05110	59.7	461	179	3	1	454	1	461	2.87e-190	536
KDHFCO_00010	AAKGEC_06440	97.4	380	10	0	1	380	1	380	2.65e-259	705
KDHFCO_00010	CNLKLD_05105	71.1	380	110	0	1	380	1	380	8.76e-191	531
KDHFCO_00015	AAKGEC_06435	88.6	1099	125	0	1	1099	1	1099	0.0	1887
KDHFCO_00015	HNNKEJ_10460	71.6	1098	310	2	1	1098	1	1096	0.0	1536
KDHFCO_00015	IAFHMK_09015	63.9	1096	389	5	1	1095	1	1090	0.0	1375
KDHFCO_00015	AANGNE_00015	61.3	1103	417	7	1	1094	1	1102	0.0	1314
KDHFCO_00015	OFBCLB_12165	60.2	1094	434	1	1	1094	1	1093	0.0	1289
KDHFCO_00015	DNKGCI_07335	58.1	1099	458	2	1	1098	1	1098	0.0	1272
KDHFCO_00015	LBKFJK_02405	56.7	1093	472	1	1	1093	1	1092	0.0	1254
KDHFCO_00015	CNLKLD_05100	50.8	1099	520	8	1	1092	1	1085	0.0	1040
KDHFCO_00020	AAKGEC_06430	91.1	1203	107	0	1	1203	1	1203	0.0	2115
KDHFCO_00020	IAFHMK_09020	70.6	1203	351	2	1	1201	1	1202	0.0	1639
KDHFCO_00020	DNKGCI_07340	67.4	1219	369	6	1	1202	1	1207	0.0	1571
KDHFCO_00020	LBKFJK_02400	66.6	1218	383	6	1	1202	1	1210	0.0	1555
KDHFCO_00020	DDDLLA_05735	66.9	1207	391	7	1	1202	1	1204	0.0	1552
KDHFCO_00020	LEAGNF_00795	64.8	1217	385	12	1	1201	1	1190	0.0	1469
KDHFCO_00020	CNLKLD_05095	58.5	1224	472	10	1	1203	1	1209	0.0	1311
KDHFCO_00030	ONFANJ_08325	85.9	185	22	1	1	185	1	181	7.99e-108	305
KDHFCO_00030	BGHOFK_05385	62.2	185	70	0	1	185	1	185	2.58e-77	228
KDHFCO_00035	BGHOFK_05390	95.7	371	15	1	1	371	1	370	3.56e-250	681
KDHFCO_00040	AAKGEC_06410	93.5	107	7	0	1	107	1	107	2.77e-67	197
KDHFCO_00045	ICGPBP_07875	96.0	227	9	0	1	227	7	233	7.36e-154	429
KDHFCO_00050	FGMOCB_04605	79.5	156	31	1	1	156	1	155	3.74e-78	228
KDHFCO_00050	DHALJH_01085	62.3	154	58	0	1	154	14	167	3.92e-59	181
KDHFCO_00055	AANGNE_00035	77.1	188	43	0	1	188	1	188	2.77e-104	297
KDHFCO_00055	OAEMLE_01860	100	87	0	0	102	188	1	87	7.18e-59	178
KDHFCO_00060	DNKGCI_07370	80.1	1174	216	1	1	1174	1	1156	0.0	1870
KDHFCO_00060	CNLKLD_05075	73.4	1179	290	3	1	1173	1	1161	0.0	1697
KDHFCO_00060	CMMBIF_01890	39.5	380	212	6	631	1000	291	662	1.66e-71	253
KDHFCO_00060	DCAANM_00070	100	81	0	0	1	81	1	81	1.51e-47	164
KDHFCO_00060	MKICBC_11860	100	81	0	0	1	81	1	81	4.30e-47	164
KDHFCO_00065	CDIIGJ_08465	93.3	89	6	0	1	89	68	156	1.75e-48	150
KDHFCO_00070	AAKGEC_06365	91.1	123	11	0	1	123	1	123	1.00e-68	202
KDHFCO_00070	CDIIGJ_08470	72.3	119	33	0	1	119	1	119	2.63e-50	155
KDHFCO_00075	AAKGEC_06360	78.5	107	23	0	1	107	1	107	1.53e-55	167
KDHFCO_00080	FGFHJG_12135	84.6	448	65	1	1	444	1	448	5.95e-275	750
KDHFCO_00080	CDIIGJ_08485	72.6	438	120	0	8	445	1	438	6.84e-233	643
KDHFCO_00080	HNNKEJ_10525	68.7	438	137	0	8	445	1	438	5.28e-223	618
KDHFCO_00080	BGHOFK_05425	66.5	439	146	1	8	445	1	439	1.47e-213	594
KDHFCO_00080	IAFHMK_09125	60.2	422	162	2	27	445	6	424	3.73e-179	506
KDHFCO_00080	DNKGCI_07400	56.3	439	190	2	8	445	1	438	7.15e-173	491
KDHFCO_00080	LBKFJK_02355	58.0	441	178	5	8	445	1	437	1.30e-170	485
KDHFCO_00080	DDDLLA_05805	53.8	442	194	2	8	445	1	436	7.27e-165	471
KDHFCO_00080	CNLKLD_05055	53.6	442	195	2	8	445	1	436	2.07e-164	469
KDHFCO_00080	AANGNE_00065	52.6	439	201	2	8	445	1	433	1.88e-159	457
KDHFCO_00085	ABCLFC_00075	98.3	422	7	0	1	422	1	422	3.27e-304	822
KDHFCO_00085	CDIIGJ_08490	69.9	419	125	1	1	418	1	419	3.09e-216	599
KDHFCO_00085	BGHOFK_05430	67.1	423	138	1	1	422	1	423	5.03e-209	581
KDHFCO_00085	HNNKEJ_10530	65.5	423	141	1	1	418	1	423	1.10e-198	555
KDHFCO_00085	IAFHMK_09130	61.1	419	162	1	1	418	1	419	8.79e-190	532
KDHFCO_00085	DNKGCI_07405	58.7	416	167	1	4	414	6	421	6.45e-177	500
KDHFCO_00085	DDDLLA_05810	58.7	419	165	2	4	414	6	424	3.58e-176	498
KDHFCO_00085	LBKFJK_02350	56.3	423	176	2	1	414	1	423	9.28e-174	492
KDHFCO_00085	AGDPFD_00075	54.8	414	185	2	7	418	3	416	1.70e-157	450
KDHFCO_00085	CNLKLD_05050	50.5	416	195	3	4	414	3	412	1.25e-141	410
KDHFCO_00090	CJHCCN_08360	79.2	178	37	0	6	183	2	179	2.18e-96	276
KDHFCO_00090	DNKGCI_07020	53.9	167	76	1	10	175	8	174	4.66e-60	184
KDHFCO_00095	BNPKDP_00090	98.3	696	11	1	1	695	1	696	0.0	1295
KDHFCO_00140	AAOIOD_00790	79.1	611	121	2	1	607	1	608	0.0	923
KDHFCO_00140	CDIIGJ_08545	69.5	640	159	3	1	607	1	637	3.03e-306	844
KDHFCO_00140	HNNKEJ_10585	68.2	620	169	8	1	607	1	605	1.38e-282	783
KDHFCO_00140	IAFHMK_09190	62.4	649	197	7	1	607	1	644	1.41e-265	741
KDHFCO_00140	ONKCDP_03650	83.0	400	65	1	1	400	1	397	7.36e-224	647
KDHFCO_00140	ABJDJH_02515	83.7	288	47	0	320	607	1	288	2.92e-157	452
KDHFCO_00145	AAKGEC_06290	78.6	645	137	1	1	644	1	645	0.0	990
KDHFCO_00145	HNNKEJ_10590	64.7	645	226	2	1	644	1	644	1.17e-300	832
KDHFCO_00145	BGHOFK_05490	64.3	645	228	2	1	644	1	644	2.98e-296	820
KDHFCO_00145	CDIIGJ_08550	65.0	649	222	3	1	644	1	649	1.67e-294	816
KDHFCO_00145	IAFHMK_09195	60.8	646	249	4	1	644	1	644	1.39e-275	768
KDHFCO_00145	LBKFJK_02280	58.7	646	263	4	1	644	1	644	7.95e-265	741
KDHFCO_00145	DDDLLA_05875	57.8	645	267	4	1	644	1	641	3.90e-257	721
KDHFCO_00145	CNLKLD_07360	50.5	645	314	4	1	643	1	642	7.60e-215	613
KDHFCO_00145	AANGNE_04230	50.3	646	317	4	1	644	1	644	1.58e-214	613
KDHFCO_00145	DGJKMP_04945	61.6	450	171	2	197	644	1	450	1.12e-185	532
KDHFCO_00145	ONKCDP_03650	48.5	620	303	5	36	644	354	968	2.90e-184	546
KDHFCO_00150	BGHOFK_05495	78.3	143	31	0	1	143	8	150	1.09e-78	229
KDHFCO_00155	ABCLFC_00145	98.7	388	5	0	1	388	1	388	2.09e-276	749
KDHFCO_00155	DDDLLA_05885	71.5	383	108	1	1	383	1	382	3.25e-196	546
KDHFCO_00155	CNLKLD_07350	70.5	383	111	1	1	383	1	381	3.48e-188	525
KDHFCO_00155	EHFDLC_06800	68.1	383	120	1	1	383	1	381	6.00e-182	510
KDHFCO_00160	NAFEBK_04970	84.8	105	13	1	1	105	9	110	4.89e-58	174
KDHFCO_00165	ABNNBP_00935	100	126	0	0	1	126	1	126	1.13e-84	242
KDHFCO_00165	MKCKPI_11920	76.4	110	26	0	17	126	1	110	3.62e-54	166
KDHFCO_00170	BOKJIE_02550	89.0	100	11	0	1	100	43	142	1.62e-60	181
KDHFCO_00170	NGAPDN_11040	76.7	103	21	1	1	100	1	103	3.27e-52	158
KDHFCO_00175	ABCBPP_00200	89.1	193	21	0	1	193	1	193	3.30e-114	322
KDHFCO_00175	LGJCEJ_09445	61.9	257	34	1	1	193	1	257	3.95e-90	264
KDHFCO_00175	AGKELP_11995	93.5	123	8	0	71	193	53	175	1.68e-75	224
KDHFCO_00175	DBDHAK_07855	71.6	148	42	0	46	193	1	148	4.55e-67	201
KDHFCO_00175	NOKDAP_11540	80.5	133	26	0	61	193	80	212	3.59e-66	201
KDHFCO_00175	FCFPCK_08470	77.2	123	28	0	71	193	54	176	9.41e-61	186
KDHFCO_00175	MJMKOD_01735	69.3	137	42	0	57	193	187	323	3.75e-56	179
KDHFCO_00175	MNCDBI_02970	68.7	131	40	1	64	193	6	136	5.47e-51	160
KDHFCO_00180	LLNOII_07835	94.8	541	28	0	1	541	1	541	0.0	1037
KDHFCO_00180	AMDFJK_13045	49.5	485	227	5	45	528	4	471	1.43e-164	476
KDHFCO_00185	ABCBPP_00210	91.3	264	23	0	1	264	1	264	5.12e-185	507
KDHFCO_00185	AGHIEO_08320	66.4	265	86	3	1	264	1	263	7.52e-127	360
KDHFCO_00185	JONLDN_05190	44.2	267	137	6	1	264	1	258	1.14e-76	233
KDHFCO_00190	EGFJBH_02540	98.2	111	2	0	1	111	1	111	8.89e-77	221
KDHFCO_00190	LLNAOI_00215	95.4	108	5	0	1	108	61	168	3.97e-72	211
KDHFCO_00200	FMBBOG_10250	93.7	79	5	0	1	79	1	79	2.32e-50	152
KDHFCO_00205	ABCBPP_00230	94.6	93	5	0	1	93	1	93	6.51e-64	187
KDHFCO_00210	BPPADB_09460	90.8	141	13	0	1	141	1	141	3.94e-91	260
KDHFCO_00225	ABNNBP_00995	100	108	0	0	1	108	1	108	4.23e-76	219
KDHFCO_00235	ABIMCM_08600	97.9	140	3	0	1	140	1	140	3.35e-95	270
KDHFCO_00235	AJGINB_01285	61.7	133	42	2	5	135	5	130	1.10e-51	160
KDHFCO_00240	KOHNEB_02750	88.5	183	21	0	2	184	16	198	2.13e-127	355
KDHFCO_00240	ABIMCM_01455	43.0	193	91	3	1	177	1	190	2.72e-49	157
KDHFCO_00265	ACNHAK_10055	76.5	439	98	2	3	441	4	437	3.57e-222	616
KDHFCO_00265	IAFHMK_06425	60.0	447	166	6	1	441	1	440	8.25e-149	430
KDHFCO_00265	CDIIGJ_04860	64.4	320	91	5	125	441	98	397	1.39e-131	384
KDHFCO_00265	LBKFJK_03605	51.0	453	208	7	2	441	7	458	1.03e-130	384
KDHFCO_00265	DDDLLA_03310	57.1	324	112	6	127	440	57	363	1.41e-112	335
KDHFCO_00265	DNKGCI_09750	57.9	316	124	3	126	440	68	375	5.92e-112	333
KDHFCO_00265	IHNEIG_04005	68.7	211	65	1	131	341	42	251	2.84e-97	291
KDHFCO_00265	CNLKLD_08010	64.4	216	77	0	126	341	72	287	4.86e-93	285
KDHFCO_00285	BNPKDP_00150	99.7	393	1	0	1	393	1	393	4.14e-286	776
KDHFCO_00285	CBFHCM_00015	67.6	407	132	0	1	407	1	407	8.55e-200	556
KDHFCO_00285	HNNKEJ_01225	69.2	234	66	1	1	234	1	228	4.69e-116	343
KDHFCO_00290	ABNNBP_01060	100	252	0	0	1	252	1	252	1.72e-177	487
KDHFCO_00290	CBFHCM_00020	74.2	248	64	0	1	248	1	248	5.02e-131	370
KDHFCO_00290	HNNKEJ_01225	80.6	175	34	0	72	246	218	392	5.30e-99	294
KDHFCO_00290	AAKGEC_01170	41.8	244	139	2	2	242	4	247	6.11e-58	184
KDHFCO_00295	ABCBPP_00295	100	108	0	0	1	108	1	108	2.10e-76	220
KDHFCO_00300	ABCBPP_00305	100	101	0	0	1	101	1	101	1.04e-66	195
KDHFCO_00305	ABCBPP_00310	99.5	394	2	0	1	394	1	394	1.75e-287	777
KDHFCO_00305	ACDDAG_04295	58.9	394	161	1	1	394	1	393	2.45e-166	471
KDHFCO_00305	HNNKEJ_10830	51.0	396	192	2	1	394	25	420	4.64e-141	407
KDHFCO_00305	ACDDAG_03575	50.4	395	194	2	1	394	1	394	1.80e-134	390
KDHFCO_00305	ACDDAG_02840	50.3	396	194	3	1	394	4	398	8.28e-134	388
KDHFCO_00305	HBPNHC_05930	48.7	396	201	2	1	394	24	419	9.34e-128	374
KDHFCO_00305	ABCBPP_12205	48.7	394	195	6	1	391	1	390	2.62e-121	356
KDHFCO_00305	BOKJIE_08590	47.0	400	196	7	1	391	1	393	4.30e-118	348
KDHFCO_00305	DNKGCI_02670	44.7	396	217	2	1	394	4	399	1.49e-116	344
KDHFCO_00305	ABCLFC_12515	47.0	396	197	7	1	391	1	388	1.92e-115	341
KDHFCO_00305	PHBBGM_10865	46.9	397	197	8	1	391	1	389	2.99e-115	341
KDHFCO_00305	ANFPEE_11065	46.2	398	201	6	1	391	1	392	3.09e-115	341
KDHFCO_00305	FMBBOG_01365	47.2	398	197	6	1	391	1	392	4.98e-114	338
KDHFCO_00305	ABCBPP_02220	46.0	400	199	8	1	391	1	392	1.61e-112	334
KDHFCO_00305	DNKGCI_10485	46.2	396	203	7	1	391	1	391	1.26e-111	332
KDHFCO_00305	CIJHDH_09200	44.2	396	219	2	1	394	23	418	2.09e-111	332
KDHFCO_00305	CADMAF_09105	46.3	395	202	5	1	391	1	389	6.69e-111	330
KDHFCO_00305	NGIILC_10805	47.0	396	197	7	1	391	1	388	5.21e-110	327
KDHFCO_00305	MNCDBI_09870	44.3	400	206	7	1	391	1	392	1.91e-108	323
KDHFCO_00305	AIGDEK_00830	44.8	400	204	7	1	391	1	392	1.98e-105	316
KDHFCO_00305	IAFHMK_02230	41.0	400	221	7	1	393	1	392	3.14e-98	297
KDHFCO_00305	DMLIFG_01295	43.3	383	204	8	14	391	1	375	4.46e-97	294
KDHFCO_00305	GHPLOC_08865	41.2	398	221	6	1	391	1	392	1.20e-95	291
KDHFCO_00305	AANGNE_09010	41.5	393	224	5	1	390	1	390	5.42e-94	286
KDHFCO_00305	AEMMAL_07540	40.0	380	223	5	3	379	8	385	6.39e-89	274
KDHFCO_00310	JBKKJP_00160	99.2	256	2	0	5	260	24	279	3.29e-179	493
KDHFCO_00310	OFBCLB_12000	73.7	255	67	0	6	260	16	270	5.52e-132	373
KDHFCO_00310	ABJDJH_00635	72.7	260	71	0	1	260	1	260	3.70e-130	368
KDHFCO_00315	ABCLFC_00155	98.3	121	2	0	1	121	1	121	4.17e-80	230
KDHFCO_00315	BOKJIE_00265	70.2	121	36	0	1	121	1	121	6.21e-57	172
KDHFCO_00320	ABNNBP_01090	100	163	0	0	1	163	1	163	1.69e-106	300
KDHFCO_00320	BPNIAE_08135	55.0	169	54	2	2	163	14	167	3.20e-49	155
KDHFCO_00330	PAGFJI_13165	98.0	149	3	0	1	149	1	149	1.73e-102	289
KDHFCO_00330	AIPJBK_03060	67.8	146	47	0	1	146	1	146	2.65e-70	208
KDHFCO_00340	PHBBGM_08270	94.8	538	27	1	1	538	1	537	0.0	937
KDHFCO_00340	AANGNE_07235	34.8	534	333	10	11	532	13	543	3.95e-85	273
KDHFCO_00345	BAFDFF_09595	99.7	391	1	0	1	391	1	391	1.93e-286	775
KDHFCO_00345	GIODPP_08930	52.3	390	183	2	1	390	1	387	1.14e-140	405
KDHFCO_00345	BPPLAM_03680	50.6	389	192	0	1	389	1	389	1.61e-137	397
KDHFCO_00345	FMBBOG_10550	52.5	356	168	1	34	389	1	355	3.87e-131	380
KDHFCO_00345	BJNLFJ_00015	51.8	357	172	0	1	357	1	357	9.67e-130	377
KDHFCO_00345	DANMKC_05690	100	125	0	0	75	199	127	251	8.87e-83	253
KDHFCO_00345	ABCBPP_12920	47.6	254	133	0	137	390	1	254	8.56e-76	235
KDHFCO_00355	AAKGEC_06255	89.0	173	19	0	1	173	1	173	1.52e-107	304
KDHFCO_00355	HJMHNM_02535	64.0	172	62	0	1	172	1	172	2.09e-75	223
KDHFCO_00355	FFEJFE_02890	59.9	172	69	0	1	172	1	172	3.27e-72	214
KDHFCO_00355	AANGNE_02480	58.8	170	70	0	3	172	3	172	3.32e-65	197
KDHFCO_00355	CCDPJE_08950	49.7	173	86	1	1	172	1	173	2.73e-52	164
KDHFCO_00365	DDDLLA_05940	80.8	391	75	0	1	391	1	391	5.94e-225	619
KDHFCO_00365	AAOIOD_01880	66.8	388	128	1	1	388	1	387	1.09e-186	522
KDHFCO_00365	IAFHMK_00775	35.7	370	221	9	31	389	32	395	1.11e-66	216
KDHFCO_00365	CNLKLD_01740	33.1	402	248	10	4	390	1	396	2.19e-66	215
KDHFCO_00365	DNKGCI_05550	33.7	386	238	9	12	386	13	391	1.42e-65	213
KDHFCO_00365	AANGNE_07435	34.9	398	240	10	1	386	1	391	2.46e-65	213
KDHFCO_00365	BGHOFK_08220	34.6	367	222	10	31	386	32	391	1.05e-62	206
KDHFCO_00370	LBKFJK_02205	78.3	253	53	1	1	251	1	253	1.03e-144	404
KDHFCO_00370	CNLKLD_04990	72.1	251	70	0	1	251	3	253	1.93e-135	381
KDHFCO_00375	ABJDJH_02575	92.5	293	22	0	1	293	1	293	1.25e-195	536
KDHFCO_00375	CDIIGJ_07390	60.5	296	114	1	1	293	1	296	7.21e-126	360
KDHFCO_00375	HNNKEJ_10635	55.7	289	128	0	1	289	5	293	1.11e-108	317
KDHFCO_00375	DNKGCI_09450	54.2	288	124	2	1	288	1	280	7.79e-99	291
KDHFCO_00375	LBKFJK_02200	48.8	289	148	0	1	289	1	289	7.31e-95	281
KDHFCO_00375	IAFHMK_08840	43.8	292	158	2	1	290	1	288	6.61e-77	236
KDHFCO_00380	OIGCPG_06545	90.8	411	37	1	1	411	1	410	1.64e-250	685
KDHFCO_00380	HNNKEJ_10645	71.1	405	115	1	1	405	1	403	2.16e-185	520
KDHFCO_00380	CDIIGJ_07385	61.5	408	152	2	1	408	1	403	2.01e-165	469
KDHFCO_00380	ABCBPP_01720	39.1	391	236	1	1	391	1	389	2.50e-84	263
KDHFCO_00380	FAEDPP_12440	38.1	409	251	1	1	409	1	407	2.03e-83	260
KDHFCO_00380	BGHOFK_08015	37.3	399	244	4	1	395	1	397	2.55e-74	237
KDHFCO_00380	DNKGCI_09435	33.7	398	258	3	3	399	1	393	1.20e-67	219
KDHFCO_00385	AAKGEC_06230	99.6	472	2	0	1	472	1	472	0.0	907
KDHFCO_00390	IAFHMK_09250	73.5	540	127	6	1	530	1	534	1.28e-264	731
KDHFCO_00390	DBFDDP_04740	89.5	200	12	3	1	193	1	198	4.45e-108	321
KDHFCO_00395	AAKGEC_06220	97.9	326	7	0	1	326	1	326	1.65e-228	622
KDHFCO_00400	MKICBC_12190	96.0	352	14	0	1	352	1	352	5.49e-248	676
KDHFCO_00405	AAKGEC_06210	95.2	333	16	0	1	333	1	333	6.33e-241	654
KDHFCO_00410	ABCLFC_00240	98.2	284	5	0	1	284	1	284	1.74e-202	553
KDHFCO_00410	AAKGEC_06205	75.0	264	66	0	21	284	18	281	6.91e-144	405
KDHFCO_00410	HNNKEJ_10675	65.6	282	93	2	4	283	5	284	7.12e-129	367
KDHFCO_00410	DNKGCI_07545	56.8	278	116	2	4	279	5	280	1.21e-111	323
KDHFCO_00410	CNLKLD_04985	55.2	281	122	2	4	282	5	283	2.83e-108	315
KDHFCO_00410	OFBCLB_11905	60.7	244	94	1	37	280	40	281	2.23e-107	312
KDHFCO_00410	IAFHMK_09270	57.5	280	111	3	1	276	1	276	1.43e-103	303
KDHFCO_00410	EIKFFD_06060	55.4	240	105	2	38	277	18	255	9.62e-94	277
KDHFCO_00410	AANGNE_00225	53.7	242	110	1	38	279	17	256	1.64e-88	263
KDHFCO_00410	BNBIEO_06540	55.2	239	105	1	38	276	34	270	6.14e-88	263
KDHFCO_00410	CDIIGJ_08605	49.8	265	109	3	36	280	2	262	7.88e-81	244
KDHFCO_00410	BGHOFK_05555	47.2	265	114	4	37	280	3	262	2.61e-76	233
KDHFCO_00410	ACIHME_11400	46.5	241	127	1	39	279	212	450	3.72e-75	236
KDHFCO_00410	MLDONN_04255	39.6	235	138	3	33	267	1	231	5.12e-49	171
KDHFCO_00415	DIBOGN_00045	97.1	243	7	0	2	244	22	264	1.98e-170	469
KDHFCO_00415	CDIIGJ_08610	71.6	215	61	0	29	243	1	215	5.13e-109	312
KDHFCO_00415	DNKGCI_07550	67.3	214	69	1	29	242	6	218	1.61e-101	293
KDHFCO_00415	BGHOFK_05560	66.7	216	71	1	29	244	1	215	4.22e-99	287
KDHFCO_00415	HNNKEJ_10680	67.5	212	68	1	32	243	4	214	5.04e-99	287
KDHFCO_00415	CKLNFN_05800	65.1	215	74	1	25	239	6	219	7.02e-96	279
KDHFCO_00415	IAFHMK_09275	65.7	210	71	1	29	238	1	209	5.86e-93	271
KDHFCO_00415	CNLKLD_04980	61.7	214	78	2	29	242	1	210	1.71e-89	263
KDHFCO_00420	ABNNBP_01195	100	108	0	0	1	108	1	108	2.10e-67	197
KDHFCO_00425	BNBIEO_06530	87.9	340	41	0	1	340	1	340	4.68e-216	592
KDHFCO_00430	AAKGEC_06190	91.0	145	13	0	1	145	1	145	5.03e-88	252
KDHFCO_00430	BGHOFK_05575	70.3	145	42	1	1	144	1	145	1.75e-63	190
KDHFCO_00430	DBFGIH_07110	66.7	144	48	0	1	144	1	144	8.13e-60	181
KDHFCO_00430	HNAFAL_12330	63.0	146	52	1	1	144	1	146	6.94e-54	166
KDHFCO_00435	CPLMAE_04040	91.6	440	34	1	1	437	1	440	2.45e-273	745
KDHFCO_00435	AAOIOD_09020	64.9	407	139	2	1	407	1	403	7.62e-170	482
KDHFCO_00440	FIHDIM_00275	96.5	114	4	0	3	116	7	120	2.50e-75	218
KDHFCO_00445	BIHALF_08130	82.2	331	57	1	1	331	1	329	9.69e-184	509
KDHFCO_00445	CNLKLD_04915	73.2	328	87	1	1	327	1	328	1.14e-160	451
KDHFCO_00450	NOKDAP_05290	95.2	270	12	1	1	270	1	269	2.73e-185	508
KDHFCO_00450	HNNKEJ_10760	61.6	268	103	0	1	268	1	268	3.06e-115	331
KDHFCO_00450	DNKGCI_07645	60.1	271	107	1	1	270	1	271	5.20e-114	328
KDHFCO_00450	DNKIME_05105	59.8	271	108	1	1	270	1	271	4.02e-112	327
KDHFCO_00450	IAFHMK_09325	58.9	270	108	1	1	267	1	270	1.89e-107	311
KDHFCO_00450	CNLKLD_04910	51.1	262	128	0	6	267	4	265	2.08e-88	263
KDHFCO_00450	AANGNE_00255	47.6	267	140	0	1	267	1	267	9.27e-85	254
KDHFCO_00450	AJKPDP_02915	34.2	263	172	1	5	267	1	262	8.55e-50	165
KDHFCO_00455	AANGNE_00260	88.3	545	60	1	1	545	1	541	0.0	954
KDHFCO_00455	CNLKLD_07330	34.3	551	340	10	1	542	3	540	9.50e-87	280
KDHFCO_00455	DNKGCI_09945	31.5	536	350	6	5	531	7	534	1.46e-83	272
KDHFCO_00455	AANGNE_04410	31.6	548	357	8	1	541	3	539	2.07e-81	266
KDHFCO_00455	KCGGLB_01940	31.1	544	357	7	1	536	3	536	3.47e-79	260
KDHFCO_00455	AANGNE_02030	31.1	512	338	5	1	507	3	504	1.33e-76	250
KDHFCO_00455	AAKGEC_02945	31.3	517	337	9	1	511	3	507	4.66e-71	236
KDHFCO_00455	ABJDJH_14520	28.4	553	365	12	8	540	9	550	1.25e-68	232
KDHFCO_00455	BFGFFC_06765	27.8	532	360	11	1	521	2	520	1.57e-62	213
KDHFCO_00455	IJGGPP_00190	27.7	524	356	10	1	513	2	513	6.06e-58	201
KDHFCO_00455	IAFHMK_03460	28.0	511	349	9	1	503	2	501	4.11e-57	199
KDHFCO_00455	KPPIIN_12385	28.3	541	339	13	6	520	5	522	2.93e-55	194
KDHFCO_00455	CNLKLD_03745	26.1	533	367	11	5	530	7	519	7.13e-53	189
KDHFCO_00455	EIKFFD_03410	25.7	541	293	14	7	513	11	476	3.49e-43	160
KDHFCO_00460	BPDDPD_03160	100	82	0	0	1	82	1	82	1.18e-51	155
KDHFCO_00465	ABCLFC_00300	98.5	274	4	0	1	274	1	274	1.60e-193	530
KDHFCO_00465	IAFHMK_09335	73.3	270	72	0	2	271	5	274	2.58e-147	413
KDHFCO_00465	LPKMGL_00765	68.0	272	87	0	2	273	9	280	3.19e-133	377
KDHFCO_00465	LBKFJK_07820	67.7	257	83	0	2	258	4	260	1.80e-122	350
KDHFCO_00465	BGHOFK_05610	64.7	258	90	1	2	258	4	261	9.44e-120	343
KDHFCO_00465	CNLKLD_02685	61.9	257	97	1	2	258	5	260	1.50e-107	312
KDHFCO_00465	JAFLJO_08295	43.8	249	119	6	2	238	4	243	1.31e-59	190
KDHFCO_00465	ABCBPP_07190	37.7	276	160	5	1	270	1	270	7.83e-58	185
KDHFCO_00465	CJHCCN_03235	37.2	253	156	2	2	252	5	256	2.91e-52	171
KDHFCO_00470	ABNNBP_01245	100	189	0	0	1	189	1	189	4.17e-131	365
KDHFCO_00475	ABNNBP_01250	100	227	0	0	1	227	1	227	1.60e-165	455
KDHFCO_00475	GGNLIA_03115	68.3	224	71	0	1	224	240	463	1.83e-107	317
KDHFCO_00475	BOKJIE_00635	66.4	223	75	0	1	223	1	223	2.27e-107	308
KDHFCO_00475	BEHEAJ_00625	65.0	226	79	0	1	226	109	334	6.69e-106	308
KDHFCO_00475	IAMLOO_03350	63.3	218	76	1	4	221	31	244	4.90e-98	285
KDHFCO_00475	IIAFGB_05595	59.7	221	89	0	1	221	237	457	2.87e-97	290
KDHFCO_00475	FMBBOG_10345	58.6	222	87	1	5	221	51	272	9.24e-88	260
KDHFCO_00475	DPMHNO_10660	99.2	121	1	0	90	210	1	121	4.66e-83	245
KDHFCO_00475	PJLNJC_02530	62.4	173	64	1	53	224	1	173	3.83e-76	228
KDHFCO_00475	FBLLHG_03105	48.7	224	104	6	5	224	23	239	1.21e-56	179
KDHFCO_00480	ABCLFC_00305	99.5	193	1	0	1	193	1	193	1.76e-134	374
KDHFCO_00480	IAFHMK_09340	68.6	191	60	0	1	191	1	191	2.26e-86	252
KDHFCO_00480	HNNKEJ_10805	64.7	190	66	1	1	189	1	190	7.94e-78	230
KDHFCO_00485	DANMKC_00355	100	159	0	0	2	160	3	161	2.15e-110	310
KDHFCO_00485	HNNKEJ_05850	64.0	150	54	0	10	159	3	152	2.39e-64	193
KDHFCO_00485	CDIIGJ_06955	57.6	144	61	0	10	153	3	146	5.48e-51	159
KDHFCO_00490	AHPAPB_00360	97.2	434	4	1	1	426	1	434	7.69e-307	829
KDHFCO_00490	FBLNFP_09685	36.5	417	221	7	10	425	6	379	4.13e-73	234
KDHFCO_00490	BGHOFK_07520	32.2	416	222	7	7	422	4	359	1.10e-59	198
KDHFCO_00490	FJJMED_07365	31.8	302	165	5	7	307	5	266	1.47e-42	150
KDHFCO_00495	BGHOFK_05610	83.0	276	47	0	1	276	1	276	1.17e-165	459
KDHFCO_00495	LBKFJK_07820	70.7	273	79	1	1	273	1	272	4.37e-138	390
KDHFCO_00495	IAFHMK_09335	67.9	274	87	1	3	276	4	276	2.90e-133	377
KDHFCO_00495	LPKMGL_00765	67.4	261	84	1	3	263	8	267	3.35e-124	355
KDHFCO_00495	ABCLFC_00300	65.0	260	90	1	4	263	2	260	4.68e-122	349
KDHFCO_00495	CNLKLD_02685	60.5	263	102	2	3	265	4	264	1.89e-111	322
KDHFCO_00495	JAFLJO_08295	43.8	251	137	4	1	248	1	250	2.01e-62	197
KDHFCO_00495	ABCBPP_07190	39.9	248	147	2	6	251	4	251	8.63e-58	185
KDHFCO_00495	CJHCCN_03235	39.5	271	159	4	3	270	4	272	5.15e-57	183
KDHFCO_00500	BCIBOL_00400	90.3	155	12	1	1	155	1	152	2.09e-91	261
KDHFCO_00500	KCGGLB_08060	71.6	155	43	1	1	155	1	154	3.90e-69	205
KDHFCO_00500	CDIIGJ_08690	63.2	155	57	0	1	155	1	155	7.73e-67	199
KDHFCO_00510	AAKGEC_08100	84.8	204	31	0	1	204	1	204	1.19e-127	357
KDHFCO_00510	AANGNE_03705	58.1	203	84	1	1	203	1	202	6.48e-85	249
KDHFCO_00510	BGHOFK_05635	58.8	204	84	0	1	204	1	204	1.01e-83	246
KDHFCO_00510	LBKFJK_01670	58.4	202	82	2	1	202	1	200	3.52e-77	229
KDHFCO_00510	DNKGCI_06215	54.2	203	92	1	1	203	1	202	1.47e-73	221
KDHFCO_00510	HNNKEJ_10930	60.0	140	56	0	63	202	1	140	3.05e-55	172
KDHFCO_00515	KFKDLK_03905	81.2	373	68	1	17	389	11	381	4.36e-223	614
KDHFCO_00515	FMNMPI_06115	64.2	377	129	4	16	388	9	383	2.55e-174	490
KDHFCO_00520	AAKGEC_08090	94.9	196	10	0	1	196	1	196	8.63e-132	367
KDHFCO_00520	HNNKEJ_10940	70.8	195	57	0	1	195	1	195	3.66e-101	290
KDHFCO_00520	BGHOFK_05645	66.2	195	66	0	1	195	1	195	3.33e-90	262
KDHFCO_00520	DNKGCI_06225	61.5	195	74	1	1	195	21	214	1.25e-82	243
KDHFCO_00520	LBKFJK_01680	56.9	195	84	0	1	195	1	195	2.09e-79	234
KDHFCO_00520	AANGNE_05870	48.7	195	100	0	1	195	1	195	4.34e-67	203
KDHFCO_00535	AAKGEC_02970	93.1	593	41	0	1	593	1	593	0.0	1034
KDHFCO_00535	AANGNE_00315	72.3	593	164	0	1	593	1	593	3.96e-293	808
KDHFCO_00535	DDDLLA_06105	69.2	607	172	2	1	592	1	607	4.39e-281	778
KDHFCO_00535	CNLKLD_05200	68.8	593	185	0	1	593	1	593	2.84e-280	776
KDHFCO_00535	BGCJLL_06690	56.6	595	255	2	1	592	1	595	5.61e-218	618
KDHFCO_00535	ANFPEE_11195	31.0	580	364	9	42	591	190	763	2.19e-81	271
KDHFCO_00535	AAOIOD_03725	29.4	572	380	9	40	592	112	678	2.85e-77	258
KDHFCO_00535	LBKFJK_08485	33.0	491	297	10	75	540	92	575	1.40e-74	249
KDHFCO_00535	DNKGCI_09585	32.9	489	303	8	75	540	89	575	1.42e-71	241
KDHFCO_00535	DIBOGN_04755	28.2	582	388	9	2	565	9	578	1.87e-71	241
KDHFCO_00535	CNLKLD_07600	32.2	597	355	14	25	593	123	697	4.65e-71	241
KDHFCO_00535	ABIMCM_08870	29.8	531	345	10	43	546	128	657	1.36e-70	240
KDHFCO_00535	FFPGDJ_00115	32.9	495	305	8	77	546	270	762	1.73e-70	242
KDHFCO_00535	ABIMCM_02075	29.7	558	368	8	22	565	35	582	1.94e-70	238
KDHFCO_00535	HNNKEJ_00865	28.5	565	384	7	42	592	50	608	4.33e-69	234
KDHFCO_00535	ACIHME_07560	32.7	492	300	10	75	540	95	581	2.06e-68	233
KDHFCO_00535	EIKFFD_03600	28.0	575	381	9	9	559	12	577	9.75e-68	231
KDHFCO_00535	FFPGDJ_00105	31.3	544	341	12	74	592	108	643	1.30e-67	231
KDHFCO_00535	BGHOFK_01575	30.1	601	367	13	25	588	122	706	1.54e-67	232
KDHFCO_00535	AANGNE_03555	29.2	590	371	14	25	588	120	688	1.52e-66	229
KDHFCO_00535	AGDPFD_04350	28.7	534	353	11	54	569	69	592	2.30e-66	227
KDHFCO_00535	OFBCLB_10685	30.9	521	312	12	59	546	164	669	1.54e-64	224
KDHFCO_00535	BGHOFK_08910	29.6	533	338	11	51	558	60	580	5.59e-63	218
KDHFCO_00535	CGMKCF_08225	28.4	543	359	10	18	540	23	555	6.64e-63	218
KDHFCO_00535	BGCJLL_07025	27.7	530	362	7	47	559	53	578	4.73e-61	213
KDHFCO_00540	ABNNBP_01325	100	282	0	0	1	282	1	282	1.14e-206	563
KDHFCO_00540	IAFHMK_09380	68.3	271	86	0	1	271	1	271	6.31e-138	389
KDHFCO_00540	LBKFJK_07775	64.3	277	96	1	1	277	15	288	3.09e-132	375
KDHFCO_00540	DNKGCI_07695	64.2	268	96	0	1	268	1	268	1.13e-131	374
KDHFCO_00540	IAFHMK_09390	65.4	266	82	1	1	266	1	256	1.95e-124	355
KDHFCO_00540	HNNKEJ_04785	50.6	263	119	3	6	264	10	265	7.28e-92	273
KDHFCO_00545	MNCEOE_11380	92.0	251	20	0	1	251	1	251	6.45e-158	440
KDHFCO_00545	CDIIGJ_08830	73.1	260	70	0	1	260	1	260	6.70e-127	360
KDHFCO_00545	HNNKEJ_10960	72.0	261	70	1	1	261	1	258	8.13e-125	355
KDHFCO_00545	BGHOFK_05675	70.2	262	77	1	1	261	1	262	1.00e-116	334
KDHFCO_00545	LBKFJK_07745	67.0	264	77	2	1	261	1	257	5.58e-111	320
KDHFCO_00545	DNKGCI_07730	64.3	263	89	2	3	261	3	264	1.32e-106	309
KDHFCO_00545	IAFHMK_09410	64.4	261	92	1	1	261	5	264	1.87e-106	308
KDHFCO_00545	DDDLLA_06125	62.8	261	96	1	1	261	1	260	4.00e-102	297
KDHFCO_00545	CNLKLD_05210	57.5	261	106	1	1	261	1	256	9.68e-92	271
KDHFCO_00545	BNBIEO_06755	56.5	260	108	3	1	259	1	256	3.15e-91	270
KDHFCO_00550	BGHOFK_05680	90.9	416	38	0	1	416	1	416	4.26e-273	743
KDHFCO_00550	LCPCCG_08485	37.9	425	252	4	3	415	13	437	4.23e-86	269
KDHFCO_00555	GJCPBB_00490	84.6	156	24	0	19	174	1	156	9.82e-95	272
KDHFCO_00555	DNKGCI_07740	64.2	162	58	0	19	180	1	162	4.68e-76	224
KDHFCO_00555	LBKFJK_07735	61.7	162	62	0	19	180	1	162	1.34e-75	223
KDHFCO_00555	DDDLLA_06135	58.4	161	67	0	19	179	1	161	7.24e-66	198
KDHFCO_00555	NPEGAB_00150	59.9	157	62	1	19	175	1	156	1.61e-63	192
KDHFCO_00555	IAFHMK_09420	58.6	157	65	0	19	175	1	157	2.74e-62	189
KDHFCO_00555	CNLKLD_05220	49.4	160	78	2	19	175	1	160	8.37e-50	157
KDHFCO_00560	AAKGEC_02950	87.7	155	19	0	1	155	1	155	1.85e-97	277
KDHFCO_00560	DDDLLA_06140	71.6	155	44	0	1	155	1	155	1.25e-79	232
KDHFCO_00560	IAFHMK_09425	70.3	155	46	0	1	155	1	155	8.44e-78	227
KDHFCO_00560	CNLKLD_05225	68.4	155	49	0	1	155	1	155	4.65e-75	220
KDHFCO_00560	AANGNE_00330	64.5	155	54	1	1	155	1	154	4.09e-71	210
KDHFCO_00565	AAKGEC_02945	98.1	517	10	0	1	517	1	517	0.0	991
KDHFCO_00565	AANGNE_02030	64.3	518	184	1	1	517	1	518	2.60e-240	668
KDHFCO_00565	KCGGLB_01940	34.3	522	338	5	1	517	1	522	1.50e-100	315
KDHFCO_00565	CNLKLD_07330	33.7	510	333	4	1	507	1	508	2.40e-95	301
KDHFCO_00565	AANGNE_04410	33.7	511	334	4	1	507	1	510	2.86e-95	301
KDHFCO_00565	DNKGCI_09945	34.5	516	328	5	1	507	1	515	6.24e-95	301
KDHFCO_00565	ABJDJH_14520	33.6	491	312	6	18	498	17	503	4.35e-79	259
KDHFCO_00565	IAFHMK_03460	29.9	505	339	6	3	498	2	500	2.09e-70	233
KDHFCO_00565	KPPIIN_12385	30.7	515	328	10	7	502	4	508	6.04e-70	233
KDHFCO_00565	AANGNE_00260	31.9	514	334	9	3	507	1	507	1.28e-67	226
KDHFCO_00565	IJGGPP_00190	30.7	527	334	8	3	511	2	515	5.01e-67	224
KDHFCO_00565	BFGFFC_06765	29.5	515	338	8	3	502	2	506	1.08e-64	218
KDHFCO_00565	CNLKLD_03745	28.5	520	334	11	8	511	8	505	4.27e-55	194
KDHFCO_00565	AGFMFG_08190	27.5	545	275	17	4	506	5	471	6.43e-40	150
KDHFCO_00575	ABCLFC_00615	96.7	246	8	0	1	246	1	246	4.78e-181	496
KDHFCO_00575	DIBOGN_00245	98.8	242	3	0	1	242	1	242	1.01e-178	496
KDHFCO_00575	BGHOFK_05705	73.1	245	63	1	1	245	1	242	2.24e-135	380
KDHFCO_00575	DDDLLA_06145	52.0	246	112	3	1	244	1	242	4.56e-83	248
KDHFCO_00575	JAFLJO_05905	48.8	244	117	3	1	240	1	240	3.61e-79	238
KDHFCO_00575	LBKFJK_07705	44.5	281	113	4	1	241	1	278	1.77e-75	229
KDHFCO_00580	DIBOGN_00245	95.7	161	7	0	3	163	244	404	3.56e-103	301
KDHFCO_00580	BDMBBJ_10605	83.0	159	27	0	5	163	20	178	1.41e-90	261
KDHFCO_00580	CGMKCF_08880	81.8	159	29	0	5	163	111	269	2.77e-87	256
KDHFCO_00580	BGHOFK_05710	71.8	163	46	0	1	163	1	163	2.62e-78	229
KDHFCO_00585	NPEGAB_00160	80.1	317	63	0	1	317	22	338	2.21e-183	508
KDHFCO_00585	DNKGCI_07765	75.1	317	78	1	1	317	1	316	4.09e-176	489
KDHFCO_00590	AAKGEC_02925	84.4	250	39	0	1	250	1	250	1.14e-149	417
KDHFCO_00590	CDIIGJ_08875	73.9	249	65	0	1	249	1	249	3.20e-133	375
KDHFCO_00590	HNNKEJ_11025	72.4	250	69	0	1	250	1	250	3.93e-127	360
KDHFCO_00590	BGHOFK_05720	70.8	250	73	0	1	250	1	250	8.32e-122	346
KDHFCO_00590	IAFHMK_09490	67.1	249	82	0	1	249	1	249	1.28e-116	333
KDHFCO_00590	DNKGCI_07770	64.0	250	90	0	1	250	1	250	1.49e-115	330
KDHFCO_00590	LBKFJK_07685	67.2	250	82	0	1	250	1	250	1.72e-114	328
KDHFCO_00590	DDDLLA_08325	65.1	249	87	0	1	249	1	249	2.14e-113	325
KDHFCO_00590	CMMAPM_05105	63.5	252	90	1	1	250	1	252	8.70e-113	323
KDHFCO_00590	CNLKLD_05245	64.3	249	87	1	1	249	1	247	4.54e-107	309
KDHFCO_00595	AAKGEC_02920	88.7	318	36	0	1	318	1	318	1.61e-199	548
KDHFCO_00595	CDIIGJ_08880	69.1	317	97	1	1	317	1	316	7.58e-149	420
KDHFCO_00595	IONAOH_02615	73.7	251	63	1	70	317	71	321	7.44e-131	375
KDHFCO_00595	BNBIEO_02180	68.3	240	76	0	78	317	70	309	3.67e-117	340
KDHFCO_00595	LBKFJK_02290	53.4	324	143	3	1	317	1	323	8.64e-104	306
KDHFCO_00595	OFBCLB_12030	55.2	315	137	4	4	315	3	316	1.01e-103	306
KDHFCO_00595	DNKGCI_07460	56.3	284	121	1	37	317	39	322	4.77e-103	304
KDHFCO_00595	CNLKLD_05205	51.8	326	141	6	1	317	1	319	9.60e-99	293
KDHFCO_00600	CMMBIF_04950	95.0	740	37	0	1	740	7	746	0.0	1388
KDHFCO_00605	BGHOFK_05730	75.9	311	73	1	1	311	1	309	9.77e-167	465
KDHFCO_00605	AGINCK_11245	70.1	308	92	0	4	311	3	310	2.40e-154	434
KDHFCO_00605	GGNLIA_09980	71.4	308	88	0	1	308	366	673	1.05e-150	437
KDHFCO_00605	BFGFFC_10470	72.8	305	81	2	4	308	4	306	4.21e-149	420
KDHFCO_00605	AOJAFJ_02440	55.4	303	134	1	4	305	2	304	1.63e-115	335
KDHFCO_00605	DNKGCI_07200	57.0	300	122	3	4	299	5	301	3.07e-115	334
KDHFCO_00605	HNNKEJ_08550	55.2	306	135	2	1	304	1	306	1.39e-111	325
KDHFCO_00605	IAFHMK_01430	51.8	305	146	1	1	304	1	305	1.35e-106	312
KDHFCO_00605	DNKGCI_06105	49.3	302	152	1	4	304	4	305	2.53e-104	306
KDHFCO_00605	DDDLLA_09495	48.7	302	154	1	4	304	3	304	1.06e-100	297
KDHFCO_00605	LBKFJK_06565	47.6	307	159	2	2	306	4	310	3.68e-97	289
KDHFCO_00605	BPDDPD_09935	46.4	304	160	2	4	304	7	310	1.53e-91	274
KDHFCO_00605	CNLKLD_04045	49.7	314	150	4	2	308	7	319	2.11e-91	274
KDHFCO_00605	ACPHPF_12840	97.3	113	3	0	1	113	1	113	5.03e-70	212
KDHFCO_00610	CDIIGJ_08895	84.1	151	23	1	1	151	1	150	2.08e-85	246
KDHFCO_00610	AANGNE_00350	73.8	149	39	0	1	149	1	149	4.41e-73	215
KDHFCO_00615	CDIIGJ_08900	79.9	299	59	1	35	333	29	326	1.54e-166	466
KDHFCO_00615	CNLKLD_05275	65.3	285	94	2	54	333	36	320	2.55e-118	343
KDHFCO_00615	HNNKEJ_11045	61.6	250	96	0	77	326	67	316	5.73e-109	320
KDHFCO_00615	LBKFJK_07670	62.8	242	90	0	77	318	38	279	2.49e-106	312
KDHFCO_00615	IAFHMK_09515	60.5	243	96	0	74	316	36	278	2.12e-98	292
KDHFCO_00615	DPMHNO_05195	96.6	117	4	0	1	117	1	117	2.86e-65	201
KDHFCO_00620	AIKIDN_03325	87.0	207	27	0	1	207	1	207	1.23e-133	373
KDHFCO_00620	HNNKEJ_11050	69.6	204	62	0	3	206	2	205	3.89e-102	293
KDHFCO_00620	BIHALF_07980	61.4	207	80	0	1	207	1	207	7.40e-90	262
KDHFCO_00620	DNKGCI_07785	57.8	204	86	0	3	206	2	205	2.98e-85	250
KDHFCO_00620	IAFHMK_09520	57.1	205	88	0	1	205	1	205	2.63e-83	245
KDHFCO_00620	AANGNE_00355	56.9	204	88	0	1	204	1	204	3.92e-82	242
KDHFCO_00620	EIKFFD_05915	57.5	200	85	0	1	200	1	200	9.89e-80	236
KDHFCO_00620	CJHCCN_02640	56.7	201	87	0	1	201	1	201	2.06e-79	235
KDHFCO_00620	DDDLLA_08345	56.8	206	88	1	1	206	1	205	6.32e-77	229
KDHFCO_00620	LBKFJK_07665	54.9	204	91	1	3	206	2	204	6.23e-74	221
KDHFCO_00620	AMNNAF_03165	53.5	200	93	0	1	200	1	200	1.86e-72	218
KDHFCO_00620	CNLKLD_05280	53.2	201	94	0	4	204	2	202	1.93e-70	213
KDHFCO_00620	ONFANJ_06075	44.3	201	106	2	1	200	1	196	6.53e-55	173
KDHFCO_00620	DNKGCI_07650	44.9	205	105	3	3	205	2	200	5.39e-52	166
KDHFCO_00620	AJONOJ_03515	41.7	206	112	2	3	205	2	202	8.60e-52	165
KDHFCO_00620	DBDHAK_09950	43.9	205	107	3	3	206	6	203	2.47e-48	156
KDHFCO_00625	IAFHMK_09525	75.6	468	110	1	1	464	1	468	6.38e-254	699
KDHFCO_00625	DNKGCI_11505	74.2	465	120	0	1	465	1	465	4.19e-243	671
KDHFCO_00625	APHGJF_12490	99.7	336	1	0	130	465	1	336	2.65e-231	636
KDHFCO_00625	CEPOIM_11970	51.2	465	0	1	1	465	1	238	6.44e-129	372
KDHFCO_00625	AANGNE_10010	34.9	447	281	7	21	464	17	456	1.90e-73	238
KDHFCO_00625	CDIIGJ_01385	32.4	444	291	7	23	464	22	458	2.73e-68	224
KDHFCO_00625	HNNKEJ_04310	33.3	414	257	7	23	429	20	421	1.58e-66	220
KDHFCO_00625	BGHOFK_03805	31.3	463	308	8	1	461	1	455	6.26e-66	218
KDHFCO_00630	IAFHMK_09535	75.1	205	50	1	10	213	1	205	4.96e-117	331
KDHFCO_00630	AANGNE_00360	72.8	206	54	2	10	213	1	206	8.19e-107	305
KDHFCO_00635	DIBOGN_00300	98.2	169	3	0	1	169	4	172	5.77e-113	317
KDHFCO_00635	BGHOFK_05755	54.9	164	74	0	1	164	1	164	1.20e-55	172
KDHFCO_00635	HNNKEJ_00685	56.3	151	65	1	2	151	3	153	2.30e-50	159
KDHFCO_00640	LCDEGG_14340	99.0	96	1	0	1	96	243	338	5.08e-57	178
KDHFCO_00640	AMHKJB_04215	98.9	88	1	0	1	88	1	88	2.21e-54	164
KDHFCO_00640	CBFHCM_03370	88.5	96	7	1	1	96	1	92	1.63e-51	156
KDHFCO_00645	OBFACL_08170	98.9	272	3	0	1	272	1	272	7.07e-196	537
KDHFCO_00645	KPPIIN_12125	92.8	152	11	0	81	232	1	152	9.01e-99	287
KDHFCO_00645	BOKGIH_10420	98.2	110	2	0	156	265	1	110	1.04e-72	219
KDHFCO_00645	AHPAPB_10090	38.1	270	164	2	7	276	31	297	6.61e-53	174
KDHFCO_00645	FAAIHB_09795	36.9	263	164	2	14	275	4	265	4.33e-50	166
KDHFCO_00645	ACPHPF_04690	38.2	259	156	3	18	275	26	281	2.64e-49	164
KDHFCO_00645	DPMHNO_00280	97.4	78	2	0	1	78	22	99	1.75e-46	150
KDHFCO_00645	JOBCMP_04985	37.7	268	158	5	13	276	15	277	1.93e-46	156
KDHFCO_00645	OMDMHF_02850	37.2	269	161	5	14	275	3	270	3.06e-45	153
KDHFCO_00650	DDDLLA_04900	73.8	214	54	1	1	214	1	212	1.09e-115	328
KDHFCO_00650	IAFHMK_07740	58.7	218	83	4	1	214	1	215	5.63e-86	253
KDHFCO_00650	DPMHNO_05225	100	115	0	0	100	214	1	115	1.61e-79	233
KDHFCO_00650	ONPFCC_00495	94.3	88	5	0	1	88	1	88	1.89e-55	171
KDHFCO_00655	BLCAGE_00425	83.9	865	131	2	1	865	1	857	0.0	1420
KDHFCO_00655	BNBIEO_05230	40.6	798	434	8	16	802	15	783	8.87e-187	555
KDHFCO_00655	KEBHBI_09400	37.7	811	448	13	16	803	4	780	2.10e-170	513
KDHFCO_00655	AMLBPA_04225	39.6	790	441	11	15	794	2	765	3.48e-170	512
KDHFCO_00655	HNNKEJ_07630	38.3	794	457	12	17	801	10	779	9.42e-169	509
KDHFCO_00655	CJHCCN_00510	38.8	800	448	12	17	801	10	782	1.25e-166	503
KDHFCO_00655	DDDLLA_02880	37.2	806	452	13	16	801	4	775	2.97e-162	492
KDHFCO_00655	CNLKLD_02325	38.5	793	451	12	12	794	3	768	3.59e-160	486
KDHFCO_00655	BAFONJ_00325	37.6	776	442	10	13	781	4	744	3.66e-156	476
KDHFCO_00655	KPGHOL_04850	37.1	785	455	11	21	798	5	757	2.85e-155	473
KDHFCO_00655	CMOKEC_00270	37.8	773	443	11	19	783	3	745	4.67e-153	468
KDHFCO_00655	PELOCJ_11855	38.2	783	404	13	13	781	3	719	1.45e-151	463
KDHFCO_00655	BNPKDP_04565	36.1	782	456	10	13	781	7	757	2.09e-143	443
KDHFCO_00655	GNPDOB_00420	36.1	784	451	13	11	782	2	747	3.03e-143	442
KDHFCO_00655	PHBBGM_12185	35.0	792	470	11	18	798	2	759	4.48e-138	429
KDHFCO_00655	FAAIHB_05155	41.8	347	177	4	13	354	3	329	1.73e-70	247
KDHFCO_00660	DLODMN_07810	98.3	344	6	0	1	344	1	344	2.38e-252	685
KDHFCO_00665	AAKGEC_04700	98.9	88	1	0	1	88	1	88	1.53e-53	160
KDHFCO_00670	AAKGEC_04705	99.1	575	5	0	1	575	1	575	0.0	1089
KDHFCO_00675	ABCLFC_00710	96.1	102	4	0	1	102	1	102	1.52e-64	189
KDHFCO_00680	AAKGEC_04715	98.0	99	2	0	1	99	1	99	2.29e-60	179
KDHFCO_00685	ABCLFC_00720	97.9	95	2	0	1	95	1	95	1.47e-61	181
KDHFCO_00695	BAFDFF_00515	98.4	310	5	0	5	314	23	332	4.74e-224	611
KDHFCO_00695	LBKFJK_07555	70.3	306	91	0	9	314	4	309	5.86e-160	448
KDHFCO_00695	OFBCLB_11585	68.4	307	97	0	8	314	2	308	8.42e-155	435
KDHFCO_00695	KAAGFE_02320	66.7	312	100	2	4	313	1	310	1.11e-151	428
KDHFCO_00695	CNLKLD_08410	65.6	299	102	1	17	314	10	308	2.26e-145	411
KDHFCO_00695	BGHOFK_09745	40.3	295	171	4	19	312	7	297	1.91e-76	235
KDHFCO_00695	AGDPFD_06085	43.7	268	147	3	46	312	71	335	6.24e-76	235
KDHFCO_00695	ACNHAK_08585	42.2	287	158	4	31	312	24	307	1.21e-74	231
KDHFCO_00695	HNNKEJ_06200	41.0	268	151	3	49	312	33	297	2.83e-70	219
KDHFCO_00695	IAFHMK_09030	43.3	263	146	3	50	310	38	299	7.18e-69	216
KDHFCO_00695	AAKGEC_08885	37.2	325	181	7	4	312	1	318	5.30e-61	196
KDHFCO_00695	LPLJMN_09205	36.3	303	181	6	19	312	11	310	1.47e-58	190
KDHFCO_00695	GKAHPE_09495	36.5	274	155	9	45	309	102	365	2.25e-46	160
KDHFCO_00700	DPMHNO_05285	99.1	449	4	0	1	449	21	469	1.15e-279	763
KDHFCO_00700	IAFHMK_09505	67.3	440	134	5	10	447	21	452	2.92e-157	452
KDHFCO_00700	ACPHPF_12705	65.3	147	51	0	101	247	27	173	8.17e-59	191
KDHFCO_00705	AMHKJB_02450	91.5	106	9	0	1	106	1	106	6.06e-65	191
KDHFCO_00705	HNNKEJ_11105	74.5	106	27	0	1	106	1	106	2.47e-56	169
KDHFCO_00710	AANGNE_04635	82.0	383	69	0	1	383	1	383	3.28e-213	589
KDHFCO_00710	DNKGCI_09745	76.7	387	87	2	3	387	2	387	3.19e-202	561
KDHFCO_00710	DDDLLA_03540	68.8	378	117	1	1	377	1	378	6.00e-171	482
KDHFCO_00715	AGINCK_11245	84.0	306	49	0	1	306	1	306	8.70e-184	509
KDHFCO_00715	GGNLIA_09980	70.2	305	91	0	2	306	368	672	3.48e-153	444
KDHFCO_00715	BFGFFC_10470	69.6	306	91	2	1	306	2	305	5.67e-153	430
KDHFCO_00715	BGHOFK_05730	64.3	305	107	1	2	306	3	305	9.95e-140	397
KDHFCO_00715	DNKGCI_07200	59.7	298	117	2	3	298	5	301	3.87e-122	352
KDHFCO_00715	AOJAFJ_02440	56.4	305	128	4	3	304	2	304	2.10e-117	340
KDHFCO_00715	HNNKEJ_08550	56.3	304	131	2	2	303	3	306	6.67e-116	336
KDHFCO_00715	DNKGCI_06105	51.0	302	147	1	3	303	4	305	2.64e-105	309
KDHFCO_00715	IAFHMK_01430	50.7	302	148	1	3	303	4	305	8.63e-104	305
KDHFCO_00715	DDDLLA_09495	49.3	304	153	1	1	303	1	304	3.60e-100	296
KDHFCO_00715	BPDDPD_09935	44.9	305	165	2	2	303	6	310	7.36e-91	273
KDHFCO_00715	LBKFJK_06565	45.4	306	165	2	2	305	5	310	2.24e-89	269
KDHFCO_00715	CNLKLD_04045	45.3	309	163	2	3	305	9	317	2.42e-86	261
KDHFCO_00715	BGHOFK_04850	32.7	309	199	3	3	303	5	312	3.32e-48	163
KDHFCO_00720	ABCLFC_13965	98.3	410	7	0	2	411	2	411	7.36e-268	729
KDHFCO_00720	AAKGEC_04750	60.7	407	160	0	3	409	3	409	2.97e-164	467
KDHFCO_00720	ACIHME_04085	60.6	404	158	1	3	405	3	406	2.11e-162	462
KDHFCO_00720	CDIIGJ_04865	52.9	393	184	1	4	395	12	404	6.13e-129	378
KDHFCO_00725	ABNNBP_01580	100	173	0	0	1	173	1	173	2.47e-122	341
KDHFCO_00730	ABNNBP_01585	99.8	478	1	0	1	478	1	478	0.0	912
KDHFCO_00730	HNNKEJ_04765	62.6	473	177	0	3	475	3	475	3.77e-207	581
KDHFCO_00730	DNKGCI_07720	51.2	473	230	1	5	476	3	475	6.23e-151	445
KDHFCO_00730	LBKFJK_07755	49.7	475	237	2	4	477	2	475	4.69e-142	423
KDHFCO_00730	LBKFJK_01220	35.0	488	299	6	4	475	4	489	2.81e-83	270
KDHFCO_00730	AANGNE_03465	35.4	463	285	4	29	477	29	491	4.62e-81	265
KDHFCO_00730	OFBCLB_01245	37.8	413	243	4	79	477	79	491	3.96e-76	251
KDHFCO_00730	DNKGCI_06925	34.1	493	301	8	4	477	4	491	5.71e-75	248
KDHFCO_00730	CNLKLD_04185	35.2	471	292	4	3	461	5	474	8.36e-74	245
KDHFCO_00740	CNLKLD_04730	82.3	396	68	2	1	395	1	395	2.13e-245	671
KDHFCO_00745	DDDLLA_09845	80.0	459	92	0	1	459	1	459	8.77e-266	728
KDHFCO_00750	ABCLFC_00780	99.7	398	1	0	1	398	1	398	2.31e-272	739
KDHFCO_00750	DDDLLA_11320	45.6	386	208	1	6	389	15	400	4.89e-116	343
KDHFCO_00750	HNNKEJ_00615	41.0	385	223	2	4	385	8	391	4.41e-97	295
KDHFCO_00750	DDDLLA_02400	38.5	387	232	2	4	385	2	387	4.32e-87	269
KDHFCO_00750	IAFHMK_03505	38.4	354	218	0	32	385	3	356	1.04e-80	252
KDHFCO_00755	JKPMLC_01570	95.7	187	8	0	1	187	1	187	4.20e-124	347
KDHFCO_00755	DNKGCI_07860	69.7	185	55	1	1	185	1	184	1.29e-82	242
KDHFCO_00755	CNLKLD_04745	62.6	187	68	1	1	187	1	185	3.25e-77	228
KDHFCO_00760	HNNKEJ_11135	86.3	117	16	0	1	117	22	138	8.72e-71	207
KDHFCO_00760	CNLKLD_04750	66.7	117	39	0	1	117	1	117	2.87e-51	157
KDHFCO_00765	BGHOFK_02105	90.6	267	25	0	1	267	1	267	4.70e-168	465
KDHFCO_00770	DNKGCI_07875	78.3	314	56	4	1	304	1	312	1.37e-158	444
KDHFCO_00770	AANGNE_00410	73.1	305	79	3	1	304	1	303	6.93e-145	409
KDHFCO_00770	LOKICG_00720	97.7	218	5	0	1	218	1	218	8.29e-140	393
KDHFCO_00770	CNLKLD_04760	65.1	318	97	3	1	304	1	318	2.63e-129	370
KDHFCO_00780	AJGINB_03135	95.0	301	15	0	1	301	1	301	5.55e-213	582
KDHFCO_00780	CNLKLD_04770	69.3	303	93	0	1	303	1	303	5.78e-160	447
KDHFCO_00780	EKEFPE_01730	69.2	117	36	0	1	117	1	117	4.78e-52	167
KDHFCO_00785	FIHDIM_00600	89.5	86	9	0	1	86	1	86	7.25e-53	159
KDHFCO_00795	AAKGEC_04815	80.0	225	45	0	1	225	1	225	2.29e-128	361
KDHFCO_00795	AKPIPJ_11845	43.3	201	106	3	19	218	16	209	3.81e-49	159
KDHFCO_00800	AAKGEC_04820	100	88	0	0	1	88	1	88	2.53e-61	180
KDHFCO_00805	AAKGEC_04825	97.2	143	4	0	1	143	1	143	4.19e-95	270
KDHFCO_00810	ANIMCG_00600	100	91	0	0	17	107	23	113	1.21e-60	180
KDHFCO_00815	AAKGEC_04835	86.9	183	24	0	1	183	1	183	7.19e-120	336
KDHFCO_00815	DHALJH_01705	60.1	183	73	0	1	183	1	183	4.53e-84	245
KDHFCO_00815	BPDDPD_09920	56.3	183	78	1	1	183	1	181	1.19e-69	209
KDHFCO_00815	IAFHMK_05555	44.8	183	100	1	1	182	1	183	7.95e-50	159
KDHFCO_00815	DDDLLA_00520	46.4	166	82	3	1	162	1	163	1.59e-49	158
KDHFCO_00815	DNKGCI_06950	43.6	165	87	2	1	162	1	162	2.72e-47	152
KDHFCO_00820	MNCDBI_02505	92.0	275	8	1	1	261	1	275	5.48e-175	482
KDHFCO_00820	HNNKEJ_11180	70.7	259	75	1	1	259	1	258	1.20e-131	372
KDHFCO_00820	LBKFJK_09590	59.4	244	94	4	1	242	2	242	5.31e-94	276
KDHFCO_00820	IAFHMK_10645	56.7	247	100	5	1	242	1	245	5.87e-90	266
KDHFCO_00820	CNLKLD_00465	52.9	244	112	3	1	242	1	243	2.86e-83	249
KDHFCO_00820	JAFLJO_02595	52.0	244	114	3	1	242	1	243	1.37e-78	237
KDHFCO_00825	FMHHMN_08380	84.9	106	13	1	1	103	1	106	8.25e-61	180
KDHFCO_00830	CDIIGJ_09055	78.8	260	53	1	1	260	1	258	2.93e-136	384
KDHFCO_00830	IAFHMK_09295	70.0	260	77	1	1	260	1	259	1.00e-120	344
KDHFCO_00830	PLIDEH_00650	98.6	140	2	0	1	140	1	140	1.43e-90	263
KDHFCO_00830	HJLFLE_00630	42.9	254	142	3	6	257	6	258	1.54e-60	191
KDHFCO_00830	PKHBOA_11795	41.8	263	145	5	1	257	1	261	1.38e-59	189
KDHFCO_00830	OCHCOK_00800	96.5	86	3	0	1	86	1	86	1.39e-51	162
KDHFCO_00835	AAKGEC_04855	93.4	181	12	0	1	181	1	181	3.33e-124	347
KDHFCO_00835	HNNKEJ_11190	70.3	175	52	0	1	175	1	175	6.01e-90	260
KDHFCO_00840	BGHOFK_02160	78.2	647	140	1	1	647	1	646	0.0	1058
KDHFCO_00840	CNLKLD_04720	77.0	647	143	6	3	646	1	644	0.0	1036
KDHFCO_00840	AANGNE_09435	74.3	647	162	3	3	646	2	647	0.0	1004
KDHFCO_00840	DBFGIH_07460	70.8	185	52	1	465	647	1	185	2.08e-87	270
KDHFCO_00840	OAEMLE_02420	86.0	100	14	0	548	647	1	100	6.91e-56	184
KDHFCO_00845	ABCLFC_00875	97.2	106	3	0	1	106	1	106	2.38e-72	209
KDHFCO_00850	ABNNBP_01715	100	212	0	0	1	212	1	212	1.55e-151	418
KDHFCO_00855	ABCLFC_00890	98.3	179	3	0	1	179	1	179	1.42e-124	347
KDHFCO_00855	DBDHAK_10260	70.2	178	53	0	2	179	1	178	4.34e-87	253
KDHFCO_00860	ABNNBP_01725	97.6	466	7	1	1	466	1	462	3.12e-289	788
KDHFCO_00860	JBKKJP_00810	98.5	464	7	0	1	464	1	464	1.67e-266	775
KDHFCO_00860	DGMGJF_06725	61.2	466	167	2	1	464	1	454	4.28e-175	538
KDHFCO_00860	HKMGEG_13205	76.6	167	38	1	202	367	57	223	3.56e-87	266
KDHFCO_00860	HDDPIO_05190	50.5	319	144	2	1	317	1	307	5.48e-87	279
KDHFCO_00860	ANIMCG_09195	41.1	285	139	10	200	464	202	477	8.43e-48	176
KDHFCO_00860	MIJMLJ_12910	36.9	268	161	4	200	464	210	472	1.39e-42	161
KDHFCO_00865	AAKGEC_04900	78.8	104	22	0	1	104	1	104	2.03e-59	177
KDHFCO_00875	AAKGEC_04910	99.2	382	3	0	1	382	1	382	7.44e-292	787
KDHFCO_00880	ABCLFC_00950	97.8	229	5	0	1	229	1	229	7.84e-158	436
KDHFCO_00880	HNNKEJ_11215	71.7	230	64	1	1	229	1	230	4.66e-116	330
KDHFCO_00880	CDIIGJ_09120	63.6	236	75	3	1	227	1	234	4.81e-96	280
KDHFCO_00880	LBKFJK_04900	55.4	231	90	3	1	227	1	222	4.65e-79	236
KDHFCO_00880	IAFHMK_10680	52.0	227	105	2	1	227	1	223	1.83e-73	222
KDHFCO_00880	DNKGCI_00035	47.1	227	111	1	1	227	1	218	1.77e-65	201
KDHFCO_00880	AGCFKM_01405	47.2	231	111	3	5	227	9	236	6.94e-61	191
KDHFCO_00880	BIHALF_02325	43.0	223	126	1	6	227	6	228	2.39e-57	181
KDHFCO_00880	CNLKLD_08025	42.0	238	127	3	1	227	1	238	1.60e-55	177
KDHFCO_00885	AAKGEC_04920	91.7	253	18	2	1	251	142	393	8.29e-158	443
KDHFCO_00885	CPNLII_09420	66.3	252	81	2	1	251	143	391	5.31e-106	311
KDHFCO_00885	PGBAFI_01940	61.0	249	96	1	1	249	143	390	2.88e-96	286
KDHFCO_00885	AMCIGH_05875	60.0	245	95	2	1	245	143	384	5.96e-96	286
KDHFCO_00885	DNKGCI_04390	54.9	246	107	2	1	245	144	386	2.26e-84	256
KDHFCO_00885	IAFHMK_02435	55.5	247	109	1	1	247	144	389	7.00e-84	255
KDHFCO_00885	LBKFJK_04895	54.5	246	109	1	1	246	143	385	8.09e-84	255
KDHFCO_00885	AANGNE_07910	46.8	263	128	4	1	251	143	405	2.21e-65	208
KDHFCO_00885	CNLKLD_00615	45.2	248	125	3	15	251	2	249	2.09e-61	193
KDHFCO_00885	FPMMJC_11150	38.8	255	143	4	2	251	38	284	7.75e-55	177
KDHFCO_00885	ANFPEE_02155	37.2	242	143	2	2	239	143	379	4.72e-52	173
KDHFCO_00885	FPMMJC_13730	37.9	240	148	1	2	241	143	381	1.58e-49	166
KDHFCO_00890	AAKGEC_04920	96.4	138	5	0	1	138	1	138	1.75e-84	252
KDHFCO_00890	GLMKIB_08540	94.4	107	6	0	1	107	1	107	7.09e-64	192
KDHFCO_00890	PGBAFI_01940	67.9	137	44	0	2	138	3	139	1.35e-60	191
KDHFCO_00890	DNKGCI_00025	66.4	137	46	0	2	138	3	139	1.06e-59	185
KDHFCO_00890	CPNLII_09420	68.6	137	43	0	2	138	3	139	5.03e-59	187
KDHFCO_00890	DNKGCI_04390	59.9	137	55	0	2	138	4	140	3.29e-51	166
KDHFCO_00890	AMCIGH_05875	60.6	137	54	0	2	138	3	139	4.95e-51	166
KDHFCO_00890	IAFHMK_02435	57.4	141	60	0	2	142	4	144	9.83e-51	165
KDHFCO_00890	LBKFJK_04895	56.2	137	60	0	2	138	3	139	4.69e-45	150
KDHFCO_00895	OOHJDG_00740	89.6	144	15	0	1	144	1	144	1.97e-92	263
KDHFCO_00895	NAFEBK_04355	89.0	145	16	0	1	145	1	145	2.24e-91	263
KDHFCO_00895	IAFHMK_10685	70.1	144	43	0	2	145	3	146	1.56e-73	216
KDHFCO_00900	EKFMNI_01615	91.7	265	18	2	1	261	1	265	3.38e-176	485
KDHFCO_00900	IAFHMK_10690	72.9	262	67	2	1	259	1	261	2.27e-137	387
KDHFCO_00900	LBKFJK_04885	65.6	259	84	2	2	260	4	257	1.34e-123	352
KDHFCO_00900	OFBCLB_03565	61.8	262	92	2	1	260	3	258	1.30e-114	329
KDHFCO_00900	ANIMCG_09485	57.5	212	79	3	45	255	49	250	3.21e-79	239
KDHFCO_00900	HNNKEJ_09000	57.4	197	78	3	58	253	87	278	3.24e-73	224
KDHFCO_00900	NGAPDN_00360	55.8	217	85	4	40	255	47	253	1.65e-72	222
KDHFCO_00900	CDIIGJ_10825	53.9	219	90	4	39	256	48	256	2.22e-70	216
KDHFCO_00900	NCNHMD_14145	55.6	198	82	3	58	254	84	276	9.95e-69	213
KDHFCO_00900	AEFDGK_04045	56.8	192	72	3	65	255	75	256	4.21e-68	211
KDHFCO_00900	IHNEIG_04285	48.5	202	99	3	58	255	116	316	6.47e-62	197
KDHFCO_00900	ABJDJH_09815	48.0	196	97	3	65	256	125	319	1.71e-59	191
KDHFCO_00900	KPGHOL_10035	48.8	201	100	3	57	255	118	317	2.32e-56	182
KDHFCO_00915	AAKGEC_04945	87.7	527	64	1	1	526	1	527	0.0	889
KDHFCO_00915	BGHOFK_02230	70.4	527	155	1	1	526	1	527	2.93e-258	714
KDHFCO_00915	HNNKEJ_11245	62.2	526	199	0	1	526	1	526	2.89e-234	654
KDHFCO_00915	CDIIGJ_09150	62.4	532	189	3	1	526	1	527	3.15e-224	628
KDHFCO_00915	IAFHMK_09820	49.1	536	253	4	1	526	1	526	8.84e-169	487
KDHFCO_00915	DNKGCI_07910	49.7	533	261	4	1	526	1	533	1.67e-165	479
KDHFCO_00915	LBKFJK_07490	52.3	465	218	1	66	526	104	568	3.26e-158	462
KDHFCO_00915	DDDLLA_09795	47.9	534	269	4	1	526	1	533	5.93e-158	460
KDHFCO_00915	NDBEOE_00460	49.3	479	234	4	55	526	59	535	3.27e-145	428
KDHFCO_00915	CNLKLD_04790	47.1	459	242	1	67	524	103	561	9.39e-140	414
KDHFCO_00920	AAKGEC_04950	99.5	404	2	0	1	404	1	404	2.45e-299	808
KDHFCO_00920	AANGNE_07435	27.0	400	266	10	10	399	8	391	2.31e-42	152
KDHFCO_00925	AAKGEC_04955	99.2	262	2	0	1	262	1	262	4.39e-185	507
KDHFCO_00930	AAKGEC_04960	96.0	101	4	0	1	101	1	101	1.94e-62	184
KDHFCO_00935	AANGNE_00455	80.2	484	96	0	1	484	1	484	7.26e-277	758
KDHFCO_00935	CEHAJH_00010	64.0	239	86	0	243	481	1	239	7.24e-106	315
KDHFCO_00940	AAKGEC_04975	98.3	477	8	0	1	477	1	477	0.0	927
KDHFCO_00945	BPNIAE_10600	85.8	499	71	0	1	499	1	499	3.97e-301	821
KDHFCO_00945	CDIIGJ_09180	76.4	508	111	1	1	499	1	508	3.10e-275	756
KDHFCO_00945	BGHOFK_02265	73.5	499	127	1	1	499	1	494	7.04e-263	724
KDHFCO_00945	HNNKEJ_11275	71.9	498	131	2	2	499	14	502	1.73e-251	695
KDHFCO_00945	LBKFJK_07455	69.5	499	149	1	1	499	1	496	8.36e-246	681
KDHFCO_00945	DNKGCI_07950	70.4	496	143	1	4	499	5	496	9.69e-245	678
KDHFCO_00945	IAFHMK_09860	68.1	498	150	2	1	498	1	489	5.71e-235	653
KDHFCO_00945	OFBCLB_05565	67.7	499	152	2	1	499	1	490	5.93e-235	653
KDHFCO_00945	AANGNE_04615	65.7	498	162	1	1	498	1	489	1.40e-227	634
KDHFCO_00950	DDDLLA_09760	80.9	444	85	0	1	444	9	452	1.49e-250	689
KDHFCO_00950	DNKGCI_09455	48.9	442	223	2	1	441	1	440	1.03e-136	399
KDHFCO_00960	AAKGEC_05000	91.0	177	16	0	1	177	1	177	1.47e-116	327
KDHFCO_00960	CDIIGJ_09205	68.4	177	56	0	1	177	1	177	6.86e-83	242
KDHFCO_00960	BGHOFK_02280	63.8	174	63	0	1	174	1	174	1.90e-75	223
KDHFCO_00960	HNNKEJ_11290	59.4	175	70	1	1	175	1	174	3.05e-69	207
KDHFCO_00960	DNKGCI_07965	55.7	176	76	1	1	174	1	176	4.69e-65	197
KDHFCO_00960	DDDLLA_09750	52.6	171	79	1	1	169	1	171	2.16e-62	190
KDHFCO_00960	IAFHMK_09875	55.3	179	74	1	1	173	1	179	1.41e-61	188
KDHFCO_00960	AANGNE_00475	54.4	169	76	1	1	169	1	168	2.27e-61	187
KDHFCO_00960	LBKFJK_07440	53.2	171	78	1	1	169	1	171	4.88e-61	186
KDHFCO_00960	CNLKLD_04855	54.4	169	76	1	1	169	1	168	1.15e-58	180
KDHFCO_00965	BMNCPF_07660	91.7	228	19	0	1	228	1	228	1.79e-149	415
KDHFCO_00965	HNNKEJ_11295	63.0	230	85	0	1	230	1	230	1.55e-107	308
KDHFCO_00965	AANGNE_00480	57.0	230	99	0	1	230	1	230	1.96e-96	280
KDHFCO_00965	DDDLLA_09745	57.7	234	91	1	5	230	5	238	6.75e-92	269
KDHFCO_00965	IAFHMK_09880	55.7	230	101	1	1	229	1	230	6.92e-90	264
KDHFCO_00965	CNLKLD_04860	47.0	230	122	0	1	230	1	230	4.79e-73	221
KDHFCO_00970	AAKGEC_05010	93.7	142	9	0	1	142	1	142	6.20e-97	275
KDHFCO_00970	DNKGCI_07975	64.0	139	50	0	1	139	1	139	8.08e-65	193
KDHFCO_00970	IAFHMK_09915	63.3	139	51	0	1	139	1	139	1.90e-63	190
KDHFCO_00970	AANGNE_04425	56.0	141	62	0	1	141	1	141	9.73e-57	173
KDHFCO_00975	ABCLFC_01040	96.8	126	4	0	1	126	1	126	7.07e-88	250
KDHFCO_00975	LBKFJK_07425	73.8	126	32	1	1	125	1	126	2.31e-66	196
KDHFCO_00975	IAFHMK_09885	72.7	128	33	1	1	126	1	128	7.64e-63	187
KDHFCO_00975	DNKGCI_07980	73.0	126	33	1	1	126	1	125	5.69e-62	185
KDHFCO_00975	OFBCLB_05535	71.9	128	34	1	1	126	1	128	1.04e-60	182
KDHFCO_00975	AANGNE_01840	58.4	125	51	1	1	125	1	124	8.67e-50	154
KDHFCO_00980	AAKGEC_05015	79.1	350	73	0	1	350	1	350	1.29e-205	566
KDHFCO_00980	CDIIGJ_09225	63.7	350	117	1	1	350	1	340	5.68e-160	451
KDHFCO_00980	BGHOFK_02300	64.2	352	124	1	1	350	1	352	8.22e-158	446
KDHFCO_00980	DDKKPM_02930	58.3	343	127	2	10	350	10	338	2.43e-139	398
KDHFCO_00980	DNKGCI_07985	55.4	350	140	3	1	350	1	334	1.17e-131	379
KDHFCO_00980	IAFHMK_09890	56.9	350	133	3	1	350	1	332	1.25e-130	376
KDHFCO_00980	DDDLLA_09730	54.8	352	139	4	1	350	1	334	7.71e-130	374
KDHFCO_00980	LBKFJK_07420	52.9	350	149	3	1	350	1	334	8.98e-124	358
KDHFCO_00980	HNNKEJ_11320	63.5	260	90	2	91	350	1	255	7.06e-114	330
KDHFCO_00985	DDDLLA_09725	82.6	363	63	0	1	363	1	363	2.94e-226	620
KDHFCO_00985	LBKFJK_03860	54.7	358	161	1	1	358	1	357	1.26e-143	410
KDHFCO_00985	DNKGCI_11020	54.8	361	162	1	1	361	1	360	1.52e-139	400
KDHFCO_00985	ACDDAG_09855	53.9	358	164	1	1	358	1	357	9.02e-139	398
KDHFCO_00985	EJEPOM_07935	47.8	362	185	3	1	359	1	361	1.93e-121	355
KDHFCO_00985	AGDPFD_04830	45.5	356	190	4	3	357	4	356	3.40e-108	320
KDHFCO_00985	BOKJIE_13465	44.6	363	197	4	4	363	2	363	5.85e-108	320
KDHFCO_00985	CGMKCF_11740	88.3	103	12	0	133	235	1	103	2.88e-63	196
KDHFCO_00990	CGMKCF_11750	98.8	494	5	1	1	494	1	493	0.0	933
KDHFCO_00990	AFCONC_09375	71.3	494	138	2	1	494	1	490	4.01e-255	704
KDHFCO_00990	ABNNBP_07205	29.4	487	274	8	12	493	9	430	1.38e-57	196
KDHFCO_00990	EPOEKF_01745	30.2	483	267	10	16	494	14	430	1.88e-55	191
KDHFCO_00990	DNKGCI_11030	30.3	482	259	9	1	482	1	405	3.36e-54	187
KDHFCO_00990	BGHOFK_08335	30.9	495	267	12	1	489	1	426	1.85e-53	185
KDHFCO_00990	DDKKPM_03600	28.6	489	277	8	1	487	1	419	1.19e-52	183
KDHFCO_00990	AANGNE_03570	30.2	480	270	13	8	482	5	424	4.85e-52	182
KDHFCO_00990	GNOKMM_07820	29.2	480	254	10	12	481	9	412	7.43e-51	178
KDHFCO_00990	AGDPFD_04840	30.6	484	268	14	1	481	1	419	8.65e-51	178
KDHFCO_00990	FMNMPI_06710	26.9	490	286	10	12	492	35	461	2.30e-46	167
KDHFCO_00990	AEMMAL_06830	27.4	492	288	11	6	494	7	432	2.32e-44	161
KDHFCO_00990	BOKJIE_13470	34.6	321	178	8	171	487	125	417	1.83e-43	158
KDHFCO_00990	HNNKEJ_05840	31.2	436	245	15	80	488	45	452	5.59e-43	158
KDHFCO_00990	NGIILC_02175	30.5	407	238	11	96	494	69	438	5.22e-42	155
KDHFCO_00990	DDDLLA_08890	29.6	406	241	9	84	481	64	432	5.94e-41	152
KDHFCO_01005	BGHOFK_02325	88.7	478	54	0	1	478	1	478	0.0	923
KDHFCO_01005	CNOINH_06885	76.7	348	81	0	1	348	1	348	1.59e-205	572
KDHFCO_01005	ANILPM_08310	42.1	473	253	7	6	477	1	453	5.70e-121	361
KDHFCO_01005	EJEPOM_07925	42.2	472	247	9	9	475	3	453	1.66e-119	357
KDHFCO_01005	EJEPOM_07405	40.5	486	252	10	9	478	4	468	4.29e-115	346
KDHFCO_01005	DAEIAJ_08645	38.4	495	259	9	8	478	2	474	6.15e-113	341
KDHFCO_01005	CFLCIE_01560	38.5	467	259	8	13	472	6	451	6.23e-113	340
KDHFCO_01005	BDEBFB_07100	37.9	499	263	9	8	478	2	481	1.14e-109	333
KDHFCO_01005	ACPHPF_05020	39.5	474	254	9	9	478	8	452	5.32e-109	330
KDHFCO_01005	NOKDAP_10530	40.3	472	257	6	6	472	1	452	1.53e-108	329
KDHFCO_01005	DNKIME_04800	38.4	500	261	12	6	478	1	480	6.79e-108	328
KDHFCO_01005	HDKJGO_06115	36.9	496	265	8	8	475	7	482	1.39e-105	322
KDHFCO_01005	ALNFEK_03480	36.6	505	267	11	1	475	1	482	1.91e-105	322
KDHFCO_01005	AIKIDN_03085	35.9	504	272	10	6	478	1	484	1.79e-103	317
KDHFCO_01005	DDDLLA_05595	37.2	489	268	12	9	475	5	476	9.43e-103	315
KDHFCO_01005	DNKGCI_06365	34.8	474	282	7	10	478	6	457	1.88e-101	311
KDHFCO_01005	CNLKLD_06025	37.2	495	265	11	8	478	2	474	3.02e-101	311
KDHFCO_01005	ACDDAG_07275	35.7	496	276	10	4	478	5	478	1.90e-100	309
KDHFCO_01005	KPGHOL_06290	36.0	491	269	11	12	478	6	475	2.01e-100	309
KDHFCO_01005	DDDLLA_10775	37.5	493	263	13	9	478	3	473	7.10e-100	307
KDHFCO_01005	IAFHMK_01915	36.3	487	278	10	4	478	3	469	8.46e-100	307
KDHFCO_01005	IAFHMK_00320	34.2	479	287	7	6	478	2	458	1.31e-98	303
KDHFCO_01005	ANILPM_09555	35.4	514	267	12	4	478	2	489	5.20e-97	300
KDHFCO_01005	FFEJFE_01165	34.8	503	277	11	6	478	3	484	5.14e-96	298
KDHFCO_01005	AANGNE_08355	35.5	498	272	9	8	478	2	477	6.28e-96	297
KDHFCO_01010	AAKGEC_05045	94.7	150	8	0	1	150	1	150	1.44e-103	292
KDHFCO_01015	AAKGEC_05060	87.7	447	54	1	1	446	1	447	1.39e-290	790
KDHFCO_01015	LBKFJK_07380	70.0	443	126	4	1	440	1	439	2.02e-223	620
KDHFCO_01015	IAFHMK_09930	68.7	441	129	4	1	441	1	432	5.20e-221	613
KDHFCO_01015	DNKGCI_08035	64.1	449	156	3	1	446	1	447	2.26e-213	594
KDHFCO_01015	DDDLLA_04230	67.2	448	140	4	1	445	1	444	4.40e-213	593
KDHFCO_01015	FFDIKI_02450	63.5	447	152	6	1	446	1	437	2.13e-202	566
KDHFCO_01015	LEJDNH_04165	63.8	447	152	5	1	446	1	438	5.30e-201	571
KDHFCO_01015	CNLKLD_04880	62.0	450	157	8	1	446	1	440	1.45e-181	513
KDHFCO_01020	ABCBPP_01045	73.3	255	64	2	1	255	1	251	3.13e-116	332
KDHFCO_01020	CDIIGJ_09265	66.5	260	65	4	1	255	1	243	1.36e-96	282
KDHFCO_01020	BGHOFK_02340	63.7	262	71	4	1	255	1	245	1.45e-96	282
KDHFCO_01020	HNNKEJ_11365	61.7	261	75	4	1	254	1	243	6.50e-88	260
KDHFCO_01020	DFJEHO_06595	70.3	138	41	0	3	140	3	140	2.20e-71	217
KDHFCO_01020	IAFHMK_09935	72.1	147	36	2	1	142	1	147	5.09e-71	217
KDHFCO_01020	LEJDNH_04165	70.0	140	42	0	3	142	451	590	7.13e-68	221
KDHFCO_01020	DDDLLA_04235	68.9	148	41	2	1	143	1	148	1.52e-66	207
KDHFCO_01020	LBKFJK_07375	70.5	146	38	2	1	141	1	146	3.82e-66	206
KDHFCO_01020	DNKGCI_08040	70.5	146	38	2	1	141	1	146	1.72e-65	204
KDHFCO_01020	CNLKLD_04875	64.6	144	48	1	1	141	1	144	2.94e-64	199
KDHFCO_01025	DFCDFN_08850	87.9	354	43	0	6	359	11	364	2.88e-231	633
KDHFCO_01030	AAKGEC_05075	97.0	203	6	0	1	203	1	203	3.51e-139	386
KDHFCO_01030	AANGNE_00535	71.4	203	58	0	1	203	1	203	1.51e-101	291
KDHFCO_01030	CNLKLD_03440	64.0	203	73	0	1	203	1	203	8.20e-85	249
KDHFCO_01030	HNNKEJ_11375	56.2	203	89	0	1	203	1	203	3.54e-74	222
KDHFCO_01030	OOKIAJ_04960	44.3	203	93	1	1	203	1	183	3.39e-55	173
KDHFCO_01035	ABCLFC_01100	100	337	0	0	1	337	1	337	2.37e-238	648
KDHFCO_01035	IAFHMK_09995	72.4	326	90	0	12	337	1	326	3.00e-167	468
KDHFCO_01035	DDDLLA_04250	69.5	328	98	1	12	337	1	328	1.37e-161	454
KDHFCO_01035	CNLKLD_03435	62.7	324	120	1	15	337	4	327	2.30e-143	407
KDHFCO_01035	AAKGEC_09715	36.8	321	193	3	15	335	7	317	1.74e-65	209
KDHFCO_01035	DNKGCI_01905	37.4	321	191	3	15	335	7	317	3.46e-65	208
KDHFCO_01035	LBKFJK_04040	37.1	321	190	4	16	335	8	317	2.15e-63	203
KDHFCO_01035	AANGNE_06705	35.6	323	198	3	14	336	6	318	1.05e-60	196
KDHFCO_01040	ABCBPP_01065	83.1	301	51	0	1	301	1	301	2.43e-174	483
KDHFCO_01040	IAFHMK_10000	68.1	298	95	0	1	298	1	298	2.57e-141	400
KDHFCO_01040	DDDLLA_04255	67.8	298	96	0	1	298	1	298	7.61e-141	399
KDHFCO_01040	CNLKLD_03430	68.5	298	94	0	1	298	1	298	3.34e-139	394
KDHFCO_01040	BGHOFK_02895	35.2	301	179	3	1	286	1	300	8.64e-48	162
KDHFCO_01040	AANGNE_03525	35.5	301	178	3	1	286	17	316	1.80e-47	161
KDHFCO_01045	AAKGEC_05090	77.5	374	84	0	1	374	1	374	7.66e-204	565
KDHFCO_01045	CDIIGJ_09290	55.8	380	155	5	1	372	1	375	2.69e-131	380
KDHFCO_01045	HNNKEJ_03225	34.6	370	232	4	1	365	1	365	2.53e-62	204
KDHFCO_01055	EHLNLG_02765	93.3	691	46	0	1	691	1	691	0.0	1251
KDHFCO_01055	IAFHMK_10005	74.7	697	170	2	1	691	1	697	0.0	1033
KDHFCO_01055	BNBIEO_07085	71.2	688	194	2	1	684	1	688	0.0	972
KDHFCO_01055	CNLKLD_00520	64.4	693	240	5	2	689	3	693	3.02e-316	875
KDHFCO_01055	CMMBIF_07075	33.9	681	347	17	1	654	3	607	4.75e-104	329
KDHFCO_01060	AAKGEC_05105	92.8	152	11	0	1	152	1	152	1.04e-97	277
KDHFCO_01060	DDDLLA_04270	65.6	151	52	0	1	151	1	151	3.08e-70	208
KDHFCO_01060	DBFGIH_04200	61.8	152	57	1	1	151	1	152	3.12e-61	185
KDHFCO_01060	IAFHMK_10010	61.4	153	58	1	1	152	1	153	5.53e-61	184
KDHFCO_01060	CNLKLD_00525	51.0	151	73	1	1	151	1	150	2.19e-50	157
KDHFCO_01065	BGHOFK_03980	83.5	139	23	0	3	141	4	142	2.81e-86	248
KDHFCO_01065	DNKGCI_10290	73.9	138	36	0	4	141	4	141	1.82e-76	223
KDHFCO_01065	CFKGLB_00695	69.6	135	41	0	3	137	7	141	1.35e-69	206
KDHFCO_01065	NEHKFL_04495	69.8	129	39	0	9	137	7	135	3.31e-66	197
KDHFCO_01070	AANGNE_00560	87.8	557	64	2	1	554	1	556	0.0	941
KDHFCO_01075	ABCLFC_01135	98.6	144	2	0	1	144	1	144	1.30e-94	269
KDHFCO_01085	AAKGEC_05130	96.8	219	7	0	1	219	1	219	1.03e-148	412
KDHFCO_01085	BNBIEO_04925	54.1	220	95	3	1	219	1	215	5.81e-75	225
KDHFCO_01085	LBKFJK_07310	56.1	221	84	4	1	213	1	216	7.78e-75	225
KDHFCO_01085	IAFHMK_10035	52.0	221	101	3	1	218	1	219	2.15e-74	224
KDHFCO_01085	DNKGCI_08115	55.5	218	90	4	1	213	13	228	9.29e-74	223
KDHFCO_01085	DDDLLA_04295	51.6	217	99	4	1	213	1	215	1.74e-73	221
KDHFCO_01085	CNLKLD_03400	49.3	221	100	4	1	213	13	229	5.39e-66	203
KDHFCO_01090	LBKFJK_07305	95.1	288	14	0	1	288	36	323	8.83e-198	543
KDHFCO_01090	AMBJPI_04715	66.5	191	61	1	42	229	1	191	2.14e-81	252
KDHFCO_01090	BEGLKA_05695	57.1	189	78	1	104	289	1	189	2.08e-73	223
KDHFCO_01095	AANGNE_00600	90.4	197	19	0	1	197	1	197	1.22e-134	374
KDHFCO_01100	ABCBPP_01130	89.2	83	9	0	1	83	1	83	8.60e-54	161
KDHFCO_01105	LPKMGL_09325	93.1	348	23	1	1	348	78	424	1.41e-243	665
KDHFCO_01105	IKDNFJ_10340	47.5	282	134	5	53	330	13	284	1.36e-84	258
KDHFCO_01110	BEGPPK_01230	96.7	299	10	0	1	299	15	313	1.25e-215	588
KDHFCO_01110	KDEKFF_01455	56.9	281	119	1	1	279	1	281	1.02e-108	317
KDHFCO_01110	JOBCMP_06630	56.9	276	119	0	1	276	1	276	2.54e-108	315
KDHFCO_01110	AANGNE_00880	52.3	281	132	1	1	279	1	281	3.90e-101	297
KDHFCO_01110	BEGLKA_05685	39.3	305	153	10	2	281	3	300	5.63e-55	180
KDHFCO_01110	AMBJPI_04715	42.9	268	135	10	23	281	198	456	2.68e-51	174
KDHFCO_01115	IAFHMK_10095	76.6	384	88	1	1	382	1	384	8.94e-221	609
KDHFCO_01115	CNLKLD_03355	64.6	376	131	1	3	378	2	375	4.80e-179	503
KDHFCO_01115	BAOMEA_03900	49.4	387	186	3	2	378	3	389	3.30e-136	394
KDHFCO_01115	AMHKJB_02675	50.0	388	184	3	1	378	1	388	4.21e-134	389
KDHFCO_01115	BCJFJG_09820	47.4	388	185	6	2	378	3	382	3.14e-121	356
KDHFCO_01115	DHKPCD_08570	46.1	395	195	6	1	378	1	394	8.77e-120	353
KDHFCO_01115	DLKKNM_13765	46.9	386	192	5	1	375	1	384	1.88e-117	347
KDHFCO_01120	BJIKCJ_09010	88.4	311	36	0	1	311	1	311	1.28e-204	561
KDHFCO_01120	PHJNPH_10205	71.6	313	88	1	1	313	3	314	9.85e-164	457
KDHFCO_01120	IAFHMK_10100	69.6	309	89	3	1	309	1	304	1.43e-149	421
KDHFCO_01120	DBFGIH_00855	62.9	310	112	2	1	310	1	307	1.24e-141	402
KDHFCO_01120	DNKGCI_08160	62.8	309	110	3	1	309	1	304	5.10e-139	395
KDHFCO_01120	DDDLLA_04385	64.1	309	106	3	1	309	1	304	8.10e-138	392
KDHFCO_01120	AKOOIJ_07935	65.0	306	107	0	1	306	1	306	3.52e-137	390
KDHFCO_01120	LBKFJK_07260	61.8	309	113	3	1	309	1	304	6.99e-134	382
KDHFCO_01120	CNLKLD_03350	63.4	309	108	3	1	309	1	304	1.41e-133	381
KDHFCO_01120	DNKIME_03520	47.9	313	153	5	1	309	12	318	3.08e-86	261
KDHFCO_01120	BPDDPD_02460	43.7	309	166	4	1	309	1	301	4.73e-81	247
KDHFCO_01120	CNLKLD_07020	45.1	315	156	9	4	310	5	310	8.34e-78	239
KDHFCO_01120	HNNKEJ_11590	70.4	152	45	0	162	313	1	152	5.26e-77	231
KDHFCO_01120	DCAANM_00940	38.5	317	177	7	1	307	1	309	1.21e-69	218
KDHFCO_01120	KCGGLB_01270	42.1	271	139	5	1	264	1	260	2.73e-60	194
KDHFCO_01120	AKPIPJ_02320	38.6	272	154	5	3	270	4	266	7.68e-60	193
KDHFCO_01120	ABJDJH_03680	39.8	299	151	9	1	288	2	282	8.73e-56	182
KDHFCO_01120	LBKFJK_07205	32.8	317	193	5	1	311	1	303	2.15e-55	182
KDHFCO_01125	AAKGEC_05170	97.4	269	7	0	1	269	1	269	3.43e-181	498
KDHFCO_01130	CNLKLD_03340	79.5	400	75	2	4	396	5	404	6.55e-227	625
KDHFCO_01130	PHJNPH_10195	65.4	402	122	6	4	396	5	398	9.83e-176	495
KDHFCO_01130	AAOIOD_07790	71.3	328	80	5	1	321	1	321	1.05e-154	441
KDHFCO_01130	CPFDGH_01380	66.3	320	96	4	4	317	5	318	9.04e-144	413
KDHFCO_01130	ABCBPP_01170	70.9	309	87	3	1	307	1	308	3.16e-143	412
KDHFCO_01130	BIFMNE_02140	65.9	323	100	4	3	318	4	323	1.32e-140	405
KDHFCO_01130	ABJDJH_11950	41.4	239	134	3	3	240	14	247	5.80e-55	188
KDHFCO_01130	BFGFFC_08235	43.6	211	114	2	30	240	15	220	4.80e-52	179
KDHFCO_01130	AAKGEC_07170	40.8	196	115	1	45	240	44	238	3.08e-47	167
KDHFCO_01130	ACNHAK_01415	37.3	276	158	4	3	266	8	280	4.30e-47	167
KDHFCO_01130	CJHCCN_03455	38.2	238	143	2	3	240	8	241	8.29e-45	161
KDHFCO_01130	DDDLLA_03635	40.3	196	116	1	45	240	32	226	1.76e-44	161
KDHFCO_01135	AAKGEC_05180	86.9	458	60	0	1	458	1	458	4.18e-284	774
KDHFCO_01135	BIHALF_02885	71.1	447	129	0	12	458	8	454	1.23e-233	646
KDHFCO_01135	CMMBIF_05500	67.8	456	145	1	5	458	13	468	6.71e-225	625
KDHFCO_01135	IAFHMK_10115	60.5	458	178	3	2	458	1	456	6.92e-198	556
KDHFCO_01135	ABIMCM_08140	60.6	454	171	2	9	458	4	453	2.91e-196	551
KDHFCO_01135	DDKKPM_09400	57.8	460	182	5	9	458	7	464	2.65e-170	486
KDHFCO_01135	AGHDIE_00340	57.1	459	185	5	10	458	8	464	7.56e-170	485
KDHFCO_01135	CNLKLD_03335	46.3	462	234	4	8	458	6	464	1.40e-131	387
KDHFCO_01135	AHPAPB_01280	70.5	241	71	0	218	458	6	246	5.24e-113	332
KDHFCO_01140	AAKGEC_05185	80.1	321	61	1	1	318	1	321	2.36e-188	520
KDHFCO_01140	BGHOFK_02465	57.1	315	123	3	1	314	1	304	2.02e-127	365
KDHFCO_01140	AJGINB_03485	72.1	251	70	0	1	251	1	251	1.88e-125	382
KDHFCO_01140	BDNBEJ_06260	57.0	321	113	3	1	314	1	303	1.61e-124	358
KDHFCO_01140	IAFHMK_10120	58.1	315	126	2	4	314	4	316	2.44e-123	355
KDHFCO_01140	AANGNE_00640	57.3	314	127	3	1	307	1	314	1.67e-120	348
KDHFCO_01140	BIHALF_02890	52.6	340	116	4	1	315	1	320	4.17e-118	342
KDHFCO_01140	AJCMKJ_08590	54.3	317	138	2	1	314	1	313	2.66e-116	338
KDHFCO_01140	BJGLGA_10065	56.4	298	115	3	4	301	4	286	3.28e-113	330
KDHFCO_01140	CNLKLD_03330	57.9	254	107	0	4	257	5	258	9.41e-106	311
KDHFCO_01140	GPMKBM_05525	54.8	252	112	1	1	252	1	250	3.16e-99	294
KDHFCO_01140	CCDPJE_04245	60.5	243	94	1	1	243	1	241	2.93e-92	294
KDHFCO_01140	LIMBNG_00020	45.5	233	120	3	2	227	3	235	2.55e-67	211
KDHFCO_01145	EGEBJK_02625	89.4	586	62	0	1	586	1	586	0.0	1097
KDHFCO_01145	AHPAPB_01290	58.1	583	241	2	3	585	5	584	2.79e-255	712
KDHFCO_01145	BGHOFK_02470	57.9	587	234	5	1	585	1	576	8.88e-245	685
KDHFCO_01145	BDNBEJ_06220	46.9	595	294	5	3	577	2	594	1.33e-200	573
KDHFCO_01145	KCGGLB_01265	45.2	551	253	6	4	553	3	505	1.87e-168	491
KDHFCO_01145	BJGLGA_10060	40.0	582	333	9	4	580	3	573	2.83e-148	439
KDHFCO_01145	AJCMKJ_08585	40.2	587	325	11	4	580	3	573	3.96e-146	434
KDHFCO_01145	AANGNE_00645	40.9	582	328	10	4	580	3	573	8.96e-146	433
KDHFCO_01145	DNKGCI_08175	38.9	586	342	11	4	583	3	578	1.52e-144	430
KDHFCO_01145	CNLKLD_03325	40.1	594	333	11	4	585	3	585	5.87e-144	428
KDHFCO_01145	PHJNPH_10190	38.1	582	344	10	4	580	3	573	5.90e-141	421
KDHFCO_01150	AAKGEC_05195	95.1	245	12	0	1	245	1	245	1.29e-164	454
KDHFCO_01150	CNLKLD_03315	75.5	233	57	0	8	240	4	236	3.95e-121	344
KDHFCO_01150	ABIMCM_08110	71.5	242	66	1	5	243	3	244	8.71e-119	338
KDHFCO_01155	AAKGEC_05200	92.9	112	8	0	1	112	1	112	7.10e-64	189
KDHFCO_01155	IAFHMK_10140	74.1	112	29	0	1	112	1	112	5.21e-50	154
KDHFCO_01155	CNLKLD_03310	68.4	114	36	0	1	114	1	114	2.39e-48	150
KDHFCO_01160	AIPJBK_02290	97.7	264	6	0	1	264	1	264	7.06e-192	525
KDHFCO_01160	AJCMKJ_08560	71.6	257	73	0	7	263	8	264	3.12e-138	389
KDHFCO_01160	CDIIGJ_09390	71.6	257	73	0	7	263	7	263	1.74e-137	387
KDHFCO_01160	ONFANJ_11410	66.5	263	88	0	1	263	2	264	2.48e-133	377
KDHFCO_01160	ACDDAG_04765	66.5	263	88	0	2	264	3	265	1.09e-131	372
KDHFCO_01160	BIHALF_02915	68.0	259	83	0	5	263	6	264	7.31e-130	368
KDHFCO_01160	ABIMCM_08115	65.0	257	90	0	7	263	4	260	1.90e-124	354
KDHFCO_01160	IAFHMK_10150	63.0	257	95	0	7	263	8	264	1.49e-120	344
KDHFCO_01165	AIPJBK_02285	97.0	330	10	0	1	330	1	330	9.14e-228	621
KDHFCO_01165	CDIIGJ_09395	70.9	326	94	1	3	327	2	327	8.29e-168	469
KDHFCO_01165	IAFHMK_10155	62.0	326	122	1	4	327	3	328	3.37e-146	414
KDHFCO_01165	ONFANJ_11405	63.9	327	118	0	1	327	1	327	6.54e-146	414
KDHFCO_01165	AMCIGH_07205	61.3	328	126	1	1	327	1	328	6.78e-146	414
KDHFCO_01165	CNOINH_02440	61.2	325	126	0	3	327	2	326	2.97e-144	409
KDHFCO_01165	JLGDBK_08225	62.0	321	122	0	7	327	14	334	4.68e-138	394
KDHFCO_01165	AIKIDN_03815	42.7	328	185	2	1	325	7	334	7.05e-90	271
KDHFCO_01165	AAKGEC_05210	40.5	326	191	2	3	325	9	334	4.27e-83	254
KDHFCO_01165	ABJDJH_03685	40.8	321	188	2	7	325	7	327	4.42e-81	249
KDHFCO_01165	ABCBPP_01210	39.2	324	193	3	5	325	5	327	1.60e-78	242
KDHFCO_01165	CNLKLD_03300	39.9	323	190	3	7	325	6	328	5.92e-76	236
KDHFCO_01165	CCDOKP_04070	34.3	329	209	4	3	324	9	337	1.26e-61	199
KDHFCO_01165	IAFHMK_00880	31.8	280	182	3	7	281	4	279	1.78e-48	164
KDHFCO_01170	AIPJBK_02280	96.1	332	13	0	1	332	1	332	1.18e-240	654
KDHFCO_01170	BAOMEA_04780	70.5	332	97	1	1	331	10	341	1.26e-180	502
KDHFCO_01170	LPLJMN_02430	70.2	332	99	0	1	332	2	333	3.70e-173	483
KDHFCO_01170	DDKKPM_09440	67.9	330	106	0	3	332	7	336	3.53e-167	468
KDHFCO_01170	BIHALF_02925	56.2	331	144	1	1	331	1	330	1.06e-136	390
KDHFCO_01170	AHPAPB_01315	54.7	331	148	2	3	331	2	332	3.05e-134	384
KDHFCO_01170	AMHKJB_01805	55.3	329	145	2	3	331	6	332	8.18e-132	378
KDHFCO_01170	AMDFJK_03445	55.0	331	146	2	3	332	2	330	1.48e-131	377
KDHFCO_01170	AGHDIE_00305	54.8	330	148	1	3	331	2	331	5.24e-130	374
KDHFCO_01170	BIFMNE_02090	54.1	331	150	2	3	332	2	331	9.56e-128	368
KDHFCO_01170	ACDDAG_04775	50.6	340	155	5	1	332	1	335	1.47e-120	350
KDHFCO_01170	ABCLFC_01230	51.4	329	158	2	3	331	12	338	1.58e-118	345
KDHFCO_01170	ONFANJ_11400	49.1	344	156	7	1	332	1	337	2.40e-112	329
KDHFCO_01170	DBFGIH_00805	47.5	339	167	5	1	332	1	335	6.83e-109	320
KDHFCO_01170	GIHCPC_04960	44.8	328	177	3	4	331	3	326	2.90e-98	293
KDHFCO_01170	OMGJCD_02785	40.2	333	187	8	4	331	3	328	5.51e-80	246
KDHFCO_01170	CKLNFN_06235	40.7	337	186	5	3	331	2	332	3.97e-78	241
KDHFCO_01170	KFHBHO_09460	38.7	341	187	9	3	331	2	332	2.14e-75	234
KDHFCO_01170	AKOOIJ_07965	39.2	344	184	6	3	331	2	335	2.21e-73	229
KDHFCO_01170	KOHNEB_02455	38.4	346	187	10	1	332	1	334	6.04e-72	226
KDHFCO_01170	ANFPEE_08120	37.8	341	196	6	1	331	1	335	1.07e-70	223
KDHFCO_01170	AMHKJB_02655	40.7	337	185	8	1	331	1	328	6.37e-70	220
KDHFCO_01170	KNEDAK_02925	39.8	339	189	10	1	331	1	332	1.26e-67	214
KDHFCO_01170	CPHMBN_12500	37.5	339	197	9	1	331	1	332	1.75e-64	206
KDHFCO_01170	AOPEMA_00500	37.0	343	192	8	4	332	3	335	5.76e-63	202
KDHFCO_01175	AIPJBK_02275	95.6	344	15	0	1	344	1	344	1.27e-239	652
KDHFCO_01175	AMHKJB_01795	52.6	344	163	0	1	344	10	353	6.77e-129	372
KDHFCO_01175	AGINCK_05875	47.9	340	172	2	10	344	15	354	3.17e-107	317
KDHFCO_01175	AAKGEC_05230	48.8	338	166	4	11	344	3	337	3.87e-104	308
KDHFCO_01175	AMDFJK_03435	48.5	336	163	5	11	342	16	345	1.63e-102	305
KDHFCO_01175	ABCLFC_01235	47.3	349	175	5	3	344	8	354	8.06e-100	298
KDHFCO_01175	AANGNE_00685	43.0	337	189	2	3	337	6	341	3.65e-87	265
KDHFCO_01175	EBGJEB_02575	37.1	337	199	4	11	335	20	355	1.44e-66	213
KDHFCO_01175	KOHNEB_02440	38.5	327	198	3	9	335	18	341	1.28e-65	210
KDHFCO_01175	BJGLGA_11535	33.6	339	203	8	9	333	16	346	9.38e-55	182
KDHFCO_01175	OAEMLE_02485	35.6	278	163	8	59	334	64	327	6.12e-46	159
KDHFCO_01180	ABJDJH_11990	95.2	374	18	0	1	374	8	381	3.14e-275	745
KDHFCO_01180	APHEGK_13895	61.7	368	135	4	8	374	2	364	1.62e-167	472
KDHFCO_01180	IKDNFJ_10315	60.8	372	137	3	8	374	2	369	1.26e-163	462
KDHFCO_01180	HDKJGO_08840	59.4	377	61	2	1	376	1	286	7.19e-153	432
KDHFCO_01185	AAKGEC_05240	94.7	472	25	0	1	472	1	472	3.47e-313	849
KDHFCO_01185	AANGNE_00695	65.0	472	165	0	1	472	1	472	1.13e-213	597
KDHFCO_01185	DABPFD_01190	63.5	471	171	1	2	472	2	471	3.20e-213	596
KDHFCO_01185	ONFANJ_11390	60.6	472	186	0	1	472	1	472	3.10e-207	581
KDHFCO_01185	PHJNPH_10140	54.8	471	212	1	2	471	2	472	3.56e-176	502
KDHFCO_01185	DNKIME_08335	53.9	471	217	0	1	471	14	484	3.19e-171	495
KDHFCO_01185	DNKGCI_04110	53.1	471	221	0	1	471	2	472	4.25e-169	485
KDHFCO_01185	FMBBOG_09135	51.6	471	228	0	1	471	1	471	3.66e-165	474
KDHFCO_01185	MNMEHJ_08755	50.6	472	233	0	1	472	1	472	4.27e-155	448
KDHFCO_01185	ILDBOH_02255	51.0	471	231	0	1	471	1	471	1.78e-154	447
KDHFCO_01185	BEMMBD_00590	48.5	470	242	0	2	471	3	472	2.38e-151	439
KDHFCO_01185	AMDFJK_05485	47.2	462	244	0	1	462	1	462	6.12e-151	438
KDHFCO_01185	LPKMGL_11055	46.5	471	252	0	1	471	1	471	9.28e-149	432
KDHFCO_01185	GIHCPC_04945	46.1	471	254	0	1	471	1	471	1.17e-147	429
KDHFCO_01185	EHLNLG_11075	45.1	474	257	1	1	471	1	474	8.55e-143	417
KDHFCO_01185	AKOOIJ_07980	45.6	471	256	0	1	471	1	471	1.34e-141	414
KDHFCO_01185	KFHBHO_09445	46.0	472	254	1	1	471	1	472	1.76e-140	416
KDHFCO_01185	ABNNBP_13475	45.9	471	255	0	1	471	1	471	2.30e-138	405
KDHFCO_01185	HCGOBC_14375	45.2	469	257	0	1	469	1	469	1.75e-135	398
KDHFCO_01185	BPHPFJ_00680	45.0	464	255	0	1	464	1	464	2.27e-134	395
KDHFCO_01185	AKPIPJ_02280	45.8	459	249	0	1	459	1	459	4.56e-131	387
KDHFCO_01185	ACDDAG_04780	43.4	463	260	2	8	469	2	463	6.87e-129	381
KDHFCO_01185	CNLKLD_03255	42.8	460	263	0	10	469	4	463	2.94e-126	375
KDHFCO_01185	KCGGLB_01185	43.2	468	266	0	1	468	1	468	1.83e-125	373
KDHFCO_01185	HNNKEJ_11660	42.0	452	260	2	1	450	1	452	1.51e-124	370
KDHFCO_01190	ABCLFC_01250	96.8	599	19	0	1	599	1	599	0.0	1097
KDHFCO_01190	AGKELP_03535	32.6	592	339	12	14	592	10	554	2.24e-80	263
KDHFCO_01190	AJCMKJ_08525	30.6	581	366	13	3	567	4	563	7.98e-77	254
KDHFCO_01190	BIHALF_02940	30.7	589	368	15	8	575	9	578	6.77e-76	252
KDHFCO_01190	AHPAPB_01340	33.0	567	338	20	28	578	24	564	1.97e-72	243
KDHFCO_01190	BDNBEJ_06330	33.0	573	346	17	2	560	11	559	2.62e-70	237
KDHFCO_01190	ACDDAG_04790	32.8	625	352	25	2	596	6	592	5.06e-69	234
KDHFCO_01190	AANGNE_00700	30.7	564	357	13	39	590	41	582	5.68e-68	231
KDHFCO_01190	FMBBOG_00900	30.7	554	348	17	28	569	24	553	5.71e-64	220
KDHFCO_01190	DDKKPM_09455	30.9	585	371	16	28	598	24	589	5.50e-63	218
KDHFCO_01190	AECHFI_04510	32.1	624	360	22	2	596	4	592	1.00e-62	217
KDHFCO_01190	KCGGLB_01180	31.0	564	345	20	28	575	24	559	1.47e-60	211
KDHFCO_01190	CNLKLD_03270	29.8	578	330	13	44	597	49	574	9.29e-60	208
KDHFCO_01190	CNOINH_02415	30.2	577	349	19	41	592	44	591	4.85e-57	201
KDHFCO_01190	ALBBCB_07955	28.8	604	354	15	14	597	14	561	6.64e-56	197
KDHFCO_01190	AAOIOD_07715	29.8	577	330	18	29	585	39	560	7.82e-55	195
KDHFCO_01190	CJHCCN_02995	26.2	562	351	14	41	586	48	561	5.97e-46	170
KDHFCO_01190	AGDPFD_00640	26.7	591	364	16	13	586	8	546	8.22e-45	167
KDHFCO_01195	ABCLFC_01255	98.7	475	6	0	1	475	1	475	0.0	872
KDHFCO_01195	AMDFJK_03415	52.5	478	219	4	1	475	1	473	1.09e-163	470
KDHFCO_01195	IAFHMK_10185	44.5	449	233	6	38	472	22	468	1.40e-118	355
KDHFCO_01195	AGHDIE_00280	43.7	449	240	7	37	474	18	464	5.17e-115	346
KDHFCO_01195	HNNKEJ_11670	43.2	447	241	7	35	470	16	460	2.61e-112	339
KDHFCO_01195	LPLJMN_02465	38.2	455	265	6	28	470	4	454	2.30e-111	336
KDHFCO_01195	AMCIGH_07245	39.1	448	260	6	33	470	9	453	4.45e-111	335
KDHFCO_01195	CIJHDH_00955	42.0	452	241	8	30	469	16	458	5.21e-108	328
KDHFCO_01195	CKLNFN_06265	40.7	454	257	5	27	472	3	452	7.26e-106	322
KDHFCO_01195	FGFHJG_02910	41.9	472	235	8	27	472	3	461	1.84e-105	321
KDHFCO_01195	CDHEJB_06930	39.7	463	259	6	27	472	3	462	2.45e-103	316
KDHFCO_01195	ALBBCB_07950	40.1	449	257	6	33	472	9	454	5.36e-100	307
KDHFCO_01195	ABCBPP_01255	40.6	448	251	5	36	470	18	463	1.44e-99	306
KDHFCO_01195	AKOOIJ_07975	43.1	448	236	9	37	473	6	445	4.96e-98	301
KDHFCO_01195	BDNBEJ_06335	41.7	446	245	3	37	469	18	461	1.22e-97	301
KDHFCO_01195	CNLKLD_03265	38.6	448	261	5	39	474	33	478	2.45e-97	301
KDHFCO_01195	AAOIOD_07710	39.1	447	258	6	36	472	10	452	3.41e-97	300
KDHFCO_01195	DDKKPM_09460	39.2	454	260	4	34	473	5	456	7.42e-97	299
KDHFCO_01195	OFBCLB_11030	39.0	456	261	7	29	470	11	463	9.94e-97	299
KDHFCO_01195	ALNFEK_01465	38.3	449	263	9	33	472	13	456	1.88e-94	293
KDHFCO_01195	AKPIPJ_02270	38.8	448	260	5	36	472	18	462	2.23e-94	293
KDHFCO_01195	CDIIGJ_09415	38.9	437	254	8	39	469	21	450	4.02e-93	289
KDHFCO_01195	AJCMKJ_08520	39.4	470	251	10	31	474	17	478	2.06e-92	288
KDHFCO_01195	PHJNPH_10130	37.6	458	268	7	27	469	3	457	2.67e-92	287
KDHFCO_01195	BIHALF_02945	37.8	463	254	9	29	465	16	470	6.09e-92	287
KDHFCO_01200	CPFDGH_01470	92.7	300	22	0	1	300	1	300	5.04e-192	541
KDHFCO_01200	ADJCAM_13765	71.7	434	105	4	1	432	5	422	3.73e-180	508
KDHFCO_01200	BFGFFC_01185	71.1	457	106	6	1	432	38	493	1.27e-168	482
KDHFCO_01200	BFCBHP_01385	66.7	460	123	7	1	432	1	458	7.27e-157	451
KDHFCO_01200	LBLLFD_07180	56.7	351	136	8	1	340	1	346	1.09e-126	373
KDHFCO_01200	PLBPOI_02550	53.4	451	190	4	1	432	1	450	1.31e-121	360
KDHFCO_01200	CDIIGJ_09430	53.3	379	136	8	1	340	1	377	5.85e-121	357
KDHFCO_01200	BJGLGA_10000	51.5	371	148	8	1	341	1	369	3.38e-116	347
KDHFCO_01200	IAFHMK_10190	50.3	342	151	5	12	342	11	344	2.76e-107	323
KDHFCO_01200	DBDHAK_10575	49.3	371	152	8	1	339	1	367	1.39e-102	319
KDHFCO_01200	ABCBPP_01265	54.8	323	115	7	1	296	1	319	4.38e-102	316
KDHFCO_01200	IAFHMK_10195	49.9	351	135	9	2	337	25	349	9.33e-102	309
KDHFCO_01200	AJGINB_03555	53.8	320	120	6	1	294	1	318	1.31e-101	317
KDHFCO_01200	CNLKLD_03105	51.9	345	142	9	11	342	10	343	8.23e-101	306
KDHFCO_01200	CNLKLD_03250	53.3	274	118	4	79	343	30	302	4.57e-94	288
KDHFCO_01200	CKLNFN_06270	45.5	369	144	10	29	342	30	396	9.39e-86	270
KDHFCO_01200	OFBCLB_11040	47.3	313	131	11	2	293	4	303	2.76e-73	242
KDHFCO_01200	AGDPFD_00650	44.9	341	136	8	3	295	4	340	1.21e-72	237
KDHFCO_01200	DNKGCI_04605	48.9	268	116	8	93	341	136	401	3.38e-72	234
KDHFCO_01200	JAFLJO_03940	39.9	333	127	8	81	340	64	396	1.05e-68	225
KDHFCO_01200	CFKGLB_02265	54.5	233	84	5	78	290	105	335	1.07e-68	228
KDHFCO_01200	LBKFJK_07155	38.1	388	171	10	5	340	2	372	6.29e-68	223
KDHFCO_01200	DNKGCI_10270	49.4	233	98	6	79	294	116	345	1.06e-61	210
KDHFCO_01200	HNNKEJ_11690	40.4	307	130	9	58	328	17	306	3.63e-58	200
KDHFCO_01205	AAKGEC_05260	99.8	493	1	0	1	493	1	493	0.0	949
KDHFCO_01205	CNOINH_11755	55.6	135	54	2	364	492	1	135	7.05e-45	153
KDHFCO_01210	HNNKEJ_11700	82.6	391	48	3	11	400	1	372	5.33e-235	644
KDHFCO_01215	AAKGEC_05270	88.0	167	20	0	1	167	1	167	6.82e-108	304
KDHFCO_01215	IAFHMK_04775	59.5	163	62	3	5	167	2	160	1.04e-62	190
KDHFCO_01215	HNNKEJ_11725	50.5	184	67	2	6	167	32	213	8.05e-56	174
KDHFCO_01220	AAKGEC_05275	96.8	411	13	0	1	411	1	411	1.27e-281	764
KDHFCO_01225	ABNNBP_02090	100	108	0	0	1	108	1	108	4.15e-49	151
KDHFCO_01230	AAKGEC_05280	96.2	104	4	0	1	104	1	104	1.76e-64	189
KDHFCO_01235	DDDLLA_04545	77.9	199	43	1	1	199	1	198	1.17e-112	319
KDHFCO_01235	IAFHMK_10225	74.9	199	48	1	1	199	1	197	9.30e-112	317
KDHFCO_01235	CNLKLD_03525	69.8	199	59	1	1	199	1	198	6.57e-103	294
KDHFCO_01235	AANGNE_09505	68.8	199	60	1	1	199	1	197	1.16e-98	283
KDHFCO_01235	HNNKEJ_03810	44.7	190	93	2	20	198	2	190	1.91e-48	156
KDHFCO_01240	AAKGEC_05290	93.9	196	12	0	1	196	1	196	2.48e-131	366
KDHFCO_01240	IAFHMK_10230	69.4	196	60	0	1	196	1	196	1.55e-96	278
KDHFCO_01240	CNLKLD_03520	61.2	196	75	1	1	195	1	196	2.04e-82	242
KDHFCO_01240	JAFLJO_03980	56.5	193	80	2	8	196	1	193	7.79e-70	210
KDHFCO_01245	ABNNBP_02110	100	143	0	0	1	143	1	143	7.54e-98	277
KDHFCO_01245	AAKGEC_05295	73.8	141	37	0	1	141	1	141	1.30e-68	203
KDHFCO_01245	HNNKEJ_11750	68.8	141	44	0	1	141	1	141	1.68e-64	192
KDHFCO_01245	CDIIGJ_09490	68.8	141	44	0	1	141	1	141	1.96e-63	190
KDHFCO_01245	BGHOFK_02595	63.1	141	52	0	1	141	1	141	9.73e-57	173
KDHFCO_01250	HNNKEJ_11755	82.4	119	21	0	1	119	7	125	1.99e-67	198
KDHFCO_01255	ABCLFC_01315	99.3	276	2	0	1	276	1	276	5.41e-202	551
KDHFCO_01255	LBKFJK_08630	68.1	260	66	2	33	276	1	259	8.50e-126	358
KDHFCO_01255	DNKGCI_10350	64.9	265	72	1	33	276	1	265	3.48e-124	354
KDHFCO_01255	DDDLLA_04565	67.6	244	77	1	33	276	1	242	2.56e-123	351
KDHFCO_01255	DBFGIH_03085	63.4	243	87	1	34	276	3	243	1.21e-112	324
KDHFCO_01255	CNLKLD_03510	58.8	240	95	1	36	275	8	243	1.21e-100	293
KDHFCO_01255	IAFHMK_10240	58.1	241	95	2	36	276	8	242	2.28e-100	293
KDHFCO_01260	BJLDLK_06240	93.3	400	6	1	1	379	1	400	1.58e-267	726
KDHFCO_01260	CDIIGJ_09505	73.6	375	94	2	1	375	1	370	1.41e-194	541
KDHFCO_01260	BGHOFK_02610	67.8	376	109	2	1	375	1	365	3.83e-180	504
KDHFCO_01260	HNNKEJ_11765	63.7	375	121	3	1	375	1	360	2.32e-167	471
KDHFCO_01260	IAFHMK_10245	64.3	375	130	2	1	375	1	371	5.12e-164	463
KDHFCO_01260	FMFGKO_09240	62.5	376	124	3	1	375	1	360	8.30e-159	450
KDHFCO_01260	DNKGCI_10355	62.3	379	126	4	1	376	1	365	9.59e-158	447
KDHFCO_01260	LBKFJK_08625	58.8	381	141	2	1	375	1	371	2.90e-152	434
KDHFCO_01260	DDDLLA_04570	60.3	380	134	4	1	375	1	368	6.49e-152	432
KDHFCO_01260	CNLKLD_03505	52.9	380	156	5	1	375	1	362	1.64e-131	380
KDHFCO_01265	ABCLFC_01325	99.2	239	1	1	1	238	1	239	6.42e-164	452
KDHFCO_01265	DDDLLA_04575	73.6	239	62	1	1	238	1	239	5.21e-122	346
KDHFCO_01270	AAKGEC_05325	94.0	84	5	0	1	84	1	84	3.03e-52	161
KDHFCO_01275	FHONGL_01275	100	108	0	0	1	108	1	108	1.12e-71	208
KDHFCO_01275	AAKGEC_05325	74.1	108	28	0	1	108	106	213	1.42e-52	163
KDHFCO_01280	AAKGEC_05330	97.3	219	6	0	1	219	1	219	2.19e-159	439
KDHFCO_01280	CNLKLD_03490	68.0	219	66	1	1	219	1	215	6.34e-110	313
KDHFCO_01285	AGINCK_05770	80.5	302	59	0	1	302	1	302	2.36e-172	479
KDHFCO_01285	IAFHMK_08365	60.1	301	120	0	1	301	1	301	5.92e-122	351
KDHFCO_01285	HNNKEJ_08690	54.6	304	134	2	2	301	1	304	5.97e-108	315
KDHFCO_01285	LBKFJK_03420	51.1	307	144	2	1	301	1	307	1.28e-100	297
KDHFCO_01290	ABCLFC_01345	99.7	292	1	0	1	292	1	292	3.66e-208	568
KDHFCO_01290	CNLKLD_03485	63.1	287	106	0	1	287	1	287	3.60e-125	358
KDHFCO_01290	HNNKEJ_08685	53.4	292	131	2	1	290	1	289	6.22e-104	304
KDHFCO_01290	IAFHMK_08370	49.3	294	140	3	1	290	1	289	3.92e-90	269
KDHFCO_01295	ABCLFC_01350	97.8	279	6	0	1	279	1	279	6.73e-193	528
KDHFCO_01295	MJPEDB_09075	40.1	282	163	2	1	279	1	279	1.19e-60	193
KDHFCO_01300	AAKGEC_05340	86.2	181	25	0	1	181	1	181	1.67e-108	307
KDHFCO_01300	CNLKLD_03480	53.9	178	82	0	1	178	1	178	3.25e-62	190
KDHFCO_01305	AMNNAF_11335	95.8	472	20	0	2	473	15	486	1.76e-312	848
KDHFCO_01305	IAFHMK_08395	58.1	468	196	0	3	470	16	483	1.03e-186	529
KDHFCO_01305	IAFHMK_07675	57.2	470	201	0	2	471	15	484	2.25e-178	508
KDHFCO_01305	CNLKLD_03475	52.1	468	224	0	3	470	16	483	1.06e-158	458
KDHFCO_01305	DDDLLA_01290	31.3	463	315	3	2	462	15	476	1.60e-66	221
KDHFCO_01305	AANGNE_01905	30.4	471	323	2	2	469	15	483	4.87e-66	219
KDHFCO_01305	DNKGCI_10150	29.9	455	318	1	2	455	16	470	3.94e-65	217
KDHFCO_01305	HNNKEJ_02285	29.5	468	325	2	2	466	15	480	2.43e-61	207
KDHFCO_01310	ABCLFC_01365	97.6	123	3	0	1	123	1	123	1.68e-71	209
KDHFCO_01320	AAKGEC_05360	93.7	268	17	0	1	268	1	268	3.39e-177	488
KDHFCO_01320	CDIIGJ_09545	59.6	267	108	0	1	267	1	267	6.64e-109	315
KDHFCO_01320	HNNKEJ_11800	57.4	265	111	1	1	265	5	267	1.42e-103	301
KDHFCO_01320	BGHOFK_02635	54.9	268	118	1	1	265	1	268	1.02e-94	279
KDHFCO_01320	LBKFJK_02525	37.8	262	153	2	4	261	3	258	3.87e-57	183
KDHFCO_01320	DNKGCI_10700	39.7	262	148	2	4	261	3	258	4.87e-55	178
KDHFCO_01320	EHLNLG_11535	37.6	263	154	2	3	261	2	258	3.06e-53	173
KDHFCO_01320	BGHOFK_02795	39.6	260	147	2	3	258	2	255	3.06e-52	171
KDHFCO_01320	AANGNE_03790	36.4	258	154	2	4	257	2	253	4.60e-49	162
KDHFCO_01320	EMAPBM_05680	35.9	262	158	2	4	261	3	258	5.36e-47	157
KDHFCO_01325	BGHOFK_02640	98.0	398	8	0	1	398	17	414	1.06e-278	756
KDHFCO_01330	ABNNBP_02190	100	224	0	0	1	224	1	224	7.91e-160	440
KDHFCO_01330	BEIADI_04645	42.0	219	126	1	4	221	2	220	2.37e-57	181
KDHFCO_01335	ABCBPP_01400	89.3	328	35	0	1	328	1	328	8.02e-221	603
KDHFCO_01335	JAFLJO_00505	70.8	329	95	1	1	328	1	329	3.52e-169	473
KDHFCO_01335	BJIKCJ_08765	43.2	329	183	3	2	328	5	331	9.09e-84	256
KDHFCO_01340	LKGJOH_01285	87.1	132	8	1	1	123	1	132	4.73e-73	213
KDHFCO_01340	GNPDOB_08160	96.9	97	3	0	1	97	1	97	1.62e-62	188
KDHFCO_01350	BJIKCJ_08765	96.0	250	10	0	4	253	83	332	3.31e-169	469
KDHFCO_01350	ABCBPP_01400	45.6	252	134	2	3	252	78	328	2.23e-65	206
KDHFCO_01350	JAFLJO_00505	44.7	253	136	2	3	252	78	329	9.15e-65	204
KDHFCO_01355	AAKGEC_05385	95.3	192	9	0	1	192	1	192	1.38e-126	353
KDHFCO_01355	JAFLJO_00520	75.3	190	47	0	1	190	1	190	4.38e-93	269
KDHFCO_01360	AAKGEC_05390	97.6	123	3	0	1	123	1	123	2.30e-78	226
KDHFCO_01360	JAFLJO_00525	63.3	120	44	0	4	123	3	122	8.57e-51	156
KDHFCO_01365	ABNNBP_02220	99.2	121	1	0	1	121	1	121	1.11e-84	242
KDHFCO_01365	AAKGEC_05395	95.9	97	4	0	1	97	39	135	9.36e-60	183
KDHFCO_01375	ABNNBP_02230	99.8	460	1	0	1	460	1	460	0.0	934
KDHFCO_01375	CNLKLD_07660	62.8	462	166	4	2	460	10	468	7.37e-213	594
KDHFCO_01375	CPFDGH_01620	93.7	238	15	0	1	238	1	238	5.41e-163	461
KDHFCO_01375	NIPMJN_08215	59.9	274	107	1	187	460	1	271	2.53e-115	339
KDHFCO_01375	CGMKCF_05085	89.6	163	16	1	298	460	80	241	1.07e-95	288
KDHFCO_01380	CGMKCF_05070	84.7	196	30	0	1	196	13	208	3.99e-115	327
KDHFCO_01380	KEMHDF_01300	84.7	196	30	0	1	196	1	196	3.22e-110	327
KDHFCO_01380	IAFHMK_07430	66.7	195	63	2	3	196	2	195	1.28e-86	254
KDHFCO_01380	HNNKEJ_10225	60.2	196	78	0	1	196	1	196	3.11e-81	241
KDHFCO_01380	DNKGCI_09480	61.2	196	76	0	1	196	1	196	3.88e-81	241
KDHFCO_01380	AANGNE_09825	60.2	196	75	1	1	196	1	193	4.54e-79	235
KDHFCO_01380	AMHKJB_13550	49.5	196	99	0	1	196	1	196	8.40e-67	204
KDHFCO_01385	AAKGEC_05415	87.9	380	46	0	1	380	1	380	4.49e-228	626
KDHFCO_01385	KEMHDF_01300	87.9	380	46	0	1	380	249	628	6.37e-224	625
KDHFCO_01385	IAFHMK_07435	54.5	387	163	5	1	380	1	381	2.25e-123	360
KDHFCO_01385	EIKFFD_09900	50.8	380	170	3	1	380	1	363	9.62e-113	333
KDHFCO_01385	DNKGCI_09475	49.9	397	176	6	1	380	1	391	1.55e-110	328
KDHFCO_01385	HNNKEJ_10220	46.7	420	178	5	1	380	1	414	6.68e-107	320
KDHFCO_01385	FDILLL_09550	44.9	343	154	5	1	332	1	319	3.07e-75	235
KDHFCO_01385	AMHKJB_13555	35.8	400	229	7	1	379	1	393	4.19e-66	214
KDHFCO_01390	HNNKEJ_11810	77.4	394	84	1	1	389	1	394	5.12e-219	604
KDHFCO_01390	CNLKLD_03450	73.5	388	102	1	1	388	1	387	8.01e-205	568
KDHFCO_01390	AANGNE_09280	72.0	389	109	0	1	389	1	389	2.23e-200	556
KDHFCO_01390	IAFHMK_08445	66.5	427	105	2	1	389	22	448	1.82e-192	539
KDHFCO_01390	DNKGCI_10635	68.5	390	122	1	1	389	32	421	4.01e-192	537
KDHFCO_01390	LBKFJK_08585	66.2	390	131	1	1	389	15	404	5.02e-184	516
KDHFCO_01390	MKICBC_13930	78.7	155	33	0	1	155	1	155	4.94e-82	247
KDHFCO_01395	AAKGEC_05425	91.4	640	55	0	1	640	1	640	0.0	1182
KDHFCO_01395	DDDLLA_10670	66.6	640	214	0	1	640	1	640	2.36e-317	874
KDHFCO_01395	CNLKLD_05420	61.6	638	241	2	4	640	30	664	1.59e-285	794
KDHFCO_01395	BEJELC_10195	44.6	635	347	4	2	633	3	635	4.25e-194	560
KDHFCO_01395	IAMLOO_03640	69.7	310	94	0	331	640	1	310	1.27e-159	460
KDHFCO_01405	CDIIGJ_09670	78.1	425	92	1	1	424	1	425	1.76e-236	651
KDHFCO_01405	AANGNE_09260	71.9	420	117	1	6	424	2	421	1.66e-212	590
KDHFCO_01405	DNKGCI_10660	71.3	411	118	0	8	418	4	414	1.20e-208	580
KDHFCO_01405	IAFHMK_08475	71.2	410	117	1	8	416	4	413	2.72e-207	577
KDHFCO_01405	CNLKLD_04610	70.0	414	123	1	6	418	2	415	3.04e-202	564
KDHFCO_01405	DDDLLA_04720	68.8	410	128	0	8	417	4	413	3.51e-202	564
KDHFCO_01410	FGPNLL_01315	96.7	275	2	1	1	275	1	268	1.40e-177	489
KDHFCO_01410	HNNKEJ_11855	69.5	275	84	0	1	275	1	275	9.02e-127	361
KDHFCO_01410	BGHOFK_02715	64.6	274	97	0	1	274	1	274	2.33e-110	319
KDHFCO_01410	IAFHMK_08465	63.8	276	94	3	1	273	7	279	1.20e-109	318
KDHFCO_01410	CDIIGJ_09675	63.0	276	100	1	1	274	1	276	2.91e-107	311
KDHFCO_01410	OFBCLB_11285	62.1	277	99	3	1	274	1	274	1.41e-105	307
KDHFCO_01410	JAFLJO_05085	60.1	276	106	2	1	274	1	274	3.80e-102	298
KDHFCO_01410	CNLKLD_04605	60.7	272	100	3	1	272	11	275	4.85e-99	291
KDHFCO_01410	LBKFJK_08565	58.8	274	108	3	4	274	4	275	3.13e-96	283
KDHFCO_01410	DNKGCI_10665	57.5	181	73	2	1	179	1	179	1.10e-57	183
KDHFCO_01415	AAKGEC_05445	83.8	136	22	0	1	136	1	136	7.03e-82	236
KDHFCO_01415	HNNKEJ_11860	68.4	136	43	0	1	136	1	136	1.17e-64	192
KDHFCO_01415	CDIIGJ_09680	67.6	136	44	0	1	136	1	136	2.74e-63	189
KDHFCO_01415	IAFHMK_08460	57.1	133	57	0	4	136	5	137	4.46e-53	163
KDHFCO_01415	DNKGCI_10675	50.0	136	68	0	1	136	1	136	1.62e-48	152
KDHFCO_01420	ABNNBP_02275	99.7	593	2	0	1	593	1	593	0.0	1104
KDHFCO_01420	CDIIGJ_09685	74.2	636	112	1	1	584	1	636	0.0	880
KDHFCO_01420	DNKGCI_10680	70.7	591	172	1	1	590	1	591	3.76e-290	801
KDHFCO_01420	EMAPBM_09010	36.8	551	344	3	20	569	21	568	8.10e-100	314
KDHFCO_01420	BNBIEO_02540	33.2	570	367	6	14	574	40	604	1.20e-94	301
KDHFCO_01420	AAKGEC_05730	32.2	577	369	7	12	574	11	579	2.31e-90	290
KDHFCO_01420	IAFHMK_09940	25.8	538	394	3	28	563	55	589	1.61e-57	202
KDHFCO_01420	HNNKEJ_11875	24.4	618	410	10	6	570	21	634	6.51e-53	191
KDHFCO_01420	CNLKLD_02765	26.3	555	385	10	20	570	62	596	6.13e-51	184
KDHFCO_01420	AANGNE_01510	25.4	531	363	11	54	570	66	577	1.23e-50	183
KDHFCO_01420	NGAPDN_04410	24.0	526	388	7	55	575	73	591	2.68e-49	180
KDHFCO_01420	FJJMED_07175	26.1	564	403	7	18	570	178	738	2.00e-48	179
KDHFCO_01420	AANGNE_08905	24.7	546	391	7	36	570	158	694	1.17e-47	177
KDHFCO_01420	HNNKEJ_12255	26.2	530	374	8	48	570	186	705	7.29e-46	172
KDHFCO_01420	DDDLLA_07465	27.4	562	387	9	18	569	22	572	1.71e-43	164
KDHFCO_01420	AMDFJK_02110	28.5	386	257	8	189	566	336	710	5.37e-42	160
KDHFCO_01420	AMLBPA_01235	25.5	510	352	10	60	555	224	719	6.14e-42	160
KDHFCO_01420	EMAPBM_09015	24.3	511	356	8	74	570	103	596	2.26e-41	157
KDHFCO_01420	LBKFJK_02080	25.8	535	369	9	49	564	71	596	3.35e-41	157
KDHFCO_01420	PLIDEH_04110	31.9	317	207	5	257	570	408	718	5.43e-41	158
KDHFCO_01420	AAKGEC_01790	26.4	598	400	14	20	592	22	604	1.53e-40	155
KDHFCO_01420	AAOIOD_04820	27.7	408	274	8	159	558	312	706	3.77e-40	155
KDHFCO_01425	HNNKEJ_11875	81.0	636	117	2	1	632	1	636	0.0	968
KDHFCO_01425	EMAPBM_09015	40.2	624	341	4	12	631	2	597	1.81e-140	421
KDHFCO_01425	AANGNE_08905	37.9	536	304	4	101	630	182	694	8.47e-110	345
KDHFCO_01425	HNNKEJ_12255	35.4	536	317	4	101	630	193	705	3.26e-98	315
KDHFCO_01425	IAFHMK_09940	31.7	530	331	7	105	630	94	596	1.86e-84	276
KDHFCO_01425	NGAPDN_04410	32.2	512	315	5	123	629	101	585	4.60e-77	256
KDHFCO_01425	AANGNE_01510	30.1	532	346	4	100	629	69	576	1.82e-75	251
KDHFCO_01425	CNLKLD_02765	29.7	569	365	5	66	629	57	595	1.01e-74	250
KDHFCO_01425	LBKFJK_02080	31.0	509	327	4	129	629	109	601	1.26e-73	247
KDHFCO_01425	IAFHMK_03340	29.2	531	346	4	103	629	86	590	1.37e-71	241
KDHFCO_01425	DDDLLA_07465	28.6	493	328	4	139	629	102	572	3.52e-67	230
KDHFCO_01425	BNBIEO_02540	29.7	546	338	8	101	632	89	602	4.69e-67	229
KDHFCO_01425	AAKGEC_01790	30.1	489	317	5	144	629	107	573	2.47e-66	228
KDHFCO_01425	AAKGEC_05730	27.3	604	403	10	35	632	4	577	1.44e-63	219
KDHFCO_01425	FJJMED_07175	28.3	534	353	4	107	630	225	738	2.96e-61	216
KDHFCO_01425	PLIDEH_04110	28.5	498	330	5	135	630	245	718	3.73e-59	211
KDHFCO_01425	ABNNBP_02275	26.9	572	392	8	64	631	22	571	5.91e-57	202
KDHFCO_01425	EMAPBM_09010	29.1	512	337	6	121	629	80	568	8.61e-57	201
KDHFCO_01425	CDIIGJ_09685	24.8	616	401	6	64	631	22	623	1.70e-55	199
KDHFCO_01425	DNKGCI_10680	26.6	572	395	7	64	631	22	572	2.04e-55	197
KDHFCO_01425	EOHHJN_03385	31.6	339	206	4	293	629	253	567	8.64e-52	187
KDHFCO_01425	AMFMEJ_11100	27.3	494	326	8	140	629	239	703	1.92e-42	162
KDHFCO_01425	CPLMAE_00305	37.4	235	143	3	394	627	356	587	5.05e-42	160
KDHFCO_01425	JFFJEL_12155	24.9	527	358	9	108	628	206	700	2.84e-41	159
KDHFCO_01425	PLDCIE_07790	35.5	234	148	3	397	629	477	708	3.47e-39	153
KDHFCO_01430	ABCLFC_01505	99.5	221	1	0	1	221	1	221	5.96e-149	412
KDHFCO_01430	BGHOFK_02735	78.3	198	43	0	20	217	22	219	8.18e-106	303
KDHFCO_01430	CDIIGJ_09700	76.9	199	46	0	22	220	24	222	1.91e-104	300
KDHFCO_01430	CNLKLD_05130	59.6	198	80	0	24	221	21	218	2.13e-79	236
KDHFCO_01430	DDDLLA_04750	46.0	211	114	0	9	219	12	222	1.76e-58	183
KDHFCO_01430	LBKFJK_08535	48.7	189	97	0	24	212	25	213	2.51e-56	178
KDHFCO_01430	DNKGCI_10695	45.3	201	110	0	18	218	16	216	1.16e-53	171
KDHFCO_01435	MFNPDC_09835	75.2	335	80	1	3	337	2	333	9.11e-190	525
KDHFCO_01435	AANGNE_06170	48.4	337	171	3	5	339	2	337	7.75e-114	333
KDHFCO_01435	IBNKIA_01385	89.6	125	13	0	1	125	1	125	3.59e-73	222
KDHFCO_01445	AANGNE_09235	82.3	158	28	0	1	158	1	158	1.19e-97	278
KDHFCO_01455	AAKGEC_05485	96.4	281	10	0	1	281	1	281	5.38e-200	546
KDHFCO_01455	DNKGCI_08600	66.3	279	93	1	1	278	1	279	4.25e-135	382
KDHFCO_01455	HNNKEJ_05950	64.4	270	95	1	13	281	1	270	4.32e-125	357
KDHFCO_01455	IAFHMK_02645	62.4	282	105	1	1	281	1	282	2.05e-121	348
KDHFCO_01455	LBKFJK_01770	61.3	282	108	1	1	281	2	283	3.49e-120	345
KDHFCO_01455	IAFHMK_06940	49.6	270	133	3	3	270	4	272	1.16e-78	239
KDHFCO_01455	EIKFFD_02290	45.7	267	139	5	3	265	2	266	1.08e-71	221
KDHFCO_01455	ABCBPP_06850	43.0	277	149	5	7	281	7	276	2.80e-68	213
KDHFCO_01455	AANGNE_05130	43.6	282	146	5	4	281	3	275	1.54e-67	211
KDHFCO_01455	CDIIGJ_01590	43.8	272	139	4	5	272	2	263	5.20e-67	209
KDHFCO_01455	CMMBIF_02665	41.5	282	148	6	6	280	3	274	5.36e-61	194
KDHFCO_01455	MJPEDB_02500	41.4	273	147	5	9	277	6	269	6.75e-61	194
KDHFCO_01455	BGHOFK_00970	39.4	284	158	4	3	281	5	279	1.85e-60	192
KDHFCO_01455	ABNNBP_07265	42.3	286	142	7	6	281	3	275	8.52e-60	191
KDHFCO_01455	LBKFJK_09485	38.1	260	148	4	9	266	7	255	2.08e-59	190
KDHFCO_01455	AAKGEC_11745	40.9	264	144	4	8	269	6	259	3.02e-59	189
KDHFCO_01455	HCCODA_06110	41.7	266	142	4	5	267	2	257	6.77e-59	189
KDHFCO_01455	MCFIIO_04210	39.2	268	149	4	3	266	1	258	7.73e-56	181
KDHFCO_01455	CGMKCF_02875	38.5	278	134	5	9	281	3	248	9.20e-56	179
KDHFCO_01455	DNKGCI_00585	39.2	268	140	4	6	266	5	256	1.23e-55	180
KDHFCO_01455	IAFHMK_03355	39.0	272	154	5	9	277	12	274	8.30e-50	165
KDHFCO_01455	KMLCHM_05630	40.0	280	146	7	7	278	15	280	3.38e-49	169
KDHFCO_01455	HNNKEJ_03150	37.7	273	160	4	8	278	11	275	9.18e-49	162
KDHFCO_01460	AAKGEC_05490	91.8	170	14	0	1	170	1	170	4.80e-114	320
KDHFCO_01460	LBKFJK_08510	75.1	169	42	0	1	169	1	169	5.19e-93	267
KDHFCO_01460	IAFHMK_08520	75.9	170	40	1	1	169	1	170	2.54e-91	263
KDHFCO_01460	CNLKLD_08310	68.6	169	53	0	1	169	1	169	2.49e-84	245
KDHFCO_01465	AAKGEC_05495	91.8	182	15	0	1	182	1	182	2.71e-119	334
KDHFCO_01465	AANGNE_04970	64.8	182	63	1	1	181	1	182	7.30e-85	247
KDHFCO_01465	DNKGCI_10950	64.1	184	64	2	1	182	1	184	8.20e-80	234
KDHFCO_01465	HNNKEJ_02995	60.9	184	70	2	1	182	1	184	1.10e-77	229
KDHFCO_01465	DDDLLA_03630	59.2	184	73	2	1	182	1	184	7.38e-76	224
KDHFCO_01465	LBKFJK_02510	60.3	184	71	2	1	182	1	184	6.03e-75	222
KDHFCO_01470	AAKGEC_05500	90.4	94	9	0	1	94	1	94	2.55e-57	171
KDHFCO_01475	CGMKCF_05690	87.2	445	49	2	1	437	1	445	5.05e-237	654
KDHFCO_01475	CDIIGJ_09730	72.2	439	115	2	1	437	1	434	7.65e-208	579
KDHFCO_01475	JAFLJO_04995	64.7	442	142	6	1	437	1	433	1.84e-147	426
KDHFCO_01475	LBKFJK_08505	52.1	443	196	5	1	437	1	433	2.57e-142	413
KDHFCO_01475	DDDLLA_08290	53.0	438	183	5	1	437	1	416	3.35e-141	409
KDHFCO_01475	DFOKEG_14585	51.9	437	194	7	1	434	1	424	6.23e-124	368
KDHFCO_01475	IAFHMK_10790	35.1	376	187	11	66	436	29	352	7.67e-49	169
KDHFCO_01475	DDDLLA_02340	32.8	378	214	10	62	436	25	365	4.00e-48	168
KDHFCO_01475	DNKGCI_05775	37.3	373	197	9	66	436	29	366	2.46e-41	150
KDHFCO_01480	LBKFJK_08495	84.9	741	104	2	15	747	15	755	0.0	1288
KDHFCO_01485	DNKGCI_10790	79.3	203	38	1	1	199	1	203	1.75e-122	344
KDHFCO_01485	DFCDFN_10345	72.2	216	42	1	1	198	1	216	1.22e-117	332
KDHFCO_01490	ABCLFC_01570	98.8	169	2	0	1	169	1	169	9.74e-118	329
KDHFCO_01490	HNNKEJ_12025	59.3	167	68	0	1	167	1	167	1.24e-62	190
KDHFCO_01490	CDIIGJ_09745	56.8	169	72	1	1	168	1	169	6.22e-59	181
KDHFCO_01490	BGHOFK_02780	54.2	168	76	1	1	168	1	167	1.67e-58	179
KDHFCO_01490	DNKGCI_08435	54.1	172	70	3	1	167	1	168	5.50e-57	176
KDHFCO_01490	IAFHMK_08545	55.4	168	72	2	1	168	1	165	1.38e-56	174
KDHFCO_01490	CNLKLD_03620	56.2	169	67	3	1	169	1	162	3.59e-56	173
KDHFCO_01490	LBKFJK_08445	53.5	172	75	3	1	167	1	172	5.07e-56	173
KDHFCO_01490	BDGMGM_05820	50.6	166	76	3	1	165	1	161	3.66e-48	153
KDHFCO_01490	DDDLLA_08260	49.7	169	83	2	1	168	1	168	9.50e-48	152
KDHFCO_01495	DANMKC_01700	99.4	358	2	0	1	358	1	358	1.58e-211	587
KDHFCO_01495	EHLNLG_10170	68.3	461	141	1	1	461	1	456	3.65e-174	496
KDHFCO_01495	ABNNBP_02365	99.2	131	1	0	331	461	14	144	5.16e-50	166
KDHFCO_01500	KEMHDF_01420	97.0	269	8	0	1	269	1	269	3.40e-182	507
KDHFCO_01500	DBMAKJ_12120	55.4	269	113	5	5	266	4	272	1.35e-86	264
KDHFCO_01505	KEMHDF_01420	95.1	103	5	0	1	103	309	411	4.79e-61	191
KDHFCO_01510	GGNLIA_01415	89.8	492	47	2	1	489	1	492	2.16e-314	853
KDHFCO_01525	AANGNE_09170	76.8	276	63	1	1	276	1	275	4.33e-149	417
KDHFCO_01525	CNLKLD_04640	73.6	277	67	2	1	276	1	272	4.60e-143	402
KDHFCO_01530	CNLKLD_04630	75.5	278	66	2	1	277	1	277	1.53e-146	412
KDHFCO_01530	BEGLKA_07635	97.2	143	4	0	1	143	1	143	1.10e-92	270
KDHFCO_01535	AANGNE_09160	82.7	266	46	0	1	266	1	266	6.46e-155	431
KDHFCO_01540	EIIOFH_04115	84.7	203	31	0	1	203	1	203	7.05e-127	356
KDHFCO_01540	CDIIGJ_09775	70.0	203	61	0	1	203	1	203	1.51e-101	291
KDHFCO_01540	HNNKEJ_12050	69.5	203	62	0	1	203	1	203	1.75e-100	288
KDHFCO_01540	IAFHMK_08565	63.5	203	74	0	1	203	1	203	5.83e-92	267
KDHFCO_01540	DNKGCI_08455	58.3	204	84	1	1	203	1	204	1.87e-81	240
KDHFCO_01540	CNLKLD_04620	57.1	203	86	1	1	203	1	202	6.55e-77	229
KDHFCO_01540	DDDLLA_08240	55.2	203	90	1	1	202	1	203	4.64e-75	224
KDHFCO_01540	LBKFJK_08425	57.0	172	73	1	1	171	1	172	1.44e-66	201
KDHFCO_01545	BGHOFK_02850	72.3	256	46	3	1	256	1	231	1.55e-65	203
KDHFCO_01545	NHHNJB_01115	94.8	97	5	0	1	97	1	97	1.38e-60	186
KDHFCO_01550	AAKGEC_05560	86.7	375	50	0	1	375	1	375	1.84e-243	665
KDHFCO_01550	AAOIOD_01845	58.6	370	152	1	4	372	8	377	8.44e-161	455
KDHFCO_01550	DNKGCI_01305	34.2	366	228	8	3	363	9	366	4.46e-60	198
KDHFCO_01550	HNNKEJ_05130	35.3	365	222	8	4	363	10	365	1.52e-59	197
KDHFCO_01550	IAFHMK_07275	35.8	369	215	10	4	363	10	365	1.74e-59	196
KDHFCO_01550	IAFHMK_07090	34.8	342	208	7	5	341	8	339	5.24e-58	192
KDHFCO_01550	ABCBPP_13855	32.1	374	235	9	4	365	18	384	1.58e-57	192
KDHFCO_01550	BGHOFK_09310	32.6	377	231	11	4	366	18	385	4.81e-57	191
KDHFCO_01550	BGHOFK_05020	32.6	365	230	8	4	363	11	364	5.97e-52	177
KDHFCO_01555	ABNNBP_02420	100	373	0	0	1	373	1	373	4.60e-261	709
KDHFCO_01555	BGHOFK_02860	58.1	375	143	3	1	373	25	387	2.14e-143	411
KDHFCO_01555	EGEBJK_02250	74.5	282	72	0	3	284	2	283	2.72e-140	400
KDHFCO_01555	HNNKEJ_02910	50.9	369	160	3	26	373	9	377	6.76e-112	331
KDHFCO_01555	DNKGCI_02015	49.7	374	184	4	2	372	5	377	1.98e-111	330
KDHFCO_01555	CDIIGJ_05660	49.0	396	156	5	18	373	3	392	5.03e-110	327
KDHFCO_01555	PLNMDF_10610	51.4	366	161	5	10	372	6	357	2.50e-107	318
KDHFCO_01555	CCDPJE_10090	49.0	357	167	4	16	371	9	351	5.83e-107	317
KDHFCO_01555	JEKAEJ_08045	49.2	356	168	2	16	371	7	349	1.10e-106	317
KDHFCO_01555	CNLKLD_04080	48.5	371	178	2	13	373	6	373	3.72e-105	313
KDHFCO_01555	PLBPOI_10225	46.3	365	179	2	8	372	11	358	1.54e-103	309
KDHFCO_01555	DDDLLA_00005	48.0	371	181	5	7	372	9	372	3.87e-102	306
KDHFCO_01555	LBKFJK_04150	47.0	372	191	6	5	372	4	373	1.33e-97	294
KDHFCO_01555	AGHDIE_09655	47.7	308	144	3	76	372	41	342	8.77e-88	268
KDHFCO_01555	MMHDPA_10130	42.3	371	179	7	10	373	2	344	1.63e-85	262
KDHFCO_01555	FFDIKI_10370	72.3	141	39	0	232	372	1	141	5.08e-68	210
KDHFCO_01555	OFBCLB_09270	50.8	199	98	0	174	372	167	365	7.71e-60	197
KDHFCO_01555	IAFHMK_06860	50.8	199	98	0	174	372	224	422	1.34e-57	192
KDHFCO_01555	LBKFJK_07890	46.2	197	105	1	176	372	138	333	5.90e-53	178
KDHFCO_01555	DBJPJM_06415	44.7	199	109	1	173	371	276	473	6.04e-50	174
KDHFCO_01555	CJHCCN_04535	44.7	199	109	1	173	371	272	469	1.09e-49	173
KDHFCO_01575	ABCLFC_01650	98.1	474	9	0	1	474	1	474	0.0	893
KDHFCO_01575	JDLPKP_06635	58.4	476	195	1	2	474	11	486	8.76e-181	514
KDHFCO_01575	IAFHMK_00110	45.5	473	253	2	3	474	28	496	6.12e-129	382
KDHFCO_01575	IHNEIG_12050	33.1	480	283	15	16	473	12	475	1.70e-45	164
KDHFCO_01580	AGDPFD_07695	93.1	203	14	0	1	203	20	222	6.34e-135	376
KDHFCO_01585	LBKFJK_08390	77.7	712	150	1	1	712	1	703	0.0	1052
KDHFCO_01590	BPNNAG_02670	83.4	145	24	0	1	145	21	165	5.08e-91	261
KDHFCO_01590	HNNKEJ_12110	72.5	142	39	0	1	142	1	142	1.83e-75	221
KDHFCO_01590	PELOCJ_04500	66.2	142	44	2	2	141	1	140	1.09e-66	198
KDHFCO_01590	DDDLLA_08205	65.0	140	47	1	3	142	7	144	5.70e-65	194
KDHFCO_01590	DNKGCI_08530	63.6	143	50	1	3	145	9	149	7.17e-62	186
KDHFCO_01590	LBKFJK_08385	64.0	139	48	1	2	140	8	144	4.55e-61	184
KDHFCO_01595	AAKGEC_05600	90.1	344	34	0	1	344	1	344	3.83e-227	620
KDHFCO_01595	HNNKEJ_12115	73.2	343	91	1	1	343	1	342	1.79e-181	505
KDHFCO_01595	CCDPJE_04485	71.5	347	94	3	1	344	1	345	1.14e-175	491
KDHFCO_01595	IAFHMK_08640	69.5	344	103	2	1	344	1	342	1.39e-171	480
KDHFCO_01595	DNKGCI_08535	68.0	341	108	1	2	342	1	340	1.48e-168	472
KDHFCO_01595	CNLKLD_02985	64.9	345	119	1	1	343	1	345	1.40e-162	457
KDHFCO_01595	OFBCLB_11440	63.1	344	127	0	1	344	1	344	1.54e-154	437
KDHFCO_01600	ABNNBP_02465	100	145	0	0	1	145	1	145	1.20e-104	294
KDHFCO_01600	HNNKEJ_12120	65.5	145	50	0	1	145	1	145	1.46e-64	193
KDHFCO_01605	ABCLFC_01685	100	116	0	0	1	116	1	116	4.24e-78	225
KDHFCO_01605	HNNKEJ_12125	75.7	115	28	0	1	115	1	115	3.09e-58	175
KDHFCO_01610	ENIHOO_01595	99.6	561	1	1	1	560	1	561	0.0	1100
KDHFCO_01610	CEFOCI_09510	35.8	551	345	6	12	556	4	551	2.95e-120	366
KDHFCO_01615	ABCLFC_01695	97.6	83	2	0	1	83	1	83	7.54e-54	161
KDHFCO_01620	AAKGEC_05620	90.0	241	24	0	1	241	1	241	2.01e-150	418
KDHFCO_01620	HNNKEJ_12140	71.5	242	68	1	1	241	1	242	8.08e-118	335
KDHFCO_01620	DNKGCI_08560	69.3	241	74	0	1	241	1	241	8.61e-115	328
KDHFCO_01620	OFBCLB_11455	67.2	241	79	0	1	241	1	241	5.19e-109	313
KDHFCO_01620	AANGNE_08965	65.1	241	79	2	1	241	1	236	5.58e-105	303
KDHFCO_01620	CNLKLD_01065	63.0	243	86	4	1	241	1	241	1.06e-96	282
KDHFCO_01625	BGHOFK_04625	87.8	188	23	0	1	188	1	188	1.48e-120	338
KDHFCO_01625	IAFHMK_08670	69.7	188	52	1	1	188	1	183	2.57e-90	261
KDHFCO_01625	DDDLLA_08180	64.4	188	62	1	1	188	1	183	2.74e-83	244
KDHFCO_01625	AANGNE_08960	59.0	188	72	1	1	188	1	183	2.87e-78	231
KDHFCO_01625	CNLKLD_01060	53.4	189	80	3	3	188	4	187	1.64e-64	197
KDHFCO_01630	AAKGEC_05630	74.4	156	40	0	1	156	1	156	2.98e-83	241
KDHFCO_01630	CDIIGJ_09965	71.2	132	38	0	25	156	5	136	7.15e-66	196
KDHFCO_01630	BGHOFK_04620	68.2	132	42	0	25	156	16	147	2.16e-60	183
KDHFCO_01630	HNNKEJ_12150	56.4	156	63	2	1	156	1	151	1.20e-53	166
KDHFCO_01635	AANGNE_08950	80.1	342	64	3	1	341	1	339	4.34e-192	531
KDHFCO_01645	LCPCCG_07505	81.8	253	34	1	10	262	1	241	9.89e-143	399
KDHFCO_01645	BGHOFK_04605	66.0	262	89	0	1	262	1	262	5.43e-124	353
KDHFCO_01645	CDIIGJ_09985	66.0	262	89	0	1	262	1	262	4.21e-121	345
KDHFCO_01645	HNNKEJ_12170	58.3	264	108	1	1	262	3	266	3.50e-100	293
KDHFCO_01645	LBKFJK_08270	52.5	265	124	1	1	263	1	265	4.41e-95	280
KDHFCO_01645	AANGNE_08940	54.3	265	118	2	1	262	1	265	1.30e-94	278
KDHFCO_01645	CNLKLD_01015	46.9	260	136	1	5	262	4	263	1.46e-80	243
KDHFCO_01645	DNKGCI_08585	48.9	266	132	3	1	262	1	266	1.84e-79	240
KDHFCO_01650	ABCBPP_02025	93.4	349	23	0	1	349	1	349	2.51e-230	629
KDHFCO_01655	AAKGEC_05665	95.9	246	10	0	1	246	1	246	4.16e-166	458
KDHFCO_01655	IAFHMK_08785	38.2	241	128	5	18	239	37	275	4.03e-46	157
KDHFCO_01655	AANGNE_02185	38.4	216	124	3	18	233	20	226	8.64e-46	152
KDHFCO_01655	CJHCCN_05470	39.4	226	124	5	1	225	1	214	2.46e-44	152
KDHFCO_01660	COJBJG_01010	81.5	270	50	0	1	270	1	270	4.54e-148	414
KDHFCO_01660	DPMHNO_06260	98.9	87	1	0	184	270	1	87	3.07e-50	159
KDHFCO_01665	ABCLFC_01785	98.9	273	3	0	1	273	1	273	5.67e-182	500
KDHFCO_01665	COJBJG_01010	44.1	270	139	6	5	273	14	272	8.98e-54	175
KDHFCO_01670	ABCLFC_01790	97.1	520	15	0	1	520	1	520	0.0	998
KDHFCO_01670	OFBCLB_11625	73.9	518	135	0	2	519	1	518	1.46e-285	783
KDHFCO_01670	HNNKEJ_12220	68.9	521	158	2	1	520	1	518	1.08e-268	740
KDHFCO_01670	HDKJGO_02400	64.4	519	184	1	2	520	1	518	1.20e-247	687
KDHFCO_01680	ANFPEE_06180	93.8	160	10	0	1	160	1	160	1.76e-107	303
KDHFCO_01680	DNKGCI_00965	71.9	160	45	0	1	160	1	160	5.68e-83	241
KDHFCO_01680	IAFHMK_08690	69.4	160	49	0	1	160	1	160	5.42e-81	236
KDHFCO_01680	DDDLLA_05390	69.6	158	48	0	1	158	1	158	5.42e-81	236
KDHFCO_01680	BGHOFK_04595	71.3	160	46	0	1	160	1	160	6.31e-80	233
KDHFCO_01680	CNLKLD_01010	69.3	150	46	0	9	158	8	157	9.04e-73	215
KDHFCO_01680	CNLKLD_01005	49.4	158	77	1	1	158	1	155	2.13e-52	163
KDHFCO_01685	AAKGEC_05695	97.0	297	9	0	1	297	1	297	2.82e-205	582
KDHFCO_01685	DDDLLA_05395	81.8	297	54	0	1	297	1	297	6.14e-169	489
KDHFCO_01690	AGINCK_04435	99.3	447	3	0	1	447	1	447	3.64e-316	854
KDHFCO_01695	AGINCK_04430	100	227	0	0	2	228	2	228	2.02e-164	452
KDHFCO_01695	FJJMED_07195	48.7	226	109	4	2	227	7	225	2.93e-65	201
KDHFCO_01700	AGINCK_04425	97.8	89	2	0	1	89	594	682	3.55e-50	166
KDHFCO_01705	BIHALF_03385	94.6	355	19	0	1	355	118	472	1.47e-232	642
KDHFCO_01705	JEJJDG_08175	95.4	305	14	0	1	305	1	305	1.93e-203	560
KDHFCO_01705	DFCDFN_10520	72.7	355	97	0	1	355	1	355	2.97e-179	502
KDHFCO_01705	CNLKLD_00965	66.5	355	119	0	1	355	1	355	2.25e-163	462
KDHFCO_01705	EIKFFD_01250	63.5	353	129	0	3	355	4	356	1.12e-156	445
KDHFCO_01705	DDDLLA_02350	65.2	351	122	0	5	355	7	357	3.83e-154	439
KDHFCO_01705	BEIAAA_05820	60.3	355	141	0	3	357	4	358	3.31e-142	409
KDHFCO_01705	DANMKC_02190	98.3	174	3	0	182	355	1	174	5.71e-108	314
KDHFCO_01705	KEJEGF_09260	33.0	351	229	3	4	354	3	347	1.58e-49	170
KDHFCO_01710	AAKGEC_05705	92.4	157	12	0	1	157	1	157	1.58e-99	282
KDHFCO_01710	HNNKEJ_05930	59.7	149	60	0	8	156	4	152	3.66e-58	177
KDHFCO_01710	DDDLLA_02355	59.1	149	61	0	6	154	2	150	5.20e-53	164
KDHFCO_01710	IAFHMK_08715	53.2	156	73	0	1	156	1	156	2.32e-50	158
KDHFCO_01710	AANGNE_08920	53.0	149	70	0	6	154	2	150	2.15e-47	150
KDHFCO_01715	BGHOFK_04575	81.4	424	78	1	1	424	1	423	1.67e-242	666
KDHFCO_01715	DNKGCI_00955	67.6	423	116	2	1	421	1	404	2.61e-189	531
KDHFCO_01715	IAFHMK_08720	63.8	420	129	3	6	424	6	403	5.53e-181	509
KDHFCO_01715	BNBIEO_02545	62.9	421	135	2	4	424	7	406	4.89e-179	505
KDHFCO_01715	CNLKLD_00950	63.0	411	129	3	9	419	9	396	3.26e-167	474
KDHFCO_01715	AIKIDN_09685	55.3	282	126	0	7	288	7	288	1.33e-98	296
KDHFCO_01715	EOLLIN_00815	82.0	172	31	0	253	424	1	172	6.25e-93	277
KDHFCO_01715	DBFGIH_07550	52.7	281	133	0	9	289	9	289	3.01e-92	280
KDHFCO_01720	AAKGEC_05715	96.6	116	4	0	1	116	1	116	2.28e-77	223
KDHFCO_01725	AAKGEC_05730	86.5	579	78	0	1	579	1	579	0.0	960
KDHFCO_01725	BNBIEO_02540	67.9	579	184	2	1	579	28	604	2.04e-267	743
KDHFCO_01725	ABNNBP_02275	33.6	529	334	5	59	579	55	574	1.39e-92	295
KDHFCO_01725	EMAPBM_09010	33.9	522	331	6	64	578	58	572	5.55e-86	278
KDHFCO_01725	DNKGCI_10680	31.1	578	375	7	11	579	12	575	9.55e-83	270
KDHFCO_01725	CDIIGJ_09685	29.6	584	336	7	59	579	55	626	2.73e-78	259
KDHFCO_01725	DDDLLA_07465	32.2	484	314	5	96	575	100	573	1.12e-65	224
KDHFCO_01725	HNNKEJ_11875	27.7	610	401	10	2	577	33	636	7.40e-65	223
KDHFCO_01725	EMAPBM_09015	27.6	547	378	9	37	576	62	597	1.90e-63	218
KDHFCO_01725	IAFHMK_09940	27.3	587	388	9	4	574	32	595	1.76e-59	207
KDHFCO_01725	AAKGEC_01790	31.1	421	282	3	159	575	158	574	1.81e-55	197
KDHFCO_01725	PHNKGJ_05220	94.9	98	5	0	1	98	1	98	5.22e-55	181
KDHFCO_01725	AANGNE_08905	26.9	547	388	7	32	574	155	693	1.55e-52	190
KDHFCO_01725	FJJMED_07175	31.4	398	244	6	191	570	347	733	8.46e-49	180
KDHFCO_01725	AMDFJK_02110	31.2	381	250	7	194	570	337	709	3.72e-47	175
KDHFCO_01725	PLIDEH_04110	35.8	268	170	2	308	574	451	717	3.11e-46	173
KDHFCO_01725	CJHCCN_07670	35.6	264	166	3	308	571	436	695	3.60e-45	169
KDHFCO_01725	AMFMEJ_11100	33.5	245	158	3	334	577	466	706	4.32e-42	160
KDHFCO_01725	PLDCIE_07790	36.4	236	148	2	336	571	472	705	2.66e-41	158
KDHFCO_01725	EOHHJN_03385	35.4	240	152	2	337	574	329	567	3.59e-41	156
KDHFCO_01730	HNNKEJ_12255	82.6	714	68	4	1	664	1	708	0.0	1107
KDHFCO_01730	AANGNE_08905	69.1	703	163	4	10	664	1	697	0.0	897
KDHFCO_01730	HNNKEJ_11875	35.1	539	317	3	151	662	103	635	3.13e-105	332
KDHFCO_01730	EMAPBM_09015	37.6	495	293	7	174	662	113	597	9.13e-95	304
KDHFCO_01730	LBKFJK_02080	32.1	505	310	10	177	660	109	601	3.60e-71	241
KDHFCO_01730	IAFHMK_03340	31.2	491	325	5	176	662	111	592	1.98e-69	236
KDHFCO_01730	NGAPDN_04410	26.6	515	371	4	149	662	79	587	9.91e-64	221
KDHFCO_01730	AAKGEC_01790	31.0	491	327	5	177	662	92	575	1.62e-62	218
KDHFCO_01730	FJJMED_07175	29.0	497	336	4	178	662	248	739	1.02e-60	216
KDHFCO_01730	BNBIEO_02540	27.1	521	363	6	148	660	88	599	2.85e-60	212
KDHFCO_01730	CNLKLD_02765	27.9	488	344	4	177	662	116	597	9.30e-60	210
KDHFCO_01730	DDDLLA_07570	30.5	475	312	8	188	657	253	714	2.83e-57	206
KDHFCO_01730	DDDLLA_07465	28.0	489	343	4	177	662	92	574	1.28e-56	202
KDHFCO_01730	AAOIOD_04820	29.9	479	312	7	187	657	251	713	1.86e-56	203
KDHFCO_01730	AMLBPA_01235	30.3	478	315	8	187	659	268	732	3.17e-56	203
KDHFCO_01730	PLIDEH_04110	29.5	488	327	7	180	661	242	718	8.45e-55	199
KDHFCO_01730	AMFMEJ_11100	28.6	472	325	7	188	657	239	700	1.04e-54	198
KDHFCO_01730	PLDCIE_07790	30.2	506	324	13	163	657	218	705	1.37e-51	189
KDHFCO_01730	OFBCLB_00055	29.6	476	315	9	188	657	252	713	1.30e-50	187
KDHFCO_01730	ABNNBP_02275	26.1	491	350	7	176	660	86	569	4.01e-49	181
KDHFCO_01730	AMDFJK_02110	28.0	479	336	5	180	656	238	709	9.57e-49	181
KDHFCO_01730	CPLMAE_00305	36.7	297	179	6	363	657	297	586	4.11e-47	175
KDHFCO_01730	JFFJEL_12155	26.8	522	346	14	156	659	197	700	1.67e-46	175
KDHFCO_01730	EMAPBM_09010	25.6	523	374	6	148	664	59	572	1.50e-45	170
KDHFCO_01730	EOHHJN_03385	32.6	331	209	7	338	660	243	567	1.27e-44	167
KDHFCO_01735	AIPJBK_01780	98.3	421	6	1	1	420	1	421	3.41e-290	786
KDHFCO_01735	CNLKLD_04550	40.8	422	246	4	1	420	1	420	8.56e-104	313
KDHFCO_01740	AAKGEC_05745	100	72	0	0	1	72	1	72	4.55e-50	150
KDHFCO_01745	AAKGEC_05755	80.1	216	43	0	1	216	1	216	1.08e-128	361
KDHFCO_01745	MKCKPI_02540	77.1	109	25	0	1	109	1	109	1.75e-54	170
KDHFCO_01750	DDDLLA_05440	98.1	570	11	0	1	570	13	582	0.0	1064
KDHFCO_01750	AGINCK_04410	28.6	595	393	14	2	571	10	597	6.05e-63	217
KDHFCO_01755	DDDLLA_05430	87.1	294	37	1	1	293	119	412	2.17e-171	480
KDHFCO_01755	IAFHMK_08240	64.2	293	105	0	1	293	119	411	1.05e-120	351
KDHFCO_01755	IAFHMK_08250	39.2	291	171	2	1	291	114	398	1.44e-59	194
KDHFCO_01760	AAKGEC_05765	94.9	118	6	0	1	118	1	118	1.07e-67	199
KDHFCO_01760	IAFHMK_08755	68.6	118	37	0	1	118	1	118	1.70e-48	150
KDHFCO_01765	AAKGEC_05770	95.6	182	8	0	1	182	1	182	4.14e-114	321
KDHFCO_01765	DNKGCI_00925	70.7	181	53	0	1	181	1	181	2.27e-86	251
KDHFCO_01765	BGHOFK_04540	71.4	182	52	0	1	182	1	182	3.62e-85	248
KDHFCO_01765	DDDLLA_05450	69.6	181	55	0	1	181	1	181	5.59e-80	235
KDHFCO_01765	AANGNE_06285	55.2	181	81	0	1	181	1	181	4.01e-63	192
KDHFCO_01765	CNLKLD_00575	53.3	182	85	0	1	182	1	182	5.78e-58	179
KDHFCO_01770	BKOEEG_01850	98.7	158	2	0	1	158	30	187	4.02e-109	308
KDHFCO_01775	BCIBOL_01580	93.7	175	11	0	1	175	1	175	3.05e-108	306
KDHFCO_01775	DDDLLA_05460	50.0	178	86	2	1	178	1	175	1.45e-47	152
KDHFCO_01775	CNLKLD_00565	47.4	173	87	1	4	176	2	170	3.44e-47	151
KDHFCO_01780	CGMKCF_02540	97.9	289	3	1	1	286	1	289	1.75e-190	523
KDHFCO_01780	DDDLLA_05475	71.6	285	81	0	1	285	1	285	5.39e-138	390
KDHFCO_01780	IAFHMK_08775	68.5	286	87	2	1	285	1	284	2.30e-127	363
KDHFCO_01780	AAKGEC_05800	57.5	287	119	2	1	285	1	286	3.27e-108	315
KDHFCO_01780	IAFHMK_08780	58.0	286	119	1	1	285	1	286	1.87e-107	313
KDHFCO_01780	CNLKLD_00560	57.7	286	118	2	1	285	1	284	7.33e-107	311
KDHFCO_01780	BAFONJ_06385	56.5	285	121	1	1	285	1	282	8.46e-106	308
KDHFCO_01780	BEJELC_09410	52.1	288	135	2	1	285	1	288	1.76e-103	303
KDHFCO_01780	DDDLLA_05485	58.8	262	105	1	24	285	24	282	1.79e-99	292
KDHFCO_01780	DNKGCI_00900	51.4	288	137	3	1	285	1	288	9.49e-96	283
KDHFCO_01780	DDDLLA_03420	49.3	288	142	2	1	285	1	287	1.05e-92	275
KDHFCO_01780	IAFHMK_05095	52.3	285	134	1	1	285	1	283	1.45e-91	272
KDHFCO_01780	HNNKEJ_04280	49.5	287	141	2	1	284	1	286	2.95e-87	261
KDHFCO_01785	CGMKCF_02540	75.7	288	67	1	1	285	1	288	3.47e-151	424
KDHFCO_01785	DDDLLA_05475	70.3	286	85	0	1	286	1	286	3.27e-139	393
KDHFCO_01785	IAFHMK_08775	66.8	286	94	1	1	286	1	285	1.27e-131	374
KDHFCO_01785	BAFONJ_06385	60.5	286	110	1	1	286	1	283	1.83e-119	343
KDHFCO_01785	CNLKLD_00560	59.1	286	116	1	1	286	1	285	3.01e-118	340
KDHFCO_01785	AAKGEC_05800	58.0	286	119	1	1	285	1	286	1.69e-115	333
KDHFCO_01785	BEJELC_09410	54.5	288	128	2	1	285	1	288	5.61e-112	324
KDHFCO_01785	DNKGCI_00900	54.4	287	128	3	1	284	1	287	2.84e-107	312
KDHFCO_01785	DDDLLA_05485	57.6	283	115	2	4	284	2	281	3.30e-107	312
KDHFCO_01785	IAFHMK_08780	53.1	286	133	1	1	285	1	286	1.76e-105	308
KDHFCO_01785	IAFHMK_05095	53.1	286	132	1	1	286	1	284	1.25e-102	300
KDHFCO_01785	DDDLLA_03420	51.6	287	137	2	1	285	1	287	4.86e-101	296
KDHFCO_01785	HNNKEJ_04280	49.3	286	143	2	1	284	1	286	6.92e-96	283
KDHFCO_01785	BEGLKA_07965	53.2	139	64	1	1	138	1	139	8.10e-47	154
KDHFCO_01790	BEJELC_09410	92.0	289	20	2	1	287	1	288	3.96e-187	514
KDHFCO_01790	IAFHMK_08780	71.8	287	80	1	1	287	1	286	2.17e-142	401
KDHFCO_01790	DNKGCI_00900	66.7	288	95	1	1	287	1	288	1.48e-138	392
KDHFCO_01790	IAFHMK_08775	56.4	287	122	2	1	287	1	284	2.13e-111	323
KDHFCO_01790	DDDLLA_05475	56.1	287	124	2	1	287	1	285	1.46e-109	318
KDHFCO_01790	AAKGEC_05800	52.1	288	135	3	1	287	1	286	2.43e-103	302
KDHFCO_01790	CGMKCF_02540	51.4	290	136	3	1	287	1	288	3.56e-101	297
KDHFCO_01790	CNLKLD_00560	50.9	287	138	2	1	287	1	284	3.35e-98	289
KDHFCO_01790	BAFONJ_06385	49.1	287	141	2	1	287	1	282	3.85e-92	274
KDHFCO_01790	IAFHMK_05095	46.0	287	151	2	1	287	1	283	9.86e-90	268
KDHFCO_01790	DDDLLA_05485	46.5	284	149	2	4	287	2	282	3.01e-88	264
KDHFCO_01790	HNNKEJ_04280	44.4	286	157	2	2	286	2	286	4.33e-87	261
KDHFCO_01790	DDDLLA_03420	44.1	288	159	2	1	287	1	287	2.47e-86	259
KDHFCO_01795	ABCLFC_01910	97.7	256	6	0	1	256	1	256	3.56e-172	474
KDHFCO_01795	AAKGEC_07270	46.1	256	135	1	1	256	1	253	1.90e-66	206
KDHFCO_01795	KIDCCO_05550	44.6	251	136	1	6	256	348	595	1.46e-58	195
KDHFCO_01800	AAKGEC_05800	87.2	288	33	2	1	286	1	286	4.69e-176	486
KDHFCO_01800	IAFHMK_05095	67.5	286	90	1	1	286	1	283	1.36e-135	384
KDHFCO_01800	DDDLLA_05485	63.3	283	102	2	4	286	2	282	2.18e-129	368
KDHFCO_01800	IAFHMK_08775	61.5	286	108	1	1	286	1	284	3.37e-122	350
KDHFCO_01800	DDDLLA_05475	59.1	286	116	1	1	286	1	285	1.95e-114	330
KDHFCO_01800	CGMKCF_02540	56.3	288	124	1	1	286	1	288	8.94e-109	316
KDHFCO_01800	BAFONJ_06385	54.9	286	125	2	1	286	1	282	2.09e-106	310
KDHFCO_01800	BEJELC_09410	52.1	288	136	2	1	286	1	288	9.36e-106	308
KDHFCO_01800	IAFHMK_08780	56.1	287	124	2	1	286	1	286	1.76e-105	308
KDHFCO_01800	CNLKLD_00560	54.5	288	125	2	1	286	1	284	1.14e-98	290
KDHFCO_01800	DNKGCI_00900	51.7	288	137	2	1	286	1	288	2.04e-97	287
KDHFCO_01800	BEGLKA_07965	97.9	143	3	0	1	143	1	143	6.70e-97	281
KDHFCO_01800	DDDLLA_03420	46.7	287	152	1	1	286	1	287	1.47e-87	262
KDHFCO_01800	HNNKEJ_04280	46.7	285	151	1	2	285	2	286	2.38e-86	259
KDHFCO_01805	AAKGEC_05805	98.1	368	7	0	1	368	1	368	5.29e-253	688
KDHFCO_01805	CNLKLD_00555	75.3	365	89	1	1	364	1	365	1.34e-191	533
KDHFCO_01805	IAFHMK_08785	70.3	377	98	3	1	363	1	377	2.39e-178	499
KDHFCO_01805	AANGNE_01045	64.4	362	115	2	3	360	2	353	1.74e-158	448
KDHFCO_01805	AAKGEC_12175	40.9	257	131	5	4	260	5	240	3.30e-53	176
KDHFCO_01805	AANGNE_02185	38.1	260	140	5	1	260	1	239	4.09e-51	170
KDHFCO_01805	AAKGEC_12360	37.9	256	138	5	5	260	7	241	7.90e-48	162
KDHFCO_01805	AANGNE_03680	39.7	257	137	7	4	260	1	239	4.26e-45	155
KDHFCO_01810	AAKGEC_05810	100	231	0	0	1	231	1	231	1.17e-144	402
KDHFCO_01810	AANGNE_01050	64.1	231	83	0	1	231	1	231	4.01e-94	275
KDHFCO_01810	CNLKLD_00550	66.7	231	76	1	1	231	1	230	1.01e-84	251
KDHFCO_01815	OCIPFJ_01930	99.5	182	1	0	1	182	7	188	1.32e-125	350
KDHFCO_01815	DDDLLA_01320	51.6	182	86	2	1	182	1	180	8.21e-60	184
KDHFCO_01820	PLDCIE_10175	96.6	565	1	1	1	565	1	547	0.0	1045
KDHFCO_01820	HNNKEJ_12610	72.4	557	154	0	1	557	1	557	2.36e-291	801
KDHFCO_01820	IAFHMK_08800	69.9	565	170	0	1	565	1	565	2.61e-283	781
KDHFCO_01820	DDDLLA_01315	49.5	552	269	7	5	548	6	555	4.37e-169	491
KDHFCO_01820	LBKFJK_01875	47.8	577	280	9	2	565	3	571	2.27e-166	484
KDHFCO_01825	AAKGEC_05825	70.3	273	81	0	1	273	1	273	5.71e-117	336
KDHFCO_01825	DDDLLA_01310	47.8	272	137	2	6	272	3	274	4.68e-82	247
KDHFCO_01835	AGINCK_05250	95.2	250	12	0	1	250	10	259	2.86e-168	464
KDHFCO_01835	IAFHMK_08815	72.6	248	68	0	1	248	1	248	3.21e-126	357
KDHFCO_01835	DNKGCI_00875	67.7	248	80	0	3	250	12	259	3.78e-120	342
KDHFCO_01835	AANGNE_02560	69.6	247	75	0	3	249	12	258	5.55e-120	342
KDHFCO_01835	CNLKLD_00545	63.1	249	92	0	1	249	10	258	2.50e-111	320
KDHFCO_01835	ABIMCM_04370	45.0	240	131	1	1	240	13	251	1.63e-67	209
KDHFCO_01835	DDDLLA_05525	41.6	233	132	2	2	233	9	238	5.67e-55	176
KDHFCO_01835	EIKFFD_02925	37.9	232	142	2	1	231	9	239	2.92e-48	159
KDHFCO_01835	HNNKEJ_04655	36.2	232	144	2	3	233	11	239	2.69e-47	157
KDHFCO_01840	AAKGEC_05840	94.0	316	19	0	1	316	1	316	1.61e-198	546
KDHFCO_01840	IAFHMK_08820	73.1	316	85	0	1	316	1	316	1.36e-148	419
KDHFCO_01840	DNKGCI_00870	67.7	316	102	0	1	316	1	316	7.73e-141	400
KDHFCO_01840	LBKFJK_05390	62.0	316	120	0	1	316	1	316	8.00e-136	387
KDHFCO_01840	CNLKLD_00540	55.7	316	140	0	1	316	1	316	4.99e-109	319
KDHFCO_01840	AANGNE_02565	60.3	297	118	0	20	316	20	316	4.70e-108	317
KDHFCO_01840	AANGNE_08125	35.0	294	182	4	28	316	49	338	1.46e-43	152
KDHFCO_01845	AAKGEC_05845	93.9	312	19	0	1	312	1	312	2.43e-191	527
KDHFCO_01845	DNKGCI_00865	69.9	312	94	0	1	312	1	312	3.37e-147	416
KDHFCO_01845	LBKFJK_05395	68.6	312	98	0	1	312	1	312	6.68e-140	397
KDHFCO_01845	CNLKLD_00535	64.0	311	112	0	1	311	1	311	1.41e-132	379
KDHFCO_01845	EIKFFD_08845	65.6	294	101	0	19	312	21	314	9.63e-126	361
KDHFCO_01850	AAKGEC_05850	90.4	313	30	0	1	313	1	313	1.22e-196	541
KDHFCO_01850	LBKFJK_05400	74.5	310	78	1	1	309	1	310	1.49e-160	449
KDHFCO_01850	DNKGCI_00860	71.9	310	87	0	1	310	1	310	1.12e-157	442
KDHFCO_01850	BLCAGE_02670	68.8	311	95	1	3	313	5	313	2.22e-147	416
KDHFCO_01850	CNLKLD_00530	63.8	312	110	2	2	313	3	311	6.00e-136	387
KDHFCO_01855	EHLNLG_10510	98.7	301	4	0	1	301	1	301	3.14e-214	584
KDHFCO_01855	OFBCLB_06955	29.7	303	211	2	1	301	1	303	8.64e-49	164
KDHFCO_01860	BEIAAA_00140	81.5	390	72	0	1	390	1	390	1.66e-212	588
KDHFCO_01860	BGHOFK_00975	69.2	389	119	1	2	389	3	391	6.95e-172	484
KDHFCO_01860	CHBPFB_10980	93.2	147	10	0	244	390	1	147	3.41e-83	250
KDHFCO_01865	CGMKCF_02875	81.3	272	27	1	1	272	1	248	3.19e-159	442
KDHFCO_01865	BGHOFK_00970	63.0	270	99	1	3	272	11	279	3.67e-119	342
KDHFCO_01865	HNNKEJ_05950	43.8	274	142	4	7	272	1	270	6.39e-73	224
KDHFCO_01865	DNKGCI_08600	43.8	274	142	4	3	268	9	278	4.23e-71	219
KDHFCO_01865	FAAIHB_09145	69.5	151	46	0	122	272	1	151	3.35e-70	213
KDHFCO_01865	ACNHAK_01805	43.8	260	140	3	1	257	4	260	3.27e-69	215
KDHFCO_01865	AAKGEC_05485	43.2	278	145	4	3	272	9	281	1.50e-68	213
KDHFCO_01865	MCFIIO_04210	43.5	262	139	4	1	259	5	260	1.57e-67	211
KDHFCO_01865	CMMBIF_02665	44.0	259	136	4	2	257	5	257	1.54e-66	208
KDHFCO_01865	HCCODA_06110	41.9	258	142	3	3	258	6	257	1.23e-65	206
KDHFCO_01865	IAFHMK_02645	40.3	278	154	4	3	272	9	282	3.59e-64	202
KDHFCO_01865	ABNNBP_07265	43.1	260	137	5	2	257	5	257	3.93e-64	202
KDHFCO_01865	MJPEDB_02500	42.1	259	141	4	2	257	5	257	1.39e-63	200
KDHFCO_01865	IAFHMK_06940	38.5	275	154	5	3	267	10	279	1.46e-60	192
KDHFCO_01865	EIKFFD_02290	39.2	265	146	4	2	256	7	266	6.16e-60	191
KDHFCO_01865	AAKGEC_11745	38.5	262	150	5	1	259	5	258	8.97e-59	188
KDHFCO_01865	IAFHMK_03355	41.3	269	151	4	2	268	11	274	1.84e-58	187
KDHFCO_01865	LBKFJK_01770	39.1	279	158	4	2	272	9	283	5.35e-58	186
KDHFCO_01865	CDIIGJ_01590	40.1	262	148	4	1	259	4	259	5.66e-58	186
KDHFCO_01865	HNNKEJ_03150	40.5	269	151	5	3	268	12	274	5.83e-57	183
KDHFCO_01865	DNKGCI_00585	39.2	260	146	5	1	257	6	256	4.62e-56	181
KDHFCO_01865	CFLCIE_00940	37.9	261	154	3	1	259	4	258	1.64e-53	174
KDHFCO_01865	LBKFJK_09485	36.3	262	155	5	1	259	5	257	1.21e-52	172
KDHFCO_01870	ACDDAG_03585	82.6	115	20	0	1	115	1	115	4.15e-68	200
KDHFCO_01870	BGHOFK_00965	69.3	114	35	0	2	115	3	116	1.23e-56	171
KDHFCO_01875	ABCBPP_02320	88.5	130	15	0	1	130	1	130	1.71e-81	234
KDHFCO_01875	BGHOFK_01545	61.5	130	50	0	1	130	1	130	6.18e-52	160
KDHFCO_01880	LKGJOH_01855	99.6	233	1	0	1	233	1	233	1.64e-174	478
KDHFCO_01885	AAKGEC_05885	95.7	187	8	0	1	187	1	187	1.11e-134	374
KDHFCO_01885	HNNKEJ_07005	71.1	187	54	0	1	187	1	187	2.32e-95	274
KDHFCO_01890	CNLKLD_06545	72.5	510	137	3	1	508	1	509	7.28e-264	727
KDHFCO_01890	AANGNE_04950	68.0	509	161	2	2	508	1	509	1.38e-254	704
KDHFCO_01890	LLNAOI_02160	90.9	353	32	0	156	508	1	353	2.22e-231	639
KDHFCO_01890	HJKBNP_05400	86.4	286	38	1	1	285	1	286	2.86e-170	481
KDHFCO_01890	FGEEDJ_05235	35.8	302	186	7	208	504	4	302	1.22e-50	175
KDHFCO_01890	MKCKPI_06015	31.7	309	196	7	205	505	18	319	2.43e-42	153
KDHFCO_01895	OECBDL_03680	97.5	733	6	1	1	721	1	733	0.0	1354
KDHFCO_01895	ABJDJH_12780	72.8	712	194	0	10	721	7	718	0.0	1016
KDHFCO_01895	IAFHMK_08865	63.0	691	251	3	25	712	29	717	1.42e-295	825
KDHFCO_01895	DDDLLA_05515	58.1	697	274	7	34	719	36	725	3.90e-270	761
KDHFCO_01895	AANGNE_01075	57.3	712	286	6	19	719	14	718	4.81e-270	760
KDHFCO_01895	CNLKLD_00500	54.2	703	315	3	23	719	14	715	1.85e-256	725
KDHFCO_01900	AAKGEC_05900	98.5	198	3	0	1	198	1	198	5.64e-138	383
KDHFCO_01905	ABCLFC_02025	98.8	404	5	0	1	404	1	404	7.22e-292	789
KDHFCO_01905	CNLKLD_00490	61.1	352	133	3	56	404	1	351	7.57e-153	435
KDHFCO_01910	IAFHMK_08880	71.9	441	122	2	1	440	1	440	1.50e-229	635
KDHFCO_01910	CNLKLD_00485	71.4	441	122	3	1	440	13	450	4.38e-225	624
KDHFCO_01910	DDDLLA_05605	71.6	443	122	3	1	440	1	442	2.78e-220	612
KDHFCO_01910	AANGNE_01110	68.6	443	134	4	1	440	1	441	8.50e-215	597
KDHFCO_01915	GCFKAO_09000	95.9	541	22	0	10	550	14	554	0.0	1029
KDHFCO_01915	CNLKLD_00880	59.0	554	223	2	1	550	1	554	1.61e-227	639
KDHFCO_01915	IAFHMK_08890	57.2	558	230	5	1	550	1	557	6.24e-216	609
KDHFCO_01915	DNKGCI_00815	56.3	560	231	4	1	550	1	556	1.79e-212	600
KDHFCO_01915	AANGNE_01115	55.3	559	238	4	1	550	1	556	1.22e-210	596
KDHFCO_01915	DDDLLA_09065	55.1	557	242	3	1	550	1	556	8.95e-208	588
KDHFCO_01915	BGHOFK_04425	55.1	554	236	4	1	550	7	551	8.08e-205	581
KDHFCO_01915	DNKGCI_10480	54.6	551	239	5	2	550	3	544	1.52e-203	577
KDHFCO_01915	LBKFJK_06405	53.0	553	249	4	1	549	9	554	2.04e-191	547
KDHFCO_01915	CDIIGJ_04550	50.3	551	263	3	1	547	1	544	1.00e-184	530
KDHFCO_01915	DBDHAK_11915	46.4	554	285	4	1	549	13	559	9.30e-168	487
KDHFCO_01915	NAFEBK_07190	96.6	175	6	0	41	215	1	175	3.25e-114	338
KDHFCO_01920	BGHOFK_04425	92.3	235	18	0	1	235	7	241	1.49e-151	432
KDHFCO_01920	DNKGCI_00815	66.2	234	78	1	1	234	1	233	6.21e-101	303
KDHFCO_01920	AANGNE_01115	63.1	236	84	2	1	235	1	234	1.01e-96	292
KDHFCO_01920	DDDLLA_09065	62.8	239	80	3	1	235	1	234	5.47e-93	283
KDHFCO_01920	CNLKLD_00880	59.0	234	91	2	1	233	1	230	1.26e-87	269
KDHFCO_01920	GCFKAO_09000	59.5	215	83	1	19	233	23	233	4.81e-84	259
KDHFCO_01920	IAFHMK_08890	59.1	237	89	4	1	233	1	233	3.26e-82	255
KDHFCO_01920	CDIIGJ_04550	58.1	234	96	2	1	233	1	233	2.83e-81	252
KDHFCO_01920	NAFEBK_07190	64.0	175	63	0	45	219	1	175	3.39e-77	232
KDHFCO_01920	LBKFJK_06405	52.1	234	110	2	1	233	9	241	1.67e-74	235
KDHFCO_01920	DBDHAK_11915	50.6	235	115	1	1	234	13	247	5.15e-70	223
KDHFCO_01925	BGHOFK_04425	85.0	200	30	0	1	200	352	551	1.34e-118	347
KDHFCO_01925	IAFHMK_08890	60.4	202	78	2	1	200	356	557	9.35e-75	234
KDHFCO_01925	GCFKAO_09000	58.9	202	81	2	1	200	353	554	7.93e-72	226
KDHFCO_01925	DNKGCI_00815	56.4	202	86	2	1	200	355	556	5.38e-69	219
KDHFCO_01925	CNLKLD_00880	56.9	202	85	2	1	200	353	554	7.85e-68	216
KDHFCO_01925	DDDLLA_09065	55.4	202	88	2	1	200	355	556	6.29e-67	214
KDHFCO_01925	AANGNE_01115	53.0	202	93	2	1	200	355	556	9.77e-61	197
KDHFCO_01925	LBKFJK_06405	50.7	201	97	2	1	199	354	554	6.16e-57	187
KDHFCO_01925	DNKGCI_10480	47.8	203	103	2	1	200	342	544	4.04e-55	182
KDHFCO_01925	CDIIGJ_04550	47.2	199	103	2	1	197	346	544	2.68e-50	170
KDHFCO_01930	AAKGEC_05925	96.7	303	10	0	1	303	1	303	5.08e-200	548
KDHFCO_01930	AANGNE_01120	70.4	301	89	0	3	303	4	304	1.18e-143	406
KDHFCO_01930	AAKGEC_11930	33.0	318	194	7	3	303	3	318	8.92e-44	151
KDHFCO_01935	AAKGEC_05930	97.1	343	10	0	1	343	1	343	4.05e-233	635
KDHFCO_01935	AANGNE_01125	67.4	344	111	1	1	343	1	344	1.85e-162	457
KDHFCO_01940	BGHOFK_04410	98.0	348	7	0	1	348	1	348	2.62e-253	687
KDHFCO_01940	DFCDFN_03525	59.0	334	135	2	3	335	4	336	1.22e-133	384
KDHFCO_01940	ABCLFC_03590	46.7	276	146	1	6	281	17	291	1.25e-79	246
KDHFCO_01940	ABNNBP_08060	37.7	345	200	6	4	336	8	349	1.39e-67	216
KDHFCO_01940	DFCDFN_03530	33.1	317	187	5	1	316	3	295	7.09e-57	187
KDHFCO_01940	AANGNE_01135	38.8	273	157	5	1	270	1	266	2.50e-56	185
KDHFCO_01940	DDDLLA_05570	36.3	325	194	4	3	321	16	333	5.08e-55	184
KDHFCO_01940	AAKGEC_11925	38.7	271	145	6	5	265	3	262	2.89e-53	177
KDHFCO_01940	BCFLNJ_05705	37.7	273	155	5	5	270	3	267	2.58e-50	177
KDHFCO_01945	AANGNE_01135	78.1	310	66	1	3	312	4	311	2.96e-171	476
KDHFCO_01945	DFCDFN_03530	52.1	309	143	4	3	309	4	309	7.88e-103	303
KDHFCO_01945	AAKGEC_11925	50.0	236	115	2	27	262	30	262	2.48e-70	220
KDHFCO_01945	BCFLNJ_05705	50.0	242	117	3	27	268	30	267	8.37e-68	222
KDHFCO_01945	BGHOFK_04410	43.0	272	148	5	1	267	1	270	3.75e-62	200
KDHFCO_01945	DDDLLA_05570	43.2	241	133	2	27	265	42	280	8.39e-60	195
KDHFCO_01945	DFCDFN_03525	40.8	265	149	6	1	259	1	263	2.44e-57	188
KDHFCO_01945	JOJNOE_06315	44.4	234	122	4	27	259	30	256	8.28e-55	182
KDHFCO_01945	ABCLFC_03590	39.0	246	144	4	26	266	35	279	1.80e-51	172
KDHFCO_01945	ABNNBP_08060	37.6	266	155	5	2	259	7	269	1.12e-50	171
KDHFCO_01950	DNKGCI_00780	87.6	524	62	2	1	523	1	522	0.0	915
KDHFCO_01950	AAKGEC_04640	29.2	493	306	9	1	457	1	486	7.85e-58	204
KDHFCO_01955	IAFHMK_08920	74.8	552	128	4	1	551	1	542	5.95e-261	723
KDHFCO_01955	ALNFEK_00715	89.9	297	26	1	255	551	1	293	1.41e-150	433
KDHFCO_01955	AAKGEC_08515	37.0	359	224	2	1	357	1	359	1.69e-72	238
KDHFCO_01960	DDDLLA_05670	89.4	303	32	0	1	303	9	311	5.36e-197	541
KDHFCO_01965	AAKGEC_05960	99.1	530	5	0	1	530	1	530	0.0	1068
KDHFCO_01970	FHIFIE_05630	90.0	271	27	0	1	271	1	271	5.49e-177	488
KDHFCO_01970	CDIIGJ_10230	71.3	272	78	0	1	272	1	272	3.21e-142	400
KDHFCO_01970	HNNKEJ_12755	69.6	273	82	1	1	272	1	273	2.81e-138	390
KDHFCO_01970	IAFHMK_08935	66.7	282	83	4	1	272	1	281	1.02e-126	361
KDHFCO_01970	ACDDAG_05325	64.1	273	95	3	1	271	1	272	9.52e-123	350
KDHFCO_01970	DDDLLA_05680	61.7	282	95	3	1	270	1	281	4.26e-117	337
KDHFCO_01970	DNKGCI_11640	64.8	256	89	1	1	255	1	256	7.89e-115	330
KDHFCO_01975	DNKGCI_11635	92.9	352	25	0	1	352	1	352	3.09e-229	630
KDHFCO_01975	LLMEEB_11955	47.0	332	163	3	19	347	29	350	1.25e-99	299
KDHFCO_01975	EIIOFH_10990	46.4	319	164	2	19	337	19	330	1.93e-92	281
KDHFCO_01975	EPKBNI_02225	98.0	100	2	0	1	100	1	100	2.38e-58	186
KDHFCO_01975	FHIFIE_01670	45.1	193	99	2	145	337	4	189	1.31e-47	169
KDHFCO_01980	CDIIGJ_10240	82.2	456	79	1	7	460	4	459	1.19e-263	723
KDHFCO_01980	IAFHMK_03485	70.3	454	135	0	4	457	6	459	3.90e-223	620
KDHFCO_01980	CNLKLD_00825	68.4	456	136	1	8	455	2	457	3.36e-220	613
KDHFCO_01980	PHNFPI_05015	62.3	453	163	1	11	455	6	458	1.03e-196	553
KDHFCO_01980	IAFHMK_10320	64.0	456	155	2	11	457	22	477	3.79e-195	550
KDHFCO_01980	AGFMFG_04015	70.5	319	94	0	142	460	3	321	1.27e-153	438
KDHFCO_01980	FIHDIM_11920	34.7	453	279	5	16	457	12	458	8.61e-82	259
KDHFCO_01980	JBKKJP_13050	35.1	388	239	6	16	396	14	395	9.66e-64	213
KDHFCO_01980	BNBIEO_00300	30.2	381	261	5	12	389	5	383	8.27e-58	196
KDHFCO_01980	AAKGEC_06030	32.7	391	246	6	16	396	8	391	8.39e-57	194
KDHFCO_01980	DNKGCI_09195	34.1	355	216	7	8	348	2	352	1.38e-54	189
KDHFCO_01980	CDIIGJ_07805	32.7	358	228	6	5	351	2	357	3.56e-51	180
KDHFCO_01985	PHNFPI_05015	94.3	458	26	0	1	458	1	458	2.95e-315	853
KDHFCO_01985	IAFHMK_10320	69.4	448	132	2	9	453	25	470	1.93e-221	617
KDHFCO_01985	CDIIGJ_10240	63.3	449	159	2	10	458	12	454	3.24e-197	554
KDHFCO_01985	CNLKLD_00825	59.6	458	184	1	1	458	1	457	3.55e-193	544
KDHFCO_01985	IAFHMK_03485	59.8	448	172	1	11	458	18	457	8.56e-191	538
KDHFCO_01985	AGFMFG_04015	58.1	320	126	2	139	458	5	316	9.67e-123	360
KDHFCO_01985	FIHDIM_11920	32.3	468	284	6	6	458	7	456	4.23e-74	239
KDHFCO_01985	JBKKJP_13050	38.8	356	199	7	9	357	12	355	9.17e-70	229
KDHFCO_01985	AAKGEC_06030	37.2	363	209	5	4	358	1	352	8.38e-64	213
KDHFCO_01985	BNBIEO_00300	30.1	379	254	5	14	390	12	381	5.24e-60	202
KDHFCO_01985	DNKGCI_09195	33.6	369	222	6	1	357	1	358	1.19e-58	199
KDHFCO_01985	CDIIGJ_07805	34.1	364	219	7	6	358	8	361	1.14e-57	197
KDHFCO_01985	FAKCMI_12975	28.5	389	262	5	4	388	1	377	3.07e-56	192
KDHFCO_01990	ABCLFC_02110	97.6	126	3	0	1	126	1	126	2.66e-83	239
KDHFCO_01990	BGHOFK_04360	67.5	126	41	0	1	126	15	140	8.25e-56	170
KDHFCO_01990	HNNKEJ_12775	66.4	125	41	1	1	124	1	125	3.06e-55	168
KDHFCO_01990	CDIIGJ_10250	62.5	128	45	1	1	125	1	128	5.15e-53	162
KDHFCO_01995	BGHOFK_04355	70.8	106	31	0	1	106	1	106	1.19e-50	155
KDHFCO_01995	HNNKEJ_12780	67.9	106	34	0	1	106	1	106	2.72e-49	151
KDHFCO_02000	AAKGEC_05995	87.8	172	21	0	1	172	1	172	1.04e-109	309
KDHFCO_02000	HNNKEJ_12785	73.3	172	46	0	1	172	1	172	1.41e-91	263
KDHFCO_02000	BGHOFK_04350	70.9	172	50	0	1	172	1	172	4.30e-86	249
KDHFCO_02000	IAFHMK_08955	59.9	172	69	0	1	172	1	172	1.36e-68	205
KDHFCO_02000	CNOINH_01910	54.1	172	79	0	1	172	4	175	6.28e-63	191
KDHFCO_02000	OFBCLB_04925	51.7	172	83	0	1	172	1	172	1.02e-58	180
KDHFCO_02000	DNKGCI_11610	51.2	172	84	0	1	172	1	172	2.91e-58	179
KDHFCO_02000	LBKFJK_05530	50.0	172	86	0	1	172	1	172	1.28e-54	170
KDHFCO_02000	CNLKLD_00810	52.7	167	77	2	1	165	1	167	7.06e-52	163
KDHFCO_02005	AANGNE_01215	80.7	197	38	0	1	197	1	197	3.11e-112	318
KDHFCO_02010	AJCMKJ_02375	79.5	268	22	1	1	268	1	235	3.55e-145	405
KDHFCO_02010	IAFHMK_02300	70.6	265	78	0	4	268	1	265	4.24e-130	369
KDHFCO_02010	BGHOFK_08040	61.2	263	97	1	11	268	9	271	5.91e-115	330
KDHFCO_02010	ACDDAG_07330	44.2	242	133	2	14	253	12	253	6.44e-66	206
KDHFCO_02015	HNNKEJ_12795	91.2	226	20	0	1	226	4	229	4.82e-149	413
KDHFCO_02020	DFCDFN_00335	81.9	270	49	0	1	270	2	271	1.74e-161	448
KDHFCO_02020	AANGNE_01225	67.0	270	89	0	1	270	1	270	1.57e-136	385
KDHFCO_02020	CNLKLD_00795	62.8	266	98	1	3	268	5	269	3.34e-122	349
KDHFCO_02025	AIGDEK_07960	91.4	292	25	0	1	292	1	292	4.66e-197	540
KDHFCO_02025	IAFHMK_04075	70.4	294	85	2	1	292	1	294	1.66e-151	425
KDHFCO_02025	DNKGCI_11590	65.9	317	84	2	1	293	1	317	3.46e-148	417
KDHFCO_02025	CNLKLD_00790	67.6	296	93	2	1	293	1	296	2.17e-145	410
KDHFCO_02025	ACDDAG_05370	61.9	294	109	2	1	293	1	292	5.42e-132	375
KDHFCO_02030	HNNKEJ_12810	72.0	275	76	1	4	277	2	276	1.97e-133	378
KDHFCO_02030	OFBCLB_04900	72.6	223	59	1	55	277	49	269	2.15e-107	311
KDHFCO_02030	DNKGCI_11570	72.6	219	56	2	62	277	61	278	2.74e-105	306
KDHFCO_02030	IAFHMK_04070	72.7	209	55	2	71	277	56	264	5.32e-100	293
KDHFCO_02030	CDIIGJ_10285	59.4	276	103	6	4	277	2	270	5.34e-96	283
KDHFCO_02030	AANGNE_01235	68.1	210	63	3	71	277	42	250	3.41e-90	267
KDHFCO_02030	CNLKLD_01145	65.3	213	72	2	67	277	55	267	1.33e-88	264
KDHFCO_02035	AAKGEC_06030	98.3	477	8	0	1	477	1	477	0.0	918
KDHFCO_02035	JBKKJP_13050	66.2	474	158	2	4	477	10	481	7.35e-228	634
KDHFCO_02035	CDIIGJ_07805	56.0	480	201	5	6	475	11	490	9.65e-188	532
KDHFCO_02035	DNKGCI_09195	56.8	474	197	5	6	475	10	479	2.09e-186	528
KDHFCO_02035	OFBCLB_02110	38.8	461	262	6	4	459	17	462	1.21e-104	319
KDHFCO_02035	FIHDIM_11920	34.5	429	260	7	6	425	10	426	8.11e-72	234
KDHFCO_02035	CNLKLD_00825	34.1	417	248	8	1	399	1	408	1.41e-63	213
KDHFCO_02035	IAFHMK_10320	36.6	385	210	8	6	380	25	385	1.18e-62	211
KDHFCO_02035	PHNFPI_05015	36.6	363	211	5	1	352	4	358	6.84e-61	206
KDHFCO_02035	CDIIGJ_10240	33.8	393	239	7	9	391	14	395	3.01e-58	198
KDHFCO_02035	IAFHMK_03485	35.1	359	213	6	1	348	4	353	1.23e-57	197
KDHFCO_02035	FAKCMI_12975	30.7	440	286	9	1	433	1	428	2.62e-53	185
KDHFCO_02035	HNNKEJ_12840	95.1	81	4	0	1	81	1	81	4.01e-46	155
KDHFCO_02040	ABCLFC_02160	99.3	267	2	0	1	267	1	267	2.66e-193	528
KDHFCO_02040	AAKGEC_06035	70.6	269	77	2	1	267	1	269	5.94e-131	371
KDHFCO_02040	HNNKEJ_12875	70.6	248	71	2	1	247	11	257	9.37e-120	344
KDHFCO_02040	CDIIGJ_10295	61.5	262	90	3	1	261	1	252	1.53e-103	302
KDHFCO_02040	LBKFJK_00160	63.4	246	80	2	1	237	1	245	3.54e-102	300
KDHFCO_02040	DNKGCI_03165	65.4	240	75	4	1	234	1	238	1.40e-98	290
KDHFCO_02040	LBKFJK_05595	62.1	235	71	2	1	233	1	219	1.93e-98	287
KDHFCO_02040	DNKGCI_11540	57.9	233	89	1	1	233	1	224	6.14e-96	281
KDHFCO_02040	BGHOFK_04295	56.4	264	111	3	1	261	1	263	4.79e-95	280
KDHFCO_02040	AANGNE_01250	71.1	187	54	0	1	187	1	187	4.11e-93	272
KDHFCO_02040	DDDLLA_10180	50.6	233	101	2	1	233	1	219	1.15e-72	221
KDHFCO_02040	CNLKLD_07770	52.7	186	87	1	1	186	1	185	8.81e-65	200
KDHFCO_02040	DDDLLA_02915	48.7	193	93	3	1	188	2	193	7.41e-54	179
KDHFCO_02040	CNLKLD_04295	47.1	187	95	2	1	184	1	186	8.79e-53	176
KDHFCO_02040	DDDLLA_03095	49.7	173	85	2	1	172	1	172	2.79e-52	169
KDHFCO_02040	CDIIGJ_08625	50.9	173	83	2	1	172	1	172	2.30e-51	166
KDHFCO_02040	DDDLLA_02910	50.0	176	86	2	1	175	1	175	5.92e-50	162
KDHFCO_02040	CDIIGJ_08620	50.6	180	81	3	1	176	1	176	3.43e-49	172
KDHFCO_02045	AAKGEC_06040	78.2	325	71	0	1	325	1	325	4.89e-186	515
KDHFCO_02045	CDIIGJ_10300	65.4	318	110	0	8	325	9	326	5.03e-151	426
KDHFCO_02045	BGHOFK_04290	63.0	322	119	0	1	322	1	322	3.97e-150	424
KDHFCO_02045	DNKGCI_03160	59.1	320	124	2	4	322	1	314	1.38e-129	372
KDHFCO_02045	DNKGCI_11535	57.1	322	132	1	1	322	1	316	8.56e-127	365
KDHFCO_02045	HNNKEJ_05330	55.7	314	139	0	12	325	10	323	7.73e-126	362
KDHFCO_02045	LBKFJK_05600	54.4	316	138	2	8	323	8	317	2.95e-122	353
KDHFCO_02045	LBKFJK_00155	54.9	319	138	1	6	324	4	316	3.55e-120	348
KDHFCO_02045	EIKFFD_04980	51.4	315	147	2	12	323	5	316	1.66e-116	338
KDHFCO_02045	CJHCCN_09955	54.1	316	135	3	12	322	5	315	1.91e-115	336
KDHFCO_02045	DDDLLA_10185	52.2	322	148	2	1	322	1	316	1.13e-112	329
KDHFCO_02045	AANGNE_01255	50.2	315	151	3	12	323	5	316	1.35e-110	323
KDHFCO_02045	CNLKLD_07775	41.4	266	154	2	11	275	3	267	3.19e-72	225
KDHFCO_02045	CNLKLD_06645	37.3	303	179	4	10	305	32	330	4.38e-63	203
KDHFCO_02045	AIGDEK_03135	41.0	268	154	2	11	277	2	266	1.17e-62	201
KDHFCO_02045	CNLKLD_04285	39.1	297	176	4	13	305	5	300	4.60e-61	197
KDHFCO_02045	DDDLLA_02905	40.0	270	158	2	12	280	5	271	4.79e-59	191
KDHFCO_02045	AANGNE_06505	35.2	301	184	4	12	305	34	330	9.48e-58	189
KDHFCO_02045	AIPJBK_10570	33.9	316	198	4	12	320	38	349	2.21e-56	187
KDHFCO_02045	LBKFJK_09600	38.9	265	155	3	13	274	43	303	8.76e-54	179
KDHFCO_02050	DFCDFN_00400	84.8	494	74	1	1	494	1	493	9.13e-313	850
KDHFCO_02050	PHJNPH_06755	71.7	240	63	3	259	494	1	239	3.24e-116	341
KDHFCO_02055	AAKGEC_06050	94.9	272	14	0	1	272	1	272	1.29e-182	502
KDHFCO_02055	CDIIGJ_10310	71.3	272	78	0	1	272	1	272	9.01e-137	386
KDHFCO_02055	DDDLLA_11225	56.7	270	117	0	1	270	1	270	1.46e-103	302
KDHFCO_02055	BGHOFK_06895	54.3	267	122	0	1	267	1	267	2.19e-99	291
KDHFCO_02055	ACDDAG_05200	52.0	271	130	0	1	271	1	271	4.47e-99	291
KDHFCO_02055	HNNKEJ_12900	52.4	269	128	0	1	269	1	269	2.34e-97	286
KDHFCO_02055	JBKKJP_02305	52.0	271	130	0	1	271	1	271	1.24e-95	282
KDHFCO_02055	LBKFJK_02110	47.9	265	138	0	4	268	4	268	5.25e-86	257
KDHFCO_02055	CBEECJ_09560	38.6	267	164	0	1	267	1	267	8.14e-62	196
KDHFCO_02055	BOCCFK_00540	35.9	273	167	2	1	268	1	270	2.35e-51	169
KDHFCO_02055	CBEECJ_09605	33.6	268	177	1	1	268	1	267	4.65e-48	160
KDHFCO_02055	LPLJMN_09180	33.2	268	173	2	1	268	1	262	5.00e-48	160
KDHFCO_02060	BFMEKC_02065	96.5	346	12	0	1	346	1	346	2.11e-223	611
KDHFCO_02060	AGDPFD_01255	72.3	328	90	1	18	344	23	350	4.06e-157	444
KDHFCO_02060	CNLKLD_01105	68.3	325	102	1	21	344	9	333	2.67e-146	416
KDHFCO_02060	DDDLLA_09030	69.7	327	97	2	21	346	9	334	3.09e-145	413
KDHFCO_02065	AANGNE_00875	79.2	313	65	0	1	313	1	313	2.15e-182	505
KDHFCO_02065	FAKCMI_10230	95.4	216	3	1	1	209	1	216	7.57e-140	394
KDHFCO_02065	AANGNE_06610	45.6	307	165	2	6	311	6	311	1.43e-98	293
KDHFCO_02065	CNLKLD_01560	43.0	314	175	2	5	314	5	318	1.76e-85	259
KDHFCO_02065	BGHOFK_03765	40.0	320	184	3	1	314	1	318	1.61e-81	249
KDHFCO_02065	IAFHMK_06925	40.7	312	176	3	6	313	6	312	2.07e-77	238
KDHFCO_02065	DDDLLA_03935	38.9	314	184	3	7	314	3	314	7.73e-75	232
KDHFCO_02065	AMDFJK_06380	94.8	115	6	0	1	115	1	115	2.12e-70	215
KDHFCO_02065	AANGNE_02105	30.0	310	207	4	6	314	2	302	4.85e-47	160
KDHFCO_02070	JBKKJP_02305	99.3	271	2	0	1	271	1	271	3.54e-189	519
KDHFCO_02070	BGHOFK_06895	67.4	267	87	0	1	267	1	267	4.40e-128	364
KDHFCO_02070	ACDDAG_05200	60.9	271	106	0	1	271	1	271	3.26e-116	334
KDHFCO_02070	DDDLLA_11225	57.3	267	114	0	1	267	1	267	1.61e-105	307
KDHFCO_02070	CDIIGJ_10310	57.3	267	114	0	1	267	1	267	4.48e-104	303
KDHFCO_02070	AAKGEC_06050	54.3	267	122	0	1	267	1	267	9.18e-99	290
KDHFCO_02070	HNNKEJ_12900	52.2	268	128	0	1	268	1	268	8.52e-98	287
KDHFCO_02070	LBKFJK_02110	52.3	264	126	0	4	267	4	267	2.91e-93	276
KDHFCO_02070	BOCCFK_00540	39.8	269	160	1	1	267	1	269	8.68e-61	193
KDHFCO_02070	CBEECJ_09560	39.0	272	164	2	1	271	1	271	1.89e-60	192
KDHFCO_02070	LPLJMN_09180	35.7	269	163	3	1	267	1	261	5.37e-57	183
KDHFCO_02070	CBEECJ_09605	38.2	267	164	1	1	267	1	266	4.03e-56	181
KDHFCO_02070	CBEECJ_09600	34.0	265	172	2	1	263	1	264	2.37e-50	166
KDHFCO_02075	AAKGEC_06070	92.3	324	25	0	1	324	1	324	1.32e-201	554
KDHFCO_02075	AANGNE_01080	59.3	305	124	0	6	310	5	309	8.38e-112	326
KDHFCO_02075	BGHOFK_06900	57.4	305	129	1	4	307	3	307	3.01e-106	312
KDHFCO_02080	BGHOFK_04275	87.0	407	50	1	3	406	35	441	1.63e-254	696
KDHFCO_02085	KJCAIL_02750	91.6	368	19	1	1	356	112	479	2.33e-234	645
KDHFCO_02085	IKDMIA_03030	70.6	357	105	0	1	357	112	468	5.44e-180	508
KDHFCO_02085	IAFHMK_03990	63.2	356	131	0	1	356	114	469	1.71e-155	444
KDHFCO_02085	CNLKLD_01090	57.7	357	151	0	1	357	113	469	2.42e-151	434
KDHFCO_02085	DDDLLA_10605	70.0	250	75	0	107	356	1	250	1.18e-118	343
KDHFCO_02090	AAKGEC_08370	96.5	201	7	0	1	201	1	201	7.09e-138	383
KDHFCO_02090	CNLKLD_01085	71.1	201	58	0	1	201	1	201	9.17e-102	291
KDHFCO_02090	HNNKEJ_12950	69.2	201	60	1	1	201	1	199	1.10e-97	281
KDHFCO_02090	AANGNE_04945	63.9	205	70	1	1	201	1	205	3.86e-90	262
KDHFCO_02090	LKBOJM_01180	96.3	136	5	0	1	136	1	136	1.48e-89	260
KDHFCO_02090	IAFHMK_06800	54.4	206	89	3	1	201	1	206	3.94e-71	214
KDHFCO_02090	DDDLLA_10620	72.8	136	35	1	1	136	1	134	1.22e-65	198
KDHFCO_02095	AAKGEC_08375	86.8	144	19	0	1	144	1	144	1.90e-87	251
KDHFCO_02095	HNNKEJ_12955	72.7	143	39	0	1	143	1	143	3.45e-74	217
KDHFCO_02095	CDIIGJ_10350	70.8	144	42	0	1	144	1	144	2.89e-71	210
KDHFCO_02095	AANGNE_04625	61.1	144	56	0	1	144	1	144	2.09e-62	187
KDHFCO_02095	EIKFFD_00795	60.1	143	57	0	1	143	1	143	3.64e-60	182
KDHFCO_02095	DNKGCI_08860	57.2	145	59	1	3	144	5	149	1.43e-53	165
KDHFCO_02100	PLDCIE_09900	99.6	680	2	1	1	680	1	679	0.0	1241
KDHFCO_02100	AGDPFD_01270	67.0	682	221	2	2	679	2	683	6.91e-313	866
KDHFCO_02100	IAFHMK_03980	67.7	678	218	1	1	677	1	678	1.53e-309	857
KDHFCO_02100	DDDLLA_10595	62.6	679	251	2	1	677	1	678	6.54e-282	787
KDHFCO_02100	CNLKLD_00755	59.9	680	271	2	2	679	2	681	1.14e-269	756
KDHFCO_02100	DBFGIH_02225	58.1	683	281	4	1	679	1	682	7.09e-257	724
KDHFCO_02105	AAKGEC_08385	89.1	156	17	0	1	156	1	156	4.62e-87	251
KDHFCO_02105	BGHOFK_04255	73.1	156	41	1	1	156	1	155	3.99e-67	200
KDHFCO_02105	HNNKEJ_12965	61.7	154	57	1	1	154	1	152	6.36e-52	162
KDHFCO_02110	AAKGEC_08390	97.4	419	11	0	1	419	1	419	2.27e-298	807
KDHFCO_02115	ABCLFC_02260	99.1	812	7	0	1	812	1	812	0.0	1513
KDHFCO_02115	IAFHMK_03965	72.1	815	218	4	1	811	1	810	0.0	1099
KDHFCO_02115	DDDLLA_10580	70.5	757	214	2	43	799	19	766	0.0	1046
KDHFCO_02115	AGHDIE_04215	64.8	812	266	5	1	798	1	806	0.0	1018
KDHFCO_02115	CNLKLD_00730	65.8	792	259	6	10	798	8	790	0.0	1004
KDHFCO_02115	CNLKLD_03020	31.5	588	320	19	128	692	115	642	3.36e-57	209
KDHFCO_02115	DNKGCI_00215	30.6	565	321	16	128	682	121	624	4.46e-56	205
KDHFCO_02115	HNNKEJ_09155	31.6	563	317	17	129	682	120	623	1.07e-53	198
KDHFCO_02115	IAFHMK_10485	30.7	557	321	18	134	682	118	617	4.74e-51	191
KDHFCO_02115	AOEAIB_02700	29.1	563	329	16	128	679	133	636	8.34e-50	187
KDHFCO_02120	CNLKLD_00720	77.8	356	78	1	1	355	1	356	2.27e-204	564
KDHFCO_02125	AAKGEC_08405	83.0	94	16	0	1	94	1	94	7.03e-55	164
KDHFCO_02130	AAKGEC_08410	96.2	105	4	0	1	105	1	105	1.56e-72	210
KDHFCO_02135	AAKGEC_08415	92.3	208	16	0	1	208	1	208	2.97e-138	384
KDHFCO_02135	DFCDFN_00470	73.7	209	52	1	1	206	1	209	5.63e-107	305
KDHFCO_02135	AANGNE_01340	65.9	208	70	1	1	208	1	207	9.91e-93	269
KDHFCO_02135	CNLKLD_00705	65.6	195	66	1	14	208	1	194	9.99e-90	261
KDHFCO_02140	AANGNE_03260	82.3	446	78	1	1	446	1	445	5.21e-267	730
KDHFCO_02140	DIBOGN_02540	70.6	446	130	1	1	446	1	445	5.54e-227	629
KDHFCO_02140	PKLIGD_02350	60.5	446	171	4	1	446	1	441	4.03e-178	504
KDHFCO_02140	AGDPFD_05235	31.3	454	296	6	1	446	1	446	1.39e-65	217
KDHFCO_02140	AAKGEC_02565	32.2	438	282	6	1	434	1	427	6.20e-61	204
KDHFCO_02140	BGHOFK_07245	30.2	444	299	5	1	442	1	435	1.79e-60	203
KDHFCO_02140	IAFHMK_09655	28.4	455	297	8	1	442	1	439	2.27e-59	200
KDHFCO_02140	HNNKEJ_07450	29.2	439	299	6	1	434	1	432	1.59e-58	198
KDHFCO_02140	HNNKEJ_10210	27.7	440	304	5	1	434	1	432	1.93e-54	187
KDHFCO_02140	BGHOFK_05100	29.0	449	297	10	1	438	1	438	1.55e-42	155
KDHFCO_02140	AAKGEC_07820	29.0	451	300	11	2	444	4	442	9.48e-42	155
KDHFCO_02140	CJHCCN_10680	27.3	450	312	11	2	444	4	445	2.37e-40	151
KDHFCO_02145	AAKGEC_08425	90.7	129	12	0	1	129	1	129	2.52e-78	226
KDHFCO_02145	IAFHMK_03940	69.0	129	40	0	1	129	1	129	4.03e-59	178
KDHFCO_02145	LBKFJK_07995	65.9	129	44	0	1	129	1	129	1.34e-57	174
KDHFCO_02145	OFBCLB_02900	67.4	129	42	0	1	129	1	129	4.47e-56	170
KDHFCO_02145	DNKGCI_08930	65.1	129	45	0	1	129	1	129	7.39e-55	167
KDHFCO_02145	AANGNE_01345	56.6	129	56	0	1	129	1	129	1.10e-49	154
KDHFCO_02150	AAKGEC_08430	96.8	94	3	0	1	94	1	94	2.18e-58	173
KDHFCO_02155	AAKGEC_08435	99.1	542	5	0	1	542	1	542	0.0	990
KDHFCO_02160	ENIHOO_02120	96.7	270	9	0	1	270	28	297	1.83e-192	528
KDHFCO_02165	AAKGEC_08445	93.7	475	30	0	1	475	1	475	2.25e-314	852
KDHFCO_02165	LBKFJK_05835	58.7	470	190	2	6	472	6	474	2.08e-187	531
KDHFCO_02165	IAFHMK_01870	60.4	447	175	2	1	446	1	446	1.71e-180	513
KDHFCO_02165	DNKGCI_02710	54.9	475	211	3	3	475	3	476	1.05e-169	486
KDHFCO_02165	OFBCLB_04515	54.5	464	204	2	3	466	3	459	1.12e-164	473
KDHFCO_02165	AANGNE_01370	52.3	476	215	4	3	472	3	472	1.59e-160	462
KDHFCO_02165	CNLKLD_02965	41.7	465	258	6	3	459	2	461	3.85e-110	333
KDHFCO_02170	CNLKLD_02960	77.2	232	50	2	2	231	4	234	5.82e-126	355
KDHFCO_02170	CNLKLD_03860	42.8	229	124	3	2	228	4	227	3.52e-58	183
KDHFCO_02170	BGHOFK_04845	42.7	232	121	4	2	230	3	225	1.78e-54	174
KDHFCO_02170	AGINCK_01445	38.6	228	125	4	2	228	3	216	3.39e-53	170
KDHFCO_02170	EHLNLG_05575	43.3	233	115	6	1	230	1	219	1.40e-52	169
KDHFCO_02170	AMCIGH_06210	40.0	230	133	2	4	228	5	234	4.61e-52	168
KDHFCO_02170	CNLKLD_07520	39.9	238	126	5	1	228	4	234	2.14e-50	164
KDHFCO_02170	KJOAFL_06700	39.5	228	123	4	2	228	3	216	1.20e-49	171
KDHFCO_02170	ABCBPP_13365	38.2	228	133	2	2	228	10	230	1.39e-49	161
KDHFCO_02170	ACDDAG_10670	40.3	226	129	3	3	226	4	225	1.81e-49	161
KDHFCO_02170	DNKGCI_09535	41.0	227	124	3	1	226	1	218	4.70e-48	157
KDHFCO_02170	CNLKLD_07450	39.6	230	122	4	2	228	28	243	4.93e-48	158
KDHFCO_02170	KMMJML_04780	34.8	227	146	1	3	229	4	228	2.43e-47	155
KDHFCO_02170	CJHCCN_01640	36.8	234	139	3	1	230	13	241	1.04e-46	154
KDHFCO_02170	BLCAGE_07870	38.0	216	130	2	4	218	5	217	4.08e-46	152
KDHFCO_02170	DDDLLA_07600	38.3	227	136	3	3	228	6	229	1.18e-45	151
KDHFCO_02175	EIIOFH_10725	95.7	211	9	0	1	211	33	243	1.22e-139	389
KDHFCO_02180	AAKGEC_08460	94.4	286	16	0	1	286	1	286	4.03e-193	530
KDHFCO_02180	HNNKEJ_13040	72.0	286	80	0	1	286	1	286	2.04e-148	417
KDHFCO_02180	BGHOFK_04180	72.0	286	80	0	1	286	1	286	2.43e-148	416
KDHFCO_02180	IAFHMK_01855	65.7	286	98	0	1	286	1	286	3.05e-131	373
KDHFCO_02180	DNKGCI_02695	64.0	286	103	0	1	286	1	286	2.71e-128	366
KDHFCO_02180	LBKFJK_05850	60.5	286	113	0	1	286	1	286	1.31e-127	364
KDHFCO_02180	AANGNE_01385	62.2	286	108	0	1	286	1	286	4.05e-126	360
KDHFCO_02180	OFBCLB_04500	61.9	286	108	1	1	286	1	285	9.89e-123	352
KDHFCO_02180	CNLKLD_02950	52.4	288	135	2	1	286	1	288	7.13e-103	301
KDHFCO_02185	AAKGEC_08465	90.0	260	26	0	1	260	1	260	1.33e-169	468
KDHFCO_02185	BGHOFK_04175	73.8	260	68	0	1	260	1	260	1.23e-135	382
KDHFCO_02185	CDIIGJ_10440	74.2	260	67	0	1	260	1	260	5.17e-135	380
KDHFCO_02185	HNNKEJ_13045	71.5	260	72	1	1	260	1	258	3.28e-128	363
KDHFCO_02185	IAFHMK_01850	66.8	256	85	0	1	256	1	256	4.67e-124	353
KDHFCO_02185	AANGNE_01390	60.3	257	102	0	1	257	1	257	2.54e-113	325
KDHFCO_02185	LBKFJK_05855	59.9	262	103	1	1	260	1	262	1.09e-108	314
KDHFCO_02185	DDDLLA_08995	57.3	260	111	0	1	260	1	260	6.42e-105	304
KDHFCO_02185	CNLKLD_02945	58.1	260	108	1	1	259	1	260	2.59e-97	285
KDHFCO_02185	DNKGCI_02690	54.2	260	119	0	1	260	1	260	3.86e-94	277
KDHFCO_02185	AMLBPA_01985	80.1	141	28	0	1	141	1	141	4.64e-72	218
KDHFCO_02190	AAKGEC_08470	99.1	108	1	0	1	108	1	108	4.95e-75	216
KDHFCO_02190	DDDLLA_08990	68.5	108	34	0	1	108	1	108	2.51e-50	154
KDHFCO_02195	AAKGEC_08475	93.1	291	20	0	1	291	1	291	1.25e-194	534
KDHFCO_02195	CNLKLD_02935	72.0	286	80	0	6	291	4	289	2.97e-144	406
KDHFCO_02205	ABCLFC_02350	98.1	270	4	1	1	270	1	269	1.55e-175	484
KDHFCO_02205	BNPKDP_02235	98.6	139	2	0	1	139	1	139	3.95e-86	254
KDHFCO_02205	HNNKEJ_11010	54.5	255	111	2	19	269	15	268	1.14e-85	256
KDHFCO_02205	DDDLLA_03350	35.5	256	163	2	16	270	19	273	9.79e-46	154
KDHFCO_02210	FAKCMI_10380	100	260	0	0	1	260	7	266	2.57e-180	497
KDHFCO_02210	HNNKEJ_11015	65.0	260	91	0	1	260	1	260	7.88e-115	331
KDHFCO_02210	DDDLLA_03345	57.5	254	108	0	3	256	8	261	7.32e-98	288
KDHFCO_02210	DDDLLA_03810	45.2	219	118	1	5	223	6	222	3.91e-63	197
KDHFCO_02210	CNLKLD_02790	42.9	245	136	2	5	247	5	247	8.58e-62	195
KDHFCO_02210	DIBOGN_03685	45.3	223	120	1	1	223	1	221	5.03e-61	192
KDHFCO_02210	DNKGCI_09480	40.8	240	139	2	1	240	1	237	8.35e-59	186
KDHFCO_02210	HNNKEJ_10225	39.1	248	147	3	1	247	1	245	1.08e-54	176
KDHFCO_02210	IAFHMK_07430	35.7	244	154	2	5	248	4	244	7.48e-51	166
KDHFCO_02210	HNNKEJ_08490	40.3	236	140	1	8	242	8	243	5.89e-48	159
KDHFCO_02210	AANGNE_09825	36.7	240	146	3	1	240	1	234	1.20e-45	152
KDHFCO_02210	GGIKJF_09785	39.0	251	133	7	3	251	1	233	1.61e-44	151
KDHFCO_02215	ABCLFC_02360	97.6	166	4	0	1	166	1	166	1.05e-106	301
KDHFCO_02220	AAKGEC_08485	97.4	310	8	0	1	310	1	310	1.50e-216	591
KDHFCO_02225	EJHBKF_02395	91.2	318	28	0	1	318	14	331	1.64e-202	556
KDHFCO_02225	JFNFKK_06735	77.1	310	69	1	3	312	38	345	7.73e-160	461
KDHFCO_02225	CNLKLD_02910	68.5	314	98	1	5	317	7	320	1.11e-144	410
KDHFCO_02230	AAKGEC_08495	86.3	329	45	0	1	329	1	329	1.85e-199	549
KDHFCO_02230	CDIIGJ_10470	75.4	329	77	1	1	329	1	325	2.87e-172	480
KDHFCO_02230	HNNKEJ_13090	66.2	328	104	1	1	328	1	321	1.26e-151	428
KDHFCO_02230	BGHOFK_04145	60.7	328	125	1	1	328	1	324	3.59e-135	386
KDHFCO_02230	AANGNE_01435	58.8	320	120	1	9	328	10	317	1.27e-126	364
KDHFCO_02230	JFNFKK_06735	58.4	320	121	1	9	328	352	659	4.07e-121	362
KDHFCO_02230	IAFHMK_01810	51.5	330	142	4	6	326	3	323	4.86e-106	312
KDHFCO_02230	OFBCLB_04455	46.4	334	162	5	6	324	3	334	4.79e-91	275
KDHFCO_02230	CNLKLD_02905	47.4	329	155	4	8	329	2	319	2.57e-89	270
KDHFCO_02230	LBKFJK_05880	44.7	329	162	6	11	325	8	330	1.94e-86	263
KDHFCO_02230	DNKGCI_02565	43.8	333	165	6	8	326	5	329	1.66e-84	258
KDHFCO_02235	ABCLFC_02380	99.4	349	2	0	1	349	1	349	6.14e-247	671
KDHFCO_02235	CDIIGJ_10475	74.7	348	87	1	1	347	1	348	9.89e-185	514
KDHFCO_02235	HNNKEJ_13095	73.2	347	93	0	2	348	1	347	4.59e-184	512
KDHFCO_02235	BGHOFK_04140	73.8	347	91	0	1	347	1	347	7.06e-180	501
KDHFCO_02235	IAFHMK_01805	63.9	346	122	2	4	347	2	346	7.11e-153	433
KDHFCO_02235	AANGNE_01440	59.8	346	133	3	6	348	3	345	7.85e-141	402
KDHFCO_02235	OFBCLB_04450	59.5	348	137	3	5	349	3	349	2.09e-140	401
KDHFCO_02235	DNKGCI_02560	59.7	350	136	3	4	349	2	350	6.39e-140	400
KDHFCO_02235	CNLKLD_02900	59.0	349	139	3	2	348	1	347	3.61e-134	385
KDHFCO_02235	LBKFJK_05885	55.9	354	149	4	2	349	1	353	1.30e-132	382
KDHFCO_02240	AANGNE_01445	77.2	206	43	2	1	206	1	202	1.31e-114	324
KDHFCO_02245	DDDLLA_03355	78.2	794	159	3	2	781	4	797	0.0	1228
KDHFCO_02245	CEFOCI_14520	94.0	216	13	0	393	608	1	216	6.21e-135	398
KDHFCO_02250	ABCLFC_02395	96.8	219	7	0	1	219	1	219	9.22e-152	419
KDHFCO_02250	HNNKEJ_13105	63.0	219	79	1	1	219	1	217	8.85e-97	280
KDHFCO_02250	AGDPFD_07485	57.1	219	92	1	1	219	1	217	5.30e-86	253
KDHFCO_02250	EHOIIB_11545	47.0	219	106	3	3	219	4	214	5.98e-66	202
KDHFCO_02255	ABCLFC_02400	98.1	312	6	0	1	312	1	312	3.59e-225	613
KDHFCO_02255	HNNKEJ_13115	66.6	311	103	1	1	311	20	329	6.47e-149	421
KDHFCO_02255	AGDPFD_07490	57.6	309	131	0	1	309	1	309	3.73e-127	365
KDHFCO_02255	FIHDIM_06760	50.0	306	153	0	1	306	1	306	8.81e-101	298
KDHFCO_02255	EHOIIB_11540	43.4	311	175	1	1	311	1	310	3.59e-87	263
KDHFCO_02255	LPLJMN_10825	37.6	303	189	0	1	303	1	303	3.23e-77	238
KDHFCO_02255	EGHGNB_06240	37.7	310	193	0	1	310	1	310	2.07e-75	233
KDHFCO_02260	AAKGEC_08515	94.4	446	25	0	1	446	1	446	1.23e-302	820
KDHFCO_02260	IAFHMK_08920	38.4	331	202	2	1	331	1	329	6.38e-71	233
KDHFCO_02265	AAKGEC_08520	77.0	178	41	0	1	178	17	194	4.84e-94	271
KDHFCO_02265	BGHOFK_04125	65.5	177	60	1	1	177	17	192	6.79e-73	217
KDHFCO_02265	IAFHMK_01790	60.2	176	70	0	3	178	19	194	1.22e-68	206
KDHFCO_02265	CNLKLD_05670	55.3	179	72	3	5	178	21	196	3.84e-58	180
KDHFCO_02265	DBFGIH_01900	52.9	172	78	3	4	174	20	189	6.43e-52	164
KDHFCO_02265	LBKFJK_05905	52.5	177	78	3	5	176	27	202	7.13e-50	159
KDHFCO_02265	DNKGCI_02330	51.9	181	81	3	1	176	29	208	2.22e-47	153
KDHFCO_02270	DNKGCI_02325	87.6	241	30	0	3	243	2	242	2.56e-151	421
KDHFCO_02270	AFCONC_09380	50.6	241	118	1	2	241	4	244	2.09e-78	236
KDHFCO_02270	DNKGCI_06350	46.3	244	130	1	1	243	1	244	7.20e-78	234
KDHFCO_02270	AAKGEC_07675	44.6	242	133	1	3	243	4	245	3.27e-75	228
KDHFCO_02270	IAFHMK_00330	44.4	241	133	1	3	242	4	244	5.50e-70	214
KDHFCO_02270	AANGNE_02385	44.0	241	133	1	3	241	2	242	9.33e-70	214
KDHFCO_02270	HNNKEJ_04590	39.6	235	142	0	6	240	6	240	4.18e-59	187
KDHFCO_02270	DDDLLA_06075	40.8	233	130	1	7	239	6	230	7.41e-56	178
KDHFCO_02275	DDDLLA_08905	90.7	107	10	0	1	107	1	107	8.16e-63	186
KDHFCO_02280	AAKGEC_08535	97.4	116	3	0	1	116	1	116	1.09e-75	219
KDHFCO_02285	DANMKC_02965	91.5	258	6	1	1	242	1	258	6.12e-163	450
KDHFCO_02285	BGHOFK_04105	74.0	242	63	0	1	242	1	242	3.41e-124	352
KDHFCO_02285	IAFHMK_01770	65.6	241	83	0	1	241	1	241	3.19e-113	324
KDHFCO_02285	DNKGCI_02310	61.4	241	93	0	1	241	1	241	8.15e-105	303
KDHFCO_02285	DDDLLA_08895	59.6	240	96	1	1	240	1	239	1.57e-101	294
KDHFCO_02285	ABNNBP_08085	45.4	240	129	2	1	239	1	239	5.45e-75	227
KDHFCO_02285	DDDLLA_05560	44.6	240	133	0	1	240	1	240	3.86e-68	209
KDHFCO_02285	AGINCK_05450	42.3	241	138	1	1	240	1	241	8.92e-65	201
KDHFCO_02285	LBKFJK_02035	37.9	243	139	2	1	237	1	237	1.70e-56	180
KDHFCO_02290	NGIILC_02175	96.9	449	10	1	1	445	1	449	1.08e-317	858
KDHFCO_02290	DDDLLA_08890	73.5	453	110	2	1	443	1	453	7.34e-240	662
KDHFCO_02290	AGDPFD_02310	66.2	438	148	0	1	438	1	438	6.21e-225	623
KDHFCO_02290	AGINCK_05455	66.8	440	144	2	1	439	1	439	9.75e-213	592
KDHFCO_02290	AEMMAL_03045	64.2	436	155	1	1	436	1	435	7.84e-209	582
KDHFCO_02290	AANGNE_01470	61.9	436	166	0	1	436	1	436	1.35e-201	564
KDHFCO_02290	HNNKEJ_05840	45.8	463	224	4	1	438	1	461	2.95e-139	407
KDHFCO_02290	GNOKMM_07820	34.8	448	262	8	1	438	1	428	2.87e-79	251
KDHFCO_02290	AANGNE_03570	33.0	440	275	8	8	436	7	437	3.32e-74	239
KDHFCO_02290	BGHOFK_08335	32.1	433	280	7	1	428	1	424	7.33e-72	232
KDHFCO_02290	DNKGCI_11030	30.1	439	274	9	3	435	6	417	1.11e-65	216
KDHFCO_02290	ABNNBP_07205	31.4	436	271	8	15	438	15	434	8.66e-63	209
KDHFCO_02290	BOKJIE_13470	30.1	445	282	10	1	436	1	425	2.04e-61	205
KDHFCO_02290	DDKKPM_03600	30.5	452	282	12	4	445	7	436	1.09e-59	201
KDHFCO_02290	CFLCIE_01555	27.9	437	293	5	3	436	6	423	1.64e-59	200
KDHFCO_02290	AGDPFD_04840	31.2	446	279	12	4	438	7	435	2.92e-59	199
KDHFCO_02290	EPOEKF_01745	31.0	368	234	10	69	429	70	424	3.75e-50	175
KDHFCO_02290	AGDPFD_04395	28.4	444	285	14	4	438	7	426	7.47e-50	175
KDHFCO_02290	AEMMAL_06830	30.7	378	239	8	69	438	72	434	3.12e-49	173
KDHFCO_02290	NOKDAP_10535	28.8	444	278	10	5	434	11	430	1.67e-48	171
KDHFCO_02290	CGMKCF_11750	31.0	406	236	11	69	438	96	493	2.50e-48	172
KDHFCO_02290	FMNMPI_06710	27.9	437	269	14	24	436	50	464	4.31e-47	168
KDHFCO_02290	BOGGMI_12595	27.9	459	289	10	1	445	1	431	9.27e-45	163
KDHFCO_02290	AFCONC_09375	29.8	433	263	10	43	438	62	490	2.21e-43	158
KDHFCO_02295	CDIIGJ_10515	77.9	503	86	3	1	478	1	503	5.92e-298	812
KDHFCO_02295	DDDLLA_05595	64.3	471	163	2	7	475	9	476	8.20e-233	646
KDHFCO_02295	CNLKLD_06025	53.4	483	211	4	1	478	1	474	5.76e-187	530
KDHFCO_02295	AANGNE_08355	53.0	485	213	6	1	478	1	477	6.48e-178	507
KDHFCO_02295	DDDLLA_10775	51.6	488	211	5	1	478	1	473	5.86e-175	499
KDHFCO_02295	DAEIAJ_08645	53.6	487	204	9	1	478	1	474	3.60e-173	494
KDHFCO_02295	DNKIME_04800	53.1	484	208	6	5	478	6	480	1.06e-171	491
KDHFCO_02295	GEDPFN_03055	49.4	480	231	3	3	478	2	473	6.72e-166	476
KDHFCO_02295	EJEPOM_07405	50.7	481	212	8	5	478	6	468	1.67e-165	475
KDHFCO_02295	IAFHMK_01915	50.5	471	217	7	5	474	10	465	2.03e-164	473
KDHFCO_02295	ACDDAG_07275	49.3	485	217	11	5	478	12	478	1.16e-162	468
KDHFCO_02295	BDEBFB_07100	48.4	498	220	7	1	478	1	481	5.55e-162	466
KDHFCO_02295	ANILPM_09555	47.1	488	237	5	5	478	9	489	4.59e-160	462
KDHFCO_02295	ALNFEK_03480	46.5	480	240	6	5	475	11	482	7.64e-155	448
KDHFCO_02295	PPBJPA_11480	48.1	501	213	9	5	478	12	492	2.07e-154	447
KDHFCO_02295	KPGHOL_06290	44.2	482	254	4	1	476	1	473	7.40e-154	446
KDHFCO_02295	AIKIDN_03085	45.7	494	235	7	4	478	5	484	7.55e-153	443
KDHFCO_02295	FFEJFE_01165	45.1	490	246	7	2	478	5	484	1.35e-150	437
KDHFCO_02295	LBKFJK_04760	46.6	481	226	9	6	474	9	470	1.82e-150	437
KDHFCO_02295	HDKJGO_06115	46.6	487	236	8	2	475	7	482	1.76e-148	432
KDHFCO_02295	NAGBDA_10950	45.0	491	246	8	2	478	5	485	9.99e-143	417
KDHFCO_02295	AGFMFG_00740	42.3	487	251	10	7	478	13	484	6.58e-132	390
KDHFCO_02295	ACPHPF_05020	41.2	481	240	11	4	478	9	452	1.45e-117	352
KDHFCO_02295	CGMKCF_07905	93.9	163	10	0	316	478	1	163	2.23e-113	330
KDHFCO_02295	ANILPM_08310	40.2	488	245	12	1	477	2	453	1.90e-107	326
KDHFCO_02300	AAKGEC_08555	87.1	93	12	0	1	93	1	93	9.67e-57	169
KDHFCO_02310	AAKGEC_00655	89.8	686	38	2	1	686	1	654	0.0	1167
KDHFCO_02315	IAFHMK_01730	80.7	336	63	1	1	336	1	334	1.23e-195	540
KDHFCO_02315	DBFGIH_01950	72.6	339	88	1	1	339	1	334	1.76e-181	504
KDHFCO_02315	DDDLLA_02185	71.4	339	93	3	2	337	7	344	6.75e-170	476
KDHFCO_02320	AAKGEC_00645	97.6	378	9	0	1	378	1	378	1.14e-268	728
KDHFCO_02320	HNNKEJ_12195	39.3	356	187	6	20	369	17	349	2.76e-76	239
KDHFCO_02320	GNOKMM_04940	38.0	366	205	8	11	373	9	355	5.54e-70	223
KDHFCO_02320	ABJDJH_10240	43.8	242	121	2	6	247	10	236	1.92e-64	209
KDHFCO_02320	BGHOFK_03950	38.8	299	164	3	2	300	37	316	5.03e-62	205
KDHFCO_02320	JAFLJO_05055	36.4	261	150	4	3	259	2	250	1.17e-48	166
KDHFCO_02320	LBKFJK_08540	37.7	247	138	4	3	245	2	236	8.06e-48	163
KDHFCO_02320	CNLKLD_01840	37.6	234	128	3	16	246	17	235	2.06e-47	161
KDHFCO_02320	IAFHMK_08490	37.3	268	150	5	3	266	2	255	2.17e-47	162
KDHFCO_02320	BNBIEO_02790	37.7	247	138	4	3	245	2	236	4.40e-45	156
KDHFCO_02320	BPDDPD_09330	35.4	226	134	2	21	246	17	230	4.48e-45	155
KDHFCO_02320	DNKGCI_00740	36.9	249	133	5	6	248	11	241	2.98e-44	156
KDHFCO_02320	AAKGEC_07545	36.0	253	148	3	16	264	12	254	8.19e-44	153
KDHFCO_02325	ABNNBP_03185	99.9	1223	1	0	1	1223	1	1223	0.0	2417
KDHFCO_02325	CNLKLD_00665	73.6	1192	305	4	9	1200	1	1182	0.0	1745
KDHFCO_02325	PKLIGD_02230	59.8	1190	467	6	2	1184	4	1189	0.0	1465
KDHFCO_02330	AAKGEC_00635	94.5	292	16	0	1	292	1	292	4.13e-189	520
KDHFCO_02330	MDDIOL_00270	94.5	289	16	0	1	289	1	289	3.45e-182	514
KDHFCO_02335	HAGFLF_02785	98.9	95	1	0	1	95	1	95	1.91e-59	184
KDHFCO_02335	MDDIOL_00270	98.9	95	1	0	1	95	290	384	6.74e-57	184
KDHFCO_02335	HNNKEJ_13210	90.5	95	9	0	1	95	1	95	5.91e-54	169
KDHFCO_02335	CDIIGJ_10555	79.2	96	19	1	1	95	1	96	6.71e-47	151
KDHFCO_02340	HAGFLF_02785	87.4	215	27	0	1	215	103	317	2.49e-127	362
KDHFCO_02340	MDDIOL_00270	87.4	215	27	0	1	215	392	606	1.80e-123	362
KDHFCO_02340	HNNKEJ_13210	67.8	214	69	0	1	214	103	316	4.05e-98	287
KDHFCO_02340	CDIIGJ_10555	66.7	213	71	0	2	214	105	317	2.51e-94	278
KDHFCO_02340	AOEAIB_01860	54.5	213	97	0	2	214	104	316	2.51e-74	227
KDHFCO_02340	DNKGCI_05625	55.4	213	95	0	2	214	104	316	9.91e-71	218
KDHFCO_02340	LBKFJK_06550	52.1	213	102	0	2	214	104	316	2.56e-68	211
KDHFCO_02340	IAFHMK_01690	51.9	210	101	0	4	213	106	315	1.40e-65	204
KDHFCO_02340	DDDLLA_02210	50.0	204	102	0	9	212	111	314	3.38e-63	198
KDHFCO_02345	DDDLLA_02215	86.3	452	62	0	1	452	1	452	6.07e-279	761
KDHFCO_02350	AAKGEC_00620	91.6	238	20	0	1	238	1	238	6.36e-157	434
KDHFCO_02350	IAFHMK_05680	68.9	238	74	0	1	238	1	238	3.78e-112	321
KDHFCO_02350	DDDLLA_03315	65.4	237	82	0	1	237	1	237	1.31e-105	304
KDHFCO_02350	LBKFJK_04280	65.4	237	82	0	1	237	1	237	2.16e-104	301
KDHFCO_02350	CNLKLD_00640	62.6	238	89	0	1	238	1	238	1.11e-99	289
KDHFCO_02350	CJHCCN_01520	62.4	237	89	0	1	237	24	260	2.80e-98	286
KDHFCO_02350	DNKGCI_11110	60.8	237	93	0	1	237	1	237	1.22e-96	281
KDHFCO_02350	BGHOFK_04675	62.2	238	90	0	1	238	1	238	2.00e-95	278
KDHFCO_02350	DNKGCI_07140	53.6	235	109	0	1	235	1	235	6.68e-84	249
KDHFCO_02355	BCFLNJ_00455	94.4	161	2	1	1	161	1	154	1.56e-104	295
KDHFCO_02355	HNNKEJ_13225	70.8	161	46	1	1	161	1	160	3.26e-80	234
KDHFCO_02355	DNKGCI_11105	68.3	161	51	0	1	161	1	161	5.31e-77	226
KDHFCO_02355	CDIIGJ_10570	66.3	160	54	0	1	160	1	160	5.06e-75	221
KDHFCO_02355	LBKFJK_04285	65.6	160	55	0	1	160	1	160	1.45e-74	219
KDHFCO_02355	DDDLLA_03320	64.0	161	58	0	1	161	1	161	2.92e-74	219
KDHFCO_02355	IAFHMK_05675	63.6	162	58	1	1	161	1	162	3.02e-74	219
KDHFCO_02355	AANGNE_05915	60.2	161	64	0	1	161	1	161	2.52e-68	204
KDHFCO_02355	DNKGCI_05635	58.4	161	67	0	1	161	1	161	4.81e-66	198
KDHFCO_02355	LBKFJK_06540	57.1	161	69	0	1	161	1	161	2.77e-65	196
KDHFCO_02355	BGHOFK_04670	55.9	161	71	0	1	161	1	161	1.31e-63	192
KDHFCO_02355	DDDLLA_02220	53.8	160	74	0	1	160	1	160	2.22e-62	189
KDHFCO_02355	GNOKMM_00985	52.8	159	70	2	1	158	1	155	2.21e-54	168
KDHFCO_02355	DNKGCI_07135	49.4	154	78	0	7	160	5	158	2.28e-54	168
KDHFCO_02355	CNLKLD_00645	49.1	163	81	1	1	161	1	163	8.52e-53	164
KDHFCO_02355	DBFGIH_06580	46.3	160	82	1	6	161	7	166	3.27e-51	160
KDHFCO_02355	CJHCCN_09490	45.2	166	86	2	1	161	1	166	4.64e-51	160
KDHFCO_02355	AMCIGH_08855	46.8	158	83	1	4	161	5	161	8.67e-50	157
KDHFCO_02355	CNLKLD_00635	51.4	146	71	0	16	161	6	151	2.69e-45	156
KDHFCO_02360	BGHOFK_04665	84.0	524	71	5	1	520	1	515	4.67e-298	815
KDHFCO_02360	DNKGCI_07130	71.5	519	139	3	1	519	1	510	5.77e-260	718
KDHFCO_02360	CNLKLD_00635	73.2	523	121	5	3	520	166	674	1.50e-257	718
KDHFCO_02360	DBFGIH_07715	64.8	523	171	6	1	519	1	514	1.72e-222	623
KDHFCO_02360	DDDLLA_03325	53.4	552	219	7	1	520	1	546	2.53e-177	509
KDHFCO_02360	ABCLFC_02505	98.8	241	3	0	1	241	1	241	4.58e-158	450
KDHFCO_02360	BGHOFK_02935	35.4	526	279	14	1	514	1	477	7.18e-72	240
KDHFCO_02360	CNLKLD_06030	33.3	528	291	14	1	513	1	482	3.85e-66	225
KDHFCO_02360	JIGPNC_03510	33.7	498	276	11	7	502	6	451	3.30e-65	222
KDHFCO_02360	DNKGCI_11580	33.2	509	275	12	3	497	4	461	8.10e-63	216
KDHFCO_02360	PHNKGJ_02305	31.8	490	278	9	7	494	6	441	1.44e-58	204
KDHFCO_02360	GEDPFN_08620	33.0	509	282	13	1	502	1	457	3.99e-57	201
KDHFCO_02360	BDEBFB_07105	33.8	464	254	11	3	453	4	427	2.63e-56	198
KDHFCO_02360	CJHCCN_07355	30.8	506	301	10	1	505	1	458	7.71e-54	191
KDHFCO_02360	AANGNE_08360	32.1	514	280	14	1	502	1	457	8.92e-54	191
KDHFCO_02360	JAIDNN_07690	31.0	525	293	13	1	513	175	642	2.25e-53	192
KDHFCO_02360	BGHOFK_00615	31.7	521	300	14	1	517	1	469	4.35e-53	189
KDHFCO_02360	EJEPOM_07410	29.3	508	292	13	4	504	3	450	2.19e-52	187
KDHFCO_02360	BDEBFB_07090	30.4	497	282	13	3	490	2	443	7.79e-51	183
KDHFCO_02360	PLIDEH_07035	31.1	515	285	14	1	502	1	458	1.11e-50	183
KDHFCO_02360	BPDDPD_04225	29.2	449	266	7	6	454	7	403	2.55e-49	179
KDHFCO_02360	GEDPFN_03060	28.2	521	316	12	3	519	4	470	4.96e-49	178
KDHFCO_02360	CJHCCN_02135	29.1	516	295	14	3	511	2	453	1.81e-48	176
KDHFCO_02360	DDDLLA_06080	28.0	482	297	11	3	484	2	433	8.15e-47	172
KDHFCO_02360	AJKPDP_02710	30.1	518	287	18	11	512	19	477	1.37e-46	171
KDHFCO_02365	ABCBPP_02800	88.9	769	85	0	1	769	1	769	0.0	1395
KDHFCO_02365	CDIIGJ_10580	73.6	769	203	0	1	769	1	769	0.0	1158
KDHFCO_02365	HNNKEJ_13235	72.7	774	205	2	2	769	4	777	0.0	1141
KDHFCO_02365	DNKGCI_11095	68.0	768	242	2	5	768	4	771	0.0	1068
KDHFCO_02365	OFBCLB_00565	65.0	775	263	4	1	769	1	773	0.0	1019
KDHFCO_02365	LBKFJK_04295	63.5	773	277	2	1	768	1	773	0.0	991
KDHFCO_02365	DNKGCI_07125	58.1	767	317	2	5	767	4	770	0.0	943
KDHFCO_02365	DDKKPM_02795	27.5	760	487	23	22	766	16	726	8.18e-73	251
KDHFCO_02365	AANGNE_02530	27.3	794	483	34	6	763	13	748	5.35e-64	227
KDHFCO_02365	IAFHMK_08315	25.7	793	485	29	3	746	10	747	4.95e-61	219
KDHFCO_02365	LBKFJK_09980	25.9	792	467	30	3	737	10	738	8.04e-60	216
KDHFCO_02365	ELEKDE_01320	26.5	788	488	32	6	759	13	743	9.53e-60	215
KDHFCO_02365	JAFLJO_08395	26.4	793	480	28	3	746	6	743	1.11e-57	209
KDHFCO_02365	ACDDAG_05705	25.8	787	480	30	5	742	9	740	5.36e-57	207
KDHFCO_02365	ABJDJH_08710	24.4	783	502	27	6	746	12	746	8.94e-56	204
KDHFCO_02365	CEHAJH_06470	25.9	781	480	31	22	758	25	750	3.35e-51	191
KDHFCO_02365	JAFLJO_08420	25.9	726	430	27	23	732	29	662	9.21e-48	179
KDHFCO_02365	HNNKEJ_13350	25.7	717	433	29	23	727	20	648	1.11e-47	179
KDHFCO_02365	ACDDAG_05725	26.1	729	438	28	13	727	9	650	7.11e-47	177
KDHFCO_02365	IAFHMK_08335	25.2	737	449	30	14	736	10	658	9.61e-44	167
KDHFCO_02365	LBKFJK_09960	26.2	741	436	30	14	736	10	657	4.51e-42	162
KDHFCO_02370	GGBAMG_03330	100	221	0	0	1	221	1	221	2.24e-154	426
KDHFCO_02370	ACIHME_09040	74.8	218	53	1	1	216	1	218	7.15e-109	311
KDHFCO_02370	AANGNE_02535	71.6	218	60	1	1	216	1	218	2.41e-102	295
KDHFCO_02370	ACDDAG_05730	69.5	223	66	1	1	221	1	223	5.57e-102	294
KDHFCO_02370	DDKKPM_02810	69.5	220	65	1	1	218	1	220	3.00e-101	292
KDHFCO_02375	ABCBPP_02810	91.0	255	23	0	1	255	14	268	2.48e-186	510
KDHFCO_02375	HNNKEJ_13245	68.1	254	80	1	1	254	1	253	9.32e-143	400
KDHFCO_02375	BGHOFK_08580	59.8	254	102	0	1	254	1	254	4.20e-122	347
KDHFCO_02375	IAFHMK_01670	57.1	254	108	1	1	254	1	253	4.83e-114	327
KDHFCO_02375	LBIEGE_09190	88.1	160	19	0	1	160	1	160	8.97e-109	312
KDHFCO_02375	LBKFJK_06530	54.2	253	115	1	1	253	1	252	2.20e-107	310
KDHFCO_02380	AAKGEC_00590	83.7	233	35	2	1	232	1	231	4.99e-55	175
KDHFCO_02385	CDIIGJ_10595	89.3	149	15	1	1	148	1	149	5.36e-94	268
KDHFCO_02385	CJHCCN_09475	70.5	149	43	1	1	148	6	154	3.61e-70	207
KDHFCO_02390	AKPIPJ_05440	83.1	172	29	0	1	172	1	172	1.70e-106	301
KDHFCO_02390	IAFHMK_01655	66.3	172	58	0	1	172	1	172	4.33e-79	232
KDHFCO_02390	KJJMGA_01665	63.7	171	62	0	1	171	1	171	4.77e-75	222
KDHFCO_02390	BIHALF_03950	63.4	161	59	0	10	170	9	169	1.39e-70	210
KDHFCO_02395	CDIIGJ_10600	81.6	386	70	1	10	395	1	385	1.53e-220	613
KDHFCO_02395	HNNKEJ_13260	68.9	408	111	3	1	395	1	405	5.38e-194	546
KDHFCO_02395	IAFHMK_01650	70.2	396	114	2	1	393	1	395	1.65e-192	543
KDHFCO_02395	LBKFJK_06510	63.3	406	135	2	1	393	1	405	2.19e-175	500
KDHFCO_02395	DBFGIH_06595	65.0	386	127	4	10	393	1	380	5.39e-167	477
KDHFCO_02395	CNLKLD_00600	64.2	386	129	5	10	392	1	380	1.21e-164	471
KDHFCO_02395	OFBCLB_02715	63.2	397	130	4	10	393	1	394	3.60e-164	471
KDHFCO_02395	IAFHMK_04240	55.3	403	158	10	2	393	33	424	1.17e-136	399
KDHFCO_02395	MFAILH_05270	52.5	396	167	8	6	392	31	414	6.67e-132	387
KDHFCO_02395	AAKGEC_07325	55.1	383	139	5	39	393	46	423	1.17e-130	384
KDHFCO_02395	LBKFJK_03000	51.9	393	155	5	29	393	50	436	1.20e-128	382
KDHFCO_02395	DNKGCI_03010	52.9	403	156	6	20	393	46	443	1.04e-126	378
KDHFCO_02395	KDEKFF_10370	48.1	395	184	7	6	391	19	401	1.56e-114	342
KDHFCO_02395	BEGLKA_08640	91.6	215	18	0	245	459	1	215	1.49e-112	330
KDHFCO_02395	CMMBIF_02760	49.2	360	150	5	64	395	1	355	2.26e-110	330
KDHFCO_02405	AAKGEC_00565	94.7	247	13	0	1	247	1	247	4.88e-173	476
KDHFCO_02405	CJHCCN_09445	73.3	247	65	1	1	247	24	269	9.20e-127	360
KDHFCO_02405	IAFHMK_04115	71.7	247	69	1	1	247	1	246	2.37e-126	358
KDHFCO_02410	AJGINB_04670	83.5	261	43	0	1	261	1	261	5.36e-155	432
KDHFCO_02410	HNNKEJ_13275	68.7	262	79	1	1	262	1	259	2.59e-128	363
KDHFCO_02415	AAKGEC_00555	94.5	163	9	0	1	163	1	163	3.70e-110	310
KDHFCO_02415	DDDLLA_02260	49.1	163	80	2	1	161	1	162	1.67e-48	154
KDHFCO_02420	DFCDFN_00315	82.1	179	32	0	1	179	1	179	1.03e-102	292
KDHFCO_02425	BGHOFK_08630	85.6	376	54	0	1	376	1	376	1.63e-239	655
KDHFCO_02430	CPNLII_02110	88.4	533	62	0	1	533	52	584	0.0	954
KDHFCO_02430	MOJHOD_00005	75.1	201	50	0	335	535	1	201	4.55e-93	282
KDHFCO_02435	OECBDL_04210	79.5	288	45	2	1	274	1	288	6.58e-136	385
KDHFCO_02435	GFMPDI_02220	99.1	110	1	0	169	278	1	110	1.32e-61	189
KDHFCO_02440	ABNNBP_03300	100	185	0	0	1	185	1	185	9.55e-135	374
KDHFCO_02445	ABCLFC_02700	86.0	293	41	0	1	293	1	293	1.38e-137	390
KDHFCO_02450	ABCLFC_02710	97.4	190	5	0	1	190	1	190	3.30e-133	370
KDHFCO_02450	PLIDEH_02255	63.2	193	68	1	1	190	1	193	1.05e-83	245
KDHFCO_02455	ABCLFC_02715	96.8	187	6	0	1	187	1	187	2.82e-128	357
KDHFCO_02455	PLIDEH_02260	94.9	177	9	0	2	178	1	177	2.74e-114	328
KDHFCO_02460	ABCLFC_02720	97.5	163	4	0	1	163	1	163	1.64e-122	341
KDHFCO_02460	PLIDEH_02260	49.4	160	80	1	1	159	178	337	1.06e-45	152
KDHFCO_02465	FIHDIM_02295	99.3	144	1	0	1	144	54	197	4.66e-102	290
KDHFCO_02465	BCFLNJ_00320	97.8	137	3	0	1	137	1	137	2.89e-94	268
KDHFCO_02470	ABNNBP_03330	99.3	152	1	0	1	152	1	152	1.09e-108	305
KDHFCO_02475	GHCKID_06985	89.1	304	33	0	1	304	1	304	1.03e-192	530
KDHFCO_02475	AANGNE_02105	53.6	306	139	2	1	304	1	305	1.37e-111	325
KDHFCO_02475	IAFHMK_06925	36.9	298	181	5	1	292	5	301	4.14e-56	183
KDHFCO_02475	CNLKLD_01560	34.8	313	188	6	2	301	6	315	2.91e-54	179
KDHFCO_02475	DDDLLA_03935	36.5	310	187	5	1	300	1	310	8.05e-53	175
KDHFCO_02475	BGHOFK_03765	35.5	310	190	5	2	301	6	315	9.68e-53	175
KDHFCO_02475	AANGNE_00875	30.9	307	202	3	2	300	6	310	6.28e-52	172
KDHFCO_02475	AANGNE_06610	32.8	305	193	4	2	297	6	307	1.09e-47	162
KDHFCO_02480	DDDLLA_02285	86.2	247	33	1	5	250	3	249	1.08e-150	422
KDHFCO_02480	ACNHAK_04710	42.7	234	134	0	9	242	3	236	1.27e-58	187
KDHFCO_02480	CMMAPM_09560	41.2	228	134	0	12	239	6	233	2.10e-55	179
KDHFCO_02490	PHBBGM_10320	81.4	156	26	1	1	153	1	156	4.21e-88	254
KDHFCO_02490	BGHOFK_08650	70.6	153	45	0	1	153	1	153	2.24e-73	217
KDHFCO_02490	AANGNE_08275	69.3	153	47	0	1	153	1	153	1.83e-72	214
KDHFCO_02495	AAKGEC_00515	90.2	184	18	0	1	184	1	184	8.32e-115	323
KDHFCO_02495	BGHOFK_08655	70.1	184	55	0	1	184	1	184	6.56e-89	258
KDHFCO_02495	AANGNE_08280	65.8	184	63	0	1	184	1	184	5.12e-86	250
KDHFCO_02500	NAECHE_07625	96.8	218	6	1	1	217	1	218	1.46e-145	404
KDHFCO_02500	KFHBHO_01280	55.9	211	92	1	3	213	1	210	1.16e-75	228
KDHFCO_02505	ABCLFC_02770	99.7	344	1	0	1	344	1	344	3.05e-194	537
KDHFCO_02505	IAFHMK_02985	73.5	351	82	3	4	344	5	354	1.63e-122	356
KDHFCO_02505	CDIIGJ_04600	62.3	329	119	4	18	344	19	344	1.96e-103	307
KDHFCO_02505	OAEMLE_12830	57.9	171	69	1	177	344	64	234	2.94e-67	211
KDHFCO_02505	FLAJND_11760	57.9	171	69	1	177	344	292	462	1.67e-64	211
KDHFCO_02510	CFBGPF_07120	83.3	395	65	1	1	394	1	395	2.83e-187	524
KDHFCO_02510	CMMBIF_07090	70.6	395	109	5	1	394	12	400	6.72e-136	394
KDHFCO_02510	CDIIGJ_04595	58.8	386	149	5	3	380	8	391	2.87e-109	325
KDHFCO_02510	DHALJH_05995	74.6	193	48	1	202	394	81	272	1.52e-100	299
KDHFCO_02510	BNBIEO_09290	65.2	184	63	1	211	394	24	206	1.47e-86	261
KDHFCO_02515	AAKGEC_00505	92.8	1070	67	1	1	1070	1	1060	0.0	1944
KDHFCO_02515	HNNKEJ_13310	73.2	1071	267	4	1	1070	1	1052	0.0	1540
KDHFCO_02515	BGHOFK_08665	72.5	1071	275	4	1	1070	1	1052	0.0	1518
KDHFCO_02515	IAFHMK_08975	68.8	1108	306	6	1	1070	1	1106	0.0	1459
KDHFCO_02515	AANGNE_01640	66.3	1070	329	3	1	1070	1	1038	0.0	1382
KDHFCO_02515	DNKGCI_05715	65.7	1073	336	5	1	1070	1	1044	0.0	1374
KDHFCO_02515	CNLKLD_00895	65.0	1072	348	5	1	1070	1	1047	0.0	1370
KDHFCO_02515	DDDLLA_02295	61.8	1073	378	6	1	1070	1	1044	0.0	1261
KDHFCO_02520	EHLNLG_12795	94.8	328	17	0	1	328	1	328	1.73e-222	608
KDHFCO_02520	IAFHMK_08300	66.2	328	108	1	1	328	2	326	1.30e-147	418
KDHFCO_02520	JAFLJO_08380	61.3	328	124	1	1	328	1	325	1.89e-137	392
KDHFCO_02520	LBKFJK_09995	59.8	328	129	1	1	328	1	325	2.82e-127	366
KDHFCO_02520	ACDDAG_05690	56.0	327	139	2	1	325	1	324	5.01e-121	350
KDHFCO_02525	ABJDJH_08720	84.6	130	20	0	1	130	1	130	1.10e-73	215
KDHFCO_02525	JAFLJO_08385	61.1	131	51	0	1	131	1	131	4.87e-50	155
KDHFCO_02535	ABJDJH_08710	89.1	769	84	0	1	769	1	769	0.0	1385
KDHFCO_02535	IAFHMK_08315	72.0	764	214	0	4	767	5	768	0.0	1135
KDHFCO_02535	JAFLJO_08395	70.9	764	222	0	4	767	1	764	0.0	1126
KDHFCO_02535	LBKFJK_09980	71.5	766	218	0	2	767	3	768	0.0	1126
KDHFCO_02535	ACDDAG_05705	65.9	757	255	3	12	767	10	764	0.0	1016
KDHFCO_02535	DDKKPM_02795	36.3	736	416	12	19	743	8	701	8.41e-142	434
KDHFCO_02535	HNNKEJ_13350	36.2	447	247	10	292	738	251	659	1.78e-81	273
KDHFCO_02535	CEHAJH_06470	26.7	760	475	16	12	734	10	724	8.61e-81	273
KDHFCO_02535	ELEKDE_01320	27.5	752	475	21	12	737	13	720	6.42e-78	266
KDHFCO_02535	ACDDAG_05725	27.8	730	418	19	25	734	17	657	5.02e-77	261
KDHFCO_02535	JAFLJO_08420	28.5	734	416	26	20	734	21	664	5.82e-77	261
KDHFCO_02535	AANGNE_02530	26.4	746	486	20	12	734	13	718	4.15e-76	261
KDHFCO_02535	IAFHMK_08335	28.7	731	405	22	25	732	17	654	1.19e-72	249
KDHFCO_02535	LBKFJK_09960	33.1	447	261	11	290	736	249	657	1.06e-70	244
KDHFCO_02535	LBKFJK_04295	26.7	789	479	29	8	741	2	746	3.44e-63	225
KDHFCO_02535	DNKGCI_07125	25.3	766	479	23	28	742	22	745	3.17e-55	202
KDHFCO_02535	HNNKEJ_13235	23.8	797	487	27	12	742	8	750	3.77e-52	194
KDHFCO_02535	DNKGCI_11095	23.8	785	493	27	12	739	5	741	1.85e-50	189
KDHFCO_02535	CDIIGJ_10580	24.4	791	492	26	12	746	6	746	4.95e-49	184
KDHFCO_02535	ABCBPP_02800	23.3	776	515	26	13	746	9	746	5.94e-47	178
KDHFCO_02535	OFBCLB_00565	24.7	780	458	27	28	738	23	742	2.16e-45	174
KDHFCO_02540	ABJDJH_08705	95.0	421	21	0	1	421	1	421	6.53e-299	808
KDHFCO_02540	OFBCLB_10250	72.3	426	113	3	1	421	1	426	7.76e-223	616
KDHFCO_02540	AECHFI_03610	69.7	419	125	1	1	419	1	417	1.27e-217	603
KDHFCO_02540	IAFHMK_08320	44.9	430	221	7	1	419	1	425	1.75e-116	346
KDHFCO_02540	JAFLJO_08400	42.2	429	233	6	1	419	1	424	2.13e-103	313
KDHFCO_02545	DNKIME_02630	84.6	298	46	0	3	300	7	304	2.08e-177	491
KDHFCO_02545	LBKFJK_09970	69.6	303	91	1	3	304	7	309	1.03e-138	394
KDHFCO_02545	IAFHMK_08325	65.0	297	103	1	3	298	8	304	4.69e-132	377
KDHFCO_02545	MBBCIM_01750	79.7	172	35	0	1	172	1	172	2.29e-88	261
KDHFCO_02550	MHGLEN_02250	98.2	281	1	1	1	281	1	277	3.22e-191	524
KDHFCO_02550	DFCDFN_10140	64.9	279	97	1	3	281	4	281	1.56e-125	358
KDHFCO_02550	IJBMGP_07265	40.1	272	148	4	15	281	10	271	6.56e-59	188
KDHFCO_02550	HNNKEJ_05995	37.2	282	164	5	4	281	4	276	2.92e-55	179
KDHFCO_02550	DDKKPM_02775	35.8	279	174	3	5	281	3	278	2.73e-50	166
KDHFCO_02550	ABCLFC_04630	36.2	276	161	5	16	281	16	286	1.39e-45	154
KDHFCO_02555	BPDDPD_05540	98.2	217	4	0	1	217	1	217	7.82e-148	409
KDHFCO_02555	DDDLLA_02300	72.0	211	59	0	7	217	6	216	8.20e-108	308
KDHFCO_02555	AANGNE_01645	70.2	215	64	0	3	217	2	216	1.63e-105	302
KDHFCO_02555	CNLKLD_07045	65.4	211	73	0	7	217	10	220	1.89e-100	290
KDHFCO_02560	CGMKCF_06805	96.8	278	9	0	1	278	11	288	6.78e-188	516
KDHFCO_02560	CNLKLD_07040	70.9	278	81	0	1	278	1	278	6.81e-136	384
KDHFCO_02565	AAKGEC_00490	89.6	279	29	0	1	279	1	279	7.07e-179	493
KDHFCO_02565	IAFHMK_08990	63.3	283	96	2	2	277	1	282	2.33e-122	350
KDHFCO_02565	LBKFJK_06450	60.6	279	106	2	2	277	1	278	3.78e-118	339
KDHFCO_02565	DDDLLA_02310	60.0	280	107	2	2	277	1	279	4.07e-111	322
KDHFCO_02565	DNKGCI_05730	59.9	282	105	4	2	277	1	280	2.61e-109	317
KDHFCO_02565	CNLKLD_07035	59.1	279	109	3	1	274	1	279	1.03e-106	310
KDHFCO_02565	BLCAGE_01750	55.5	274	115	3	6	279	16	282	5.60e-99	291
KDHFCO_02570	AAKGEC_00485	81.3	406	73	1	1	406	1	403	3.38e-233	641
KDHFCO_02570	BGHOFK_08685	55.9	406	174	2	1	406	1	401	1.00e-148	427
KDHFCO_02570	HNNKEJ_00015	68.7	227	71	0	180	406	2	228	2.96e-105	310
KDHFCO_02575	AAKGEC_00480	86.2	218	30	0	1	218	1	218	4.87e-126	354
KDHFCO_02575	BGHOFK_08690	71.8	220	59	2	1	218	1	219	1.22e-103	298
KDHFCO_02575	HNNKEJ_00020	71.1	218	62	1	1	218	1	217	9.28e-103	295
KDHFCO_02575	DNKGCI_05735	61.6	203	77	1	16	217	23	225	2.11e-77	231
KDHFCO_02575	LBKFJK_06445	58.4	221	88	2	1	217	1	221	7.25e-77	230
KDHFCO_02575	IAFHMK_08995	64.4	177	61	2	42	218	34	208	2.56e-74	223
KDHFCO_02575	DDDLLA_02315	56.5	191	81	1	29	217	33	223	1.87e-70	214
KDHFCO_02575	CNLKLD_07030	55.4	195	85	2	24	217	7	200	1.41e-69	211
KDHFCO_02575	BNBIEO_05555	56.5	191	81	2	29	218	4	193	1.84e-68	207
KDHFCO_02580	BCGFPE_10410	100	91	0	0	1	91	7	97	1.74e-57	171
KDHFCO_02585	EHLNLG_12860	76.4	165	39	0	1	165	5	169	1.05e-95	273
KDHFCO_02585	EBABJH_05730	74.2	163	42	0	1	163	1	163	2.51e-90	263
KDHFCO_02585	DIBOGN_07195	70.3	165	49	0	1	165	1	165	1.42e-83	243
KDHFCO_02585	BCFLNJ_00220	92.3	104	8	0	1	104	1	104	4.40e-67	199
KDHFCO_02590	AAKGEC_00465	78.1	169	37	0	1	169	1	169	7.47e-97	276
KDHFCO_02590	ONPFCC_02665	98.2	114	2	0	1	114	1	114	5.42e-78	227
KDHFCO_02595	PEPBIK_02865	98.3	181	3	0	1	181	1	181	6.44e-132	366
KDHFCO_02595	AAKGEC_00460	74.4	180	46	0	1	180	1	180	1.05e-101	290
KDHFCO_02595	DIBOGN_07160	75.6	176	43	0	3	178	9	184	3.43e-98	281
KDHFCO_02600	ABCLFC_02830	97.8	267	6	0	1	267	1	267	4.60e-194	530
KDHFCO_02600	AKOOIJ_06075	71.5	267	76	0	1	267	1	267	1.99e-145	407
KDHFCO_02605	CEHNAA_02655	99.6	269	1	0	1	269	1	269	1.02e-185	509
KDHFCO_02605	IAFHMK_04250	63.2	269	99	0	1	269	1	269	1.19e-109	317
KDHFCO_02605	NAECHE_10365	59.5	269	109	0	1	269	1	269	1.95e-108	314
KDHFCO_02605	PEPBIK_13730	57.5	268	114	0	1	268	1	268	7.02e-104	302
KDHFCO_02605	CNLKLD_05825	45.6	270	145	1	1	268	1	270	6.02e-76	231
KDHFCO_02605	HNNKEJ_12855	43.2	271	152	1	1	269	1	271	6.02e-65	203
KDHFCO_02610	AAKGEC_00450	84.6	241	37	0	1	241	1	241	1.32e-139	390
KDHFCO_02610	NAECHE_10370	67.6	241	77	1	1	240	1	241	1.21e-107	310
KDHFCO_02610	PEPBIK_13735	65.4	240	83	0	1	240	1	240	2.83e-106	306
KDHFCO_02610	IAFHMK_04245	64.4	239	85	0	1	239	1	239	4.02e-106	306
KDHFCO_02610	CNLKLD_05820	55.0	222	100	0	2	223	3	224	1.53e-75	228
KDHFCO_02610	HNNKEJ_12860	50.4	232	115	0	10	241	3	234	7.21e-72	219
KDHFCO_02615	AAKGEC_00445	72.8	136	37	0	1	136	26	161	3.82e-68	202
KDHFCO_02615	ACPHPF_10415	97.6	85	2	0	1	85	17	101	1.42e-53	164
KDHFCO_02620	ABCLFC_02850	98.4	125	2	0	1	125	1	125	1.66e-72	211
KDHFCO_02620	AAKGEC_00440	62.1	124	47	0	1	124	1	124	8.76e-52	159
KDHFCO_02625	AAKGEC_00435	93.4	381	25	0	1	381	1	381	6.44e-256	696
KDHFCO_02625	CNLKLD_05685	37.4	382	221	6	1	374	1	372	1.91e-75	238
KDHFCO_02625	BGHOFK_07175	34.2	354	215	6	22	365	3	348	8.53e-59	194
KDHFCO_02625	DDDLLA_01980	34.7	357	214	7	22	370	3	348	5.08e-55	184
KDHFCO_02625	IAFHMK_04165	34.0	371	209	9	29	372	10	371	2.45e-54	183
KDHFCO_02630	JAIDNN_03395	99.7	292	1	0	1	292	1	292	6.49e-176	487
KDHFCO_02630	HNNKEJ_04820	66.4	262	85	2	31	292	31	289	1.12e-88	265
KDHFCO_02630	DNKGCI_05765	75.0	160	40	0	133	292	50	209	8.00e-80	240
KDHFCO_02630	LBKFJK_06410	69.4	160	49	0	133	292	43	202	3.23e-75	228
KDHFCO_02635	DBDHAK_11915	95.6	549	24	0	1	549	13	561	0.0	1019
KDHFCO_02635	CDIIGJ_04550	66.3	549	184	1	1	549	1	548	1.19e-261	725
KDHFCO_02635	LBKFJK_06405	64.6	545	192	1	1	545	9	552	1.27e-253	705
KDHFCO_02635	GCFKAO_09000	48.2	537	266	5	18	547	22	553	6.25e-169	489
KDHFCO_02635	DNKGCI_00815	44.9	557	295	4	1	547	1	555	3.47e-158	462
KDHFCO_02635	DNKGCI_10480	47.3	546	280	4	2	545	2	541	2.76e-157	459
KDHFCO_02635	DDDLLA_09065	45.5	558	282	7	1	543	1	551	9.27e-153	448
KDHFCO_02635	BGHOFK_04425	44.4	545	300	3	1	545	7	548	3.59e-151	444
KDHFCO_02635	IAFHMK_08890	44.9	563	291	7	1	549	1	558	2.88e-149	439
KDHFCO_02635	AANGNE_01115	44.6	560	296	6	1	549	1	557	3.16e-148	437
KDHFCO_02635	CNLKLD_00880	44.9	559	286	6	1	545	1	551	5.75e-148	436
KDHFCO_02635	NAFEBK_07190	57.9	171	72	0	45	215	1	171	1.55e-61	202
KDHFCO_02640	MCFIIO_08320	94.2	310	17	1	1	310	1	309	1.93e-205	563
KDHFCO_02640	CDIIGJ_03410	69.0	306	94	1	1	306	1	305	4.41e-143	405
KDHFCO_02640	BGHOFK_01730	62.5	304	114	0	1	304	1	304	1.82e-130	373
KDHFCO_02640	CNLKLD_07195	60.3	302	120	0	3	304	4	305	2.62e-119	345
KDHFCO_02640	DNKGCI_05700	43.5	306	165	5	4	304	2	304	4.70e-75	232
KDHFCO_02645	CDIIGJ_04540	74.9	362	89	2	1	361	1	361	1.03e-170	479
KDHFCO_02645	MKCKPI_03550	73.3	367	92	1	1	361	1	367	6.98e-156	442
KDHFCO_02645	IAFHMK_10790	61.5	361	130	5	1	361	1	352	3.69e-135	389
KDHFCO_02645	DDDLLA_02340	56.6	371	145	5	1	361	1	365	2.69e-128	372
KDHFCO_02645	DNKGCI_05775	59.0	371	137	3	1	361	1	366	1.70e-124	362
KDHFCO_02645	CNLKLD_07900	56.7	307	127	3	1	302	1	306	4.80e-107	315
KDHFCO_02645	KAAGFE_00985	49.5	372	124	6	1	361	1	319	1.34e-99	297
KDHFCO_02645	DFOKEG_14585	34.1	372	205	9	25	361	60	426	3.42e-44	158
KDHFCO_02650	ABCBPP_03010	76.2	210	50	0	1	210	1	210	2.00e-121	342
KDHFCO_02650	BGHOFK_08720	64.8	210	72	1	1	210	1	208	3.18e-99	286
KDHFCO_02650	CDIIGJ_04535	63.6	209	76	0	1	209	1	209	1.90e-98	284
KDHFCO_02650	HNNKEJ_00055	64.6	209	71	2	1	209	1	206	2.97e-95	276
KDHFCO_02650	LBKFJK_06390	58.1	210	86	1	1	210	1	208	5.73e-88	257
KDHFCO_02650	IAFHMK_10785	58.7	208	84	1	1	208	1	206	1.22e-84	249
KDHFCO_02650	DDDLLA_11365	56.2	210	90	1	1	210	1	208	1.76e-82	243
KDHFCO_02650	DNKGCI_05800	57.1	210	88	1	1	210	1	208	2.49e-82	243
KDHFCO_02650	JFBCPF_02090	56.5	209	88	2	1	208	1	207	7.19e-80	238
KDHFCO_02650	CNLKLD_04585	50.0	206	101	1	3	208	5	208	8.05e-69	209
KDHFCO_02655	ABJDJH_08590	90.7	696	61	1	1	692	1	696	0.0	1226
KDHFCO_02655	IAFHMK_10780	69.9	682	189	6	1	672	1	676	0.0	930
KDHFCO_02655	DNKGCI_05805	70.7	615	175	2	64	673	1	615	1.05e-310	858
KDHFCO_02655	CNLKLD_04580	64.4	672	215	9	30	679	8	677	1.21e-292	815
KDHFCO_02655	AANGNE_01690	61.2	678	228	9	30	675	15	689	5.21e-276	773
KDHFCO_02655	CNLKLD_03020	29.1	656	380	21	27	645	49	656	3.09e-57	207
KDHFCO_02655	AOEAIB_02700	28.4	649	397	19	27	654	67	668	3.09e-57	207
KDHFCO_02660	AAKGEC_00400	88.7	213	24	0	1	213	1	213	1.02e-136	381
KDHFCO_02660	AANGNE_01695	71.6	215	58	1	1	212	1	215	5.74e-107	306
KDHFCO_02660	IAFHMK_10775	68.0	222	61	2	1	212	1	222	1.09e-101	293
KDHFCO_02660	DNKGCI_05810	66.2	228	61	3	1	212	1	228	1.09e-100	290
KDHFCO_02660	DDDLLA_11355	64.9	225	66	1	1	212	1	225	1.74e-99	287
KDHFCO_02660	LBKFJK_06380	64.8	230	64	3	1	213	1	230	2.60e-96	280
KDHFCO_02665	AAKGEC_00395	89.7	174	18	0	1	174	1	174	8.23e-117	327
KDHFCO_02665	IAFHMK_10770	69.5	174	53	0	1	174	1	174	1.64e-91	263
KDHFCO_02665	DNKGCI_05815	68.4	174	55	0	1	174	1	174	3.15e-89	258
KDHFCO_02665	AANGNE_01700	65.9	173	59	0	1	173	1	173	3.62e-86	250
KDHFCO_02665	DDDLLA_11350	60.9	174	68	0	1	174	1	174	1.50e-80	236
KDHFCO_02665	CNLKLD_04570	56.1	171	75	0	1	171	1	171	6.70e-70	209
KDHFCO_02665	PHNKGJ_12880	96.1	77	3	0	1	77	1	77	5.81e-50	155
KDHFCO_02670	EHLNLG_12940	98.5	133	2	0	1	133	14	146	2.43e-92	263
KDHFCO_02675	AAKGEC_00385	92.5	93	7	0	1	93	1	93	3.94e-56	167
KDHFCO_02680	DPKBOM_07170	89.1	256	28	0	3	258	3	258	1.67e-170	470
KDHFCO_02680	IAFHMK_10750	64.7	258	89	1	3	258	3	260	3.61e-121	345
KDHFCO_02680	DDDLLA_11335	66.0	250	85	0	6	255	6	255	4.19e-120	343
KDHFCO_02680	LBKFJK_06360	64.8	256	90	0	4	259	4	259	4.11e-118	338
KDHFCO_02680	DNKGCI_05830	64.3	249	89	0	10	258	5	253	3.87e-117	335
KDHFCO_02680	AANGNE_01715	52.8	252	118	1	3	253	3	254	6.08e-91	269
KDHFCO_02680	BGCGKI_01730	52.8	252	118	1	3	253	85	336	8.42e-90	269
KDHFCO_02680	CNLKLD_04555	53.5	245	113	1	10	253	12	256	1.55e-89	265
KDHFCO_02685	CNLKLD_04550	82.0	422	75	1	1	422	1	421	2.83e-244	671
KDHFCO_02685	AIPJBK_01780	41.8	423	242	3	1	421	1	421	6.66e-111	332
KDHFCO_02695	AAKGEC_00365	97.7	427	10	0	1	427	1	427	1.05e-252	692
KDHFCO_02790	MKCKPI_03695	90.0	637	64	0	1	637	29	665	0.0	1117
KDHFCO_02790	IAFHMK_02560	70.8	648	168	5	1	637	1	638	7.79e-315	867
KDHFCO_02790	EIKFFD_03540	66.6	640	198	5	1	637	1	627	9.19e-299	826
KDHFCO_02790	DNKGCI_02805	66.0	639	203	6	1	637	1	627	5.96e-290	803
KDHFCO_02790	LBKFJK_05990	65.0	637	211	3	1	637	1	625	9.10e-289	800
KDHFCO_02790	OFBCLB_08965	65.1	637	215	2	1	637	1	630	5.45e-282	783
KDHFCO_02790	CNLKLD_07755	64.1	633	208	6	6	637	4	618	1.10e-278	775
KDHFCO_02795	IAFHMK_02555	83.7	449	71	1	1	447	1	449	1.11e-253	696
KDHFCO_02795	BCFLNJ_13320	98.9	183	2	0	1	183	1	183	1.15e-114	333
KDHFCO_02800	AAKGEC_06505	82.6	247	43	0	1	247	1	247	1.98e-137	385
KDHFCO_02800	BGHOFK_05190	42.2	249	142	2	1	247	1	249	6.26e-59	186
KDHFCO_02800	HNNKEJ_05295	39.0	249	149	2	1	246	1	249	3.36e-53	172
KDHFCO_02800	LBKFJK_03530	34.7	248	160	2	1	246	54	301	6.06e-48	160
KDHFCO_02800	DNKGCI_06985	35.7	249	156	3	1	246	1	248	6.15e-48	158
KDHFCO_02800	BNBIEO_08270	37.7	252	150	3	1	246	1	251	5.74e-47	156
KDHFCO_02805	CJHCCN_10300	86.9	452	59	0	1	452	1	452	2.58e-281	767
KDHFCO_02805	BCFLNJ_13295	81.5	313	55	3	1	312	1	311	4.52e-161	457
KDHFCO_02805	AGFMFG_10295	47.8	450	228	2	1	450	17	459	5.99e-140	409
KDHFCO_02805	AGHDIE_09590	31.6	427	269	7	1	422	1	409	1.20e-63	211
KDHFCO_02805	ABCBPP_13475	29.5	430	281	7	1	425	1	413	1.28e-58	198
KDHFCO_02810	ABCLFC_03055	95.4	194	9	0	1	194	1	194	3.97e-111	318
KDHFCO_02815	ABCLFC_03055	97.8	89	2	0	1	89	201	289	8.87e-51	160
KDHFCO_02820	ABCLFC_03060	98.6	421	6	0	1	421	1	421	1.57e-290	787
KDHFCO_02820	EJEPOM_05295	43.4	380	161	8	47	421	241	571	9.60e-79	253
KDHFCO_02820	HNNKEJ_10015	42.9	385	189	8	48	421	61	425	3.01e-77	245
KDHFCO_02820	AIGDEK_11585	42.2	405	194	8	34	421	44	425	1.19e-76	244
KDHFCO_02820	NCNHMD_00080	42.1	382	195	6	48	421	66	429	6.26e-74	237
KDHFCO_02825	ABCLFC_03065	99.1	114	1	0	1	114	1	114	3.02e-81	233
KDHFCO_02825	HNNKEJ_00205	68.2	107	34	0	1	107	1	107	2.01e-53	162
KDHFCO_02830	HNNKEJ_00210	88.0	752	86	2	1	748	1	752	0.0	1256
KDHFCO_02830	ABIMCM_12640	50.7	631	301	5	105	731	78	702	1.07e-204	594
KDHFCO_02830	DDDLLA_01605	49.8	632	305	5	104	731	82	705	1.34e-201	586
KDHFCO_02830	BGHOFK_00325	45.9	699	298	10	107	728	163	858	8.68e-189	559
KDHFCO_02830	BIHALF_08510	47.0	613	314	5	107	708	177	789	1.65e-187	554
KDHFCO_02830	BLCAGE_01905	46.8	613	315	5	107	708	177	789	7.38e-186	550
KDHFCO_02830	DDDLLA_02545	47.3	613	312	5	107	708	176	788	4.02e-185	548
KDHFCO_02830	CNLKLD_01815	47.6	613	310	5	107	708	176	788	1.13e-184	546
KDHFCO_02830	BKOEEG_06540	37.4	629	309	12	106	714	6	569	2.70e-116	363
KDHFCO_02830	AMHKJB_11010	36.4	618	320	11	106	713	6	560	7.45e-115	359
KDHFCO_02830	CBFHCM_10005	37.1	617	317	8	106	713	11	565	1.72e-112	353
KDHFCO_02830	EPKBNI_14320	34.3	638	327	15	107	729	4	564	3.74e-103	328
KDHFCO_02830	KGJGGL_03015	37.7	567	282	10	106	663	6	510	1.47e-96	325
KDHFCO_02835	AAKGEC_06525	96.8	156	5	0	1	156	1	156	5.54e-104	293
KDHFCO_02835	IAFHMK_00170	68.8	157	48	1	1	156	1	157	1.32e-68	204
KDHFCO_02835	CNLKLD_00745	66.2	154	52	0	1	154	1	154	3.31e-64	193
KDHFCO_02840	EJEPOM_11610	99.7	337	1	0	1	337	31	367	9.25e-241	655
KDHFCO_02840	EJEPOM_04945	56.5	338	139	6	1	333	1	335	2.78e-120	349
KDHFCO_02845	AAKGEC_06535	99.5	211	1	0	1	211	1	211	2.58e-154	425
KDHFCO_02850	AKPIPJ_03000	88.7	150	17	0	1	150	1	150	2.12e-98	279
KDHFCO_02850	CDIIGJ_04345	69.5	151	46	0	1	151	1	151	3.64e-77	225
KDHFCO_02850	HNNKEJ_00240	69.4	144	44	0	1	144	1	144	6.78e-75	219
KDHFCO_02850	LBKFJK_02930	66.9	148	49	0	1	148	1	148	3.11e-73	215
KDHFCO_02850	DDDLLA_02990	68.8	144	45	0	1	144	1	144	7.68e-70	207
KDHFCO_02850	DNKGCI_02830	58.4	149	62	0	1	149	1	149	1.40e-65	196
KDHFCO_02850	IAFHMK_03865	61.3	150	56	1	1	150	1	148	3.70e-63	190
KDHFCO_02850	CNLKLD_07785	51.0	149	71	1	1	149	1	147	7.13e-53	164
KDHFCO_02850	AANGNE_07955	57.5	146	57	3	1	144	15	157	7.18e-52	162
KDHFCO_02855	AAKGEC_06545	98.4	692	11	0	1	692	1	692	0.0	1319
KDHFCO_02860	CDIIGJ_04330	82.7	272	44	3	4	273	2	272	8.85e-149	416
KDHFCO_02860	BGHOFK_09495	69.4	268	81	1	4	270	2	269	1.92e-122	350
KDHFCO_02860	IAFHMK_03855	67.0	267	87	1	5	270	3	269	1.82e-115	332
KDHFCO_02860	LBKFJK_02940	60.9	266	103	1	5	269	3	268	2.74e-105	306
KDHFCO_02860	IAFHMK_03850	55.4	267	117	1	5	271	2	266	3.51e-95	280
KDHFCO_02860	DDDLLA_02965	58.8	250	101	1	21	270	23	270	3.36e-94	278
KDHFCO_02860	CNLKLD_00235	56.7	268	112	3	5	270	3	268	4.97e-93	275
KDHFCO_02860	OFBCLB_09205	51.7	259	124	1	15	273	13	270	1.07e-84	254
KDHFCO_02860	DNKGCI_00715	47.4	266	139	1	5	270	3	267	2.73e-82	248
KDHFCO_02860	BNPKDP_03040	98.3	119	2	0	155	273	3	121	8.47e-74	221
KDHFCO_02865	AJANDE_13115	84.7	373	55	1	1	371	1	373	2.73e-228	626
KDHFCO_02865	HNNKEJ_00255	69.5	370	110	1	1	370	1	367	8.00e-189	526
KDHFCO_02865	BGHOFK_09500	61.8	369	138	1	1	369	1	366	3.94e-158	448
KDHFCO_02865	ABCLFC_03115	95.6	136	6	0	180	315	1	136	3.00e-86	258
KDHFCO_02870	AANGNE_07930	96.6	146	5	0	4	149	5	150	6.03e-99	280
KDHFCO_02875	LEOBIF_11090	98.8	245	3	0	1	245	1	245	7.96e-167	460
KDHFCO_02880	AAKGEC_03060	97.2	320	9	0	1	320	1	320	4.83e-218	595
KDHFCO_02880	DBFGIH_09700	75.1	321	75	3	1	320	23	339	1.92e-164	461
KDHFCO_02880	DDDLLA_02940	74.3	323	78	2	1	319	8	329	2.78e-157	442
KDHFCO_02880	CNLKLD_07170	66.1	322	106	2	1	320	1	321	3.36e-142	404
KDHFCO_02885	DNKGCI_02990	86.8	250	33	0	1	250	1	250	2.30e-160	445
KDHFCO_02885	BAFONJ_09505	39.1	271	136	6	1	249	1	264	5.57e-54	174
KDHFCO_02890	ABCLFC_03140	99.0	196	2	0	1	196	1	196	1.43e-130	364
KDHFCO_02890	IAFHMK_08280	70.5	193	57	0	1	193	1	193	9.85e-94	271
KDHFCO_02890	AAKGEC_03070	69.9	196	59	0	1	196	1	196	6.06e-86	251
KDHFCO_02890	GJNFIB_04240	58.3	264	42	1	1	196	1	264	9.97e-86	253
KDHFCO_02890	CNLKLD_07155	65.6	192	66	0	1	192	1	192	9.73e-80	235
KDHFCO_02890	DFCDFN_00615	56.4	195	85	0	1	195	1	195	1.14e-71	215
KDHFCO_02895	AAKGEC_03075	97.8	178	4	0	1	178	1	178	1.41e-119	335
KDHFCO_02895	CNLKLD_07150	71.9	178	50	0	1	178	1	178	4.70e-85	248
KDHFCO_02895	DDDLLA_05660	69.4	170	52	0	1	170	1	170	5.55e-79	232
KDHFCO_02900	AAKGEC_03080	79.2	231	48	0	1	231	1	231	2.13e-124	351
KDHFCO_02900	CDIIGJ_04290	69.9	229	66	1	1	226	1	229	3.84e-104	300
KDHFCO_02900	HNNKEJ_00295	65.3	225	78	0	1	225	1	225	1.86e-99	288
KDHFCO_02900	BGHOFK_09540	62.8	234	84	1	1	231	1	234	1.34e-95	278
KDHFCO_02900	IAFHMK_08270	62.1	227	86	0	1	227	1	227	4.64e-93	272
KDHFCO_02900	DNKGCI_00770	62.9	229	83	2	1	227	1	229	5.74e-92	269
KDHFCO_02900	AANGNE_07880	61.4	228	87	1	1	227	1	228	4.53e-91	267
KDHFCO_02900	DDDLLA_05655	56.1	230	98	2	1	227	1	230	1.54e-82	245
KDHFCO_02900	OBKEOE_03200	97.7	130	3	0	102	231	1	130	1.29e-81	239
KDHFCO_02900	CNLKLD_07145	53.5	228	105	1	1	227	1	228	1.80e-73	222
KDHFCO_02910	LIMBNG_08850	96.1	775	30	0	1	775	1	775	0.0	1363
KDHFCO_02910	GNOKMM_08040	58.9	552	225	2	199	749	5	555	1.66e-200	579
KDHFCO_02910	DBFGIH_00895	40.5	739	420	7	5	734	8	735	5.62e-162	488
KDHFCO_02910	HNNKEJ_05105	37.6	673	403	8	3	667	8	671	1.65e-137	426
KDHFCO_02910	DDDLLA_11280	36.1	670	408	8	5	667	9	665	3.41e-135	420
KDHFCO_02910	MDKGKD_05780	36.2	671	404	8	5	667	10	664	1.29e-130	408
KDHFCO_02910	DNKGCI_10915	34.1	668	421	8	5	664	8	664	2.73e-123	387
KDHFCO_02910	JAPIMJ_06920	28.1	683	405	17	40	645	54	727	1.75e-64	231
KDHFCO_02910	LBKFJK_08710	29.3	683	427	19	21	650	38	717	2.14e-64	230
KDHFCO_02910	DNKGCI_09670	30.2	630	383	18	68	647	2	624	5.24e-62	222
KDHFCO_02910	DDDLLA_09200	28.5	673	418	19	35	650	52	718	3.20e-60	218
KDHFCO_02910	CNLKLD_05120	30.2	635	391	16	64	650	86	716	3.67e-59	215
KDHFCO_02910	EOHHJN_09855	28.9	650	400	17	61	653	83	727	7.21e-59	214
KDHFCO_02910	BGHOFK_00755	25.7	720	452	19	3	647	19	730	6.49e-56	206
KDHFCO_02910	AANGNE_04040	26.6	729	449	22	2	652	18	738	2.19e-55	204
KDHFCO_02910	HNNKEJ_12000	26.2	713	452	21	4	647	32	739	3.18e-46	177
KDHFCO_02910	CNLKLD_02820	24.9	688	433	16	5	631	33	697	6.50e-46	176
KDHFCO_02910	DDDLLA_06035	23.6	682	463	18	24	651	53	730	6.92e-45	173
KDHFCO_02910	BGHOFK_01130	26.3	624	384	22	35	590	72	687	1.45e-42	166
KDHFCO_02910	GKAHPE_00190	23.2	691	454	14	2	631	30	704	9.62e-42	163
KDHFCO_02910	FHIFIE_03450	28.0	553	328	16	161	650	198	743	6.00e-41	161
KDHFCO_02920	AHPAPB_10090	99.6	279	1	0	1	279	22	300	2.56e-202	553
KDHFCO_02920	ACPHPF_04690	58.3	276	114	1	1	275	6	281	1.81e-111	323
KDHFCO_02920	BEGLKA_08720	98.7	157	2	0	1	157	92	248	7.79e-105	305
KDHFCO_02920	MHGLEN_14025	99.4	156	1	0	1	156	1	156	5.63e-104	305
KDHFCO_02920	FAAIHB_09795	48.3	267	135	2	14	277	1	267	4.05e-79	240
KDHFCO_02920	ABJDJH_12790	44.9	272	146	3	11	278	10	281	1.10e-73	226
KDHFCO_02920	JOBCMP_04985	45.6	270	139	5	12	276	11	277	2.78e-70	218
KDHFCO_02920	OOBKJG_03060	99.1	110	1	0	1	110	1	110	9.01e-69	209
KDHFCO_02920	GLOJGG_04620	71.4	133	15	1	144	276	1	110	1.28e-57	179
KDHFCO_02920	BGHOFK_10420	53.0	168	76	2	111	275	44	211	9.06e-57	181
KDHFCO_02920	BDNBEJ_04175	91.2	91	8	0	84	174	41	131	1.08e-52	168
KDHFCO_02920	OMDMHF_02850	38.4	268	156	5	17	275	3	270	8.47e-52	170
KDHFCO_02920	OBFACL_08170	37.7	265	162	2	10	271	7	271	3.11e-50	167
KDHFCO_02920	BCFLNJ_06580	97.5	80	2	0	1	80	1	80	3.64e-47	154
KDHFCO_02920	ACPHPF_00235	38.4	279	0	1	1	279	1	107	1.08e-46	151
KDHFCO_02920	OMDMHF_02875	37.3	260	155	5	10	266	1	255	1.57e-45	153
KDHFCO_02925	KABOBF_01505	88.3	94	3	1	1	86	1	94	1.10e-49	151
KDHFCO_02930	BCFLNJ_13155	97.0	198	6	0	1	198	1	198	9.24e-128	357
KDHFCO_02930	AAKGEC_03105	71.9	196	55	0	1	196	1	196	5.29e-90	261
KDHFCO_02930	BPDDPD_12570	47.2	197	102	2	1	196	1	196	2.20e-50	161
KDHFCO_02935	PHBBGM_06370	83.3	120	20	0	1	120	1	120	7.00e-71	207
KDHFCO_02940	AAKGEC_03140	81.9	94	17	0	1	94	1	94	4.40e-49	150
KDHFCO_02945	BAFDFF_09595	99.5	391	2	0	1	391	1	391	7.87e-286	773
KDHFCO_02945	GIODPP_08930	52.1	390	184	2	1	390	1	387	4.62e-140	404
KDHFCO_02945	BPPLAM_03680	50.6	389	192	0	1	389	1	389	3.24e-137	397
KDHFCO_02945	FMBBOG_10550	52.5	356	168	1	34	389	1	355	1.36e-131	381
KDHFCO_02945	BJNLFJ_00015	51.8	357	172	0	1	357	1	357	3.40e-130	378
KDHFCO_02945	DANMKC_05690	100	125	0	0	75	199	127	251	8.87e-83	253
KDHFCO_02945	ABCBPP_12920	47.6	254	133	0	137	390	1	254	1.71e-75	234
KDHFCO_02955	HKGGDN_02860	84.5	187	29	0	1	187	17	203	2.05e-119	336
KDHFCO_02960	EJHBKF_03110	96.6	146	5	0	1	146	1	146	9.38e-101	285
KDHFCO_02965	AAKGEC_03190	98.9	357	4	0	1	357	1	357	2.81e-247	672
KDHFCO_02965	DDDLLA_00375	35.4	350	203	10	3	344	64	398	1.03e-46	163
KDHFCO_02970	AAKGEC_03195	81.1	175	33	0	1	175	1	175	7.37e-100	285
KDHFCO_02970	KCGGLB_05835	68.0	175	56	0	1	175	1	175	2.94e-83	243
KDHFCO_02970	CDIIGJ_04225	60.6	175	69	0	1	175	1	175	1.70e-75	223
KDHFCO_02970	PLDCIE_00765	78.5	107	23	0	1	107	1	107	2.84e-51	161
KDHFCO_02975	BPDDPD_10825	79.7	251	51	0	1	251	1	251	1.51e-144	404
KDHFCO_02975	BGHOFK_06845	69.3	244	75	0	7	250	1	244	2.95e-121	345
KDHFCO_02975	CNLKLD_06235	54.9	244	110	0	7	250	1	244	3.21e-87	258
KDHFCO_02980	ABCLFC_10410	99.3	270	2	0	1	270	1	270	2.86e-192	526
KDHFCO_02980	CDIIGJ_04220	72.8	268	73	0	2	269	7	274	3.40e-139	392
KDHFCO_02980	BGHOFK_06840	70.0	270	80	1	1	269	1	270	1.79e-133	377
KDHFCO_02980	IAFHMK_03760	67.7	269	87	0	1	269	1	269	3.65e-128	364
KDHFCO_02980	HNNKEJ_00365	67.0	273	87	2	1	270	1	273	1.65e-127	362
KDHFCO_02980	AGDPFD_09395	66.2	269	91	0	1	269	4	272	7.75e-126	358
KDHFCO_02980	CNLKLD_07095	60.7	270	105	1	1	269	1	270	1.11e-115	332
KDHFCO_02980	DNKGCI_03055	60.4	270	106	1	2	270	10	279	7.46e-111	320
KDHFCO_02980	LBKFJK_00035	56.8	292	104	2	1	270	1	292	1.09e-108	315
KDHFCO_02980	DDDLLA_02780	56.8	273	115	2	1	270	1	273	4.15e-104	303
KDHFCO_02985	AAKGEC_03210	92.9	154	11	0	1	154	1	154	1.08e-100	285
KDHFCO_02985	CDIIGJ_04215	59.7	154	62	0	1	154	1	154	1.60e-63	191
KDHFCO_02985	BGHOFK_06835	54.5	154	68	1	1	154	1	152	4.24e-56	172
KDHFCO_02990	AAKGEC_03215	91.5	306	26	0	1	306	1	306	5.26e-199	546
KDHFCO_02990	BGHOFK_06830	70.9	306	89	0	1	306	1	306	6.22e-154	432
KDHFCO_02990	CDIIGJ_04210	69.6	306	93	0	1	306	1	306	4.59e-149	420
KDHFCO_02990	AANGNE_07665	71.3	195	56	0	111	305	5	199	7.14e-97	283
KDHFCO_02990	CNLKLD_07090	71.3	195	56	0	108	302	1	195	4.91e-93	274
KDHFCO_02995	AANGNE_07660	78.2	408	88	1	8	415	6	412	2.83e-225	622
KDHFCO_02995	CNLKLD_05605	72.7	417	112	1	1	415	1	417	3.24e-212	589
KDHFCO_03000	AAKGEC_03225	93.0	200	14	0	1	200	1	200	4.08e-132	368
KDHFCO_03000	AANGNE_07655	64.1	198	71	0	3	200	6	203	1.41e-89	261
KDHFCO_03000	CNLKLD_05600	64.1	198	71	0	3	200	2	199	2.88e-88	257
KDHFCO_03005	AAKGEC_03230	85.6	362	52	0	1	362	1	362	2.74e-226	620
KDHFCO_03005	BGHOFK_06815	66.7	363	121	0	3	365	4	366	7.58e-180	503
KDHFCO_03005	IAFHMK_03015	69.4	363	108	2	2	364	3	362	1.65e-178	499
KDHFCO_03005	DNKGCI_06835	67.3	364	116	2	1	364	1	361	2.48e-175	491
KDHFCO_03005	DDDLLA_06315	65.5	377	114	3	1	364	1	374	9.90e-174	488
KDHFCO_03005	LBKFJK_01120	64.6	364	126	2	1	364	1	361	6.38e-171	480
KDHFCO_03005	CNLKLD_04380	65.1	364	124	2	1	364	1	361	3.33e-169	476
KDHFCO_03005	HNNKEJ_03265	62.6	364	133	2	1	364	1	361	1.13e-168	474
KDHFCO_03010	AAKGEC_03235	91.9	397	32	0	1	397	1	397	3.82e-268	729
KDHFCO_03010	DNKGCI_06840	73.1	394	106	0	1	394	1	394	3.60e-213	590
KDHFCO_03010	CNLKLD_04385	69.7	393	119	0	1	393	1	393	1.29e-203	565
KDHFCO_03015	KABOBF_14650	98.1	213	4	0	1	213	1	213	2.47e-144	401
KDHFCO_03015	CDIIGJ_04185	72.5	211	58	0	1	211	1	211	1.31e-104	300
KDHFCO_03015	IAFHMK_02995	67.9	209	67	0	3	211	5	213	1.35e-97	282
KDHFCO_03015	DDDLLA_06295	60.8	212	83	0	4	215	6	217	4.20e-90	263
KDHFCO_03015	BGHOFK_06805	58.6	210	87	0	1	210	1	210	5.51e-82	243
KDHFCO_03015	CNLKLD_04390	56.6	212	92	0	4	215	5	216	1.35e-81	242
KDHFCO_03020	AGKELP_08790	88.5	96	11	0	1	96	1	96	1.25e-57	172
KDHFCO_03025	AAKGEC_03250	89.3	252	27	0	1	252	1	252	1.14e-150	419
KDHFCO_03025	CDIIGJ_04175	73.9	268	54	2	1	252	1	268	1.31e-125	357
KDHFCO_03025	HNNKEJ_00400	73.0	252	63	1	1	252	1	247	7.31e-118	336
KDHFCO_03025	BGHOFK_06790	67.6	262	75	2	1	252	1	262	1.10e-113	326
KDHFCO_03025	IAFHMK_03720	65.5	252	81	1	1	252	1	246	1.55e-107	310
KDHFCO_03025	AANGNE_07645	64.6	254	76	4	1	252	1	242	3.77e-100	291
KDHFCO_03025	DDDLLA_02745	60.4	255	88	4	1	252	1	245	3.08e-90	266
KDHFCO_03025	CNLKLD_05590	60.9	256	84	7	1	252	1	244	3.23e-87	258
KDHFCO_03025	LBKFJK_00070	59.2	255	91	4	1	252	1	245	6.71e-87	258
KDHFCO_03025	DNKGCI_03085	57.6	255	95	4	1	252	1	245	4.43e-85	253
KDHFCO_03030	ABCLFC_10360	98.4	129	2	0	1	129	1	129	2.35e-92	262
KDHFCO_03030	IAFHMK_03710	61.2	129	50	0	1	129	1	129	1.55e-55	169
KDHFCO_03040	ABCLFC_10350	99.1	115	1	0	1	115	1	115	1.43e-75	218
KDHFCO_03040	IAFHMK_03700	66.1	115	39	0	1	115	1	115	4.31e-52	159
KDHFCO_03045	ABCLFC_10345	97.2	108	3	0	1	108	1	108	5.79e-74	214
KDHFCO_03045	DFCDFN_00720	73.1	104	28	0	3	106	7	110	1.91e-53	162
KDHFCO_03045	BGHOFK_06785	71.3	108	31	0	1	108	1	108	2.32e-53	162
KDHFCO_03050	DFCDFN_00725	89.1	147	16	0	1	147	1	147	1.01e-95	272
KDHFCO_03055	AAKGEC_03260	93.5	367	24	0	1	367	132	498	7.70e-216	599
KDHFCO_03055	CNLKLD_04975	50.1	367	152	1	1	367	126	461	2.24e-120	355
KDHFCO_03055	IAFHMK_08035	55.0	380	157	4	1	367	130	508	2.09e-115	344
KDHFCO_03055	IAFHMK_05735	47.7	367	174	1	1	367	129	477	2.53e-112	335
KDHFCO_03055	LBKFJK_00080	60.9	325	120	2	51	370	1	323	9.52e-111	326
KDHFCO_03060	AAKGEC_03260	97.1	103	0	1	1	100	1	103	2.98e-60	191
KDHFCO_03065	ABCLFC_10330	99.0	209	2	0	1	209	1	209	3.11e-145	402
KDHFCO_03065	IAFHMK_03680	60.1	193	77	0	14	206	4	196	2.42e-79	235
KDHFCO_03065	DDDLLA_02725	56.5	193	84	0	14	206	4	196	1.97e-78	233
KDHFCO_03065	HNNKEJ_00420	55.7	194	86	0	14	207	4	197	2.89e-78	232
KDHFCO_03065	LBKFJK_00090	56.4	195	85	0	12	206	5	199	1.58e-73	220
KDHFCO_03065	IAFHMK_05745	46.1	191	98	1	14	204	4	189	1.28e-56	177
KDHFCO_03065	CNLKLD_04970	43.3	194	105	1	13	206	7	195	5.07e-54	171
KDHFCO_03070	AAKGEC_03270	98.9	284	3	0	1	284	1	284	2.60e-213	580
KDHFCO_03075	AAKGEC_03275	98.0	301	6	0	1	301	1	301	2.52e-199	546
KDHFCO_03075	JAFLJO_03170	65.0	297	104	0	5	301	1	297	1.62e-130	374
KDHFCO_03075	CNLKLD_05575	63.7	289	105	0	12	300	10	298	2.85e-120	347
KDHFCO_03075	AANGNE_07630	61.0	300	114	2	5	301	1	300	3.36e-115	333
KDHFCO_03080	ABCBPP_03465	91.9	148	12	0	1	148	1	148	2.48e-94	268
KDHFCO_03080	BGHOFK_06765	74.3	144	37	0	1	144	1	144	3.26e-74	218
KDHFCO_03080	HNNKEJ_00440	69.4	144	44	0	1	144	52	195	2.34e-71	212
KDHFCO_03085	ABCLFC_10300	100	310	0	0	1	310	1	310	3.85e-219	597
KDHFCO_03090	AIPJBK_00310	95.8	261	11	0	1	261	1	261	6.42e-188	514
KDHFCO_03090	AANGNE_07610	73.6	258	68	0	3	260	2	259	5.87e-146	408
KDHFCO_03090	APEJKH_07355	69.8	255	76	1	8	261	4	258	3.66e-135	381
KDHFCO_03090	ACIHME_07530	66.7	255	84	1	8	261	4	258	7.95e-131	370
KDHFCO_03090	CNLKLD_01500	66.8	256	84	1	6	261	7	261	8.92e-130	367
KDHFCO_03090	DNKIME_12070	65.5	252	87	0	8	259	5	256	1.05e-127	362
KDHFCO_03090	BGCJLL_07015	46.9	254	128	3	10	257	8	260	8.33e-74	226
KDHFCO_03095	AAKGEC_03305	97.8	138	3	0	2	139	2	139	6.68e-65	193
KDHFCO_03100	AAKGEC_03310	93.5	186	12	0	1	186	1	186	4.98e-78	230
KDHFCO_03100	BGHOFK_06745	73.1	197	42	1	1	186	1	197	8.35e-60	184
KDHFCO_03105	DFCDFN_00775	87.7	471	57	1	3	472	4	474	8.56e-303	823
KDHFCO_03105	DDKKPM_04605	36.1	319	182	10	6	322	49	347	1.89e-50	174
KDHFCO_03105	GEDPFN_04480	37.6	242	135	7	5	242	2	231	3.45e-43	152
KDHFCO_03110	HNNKEJ_00495	84.3	249	39	0	5	253	5	253	3.41e-146	423
KDHFCO_03110	GGNLIA_03115	98.6	208	3	0	1	208	1	208	7.28e-140	400
KDHFCO_03110	BGHOFK_06730	72.3	253	69	1	1	253	1	252	4.00e-126	372
KDHFCO_03115	BGHOFK_06730	73.6	371	97	1	1	371	297	666	6.51e-186	530
KDHFCO_03115	HNNKEJ_00495	74.2	345	88	1	20	364	318	661	1.20e-177	509
KDHFCO_03115	PLCKHO_12835	68.0	363	116	0	1	363	37	399	1.60e-176	496
KDHFCO_03115	KCPOOK_10000	69.0	252	78	0	117	368	3	254	5.53e-130	372
KDHFCO_03120	BGHOFK_06730	90.6	670	59	2	5	671	3	671	0.0	1177
KDHFCO_03120	HNNKEJ_00495	72.2	658	177	3	7	659	5	661	0.0	933
KDHFCO_03120	PLCKHO_12835	67.2	399	130	1	261	658	1	399	4.29e-185	530
KDHFCO_03120	KCPOOK_10000	71.8	252	71	0	412	663	3	254	1.51e-126	374
KDHFCO_03120	GGNLIA_03115	71.1	204	55	1	7	206	5	208	8.28e-90	287
KDHFCO_03130	BEGLKA_09505	100	221	0	0	1	221	1	221	1.50e-145	404
KDHFCO_03130	BNBIEO_04260	70.8	219	61	1	1	219	1	216	1.38e-105	303
KDHFCO_03130	EKJHIG_08755	64.3	210	75	0	1	210	1	210	2.30e-92	270
KDHFCO_03130	DDDLLA_07900	61.0	210	82	0	1	210	16	225	1.44e-84	250
KDHFCO_03130	IAFHMK_01170	61.0	210	82	0	1	210	1	210	4.39e-83	246
KDHFCO_03130	BKMMEC_03620	73.7	133	35	0	78	210	1	133	1.87e-62	191
KDHFCO_03135	CDIIGJ_04030	73.0	293	79	0	1	293	1	293	1.09e-148	418
KDHFCO_03135	HNNKEJ_00520	71.6	292	82	1	4	294	3	294	8.44e-146	410
KDHFCO_03135	DBFGIH_10345	69.0	294	87	2	1	294	23	312	8.61e-140	396
KDHFCO_03135	LBKFJK_00185	67.9	290	92	1	4	293	3	291	5.41e-137	388
KDHFCO_03135	IAFHMK_03615	68.6	293	92	0	1	293	1	293	5.45e-136	386
KDHFCO_03135	DNKGCI_03190	69.3	290	88	1	4	293	3	291	3.74e-135	384
KDHFCO_03135	CNLKLD_05485	67.4	291	94	1	4	293	3	293	5.39e-133	378
KDHFCO_03135	DDDLLA_02610	63.8	290	104	1	4	293	14	302	7.53e-124	355
KDHFCO_03140	AAKGEC_03345	91.0	222	20	0	1	222	1	222	6.17e-147	407
KDHFCO_03140	HNNKEJ_00525	71.6	222	63	0	1	222	1	222	1.00e-113	323
KDHFCO_03140	DDDLLA_02605	63.2	220	81	0	3	222	2	221	1.37e-99	288
KDHFCO_03140	CNLKLD_05480	62.7	217	81	0	6	222	4	220	1.03e-96	280
KDHFCO_03140	LBKFJK_00190	64.8	199	70	0	3	201	2	200	1.06e-96	280
KDHFCO_03140	IAFHMK_03610	62.3	223	83	1	1	222	1	223	3.25e-96	279
KDHFCO_03140	AANGNE_07530	58.1	222	93	0	1	222	1	222	2.98e-94	274
KDHFCO_03140	DNKGCI_03195	63.6	206	75	0	17	222	1	206	5.15e-89	260
KDHFCO_03145	LBKFJK_00195	88.3	300	35	0	1	300	1	300	3.60e-176	488
KDHFCO_03155	ABNNBP_04015	99.7	338	1	0	1	338	1	338	3.80e-240	653
KDHFCO_03155	ABJDJH_09070	43.5	329	177	3	10	331	42	368	2.71e-88	269
KDHFCO_03155	OFBCLB_11490	41.5	337	186	3	9	337	41	374	2.01e-85	262
KDHFCO_03155	BLFLJD_01860	40.6	342	197	5	3	338	34	375	3.84e-82	253
KDHFCO_03155	LBKFJK_02625	38.6	342	203	3	3	337	33	374	1.15e-77	242
KDHFCO_03155	FBLNFP_10385	37.3	335	203	3	10	337	42	376	1.28e-69	222
KDHFCO_03155	ABCBPP_05530	36.1	335	207	3	3	330	33	367	9.56e-67	214
KDHFCO_03155	AOJAFJ_08585	35.5	332	205	3	10	332	43	374	3.20e-62	202
KDHFCO_03155	AANGNE_04325	36.1	327	202	3	10	330	42	367	1.23e-61	201
KDHFCO_03155	BOCCFK_00830	32.5	326	202	9	9	332	41	350	9.73e-54	179
KDHFCO_03155	BLIMPP_07000	35.4	305	184	6	30	330	10	305	5.29e-53	176
KDHFCO_03155	DNKGCI_02290	32.9	328	201	8	6	331	39	349	4.44e-51	172
KDHFCO_03155	DNKGCI_10800	31.6	339	209	8	3	337	35	354	9.66e-50	169
KDHFCO_03155	BDBLNI_04475	32.8	338	207	9	3	337	70	390	2.53e-46	161
KDHFCO_03160	ABNNBP_04020	100	163	0	0	1	163	1	163	2.71e-112	315
KDHFCO_03160	BGHOFK_09125	54.4	158	71	1	1	158	1	157	4.01e-49	155
KDHFCO_03160	BNPKDP_02520	53.8	158	71	2	1	158	12	167	1.46e-47	152
KDHFCO_03170	ABNNBP_04030	98.8	83	1	0	1	83	1	83	1.70e-59	175
KDHFCO_03180	GGNLIA_09980	92.6	312	23	0	1	312	364	675	2.37e-201	566
KDHFCO_03180	BFGFFC_10470	87.4	309	35	3	5	312	3	308	1.65e-188	520
KDHFCO_03180	AGINCK_11245	72.3	307	85	0	5	311	2	308	9.21e-164	458
KDHFCO_03180	BGHOFK_05730	65.7	309	104	1	3	311	1	307	2.14e-147	416
KDHFCO_03180	AOJAFJ_02440	62.0	303	114	1	6	307	2	304	6.43e-130	372
KDHFCO_03180	DNKGCI_07200	59.1	298	119	2	6	301	5	301	1.76e-124	358
KDHFCO_03180	HNNKEJ_08550	57.2	306	129	2	3	306	1	306	1.40e-121	350
KDHFCO_03180	IAFHMK_01430	56.1	305	133	1	3	306	1	305	3.92e-116	337
KDHFCO_03180	DNKGCI_06105	52.1	305	145	1	3	306	1	305	3.71e-109	319
KDHFCO_03180	DDDLLA_09495	50.3	302	149	1	6	306	3	304	3.86e-106	311
KDHFCO_03180	LBKFJK_06565	51.3	310	149	2	1	308	1	310	4.16e-104	306
KDHFCO_03180	BPDDPD_09935	47.4	306	158	2	4	306	5	310	3.26e-96	286
KDHFCO_03180	CNLKLD_04045	49.4	312	152	2	6	311	9	320	3.84e-92	276
KDHFCO_03185	ABNNBP_04045	100	163	0	0	1	163	1	163	3.63e-57	176
KDHFCO_03190	AAOIOD_05155	81.5	124	23	0	1	124	1	124	1.66e-67	199
KDHFCO_03195	AANGNE_05765	76.3	114	27	0	1	114	1	114	8.24e-59	176
KDHFCO_03205	CNLKLD_05555	75.9	307	73	1	1	306	1	307	9.96e-170	472
KDHFCO_03210	AAKGEC_03375	84.5	233	36	0	1	233	1	233	6.59e-136	380
KDHFCO_03210	BGHOFK_06670	71.7	233	65	1	1	233	1	232	1.19e-110	317
KDHFCO_03210	HNNKEJ_00550	69.1	233	70	1	1	233	1	231	7.33e-107	307
KDHFCO_03210	DNKGCI_03215	62.7	233	84	2	1	233	1	230	5.12e-95	277
KDHFCO_03210	IAFHMK_03580	60.1	233	87	2	1	233	1	227	3.08e-93	272
KDHFCO_03210	LBKFJK_00210	59.2	233	92	2	1	233	1	230	8.66e-89	261
KDHFCO_03210	DDDLLA_02585	58.4	233	94	2	1	233	1	230	2.86e-87	257
KDHFCO_03210	DBFGIH_04045	58.0	231	74	3	3	233	18	225	5.38e-79	236
KDHFCO_03210	CNLKLD_05550	53.0	232	104	2	3	233	6	233	2.46e-74	224
KDHFCO_03215	HNNKEJ_00555	77.2	742	165	1	1	742	1	738	0.0	1139
KDHFCO_03215	AANGNE_01770	71.7	741	207	1	1	741	1	738	0.0	1063
KDHFCO_03215	DNKGCI_03220	70.9	739	212	1	1	739	1	736	0.0	1056
KDHFCO_03215	CNLKLD_01770	70.5	742	216	1	1	742	1	739	0.0	1047
KDHFCO_03215	KABOBF_12095	99.4	362	2	0	381	742	1	362	5.29e-245	683
KDHFCO_03220	ABCBPP_03570	98.8	170	2	0	1	170	16	185	7.85e-121	338
KDHFCO_03225	BAFONJ_05365	73.0	174	45	1	1	174	1	172	2.46e-79	234
KDHFCO_03230	IBNKIA_05190	80.1	559	96	2	1	544	1	559	5.26e-286	787
KDHFCO_03230	BGHOFK_06645	69.3	548	161	4	1	543	1	546	1.10e-222	626
KDHFCO_03230	HNNKEJ_00570	68.5	549	153	5	1	543	1	535	1.67e-221	622
KDHFCO_03230	CDIIGJ_03980	62.5	603	164	10	1	545	2	600	1.19e-212	602
KDHFCO_03230	IAFHMK_03560	61.3	558	182	6	1	545	2	538	1.14e-192	549
KDHFCO_03230	DNKGCI_03235	72.8	356	95	1	190	545	177	530	9.01e-180	516
KDHFCO_03230	LBKFJK_00230	55.2	558	217	8	1	543	2	541	5.76e-176	507
KDHFCO_03230	OFBCLB_08485	71.1	353	100	1	193	545	215	565	1.31e-172	499
KDHFCO_03230	AMCIGH_03435	69.2	354	106	2	191	544	220	570	9.32e-167	484
KDHFCO_03230	HDKJGO_04190	70.1	354	103	2	191	544	343	693	2.87e-166	488
KDHFCO_03230	CNLKLD_01785	68.5	355	110	1	189	543	265	617	1.50e-163	478
KDHFCO_03230	MBIFJH_10270	98.1	155	3	0	1	155	1	155	1.49e-79	246
KDHFCO_03235	AANGNE_01790	81.3	155	29	0	1	155	2	156	7.57e-84	243
KDHFCO_03240	JBKKJP_04825	97.4	190	0	1	1	185	1	190	1.32e-124	348
KDHFCO_03240	BCIBOL_03420	50.0	192	88	3	1	185	1	191	1.39e-51	163
KDHFCO_03240	FFDIKI_10140	48.9	188	92	2	1	185	1	187	2.28e-49	157
KDHFCO_03240	AMLBPA_11950	48.1	189	93	3	1	185	1	188	2.69e-48	155
KDHFCO_03240	LJNIAE_14200	85.1	101	14	1	63	162	1	101	5.75e-48	153
KDHFCO_03250	BEHEAJ_00625	99.5	207	1	0	1	207	129	335	2.74e-154	430
KDHFCO_03250	PJLNJC_02530	98.9	174	1	1	33	205	1	174	1.96e-127	357
KDHFCO_03250	GGNLIA_03115	82.8	204	35	0	1	204	260	463	1.66e-125	362
KDHFCO_03250	BOKJIE_00635	74.8	202	51	0	1	202	21	222	1.39e-112	320
KDHFCO_03250	IIAFGB_05595	72.5	204	56	0	1	204	257	460	2.21e-109	320
KDHFCO_03250	IAMLOO_03350	70.8	202	55	1	1	202	48	245	1.02e-101	294
KDHFCO_03250	ABNNBP_01250	64.1	206	74	0	1	206	21	226	1.15e-100	290
KDHFCO_03250	FMBBOG_10345	62.8	199	69	2	11	204	77	275	2.63e-89	263
KDHFCO_03250	DPMHNO_10660	64.5	121	43	0	70	190	1	121	4.18e-54	171
KDHFCO_03250	EAKCFB_04575	98.8	83	1	0	1	83	66	148	4.59e-53	172
KDHFCO_03255	LCDEGG_14340	99.0	96	1	0	1	96	243	338	1.27e-57	179
KDHFCO_03255	AMHKJB_04215	98.9	88	1	0	1	88	1	88	5.43e-55	166
KDHFCO_03255	CBFHCM_03370	87.5	96	8	1	1	96	1	92	4.67e-51	155
KDHFCO_03260	OBFACL_08170	99.6	272	1	0	1	272	1	272	8.61e-197	540
KDHFCO_03260	KPPIIN_12125	94.1	152	9	0	81	232	1	152	1.10e-99	290
KDHFCO_03260	BOKGIH_10420	100	110	0	0	156	265	1	110	1.28e-73	222
KDHFCO_03260	AHPAPB_10090	38.1	270	164	2	7	276	31	297	1.85e-52	172
KDHFCO_03260	FAAIHB_09795	36.9	263	164	2	14	275	4	265	1.21e-49	164
KDHFCO_03260	ACPHPF_04690	38.2	259	156	3	18	275	26	281	3.72e-49	164
KDHFCO_03260	DPMHNO_00280	97.4	78	2	0	1	78	22	99	1.75e-46	150
KDHFCO_03260	JOBCMP_04985	37.7	268	158	5	13	276	15	277	1.93e-46	156
KDHFCO_03260	OMDMHF_02850	37.2	269	161	5	14	275	3	270	2.17e-45	154
KDHFCO_03265	AAKGEC_03405	99.3	151	1	0	1	151	1	151	1.81e-102	289
KDHFCO_03270	BIHALF_08510	84.3	816	128	0	1	816	2	817	0.0	1317
KDHFCO_03270	DDDLLA_02545	71.7	808	229	0	5	812	5	812	0.0	1120
KDHFCO_03270	BLCAGE_01905	70.7	815	239	0	1	815	2	816	0.0	1102
KDHFCO_03270	CNLKLD_01815	68.6	816	256	0	1	816	1	816	0.0	1068
KDHFCO_03270	BGHOFK_00325	39.8	879	429	12	7	810	5	858	1.13e-190	566
KDHFCO_03270	HNNKEJ_00210	46.0	609	314	7	182	788	117	712	2.48e-182	541
KDHFCO_03270	ABIMCM_12640	42.8	649	339	11	147	788	56	679	9.37e-159	478
KDHFCO_03270	DDDLLA_01605	40.2	645	356	8	176	809	85	710	1.25e-150	457
KDHFCO_03270	AMHKJB_11010	38.5	624	314	9	171	791	2	558	5.66e-128	395
KDHFCO_03270	CBFHCM_10005	38.3	630	319	9	171	797	7	569	1.80e-121	378
KDHFCO_03270	BKOEEG_06540	37.4	634	315	10	171	791	2	566	2.19e-115	362
KDHFCO_03270	KGJGGL_03015	38.0	600	302	9	171	767	2	534	2.06e-106	354
KDHFCO_03270	EPKBNI_14320	32.8	601	335	12	198	795	25	559	2.81e-93	304
KDHFCO_03275	AAKGEC_03415	97.3	185	5	0	1	185	1	185	8.45e-129	358
KDHFCO_03280	DBMAKJ_12120	100	432	0	0	1	432	1	432	1.70e-311	842
KDHFCO_03280	KEMHDF_01420	55.0	416	179	6	4	418	5	413	5.62e-147	424
KDHFCO_03285	PPHDMO_13275	96.5	310	11	0	1	310	17	326	4.17e-216	590
KDHFCO_03290	FHONGL_03290	100	210	0	0	1	210	1	210	4.32e-132	369
KDHFCO_03290	GLNMHB_00825	88.5	209	23	1	1	209	1	208	5.36e-113	323
KDHFCO_03290	ABNNBP_04150	100	145	0	0	1	145	1	145	4.42e-90	260
KDHFCO_03290	CPLMAE_07565	64.1	209	75	0	1	209	1	209	4.07e-69	211
KDHFCO_03290	ACPHPF_09730	51.0	210	100	2	1	209	1	208	1.08e-55	177
KDHFCO_03295	BLCAGE_08900	98.3	234	4	0	1	234	40	273	2.37e-169	467
KDHFCO_03295	MHGLEN_14120	98.2	221	4	0	1	221	1	221	1.34e-156	439
KDHFCO_03295	OFBCLB_00125	73.7	232	61	0	1	232	43	274	1.36e-124	353
KDHFCO_03295	FCNDOE_00480	69.5	233	71	0	2	234	40	272	4.02e-121	345
KDHFCO_03295	DAEIAJ_02250	68.4	234	2	1	1	234	40	201	2.33e-101	292
KDHFCO_03295	BGHOFK_10420	67.3	211	69	0	17	227	1	211	3.53e-100	290
KDHFCO_03295	MILJBE_11495	98.2	110	2	0	125	234	65	174	5.27e-75	224
KDHFCO_03295	DPMHNO_11055	97.3	111	3	0	123	233	1	111	3.62e-74	223
KDHFCO_03295	OBFACL_14235	66.9	163	43	5	75	234	73	227	4.98e-60	188
KDHFCO_03295	DICHKL_07830	97.4	77	2	0	157	233	4	80	2.07e-49	159
KDHFCO_03295	DOLABL_06375	56.3	160	3	1	1	160	40	132	2.54e-47	153
KDHFCO_03300	DFPFAH_04660	98.9	91	1	0	1	91	113	203	8.38e-57	173
KDHFCO_03300	GIPIII_01620	97.8	91	2	0	1	91	75	165	1.49e-56	171
KDHFCO_03300	ABNNBP_10745	100	91	0	0	1	91	182	272	1.58e-56	174
KDHFCO_03300	FFPGDJ_10745	96.7	91	3	0	1	91	97	187	8.43e-56	170
KDHFCO_03305	AHPAPB_10090	98.9	279	3	0	1	279	22	300	2.87e-199	545
KDHFCO_03305	ACPHPF_04690	58.0	276	115	1	1	275	6	281	6.88e-109	316
KDHFCO_03305	BEGLKA_08720	97.5	157	4	0	1	157	92	248	8.47e-102	297
KDHFCO_03305	MHGLEN_14025	98.1	156	3	0	1	156	1	156	6.05e-101	297
KDHFCO_03305	FAAIHB_09795	48.3	267	135	2	14	277	1	267	6.56e-78	237
KDHFCO_03305	ABJDJH_12790	44.5	272	147	3	11	278	10	281	2.02e-71	221
KDHFCO_03305	JOBCMP_04985	45.6	270	139	5	12	276	11	277	1.58e-69	216
KDHFCO_03305	OOBKJG_03060	98.2	110	2	0	1	110	1	110	1.68e-66	204
KDHFCO_03305	GLOJGG_04620	71.4	133	15	1	144	276	1	110	1.28e-57	179
KDHFCO_03305	BGHOFK_10420	53.0	168	76	2	111	275	44	211	1.81e-56	180
KDHFCO_03305	BDNBEJ_04175	90.1	91	9	0	84	174	41	131	8.68e-52	166
KDHFCO_03305	OMDMHF_02850	38.1	268	157	5	17	275	3	270	2.92e-49	164
KDHFCO_03305	OBFACL_08170	37.7	265	162	2	10	271	7	271	3.42e-49	164
KDHFCO_03305	ACPHPF_00235	38.4	279	0	1	1	279	1	107	1.08e-46	151
KDHFCO_03305	OMDMHF_02875	37.3	260	155	5	10	266	1	255	3.12e-45	152
KDHFCO_03310	KABOBF_01505	89.4	94	2	1	1	86	1	94	3.84e-50	152
KDHFCO_03315	JFFJEL_12675	82.7	226	35	1	1	226	19	240	5.32e-128	360
KDHFCO_03315	ACPHPF_09685	59.3	302	44	2	2	224	24	325	9.96e-106	307
KDHFCO_03315	GIGJJH_03265	57.4	305	50	5	2	226	20	324	3.95e-102	298
KDHFCO_03315	NOCPOP_00895	56.8	303	53	4	2	226	24	326	3.95e-100	293
KDHFCO_03315	PLIKPJ_02910	55.3	309	54	4	2	226	24	332	9.01e-98	287
KDHFCO_03315	ELEKDE_12130	56.6	304	53	4	2	226	20	323	1.10e-96	284
KDHFCO_03315	AMFMEJ_07080	56.3	304	53	5	3	226	21	324	3.24e-96	283
KDHFCO_03315	AIKIDN_07685	56.0	302	56	5	2	226	24	325	1.92e-95	281
KDHFCO_03315	EIKFFD_02010	46.2	292	78	6	11	223	22	313	4.26e-70	216
KDHFCO_03315	DIPNED_02030	84.4	128	20	0	99	226	239	366	1.08e-69	217
KDHFCO_03315	BEIAAA_10425	42.1	299	88	4	11	225	43	340	3.19e-64	202
KDHFCO_03315	ONKCDP_06300	40.2	296	92	5	11	225	17	308	1.34e-58	187
KDHFCO_03315	AAOIOD_01270	69.5	128	39	0	98	225	189	316	5.91e-56	180
KDHFCO_03320	ABCLFC_10095	99.6	223	1	0	1	223	1	223	2.52e-154	426
KDHFCO_03320	AANGNE_07810	72.2	223	62	0	1	223	1	223	1.32e-110	316
KDHFCO_03320	DDDLLA_09015	70.0	220	66	0	1	220	1	220	3.85e-105	302
KDHFCO_03320	CDIIGJ_08275	59.5	222	87	2	1	222	1	219	3.41e-84	249
KDHFCO_03320	GNOKMM_10340	52.3	222	105	1	1	222	1	221	8.91e-76	228
KDHFCO_03320	NEHKFL_05000	46.9	228	116	2	1	223	1	228	1.38e-65	202
KDHFCO_03320	FFEJFE_01290	40.1	222	130	2	4	223	5	225	1.19e-47	156
KDHFCO_03320	AMLBPA_06185	39.0	218	130	1	1	218	1	215	4.27e-46	152
KDHFCO_03320	DIBOGN_07175	37.7	220	131	3	4	223	1	214	2.09e-45	150
KDHFCO_03320	DFJEHO_03950	40.5	220	128	2	4	221	3	221	4.37e-45	158
KDHFCO_03320	PNKCLE_05480	40.6	217	126	2	4	218	3	218	6.90e-45	154
KDHFCO_03320	CEPOIM_07510	40.4	218	127	2	3	218	2	218	8.27e-45	157
KDHFCO_03320	HNNKEJ_00830	39.1	220	131	2	4	221	3	221	2.19e-44	156
KDHFCO_03320	CNLKLD_02755	41.0	222	128	2	3	222	2	222	2.23e-44	156
KDHFCO_03320	ACNHAK_01800	40.6	217	126	2	4	218	3	218	8.02e-44	155
KDHFCO_03320	AANGNE_07255	40.6	217	126	2	4	218	3	218	2.04e-43	154
KDHFCO_03320	IAFHMK_03325	38.6	220	132	2	4	221	3	221	2.92e-43	153
KDHFCO_03325	AAKGEC_03430	83.8	357	58	0	1	357	1	357	2.70e-199	551
KDHFCO_03325	AANGNE_07815	61.9	357	136	0	1	357	1	357	1.22e-138	397
KDHFCO_03325	LBKFJK_08075	60.5	357	140	1	1	356	1	357	1.94e-135	389
KDHFCO_03325	DNKGCI_08840	56.0	357	156	1	1	356	1	357	1.12e-129	375
KDHFCO_03325	OFBCLB_02985	55.5	357	157	2	1	356	1	356	3.09e-119	348
KDHFCO_03325	CDIIGJ_08270	39.6	364	207	6	1	356	1	359	2.73e-74	233
KDHFCO_03325	AGINCK_06570	39.2	360	211	5	1	356	2	357	2.28e-72	228
KDHFCO_03325	NEHKFL_05005	31.6	367	240	4	1	356	1	367	1.86e-52	177
KDHFCO_03325	GNOKMM_10345	30.6	356	239	4	1	355	1	349	3.61e-45	157
KDHFCO_03330	NNPKJK_12180	83.5	188	31	0	1	188	1	188	2.06e-116	328
KDHFCO_03330	LBKFJK_08080	59.0	188	77	0	1	188	1	188	2.88e-81	239
KDHFCO_03330	DDDLLA_09025	56.1	180	79	0	1	180	1	180	3.23e-74	221
KDHFCO_03330	DNKGCI_08835	54.0	189	86	1	1	189	1	188	9.08e-73	217
KDHFCO_03330	AANGNE_07820	51.7	180	87	0	1	180	1	180	3.43e-67	203
KDHFCO_03335	ACDDAG_08060	74.9	505	127	0	1	505	1	505	1.68e-284	781
KDHFCO_03335	AOPEMA_03190	92.1	302	24	0	1	302	1	302	5.85e-199	555
KDHFCO_03335	ACPHPF_09650	98.4	250	4	0	1	250	1	250	2.66e-173	487
KDHFCO_03340	JBKKJP_10030	99.0	303	3	0	3	305	10	312	2.28e-217	593
KDHFCO_03340	CNLKLD_05545	54.4	309	135	2	1	305	1	307	1.76e-110	322
KDHFCO_03345	DDDLLA_02410	92.1	788	61	1	1	787	1	788	0.0	1480
KDHFCO_03350	EKJHIG_03305	76.7	215	50	0	4	218	2	216	2.10e-108	310
KDHFCO_03350	CDIIGJ_03935	61.4	241	71	2	1	219	1	241	4.22e-88	259
KDHFCO_03350	HNNKEJ_00610	61.3	212	64	1	1	212	2	195	1.70e-81	241
KDHFCO_03350	BGHOFK_06580	60.9	220	85	1	1	219	1	220	7.56e-81	240
KDHFCO_03350	IAFHMK_03510	58.3	206	86	0	7	212	1	206	3.02e-76	228
KDHFCO_03350	BNBIEO_05405	55.3	219	80	1	1	219	1	201	3.73e-68	207
KDHFCO_03350	DNKGCI_03290	52.8	212	82	1	1	212	1	194	1.34e-64	198
KDHFCO_03350	DDDLLA_02405	52.8	212	82	1	1	212	1	194	5.93e-64	196
KDHFCO_03350	LBKFJK_00275	51.2	213	86	1	1	213	1	195	2.09e-61	190
KDHFCO_03350	CNLKLD_01565	52.1	215	84	3	1	214	1	197	2.37e-61	190
KDHFCO_03355	HNNKEJ_00615	91.0	378	31	1	1	375	31	408	1.45e-234	643
KDHFCO_03355	DDDLLA_02400	74.1	379	93	1	1	374	25	403	1.36e-196	547
KDHFCO_03355	IAFHMK_03505	71.8	373	104	1	4	375	1	373	6.94e-183	511
KDHFCO_03355	ABCLFC_00780	41.1	358	210	1	2	358	28	385	3.04e-89	274
KDHFCO_03355	DDDLLA_11320	41.8	361	207	2	1	358	36	396	3.16e-88	271
KDHFCO_03365	AAKGEC_03470	96.7	420	14	0	1	420	1	420	1.36e-279	759
KDHFCO_03365	LJBFKD_12630	96.3	408	15	0	1	408	1	408	4.82e-267	734
KDHFCO_03365	DNKGCI_03300	71.4	409	117	0	2	410	19	427	5.11e-216	599
KDHFCO_03365	IAFHMK_03495	66.7	408	134	1	3	410	5	410	8.83e-198	552
KDHFCO_03365	DDDLLA_02395	67.4	408	123	2	3	410	5	402	7.10e-194	542
KDHFCO_03365	AANGNE_01825	65.8	412	132	2	3	414	5	407	5.49e-185	520
KDHFCO_03365	CNLKLD_07085	64.7	411	139	3	3	410	8	415	1.75e-184	519
KDHFCO_03365	AAKGEC_07330	62.9	404	141	2	3	406	5	399	8.58e-180	506
KDHFCO_03365	EMAPBM_06830	59.0	405	157	2	3	407	5	400	1.91e-165	470
KDHFCO_03365	AEMMAL_05830	58.4	406	160	2	2	407	4	400	1.88e-159	455
KDHFCO_03365	EJFEBF_11080	39.0	254	146	3	1	252	1	247	7.99e-46	160
KDHFCO_03370	AANGNE_01830	82.0	1136	204	0	1	1136	1	1136	0.0	1890
KDHFCO_03370	BNBIEO_00360	56.8	500	213	2	1	500	1	497	1.82e-186	555
KDHFCO_03370	LPAKHB_10030	44.6	451	237	7	3	447	4	447	4.43e-122	383
KDHFCO_03370	LJBFKD_12630	94.7	171	9	0	967	1137	406	576	3.06e-97	320
KDHFCO_03375	AAKGEC_03480	91.2	441	39	0	1	441	1	441	3.17e-291	791
KDHFCO_03375	DDDLLA_03295	69.7	435	132	0	7	441	9	443	3.20e-215	598
KDHFCO_03380	CEHFAN_01790	85.6	850	117	3	1	848	1	847	0.0	1444
KDHFCO_03380	LBKFJK_04240	74.4	849	216	1	1	848	1	849	0.0	1269
KDHFCO_03385	PEPBIK_10005	92.7	410	30	0	1	410	1	410	1.14e-276	752
KDHFCO_03385	LBKFJK_04245	70.2	410	122	0	1	410	1	410	8.99e-217	600
KDHFCO_03385	DNKGCI_10990	69.5	410	125	0	1	410	1	410	1.89e-203	566
KDHFCO_03390	AAKGEC_03495	99.5	199	1	0	1	199	1	199	6.09e-138	383
KDHFCO_03395	FGPNLL_03370	90.3	176	1	1	1	176	1	160	1.49e-105	298
KDHFCO_03395	GIPIII_04990	82.4	176	31	0	1	176	14	189	9.55e-104	295
KDHFCO_03400	AAKGEC_03505	100	132	0	0	1	132	1	132	1.45e-92	263
KDHFCO_03410	ABCBPP_03810	87.3	387	49	0	1	387	18	404	7.39e-237	649
KDHFCO_03410	BNBIEO_00315	51.6	384	181	2	3	386	2	380	3.79e-126	368
KDHFCO_03410	DNKGCI_09890	31.1	380	250	8	6	379	4	377	6.30e-48	167
KDHFCO_03415	AKPIPJ_02055	85.7	918	131	0	1	918	17	934	0.0	1514
KDHFCO_03415	AANGNE_04380	69.8	918	277	0	1	918	1	918	0.0	1229
KDHFCO_03415	BGHOFK_00755	37.4	888	500	17	1	881	1	839	4.94e-164	501
KDHFCO_03415	JAPIMJ_06920	35.0	919	553	11	1	918	2	877	1.15e-158	487
KDHFCO_03415	AANGNE_04040	37.5	889	493	17	1	877	1	838	1.64e-157	484
KDHFCO_03415	FHIFIE_03450	34.8	934	544	15	1	914	1	889	6.10e-153	473
KDHFCO_03415	EOHHJN_09855	36.7	881	476	18	15	876	15	832	1.37e-150	466
KDHFCO_03415	CNLKLD_08305	37.0	879	472	20	22	887	23	832	1.20e-147	458
KDHFCO_03415	CNLKLD_05120	33.9	911	529	14	15	914	14	862	1.16e-145	453
KDHFCO_03415	HNNKEJ_12000	35.7	883	504	17	22	889	33	866	1.46e-142	446
KDHFCO_03415	DDDLLA_09200	33.6	903	520	18	1	888	1	838	2.40e-140	439
KDHFCO_03415	EIKFFD_06365	35.6	818	459	18	30	842	28	782	1.17e-137	432
KDHFCO_03415	LBKFJK_08710	33.4	877	489	18	1	855	1	804	1.44e-137	432
KDHFCO_03415	DNKGCI_09670	33.1	832	485	16	100	916	1	775	7.47e-133	417
KDHFCO_03415	BGHOFK_01130	28.3	721	454	18	7	716	31	699	3.57e-76	267
KDHFCO_03415	DDDLLA_06035	25.8	881	552	22	22	885	35	830	2.10e-68	244
KDHFCO_03415	CNLKLD_02820	27.0	773	486	20	22	790	33	731	1.45e-66	239
KDHFCO_03415	HNNKEJ_03015	34.1	481	285	8	1	474	1	456	3.97e-66	230
KDHFCO_03415	GKAHPE_00190	25.4	765	488	17	22	775	33	725	4.58e-63	229
KDHFCO_03415	DBFGIH_00895	27.7	697	377	26	82	767	60	640	1.76e-42	166
KDHFCO_03420	EHLNLG_04495	90.5	147	14	0	1	147	25	171	1.45e-90	267
KDHFCO_03420	CGMKCF_06050	92.5	147	11	0	1	147	1	147	8.84e-90	272
KDHFCO_03420	LMHNOH_08560	91.2	147	13	0	1	147	1	147	3.74e-86	266
KDHFCO_03425	CGMKCF_06050	79.9	174	35	0	1	174	167	340	5.82e-97	291
KDHFCO_03425	EHLNLG_04495	75.9	174	42	0	1	174	191	364	4.09e-95	280
KDHFCO_03425	LMHNOH_08560	79.7	172	35	0	1	172	167	338	5.80e-94	288
KDHFCO_03430	AAKGEC_03530	85.2	406	58	1	1	404	1	406	3.98e-246	674
KDHFCO_03430	LMHNOH_08560	85.5	406	57	1	1	404	346	751	1.00e-241	676
KDHFCO_03430	CGMKCF_06050	83.8	240	37	1	1	238	345	584	2.33e-125	374
KDHFCO_03430	AGDPFD_05225	35.6	438	230	13	3	402	7	430	1.88e-59	199
KDHFCO_03430	AANGNE_04520	31.2	420	247	11	14	402	30	438	2.72e-48	169
KDHFCO_03430	KIDCCO_05445	30.5	423	254	12	3	402	15	420	7.91e-48	168
KDHFCO_03445	AHPAPB_10090	99.3	279	2	0	1	279	22	300	1.48e-201	551
KDHFCO_03445	ACPHPF_04690	58.3	276	114	1	1	275	6	281	3.63e-111	322
KDHFCO_03445	BEGLKA_08720	98.1	157	3	0	1	157	92	248	4.47e-104	303
KDHFCO_03445	MHGLEN_14025	98.7	156	2	0	1	156	1	156	3.22e-103	303
KDHFCO_03445	FAAIHB_09795	48.3	267	135	2	14	277	1	267	8.13e-79	239
KDHFCO_03445	ABJDJH_12790	44.9	272	146	3	11	278	10	281	1.10e-73	226
KDHFCO_03445	JOBCMP_04985	45.6	270	139	5	12	276	11	277	5.57e-70	217
KDHFCO_03445	OOBKJG_03060	99.1	110	1	0	1	110	1	110	9.01e-69	209
KDHFCO_03445	GLOJGG_04620	71.4	133	15	1	144	276	1	110	1.28e-57	179
KDHFCO_03445	BGHOFK_10420	53.0	168	76	2	111	275	44	211	1.81e-56	180
KDHFCO_03445	BDNBEJ_04175	90.1	91	9	0	84	174	41	131	6.14e-52	166
KDHFCO_03445	OMDMHF_02850	38.4	268	156	5	17	275	3	270	1.68e-51	169
KDHFCO_03445	OBFACL_08170	37.7	265	162	2	10	271	7	271	6.17e-50	166
KDHFCO_03445	BCFLNJ_06580	97.5	80	2	0	1	80	1	80	3.64e-47	154
KDHFCO_03445	ACPHPF_00235	38.4	279	0	1	1	279	1	107	1.08e-46	151
KDHFCO_03445	OMDMHF_02875	37.3	260	155	5	10	266	1	255	3.12e-45	152
KDHFCO_03450	KABOBF_01505	89.4	94	2	1	1	86	1	94	3.84e-50	152
KDHFCO_03455	FGPNLL_03425	98.5	263	4	0	1	263	62	324	3.77e-185	510
KDHFCO_03455	LLPJJD_03290	76.7	133	31	0	1	133	32	164	1.71e-68	209
KDHFCO_03460	JOCPFP_03085	99.1	449	3	1	1	449	1	448	9.44e-306	828
KDHFCO_03460	HIJKML_03040	42.4	439	250	1	3	441	2	437	2.03e-111	335
KDHFCO_03460	EIKFFD_06375	39.3	443	266	1	3	445	2	441	6.21e-105	318
KDHFCO_03470	OBFACL_08170	99.6	272	1	0	1	272	1	272	8.61e-197	540
KDHFCO_03470	KPPIIN_12125	94.1	152	9	0	81	232	1	152	1.10e-99	290
KDHFCO_03470	BOKGIH_10420	100	110	0	0	156	265	1	110	1.28e-73	222
KDHFCO_03470	AHPAPB_10090	38.1	270	164	2	7	276	31	297	1.85e-52	172
KDHFCO_03470	FAAIHB_09795	36.9	263	164	2	14	275	4	265	1.21e-49	164
KDHFCO_03470	ACPHPF_04690	38.2	259	156	3	18	275	26	281	3.72e-49	164
KDHFCO_03470	DPMHNO_00280	97.4	78	2	0	1	78	22	99	1.75e-46	150
KDHFCO_03470	JOBCMP_04985	37.7	268	158	5	13	276	15	277	1.93e-46	156
KDHFCO_03470	OMDMHF_02850	37.2	269	161	5	14	275	3	270	2.17e-45	154
KDHFCO_03480	BLCAGE_08900	91.3	206	18	0	1	206	40	245	3.06e-137	384
KDHFCO_03480	MHGLEN_14120	90.3	206	20	0	1	206	1	206	2.22e-133	379
KDHFCO_03480	OFBCLB_00125	71.4	206	59	0	1	206	43	248	1.88e-105	304
KDHFCO_03480	FCNDOE_00480	66.3	205	69	0	2	206	40	244	3.67e-100	290
KDHFCO_03480	BGHOFK_10420	68.4	190	60	0	17	206	1	190	6.83e-93	270
KDHFCO_03480	DAEIAJ_02250	58.3	206	14	1	1	206	40	173	2.85e-71	214
KDHFCO_03480	DPMHNO_11055	92.8	83	6	0	124	206	2	84	1.14e-50	162
KDHFCO_03480	MILJBE_11495	67.2	125	35	2	87	206	23	146	1.40e-50	161
KDHFCO_03480	DOLABL_06375	55.0	160	5	1	1	160	40	132	1.15e-46	150
KDHFCO_03485	HNNJHH_12435	98.8	82	1	0	1	82	1	82	4.12e-50	155
KDHFCO_03490	CEPOIM_03315	91.2	297	25	1	1	296	1	297	2.47e-190	523
KDHFCO_03490	DNKGCI_08870	72.4	294	80	1	3	296	4	296	8.03e-152	426
KDHFCO_03490	GMJBDL_13125	96.2	106	4	0	31	136	145	250	2.52e-66	207
KDHFCO_03490	ACPHPF_09700	45.9	296	7	1	1	296	1	143	2.56e-66	203
KDHFCO_03490	AJANDE_10295	40.0	285	168	3	14	295	12	296	1.10e-64	204
KDHFCO_03490	FHJCCB_11970	85.2	115	17	0	182	296	96	210	2.08e-57	183
KDHFCO_03500	ABNNBP_04380	98.3	1058	18	0	1	1058	60	1117	0.0	1959
KDHFCO_03500	ABJDJH_07410	64.6	1022	361	1	37	1058	3	1023	0.0	1295
KDHFCO_03500	LBKFJK_04750	64.4	1023	361	3	37	1058	3	1023	0.0	1266
KDHFCO_03500	BPLFFK_01875	31.6	842	454	27	55	852	27	790	2.19e-90	311
KDHFCO_03500	GGNLIA_05945	32.2	786	432	26	55	814	25	735	3.77e-90	311
KDHFCO_03500	IFOGML_00585	32.9	756	398	25	56	779	19	697	1.22e-86	300
KDHFCO_03500	EHOIIB_08955	30.2	766	424	27	66	780	44	749	1.20e-79	281
KDHFCO_03500	HJMHNM_09915	29.9	743	432	24	89	782	59	761	7.18e-77	273
KDHFCO_03500	AGKELP_12245	97.5	121	3	0	34	154	1	121	2.15e-71	236
KDHFCO_03500	AGINCK_07865	28.5	799	449	28	37	805	33	739	1.72e-69	251
KDHFCO_03500	DABPFD_01525	28.1	764	416	24	79	795	53	730	3.09e-65	239
KDHFCO_03500	JOCPFP_13930	98.2	111	2	0	34	144	1	111	1.71e-64	217
KDHFCO_03500	LOPDNE_09265	27.8	765	419	26	91	805	58	739	3.43e-63	233
KDHFCO_03500	PNDLPA_12355	67.7	167	35	4	34	197	1	151	2.91e-61	205
KDHFCO_03500	KEMHDF_03640	96.0	100	4	0	83	182	13	112	1.64e-55	190
KDHFCO_03500	COJBJG_08860	32.9	380	212	11	171	541	2	347	1.43e-51	185
KDHFCO_03500	GMJBDL_13125	98.9	89	1	0	1	89	60	148	1.59e-48	172
KDHFCO_03500	MKNJHE_04875	30.2	421	218	13	216	619	119	480	7.75e-39	152
KDHFCO_03505	AECHFI_10075	77.2	522	119	0	1	522	18	539	3.65e-297	814
KDHFCO_03505	GNOKMM_09825	59.3	516	207	1	1	513	1	516	1.64e-210	594
KDHFCO_03505	ABCLFC_06755	45.8	528	250	11	2	507	4	517	1.35e-147	434
KDHFCO_03505	ABCBPP_03670	40.5	516	276	8	8	507	10	510	4.84e-128	383
KDHFCO_03505	ADJCAM_01185	46.5	497	240	11	5	482	7	496	2.47e-127	392
KDHFCO_03505	HJMHNM_09160	43.3	496	250	10	5	483	6	487	1.22e-119	374
KDHFCO_03505	CEHNAA_06275	98.4	184	3	0	348	531	1	184	6.65e-117	342
KDHFCO_03505	AGINCK_07895	37.8	497	282	12	5	487	10	493	2.12e-109	335
KDHFCO_03505	LOPDNE_09255	37.7	509	269	15	5	489	20	504	3.34e-99	309
KDHFCO_03505	BDGMGM_09815	43.6	399	185	11	152	528	27	407	6.69e-91	284
KDHFCO_03505	JAFLJO_06530	69.9	176	53	0	1	176	1	176	5.10e-83	256
KDHFCO_03505	OBEKJK_00975	37.4	495	238	17	8	482	11	453	1.99e-77	260
KDHFCO_03510	FHONGL_03640	100	415	0	0	1	415	1	415	3.91e-297	803
KDHFCO_03510	PIJAAN_04835	70.2	413	119	3	3	415	5	413	3.56e-200	558
KDHFCO_03510	ABNNBP_04390	68.1	433	100	6	1	415	1	413	3.43e-186	523
KDHFCO_03510	KFOCHN_03545	68.5	419	115	4	1	415	1	406	3.91e-181	509
KDHFCO_03510	BEKHAI_05020	66.0	420	119	7	1	415	2	402	2.32e-174	492
KDHFCO_03510	CFKGLB_01425	65.3	429	121	10	4	415	11	428	1.79e-170	483
KDHFCO_03510	NNPKJK_12215	63.7	424	126	8	3	415	5	411	6.56e-169	479
KDHFCO_03510	JOBCMP_01620	64.7	422	126	9	4	415	11	419	1.75e-168	478
KDHFCO_03510	ACPHPF_00190	64.8	418	107	6	4	415	11	394	2.77e-166	471
KDHFCO_03510	FJJMED_09580	96.6	204	7	0	4	207	190	393	2.32e-130	380
KDHFCO_03510	NNPKJK_09320	88.3	213	25	0	202	414	8	220	2.13e-125	369
KDHFCO_03510	GDJHNB_09775	91.1	202	18	0	213	414	19	220	4.57e-124	365
KDHFCO_03510	MCFIIO_04235	85.9	213	30	0	202	414	8	220	5.01e-122	359
KDHFCO_03510	BCIMIN_06955	92.2	180	14	0	235	414	1	180	3.01e-109	326
KDHFCO_03510	PAGFJI_06295	90.6	180	17	0	235	414	1	180	2.25e-107	320
KDHFCO_03510	EHOIIB_02715	41.6	423	221	7	3	415	5	411	1.69e-96	294
KDHFCO_03510	HIJKML_06200	41.8	414	224	10	8	415	1	403	1.88e-90	278
KDHFCO_03510	NMOHJM_05760	39.5	420	241	5	1	415	1	412	4.75e-84	262
KDHFCO_03510	DMLIFG_09340	37.6	441	205	8	3	415	5	403	5.75e-83	259
KDHFCO_03510	AGKELP_13065	40.9	421	226	11	4	415	11	417	2.41e-82	258
KDHFCO_03510	ACDDAG_11145	39.7	418	235	10	4	415	11	417	9.55e-82	256
KDHFCO_03510	NNPKJK_13865	40.4	428	225	9	1	415	1	411	3.18e-81	255
KDHFCO_03510	JMOLFK_12950	40.6	424	232	12	4	415	11	426	7.59e-80	252
KDHFCO_03510	DNBBEK_09195	41.1	433	219	16	4	415	11	428	2.25e-79	251
KDHFCO_03510	DDLDKC_02555	40.0	427	220	10	3	415	5	409	1.61e-77	245
KDHFCO_03515	ABCBPP_13830	100	316	0	0	1	316	1	316	3.17e-221	603
KDHFCO_03515	BGHOFK_10045	32.5	317	207	4	1	316	6	316	6.21e-52	173
KDHFCO_03515	ACDDAG_08405	31.7	300	197	3	13	312	20	311	2.29e-43	150
KDHFCO_03515	BGHOFK_00980	31.6	291	189	3	27	313	30	314	2.40e-43	150
KDHFCO_03530	BAFDFF_09595	100	151	0	0	1	151	1	151	3.56e-105	305
KDHFCO_03530	BJNLFJ_00015	58.9	151	62	0	1	151	1	151	2.40e-59	187
KDHFCO_03530	GIODPP_08930	57.0	151	63	1	1	151	1	149	2.08e-56	180
KDHFCO_03530	BPPLAM_03680	55.6	151	67	0	1	151	1	151	2.78e-55	177
KDHFCO_03530	DANMKC_05690	100	77	0	0	75	151	127	203	2.09e-49	159
KDHFCO_03530	FMBBOG_10550	61.0	118	46	0	34	151	1	118	1.24e-47	157
KDHFCO_03535	BAFDFF_09595	98.8	166	2	0	1	166	226	391	1.02e-113	328
KDHFCO_03535	ABCBPP_12920	50.3	165	82	0	1	165	90	254	2.32e-51	164
KDHFCO_03535	GIODPP_08930	49.7	165	82	1	1	165	224	387	9.81e-49	161
KDHFCO_03535	FMBBOG_10550	48.2	164	84	1	1	164	193	355	6.39e-46	153
KDHFCO_03535	BPPLAM_03680	47.6	164	86	0	1	164	226	389	4.13e-45	152
KDHFCO_03540	ABCBPP_12980	99.5	214	1	0	1	214	1	214	2.68e-154	426
KDHFCO_03540	ACDDAG_08815	54.8	197	89	0	1	197	1	197	1.75e-77	231
KDHFCO_03540	DDDLLA_00815	50.8	195	96	0	1	195	14	208	6.39e-61	189
KDHFCO_03545	ABCBPP_13855	99.7	398	1	0	1	398	1	398	1.24e-289	783
KDHFCO_03545	BGHOFK_09310	65.7	396	136	0	1	396	1	396	1.12e-196	548
KDHFCO_03545	AAKGEC_05560	32.3	375	235	9	18	385	4	366	2.50e-54	184
KDHFCO_03545	DNKGCI_01305	30.7	384	252	7	17	397	9	381	3.68e-52	178
KDHFCO_03545	AAOIOD_01845	31.7	378	236	9	17	385	7	371	5.24e-50	172
KDHFCO_03545	NJGMDJ_13390	100	77	0	0	1	77	1	77	1.03e-43	154
KDHFCO_03550	CEPOIM_03315	95.6	137	5	1	1	136	1	137	8.15e-86	252
KDHFCO_03550	ACPHPF_09700	94.5	110	6	0	1	110	1	110	1.23e-70	208
KDHFCO_03550	GMJBDL_13125	100	104	0	0	35	138	149	252	1.70e-70	211
KDHFCO_03550	DNKGCI_08870	73.9	134	34	1	3	136	4	136	9.76e-67	203
KDHFCO_03555	CEPOIM_03315	97.6	126	3	0	1	126	172	297	4.12e-80	237
KDHFCO_03555	FHJCCB_11970	90.1	121	12	0	6	126	90	210	3.05e-68	204
KDHFCO_03555	DNKGCI_08870	73.6	125	33	0	2	126	172	296	9.90e-58	180
KDHFCO_03555	EIIOFH_12270	85.4	96	14	0	31	126	40	135	1.02e-50	157
KDHFCO_03560	ABCBPP_13865	99.3	413	3	0	1	413	1	413	2.94e-291	788
KDHFCO_03565	BEGLKA_14200	92.4	105	4	1	1	105	32	132	8.71e-62	184
KDHFCO_03570	ABCBPP_13010	77.0	100	23	0	1	100	1	100	6.02e-52	157
KDHFCO_03580	ABIMCM_00125	98.9	88	1	0	1	88	1	88	2.44e-59	175
KDHFCO_03585	ABIMCM_00130	99.5	205	1	0	1	205	1	205	5.86e-148	409
KDHFCO_03590	FIJOGA_03665	87.0	230	24	1	1	224	1	230	7.28e-148	411
KDHFCO_03590	LCDEGG_14340	97.6	209	5	0	1	209	1	209	3.28e-147	413
KDHFCO_03590	OBFACL_13940	75.7	226	44	1	1	226	1	215	1.65e-123	348
KDHFCO_03590	OBFACL_14235	96.6	145	5	0	1	145	1	145	1.03e-101	293
KDHFCO_03590	AJANDE_09880	86.7	135	18	0	90	224	48	182	2.16e-79	235
KDHFCO_03590	HIJKML_06220	76.3	135	20	1	75	209	1	123	2.00e-70	211
KDHFCO_03590	OAJDKB_12175	88.9	99	11	0	1	99	1	99	1.15e-62	192
KDHFCO_03590	IAAGLG_13260	94.7	94	5	0	75	168	1	94	4.04e-60	185
KDHFCO_03590	COBMDH_07970	100	89	0	0	117	205	11	99	9.03e-57	177
KDHFCO_03590	ILDBOH_12915	97.6	82	2	0	1	82	1	82	1.47e-55	172
KDHFCO_03590	IAMNKG_14170	74.0	104	27	0	123	226	40	143	1.85e-51	163
KDHFCO_03595	ABIMCM_02125	100	134	0	0	1	134	1	134	1.10e-97	276
KDHFCO_03595	ALBBCB_11375	94.7	133	7	0	1	133	36	168	2.50e-88	258
KDHFCO_03595	DMIHID_10355	66.4	134	45	0	1	134	36	169	5.96e-63	193
KDHFCO_03600	AIPJBK_12605	97.6	165	4	0	1	165	10	174	6.39e-114	320
KDHFCO_03610	AHPAPB_10090	99.3	136	1	0	1	136	165	300	7.85e-96	277
KDHFCO_03610	ACPHPF_04690	64.4	132	47	0	1	132	150	281	1.64e-60	187
KDHFCO_03610	GLOJGG_04620	71.4	133	15	1	1	133	1	110	1.11e-59	179
KDHFCO_03610	BGHOFK_10420	56.1	132	58	0	1	132	80	211	8.34e-51	160
KDHFCO_03615	OOBKJG_03060	86.3	160	21	1	1	160	1	159	1.54e-89	257
KDHFCO_03615	AHPAPB_10090	100	131	0	0	1	131	22	152	1.33e-86	255
KDHFCO_03615	MHGLEN_14025	100	131	0	0	1	131	1	131	2.07e-86	255
KDHFCO_03615	BEGLKA_08720	98.5	131	2	0	1	131	92	222	2.96e-85	250
KDHFCO_03615	BCFLNJ_06580	97.5	80	2	0	1	80	1	80	6.87e-49	154
KDHFCO_03620	KABOBF_01505	88.3	94	3	1	1	86	1	94	1.10e-49	151
KDHFCO_03635	BNFMAL_03720	96.8	155	4	1	1	155	1	154	5.79e-92	265
KDHFCO_03635	BOKJIE_01675	62.6	155	58	0	1	155	1	155	5.88e-56	172
KDHFCO_03635	CCDPJE_10315	61.9	155	59	0	1	155	1	155	5.29e-55	171
KDHFCO_03635	FGEEDJ_05435	59.4	155	6	1	1	155	1	98	2.76e-47	150
KDHFCO_03645	BNPKDP_00150	99.7	393	1	0	1	393	1	393	4.14e-286	776
KDHFCO_03645	CBFHCM_00015	67.6	407	132	0	1	407	1	407	8.55e-200	556
KDHFCO_03645	HNNKEJ_01225	69.2	234	66	1	1	234	1	228	4.69e-116	343
KDHFCO_03650	ABNNBP_01060	100	252	0	0	1	252	1	252	1.72e-177	487
KDHFCO_03650	CBFHCM_00020	74.2	248	64	0	1	248	1	248	5.02e-131	370
KDHFCO_03650	HNNKEJ_01225	80.6	175	34	0	72	246	218	392	5.30e-99	294
KDHFCO_03650	AAKGEC_01170	41.8	244	139	2	2	242	4	247	6.11e-58	184
KDHFCO_03655	AHPAPB_10090	99.6	279	1	0	1	279	22	300	2.56e-202	553
KDHFCO_03655	ACPHPF_04690	58.3	276	114	1	1	275	6	281	1.81e-111	323
KDHFCO_03655	BEGLKA_08720	98.7	157	2	0	1	157	92	248	7.79e-105	305
KDHFCO_03655	MHGLEN_14025	99.4	156	1	0	1	156	1	156	5.63e-104	305
KDHFCO_03655	FAAIHB_09795	48.3	267	135	2	14	277	1	267	4.05e-79	240
KDHFCO_03655	ABJDJH_12790	44.9	272	146	3	11	278	10	281	1.10e-73	226
KDHFCO_03655	JOBCMP_04985	45.6	270	139	5	12	276	11	277	2.78e-70	218
KDHFCO_03655	OOBKJG_03060	99.1	110	1	0	1	110	1	110	9.01e-69	209
KDHFCO_03655	GLOJGG_04620	71.4	133	15	1	144	276	1	110	1.28e-57	179
KDHFCO_03655	BGHOFK_10420	53.0	168	76	2	111	275	44	211	9.06e-57	181
KDHFCO_03655	BDNBEJ_04175	91.2	91	8	0	84	174	41	131	1.08e-52	168
KDHFCO_03655	OMDMHF_02850	38.4	268	156	5	17	275	3	270	8.47e-52	170
KDHFCO_03655	OBFACL_08170	37.7	265	162	2	10	271	7	271	3.11e-50	167
KDHFCO_03655	BCFLNJ_06580	97.5	80	2	0	1	80	1	80	3.64e-47	154
KDHFCO_03655	ACPHPF_00235	38.4	279	0	1	1	279	1	107	1.08e-46	151
KDHFCO_03655	OMDMHF_02875	37.3	260	155	5	10	266	1	255	1.57e-45	153
KDHFCO_03675	ABCBPP_13010	77.0	100	23	0	1	100	1	100	6.02e-52	157
KDHFCO_03680	ABIMCM_02075	99.8	620	1	0	1	620	1	620	0.0	1160
KDHFCO_03680	DIBOGN_04755	70.0	614	183	1	8	620	3	616	6.24e-300	828
KDHFCO_03680	AGDPFD_04350	68.6	621	187	3	6	618	1	621	8.36e-300	828
KDHFCO_03680	HNNKEJ_00865	64.7	615	205	3	8	618	4	610	7.23e-268	746
KDHFCO_03680	BGHOFK_08910	62.5	626	219	3	6	620	3	623	5.85e-263	734
KDHFCO_03680	CGMKCF_08225	60.6	619	238	3	6	619	1	618	1.51e-255	716
KDHFCO_03680	BGCJLL_07025	54.9	621	265	4	9	620	2	616	2.42e-225	639
KDHFCO_03680	EIKFFD_03600	52.3	620	282	3	9	620	2	615	1.62e-211	603
KDHFCO_03680	ANFPEE_11195	36.2	619	363	13	20	619	162	767	8.77e-116	362
KDHFCO_03680	ABIMCM_08870	34.7	631	361	12	24	618	90	705	1.74e-111	349
KDHFCO_03680	ABIMCM_03265	67.6	238	77	0	6	243	1	238	2.25e-102	316
KDHFCO_03680	PKGHFF_07395	35.6	578	340	13	63	619	47	613	8.52e-95	303
KDHFCO_03680	DNKGCI_09585	33.0	576	347	16	23	565	14	583	1.93e-90	292
KDHFCO_03680	LBKFJK_08485	31.2	577	355	14	20	565	18	583	2.13e-89	290
KDHFCO_03680	DDDLLA_02925	32.5	566	348	11	75	619	77	629	1.64e-88	287
KDHFCO_03680	FFPGDJ_00115	34.9	556	326	13	90	618	271	817	3.84e-88	291
KDHFCO_03680	ACIHME_07560	32.5	563	342	12	34	565	34	589	2.45e-87	285
KDHFCO_03680	OFBCLB_07720	34.6	497	297	11	90	565	97	586	6.11e-85	278
KDHFCO_03680	AAOIOD_03725	33.9	563	330	13	76	616	136	678	1.67e-84	278
KDHFCO_03680	FFPGDJ_00105	32.5	575	356	10	65	620	86	647	9.11e-84	275
KDHFCO_03680	CNLKLD_04120	32.5	560	343	12	72	615	71	611	3.71e-81	267
KDHFCO_03680	CNLKLD_05200	31.2	561	359	9	64	616	51	592	1.81e-75	251
KDHFCO_03680	AAKGEC_02970	28.8	605	404	9	20	616	7	592	2.67e-73	246
KDHFCO_03680	LDJGMM_06975	33.1	492	305	11	90	565	138	621	3.67e-72	245
KDHFCO_03680	CNLKLD_07600	31.2	529	314	13	62	564	147	651	8.68e-72	244
KDHFCO_03690	ABIMCM_02065	99.5	182	1	0	1	182	1	182	1.36e-128	358
KDHFCO_03690	AGDPFD_04340	67.4	175	57	0	4	178	3	177	8.06e-79	232
KDHFCO_03690	ABCLFC_07650	61.8	173	66	0	7	179	6	178	3.96e-72	215
KDHFCO_03690	HNNKEJ_00885	55.9	179	79	0	1	179	1	179	1.14e-62	191
KDHFCO_03695	ABIMCM_02060	99.6	229	1	0	1	229	1	229	1.65e-159	440
KDHFCO_03695	HNNKEJ_00890	65.1	218	76	0	12	229	13	230	3.65e-101	292
KDHFCO_03695	ABNNBP_08565	61.9	218	83	0	12	229	12	229	1.89e-91	268
KDHFCO_03695	AGDPFD_04335	59.2	218	88	1	13	229	14	231	1.09e-88	261
KDHFCO_03695	BGHOFK_02030	56.0	218	96	0	12	229	3	220	5.16e-82	243
KDHFCO_03695	ABCBPP_11185	55.3	217	97	0	13	229	6	222	3.43e-78	234
KDHFCO_03695	EIKFFD_03615	48.1	214	111	0	13	226	5	218	6.92e-65	200
KDHFCO_03695	ABIMCM_09380	43.9	205	112	1	15	216	6	210	5.49e-57	180
KDHFCO_03695	DBFGIH_03965	40.5	215	127	1	12	225	3	217	4.89e-52	167
KDHFCO_03695	ABIMCM_03265	53.1	160	75	0	70	229	239	398	2.44e-50	168
KDHFCO_03695	GKALEM_12305	40.6	207	119	2	15	218	6	211	5.24e-46	152
KDHFCO_03700	ABCLFC_03590	87.6	338	42	0	1	338	12	349	3.09e-212	583
KDHFCO_03700	PLDCIE_13200	87.1	171	22	0	1	171	1	171	1.31e-98	295
KDHFCO_03700	DFCDFN_03525	46.1	321	169	4	1	319	1	319	1.42e-85	261
KDHFCO_03700	BGHOFK_04410	47.3	281	147	1	1	280	1	281	7.27e-82	252
KDHFCO_03700	ABNNBP_08060	37.6	287	171	4	3	283	7	291	1.56e-59	194
KDHFCO_03700	DFCDFN_03530	33.4	314	198	6	1	309	3	310	1.35e-53	178
KDHFCO_03700	AANGNE_01135	36.4	269	162	5	2	268	4	265	4.75e-49	166
KDHFCO_03700	AAKGEC_11925	37.2	266	153	4	6	264	4	262	5.84e-49	166
KDHFCO_03700	BCFLNJ_05705	36.8	266	154	3	6	264	4	262	8.52e-46	164
KDHFCO_03700	DDDLLA_05570	36.3	281	167	5	6	280	19	293	5.16e-45	157
KDHFCO_03705	AAKGEC_11925	98.4	319	5	0	1	319	1	319	4.35e-225	613
KDHFCO_03705	BCFLNJ_05705	89.1	313	34	0	1	313	1	313	4.72e-193	544
KDHFCO_03705	JOJNOE_06315	88.1	261	24	2	1	259	1	256	1.45e-150	427
KDHFCO_03705	AANGNE_01135	51.0	245	116	3	21	262	18	261	3.09e-71	223
KDHFCO_03705	DFCDFN_03530	44.5	263	133	4	4	262	8	261	1.39e-70	221
KDHFCO_03705	DFCDFN_03525	36.3	270	153	5	2	261	5	265	1.10e-53	179
KDHFCO_03705	BGHOFK_04410	38.8	268	149	5	3	262	5	265	1.18e-51	173
KDHFCO_03705	ABCLFC_03590	38.6	241	141	3	30	263	36	276	2.14e-47	162
KDHFCO_03705	DDDLLA_05570	36.7	264	161	3	2	262	17	277	3.82e-47	162
KDHFCO_03705	ABNNBP_08060	36.1	280	149	8	4	266	10	276	7.60e-45	155
KDHFCO_03710	AAKGEC_11930	96.2	319	12	0	1	319	1	319	2.52e-224	611
KDHFCO_03710	BCFLNJ_05705	90.9	319	29	0	1	319	314	632	1.95e-209	586
KDHFCO_03710	PLDCIE_13200	89.8	206	21	0	114	319	167	372	1.77e-129	373
KDHFCO_03710	AAKGEC_05925	31.6	320	200	5	1	318	1	303	3.77e-47	160
KDHFCO_03710	AANGNE_01120	29.9	318	206	3	3	319	4	305	5.58e-47	160
KDHFCO_03715	AIKIDN_00590	96.3	297	8	1	1	294	1	297	5.86e-193	530
KDHFCO_03715	KGIGEE_00710	91.8	183	12	1	13	195	152	331	3.27e-102	301
KDHFCO_03720	DDDLLA_02085	77.3	600	133	2	1	600	1	597	0.0	912
KDHFCO_03720	FGEEDJ_07150	89.3	159	17	0	1	159	1	159	2.87e-89	274
KDHFCO_03720	ABCLFC_03610	66.2	139	47	0	1	139	1	139	1.24e-53	179
KDHFCO_03725	DKIIMI_12240	95.1	649	10	1	1	627	1	649	0.0	1219
KDHFCO_03725	DDDLLA_08560	70.8	627	183	0	1	627	1	627	0.0	911
KDHFCO_03725	CNLKLD_07235	70.7	629	182	2	1	627	1	629	0.0	911
KDHFCO_03725	ALNFEK_11530	97.0	133	4	0	141	273	1	133	1.91e-85	264
KDHFCO_03730	HAGFLF_13040	99.5	439	2	0	1	439	1	439	0.0	867
KDHFCO_03730	NGAPDN_05610	69.9	429	129	0	11	439	6	434	4.43e-224	620
KDHFCO_03730	FPMMJC_06640	57.5	424	177	3	17	439	17	438	1.09e-165	473
KDHFCO_03730	KJOAFL_08435	55.9	429	186	2	13	439	6	433	1.14e-161	462
KDHFCO_03730	CLEGAA_15005	48.9	427	211	5	16	439	7	429	1.95e-128	377
KDHFCO_03730	FPMMJC_06355	61.9	126	48	0	7	132	2	127	6.04e-51	168
KDHFCO_03730	PJLNJC_13105	98.8	82	1	0	62	143	28	109	4.05e-50	165
KDHFCO_03740	BCGFPE_12580	75.7	107	26	0	1	107	10	116	3.37e-54	164
KDHFCO_03745	ABIMCM_10300	89.2	93	10	0	1	93	1	93	3.00e-51	155
KDHFCO_03750	GFMPDI_06455	100	100	0	0	1	100	64	163	1.73e-64	191
KDHFCO_03750	CHCJLL_12305	88.4	112	1	1	1	100	1	112	6.21e-61	181
KDHFCO_03760	ABNNBP_04625	99.1	114	1	0	1	114	1	114	1.68e-78	226
KDHFCO_03765	ABNNBP_04630	99.6	275	1	0	1	275	1	275	1.12e-189	520
KDHFCO_03765	FJCOFL_05460	100	147	0	0	6	152	50	196	2.38e-98	286
KDHFCO_03770	CLAPNJ_12005	86.3	183	24	1	1	183	1	182	4.12e-110	311
KDHFCO_03770	HKMGEG_01330	97.3	110	3	0	5	114	18	127	2.91e-73	216
KDHFCO_03770	PHBBGM_11795	46.4	183	96	1	1	183	1	181	2.76e-48	155
KDHFCO_03775	ABNNBP_04640	99.5	201	1	0	1	201	1	201	4.46e-141	391
KDHFCO_03775	AGHDIE_02410	62.6	198	73	1	5	201	5	202	4.46e-86	252
KDHFCO_03780	AHPAPB_10090	98.2	279	5	0	1	279	22	300	2.35e-198	543
KDHFCO_03780	ACPHPF_04690	57.6	276	116	1	1	275	6	281	9.76e-109	316
KDHFCO_03780	BEGLKA_08720	97.5	157	4	0	1	157	92	248	1.28e-103	301
KDHFCO_03780	MHGLEN_14025	98.1	156	3	0	1	156	1	156	9.18e-103	301
KDHFCO_03780	FAAIHB_09795	47.9	267	136	2	14	277	1	267	1.32e-77	236
KDHFCO_03780	ABJDJH_12790	44.9	272	146	3	11	278	10	281	1.26e-72	224
KDHFCO_03780	JOBCMP_04985	45.2	270	140	5	12	276	11	277	1.79e-68	213
KDHFCO_03780	OOBKJG_03060	98.2	110	2	0	1	110	1	110	2.56e-68	208
KDHFCO_03780	GLOJGG_04620	70.7	133	16	1	144	276	1	110	7.28e-57	177
KDHFCO_03780	BGHOFK_10420	52.4	168	77	2	111	275	44	211	5.78e-55	176
KDHFCO_03780	BDNBEJ_04175	90.1	91	9	0	84	174	41	131	6.14e-52	166
KDHFCO_03780	OBFACL_08170	37.4	265	163	2	10	271	7	271	1.22e-49	166
KDHFCO_03780	BCFLNJ_06580	96.3	80	3	0	1	80	1	80	1.03e-46	153
KDHFCO_03780	OMDMHF_02875	36.9	260	156	5	10	266	1	255	3.44e-44	150
KDHFCO_03785	ABNNBP_04650	100	213	0	0	1	213	1	213	3.93e-150	415
KDHFCO_03785	KJOAFL_01415	68.1	213	68	0	1	213	512	724	7.35e-94	288
KDHFCO_03785	MMHDPA_00400	58.3	211	88	0	3	213	515	725	7.29e-74	236
KDHFCO_03785	BGLHNG_01070	48.8	211	106	1	3	213	364	572	2.30e-58	192
KDHFCO_03785	MMHDPA_00435	42.2	211	122	0	3	213	523	733	4.04e-54	183
KDHFCO_03785	HNNKEJ_10780	41.7	211	123	0	3	213	512	722	5.58e-48	166
KDHFCO_03785	LBKFJK_02445	38.7	212	129	1	3	213	506	717	1.65e-44	157
KDHFCO_03790	ABNNBP_04655	100	87	0	0	1	87	1	87	1.87e-58	173
KDHFCO_03795	FIJOGA_03665	92.2	230	12	1	1	224	1	230	2.04e-154	427
KDHFCO_03795	LCDEGG_14340	93.3	209	14	0	1	209	1	209	4.89e-142	400
KDHFCO_03795	OBFACL_13940	76.5	226	42	1	1	226	1	215	6.70e-123	347
KDHFCO_03795	OBFACL_14235	95.9	145	6	0	1	145	1	145	1.03e-101	293
KDHFCO_03795	AJANDE_09880	86.1	137	19	0	90	226	48	184	4.35e-79	234
KDHFCO_03795	HIJKML_06220	74.8	135	22	1	75	209	1	123	3.28e-69	208
KDHFCO_03795	OAJDKB_12175	85.9	99	14	0	1	99	1	99	1.07e-60	187
KDHFCO_03795	IAAGLG_13260	90.4	94	9	0	75	168	1	94	2.16e-57	178
KDHFCO_03795	ILDBOH_12915	93.9	82	5	0	1	82	1	82	1.37e-53	167
KDHFCO_03795	COBMDH_07970	83.5	97	16	0	109	205	3	99	3.14e-52	165
KDHFCO_03795	IAMNKG_14170	72.6	113	31	0	114	226	31	143	1.31e-51	163
KDHFCO_03800	BNPKDP_00150	99.7	289	1	0	1	289	1	289	1.11e-207	573
KDHFCO_03800	CBFHCM_00015	74.6	287	73	0	1	287	1	287	7.14e-157	443
KDHFCO_03800	HNNKEJ_01225	69.2	234	66	1	1	234	1	228	1.06e-117	343
KDHFCO_03805	ABNNBP_04670	99.1	217	2	0	1	217	1	217	7.91e-152	419
KDHFCO_03805	EGPLAC_11715	99.1	217	2	0	1	217	92	308	2.05e-150	419
KDHFCO_03805	CKLJGI_02295	52.4	206	98	0	6	211	94	299	2.63e-70	216
KDHFCO_03810	EGPLAC_11720	99.2	381	3	0	1	381	1	381	1.16e-277	754
KDHFCO_03810	PJCKBK_00125	37.6	383	222	7	6	381	7	379	3.54e-75	239
KDHFCO_03815	KABOBF_01505	89.4	94	2	1	1	86	1	94	3.84e-50	152
KDHFCO_03820	AHPAPB_10090	98.9	279	3	0	1	279	22	300	2.10e-201	551
KDHFCO_03820	ACPHPF_04690	58.7	276	113	1	1	275	6	281	2.56e-111	322
KDHFCO_03820	BEGLKA_08720	97.5	157	4	0	1	157	92	248	6.35e-104	302
KDHFCO_03820	MHGLEN_14025	98.1	156	3	0	1	156	1	156	4.57e-103	302
KDHFCO_03820	FAAIHB_09795	48.3	267	135	2	14	277	1	267	1.15e-78	239
KDHFCO_03820	ABJDJH_12790	44.9	272	146	3	11	278	10	281	1.56e-73	226
KDHFCO_03820	JOBCMP_04985	45.6	270	139	5	12	276	11	277	7.89e-70	216
KDHFCO_03820	OOBKJG_03060	99.1	110	1	0	1	110	1	110	9.01e-69	209
KDHFCO_03820	GLOJGG_04620	71.4	133	15	1	144	276	1	110	1.28e-57	179
KDHFCO_03820	BGHOFK_10420	53.0	168	76	2	111	275	44	211	2.56e-56	180
KDHFCO_03820	BDNBEJ_04175	89.0	91	10	0	84	174	41	131	8.68e-52	166
KDHFCO_03820	OMDMHF_02850	38.4	268	156	5	17	275	3	270	2.38e-51	169
KDHFCO_03820	OBFACL_08170	37.4	265	163	2	10	271	7	271	8.69e-50	166
KDHFCO_03820	BCFLNJ_06580	97.5	80	2	0	1	80	1	80	3.64e-47	154
KDHFCO_03820	ACPHPF_00235	38.4	279	0	1	1	279	1	107	1.08e-46	151
KDHFCO_03820	OMDMHF_02875	36.9	260	156	5	10	266	1	255	4.40e-45	152
KDHFCO_03825	DDDLLA_07905	77.5	422	94	1	1	422	1	421	3.38e-233	642
KDHFCO_03830	FGPNLL_09215	96.6	119	4	0	1	119	7	125	3.08e-80	231
KDHFCO_03835	EKJHIG_08755	91.2	226	20	0	1	226	1	226	3.39e-141	394
KDHFCO_03835	BNBIEO_04260	70.0	220	64	1	1	218	1	220	1.36e-103	298
KDHFCO_03835	BEGLKA_09505	64.3	210	75	0	1	210	1	210	3.66e-93	272
KDHFCO_03835	IAFHMK_01170	61.0	210	82	0	1	210	1	210	2.11e-81	242
KDHFCO_03835	DDDLLA_07900	58.2	213	89	0	1	213	16	228	3.72e-80	239
KDHFCO_03835	BKMMEC_03620	59.6	136	55	0	78	213	1	136	1.62e-53	169
KDHFCO_03840	DKIIMI_08950	96.0	126	5	0	1	126	1	126	5.73e-85	243
KDHFCO_03840	AANGNE_02450	66.7	126	42	0	1	126	1	126	3.23e-57	173
KDHFCO_03840	HNNKEJ_06580	62.7	126	47	0	1	126	1	126	7.69e-54	164
KDHFCO_03840	DNKGCI_03520	62.2	119	45	0	1	119	9	127	6.08e-53	162
KDHFCO_03845	AAKGEC_12625	97.7	307	7	0	1	307	1	307	5.90e-217	592
KDHFCO_03845	CDIIGJ_05455	71.6	303	83	1	5	307	4	303	4.31e-156	437
KDHFCO_03845	DNKGCI_03525	72.0	307	82	2	4	306	6	312	3.20e-151	426
KDHFCO_03845	DFCDFN_04000	61.2	343	89	4	2	300	4	346	8.24e-135	385
KDHFCO_03845	CFLCIE_01500	63.1	301	103	4	5	302	4	299	7.35e-129	369
KDHFCO_03845	AANGNE_02455	79.5	224	45	1	2	224	4	227	8.45e-123	355
KDHFCO_03845	AANGNE_07355	32.9	295	153	5	8	301	18	268	1.02e-47	160
KDHFCO_03850	AANGNE_02460	76.8	267	61	1	4	270	2	267	1.90e-134	380
KDHFCO_03850	CDIIGJ_05450	64.9	265	92	1	6	270	4	267	1.22e-111	322
KDHFCO_03850	CFLCIE_01495	56.8	278	100	4	6	270	4	274	3.55e-98	288
KDHFCO_03850	BEGLKA_02150	100	107	0	0	164	270	1	107	1.22e-64	197
KDHFCO_03855	CNLKLD_07830	86.3	329	44	1	1	329	1	328	1.70e-197	544
KDHFCO_03855	DDDLLA_02110	55.2	335	136	5	1	329	5	331	1.23e-122	355
KDHFCO_03860	AAKGEC_12640	88.4	172	18	2	1	170	1	172	2.08e-81	238
KDHFCO_03860	HNNKEJ_06560	77.6	170	37	1	1	170	1	169	6.21e-66	198
KDHFCO_03860	CDIIGJ_05440	71.6	176	44	1	1	170	1	176	3.99e-61	186
KDHFCO_03860	AGINCK_00560	57.3	171	69	2	1	170	1	168	1.13e-51	162
KDHFCO_03860	GNPDOB_05465	56.1	171	68	3	1	170	1	165	1.37e-49	157
KDHFCO_03860	IAFHMK_01135	60.6	170	62	1	1	170	1	165	3.63e-47	150
KDHFCO_03865	DFCDFN_04020	77.2	219	50	0	1	219	1	219	6.99e-114	324
KDHFCO_03865	CNLKLD_07845	66.8	220	73	0	1	220	1	220	1.16e-97	283
KDHFCO_03870	AAKGEC_12650	78.4	467	97	2	1	463	1	467	2.42e-240	664
KDHFCO_03870	IAFHMK_01125	65.0	469	142	7	3	463	1	455	9.07e-202	566
KDHFCO_03870	LBKFJK_00555	63.8	475	149	7	3	463	1	466	3.61e-199	560
KDHFCO_03870	FMBBOG_06420	63.2	468	159	5	3	463	1	462	1.15e-189	535
KDHFCO_03870	OFBCLB_04205	59.8	470	170	4	3	463	1	460	2.53e-183	519
KDHFCO_03870	DNKGCI_03550	60.3	474	168	3	3	463	1	467	2.83e-179	509
KDHFCO_03870	CNLKLD_07850	59.9	481	154	9	3	462	1	463	2.09e-173	494
KDHFCO_03870	AANGNE_02500	54.9	479	175	7	3	463	1	456	2.60e-162	466
KDHFCO_03875	MHGLEN_06140	96.6	206	7	0	1	206	1	206	7.27e-141	391
KDHFCO_03880	BLCAGE_08900	98.3	234	4	0	1	234	40	273	2.37e-169	467
KDHFCO_03880	MHGLEN_14120	98.2	221	4	0	1	221	1	221	1.34e-156	439
KDHFCO_03880	OFBCLB_00125	73.7	232	61	0	1	232	43	274	1.36e-124	353
KDHFCO_03880	FCNDOE_00480	69.5	233	71	0	2	234	40	272	4.02e-121	345
KDHFCO_03880	DAEIAJ_02250	68.4	234	2	1	1	234	40	201	2.33e-101	292
KDHFCO_03880	BGHOFK_10420	67.3	211	69	0	17	227	1	211	3.53e-100	290
KDHFCO_03880	MILJBE_11495	98.2	110	2	0	125	234	65	174	5.27e-75	224
KDHFCO_03880	DPMHNO_11055	97.3	111	3	0	123	233	1	111	3.62e-74	223
KDHFCO_03880	OBFACL_14235	66.9	163	43	5	75	234	73	227	4.98e-60	188
KDHFCO_03880	DICHKL_07830	97.4	77	2	0	157	233	4	80	2.07e-49	159
KDHFCO_03880	DOLABL_06375	56.3	160	3	1	1	160	40	132	2.54e-47	153
KDHFCO_03885	DFPFAH_04660	98.9	91	1	0	1	91	113	203	8.38e-57	173
KDHFCO_03885	GIPIII_01620	97.8	91	2	0	1	91	75	165	1.49e-56	171
KDHFCO_03885	ABNNBP_10745	100	91	0	0	1	91	182	272	1.58e-56	174
KDHFCO_03885	FFPGDJ_10745	96.7	91	3	0	1	91	97	187	8.43e-56	170
KDHFCO_03890	ABJDJH_01510	93.2	191	13	0	1	191	27	217	3.58e-123	346
KDHFCO_03890	BIHALF_02355	75.4	191	47	0	1	191	27	217	9.65e-105	299
KDHFCO_03890	CMMAPM_01900	64.9	191	67	0	1	191	25	215	3.48e-88	257
KDHFCO_03890	AEMMAL_02690	62.6	182	68	0	1	182	25	206	1.14e-77	231
KDHFCO_03890	PLCKHO_04295	55.0	191	85	1	1	191	25	214	1.06e-72	218
KDHFCO_03890	HMJMNM_01800	53.3	180	83	1	1	180	25	203	4.70e-59	183
KDHFCO_03895	AAKGEC_12750	99.7	288	1	0	1	288	1	288	1.64e-193	531
KDHFCO_03895	DNKGCI_03595	68.5	289	86	3	1	288	1	285	1.18e-132	377
KDHFCO_03895	DDDLLA_10835	62.8	288	103	2	1	288	1	284	9.70e-127	362
KDHFCO_03895	AANGNE_02505	66.0	288	94	2	1	288	1	284	2.77e-126	360
KDHFCO_03895	KABOBF_06470	59.2	169	66	2	2	169	2	168	2.49e-63	196
KDHFCO_03900	AAKGEC_12755	98.5	460	7	0	1	460	1	460	0.0	867
KDHFCO_03900	AANGNE_02510	62.8	438	159	2	24	460	15	449	8.66e-188	530
KDHFCO_03900	DNKGCI_03600	63.1	444	157	3	21	460	11	451	1.65e-183	519
KDHFCO_03900	DDDLLA_10840	61.5	441	163	4	24	460	15	452	1.21e-181	514
KDHFCO_03900	ABCBPP_09140	60.5	441	167	3	24	460	15	452	9.95e-178	504
KDHFCO_03905	ABNNBP_04770	100	409	0	0	1	409	1	409	1.73e-281	763
KDHFCO_03905	IAFHMK_01110	64.7	408	137	1	1	408	1	401	9.29e-185	518
KDHFCO_03905	CMMBIF_10020	62.1	409	154	1	1	409	1	408	1.48e-177	500
KDHFCO_03905	DNKGCI_03605	49.5	426	196	5	1	409	1	424	7.66e-125	367
KDHFCO_03905	EJHBKF_09050	51.0	418	187	9	1	409	1	409	5.36e-124	364
KDHFCO_03905	AANGNE_02515	46.3	410	215	4	1	408	1	407	8.39e-123	361
KDHFCO_03905	DDDLLA_10845	45.5	413	218	5	1	409	1	410	3.46e-117	347
KDHFCO_03905	NEBMPO_07930	60.0	170	58	4	1	165	1	165	1.36e-47	161
KDHFCO_03910	LBKFJK_00575	75.3	584	140	1	1	584	1	580	0.0	950
KDHFCO_03910	BNBIEO_04325	68.0	584	187	0	1	584	1	584	5.84e-318	870
KDHFCO_03910	CNLKLD_07865	63.4	598	205	4	1	584	1	598	1.20e-285	789
KDHFCO_03910	PAGFJI_09190	98.2	274	5	0	1	274	1	274	1.72e-201	563
KDHFCO_03910	IAFHMK_03385	32.1	523	279	17	14	496	15	501	1.04e-70	238
KDHFCO_03910	CNLKLD_04495	33.4	449	239	14	137	548	125	550	1.50e-68	232
KDHFCO_03910	BGHOFK_08865	30.3	542	300	18	76	577	77	580	7.86e-68	230
KDHFCO_03910	HNNKEJ_00765	31.4	526	289	16	14	501	15	506	2.12e-67	229
KDHFCO_03910	DNKGCI_03385	29.7	535	292	17	76	567	77	570	5.78e-65	223
KDHFCO_03910	AAKGEC_11510	33.6	435	227	15	95	496	96	501	3.00e-64	221
KDHFCO_03910	DDKKPM_05595	32.2	481	260	16	76	520	93	543	3.20e-63	218
KDHFCO_03915	AAKGEC_12770	98.3	531	9	0	1	531	11	541	0.0	1087
KDHFCO_03915	ABIMCM_02650	71.3	530	148	2	1	530	1	526	1.76e-293	804
KDHFCO_03915	JIGPNC_02680	65.6	532	176	3	1	530	1	527	2.02e-268	741
KDHFCO_03915	JCMPCJ_07655	58.9	530	210	3	4	531	3	526	4.94e-235	656
KDHFCO_03915	HNNKEJ_02595	58.8	532	210	4	3	531	2	527	4.84e-232	648
KDHFCO_03915	LIKPGP_10220	48.5	555	253	10	5	527	8	561	3.57e-179	515
KDHFCO_03915	AJCMKJ_07250	46.0	554	263	11	1	526	1	546	2.95e-172	497
KDHFCO_03915	CNLKLD_00630	45.4	502	249	9	8	492	6	499	5.11e-151	442
KDHFCO_03915	BGHOFK_04660	42.6	538	278	12	10	527	7	533	4.10e-144	425
KDHFCO_03915	BMKIOK_06255	42.6	519	269	11	10	508	7	516	8.74e-143	422
KDHFCO_03915	IAFHMK_05665	42.9	504	263	10	10	496	7	502	1.12e-141	419
KDHFCO_03915	GNOKMM_03575	42.8	507	254	11	1	488	1	490	1.23e-140	416
KDHFCO_03915	DNKGCI_03635	40.5	541	283	14	3	524	5	525	7.59e-138	409
KDHFCO_03915	IAFHMK_01080	40.1	546	283	14	3	524	6	531	1.32e-134	400
KDHFCO_03915	KGIGEE_11615	41.4	503	255	14	10	492	2	484	1.68e-128	385
KDHFCO_03915	CNLKLD_07880	41.1	504	257	14	8	490	8	492	1.95e-127	382
KDHFCO_03915	DDDLLA_10870	39.8	522	273	13	3	503	5	506	6.38e-126	378
KDHFCO_03915	BAFONJ_09485	36.5	515	272	13	5	503	2	477	7.95e-100	310
KDHFCO_03915	HNNKEJ_01955	34.5	525	274	15	5	511	2	474	3.11e-90	285
KDHFCO_03915	CNLKLD_07870	53.5	185	75	4	347	531	24	197	3.36e-60	197
KDHFCO_03915	ENIHOO_08500	27.8	511	261	15	12	493	49	480	1.25e-49	178
KDHFCO_03915	LBKFJK_00595	28.7	501	268	15	12	494	52	481	1.41e-49	178
KDHFCO_03915	DFCDFN_04065	28.9	506	255	19	12	489	52	480	7.63e-49	176
KDHFCO_03915	DNKGCI_03630	26.9	498	277	16	12	492	50	477	4.60e-47	171
KDHFCO_03920	HNNKEJ_06515	73.0	200	54	0	2	201	3	202	5.77e-96	277
KDHFCO_03920	LBKFJK_00590	63.0	200	74	0	1	200	1	200	5.35e-85	249
KDHFCO_03920	KEMHDF_07140	46.4	196	105	0	3	198	6	201	3.20e-61	189
KDHFCO_03920	IAFHMK_07725	43.1	197	112	0	3	199	6	202	1.53e-56	177
KDHFCO_03925	ENIHOO_08500	92.6	524	39	0	1	524	1	524	0.0	961
KDHFCO_03925	DNKGCI_03630	69.7	524	152	3	2	524	5	522	1.61e-265	733
KDHFCO_03925	LBKFJK_00595	67.9	523	164	2	2	524	6	524	2.71e-262	724
KDHFCO_03925	DFCDFN_04065	68.6	529	160	4	1	524	1	528	6.94e-259	716
KDHFCO_03925	DDDLLA_10865	67.0	528	162	5	2	524	4	524	2.39e-251	697
KDHFCO_03925	JIGPNC_02680	28.3	501	273	14	49	480	12	495	2.84e-50	180
KDHFCO_03925	ABIMCM_02650	33.1	360	189	10	49	376	12	351	4.66e-49	176
KDHFCO_03925	HNNKEJ_02595	34.0	362	182	13	49	376	11	349	1.73e-48	175
KDHFCO_03925	JCMPCJ_07655	35.2	349	194	11	49	376	11	348	1.27e-47	172
KDHFCO_03925	AAKGEC_12770	28.2	511	259	16	49	480	22	503	3.99e-47	171
KDHFCO_03925	LIKPGP_10220	25.3	574	299	19	49	520	15	560	1.41e-45	167
KDHFCO_03925	BGHOFK_04660	30.8	364	204	8	49	375	9	361	1.19e-44	164
KDHFCO_03925	GNOKMM_03575	32.1	365	197	13	49	376	12	362	9.63e-44	162
KDHFCO_03925	IAFHMK_05665	30.1	362	208	8	49	375	9	360	2.54e-41	155
KDHFCO_03925	KGIGEE_11615	29.8	376	210	12	49	386	4	363	3.29e-41	155
KDHFCO_03930	KGIGEE_11615	83.5	534	84	1	12	541	1	534	0.0	942
KDHFCO_03930	IAFHMK_01080	69.7	542	158	3	1	541	1	537	2.46e-294	807
KDHFCO_03930	DNKGCI_03635	69.2	542	155	4	1	541	1	531	1.08e-291	800
KDHFCO_03930	DDDLLA_10870	70.3	536	153	3	7	541	6	536	9.73e-289	793
KDHFCO_03930	GNOKMM_03575	69.6	539	156	3	5	541	2	534	4.78e-285	784
KDHFCO_03930	CNLKLD_07880	69.2	535	156	4	8	540	5	532	1.20e-284	782
KDHFCO_03930	AJCMKJ_07250	42.6	517	264	11	13	503	10	519	1.76e-138	411
KDHFCO_03930	ABIMCM_02650	42.6	526	259	14	7	511	4	507	3.96e-136	404
KDHFCO_03930	LIKPGP_10220	40.9	553	294	12	1	523	1	550	1.89e-135	404
KDHFCO_03930	AAKGEC_12770	40.7	511	263	13	5	495	12	502	2.30e-127	382
KDHFCO_03930	JIGPNC_02680	39.6	507	268	13	9	495	6	494	1.80e-124	375
KDHFCO_03930	HNNKEJ_02595	39.8	510	258	12	7	493	3	486	1.19e-120	365
KDHFCO_03930	JCMPCJ_07655	40.1	509	257	13	7	493	3	485	4.08e-119	361
KDHFCO_03930	BGHOFK_04660	35.8	545	316	14	9	531	3	535	1.51e-104	323
KDHFCO_03930	BMKIOK_06255	35.7	544	309	16	13	531	7	534	1.67e-102	318
KDHFCO_03930	IAFHMK_05665	37.1	539	304	18	10	526	4	529	2.73e-102	318
KDHFCO_03930	CNLKLD_00630	35.1	544	324	14	8	532	3	536	1.66e-100	313
KDHFCO_03930	BAFONJ_09485	36.1	496	279	13	13	498	7	474	5.26e-93	292
KDHFCO_03930	HNNKEJ_01955	32.4	482	284	14	13	490	7	450	9.14e-75	244
KDHFCO_03930	LBKFJK_00595	31.2	378	202	14	15	374	52	389	1.24e-43	162
KDHFCO_03930	DNKGCI_03630	26.7	539	283	18	15	531	50	498	8.11e-43	159
KDHFCO_03930	ENIHOO_08500	29.0	372	218	12	15	374	49	386	7.48e-40	151
KDHFCO_03930	DFCDFN_04065	30.3	379	205	13	15	374	52	390	1.26e-39	150
KDHFCO_03935	ELEKDE_01320	94.9	751	38	0	1	751	1	751	0.0	1457
KDHFCO_03935	AANGNE_02530	73.3	748	197	3	1	746	1	747	0.0	1128
KDHFCO_03935	CEHAJH_06470	57.6	752	306	6	4	743	1	751	1.48e-312	870
KDHFCO_03935	IAFHMK_08315	29.2	744	455	20	12	710	12	728	8.66e-84	281
KDHFCO_03935	HNNKEJ_13350	28.5	720	438	17	13	720	4	658	1.20e-83	278
KDHFCO_03935	ACDDAG_05705	28.0	778	499	19	8	745	5	761	1.52e-81	275
KDHFCO_03935	ABJDJH_08710	28.1	755	467	20	13	720	12	737	5.85e-80	271
KDHFCO_03935	JAFLJO_08420	27.9	728	436	15	10	719	10	666	7.99e-80	268
KDHFCO_03935	ACDDAG_05725	27.7	694	445	14	29	719	20	659	9.56e-80	268
KDHFCO_03935	LBKFJK_09980	27.8	755	467	20	13	719	13	737	1.53e-79	270
KDHFCO_03935	JAFLJO_08395	28.3	753	468	19	13	720	9	734	7.09e-78	265
KDHFCO_03935	LBKFJK_09960	35.8	424	261	7	287	710	236	648	1.19e-76	259
KDHFCO_03935	ABCBPP_02800	26.9	783	472	28	28	749	22	765	6.77e-58	210
KDHFCO_03935	DDKKPM_02795	26.7	765	470	25	13	748	3	705	1.99e-55	202
KDHFCO_03935	HNNKEJ_13235	26.1	796	485	30	13	742	8	766	1.44e-53	197
KDHFCO_03935	DNKGCI_11095	26.8	784	493	30	13	742	5	761	8.59e-53	195
KDHFCO_03935	CDIIGJ_10580	26.5	788	488	31	13	743	6	759	2.83e-52	194
KDHFCO_03935	OFBCLB_00565	26.0	799	492	31	8	743	1	763	2.48e-51	191
KDHFCO_03935	LBKFJK_04295	26.0	791	501	29	8	742	1	763	2.50e-51	191
KDHFCO_03935	DNKGCI_07125	25.7	789	495	30	13	742	5	761	3.76e-50	187
KDHFCO_03940	AAKGEC_12795	95.7	324	14	0	1	324	1	324	2.79e-219	599
KDHFCO_03940	DBFGIH_05145	69.7	323	98	0	1	323	1	323	9.80e-159	446
KDHFCO_03940	CNLKLD_07895	61.3	323	123	1	1	321	1	323	1.86e-131	377
KDHFCO_03945	JDLPKP_04720	99.5	222	1	0	1	222	8	229	1.39e-156	432
KDHFCO_03945	CEHAJH_00690	48.8	217	111	0	5	221	1	217	1.69e-74	224
KDHFCO_03945	CNLKLD_03860	37.3	225	135	3	3	222	5	228	3.75e-49	160
KDHFCO_03950	CGMKCF_07720	92.1	456	36	0	1	456	12	467	2.27e-292	795
KDHFCO_03950	IAFHMK_01060	66.0	459	150	2	1	456	1	456	5.52e-211	589
KDHFCO_03950	DDDLLA_10760	61.4	459	169	3	1	455	1	455	4.72e-197	554
KDHFCO_03950	LBKFJK_00620	62.1	464	160	5	1	455	1	457	3.04e-194	546
KDHFCO_03950	DNKGCI_03655	64.3	465	151	6	1	456	1	459	4.46e-194	546
KDHFCO_03950	BNBIEO_04360	59.6	456	169	5	13	455	3	456	7.42e-180	510
KDHFCO_03950	CNLKLD_05975	56.8	454	184	3	1	443	4	456	1.56e-174	496
KDHFCO_03955	AAKGEC_12810	95.3	580	27	0	1	580	1	580	0.0	1120
KDHFCO_03955	OFBCLB_04270	70.7	581	169	1	1	580	1	581	3.48e-308	845
KDHFCO_03955	AANGNE_02555	67.8	580	187	0	1	580	1	580	4.33e-299	822
KDHFCO_03955	AAKGEC_09365	58.8	585	236	4	1	580	1	585	5.57e-247	691
KDHFCO_03955	FHIFIE_02605	56.3	245	107	0	336	580	282	526	1.18e-85	276
KDHFCO_03960	NCBCII_08825	93.0	86	6	0	1	86	35	120	3.26e-60	179
KDHFCO_03960	CGMKCF_07735	93.0	86	6	0	1	86	1	86	8.06e-60	177
KDHFCO_03965	DDDLLA_10775	80.9	477	90	1	1	477	1	476	3.22e-302	822
KDHFCO_03965	CNLKLD_06025	72.8	474	129	0	1	474	1	474	8.92e-274	749
KDHFCO_03965	MNCDBI_00620	89.5	353	31	1	1	347	1	353	1.37e-230	665
KDHFCO_03965	GEDPFN_03055	60.9	470	184	0	5	474	4	473	4.50e-227	631
KDHFCO_03965	ACDDAG_07275	56.6	472	202	3	3	474	10	478	7.88e-205	575
KDHFCO_03965	LBKFJK_04760	54.5	468	210	3	3	470	6	470	3.85e-192	543
KDHFCO_03965	BDEBFB_07100	53.0	483	216	4	1	474	1	481	3.31e-183	520
KDHFCO_03965	EJEPOM_07405	50.9	477	217	5	3	474	4	468	4.59e-175	499
KDHFCO_03965	DAEIAJ_08645	51.6	479	222	5	1	474	1	474	3.47e-173	494
KDHFCO_03965	FFEJFE_01165	49.8	484	230	6	3	476	6	486	3.44e-171	490
KDHFCO_03965	ANILPM_09555	49.5	487	227	5	3	474	7	489	5.20e-169	484
KDHFCO_03965	DNKIME_04800	50.5	477	231	3	3	474	4	480	1.09e-168	483
KDHFCO_03965	AANGNE_08355	50.7	495	211	9	1	477	1	480	2.19e-168	483
KDHFCO_03965	CDIIGJ_10515	49.5	513	210	8	1	474	1	503	1.31e-167	481
KDHFCO_03965	AIKIDN_03085	47.1	484	241	6	3	474	4	484	4.66e-164	472
KDHFCO_03965	DDDLLA_05595	47.8	477	236	6	3	471	5	476	1.42e-162	468
KDHFCO_03965	ALNFEK_03480	49.5	487	215	7	3	471	9	482	1.15e-161	466
KDHFCO_03965	KPGHOL_06290	45.9	482	248	3	1	475	1	476	3.91e-161	464
KDHFCO_03965	HDKJGO_06115	47.5	480	242	5	3	474	8	485	5.49e-160	461
KDHFCO_03965	IAFHMK_01915	48.4	473	224	6	3	470	8	465	1.79e-157	455
KDHFCO_03965	NAGBDA_10950	48.3	484	234	8	3	474	6	485	6.89e-156	451
KDHFCO_03965	PPBJPA_11480	46.6	498	225	8	3	474	10	492	1.75e-155	450
KDHFCO_03965	AGFMFG_00740	40.4	483	270	6	3	474	9	484	3.49e-134	395
KDHFCO_03965	GGNLNJ_07230	72.3	224	62	0	1	224	1	224	6.21e-121	352
KDHFCO_03965	ACPHPF_05020	40.2	475	253	11	3	475	8	453	5.60e-117	350
KDHFCO_03970	AAKGEC_12825	92.6	901	67	0	1	901	1	901	0.0	1336
KDHFCO_03970	MNCDBI_00620	92.4	839	64	0	63	901	323	1161	0.0	1219
KDHFCO_03970	DBFGIH_07055	75.2	905	220	1	1	901	1	905	0.0	1023
KDHFCO_03975	HJMHNM_07235	81.5	233	42	1	1	233	1	232	1.17e-139	391
KDHFCO_03975	DNKGCI_03670	67.7	254	73	2	1	246	30	282	4.35e-121	345
KDHFCO_03975	CNLKLD_06460	70.1	234	67	1	3	233	4	237	2.88e-118	337
KDHFCO_03975	IAFHMK_01045	66.9	239	73	2	1	234	1	238	7.71e-114	325
KDHFCO_03980	AAKGEC_12835	96.4	277	10	0	1	277	1	277	1.65e-192	527
KDHFCO_03980	KGIGEE_11565	65.0	277	8	1	1	277	1	188	8.44e-112	320
KDHFCO_03980	HNNKEJ_11425	57.8	270	114	0	1	270	1	270	2.04e-109	317
KDHFCO_03980	DNKGCI_04480	45.7	265	144	0	1	265	1	265	3.89e-83	250
KDHFCO_03980	CHBPFB_09075	45.6	274	148	1	1	273	1	274	7.55e-74	226
KDHFCO_03980	BGHOFK_02665	46.2	273	146	1	1	272	1	273	2.44e-72	223
KDHFCO_03980	AAKGEC_08810	45.1	277	151	1	1	276	1	277	3.05e-71	220
KDHFCO_03980	AAOIOD_01895	42.6	272	153	2	3	272	2	272	9.24e-67	208
KDHFCO_03980	HNNKEJ_04685	39.1	271	165	0	1	271	1	271	4.78e-66	206
KDHFCO_03980	DNKGCI_05755	38.3	274	169	0	1	274	1	274	5.39e-66	206
KDHFCO_03980	CCDPJE_02970	40.7	263	156	0	5	267	8	270	2.03e-65	205
KDHFCO_03980	ABJDJH_12310	39.1	271	165	0	1	271	10	280	7.98e-65	204
KDHFCO_03980	KILFKA_08800	40.3	273	162	1	1	272	1	273	2.37e-64	202
KDHFCO_03980	BACFJJ_05370	39.9	268	161	0	5	272	8	275	2.51e-64	202
KDHFCO_03980	IAFHMK_08125	41.9	272	157	1	1	271	1	272	1.04e-63	201
KDHFCO_03980	BGHOFK_01525	39.9	263	158	0	3	265	3	265	1.30e-63	200
KDHFCO_03980	CDIIGJ_05245	37.7	268	167	0	1	268	1	268	5.57e-62	196
KDHFCO_03980	NOKDAP_02565	37.5	275	172	0	1	275	1	275	9.33e-62	196
KDHFCO_03980	ACNHAK_08185	37.5	269	167	1	1	268	1	269	4.32e-60	191
KDHFCO_03980	BOCCFK_00470	36.8	269	170	0	1	269	1	269	1.53e-59	190
KDHFCO_03980	ABCLFC_07605	37.0	273	169	2	3	273	2	273	8.13e-59	189
KDHFCO_03980	DBFGIH_02255	36.8	269	169	1	1	268	1	269	6.11e-58	186
KDHFCO_03980	BEJELC_07700	37.4	270	168	1	5	273	4	273	1.06e-57	185
KDHFCO_03980	ANILPM_05870	36.0	275	175	1	1	274	1	275	2.81e-57	184
KDHFCO_03980	CNLKLD_01190	35.9	270	172	1	6	274	4	273	4.20e-56	181
KDHFCO_03985	ABIMCM_06100	92.6	108	8	0	1	108	1	108	9.62e-64	188
KDHFCO_03990	AAKGEC_12845	74.6	205	51	1	1	205	1	204	5.07e-103	295
KDHFCO_03990	ABCBPP_09040	67.3	211	61	3	1	203	1	211	4.09e-83	245
KDHFCO_03990	NGAPDN_13765	54.4	206	88	2	1	203	1	203	3.89e-67	204
KDHFCO_03995	ABNNBP_04860	100	86	0	0	1	86	1	86	1.89e-53	160
KDHFCO_04000	OBFACL_04580	99.4	512	3	0	1	512	1	512	0.0	934
KDHFCO_04000	CNLKLD_06350	70.5	505	149	0	4	508	11	515	3.05e-245	681
KDHFCO_04000	IAFHMK_01040	72.3	512	137	2	4	512	6	515	9.05e-245	679
KDHFCO_04000	DDDLLA_10785	66.9	516	163	2	1	512	1	512	1.24e-226	633
KDHFCO_04000	LBKFJK_00650	67.3	513	166	2	1	512	1	512	1.29e-218	613
KDHFCO_04000	DNKGCI_03675	64.7	513	180	1	1	512	1	513	2.85e-214	602
KDHFCO_04000	DBFGIH_01400	63.4	506	182	3	3	506	5	509	4.27e-208	586
KDHFCO_04005	AANGNE_03525	75.5	319	78	0	1	319	17	335	3.22e-164	460
KDHFCO_04005	BGHOFK_02895	70.5	319	94	0	1	319	1	319	3.82e-152	429
KDHFCO_04005	ABCBPP_01065	37.9	301	171	4	1	300	1	286	3.55e-51	171
KDHFCO_04005	CNLKLD_03430	36.1	302	177	3	1	301	1	287	2.28e-48	163
KDHFCO_04005	IAFHMK_10000	36.3	306	169	5	1	300	1	286	2.76e-46	158
KDHFCO_04010	ABCBPP_09015	94.5	199	11	0	1	199	1	199	8.19e-127	355
KDHFCO_04010	HNNKEJ_06455	73.5	200	46	2	1	199	1	194	2.72e-94	272
KDHFCO_04010	BNBIEO_08200	69.0	200	51	4	1	199	1	190	5.28e-84	246
KDHFCO_04020	AHPAPB_04140	98.2	326	6	0	1	326	34	359	8.70e-232	632
KDHFCO_04020	AANGNE_03420	69.4	330	97	1	1	326	2	331	8.58e-163	456
KDHFCO_04020	CNLKLD_06445	62.7	327	119	2	1	324	1	327	8.25e-141	400
KDHFCO_04025	DNKGCI_03695	86.9	206	27	0	1	206	10	215	3.12e-126	354
KDHFCO_04030	DNKGCI_03700	80.0	325	62	1	1	325	1	322	3.11e-189	523
KDHFCO_04030	CPLMAE_13025	97.6	166	4	0	1	166	1	166	7.49e-113	323
KDHFCO_04035	PPBJPA_04660	82.8	128	22	0	1	128	1	128	8.37e-67	197
KDHFCO_04040	CEHFAN_00190	93.1	261	16	1	1	261	1	259	6.43e-177	486
KDHFCO_04040	BNBIEO_01145	69.0	261	81	0	1	261	3	263	7.79e-133	375
KDHFCO_04040	CNLKLD_06420	68.2	261	83	0	1	261	1	261	1.46e-132	374
KDHFCO_04045	MCFIIO_06345	89.1	741	71	1	1	731	31	771	0.0	1204
KDHFCO_04045	LBKFJK_00690	69.5	747	197	8	1	728	25	759	0.0	927
KDHFCO_04045	AANGNE_02695	69.3	746	212	5	1	730	39	783	0.0	919
KDHFCO_04045	CNLKLD_06400	68.1	742	216	7	1	725	37	774	0.0	898
KDHFCO_04050	AAKGEC_12905	85.3	191	28	0	1	191	1	191	6.23e-116	327
KDHFCO_04050	DIBOGN_03325	72.4	192	53	0	1	192	1	192	3.52e-97	279
KDHFCO_04055	AAKGEC_12910	88.6	334	38	0	1	334	1	334	3.79e-206	566
KDHFCO_04055	IAFHMK_00660	70.7	334	97	1	1	334	1	333	4.83e-160	450
KDHFCO_04055	AANGNE_02700	63.9	332	119	1	1	332	1	331	1.03e-142	406
KDHFCO_04055	DNKGCI_03735	60.9	335	130	1	1	334	1	335	1.27e-141	403
KDHFCO_04055	LBKFJK_00695	58.8	335	137	1	1	334	1	335	3.74e-136	389
KDHFCO_04055	CNLKLD_06395	57.5	339	138	1	1	333	1	339	1.38e-132	380
KDHFCO_04055	DDDLLA_06580	59.7	335	134	1	1	334	1	335	2.33e-132	380
KDHFCO_04060	AAKGEC_12915	97.7	128	3	0	1	128	1	128	1.31e-84	242
KDHFCO_04060	AANGNE_02705	75.6	127	30	1	1	126	1	127	1.65e-60	181
KDHFCO_04060	CNLKLD_06390	64.7	136	34	2	1	122	1	136	4.30e-50	155
KDHFCO_04070	BKMMEC_04430	81.0	384	73	0	1	384	1	384	1.04e-228	628
KDHFCO_04075	KABOBF_06675	98.2	669	11	1	1	669	1	668	0.0	917
KDHFCO_04075	DCAANM_08680	66.1	658	192	5	27	667	28	671	7.91e-208	598
KDHFCO_04075	CMMBIF_08865	51.8	657	233	8	29	667	18	608	7.86e-149	444
KDHFCO_04075	HNNKEJ_06370	48.2	656	248	10	26	667	10	587	5.08e-144	431
KDHFCO_04075	CDIIGJ_05280	43.1	754	272	11	28	667	16	726	9.63e-104	331
KDHFCO_04075	DNKGCI_03755	46.6	654	301	13	27	669	9	625	1.79e-96	309
KDHFCO_04075	IAFHMK_00640	44.0	654	271	14	26	667	9	579	5.22e-86	280
KDHFCO_04075	LBKFJK_00715	40.3	677	319	18	27	661	16	649	6.73e-81	269
KDHFCO_04075	EIKFFD_09010	38.6	676	289	11	25	660	9	598	6.55e-78	259
KDHFCO_04075	DDDLLA_06600	41.1	647	286	14	27	669	9	564	4.23e-70	238
KDHFCO_04075	CNOINH_03905	51.3	353	150	6	325	660	266	613	9.74e-68	233
KDHFCO_04075	CJHCCN_07530	33.3	655	324	18	31	660	13	579	1.27e-65	226
KDHFCO_04075	CNLKLD_06375	54.0	335	138	4	340	667	214	539	3.11e-59	207
KDHFCO_04080	BIFMNE_08620	77.9	362	77	2	1	361	1	360	4.08e-209	577
KDHFCO_04080	CNLKLD_02195	34.6	361	220	6	3	361	2	348	1.40e-59	195
KDHFCO_04080	IAFHMK_03430	32.3	359	233	5	3	361	2	350	7.49e-56	186
KDHFCO_04080	DNKGCI_03340	31.4	360	236	5	3	361	2	351	1.78e-53	179
KDHFCO_04080	AANGNE_07325	30.9	359	236	3	3	361	2	348	9.72e-52	175
KDHFCO_04080	LBKFJK_00330	29.1	361	243	6	3	361	2	351	1.12e-50	172
KDHFCO_04080	AAKGEC_11555	31.6	361	234	6	3	361	2	351	1.20e-49	169
KDHFCO_04080	OFBCLB_08250	30.0	363	237	8	3	361	2	351	7.80e-46	159
KDHFCO_04085	AANGNE_02745	74.7	332	83	1	1	332	1	331	1.40e-172	481
KDHFCO_04085	CNLKLD_06360	65.1	332	115	1	1	332	1	331	8.29e-153	431
KDHFCO_04090	AAKGEC_02355	92.8	321	23	0	1	321	1	321	9.64e-214	585
KDHFCO_04090	HNNKEJ_06350	70.1	321	96	0	1	321	1	321	1.64e-161	452
KDHFCO_04090	IAFHMK_00620	61.3	333	117	3	1	321	14	346	3.57e-143	407
KDHFCO_04090	DNKGCI_03775	60.7	321	126	0	1	321	1	321	3.52e-135	386
KDHFCO_04090	DDDLLA_06620	56.8	338	129	1	1	321	1	338	6.65e-132	378
KDHFCO_04090	CJHCCN_00910	59.3	324	129	2	1	321	30	353	1.63e-131	378
KDHFCO_04090	CNLKLD_06355	52.0	321	153	1	1	321	1	320	1.08e-114	334
KDHFCO_04095	AAKGEC_02350	89.8	186	19	0	1	186	1	186	3.09e-111	314
KDHFCO_04095	CDIIGJ_05260	74.1	185	48	0	1	185	1	185	1.87e-89	259
KDHFCO_04095	BGHOFK_09575	74.1	185	48	0	1	185	1	185	5.35e-89	258
KDHFCO_04095	DNKGCI_03780	67.7	186	60	0	1	186	1	186	3.24e-83	243
KDHFCO_04095	OFBCLB_01790	64.0	186	67	0	1	186	1	186	1.13e-76	227
KDHFCO_04095	CNLKLD_03720	64.7	187	65	1	1	186	1	187	2.22e-74	221
KDHFCO_04095	AANGNE_02960	62.4	181	67	1	1	180	1	181	9.44e-73	217
KDHFCO_04100	AAKGEC_02345	96.1	776	30	0	1	776	1	776	0.0	1370
KDHFCO_04100	DDDLLA_06630	70.9	776	225	1	1	776	1	775	0.0	1041
KDHFCO_04100	CNLKLD_03725	70.4	778	228	1	1	776	1	778	0.0	1016
KDHFCO_04105	AAKGEC_02340	99.0	104	1	0	1	104	1	104	2.92e-72	209
KDHFCO_04105	BCOINH_05835	66.0	103	35	0	1	103	1	103	6.11e-49	150
KDHFCO_04105	DNKGCI_09525	68.3	104	33	0	1	104	1	104	8.96e-49	150
KDHFCO_04120	HDDPIO_01625	89.3	225	24	0	1	225	1	225	1.27e-145	405
KDHFCO_04120	HNNKEJ_06320	71.5	228	65	0	1	228	1	228	5.84e-121	342
KDHFCO_04120	BGHOFK_10260	71.1	228	66	0	1	228	1	228	2.01e-119	338
KDHFCO_04120	IAFHMK_01015	65.6	227	78	0	1	227	1	227	2.08e-109	313
KDHFCO_04120	DDDLLA_01580	58.6	227	94	0	1	227	1	227	1.07e-97	283
KDHFCO_04120	CNLKLD_01665	58.8	228	94	0	1	228	1	228	5.39e-96	279
KDHFCO_04120	DNKGCI_04140	57.3	227	97	0	1	227	1	227	6.91e-96	279
KDHFCO_04120	HDKJGO_06855	59.2	228	90	2	1	225	26	253	5.65e-94	275
KDHFCO_04120	LBKFJK_01485	55.1	225	101	0	1	225	1	225	4.36e-85	251
KDHFCO_04125	DDDLLA_01575	87.6	429	53	0	1	429	1	429	2.23e-277	755
KDHFCO_04130	AAKGEC_02315	93.6	327	21	0	1	327	1	327	3.93e-216	591
KDHFCO_04130	IAFHMK_01005	70.7	324	95	0	1	324	1	324	5.73e-165	462
KDHFCO_04130	BNBIEO_07295	71.6	324	91	1	1	324	1	323	5.73e-165	462
KDHFCO_04130	DNKGCI_04150	68.4	323	102	0	1	323	1	323	2.21e-154	435
KDHFCO_04130	AEMMAL_06275	62.8	323	120	0	1	323	7	329	2.16e-143	407
KDHFCO_04130	HNNKEJ_06305	75.0	160	40	0	165	324	1	160	8.08e-82	244
KDHFCO_04130	AAKGEC_03830	33.6	307	198	5	4	305	5	310	1.03e-43	152
KDHFCO_04135	ABNNBP_05000	100	306	0	0	1	306	1	306	4.88e-220	599
KDHFCO_04135	DHPGCJ_02150	85.5	304	44	0	1	304	1	304	1.49e-186	520
KDHFCO_04135	HNNKEJ_06300	73.4	290	77	0	1	290	1	290	7.77e-156	437
KDHFCO_04135	LBKFJK_01500	70.2	289	86	0	1	289	1	289	2.44e-145	410
KDHFCO_04135	DNKGCI_04155	70.0	290	87	0	1	290	1	290	2.00e-144	408
KDHFCO_04135	BNBIEO_07290	66.2	290	98	0	1	290	1	290	1.47e-139	395
KDHFCO_04135	IAFHMK_01000	64.6	291	101	1	1	289	1	291	1.41e-135	385
KDHFCO_04135	LPKMGL_04045	45.3	289	156	2	1	288	1	288	7.57e-77	236
KDHFCO_04135	ABCLFC_09115	70.2	131	1	1	1	131	1	93	6.73e-51	162
KDHFCO_04135	AANGNE_04790	36.5	310	168	12	1	289	1	302	6.41e-44	151
KDHFCO_04140	ACPHPF_04375	99.2	131	1	0	1	131	1	131	1.20e-88	253
KDHFCO_04140	DHPGCJ_02150	91.7	132	11	0	1	132	309	440	2.54e-80	242
KDHFCO_04140	LBKFJK_01505	73.3	135	33	1	1	132	1	135	3.13e-65	194
KDHFCO_04145	AAKGEC_02300	95.7	491	21	0	1	491	1	491	0.0	907
KDHFCO_04145	DDDLLA_07200	41.8	507	274	8	1	489	4	507	2.57e-124	372
KDHFCO_04145	DFCDFN_05355	41.9	503	275	7	3	489	11	512	2.46e-123	370
KDHFCO_04145	AANGNE_06590	37.0	497	304	3	3	491	7	502	6.96e-110	335
KDHFCO_04150	CJHCCN_08775	75.7	313	75	1	3	314	1	313	1.46e-156	439
KDHFCO_04150	IGAAGB_10495	99.1	228	2	0	88	315	1	228	6.60e-149	417
KDHFCO_04155	ACIHME_12510	94.8	324	13	1	1	324	1	320	1.17e-210	577
KDHFCO_04155	BNBIEO_07270	64.2	327	111	5	1	324	1	324	7.29e-131	375
KDHFCO_04160	HCCODA_08565	97.1	378	10	1	1	377	1	378	3.45e-256	697
KDHFCO_04160	BGCJLL_07260	64.0	378	133	1	1	375	1	378	1.53e-166	470
KDHFCO_04160	AGHDIE_01570	62.9	377	132	3	1	375	1	371	9.02e-162	457
KDHFCO_04160	AEFDGK_03675	62.3	379	134	3	1	375	1	374	4.06e-161	456
KDHFCO_04160	KDHKFB_09115	61.2	379	140	3	1	375	1	376	4.25e-159	451
KDHFCO_04160	MNCDBI_10445	47.6	378	186	2	1	375	1	369	3.07e-117	344
KDHFCO_04160	KJJMGA_08575	46.3	378	191	2	1	375	1	369	3.15e-109	324
KDHFCO_04160	DNKGCI_01240	45.0	378	196	2	1	375	1	369	1.42e-102	307
KDHFCO_04160	ACNHAK_02030	40.6	384	207	8	1	373	1	374	1.29e-78	246
KDHFCO_04160	BEGLKA_11265	39.5	390	209	9	1	373	1	380	1.25e-77	243
KDHFCO_04160	OFBCLB_02205	37.6	391	218	9	1	375	1	381	1.36e-73	233
KDHFCO_04160	ICGPBP_10970	39.2	390	208	9	1	373	26	403	8.76e-71	226
KDHFCO_04160	AAKGEC_02095	37.0	392	215	9	1	373	1	379	1.92e-69	222
KDHFCO_04160	BOCCFK_11655	39.2	388	209	9	1	372	1	377	5.84e-69	221
KDHFCO_04160	DDDLLA_11065	34.8	388	230	9	1	373	1	380	4.58e-64	208
KDHFCO_04160	AGINCK_04610	35.6	393	219	9	1	372	1	380	1.56e-61	202
KDHFCO_04160	BCGFPE_02925	34.9	390	224	11	1	373	1	377	8.40e-60	197
KDHFCO_04160	BOCCFK_04030	33.5	391	231	10	1	373	1	380	7.00e-59	195
KDHFCO_04160	AFCONC_04775	33.7	392	222	9	1	370	1	376	1.08e-50	173
KDHFCO_04160	BBKIGO_01800	34.1	399	226	13	1	375	1	386	7.39e-50	171
KDHFCO_04160	BBNKOH_03370	30.7	394	231	12	1	370	1	376	4.42e-49	169
KDHFCO_04160	AANGNE_06905	32.7	394	227	12	1	375	1	375	1.66e-48	167
KDHFCO_04160	BCOINH_00325	31.7	394	235	10	1	376	1	378	4.86e-45	159
KDHFCO_04160	NOKDAP_11390	32.1	392	234	11	1	375	1	377	2.91e-44	156
KDHFCO_04160	AGKELP_11405	32.5	391	226	12	1	372	1	372	5.44e-44	155
KDHFCO_04165	BJLDLK_01640	99.0	208	2	0	1	208	1	208	3.12e-124	349
KDHFCO_04165	OFBCLB_03440	61.1	208	78	1	1	208	1	205	2.27e-74	223
KDHFCO_04165	GPMKBM_08440	77.8	158	35	0	51	208	33	190	3.96e-74	221
KDHFCO_04170	ABCBPP_05540	95.2	145	7	0	1	145	1	145	4.89e-104	293
KDHFCO_04170	BDMBBJ_06520	71.7	145	41	0	1	145	1	145	6.02e-80	232
KDHFCO_04170	OFBCLB_02875	57.2	145	56	1	1	145	1	139	6.94e-64	191
KDHFCO_04170	LBKFJK_02630	62.5	144	54	0	1	144	1	144	5.47e-62	186
KDHFCO_04170	AECHFI_08545	57.0	149	60	1	1	145	1	149	1.84e-61	185
KDHFCO_04170	BEKHAI_07465	56.6	145	63	0	1	145	1	145	6.24e-59	179
KDHFCO_04175	ALHAGD_01950	100	165	0	0	1	165	1	165	1.23e-109	308
KDHFCO_04175	KJCAIL_10480	71.4	168	39	2	1	159	1	168	2.13e-67	202
KDHFCO_04175	KBGOAJ_11895	60.5	157	61	1	9	165	13	168	1.33e-51	162
KDHFCO_04175	DNKGCI_10810	62.7	153	55	2	1	151	1	153	8.46e-51	162
KDHFCO_04175	CDIIGJ_10625	57.9	152	62	2	14	165	6	155	2.93e-50	158
KDHFCO_04175	FMBOCI_09230	54.7	159	67	2	9	164	15	171	5.15e-47	150
KDHFCO_04185	ELEKDE_12845	98.1	269	5	0	1	269	1	269	1.48e-191	524
KDHFCO_04185	EDFOEG_07295	56.0	273	115	2	1	269	1	272	1.76e-107	311
KDHFCO_04185	ABJDJH_12620	57.1	273	112	2	1	269	1	272	4.74e-105	305
KDHFCO_04185	KCGGLB_00040	43.4	265	140	3	7	262	7	270	3.85e-67	209
KDHFCO_04200	ABCBPP_08675	88.0	241	25	1	1	237	1	241	1.57e-146	408
KDHFCO_04200	APEJKH_05295	76.1	238	55	2	1	236	1	238	9.12e-125	353
KDHFCO_04200	JMBAEF_04335	60.6	236	87	3	1	231	1	235	4.92e-89	262
KDHFCO_04200	FGFHJG_06940	99.2	131	1	0	106	236	115	245	9.82e-88	259
KDHFCO_04200	HCCODA_08520	52.2	230	106	2	1	228	1	228	2.22e-71	217
KDHFCO_04200	FCNDOE_02390	67.6	139	45	0	94	232	95	233	7.49e-60	188
KDHFCO_04200	CGMKCF_00495	46.0	237	120	4	1	236	1	230	5.71e-58	183
KDHFCO_04200	BPDDPD_07185	48.2	193	97	2	1	193	1	190	3.21e-52	167
KDHFCO_04200	HPDOHA_10575	40.3	233	134	3	1	230	1	231	1.39e-47	156
KDHFCO_04205	ABIMCM_06350	98.7	78	1	0	1	78	1	78	6.96e-50	150
KDHFCO_04220	PFILNK_09390	98.9	92	1	0	1	92	2	93	1.53e-64	189
KDHFCO_04235	ABCBPP_05580	97.1	172	5	0	1	172	1	172	2.18e-111	313
KDHFCO_04240	EHFDLC_01735	84.2	240	37	1	1	239	1	240	3.31e-146	407
KDHFCO_04240	AGCFKM_02370	58.7	230	87	1	3	224	1	230	5.81e-99	287
KDHFCO_04240	AMDFJK_13065	56.9	239	95	1	3	233	1	239	1.07e-95	279
KDHFCO_04245	ABCLFC_07245	100	167	0	0	1	167	1	167	4.49e-122	340
KDHFCO_04245	ANIMCG_05270	57.2	173	68	3	1	167	1	173	5.96e-64	193
KDHFCO_04245	JAFLJO_00105	56.0	168	71	2	1	167	1	166	1.11e-62	190
KDHFCO_04250	GFPDIJ_00225	89.2	279	25	1	1	279	1	274	2.67e-152	426
KDHFCO_04250	BGCJLL_01705	53.9	284	108	5	1	279	1	266	1.64e-71	220
KDHFCO_04255	AJANDE_12850	87.9	290	34	1	6	294	9	298	2.57e-178	493
KDHFCO_04255	BDEBFB_03430	70.4	297	85	2	1	294	1	297	1.04e-149	421
KDHFCO_04255	AKPIPJ_11325	60.0	295	114	3	1	291	1	295	1.34e-114	332
KDHFCO_04265	GFPDIJ_08440	92.8	139	10	0	1	139	1	139	1.98e-92	263
KDHFCO_04265	AOPEMA_05365	69.0	142	41	1	1	139	1	142	3.07e-67	199
KDHFCO_04265	LEAGNF_01800	71.9	139	38	1	1	139	1	138	2.75e-66	197
KDHFCO_04265	AKOOIJ_09735	60.1	158	42	2	1	137	1	158	3.63e-60	182
KDHFCO_04265	KDEKFF_06815	54.4	160	52	1	1	139	1	160	2.39e-54	167
KDHFCO_04265	CPNLII_01825	53.5	159	53	2	1	138	1	159	3.69e-53	164
KDHFCO_04270	AMFMEJ_07360	100	79	0	0	1	79	1	79	4.23e-54	161
KDHFCO_04275	AJANDE_12870	100	174	0	0	1	174	1	174	3.79e-122	341
KDHFCO_04275	AKPIPJ_11320	64.0	172	60	1	1	170	1	172	5.68e-72	214
KDHFCO_04285	FHONGL_04410	100	182	0	0	1	182	1	182	4.93e-131	364
KDHFCO_04285	FMBOCI_09345	90.8	120	11	0	1	120	1	120	2.91e-77	228
KDHFCO_04285	FAKCMI_04435	67.5	194	40	4	1	182	1	183	6.15e-77	227
KDHFCO_04285	PHBCNO_01665	67.0	182	47	2	1	179	1	172	3.47e-72	215
KDHFCO_04285	PKLIGD_01525	51.3	226	51	5	1	179	1	214	1.72e-62	192
KDHFCO_04285	HACIEF_09845	64.7	173	37	5	1	156	1	166	2.46e-58	183
KDHFCO_04285	JOJNOE_06485	69.2	143	35	3	43	182	80	216	9.47e-57	177
KDHFCO_04285	OCIPFJ_10805	59.3	182	59	5	1	179	1	170	1.43e-56	175
KDHFCO_04285	BLJABE_09805	56.7	180	70	4	3	182	43	214	7.21e-56	175
KDHFCO_04285	FGFHJG_04280	69.7	145	38	4	43	182	58	201	9.74e-56	174
KDHFCO_04285	EPKBNI_07820	70.3	145	37	4	43	182	55	198	1.78e-55	173
KDHFCO_04285	LOKICG_08230	58.7	179	64	5	1	179	1	169	6.47e-55	171
KDHFCO_04285	DBDHAK_01705	55.0	191	71	3	1	182	1	185	6.84e-55	171
KDHFCO_04285	AJONOJ_07255	67.1	143	37	4	43	182	57	192	1.70e-54	171
KDHFCO_04285	BFGFFC_05285	57.1	196	66	6	1	182	1	192	4.85e-54	169
KDHFCO_04285	HCGOBE_05045	53.0	198	64	6	1	182	1	185	9.03e-53	166
KDHFCO_04285	FGFHJG_00780	65.1	146	38	4	44	182	59	198	7.67e-52	164
KDHFCO_04285	KIDCCO_12690	57.2	180	56	4	11	182	51	217	9.55e-52	164
KDHFCO_04285	DMLIFG_07675	66.4	140	36	5	43	182	57	185	5.92e-51	161
KDHFCO_04285	COOGCK_05650	57.2	180	65	6	1	179	1	169	7.99e-51	160
KDHFCO_04285	KJCAIL_12210	59.5	163	39	3	43	182	81	239	1.46e-50	162
KDHFCO_04285	JOABFC_08455	54.1	196	75	7	1	182	1	195	4.58e-50	159
KDHFCO_04285	FMHHMN_02290	56.0	184	65	7	1	182	1	170	3.48e-49	156
KDHFCO_04285	LAFHKN_05310	70.2	121	35	1	1	120	1	121	3.65e-49	157
KDHFCO_04285	ELEKDE_01630	53.6	179	66	5	5	176	59	227	4.99e-49	158
KDHFCO_04290	OCIPFJ_05755	97.1	138	4	0	1	138	1	138	1.10e-93	266
KDHFCO_04290	ILDBOH_04410	69.8	139	38	1	1	139	1	135	1.38e-63	190
KDHFCO_04295	BKNOLL_03110	71.8	131	18	2	1	112	1	131	3.64e-51	157
KDHFCO_04300	BHKCDL_08190	97.3	226	6	0	1	226	1	226	1.13e-163	451
KDHFCO_04300	FKGECP_02180	90.5	222	21	0	5	226	130	351	6.64e-150	420
KDHFCO_04300	KPGHOL_10360	46.1	217	116	1	3	218	2	218	5.09e-66	202
KDHFCO_04305	PAGFJI_07325	100	72	0	0	1	72	1	72	1.89e-48	150
KDHFCO_04310	AAKGEC_02760	99.3	141	1	0	1	141	1	141	5.77e-101	285
KDHFCO_04310	JAIDNN_10025	61.7	133	50	1	1	133	1	132	1.02e-47	151
KDHFCO_04315	BNPKDP_00150	99.7	393	1	0	1	393	1	393	4.14e-286	776
KDHFCO_04315	CBFHCM_00015	67.6	407	132	0	1	407	1	407	8.55e-200	556
KDHFCO_04315	HNNKEJ_01225	69.2	234	66	1	1	234	1	228	4.69e-116	343
KDHFCO_04320	ABNNBP_01060	100	252	0	0	1	252	1	252	1.72e-177	487
KDHFCO_04320	CBFHCM_00020	74.2	248	64	0	1	248	1	248	5.02e-131	370
KDHFCO_04320	HNNKEJ_01225	80.6	175	34	0	72	246	218	392	5.30e-99	294
KDHFCO_04320	AAKGEC_01170	41.8	244	139	2	2	242	4	247	6.11e-58	184
KDHFCO_04325	AAKGEC_02765	88.2	170	20	0	1	170	1	170	4.26e-92	265
KDHFCO_04325	MHGLEN_13455	99.1	116	1	0	55	170	1	116	1.66e-69	207
KDHFCO_04325	GMJOLA_03460	59.3	150	61	0	1	150	1	150	1.13e-53	167
KDHFCO_04330	AAKGEC_02770	96.4	411	15	0	1	411	1	411	5.39e-302	815
KDHFCO_04330	HDKJGO_03720	69.2	402	117	5	1	398	1	399	3.16e-196	548
KDHFCO_04330	ACDDAG_06400	50.9	399	186	8	7	399	4	398	9.45e-134	389
KDHFCO_04330	DIBOGN_07525	39.8	397	206	11	19	391	6	393	2.26e-77	244
KDHFCO_04335	OFBCLB_05970	83.5	466	75	1	1	466	1	464	4.37e-280	768
KDHFCO_04335	JIGPNC_08575	45.0	476	249	5	1	466	4	476	1.19e-129	385
KDHFCO_04335	ACNHAK_01910	31.8	485	268	14	4	437	30	502	4.82e-52	184
KDHFCO_04335	OIOLGB_06080	29.8	433	259	14	34	437	49	465	4.00e-45	164
KDHFCO_04350	AAKGEC_02785	96.8	95	3	0	1	95	1	95	9.15e-65	189
KDHFCO_04355	AMDFJK_11435	95.9	364	15	0	1	364	1	364	3.10e-249	679
KDHFCO_04355	OFBCLB_05945	74.1	320	80	1	1	320	1	317	9.71e-167	468
KDHFCO_04360	FHONGL_04485	100	176	0	0	1	176	1	176	1.17e-126	352
KDHFCO_04360	AANGNE_05565	66.9	172	57	0	1	172	1	172	1.76e-75	223
KDHFCO_04360	FGFHJG_08180	50.0	170	84	1	1	170	1	169	1.56e-47	152
KDHFCO_04370	BDNBEJ_03575	97.8	90	2	0	1	90	1	90	5.48e-57	169
KDHFCO_04375	AMFMEJ_10605	74.0	173	41	1	5	173	11	183	2.30e-74	223
KDHFCO_04380	AMLBPA_10885	88.4	372	43	0	1	372	1	372	1.89e-223	613
KDHFCO_04380	ANFPEE_01235	67.3	269	87	1	16	284	3	270	2.08e-118	343
KDHFCO_04380	ELFOBA_02730	42.1	280	141	3	18	283	5	277	1.60e-62	201
KDHFCO_04380	ABNNBP_10875	42.6	270	143	3	19	284	6	267	9.94e-62	199
KDHFCO_04380	BCOINH_02860	45.0	271	140	3	16	282	3	268	1.14e-60	196
KDHFCO_04380	BOKJIE_10905	42.2	270	145	3	19	284	4	266	3.49e-58	190
KDHFCO_04380	AGHDIE_04775	41.1	270	141	4	25	282	12	275	2.05e-52	175
KDHFCO_04385	ABIMCM_01915	95.5	111	4	1	1	110	1	111	4.69e-72	209
KDHFCO_04385	EEJBJI_07950	71.6	109	31	0	1	109	1	109	8.65e-52	158
KDHFCO_04390	DDDLLA_07780	79.3	111	21	1	1	111	1	109	3.08e-57	172
KDHFCO_04390	EEJBJI_07945	68.1	116	35	1	1	116	1	114	1.15e-52	160
KDHFCO_04395	AAKGEC_02825	97.8	180	4	0	1	180	3	182	4.02e-125	349
KDHFCO_04400	AAKGEC_02830	95.8	120	5	0	1	120	1	120	9.50e-81	232
KDHFCO_04405	AKPIPJ_08240	89.7	136	14	0	1	136	1	136	2.20e-84	243
KDHFCO_04405	DKIIMI_08145	61.0	136	51	1	1	136	1	134	1.93e-52	162
KDHFCO_04410	ABIMCM_01940	98.5	136	2	0	1	136	1	136	1.89e-90	258
KDHFCO_04410	AANGNE_05520	72.1	136	36	2	1	136	1	134	4.82e-63	188
KDHFCO_04415	BGHOFK_06150	81.0	121	23	0	1	121	1	121	2.17e-65	193
KDHFCO_04420	GHPLOC_11730	75.9	1674	296	3	1	1566	1	1674	0.0	1896
KDHFCO_04420	OFBCLB_05885	69.0	1600	399	13	1	1566	1	1537	0.0	1584
KDHFCO_04420	BCGFPE_04175	65.1	1603	258	13	1	1566	1	1339	0.0	1300
KDHFCO_04420	GPMKBM_10785	86.3	900	117	2	667	1566	78	971	0.0	1085
KDHFCO_04420	ENIHOO_07925	97.9	96	2	0	743	838	1	96	1.62e-57	197
KDHFCO_04420	FFDIKI_03790	43.6	296	144	9	1182	1457	904	1196	4.89e-53	204
KDHFCO_04420	OBFACL_06185	41.6	334	168	11	1144	1457	848	1174	1.28e-51	199
KDHFCO_04420	ABCBPP_08455	42.4	297	154	8	1171	1457	886	1175	8.74e-51	197
KDHFCO_04420	PLBPOI_09110	40.7	317	151	13	1143	1437	923	1224	7.53e-46	181
KDHFCO_04420	BJLDLK_10710	37.3	415	199	19	1143	1531	1298	1677	2.19e-45	180
KDHFCO_04420	GHPLOC_02575	37.0	424	195	21	1143	1531	1276	1662	1.67e-43	174
KDHFCO_04420	EEJBJI_02600	40.6	278	128	9	1207	1457	1280	1547	5.57e-40	162
KDHFCO_04425	AAKGEC_02860	99.2	121	1	0	1	121	1	121	5.48e-85	243
KDHFCO_04425	DBDHAK_01835	61.2	121	47	0	1	121	1	121	1.09e-50	156
KDHFCO_04430	AAKGEC_02865	91.5	845	72	0	1	845	1	845	0.0	1428
KDHFCO_04430	PLBPOI_06120	72.5	824	224	3	1	822	1	823	0.0	1063
KDHFCO_04430	AANGNE_05500	70.3	834	235	6	1	822	1	833	0.0	1014
KDHFCO_04430	CNOINH_11100	63.6	860	283	10	1	843	1	847	0.0	968
KDHFCO_04430	LBLLFD_02105	67.7	832	205	9	1	826	1	774	0.0	963
KDHFCO_04430	HNNJHH_10130	48.0	452	201	4	1	452	1	418	1.09e-123	403
KDHFCO_04430	DDDLLA_07740	48.9	452	197	4	1	452	1	418	6.02e-122	403
KDHFCO_04430	EJFEBF_07880	67.2	128	42	0	708	835	582	709	4.71e-48	182
KDHFCO_04430	ACNHAK_01840	69.8	126	37	1	713	837	567	692	4.24e-47	179
KDHFCO_04430	BOKJIE_10850	61.5	130	50	0	704	833	589	718	1.67e-42	165
KDHFCO_04430	BLIMPP_01075	59.6	151	58	2	690	837	522	672	2.96e-41	161
KDHFCO_04440	FHONGL_04565	100	497	0	0	1	497	1	497	0.0	962
KDHFCO_04440	OMGJCD_04445	67.2	512	118	9	1	497	1	477	2.58e-220	615
KDHFCO_04440	OHPKJL_12200	84.2	354	44	3	1	351	1	345	1.11e-197	561
KDHFCO_04440	PHNKGJ_03890	56.6	431	132	11	1	427	1	380	2.82e-134	396
KDHFCO_04440	GKALEM_03120	60.5	362	105	5	1	351	1	335	2.23e-124	370
KDHFCO_04440	DKIIMI_08105	58.3	391	114	8	1	364	1	369	2.62e-124	374
KDHFCO_04440	ABIMCM_01970	61.2	353	105	9	1	351	1	323	1.04e-122	366
KDHFCO_04440	FGFHJG_08265	44.9	586	203	16	1	494	1	558	6.82e-122	367
KDHFCO_04440	KCFOCH_02555	59.2	358	105	5	1	351	1	324	1.72e-121	363
KDHFCO_04440	JMOLFK_07995	58.5	357	123	6	1	351	1	338	7.87e-121	365
KDHFCO_04440	FLCEDE_03160	56.5	382	128	7	1	358	1	368	3.84e-118	358
KDHFCO_04440	CEHNAA_05030	57.6	389	122	8	1	351	1	384	7.52e-118	355
KDHFCO_04440	OMDMHF_07710	57.2	376	129	5	1	351	1	369	1.07e-116	352
KDHFCO_04440	NPFMCA_06435	60.7	356	99	8	1	352	1	319	1.73e-116	349
KDHFCO_04440	GFMPDI_07870	60.7	354	102	8	1	352	1	319	5.28e-115	355
KDHFCO_04440	BFGFFC_10495	86.7	211	22	2	107	313	10	218	9.35e-115	339
KDHFCO_04440	AMDFJK_11365	50.5	459	155	12	1	444	1	402	5.08e-113	341
KDHFCO_04440	GPMKBM_10765	57.5	358	106	8	1	351	1	319	1.15e-111	340
KDHFCO_04440	LFIKOE_09900	53.3	407	154	9	1	384	1	394	5.60e-111	340
KDHFCO_04440	ONPFCC_10625	51.1	452	154	11	1	423	1	414	1.12e-109	333
KDHFCO_04440	GIGJJH_08780	54.9	379	115	9	1	352	1	350	2.60e-109	334
KDHFCO_04440	BLOIDM_08320	54.4	373	132	7	1	364	1	344	1.93e-107	330
KDHFCO_04440	DMLIFG_11300	55.6	363	118	5	1	352	1	331	4.11e-107	327
KDHFCO_04440	APHEGK_01895	56.3	368	105	10	1	352	1	328	7.07e-107	327
KDHFCO_04440	LLNOII_09250	73.3	210	55	1	103	312	392	600	1.09e-92	295
KDHFCO_04445	ABIMCM_02535	93.1	102	5	1	1	100	1	102	3.59e-65	191
KDHFCO_04445	GHPLOC_11705	69.7	99	30	0	1	99	1	99	2.71e-51	156
KDHFCO_04455	NNGDEJ_07620	81.3	428	78	1	2	429	6	431	9.78e-255	697
KDHFCO_04455	PKLIGD_10720	77.3	379	84	1	51	429	326	702	1.32e-207	588
KDHFCO_04455	AECHFI_08290	56.9	448	102	3	1	429	1	376	4.76e-159	453
KDHFCO_04455	CBEECJ_05540	55.8	394	146	6	1	375	1	385	5.78e-140	405
KDHFCO_04455	KHFIPL_02440	43.4	429	162	4	1	429	1	348	3.23e-101	305
KDHFCO_04455	AJCMKJ_06560	45.7	433	174	15	1	429	1	376	2.56e-96	293
KDHFCO_04455	AECHFI_08195	73.5	181	48	0	1	181	1	181	1.17e-90	271
KDHFCO_04455	NGDFHG_02635	90.3	103	10	0	2	104	8	110	2.76e-58	187
KDHFCO_04460	DFOKEG_07525	100	319	0	0	1	319	1	319	6.02e-232	630
KDHFCO_04460	MNCEOE_04235	51.4	313	146	3	1	312	1	308	1.58e-113	331
KDHFCO_04460	AKOOIJ_09525	47.5	316	160	3	1	315	1	311	5.85e-109	319
KDHFCO_04460	AMFMEJ_10690	40.4	317	175	7	6	318	7	313	4.16e-72	225
KDHFCO_04470	ABNNBP_05025	100	140	0	0	1	140	1	140	1.59e-93	266
KDHFCO_04475	FIHDIM_09925	98.3	115	2	0	1	115	10	124	7.83e-75	217
KDHFCO_04480	ABNNBP_05035	100	480	0	0	1	480	1	480	0.0	880
KDHFCO_04485	ABJDJH_01790	96.0	227	8	1	1	226	57	283	5.41e-154	428
KDHFCO_04485	KPGHOL_04300	68.6	226	71	0	1	226	1	226	7.79e-109	311
KDHFCO_04485	CDIIGJ_02200	59.8	224	89	1	1	224	1	223	1.45e-93	273
KDHFCO_04490	EKJHIG_08330	91.9	543	44	0	1	543	1	543	0.0	1013
KDHFCO_04490	KPGHOL_04305	70.5	545	160	1	1	544	1	545	4.52e-288	791
KDHFCO_04495	IJBMGP_02930	95.5	354	16	0	1	354	5	358	5.11e-262	710
KDHFCO_04500	AAKGEC_02265	97.8	508	11	0	1	508	1	508	0.0	987
KDHFCO_04500	KPGHOL_04315	71.6	504	143	0	1	504	1	504	8.02e-279	765
KDHFCO_04500	AAKGEC_09345	27.5	520	319	13	16	478	25	543	2.82e-47	172
KDHFCO_04505	ADJCAM_03515	85.8	295	38	1	1	291	1	295	1.91e-185	511
KDHFCO_04505	HNNKEJ_06250	66.8	286	95	0	5	290	1	286	4.85e-141	398
KDHFCO_04505	CDIIGJ_05185	64.3	286	102	0	5	290	1	286	3.20e-132	376
KDHFCO_04505	BGCJLL_01100	53.8	286	130	1	5	290	1	284	1.17e-107	313
KDHFCO_04505	DDDLLA_03695	53.1	286	132	1	5	290	1	284	3.84e-106	310
KDHFCO_04505	AAKGEC_09915	35.9	273	162	8	7	272	4	270	7.58e-53	174
KDHFCO_04505	DNKGCI_11315	31.9	260	166	5	6	259	3	257	2.94e-45	154
KDHFCO_04505	CNLKLD_02650	33.7	270	166	7	8	270	5	268	5.82e-45	153
KDHFCO_04505	AANGNE_08435	32.7	294	179	9	7	289	4	289	5.82e-45	153
KDHFCO_04510	CDIIGJ_05180	83.1	468	79	0	1	468	1	468	2.92e-296	806
KDHFCO_04510	KPGHOL_04320	71.2	466	134	0	1	466	1	466	4.67e-252	694
KDHFCO_04510	BGCJLL_01115	63.3	472	167	3	1	466	1	472	4.47e-230	639
KDHFCO_04515	AAKGEC_02250	89.1	202	22	0	1	202	1	202	6.69e-126	357
KDHFCO_04515	CDIIGJ_05175	71.8	202	57	0	1	202	1	202	2.02e-101	295
KDHFCO_04515	BGCJLL_01095	66.3	202	68	0	1	202	1	202	2.87e-95	280
KDHFCO_04515	OFBCLB_07860	63.4	202	74	0	1	202	1	202	3.44e-93	272
KDHFCO_04515	HNNKEJ_06240	63.4	202	74	0	1	202	1	202	3.60e-90	266
KDHFCO_04515	ELEKDE_11120	59.9	202	81	0	1	202	1	202	1.66e-86	257
KDHFCO_04515	KPGHOL_04325	60.4	202	80	0	1	202	1	202	1.38e-85	255
KDHFCO_04515	IDJNJP_07465	53.0	202	95	0	1	202	1	202	3.09e-73	223
KDHFCO_04515	DNKGCI_09100	52.5	202	96	0	1	202	1	202	8.63e-70	214
KDHFCO_04525	BJLDLK_07525	96.2	213	0	1	1	213	1	205	6.32e-136	379
KDHFCO_04525	IDJNJP_07470	55.1	205	91	1	1	204	1	205	6.39e-73	219
KDHFCO_04530	BDMBBJ_01585	89.9	646	65	0	1	646	1	646	0.0	1114
KDHFCO_04530	HNNKEJ_06230	74.8	646	163	0	1	646	1	646	0.0	949
KDHFCO_04530	BNBIEO_00935	56.4	645	278	3	1	645	1	642	7.71e-248	697
KDHFCO_04530	CNLKLD_01675	50.5	641	300	3	1	639	1	626	1.26e-208	597
KDHFCO_04530	IAFHMK_00975	49.0	665	313	6	1	643	1	661	1.49e-207	596
KDHFCO_04530	DNKGCI_04180	47.0	661	324	6	1	639	1	657	1.11e-196	568
KDHFCO_04530	LBKFJK_01525	47.1	662	326	5	1	641	1	659	2.53e-195	565
KDHFCO_04535	AAKGEC_02235	93.9	99	6	0	1	99	1	99	8.30e-63	185
KDHFCO_04540	AANGNE_03240	75.3	453	111	1	1	453	1	452	4.29e-234	648
KDHFCO_04540	ACPHPF_04515	99.5	183	1	0	284	466	1	183	1.07e-113	332
KDHFCO_04540	PEPBIK_04620	97.7	174	4	0	101	274	1	174	1.83e-109	321
KDHFCO_04540	BNBIEO_08350	41.6	449	256	4	5	453	4	446	2.58e-104	318
KDHFCO_04540	BNBIEO_07120	30.2	401	247	9	10	384	14	407	9.63e-41	152
KDHFCO_04545	IAFHMK_00960	85.3	658	96	1	1	657	1	658	0.0	1114
KDHFCO_04545	DABPFD_01515	72.5	659	178	1	2	657	3	661	0.0	960
KDHFCO_04550	ABCLFC_08945	97.6	83	2	0	1	83	1	83	1.72e-50	152
KDHFCO_04560	LBKFJK_08880	78.4	283	59	2	6	287	1	282	6.54e-157	438
KDHFCO_04560	ABJDJH_07875	53.8	290	130	3	1	287	1	289	2.23e-107	313
KDHFCO_04560	MEFLAG_06700	52.9	289	127	4	1	286	1	283	9.89e-100	293
KDHFCO_04560	CNLKLD_02990	49.8	295	138	5	1	286	1	294	2.66e-92	275
KDHFCO_04565	DFCDFN_04215	83.5	357	58	1	3	358	4	360	1.64e-211	582
KDHFCO_04565	AAOIOD_01855	47.0	347	167	4	1	347	1	330	2.95e-93	281
KDHFCO_04570	ABNNBP_05120	100	155	0	0	1	155	1	155	1.04e-112	315
KDHFCO_04570	DNKGCI_04260	57.0	149	63	1	1	149	1	148	4.10e-61	185
KDHFCO_04570	LBKFJK_01560	53.6	153	70	1	1	153	1	152	3.52e-56	172
KDHFCO_04570	ABCBPP_08795	52.4	147	69	1	1	147	1	146	1.15e-53	166
KDHFCO_04570	DDDLLA_01545	51.9	154	73	1	1	154	1	153	2.78e-50	157
KDHFCO_04575	ABCBPP_08795	82.8	151	26	0	1	151	1	151	4.06e-90	258
KDHFCO_04575	DNKGCI_04260	69.7	145	44	0	1	145	1	145	1.21e-75	221
KDHFCO_04575	LBKFJK_01560	68.3	145	46	0	1	145	1	145	2.37e-74	218
KDHFCO_04575	DDDLLA_01545	64.7	150	53	0	1	150	1	150	3.88e-68	202
KDHFCO_04575	ABNNBP_05120	53.4	148	68	1	1	147	1	148	2.77e-54	167
KDHFCO_04580	BGHOFK_09720	81.7	295	54	0	1	295	1	295	3.89e-174	483
KDHFCO_04580	DDDLLA_01540	73.1	286	77	0	6	291	2	287	1.01e-149	421
KDHFCO_04580	AEMMAL_09290	34.8	287	174	5	16	296	6	285	6.54e-52	171
KDHFCO_04585	JIBFFE_03415	86.1	223	25	1	1	223	1	217	9.33e-132	369
KDHFCO_04585	HNNKEJ_06180	74.0	223	58	0	1	223	1	223	1.96e-116	330
KDHFCO_04585	BGHOFK_09715	72.2	223	62	0	1	223	1	223	5.92e-111	317
KDHFCO_04585	CNLKLD_07510	44.3	183	99	3	42	223	1	181	8.05e-48	155
KDHFCO_04590	CEFOCI_09510	99.8	571	0	1	1	570	1	571	0.0	1097
KDHFCO_04590	ENIHOO_01595	35.8	550	346	4	4	550	12	557	1.49e-123	374
KDHFCO_04595	PLIDEH_07925	82.3	1082	129	3	1	1077	1	1025	0.0	1003
KDHFCO_04595	PPLEED_11760	54.0	278	128	0	31	308	1	278	2.21e-52	199
KDHFCO_04595	HNNKEJ_06170	64.7	266	93	1	16	280	14	279	2.30e-42	162
KDHFCO_04595	CDIIGJ_05125	55.3	282	123	2	1	281	1	280	5.50e-39	156
KDHFCO_04600	JAFLJO_06360	88.5	522	50	3	1	518	13	528	1.87e-306	836
KDHFCO_04605	AAKGEC_02170	93.9	180	11	0	1	180	1	180	3.08e-124	347
KDHFCO_04605	AANGNE_06675	70.6	163	48	0	10	172	1	163	4.65e-86	249
KDHFCO_04610	LACCIH_04160	71.8	202	43	1	3	190	4	205	2.28e-93	270
KDHFCO_04610	EIKFFD_02365	63.7	190	69	0	1	190	2	191	2.22e-83	244
KDHFCO_04610	LBKFJK_02225	65.1	189	66	0	2	190	3	191	2.11e-81	239
KDHFCO_04610	ABIMCM_04395	62.6	190	71	0	1	190	2	191	9.93e-80	235
KDHFCO_04610	BGHOFK_09690	62.2	188	71	0	3	190	4	191	1.63e-78	232
KDHFCO_04610	BGCJLL_01370	73.5	117	31	0	3	119	4	120	3.52e-54	169
KDHFCO_04615	PPHDMO_12355	86.6	231	31	0	1	231	1	231	3.72e-135	379
KDHFCO_04615	DNKGCI_06455	66.8	235	78	0	1	235	1	235	4.51e-107	308
KDHFCO_04615	LBKFJK_03505	63.4	235	86	0	1	235	1	235	3.31e-102	295
KDHFCO_04615	IAFHMK_00425	67.2	235	77	0	1	235	1	235	3.84e-101	293
KDHFCO_04615	DDDLLA_06160	62.1	235	89	0	1	235	1	235	1.14e-95	279
KDHFCO_04630	DBFGIH_05575	83.9	471	71	2	5	475	6	471	2.07e-285	779
KDHFCO_04635	ACDDAG_09600	88.4	267	31	0	1	267	1	267	5.96e-160	444
KDHFCO_04635	DDDLLA_05550	45.6	261	138	1	4	264	2	258	2.31e-72	222
KDHFCO_04640	ABNNBP_05190	100	414	0	0	1	414	1	414	7.81e-292	790
KDHFCO_04640	CNLKLD_02050	67.9	414	132	1	2	414	1	414	1.39e-190	534
KDHFCO_04640	DDDLLA_05555	56.1	412	173	3	3	414	6	409	4.07e-145	418
KDHFCO_04645	BGHOFK_09380	85.6	291	42	0	14	304	14	304	1.33e-174	484
KDHFCO_04645	IAFHMK_06310	72.8	287	78	0	18	304	5	291	1.33e-142	403
KDHFCO_04645	FFPGDJ_00195	50.0	248	123	1	24	271	18	264	1.35e-88	266
KDHFCO_04650	BGHOFK_09375	83.0	94	16	0	1	94	1	94	5.54e-50	152
KDHFCO_04655	ABCLFC_08845	99.1	232	2	0	1	232	1	232	1.20e-158	438
KDHFCO_04655	BPDDPD_09195	73.8	229	60	0	1	229	1	229	6.58e-124	350
KDHFCO_04655	AAKGEC_02120	62.3	215	81	0	1	215	1	215	7.71e-90	264
KDHFCO_04660	BNBIEO_10240	84.4	173	27	0	1	173	18	190	2.04e-100	286
KDHFCO_04665	DFCDFN_01470	85.8	429	58	1	1	426	1	429	3.54e-256	701
KDHFCO_04670	DBFGIH_10935	78.6	308	65	1	1	307	1	308	5.39e-173	481
KDHFCO_04670	DNKGCI_04375	72.9	306	83	0	3	308	2	307	2.05e-158	444
KDHFCO_04670	DDDLLA_01505	70.9	302	86	1	5	304	5	306	3.31e-148	418
KDHFCO_04675	EHLNLG_08590	97.5	357	9	0	1	357	1	357	1.20e-260	707
KDHFCO_04685	NNPKJK_13415	82.8	87	15	0	1	87	1	87	1.61e-47	153
KDHFCO_04690	ACPHPF_04685	95.8	216	6	1	1	216	1	213	1.55e-126	356
KDHFCO_04690	OFBCLB_02880	70.7	215	62	1	1	215	1	214	2.90e-92	269
KDHFCO_04690	PHBBGM_03835	93.2	117	8	0	100	216	156	272	2.38e-72	221
KDHFCO_04690	COBKPA_04865	74.4	129	33	0	88	216	59	187	3.31e-63	194
KDHFCO_04690	APEJKH_04690	69.2	117	36	0	100	216	221	337	3.84e-52	171
KDHFCO_04700	ABCLFC_08785	98.0	100	2	0	1	100	1	100	7.93e-66	192
KDHFCO_04705	KABOBF_01505	88.3	94	3	1	1	86	1	94	1.10e-49	151
KDHFCO_04710	AHPAPB_10090	99.6	279	1	0	1	279	22	300	2.56e-202	553
KDHFCO_04710	ACPHPF_04690	58.3	276	114	1	1	275	6	281	1.81e-111	323
KDHFCO_04710	BEGLKA_08720	98.7	157	2	0	1	157	92	248	7.79e-105	305
KDHFCO_04710	MHGLEN_14025	99.4	156	1	0	1	156	1	156	5.63e-104	305
KDHFCO_04710	FAAIHB_09795	48.3	267	135	2	14	277	1	267	4.05e-79	240
KDHFCO_04710	ABJDJH_12790	44.9	272	146	3	11	278	10	281	1.10e-73	226
KDHFCO_04710	JOBCMP_04985	45.6	270	139	5	12	276	11	277	2.78e-70	218
KDHFCO_04710	OOBKJG_03060	99.1	110	1	0	1	110	1	110	9.01e-69	209
KDHFCO_04710	GLOJGG_04620	71.4	133	15	1	144	276	1	110	1.28e-57	179
KDHFCO_04710	BGHOFK_10420	53.0	168	76	2	111	275	44	211	9.06e-57	181
KDHFCO_04710	BDNBEJ_04175	91.2	91	8	0	84	174	41	131	1.08e-52	168
KDHFCO_04710	OMDMHF_02850	38.4	268	156	5	17	275	3	270	8.47e-52	170
KDHFCO_04710	OBFACL_08170	37.7	265	162	2	10	271	7	271	3.11e-50	167
KDHFCO_04710	BCFLNJ_06580	97.5	80	2	0	1	80	1	80	3.64e-47	154
KDHFCO_04710	ACPHPF_00235	38.4	279	0	1	1	279	1	107	1.08e-46	151
KDHFCO_04710	OMDMHF_02875	37.3	260	155	5	10	266	1	255	1.57e-45	153
KDHFCO_04720	BPDDPD_10285	82.0	133	24	0	1	133	1	133	1.73e-81	235
KDHFCO_04720	AKPIPJ_06215	70.0	130	37	1	1	128	1	130	1.30e-65	195
KDHFCO_04720	IAFHMK_05845	68.2	132	41	1	1	131	1	132	4.60e-63	188
KDHFCO_04720	CNLKLD_05730	60.6	132	52	0	1	132	1	132	6.90e-62	185
KDHFCO_04720	LBKFJK_03545	59.8	132	46	2	1	131	1	126	5.66e-53	162
KDHFCO_04720	CDIIGJ_05875	57.3	131	50	2	1	131	1	125	7.88e-51	157
KDHFCO_04720	HNNKEJ_05285	61.2	116	44	1	17	131	1	116	9.51e-50	154
KDHFCO_04725	KGIGEE_11180	76.2	281	64	1	1	278	1	281	1.41e-153	429
KDHFCO_04725	FMBBOG_03480	71.0	276	80	0	1	276	1	276	6.98e-144	404
KDHFCO_04725	AECHFI_02085	43.4	274	146	3	5	277	22	287	3.98e-75	230
KDHFCO_04725	CBEECJ_09680	43.6	282	137	8	1	277	1	265	5.63e-67	209
KDHFCO_04725	BOCCFK_00630	37.4	281	129	7	1	277	5	242	4.25e-49	162
KDHFCO_04730	HMJMNM_07675	91.3	195	16	1	110	303	70	264	3.63e-104	304
KDHFCO_04730	ABCLFC_08765	99.4	178	1	0	1	178	1	178	4.38e-72	219
KDHFCO_04730	CDIIGJ_06825	60.0	150	54	2	159	303	162	310	4.45e-60	193
KDHFCO_04730	AJANDE_09010	63.6	140	46	1	169	303	57	196	6.56e-60	189
KDHFCO_04730	ABJDJH_03230	67.7	133	38	1	176	303	209	341	2.08e-59	192
KDHFCO_04730	HNNKEJ_09790	61.4	140	49	1	169	303	125	264	1.48e-58	188
KDHFCO_04730	FPMMJC_07475	64.1	131	42	1	178	303	65	195	2.59e-56	180
KDHFCO_04730	MKICBC_13355	58.6	140	53	1	169	303	208	347	5.59e-56	184
KDHFCO_04730	LBKFJK_01725	61.8	131	50	0	172	302	229	359	1.27e-55	183
KDHFCO_04730	DDDLLA_01050	57.6	132	56	0	172	303	230	361	2.83e-54	180
KDHFCO_04730	NOKDAP_11045	59.9	142	49	2	166	302	200	338	4.52e-54	179
KDHFCO_04730	JAFLJO_06510	57.6	132	56	0	172	303	241	372	1.03e-53	179
KDHFCO_04730	EHKLLF_12630	61.2	129	45	1	180	303	27	155	2.78e-51	166
KDHFCO_04730	ABJDJH_01995	83.7	129	21	0	1	129	1	129	2.81e-48	157
KDHFCO_04735	AAKGEC_06820	79.2	120	25	0	1	120	1	120	1.70e-74	216
KDHFCO_04735	MILJBE_10305	72.5	120	33	0	1	120	35	154	2.56e-63	189
KDHFCO_04735	AMFMEJ_09215	71.7	120	34	0	1	120	1	120	9.98e-63	186
KDHFCO_04735	AANGNE_06650	65.8	120	41	0	1	120	1	120	1.36e-60	181
KDHFCO_04735	BGHOFK_09090	64.2	120	43	0	1	120	1	120	4.74e-56	169
KDHFCO_04735	DNKGCI_07485	61.7	120	46	0	1	120	1	120	3.40e-54	165
KDHFCO_04745	AAKGEC_06805	86.9	176	23	0	1	176	1	176	6.37e-106	300
KDHFCO_04745	CDIIGJ_04845	74.4	176	45	0	1	176	1	176	8.57e-88	254
KDHFCO_04745	HNNKEJ_06050	72.2	176	49	0	1	176	1	176	7.02e-87	252
KDHFCO_04745	BGHOFK_00010	71.0	176	51	0	1	176	1	176	3.16e-83	243
KDHFCO_04745	IAFHMK_02925	66.1	177	59	1	1	176	1	177	7.26e-73	216
KDHFCO_04745	DNKGCI_04400	61.6	177	67	1	1	176	1	177	3.42e-71	212
KDHFCO_04745	LBKFJK_01685	63.8	177	63	1	1	176	1	177	1.39e-70	211
KDHFCO_04745	CNLKLD_03855	60.6	180	66	2	1	175	1	180	1.51e-66	201
KDHFCO_04745	DDDLLA_01490	58.2	177	73	1	1	176	1	177	6.34e-62	189
KDHFCO_04745	CJHCCN_04985	58.8	177	71	2	1	175	1	177	7.44e-62	189
KDHFCO_04750	CNLKLD_03860	86.5	229	30	1	1	228	1	229	1.63e-137	384
KDHFCO_04750	AGINCK_01445	43.4	228	118	4	4	230	3	220	2.47e-60	188
KDHFCO_04750	BGHOFK_04845	43.3	224	119	3	4	224	3	221	5.00e-56	177
KDHFCO_04750	KJOAFL_06700	43.4	226	117	4	4	228	3	218	7.81e-56	187
KDHFCO_04750	EHLNLG_05575	42.4	224	116	4	4	224	2	215	1.79e-52	168
KDHFCO_04750	CNLKLD_02960	40.3	236	126	3	1	226	1	231	3.93e-52	168
KDHFCO_04750	CNLKLD_07450	42.1	228	119	5	4	228	28	245	2.22e-51	166
KDHFCO_04750	DNKGCI_09535	38.1	223	130	2	4	224	2	218	1.89e-49	160
KDHFCO_04750	JDLPKP_04720	37.5	224	135	3	5	227	10	229	1.04e-47	156
KDHFCO_04750	ABJDJH_12865	37.6	221	132	2	6	224	4	220	8.33e-46	151
KDHFCO_04750	KMMJML_04780	35.6	222	141	2	5	224	4	225	2.78e-45	150
KDHFCO_04750	CJHCCN_01640	35.5	234	140	3	4	230	14	243	5.94e-45	150
KDHFCO_04755	BGHOFK_00020	78.6	490	104	1	1	490	1	489	1.99e-275	755
KDHFCO_04755	HNNKEJ_06040	69.0	481	147	1	12	490	11	491	1.52e-235	654
KDHFCO_04755	IAFHMK_02910	61.8	500	180	6	1	490	1	499	1.52e-208	586
KDHFCO_04755	DNKGCI_04410	56.6	486	209	2	7	490	8	493	2.05e-190	540
KDHFCO_04755	AANGNE_02175	55.1	492	215	2	5	490	4	495	2.92e-188	534
KDHFCO_04755	DDDLLA_01480	54.4	489	215	2	8	490	9	495	3.74e-182	519
KDHFCO_04755	LBKFJK_01695	53.0	487	225	2	7	490	5	490	3.75e-181	516
KDHFCO_04755	CNLKLD_03865	50.4	476	226	2	24	490	1	475	1.47e-169	486
KDHFCO_04755	HNNKEJ_04770	34.7	323	195	8	174	487	125	440	6.40e-44	160
KDHFCO_04755	DNKGCI_07715	35.8	299	167	8	196	485	158	440	1.22e-41	154
KDHFCO_04760	IAFHMK_02905	84.7	413	62	1	1	413	1	412	8.54e-254	694
KDHFCO_04760	HKMGEG_08835	36.5	395	239	6	4	396	6	390	1.30e-76	243
KDHFCO_04765	DPJPEI_11815	94.7	113	6	0	1	113	22	134	1.26e-68	201
KDHFCO_04765	DDDLLA_08750	69.9	113	34	0	1	113	1	113	1.85e-52	160
KDHFCO_04770	BBKIGO_08230	92.7	449	33	0	1	449	1	449	7.52e-298	808
KDHFCO_04770	DNKGCI_04415	71.9	449	126	0	1	449	1	449	4.11e-231	639
KDHFCO_04770	CNLKLD_03870	70.2	450	133	1	1	449	1	450	1.66e-219	610
KDHFCO_04775	OPPHHN_01880	93.5	356	23	0	1	356	19	374	6.55e-239	652
KDHFCO_04775	CJHCCN_05015	64.0	364	124	2	1	357	1	364	9.23e-160	451
KDHFCO_04775	OAEMLE_09805	91.9	111	9	0	247	357	1	111	5.12e-57	189
KDHFCO_04780	ABCLFC_08710	99.2	388	3	0	1	388	1	388	2.14e-253	691
KDHFCO_04780	CDIIGJ_04810	60.1	373	125	5	1	362	1	360	2.21e-137	397
KDHFCO_04780	HNNKEJ_06015	59.0	371	124	4	1	367	1	347	3.68e-136	393
KDHFCO_04780	BGHOFK_00045	58.9	360	136	3	1	360	1	348	3.17e-129	375
KDHFCO_04780	OAEMLE_09805	81.1	243	42	1	4	242	116	358	6.34e-121	355
KDHFCO_04780	IAFHMK_02880	52.5	360	143	9	1	358	1	334	7.97e-104	310
KDHFCO_04780	EIKFFD_04005	47.1	346	159	6	5	349	3	325	6.00e-91	277
KDHFCO_04780	AANGNE_02200	48.1	347	150	6	5	349	3	321	3.38e-89	272
KDHFCO_04780	CNLKLD_03880	47.1	365	178	4	2	366	4	353	5.77e-88	271
KDHFCO_04780	DDDLLA_01465	57.1	245	104	1	122	365	154	398	3.95e-86	267
KDHFCO_04780	JAFLJO_06500	55.7	253	108	2	109	360	158	407	9.91e-83	259
KDHFCO_04780	LBKFJK_01710	53.7	270	119	2	93	361	155	419	5.46e-82	257
KDHFCO_04780	CJHCCN_05020	50.0	250	120	2	101	349	76	321	2.09e-75	237
KDHFCO_04785	AAKGEC_06765	97.0	437	13	0	1	437	1	437	6.22e-312	843
KDHFCO_04795	OLIPBP_08750	82.3	198	35	0	1	198	1	198	1.91e-115	327
KDHFCO_04795	CDIIGJ_04795	75.9	191	46	0	1	191	1	191	7.08e-100	286
KDHFCO_04795	HNNKEJ_05965	64.7	204	59	1	1	191	1	204	3.53e-87	255
KDHFCO_04795	BGHOFK_00060	65.8	193	64	1	1	191	1	193	6.18e-85	249
KDHFCO_04795	LBKFJK_01750	57.1	191	81	1	1	191	1	190	8.72e-72	215
KDHFCO_04795	DNKGCI_04445	56.0	193	83	1	1	191	1	193	4.88e-67	203
KDHFCO_04795	IAFHMK_02865	51.6	192	92	1	1	192	1	191	1.47e-60	187
KDHFCO_04795	OFBCLB_09880	45.9	218	91	3	1	191	1	218	2.84e-59	184
KDHFCO_04795	AANGNE_06270	44.1	195	104	2	1	195	1	190	6.93e-51	162
KDHFCO_04800	ABNNBP_05335	99.0	99	1	0	1	99	1	99	4.99e-64	188
KDHFCO_04805	PHBCNO_04815	97.1	136	4	0	1	136	1	136	5.89e-69	205
KDHFCO_04805	AKOOIJ_08745	97.1	136	4	0	1	136	1	136	1.52e-67	205
KDHFCO_04810	AKOOIJ_08745	94.3	141	6	1	1	139	143	283	2.70e-86	253
KDHFCO_04815	AMFMEJ_11005	96.9	260	8	0	1	260	1	260	2.58e-160	445
KDHFCO_04815	IAFHMK_05475	49.5	291	110	6	1	263	1	282	1.22e-59	190
KDHFCO_04815	CDIIGJ_08230	54.0	278	102	8	1	263	1	267	3.14e-59	188
KDHFCO_04815	AAOIOD_08705	45.9	283	123	10	1	263	1	273	5.31e-53	172
KDHFCO_04820	AAKGEC_08855	96.8	251	8	0	2	252	2	252	5.74e-176	483
KDHFCO_04820	ELEKDE_11575	70.9	251	73	0	2	252	2	252	1.94e-121	345
KDHFCO_04820	HNNKEJ_07225	69.2	250	77	0	2	251	2	251	1.12e-120	343
KDHFCO_04820	JAFLJO_01290	65.2	244	85	0	7	250	7	250	6.20e-108	311
KDHFCO_04820	CDIIGJ_08225	57.8	251	102	3	2	249	2	251	5.88e-92	271
KDHFCO_04820	EIKFFD_07235	49.2	236	109	2	25	250	27	261	5.04e-70	215
KDHFCO_04820	IAFHMK_05470	50.0	254	119	3	1	249	1	251	2.98e-69	213
KDHFCO_04820	DBFGIH_05555	47.7	241	110	6	21	249	21	257	3.11e-65	203
KDHFCO_04820	AMCIGH_05515	49.6	236	106	3	25	249	28	261	2.00e-64	201
KDHFCO_04820	CJHCCN_00240	47.9	236	112	2	25	250	36	270	1.63e-62	196
KDHFCO_04820	BNBIEO_00895	43.6	241	119	4	22	249	21	257	6.78e-56	179
KDHFCO_04820	AAOIOD_08725	47.8	186	84	3	75	249	40	223	2.87e-52	169
KDHFCO_04825	BAOMEA_11320	90.0	251	25	0	1	251	1	251	3.92e-149	416
KDHFCO_04825	AAKGEC_01450	47.1	255	122	6	1	251	1	246	1.07e-54	176
KDHFCO_04825	CDIIGJ_08220	48.2	257	115	7	1	251	1	245	2.02e-54	175
KDHFCO_04830	ACPHPF_04825	99.1	584	5	0	1	584	1	584	0.0	1047
KDHFCO_04830	DGMGJF_03190	66.4	586	185	6	1	584	1	576	1.83e-218	652
KDHFCO_04830	JAFLJO_01300	60.7	585	221	5	1	584	1	577	1.63e-192	584
KDHFCO_04830	BPDDPD_00135	56.8	592	239	8	1	584	1	583	2.63e-174	536
KDHFCO_04830	HNNKEJ_07215	45.1	630	285	21	1	580	1	619	2.36e-98	328
KDHFCO_04830	IAFHMK_05460	38.7	610	329	11	1	584	1	591	3.83e-87	296
KDHFCO_04830	MKCKPI_07930	39.3	624	327	19	1	584	1	612	3.91e-85	290
KDHFCO_04830	CDIIGJ_08215	38.4	631	313	18	2	580	3	609	1.56e-73	256
KDHFCO_04830	ELEKDE_11565	37.9	636	326	23	1	580	1	623	2.53e-66	235
KDHFCO_04830	IDJNJP_01950	44.0	318	168	5	1	312	1	314	2.76e-56	197
KDHFCO_04835	ABNNBP_05370	99.9	985	1	0	1	985	1	985	0.0	1900
KDHFCO_04835	ACPHPF_04825	96.1	1015	10	1	1	985	618	1632	0.0	1866
KDHFCO_04835	DGMGJF_03190	70.5	1007	249	9	18	985	624	1621	0.0	1286
KDHFCO_04835	HNNKEJ_07215	64.3	1000	322	5	18	985	655	1651	0.0	1217
KDHFCO_04835	JAFLJO_01300	60.8	1014	359	5	8	985	618	1629	0.0	1194
KDHFCO_04835	ELEKDE_11565	59.7	990	356	9	33	985	680	1663	0.0	1086
KDHFCO_04835	BPDDPD_00135	51.6	1058	411	18	1	985	617	1646	0.0	947
KDHFCO_04835	IAFHMK_05460	47.3	1017	454	18	18	985	637	1620	7.14e-278	821
KDHFCO_04835	MKCKPI_07930	40.2	1048	494	27	33	985	656	1665	3.78e-208	640
KDHFCO_04835	CDIIGJ_08215	41.3	1044	501	29	18	985	645	1652	6.47e-205	632
KDHFCO_04840	ACPHPF_04830	99.7	320	1	0	6	325	19	338	1.37e-227	624
KDHFCO_04840	HNNKEJ_07210	74.7	320	81	0	6	325	19	338	8.47e-175	490
KDHFCO_04840	JAFLJO_01305	74.4	320	82	0	6	325	19	338	1.37e-171	482
KDHFCO_04840	IAFHMK_05655	63.8	315	111	2	8	319	21	335	1.06e-141	406
KDHFCO_04840	CDIIGJ_08210	62.2	323	119	3	5	325	18	339	3.99e-138	397
KDHFCO_04840	ADJCAM_01310	56.6	316	133	2	7	321	38	350	2.16e-126	368
KDHFCO_04840	DKACCG_04410	56.1	321	137	2	5	325	18	334	1.16e-125	365
KDHFCO_04840	FMNMPI_06520	44.8	319	169	4	11	325	27	342	4.88e-93	283
KDHFCO_04840	IAFHMK_05340	48.9	315	157	4	8	319	21	334	2.63e-92	280
KDHFCO_04840	ACPHPF_12520	47.4	329	159	8	8	325	29	354	2.69e-86	265
KDHFCO_04840	IAAGLG_06900	41.6	334	184	4	1	325	13	344	2.00e-84	260
KDHFCO_04840	IAFHMK_09975	46.5	316	155	7	5	308	19	332	2.85e-84	259
KDHFCO_04840	DNKGCI_10240	45.4	313	160	3	13	314	32	344	1.26e-83	258
KDHFCO_04840	CDIIGJ_00755	45.8	306	157	3	13	310	25	329	1.68e-82	255
KDHFCO_04840	BGHOFK_00805	41.4	333	181	6	3	325	14	342	1.09e-80	251
KDHFCO_04840	AGKMKK_06515	44.5	326	167	5	10	323	21	344	4.30e-80	248
KDHFCO_04840	FMBBOG_09955	45.4	324	160	7	13	323	29	348	4.33e-80	249
KDHFCO_04840	BPDDPD_01530	43.9	330	171	8	7	325	6	332	1.10e-77	242
KDHFCO_04840	DNKGCI_02905	43.4	318	169	5	5	321	31	338	2.23e-76	240
KDHFCO_04840	AGINCK_01885	40.6	330	185	5	5	325	18	345	3.12e-76	239
KDHFCO_04840	HNNKEJ_08620	42.2	334	163	7	11	324	24	347	3.34e-75	237
KDHFCO_04840	LBKFJK_01790	40.1	324	181	5	10	322	22	343	3.97e-74	234
KDHFCO_04840	DDDLLA_03665	41.9	332	181	5	3	325	16	344	5.43e-72	228
KDHFCO_04840	EEJBJI_03300	41.7	319	159	8	11	325	29	324	5.76e-72	227
KDHFCO_04840	DBFGIH_10445	41.5	318	168	6	13	313	54	370	1.46e-70	225
KDHFCO_04845	ELEKDE_11555	78.6	103	22	0	1	103	1	103	1.99e-56	169
KDHFCO_04845	PLDCIE_05820	84.3	89	14	0	1	89	1	89	2.25e-49	151
KDHFCO_04850	EPKBNI_08720	96.5	344	11	1	1	344	1	343	4.83e-242	658
KDHFCO_04855	AAKGEC_08885	85.5	317	43	1	1	317	7	320	9.61e-199	546
KDHFCO_04855	ACNHAK_08585	46.1	243	126	3	76	316	69	308	6.90e-69	216
KDHFCO_04855	LBKFJK_07555	43.6	236	130	2	83	315	72	307	3.20e-61	197
KDHFCO_04855	CNLKLD_08410	44.2	240	129	3	79	315	69	306	4.89e-60	194
KDHFCO_04855	BAFDFF_00515	43.2	236	131	2	83	315	95	330	9.96e-59	191
KDHFCO_04855	KAAGFE_02320	39.5	271	148	4	61	315	39	309	2.15e-58	190
KDHFCO_04855	OFBCLB_11585	40.9	254	140	5	67	315	58	306	2.64e-56	184
KDHFCO_04855	LPLJMN_09205	40.3	248	140	4	75	317	68	312	3.08e-55	181
KDHFCO_04855	AGDPFD_06085	38.3	256	153	3	63	317	86	337	6.56e-54	179
KDHFCO_04855	GKAHPE_09495	42.2	232	118	5	90	312	141	365	1.23e-51	174
KDHFCO_04860	DAEIAJ_06680	83.0	235	40	0	1	235	13	247	8.65e-138	386
KDHFCO_04865	BGHOFK_00105	83.3	383	63	1	1	383	1	382	2.81e-228	627
KDHFCO_04865	IAFHMK_02640	71.0	383	111	0	1	383	6	388	8.34e-199	552
KDHFCO_04865	DDDLLA_01380	68.7	383	120	0	1	383	6	388	9.96e-191	532
KDHFCO_04865	CNLKLD_01985	66.9	381	124	1	3	383	5	383	3.35e-178	500
KDHFCO_04870	COENFP_08435	99.2	379	2	1	1	379	1	378	1.59e-257	700
KDHFCO_04870	IAFHMK_05925	56.2	379	166	0	1	379	1	379	5.31e-149	426
KDHFCO_04870	DNKGCI_10250	54.2	378	173	0	1	378	2	379	5.81e-141	405
KDHFCO_04870	CMHPBO_00480	70.7	287	84	0	92	378	1	287	1.39e-136	390
KDHFCO_04870	LBKFJK_01780	52.4	380	180	1	1	379	2	381	2.19e-136	394
KDHFCO_04870	MHGLEN_04895	38.0	382	219	8	6	379	9	380	1.27e-72	231
KDHFCO_04870	EJHBKF_09535	35.4	379	227	7	6	376	419	787	1.61e-65	221
KDHFCO_04870	BHKCDL_10220	34.6	286	170	6	6	284	9	284	5.44e-43	151
KDHFCO_04875	ANFPEE_00190	82.6	409	71	0	1	409	15	423	3.47e-232	639
KDHFCO_04875	EMAPBM_07015	70.9	409	119	0	1	409	1	409	1.08e-202	564
KDHFCO_04875	BGHOFK_00115	69.5	410	125	0	1	410	1	410	7.81e-200	557
KDHFCO_04875	IAFHMK_05920	69.9	409	123	0	1	409	1	409	1.01e-198	554
KDHFCO_04875	HNNKEJ_05935	70.9	409	118	1	1	409	1	408	7.14e-198	552
KDHFCO_04875	DDDLLA_01370	67.5	409	132	1	1	409	1	408	6.74e-187	524
KDHFCO_04875	DNKGCI_10245	65.9	410	139	1	1	410	1	409	1.07e-185	521
KDHFCO_04875	LBKFJK_01785	69.0	403	124	1	8	410	1	402	1.56e-185	520
KDHFCO_04875	CNLKLD_07705	66.6	407	135	1	3	409	4	409	1.66e-182	513
KDHFCO_04880	AAKGEC_08910	97.8	90	2	0	1	90	1	90	6.66e-58	172
KDHFCO_04885	AAKGEC_08915	97.5	79	2	0	1	79	1	79	1.51e-49	150
KDHFCO_04890	BNFMAL_02250	89.5	314	32	1	1	314	1	313	2.89e-210	575
KDHFCO_04890	CDIIGJ_00315	74.2	310	80	0	1	310	1	310	1.26e-171	478
KDHFCO_04890	DNKGCI_01035	72.3	314	86	1	1	313	1	314	8.01e-169	471
KDHFCO_04890	IAFHMK_05590	65.4	309	107	0	4	312	2	310	1.82e-148	419
KDHFCO_04890	ACNHAK_05230	47.6	319	151	6	3	311	2	314	1.65e-93	280
KDHFCO_04895	AAKGEC_08925	86.5	281	38	0	1	281	1	281	7.88e-180	496
KDHFCO_04895	IAFHMK_05905	55.0	280	123	1	1	280	1	277	2.77e-113	327
KDHFCO_04895	DNKGCI_10210	51.3	279	136	0	1	279	1	279	1.42e-99	293
KDHFCO_04895	HNNKEJ_11790	44.0	268	144	2	12	279	10	271	3.73e-70	217
KDHFCO_04895	LBKFJK_09200	39.4	264	156	3	17	279	17	277	9.20e-55	178
KDHFCO_04900	DPCCPE_00500	90.6	171	16	0	1	171	8	178	4.65e-114	320
KDHFCO_04900	IAFHMK_05900	72.5	171	47	0	1	171	1	171	1.01e-89	259
KDHFCO_04900	CNLKLD_07685	70.2	171	51	0	1	171	1	171	2.41e-87	253
KDHFCO_04905	DNKGCI_10200	82.2	241	40	1	5	245	1	238	5.05e-148	412
KDHFCO_04910	EIIOFH_06605	96.1	128	5	0	1	128	1	128	4.41e-81	243
KDHFCO_04910	DDDLLA_01340	80.8	130	25	0	1	130	17	146	9.97e-73	213
KDHFCO_04910	AANGNE_06015	75.8	132	30	1	1	130	1	132	2.01e-69	204
KDHFCO_04910	IAFHMK_05885	74.2	132	32	1	1	130	1	132	2.01e-69	204
KDHFCO_04910	CNLKLD_07675	59.5	131	52	1	1	130	1	131	3.68e-51	158
KDHFCO_04915	AAKGEC_08960	93.2	281	19	0	1	281	1	281	3.28e-185	509
KDHFCO_04915	EIIOFH_06605	93.6	281	18	0	1	281	137	417	3.80e-184	512
KDHFCO_04915	BNBIEO_03910	65.5	281	96	1	1	281	19	298	8.02e-130	370
KDHFCO_04915	IAFHMK_05880	64.6	280	98	1	1	280	1	279	2.67e-128	365
KDHFCO_04915	CNLKLD_07670	59.8	281	112	1	1	281	1	280	1.28e-119	343
KDHFCO_04915	DNKGCI_10185	59.8	281	111	2	1	280	1	280	7.68e-117	336
KDHFCO_04920	DHPGCJ_05275	90.7	258	24	0	1	258	1	258	3.88e-165	457
KDHFCO_04925	ABCLFC_08610	98.9	180	2	0	1	180	1	180	2.98e-131	364
KDHFCO_04925	IAFHMK_05620	65.5	177	61	0	1	177	1	177	5.90e-85	247
KDHFCO_04925	HNNKEJ_02240	65.1	175	61	0	1	175	1	175	3.70e-83	243
KDHFCO_04925	CDIIGJ_04970	64.8	176	62	0	1	176	1	176	4.23e-83	243
KDHFCO_04925	BGHOFK_00165	57.7	175	74	0	1	175	1	175	1.74e-74	221
KDHFCO_04925	JAFLJO_02935	57.6	177	73	1	4	180	1	175	1.22e-64	206
KDHFCO_04925	DDDLLA_01325	53.7	175	81	0	1	175	1	175	5.34e-64	194
KDHFCO_04925	IAFHMK_05870	48.3	176	86	3	1	175	2	173	7.14e-49	155
KDHFCO_04930	BGCJLL_00970	88.4	398	46	0	1	398	14	411	1.02e-252	691
KDHFCO_04930	HNNKEJ_02245	71.5	389	108	1	6	391	1	389	2.16e-194	542
KDHFCO_04930	AANGNE_05995	67.1	398	131	0	1	398	1	398	5.54e-190	531
KDHFCO_04930	DNKGCI_10175	67.8	397	126	1	1	395	21	417	1.48e-186	523
KDHFCO_04930	DDDLLA_01305	66.2	388	130	1	1	387	1	388	1.04e-179	505
KDHFCO_04930	LBKFJK_01885	65.2	391	133	2	1	388	1	391	6.45e-179	503
KDHFCO_04930	IAFHMK_05855	66.7	384	127	1	11	394	1	383	6.33e-175	493
KDHFCO_04930	CNLKLD_07665	63.8	398	143	1	1	398	1	397	1.01e-173	490
KDHFCO_04935	CNLKLD_07660	77.7	475	98	3	1	474	1	468	1.05e-272	746
KDHFCO_04935	ABNNBP_02230	62.6	468	163	4	10	474	2	460	7.86e-219	610
KDHFCO_04935	NIPMJN_08215	68.9	280	78	2	195	474	1	271	3.25e-137	395
KDHFCO_04935	CPFDGH_01620	67.2	241	75	1	10	250	2	238	1.23e-117	347
KDHFCO_04935	CGMKCF_05085	57.1	168	66	1	307	474	80	241	2.03e-61	200
KDHFCO_04935	DPMHNO_09635	100	82	0	0	1	82	1	82	1.38e-50	167
KDHFCO_04940	NGDFHG_03610	76.1	184	32	1	1	172	1	184	1.30e-85	249
KDHFCO_04940	HNNKEJ_02270	57.1	170	73	0	1	170	1	170	1.93e-56	174
KDHFCO_04940	BGHOFK_00180	53.1	175	78	1	1	171	1	175	4.12e-54	169
KDHFCO_04940	DBFGIH_02115	51.2	170	83	0	1	170	1	170	2.03e-48	154
KDHFCO_04945	ABJDJH_02305	86.6	358	47	1	1	358	1	357	1.34e-221	608
KDHFCO_04945	CDIIGJ_04945	71.0	359	104	0	1	359	1	359	4.63e-185	515
KDHFCO_04945	DDDLLA_01295	69.2	357	110	0	1	357	1	357	7.06e-173	484
KDHFCO_04945	HNNKEJ_02275	66.8	358	119	0	1	358	1	358	6.46e-171	479
KDHFCO_04945	IAFHMK_05840	66.4	360	118	1	1	357	1	360	6.57e-169	474
KDHFCO_04945	BGHOFK_08570	62.0	355	135	0	1	355	1	355	9.97e-154	436
KDHFCO_04945	DNKGCI_02930	55.8	355	157	0	1	355	1	355	5.33e-138	396
KDHFCO_04950	HNNKEJ_08150	79.5	308	60	1	1	308	1	305	6.88e-176	488
KDHFCO_04950	OFBCLB_06955	48.6	292	147	1	5	296	3	291	6.20e-97	288
KDHFCO_04950	EHLNLG_10510	27.3	308	219	2	3	310	1	303	1.07e-45	156
KDHFCO_04955	CNLKLD_03745	78.3	622	130	2	1	622	1	617	0.0	925
KDHFCO_04955	CNLKLD_07330	32.4	623	386	14	8	610	8	615	1.21e-82	271
KDHFCO_04955	KCGGLB_01940	32.3	626	370	14	9	602	9	612	4.40e-81	268
KDHFCO_04955	AANGNE_04410	32.0	625	388	13	9	610	9	619	1.13e-79	264
KDHFCO_04955	BFGFFC_06765	33.0	531	314	11	9	514	8	521	6.01e-76	251
KDHFCO_04955	PEECIO_08685	91.2	137	12	0	487	623	1	137	2.60e-75	236
KDHFCO_04955	IJGGPP_00190	32.6	525	316	9	10	511	9	518	1.73e-73	244
KDHFCO_04955	DNKGCI_09945	31.2	545	346	9	8	534	8	541	5.49e-70	238
KDHFCO_04955	IAFHMK_03460	32.3	530	311	9	9	511	8	516	1.82e-69	234
KDHFCO_04955	ABJDJH_14520	29.8	641	383	18	18	618	17	630	7.12e-64	221
KDHFCO_04955	KPPIIN_12385	32.1	548	319	16	7	521	4	531	2.02e-59	207
KDHFCO_04955	AANGNE_02030	28.2	517	333	11	7	502	7	506	4.06e-54	192
KDHFCO_04955	AAKGEC_02945	28.3	523	334	12	7	507	7	510	9.66e-52	186
KDHFCO_04955	AANGNE_00260	26.9	531	364	14	8	523	6	527	9.16e-49	178
KDHFCO_04965	AAKGEC_09010	91.4	324	28	0	1	324	1	324	3.64e-215	588
KDHFCO_04965	IAFHMK_05015	46.7	315	166	1	10	322	4	318	1.53e-94	283
KDHFCO_04970	AAKGEC_09015	98.4	183	3	0	1	183	1	183	1.53e-130	363
KDHFCO_04970	DDDLLA_01280	69.0	174	54	0	4	177	3	176	1.31e-86	251
KDHFCO_04970	CNLKLD_05400	66.3	175	59	0	1	175	1	175	1.81e-85	249
KDHFCO_04970	IAFHMK_08385	66.1	174	57	1	1	174	1	172	9.59e-83	242
KDHFCO_04970	BGHOFK_08055	62.0	166	63	0	1	166	1	166	9.29e-71	211
KDHFCO_04970	LBKFJK_08100	63.2	155	57	0	1	155	1	155	5.01e-70	209
KDHFCO_04970	DNKGCI_04500	61.2	152	59	0	4	155	7	158	2.50e-63	192
KDHFCO_04975	AANGNE_07570	81.8	308	54	1	4	311	5	310	6.31e-184	508
KDHFCO_04980	BNPKDP_07875	99.6	235	1	0	1	235	1	235	1.79e-171	471
KDHFCO_04980	BGHOFK_00210	73.9	234	61	0	1	234	1	234	2.74e-125	354
KDHFCO_04980	AANGNE_02860	53.2	237	108	1	1	234	1	237	1.54e-91	268
KDHFCO_04980	EPOEKF_04255	52.7	224	105	1	4	226	5	228	3.14e-78	234
KDHFCO_04980	CMMAPM_07355	67.5	123	39	1	4	125	5	127	1.20e-58	181
KDHFCO_04985	ABCLFC_08550	100	89	0	0	1	89	13	101	7.97e-61	179
KDHFCO_04990	AAKGEC_09035	95.7	348	15	0	1	348	1	348	7.73e-245	665
KDHFCO_04990	CNLKLD_02680	70.2	349	101	2	1	347	1	348	1.37e-171	480
KDHFCO_04990	LBKFJK_09480	66.0	347	118	0	1	347	1	347	1.38e-166	468
KDHFCO_04990	AAOIOD_02375	52.4	353	159	5	1	348	1	349	2.68e-116	340
KDHFCO_04995	ABCLFC_08540	99.4	332	2	0	1	332	1	332	1.48e-234	638
KDHFCO_05000	ABNNBP_05535	99.5	216	1	0	1	216	1	216	4.60e-155	427
KDHFCO_05005	JBKKJP_05120	96.6	148	5	0	1	148	1	148	8.96e-100	282
KDHFCO_05010	ACPHPF_05020	99.5	184	1	0	1	184	1	184	2.99e-134	382
KDHFCO_05010	AANGNE_08355	45.9	185	91	1	8	183	3	187	2.87e-54	178
KDHFCO_05010	CNOINH_06885	52.7	169	76	3	6	173	7	172	3.03e-53	172
KDHFCO_05010	NOKDAP_10530	46.9	162	83	1	11	172	7	165	2.15e-49	165
KDHFCO_05010	DAEIAJ_08645	43.3	180	88	2	8	173	3	182	1.34e-48	163
KDHFCO_05010	BDEBFB_07100	42.7	199	91	4	8	184	3	200	8.45e-48	161
KDHFCO_05010	ANILPM_09555	42.4	203	93	4	5	184	4	205	2.60e-47	160
KDHFCO_05010	CNLKLD_06025	43.6	181	89	2	8	175	3	183	2.78e-47	160
KDHFCO_05010	CDIIGJ_10515	46.9	175	82	2	9	173	4	177	3.21e-47	160
KDHFCO_05010	CFLCIE_01560	47.9	163	78	2	10	172	4	159	2.80e-46	157
KDHFCO_05010	GEDPFN_03055	42.6	188	94	3	10	184	4	190	2.93e-46	157
KDHFCO_05010	GGNLNJ_07230	41.3	179	92	2	10	175	5	183	3.40e-46	150
KDHFCO_05010	DDDLLA_10775	42.5	181	91	2	8	175	3	183	5.92e-46	156
KDHFCO_05010	DNKGCI_06365	42.6	176	95	2	6	181	3	172	3.28e-45	154
KDHFCO_05010	MNCDBI_00620	42.0	181	92	2	8	175	3	183	1.13e-44	157
KDHFCO_05010	DNKIME_04800	43.4	182	85	4	8	173	4	183	1.31e-44	153
KDHFCO_05010	EJEPOM_07925	44.4	178	88	4	8	184	3	170	2.35e-44	152
KDHFCO_05010	IAFHMK_00320	46.1	165	83	3	9	173	6	164	4.83e-44	151
KDHFCO_05010	ANILPM_08310	42.9	170	88	3	8	177	4	164	1.32e-43	150
KDHFCO_05010	ALNFEK_03480	41.7	175	93	1	8	173	9	183	1.45e-43	150
KDHFCO_05015	ACPHPF_05020	99.4	160	1	0	1	160	295	454	1.72e-116	336
KDHFCO_05015	BDEBFB_07100	47.0	168	78	4	1	158	315	481	4.91e-48	161
KDHFCO_05015	DDDLLA_10775	46.7	169	80	4	1	159	306	474	8.54e-48	160
KDHFCO_05015	ALNFEK_03480	44.6	166	79	4	1	155	319	482	1.39e-47	160
KDHFCO_05015	GEDPFN_03055	47.9	169	77	4	1	158	305	473	1.62e-47	159
KDHFCO_05015	HDKJGO_06115	47.6	168	77	5	1	158	319	485	2.91e-46	156
KDHFCO_05015	FFEJFE_01165	47.3	167	78	4	1	158	319	484	4.07e-46	156
KDHFCO_05015	ANILPM_08310	52.5	139	60	1	27	159	317	455	2.70e-45	153
KDHFCO_05015	AIKIDN_03085	42.6	169	88	3	1	160	318	486	8.44e-45	152
KDHFCO_05020	ABNNBP_05555	100	300	0	0	1	300	1	300	3.06e-220	599
KDHFCO_05020	DDDLLA_05600	39.4	302	171	4	5	295	3	303	4.73e-65	206
KDHFCO_05020	HNNKEJ_07330	38.2	306	179	4	5	300	5	310	2.00e-64	204
KDHFCO_05020	IAFHMK_00735	36.5	304	184	3	5	300	3	305	2.23e-62	199
KDHFCO_05020	DCAANM_05780	37.2	309	183	4	1	298	1	309	1.66e-61	197
KDHFCO_05020	EJEPOM_07930	38.1	294	176	4	5	293	5	297	2.10e-61	196
KDHFCO_05020	LBKFJK_06585	37.7	305	180	4	5	300	3	306	1.07e-59	192
KDHFCO_05020	NOKDAP_10525	34.8	299	187	5	1	293	1	297	5.22e-59	190
KDHFCO_05025	ABNNBP_05560	100	386	0	0	1	386	1	386	2.08e-275	746
KDHFCO_05025	ABCLFC_08505	100	200	0	0	117	316	1	200	3.78e-132	389
KDHFCO_05030	ABCLFC_08505	98.3	359	6	0	93	451	201	559	5.43e-242	671
KDHFCO_05030	LJNIAE_08410	99.5	212	1	0	1	212	1	212	7.82e-139	397
KDHFCO_05030	AGDPFD_04395	40.2	450	256	4	1	450	1	437	1.17e-104	318
KDHFCO_05030	NOKDAP_10535	33.8	452	270	7	2	445	6	436	6.27e-75	241
KDHFCO_05030	AANGNE_03570	30.3	458	280	11	8	446	5	442	1.20e-55	191
KDHFCO_05030	AGDPFD_02310	31.7	445	284	8	7	442	4	437	2.60e-52	181
KDHFCO_05030	AEMMAL_03045	30.5	440	289	8	7	439	4	433	7.39e-49	172
KDHFCO_05030	DDKKPM_03600	32.1	461	276	15	1	449	1	436	5.11e-47	167
KDHFCO_05030	CFLCIE_01555	29.8	449	287	9	1	444	1	426	2.96e-46	165
KDHFCO_05030	GNOKMM_07820	30.1	455	262	13	7	439	4	424	6.09e-46	164
KDHFCO_05030	AANGNE_01470	31.2	461	285	11	6	451	3	446	2.28e-45	163
KDHFCO_05030	NGIILC_02175	30.5	449	287	10	7	444	4	438	8.97e-45	161
KDHFCO_05030	BGHOFK_08335	30.2	457	268	16	1	436	1	427	1.16e-44	160
KDHFCO_05030	AGINCK_05455	31.4	452	282	14	7	444	4	441	2.98e-44	160
KDHFCO_05030	DDDLLA_08890	30.8	455	287	12	9	446	7	450	3.84e-42	154
KDHFCO_05035	IAFHMK_05820	87.1	280	35	1	1	279	1	280	2.92e-185	509
KDHFCO_05040	ABCLFC_08495	98.8	81	1	0	1	81	1	81	5.73e-54	168
KDHFCO_05040	BJLDLK_10400	96.3	81	3	0	1	81	1	81	6.14e-53	164
KDHFCO_05040	PLDCIE_11890	96.3	81	3	0	1	81	1	81	1.16e-50	164
KDHFCO_05045	ABCLFC_08495	90.4	187	18	0	21	207	104	290	5.02e-102	296
KDHFCO_05050	ABNNBP_05585	100	148	0	0	1	148	15	162	1.39e-94	270
KDHFCO_05050	BGHOFK_00235	64.7	150	47	1	1	144	1	150	1.50e-52	163
KDHFCO_05050	CDIIGJ_05025	62.2	143	53	1	1	142	4	146	4.67e-49	154
KDHFCO_05055	AAKGEC_09050	97.2	457	13	0	1	457	1	457	3.68e-305	827
KDHFCO_05055	DNKGCI_09275	56.8	442	191	0	14	455	6	447	4.80e-174	495
KDHFCO_05055	ANFPEE_10465	44.4	450	247	3	8	455	4	452	4.75e-116	347
KDHFCO_05055	HMJMNM_06755	37.8	413	243	5	5	414	1	402	1.34e-78	251
KDHFCO_05055	BGHOFK_09550	36.4	445	269	5	21	456	12	451	2.47e-76	245
KDHFCO_05055	FPMMJC_02090	32.2	413	270	3	14	419	10	419	2.02e-60	204
KDHFCO_05055	CNLKLD_01205	30.0	407	280	2	11	414	2	406	1.96e-48	171
KDHFCO_05055	ABCLFC_05815	29.5	427	282	8	25	433	27	452	2.11e-41	154
KDHFCO_05060	PEPBIK_05135	99.2	247	2	0	1	247	1	247	1.36e-164	459
KDHFCO_05060	AAKGEC_09055	94.8	250	13	0	1	250	1	250	1.55e-163	452
KDHFCO_05060	JAFLJO_07445	69.9	246	74	0	5	250	3	248	2.00e-117	335
KDHFCO_05060	ABNNBP_07365	45.8	249	125	4	5	248	2	245	3.06e-62	195
KDHFCO_05060	DFCDFN_03605	44.1	236	129	1	5	240	14	246	1.72e-57	183
KDHFCO_05060	DHALJH_05950	42.2	244	136	2	5	248	3	241	5.10e-57	181
KDHFCO_05060	BOKJIE_02125	43.9	244	124	7	4	240	3	240	1.60e-54	175
KDHFCO_05060	BOKJIE_05420	40.6	249	131	5	4	243	3	243	2.56e-50	164
KDHFCO_05065	PEPBIK_05135	99.2	122	1	0	1	122	257	378	6.17e-86	254
KDHFCO_05065	AAKGEC_09060	93.4	122	8	0	1	122	1	122	4.15e-85	243
KDHFCO_05065	DNKGCI_00570	67.5	117	38	0	3	119	2	118	8.78e-60	179
KDHFCO_05070	AJCMKJ_09575	99.0	100	1	0	1	100	1	100	4.43e-68	202
KDHFCO_05070	CDIIGJ_01625	75.7	103	25	0	2	104	3	105	6.32e-56	168
KDHFCO_05070	DNKGCI_00580	67.0	103	34	0	1	103	1	103	1.05e-49	152
KDHFCO_05075	AAKGEC_09070	86.6	97	13	0	1	97	1	97	1.29e-56	169
KDHFCO_05075	AJCMKJ_09575	85.6	97	14	0	1	97	110	206	4.49e-54	166
KDHFCO_05080	CEFFBK_04810	98.4	126	2	0	1	126	1	126	1.03e-96	274
KDHFCO_05080	DBFGIH_07370	60.5	129	49	2	7	133	3	131	2.57e-57	174
KDHFCO_05080	LBKFJK_09465	55.1	136	57	3	2	135	3	136	1.92e-53	164
KDHFCO_05080	CCHDGN_09070	98.6	70	1	0	1	70	1	70	9.34e-51	157
KDHFCO_05080	DNKGCI_10465	56.3	135	55	3	1	133	1	133	1.49e-50	157
KDHFCO_05080	DNKGCI_00565	56.6	122	51	2	11	130	10	131	1.58e-49	154
KDHFCO_05085	AANGNE_05960	75.2	234	58	0	3	236	3	236	4.72e-124	351
KDHFCO_05085	OFBCLB_07540	73.4	233	62	0	1	233	1	233	6.36e-119	338
KDHFCO_05090	ABCLFC_08450	100	88	0	0	1	88	1	88	2.75e-56	167
KDHFCO_05095	CNLKLD_01535	82.4	221	38	1	1	221	1	220	2.94e-136	381
KDHFCO_05100	AANGNE_05945	79.1	743	146	3	1	739	1	738	0.0	1166
KDHFCO_05100	OAEMLE_09370	95.8	381	16	0	359	739	4	384	3.16e-256	712
KDHFCO_05100	DDDLLA_00635	26.3	672	414	17	93	732	313	935	1.56e-38	154
KDHFCO_05105	JNMKIO_02690	98.8	502	6	0	1	502	1	502	0.0	957
KDHFCO_05110	AAKGEC_09110	96.4	140	5	0	1	140	68	207	1.89e-93	268
KDHFCO_05110	CDIIGJ_05080	69.3	140	43	0	1	140	68	207	1.52e-64	195
KDHFCO_05115	AGINCK_07910	96.1	127	5	0	1	127	320	446	1.16e-72	223
KDHFCO_05120	AGINCK_07910	97.1	206	6	0	1	206	110	315	2.60e-135	386
KDHFCO_05125	LCDEGG_14340	99.0	96	1	0	1	96	243	338	5.08e-57	178
KDHFCO_05125	AMHKJB_04215	98.9	88	1	0	1	88	1	88	2.21e-54	164
KDHFCO_05125	CBFHCM_03370	87.5	96	8	1	1	96	1	92	1.90e-50	153
KDHFCO_05130	OBFACL_08170	93.5	108	7	0	1	108	1	108	9.60e-67	202
KDHFCO_05135	OBFACL_08170	99.3	145	1	0	1	145	128	272	6.20e-100	289
KDHFCO_05135	BOKGIH_10420	99.1	110	1	0	29	138	1	110	2.72e-74	218
KDHFCO_05135	KPPIIN_12125	93.3	105	7	0	1	105	48	152	7.52e-65	196
KDHFCO_05140	LCDEGG_08215	99.0	193	2	0	1	193	11	203	2.93e-133	371
KDHFCO_05140	NOKDAP_11050	59.8	189	76	0	1	189	1	189	5.79e-73	218
KDHFCO_05140	BLIMPP_08475	61.7	196	66	3	1	193	1	190	4.28e-72	216
KDHFCO_05140	FPMMJC_02165	57.5	193	81	1	1	192	1	193	1.75e-67	204
KDHFCO_05140	BOKJIE_06805	55.2	194	86	1	1	193	1	194	8.32e-67	202
KDHFCO_05140	OILDAA_05050	58.4	190	77	2	1	188	1	190	1.41e-65	199
KDHFCO_05140	ELFOBA_06655	54.8	197	85	2	1	193	1	197	3.74e-61	188
KDHFCO_05140	FPMMJC_06805	53.7	188	85	2	1	188	1	186	1.64e-59	184
KDHFCO_05140	MFAILH_05315	54.8	188	80	2	1	188	1	183	1.70e-56	176
KDHFCO_05140	KJJMGA_04980	49.5	190	93	2	1	189	1	188	1.58e-54	171
KDHFCO_05145	GGNLIA_03115	99.2	259	2	0	29	287	207	465	3.36e-186	519
KDHFCO_05145	BEHEAJ_00625	78.2	285	60	1	1	285	50	332	5.29e-164	458
KDHFCO_05145	IIAFGB_05595	66.3	285	94	1	1	285	178	460	1.25e-136	393
KDHFCO_05145	BOKJIE_00635	74.0	223	58	0	62	284	1	223	2.65e-119	340
KDHFCO_05145	IAMLOO_03350	65.3	248	82	1	36	283	2	245	1.40e-115	332
KDHFCO_05145	ABNNBP_01250	68.8	224	70	0	62	285	1	224	2.37e-111	320
KDHFCO_05145	FMBBOG_10345	57.1	275	112	3	17	285	1	275	3.33e-106	309
KDHFCO_05145	PJLNJC_02530	79.4	175	35	1	114	287	1	175	8.97e-100	291
KDHFCO_05145	AMHKJB_02715	84.1	151	24	0	1	151	1	151	2.34e-85	252
KDHFCO_05145	EAKCFB_04575	81.1	148	28	0	17	164	1	148	2.09e-80	245
KDHFCO_05145	EEJBJI_01665	45.3	256	129	6	31	282	1	249	1.87e-58	187
KDHFCO_05145	DPMHNO_10660	67.8	121	39	0	151	271	1	121	7.33e-54	173
KDHFCO_05155	BNPKDP_07735	92.2	268	5	1	1	268	1	252	9.15e-152	423
KDHFCO_05155	LCBNOF_01805	79.9	268	54	0	1	268	1	268	2.12e-129	367
KDHFCO_05155	BGHOFK_00230	52.4	271	126	2	1	268	1	271	2.26e-64	202
KDHFCO_05160	BGHOFK_00325	97.8	867	19	0	1	867	1	867	0.0	1513
KDHFCO_05160	DDDLLA_02545	42.5	855	394	13	28	858	30	810	4.83e-205	603
KDHFCO_05160	BIHALF_08510	39.7	886	416	13	7	858	10	811	3.51e-199	588
KDHFCO_05160	CNLKLD_01815	39.8	888	423	14	2	858	4	810	2.69e-198	586
KDHFCO_05160	BLCAGE_01905	40.3	846	381	11	50	862	61	815	2.18e-194	576
KDHFCO_05160	HNNKEJ_00210	46.8	703	298	10	163	864	111	738	2.23e-191	566
KDHFCO_05160	ABIMCM_12640	37.9	799	359	13	46	832	2	675	1.56e-161	487
KDHFCO_05160	DDDLLA_01605	37.8	818	383	15	47	858	5	702	1.62e-159	482
KDHFCO_05160	AMHKJB_11010	35.9	683	301	7	163	839	7	558	5.56e-132	407
KDHFCO_05160	CBFHCM_10005	34.0	720	328	8	163	866	12	600	6.78e-125	389
KDHFCO_05160	BKOEEG_06540	35.5	705	303	11	163	851	7	575	2.25e-118	372
KDHFCO_05160	KGJGGL_03015	38.4	635	254	7	163	791	7	510	7.76e-117	384
KDHFCO_05160	EPKBNI_14320	32.4	694	324	12	163	846	4	562	4.72e-99	320
KDHFCO_05165	AAKGEC_09130	95.9	338	14	0	1	338	1	338	1.17e-234	639
KDHFCO_05170	AAKGEC_09135	86.8	182	24	0	1	182	1	182	2.67e-110	311
KDHFCO_05170	IAFHMK_05685	68.0	178	57	0	1	178	1	178	1.14e-85	249
KDHFCO_05170	BGHOFK_00335	65.7	178	61	0	1	178	1	178	1.20e-83	244
KDHFCO_05170	CDIIGJ_05060	68.6	175	55	0	1	175	1	175	4.98e-83	243
KDHFCO_05170	HNNKEJ_02465	66.9	178	59	0	1	178	1	178	9.22e-83	242
KDHFCO_05170	CNLKLD_01555	62.3	175	66	0	1	175	1	175	3.54e-76	225
KDHFCO_05170	DDDLLA_00620	62.6	174	65	0	1	174	21	194	8.52e-76	225
KDHFCO_05170	AANGNE_05930	58.4	178	74	0	1	178	1	178	5.49e-70	209
KDHFCO_05170	FJNKGN_11305	58.0	174	73	0	1	174	1	174	3.69e-62	203
KDHFCO_05175	GFNALM_06825	93.7	524	15	1	1	524	1	506	0.0	930
KDHFCO_05175	ABJDJH_00730	41.0	527	308	2	1	524	1	527	3.07e-144	425
KDHFCO_05175	HHKMPO_00085	40.6	524	307	2	1	524	1	520	3.38e-129	387
KDHFCO_05180	BAFDFF_09595	98.8	166	2	0	1	166	226	391	1.02e-113	328
KDHFCO_05180	ABCBPP_12920	50.3	165	82	0	1	165	90	254	2.32e-51	164
KDHFCO_05180	GIODPP_08930	49.7	165	82	1	1	165	224	387	9.81e-49	161
KDHFCO_05180	FMBBOG_10550	48.2	164	84	1	1	164	193	355	6.39e-46	153
KDHFCO_05180	BPPLAM_03680	47.6	164	86	0	1	164	226	389	4.13e-45	152
KDHFCO_05185	BAFDFF_09595	100	201	0	0	1	201	1	201	9.20e-144	405
KDHFCO_05185	DANMKC_05690	100	125	0	0	75	199	127	251	7.99e-86	253
KDHFCO_05185	BJNLFJ_00015	58.2	201	84	0	1	201	1	201	4.85e-83	250
KDHFCO_05185	GIODPP_08930	56.7	201	85	1	1	201	1	199	1.48e-78	239
KDHFCO_05185	BPPLAM_03680	55.2	201	90	0	1	201	1	201	1.49e-77	237
KDHFCO_05185	FMBBOG_10550	58.9	168	69	0	34	201	1	168	6.52e-70	216
KDHFCO_05195	AAKGEC_09145	90.9	175	16	0	1	175	1	175	6.20e-113	318
KDHFCO_05195	CDIIGJ_05015	51.1	176	78	2	1	175	1	169	1.36e-59	182
KDHFCO_05195	DDDLLA_06010	46.5	172	84	2	1	171	1	165	2.40e-51	162
KDHFCO_05200	ABCBPP_07985	92.2	345	27	0	1	345	1	345	1.69e-226	619
KDHFCO_05200	CDIIGJ_05010	66.3	338	114	0	6	343	4	341	1.46e-157	444
KDHFCO_05200	CNLKLD_05745	61.1	337	131	0	6	342	3	339	1.22e-141	404
KDHFCO_05200	ILMBOP_00825	57.6	304	127	2	5	306	6	309	4.13e-113	330
KDHFCO_05200	DDDLLA_06005	51.0	339	164	1	7	343	6	344	1.92e-110	325
KDHFCO_05200	GNPDOB_01770	57.6	262	109	2	84	343	1	262	4.15e-96	285
KDHFCO_05205	DNKGCI_07020	82.2	180	32	0	1	180	4	183	1.76e-101	289
KDHFCO_05205	CJHCCN_08360	51.7	176	84	1	5	180	6	180	1.85e-61	188
KDHFCO_05210	AANGNE_05925	76.5	519	118	2	1	518	1	516	4.22e-286	784
KDHFCO_05210	FJNKGN_11305	76.1	519	120	2	1	518	195	710	3.17e-281	780
KDHFCO_05210	DDDLLA_00610	74.2	520	130	3	1	518	1	518	1.75e-276	760
KDHFCO_05210	CNLKLD_01570	75.2	520	122	4	1	518	1	515	2.46e-273	752
KDHFCO_05210	BEJELC_10225	70.0	520	148	4	1	518	1	514	4.69e-259	716
KDHFCO_05215	AGINCK_07825	96.5	228	8	0	1	228	1	228	6.18e-158	436
KDHFCO_05215	IAFHMK_05980	69.6	227	69	0	1	227	1	227	1.64e-109	313
KDHFCO_05215	BEIAAA_08535	70.8	226	66	0	1	226	1	226	4.84e-109	312
KDHFCO_05215	HNNKEJ_02485	70.6	228	66	1	1	227	1	228	8.95e-107	306
KDHFCO_05215	LBKFJK_01925	64.8	227	80	0	1	227	1	227	7.39e-101	291
KDHFCO_05215	DNKGCI_10095	58.1	227	95	0	1	227	1	227	6.86e-85	251
KDHFCO_05220	BIHALF_08420	86.4	368	50	0	1	368	95	462	1.21e-221	613
KDHFCO_05225	FHONGL_05345	100	104	0	0	1	104	1	104	9.44e-69	200
KDHFCO_05230	CDIIGJ_05030	82.0	206	36	1	1	206	1	205	7.27e-121	340
KDHFCO_05235	IAFHMK_05985	75.6	414	100	1	1	413	1	414	1.91e-225	622
KDHFCO_05235	BGHOFK_00365	71.9	413	115	1	1	413	1	412	3.02e-210	583
KDHFCO_05235	CNLKLD_06315	68.4	412	129	1	1	412	1	411	1.61e-202	564
KDHFCO_05235	AANGNE_05895	62.6	412	152	2	1	412	1	410	4.43e-183	514
KDHFCO_05235	DDDLLA_00605	52.9	420	187	5	1	412	1	417	9.00e-143	412
KDHFCO_05240	ABCLFC_04580	94.2	242	2	1	1	230	1	242	1.52e-156	433
KDHFCO_05240	HNNKEJ_02535	55.8	240	91	3	1	226	1	239	9.64e-85	251
KDHFCO_05240	IAFHMK_05990	56.3	197	73	2	46	230	1	196	1.29e-70	214
KDHFCO_05240	NGDFHG_03385	69.4	147	33	1	96	230	1	147	3.26e-67	203
KDHFCO_05240	DNKGCI_11155	43.1	248	120	6	1	228	1	247	3.27e-57	181
KDHFCO_05240	OFBCLB_08660	42.7	227	112	5	1	210	1	226	3.01e-53	171
KDHFCO_05240	AANGNE_05100	41.1	241	123	7	4	229	12	248	6.61e-46	152
KDHFCO_05245	AAKGEC_09185	91.3	160	14	0	1	160	1	160	9.69e-96	273
KDHFCO_05245	CNLKLD_06305	73.8	160	42	0	1	160	1	160	2.13e-74	219
KDHFCO_05245	AANGNE_05890	68.1	160	51	0	1	160	1	160	5.33e-70	208
KDHFCO_05245	DDDLLA_00650	64.9	154	54	0	3	156	5	158	2.68e-65	196
KDHFCO_05250	IAFHMK_06000	75.4	366	89	1	2	367	1	365	2.61e-204	565
KDHFCO_05250	AANGNE_05885	70.0	367	109	1	2	368	7	372	1.44e-191	533
KDHFCO_05250	CNLKLD_06265	69.2	367	112	1	2	368	1	366	1.81e-189	527
KDHFCO_05250	DDDLLA_00645	48.5	369	184	5	2	367	4	369	5.98e-108	320
KDHFCO_05255	AMDFJK_13505	95.5	310	13	1	1	310	1	309	2.24e-208	570
KDHFCO_05255	FMBBOG_08600	74.1	313	77	2	1	310	1	312	2.71e-159	446
KDHFCO_05255	HNNKEJ_12690	63.9	310	112	0	1	310	1	310	5.20e-140	397
KDHFCO_05255	IAFHMK_05295	58.6	307	126	1	1	307	1	306	9.24e-126	361
KDHFCO_05255	OFBCLB_04620	58.1	308	129	0	1	308	1	308	2.59e-122	352
KDHFCO_05255	AGHDIE_06090	57.1	312	130	2	1	310	1	310	5.42e-120	347
KDHFCO_05255	JAFLJO_08610	56.7	312	128	3	1	309	1	308	2.46e-117	340
KDHFCO_05255	CDIIGJ_00335	55.6	315	135	1	1	310	1	315	5.25e-115	334
KDHFCO_05260	MKCKPI_08625	97.3	222	5	1	1	221	1	222	4.84e-160	449
KDHFCO_05265	OBFACL_13940	90.7	226	10	1	1	226	1	215	2.68e-145	403
KDHFCO_05265	FIJOGA_03665	79.1	230	42	1	1	224	1	230	6.20e-133	373
KDHFCO_05265	LCDEGG_14340	82.8	209	36	0	1	209	1	209	1.12e-126	361
KDHFCO_05265	OBFACL_14235	86.9	145	19	0	1	145	1	145	2.23e-91	267
KDHFCO_05265	IAMNKG_14170	98.1	104	2	0	123	226	40	143	1.37e-68	206
KDHFCO_05265	OAJDKB_12175	99.0	99	1	0	1	99	1	99	7.96e-68	205
KDHFCO_05265	HIJKML_06220	73.3	135	24	1	75	209	1	123	5.06e-66	200
KDHFCO_05265	AJANDE_09880	70.1	137	41	0	90	226	48	184	1.39e-65	200
KDHFCO_05265	PNDLPA_11260	50.5	214	5	2	13	226	1	113	8.29e-56	173
KDHFCO_05265	IAAGLG_13260	81.9	94	17	0	75	168	1	94	1.74e-51	163
KDHFCO_05265	ILDBOH_12915	85.4	82	12	0	1	82	1	82	2.72e-48	154
KDHFCO_05270	ABNNBP_05785	100	214	0	0	12	225	266	479	5.57e-164	461
KDHFCO_05270	ACDDAG_09875	72.4	210	58	0	12	221	267	476	5.19e-117	341
KDHFCO_05270	AANGNE_04725	69.5	210	64	0	12	221	266	475	1.20e-113	333
KDHFCO_05270	ABJDJH_04730	61.5	213	82	0	12	224	267	479	1.37e-104	310
KDHFCO_05270	AMCIGH_08775	61.5	200	77	0	12	211	264	463	3.22e-98	293
KDHFCO_05270	EPOEKF_01740	55.0	202	90	1	6	207	261	461	1.26e-77	240
KDHFCO_05270	BIFMNE_04180	50.8	195	92	2	12	205	248	439	1.66e-68	216
KDHFCO_05270	BEIAAA_10275	49.7	195	94	2	12	205	97	288	5.58e-65	210
KDHFCO_05270	DDDLLA_01640	46.2	199	103	2	12	209	263	458	4.65e-62	200
KDHFCO_05275	AAKGEC_09330	96.5	287	10	0	1	287	1	287	1.92e-198	543
KDHFCO_05275	DNKGCI_10060	72.3	289	80	0	1	289	1	289	1.34e-149	420
KDHFCO_05275	LBKFJK_02535	72.7	289	78	1	1	289	1	288	1.45e-148	417
KDHFCO_05275	AANGNE_04730	62.7	287	105	2	1	285	1	287	3.24e-129	368
KDHFCO_05275	DBFGIH_09120	40.2	286	168	1	2	287	7	289	3.27e-70	218
KDHFCO_05275	AANGNE_04030	38.2	288	175	1	2	289	7	291	1.00e-65	207
KDHFCO_05275	BEIAAA_10275	38.7	287	173	1	3	289	296	579	1.34e-64	212
KDHFCO_05275	IAFHMK_00735	34.8	302	168	6	4	280	3	300	2.01e-46	157
KDHFCO_05275	HNNKEJ_07330	33.6	301	175	5	4	280	5	304	1.72e-45	155
KDHFCO_05280	AAKGEC_09335	93.8	291	18	0	1	291	1	291	1.27e-203	556
KDHFCO_05280	LBKFJK_02540	71.2	281	81	0	3	283	2	282	8.75e-148	415
KDHFCO_05280	JAFLJO_04745	65.0	286	100	0	1	286	1	286	3.67e-140	396
KDHFCO_05280	DNKGCI_10055	68.5	279	88	0	6	284	4	282	8.00e-139	392
KDHFCO_05280	DDDLLA_04200	64.7	286	101	0	1	286	1	286	6.32e-138	390
KDHFCO_05280	GNOKMM_07805	64.7	283	100	0	1	283	1	283	8.14e-137	387
KDHFCO_05280	OFBCLB_02070	69.5	256	74	1	3	258	2	253	1.21e-130	372
KDHFCO_05280	EGHGNB_10360	61.7	290	110	1	1	289	1	290	3.12e-130	371
KDHFCO_05280	ACDDAG_06090	62.6	281	105	0	4	284	2	282	8.32e-130	370
KDHFCO_05280	ALNFEK_11655	61.7	290	106	3	6	291	4	292	1.28e-127	364
KDHFCO_05280	CJHCCN_06830	56.0	291	122	4	3	289	2	290	1.11e-108	316
KDHFCO_05280	AAKGEC_03835	50.2	285	135	3	6	285	4	286	4.26e-101	297
KDHFCO_05280	HDKJGO_00725	65.1	152	53	0	1	152	1	152	9.42e-67	206
KDHFCO_05285	HNNKEJ_02625	94.5	513	28	0	1	513	19	531	0.0	970
KDHFCO_05290	HEDEDB_07985	98.3	296	5	0	1	296	16	311	2.14e-208	570
KDHFCO_05290	DDDLLA_10645	45.9	294	158	1	4	296	34	327	1.80e-92	276
KDHFCO_05290	AMNNAF_08070	45.6	296	160	1	2	296	46	341	2.16e-86	261
KDHFCO_05290	ALNFEK_11630	37.4	289	181	0	2	290	10	298	2.33e-71	222
KDHFCO_05290	LBKFJK_02055	38.8	291	173	2	3	290	22	310	1.10e-66	210
KDHFCO_05290	LBKFJK_04175	31.9	304	196	7	2	294	3	306	4.89e-46	157
KDHFCO_05295	ABCLFC_04630	99.3	287	2	0	1	287	1	287	1.22e-199	546
KDHFCO_05295	OFBCLB_02040	39.9	296	168	3	2	287	7	302	2.29e-71	221
KDHFCO_05295	ABJDJH_05815	41.0	288	165	2	4	286	12	299	2.76e-69	216
KDHFCO_05295	LBKFJK_02060	39.2	288	170	3	2	286	13	298	3.46e-64	203
KDHFCO_05295	ALNFEK_11635	37.7	281	168	2	13	287	15	294	1.51e-61	196
KDHFCO_05300	ALNFEK_06455	95.0	545	26	1	1	544	1	545	0.0	1030
KDHFCO_05310	AOPEMA_06800	91.3	127	11	0	2	128	111	237	8.74e-72	214
KDHFCO_05315	ABCLFC_04650	97.5	793	20	0	1	793	1	793	0.0	1568
KDHFCO_05320	AAKGEC_09350	96.9	459	14	0	1	459	1	459	1.06e-305	829
KDHFCO_05325	DFNGLI_05565	90.0	301	23	1	1	301	1	294	4.99e-186	513
KDHFCO_05330	AAKGEC_09360	94.2	139	8	0	1	139	1	139	4.21e-84	242
KDHFCO_05335	AAKGEC_09365	96.3	136	5	0	1	136	1	136	4.97e-88	267
KDHFCO_05335	GHPLOC_07305	95.8	95	4	0	1	95	1	95	1.38e-62	187
KDHFCO_05335	AANGNE_02555	64.5	138	47	2	1	138	1	136	1.52e-54	179
KDHFCO_05335	AAKGEC_12810	61.6	138	51	2	1	138	1	136	4.29e-53	175
KDHFCO_05335	OFBCLB_04270	62.3	138	50	2	1	138	1	136	6.17e-53	175
KDHFCO_05340	AAKGEC_09365	95.7	423	18	0	1	423	177	599	1.79e-294	805
KDHFCO_05340	FHIFIE_02605	93.5	260	17	0	164	423	281	540	4.40e-168	482
KDHFCO_05340	AAKGEC_12810	56.7	409	174	2	1	409	175	580	2.59e-161	466
KDHFCO_05340	AANGNE_02555	55.5	409	179	2	1	409	175	580	5.47e-158	457
KDHFCO_05340	OFBCLB_04270	53.8	407	186	2	1	407	175	579	1.18e-149	436
KDHFCO_05345	AAKGEC_09370	96.3	243	9	0	1	243	1	243	1.91e-165	456
KDHFCO_05350	LPLJMN_09605	78.3	143	31	0	1	143	1	143	2.12e-80	233
KDHFCO_05350	BAFDFF_08635	98.9	88	1	0	57	144	3	90	4.28e-59	177
KDHFCO_05355	BPNNAG_07700	91.5	295	25	0	1	295	5	299	1.58e-184	509
KDHFCO_05355	BACFJJ_02560	65.4	292	101	0	3	294	5	296	1.88e-129	369
KDHFCO_05355	NOKDAP_11445	54.6	291	132	0	3	293	4	294	1.00e-107	314
KDHFCO_05355	AAKGEC_07240	32.4	287	193	1	4	289	19	305	6.29e-47	159
KDHFCO_05355	OJJKBE_04565	84.3	89	14	0	1	89	1	89	5.14e-46	150
KDHFCO_05360	BAFDFF_09595	98.8	166	2	0	1	166	226	391	1.02e-113	328
KDHFCO_05360	ABCBPP_12920	50.3	165	82	0	1	165	90	254	2.32e-51	164
KDHFCO_05360	GIODPP_08930	49.7	165	82	1	1	165	224	387	9.81e-49	161
KDHFCO_05360	FMBBOG_10550	48.2	164	84	1	1	164	193	355	6.39e-46	153
KDHFCO_05360	BPPLAM_03680	47.6	164	86	0	1	164	226	389	4.13e-45	152
KDHFCO_05365	BAFDFF_09595	100	201	0	0	1	201	1	201	9.20e-144	405
KDHFCO_05365	DANMKC_05690	100	125	0	0	75	199	127	251	7.99e-86	253
KDHFCO_05365	BJNLFJ_00015	58.2	201	84	0	1	201	1	201	4.85e-83	250
KDHFCO_05365	GIODPP_08930	56.7	201	85	1	1	201	1	199	1.48e-78	239
KDHFCO_05365	BPPLAM_03680	55.2	201	90	0	1	201	1	201	1.49e-77	237
KDHFCO_05365	FMBBOG_10550	58.9	168	69	0	34	201	1	168	6.52e-70	216
KDHFCO_05375	EHLNLG_01890	95.3	128	6	0	1	128	3	130	1.25e-87	250
KDHFCO_05375	LBKFJK_09930	71.2	125	36	0	1	125	1	125	5.69e-64	190
KDHFCO_05375	DDDLLA_08465	68.0	125	40	0	1	125	1	125	1.81e-60	181
KDHFCO_05380	CHBPFB_04790	91.7	229	19	0	1	229	2	230	1.93e-140	392
KDHFCO_05380	LBKFJK_09925	72.1	229	63	1	1	229	1	228	9.83e-108	309
KDHFCO_05380	DDDLLA_08460	70.6	228	67	0	1	228	1	228	3.53e-101	292
KDHFCO_05385	AAKGEC_09395	92.0	226	18	0	1	226	1	226	5.43e-120	340
KDHFCO_05385	LBKFJK_09920	72.0	225	63	0	2	226	3	227	1.99e-87	257
KDHFCO_05390	AAKGEC_09400	77.7	247	55	0	1	247	1	247	2.30e-136	383
KDHFCO_05390	BGHOFK_00540	58.1	246	103	0	1	246	1	246	5.72e-97	283
KDHFCO_05390	CDIIGJ_00505	50.0	246	119	3	1	246	1	242	2.77e-72	220
KDHFCO_05395	AAKGEC_09405	84.2	139	22	0	1	139	1	139	8.37e-75	218
KDHFCO_05395	OICAJO_08010	87.0	123	16	0	1	123	1	123	1.95e-66	204
KDHFCO_05395	BGHOFK_00545	69.8	139	38	1	1	139	1	135	4.38e-60	181
KDHFCO_05395	HNNKEJ_00310	71.9	139	35	1	1	139	1	135	1.25e-59	180
KDHFCO_05395	CDIIGJ_00510	65.7	137	43	1	1	137	1	133	2.34e-54	167
KDHFCO_05395	DBFGIH_07340	60.4	139	51	1	1	139	1	135	1.04e-47	150
KDHFCO_05400	OICAJO_08010	94.3	212	12	0	1	212	145	356	5.69e-139	392
KDHFCO_05400	DOCKDI_00070	93.9	212	12	1	1	212	6	216	1.14e-138	386
KDHFCO_05400	IAFHMK_10810	71.7	205	58	0	8	212	8	212	4.81e-107	306
KDHFCO_05400	CNLKLD_00945	69.8	212	64	0	1	212	1	212	9.69e-107	305
KDHFCO_05400	DNKGCI_09810	50.2	205	98	1	8	212	5	205	4.08e-66	202
KDHFCO_05405	ILMBOP_09390	83.9	118	19	0	2	119	2	119	2.95e-58	175
KDHFCO_05405	CPACNB_03735	83.9	118	19	0	2	119	2	119	5.39e-58	176
KDHFCO_05410	HNNKEJ_02660	80.5	456	88	1	1	456	1	455	3.37e-268	734
KDHFCO_05410	DDDLLA_00540	68.2	459	140	3	1	456	1	456	2.65e-216	602
KDHFCO_05410	AHPAPB_05450	96.6	205	7	0	1	205	1	205	4.62e-134	384
KDHFCO_05415	NCBCII_07825	88.3	188	22	0	1	188	1	188	1.84e-114	335
KDHFCO_05415	IAFHMK_05630	78.0	186	39	1	2	185	3	188	5.08e-102	291
KDHFCO_05415	CGMKCF_06965	84.3	140	22	0	1	140	1	140	1.13e-81	238
KDHFCO_05420	NCBCII_07825	94.6	335	18	0	1	335	196	530	2.79e-218	605
KDHFCO_05420	DDDLLA_00525	83.3	335	56	0	1	335	1	335	1.67e-196	542
KDHFCO_05425	ABCLFC_04765	99.0	99	1	0	1	99	1	99	5.97e-65	192
KDHFCO_05425	OECBDL_10560	99.0	99	1	0	1	99	1	99	4.06e-63	192
KDHFCO_05430	ABNNBP_05950	100	106	0	0	1	106	1	106	7.37e-76	218
KDHFCO_05430	OECBDL_10560	100	106	0	0	1	106	197	302	3.95e-73	218
KDHFCO_05440	AGINCK_07540	79.5	122	22	1	1	122	1	119	1.11e-68	201
KDHFCO_05440	DDDLLA_00500	66.7	120	40	0	1	120	1	120	3.88e-57	172
KDHFCO_05445	NPFMCA_12495	91.7	288	0	1	1	264	1	288	8.89e-178	490
KDHFCO_05445	DDDLLA_00490	71.3	261	74	1	1	260	5	265	6.37e-122	348
KDHFCO_05445	CGMKCF_06980	84.6	123	19	0	1	123	1	123	5.60e-66	202
KDHFCO_05450	ABCLFC_04785	99.1	352	3	0	1	352	1	352	3.21e-255	692
KDHFCO_05450	AAKGEC_09440	67.4	344	110	1	1	342	1	344	3.46e-167	469
KDHFCO_05450	HNNKEJ_02730	58.0	348	140	2	1	345	1	345	2.78e-141	404
KDHFCO_05450	CDIIGJ_00550	61.5	195	74	1	1	195	1	194	4.09e-81	245
KDHFCO_05450	CNLKLD_08590	47.7	195	99	1	1	192	1	195	2.16e-61	195
KDHFCO_05450	DDDLLA_00425	50.3	197	96	2	1	195	1	197	5.44e-60	195
KDHFCO_05450	BGCJLL_00480	64.2	134	48	0	218	351	1	134	2.51e-55	177
KDHFCO_05455	ABNNBP_05975	100	190	0	0	1	190	1	190	5.10e-146	402
KDHFCO_05455	HNNKEJ_02735	69.5	174	53	0	16	189	3	176	6.49e-96	275
KDHFCO_05455	JIKGJE_02595	70.0	170	51	0	20	189	16	185	3.80e-95	274
KDHFCO_05460	DDDLLA_00400	88.6	395	45	0	1	395	1	395	2.56e-260	710
KDHFCO_05460	PHNKGJ_01975	49.8	315	151	3	79	387	1	314	6.50e-99	297
KDHFCO_05465	CFBGPF_12475	100	253	0	0	1	253	1	253	1.22e-178	491
KDHFCO_05465	CDIIGJ_00560	66.4	250	84	0	1	250	1	250	1.09e-116	333
KDHFCO_05465	IAFHMK_05535	66.5	251	83	1	1	250	1	251	4.41e-116	332
KDHFCO_05465	DDDLLA_00380	64.5	251	88	1	1	250	1	251	2.79e-112	322
KDHFCO_05470	ABCLFC_04805	98.1	160	3	0	1	160	1	160	3.53e-104	299
KDHFCO_05470	JAIDNN_07690	98.8	160	2	0	1	160	1	160	3.41e-100	305
KDHFCO_05470	FJCOFL_09955	65.6	160	55	0	1	160	1	160	5.31e-75	221
KDHFCO_05475	BLCAGE_08900	98.3	234	4	0	1	234	40	273	2.37e-169	467
KDHFCO_05475	MHGLEN_14120	98.2	221	4	0	1	221	1	221	1.34e-156	439
KDHFCO_05475	OFBCLB_00125	73.7	232	61	0	1	232	43	274	1.36e-124	353
KDHFCO_05475	FCNDOE_00480	69.5	233	71	0	2	234	40	272	4.02e-121	345
KDHFCO_05475	DAEIAJ_02250	68.4	234	2	1	1	234	40	201	2.33e-101	292
KDHFCO_05475	BGHOFK_10420	67.3	211	69	0	17	227	1	211	3.53e-100	290
KDHFCO_05475	MILJBE_11495	98.2	110	2	0	125	234	65	174	5.27e-75	224
KDHFCO_05475	DPMHNO_11055	97.3	111	3	0	123	233	1	111	3.62e-74	223
KDHFCO_05475	OBFACL_14235	66.9	163	43	5	75	234	73	227	4.98e-60	188
KDHFCO_05475	DICHKL_07830	97.4	77	2	0	157	233	4	80	2.07e-49	159
KDHFCO_05475	DOLABL_06375	56.3	160	3	1	1	160	40	132	2.54e-47	153
KDHFCO_05480	DFPFAH_04660	98.9	91	1	0	1	91	113	203	8.38e-57	173
KDHFCO_05480	GIPIII_01620	97.8	91	2	0	1	91	75	165	1.49e-56	171
KDHFCO_05480	ABNNBP_10745	100	91	0	0	1	91	182	272	1.58e-56	174
KDHFCO_05480	FFPGDJ_10745	96.7	91	3	0	1	91	97	187	8.43e-56	170
KDHFCO_05485	ABCLFC_04805	100	102	0	0	1	102	179	280	3.24e-66	200
KDHFCO_05490	JAIDNN_07690	100	636	0	0	1	636	175	810	0.0	1211
KDHFCO_05490	BGHOFK_00615	79.4	641	125	2	1	636	1	639	0.0	1003
KDHFCO_05490	AANGNE_08360	76.8	641	144	1	1	636	1	641	0.0	974
KDHFCO_05490	PLIDEH_07035	71.0	644	178	4	1	635	1	644	0.0	914
KDHFCO_05490	GEDPFN_08620	66.8	645	205	1	1	636	1	645	4.55e-308	850
KDHFCO_05490	CJHCCN_07355	66.6	631	202	3	1	624	1	629	2.99e-305	842
KDHFCO_05490	DNKGCI_11580	45.5	642	321	8	4	622	5	640	1.69e-182	531
KDHFCO_05490	CNLKLD_06030	45.3	629	319	9	1	607	1	626	2.60e-172	504
KDHFCO_05490	BDEBFB_07105	44.1	646	322	9	4	622	5	638	8.03e-169	496
KDHFCO_05490	BGHOFK_02935	43.3	628	330	9	1	606	1	624	1.13e-160	475
KDHFCO_05490	FGFHJG_01345	97.4	235	6	0	402	636	1	235	3.81e-153	440
KDHFCO_05490	JIGPNC_03510	39.5	635	354	9	7	624	6	627	1.19e-141	426
KDHFCO_05490	PHNKGJ_02305	40.1	629	350	10	7	624	6	618	9.95e-138	415
KDHFCO_05490	BDEBFB_07090	34.5	618	375	9	4	608	3	603	3.96e-112	349
KDHFCO_05490	EJEPOM_07410	34.4	630	384	14	3	620	2	614	4.45e-110	343
KDHFCO_05490	FFEJFE_01160	35.0	622	381	10	8	625	7	609	1.21e-107	337
KDHFCO_05490	ANILPM_09560	35.5	605	371	8	4	603	42	632	7.74e-107	336
KDHFCO_05490	NAGBDA_10955	36.7	600	360	9	8	603	7	590	2.00e-106	334
KDHFCO_05490	IHNEIG_03910	32.9	632	394	11	3	624	2	613	4.18e-106	333
KDHFCO_05490	GEDPFN_03060	33.5	627	393	9	4	621	5	616	6.36e-106	333
KDHFCO_05490	BPDDPD_04225	34.1	580	360	6	7	581	8	570	6.53e-105	330
KDHFCO_05490	LBKFJK_04765	32.7	624	401	11	4	620	5	616	1.05e-102	325
KDHFCO_05490	AJKPDP_02710	32.5	619	404	9	11	621	19	631	1.77e-102	324
KDHFCO_05490	OFBCLB_10540	35.2	630	365	11	5	622	4	602	2.95e-102	323
KDHFCO_05490	CJHCCN_02135	33.4	614	388	10	1	607	1	600	4.00e-99	315
KDHFCO_05495	DAEIAJ_08645	82.4	478	80	1	1	478	1	474	8.38e-307	833
KDHFCO_05495	DNKIME_04800	67.2	478	154	3	3	478	4	480	5.63e-244	674
KDHFCO_05495	AANGNE_08355	55.1	486	201	4	1	478	1	477	8.47e-186	527
KDHFCO_05495	ALNFEK_03480	52.0	483	213	5	3	475	9	482	2.43e-181	516
KDHFCO_05495	BDEBFB_07100	53.9	486	211	6	1	478	1	481	3.21e-181	515
KDHFCO_05495	DDDLLA_10775	51.5	480	224	6	1	478	1	473	4.75e-174	497
KDHFCO_05495	CNLKLD_06025	50.3	479	232	4	1	478	1	474	8.92e-174	496
KDHFCO_05495	EJEPOM_07405	49.9	479	223	5	3	478	4	468	1.80e-172	493
KDHFCO_05495	HDKJGO_06115	51.7	484	222	4	2	478	7	485	1.65e-169	486
KDHFCO_05495	GEDPFN_03055	49.6	476	230	5	6	478	5	473	1.55e-164	473
KDHFCO_05495	CDIIGJ_10515	50.0	512	213	11	1	478	1	503	4.37e-161	465
KDHFCO_05495	FFEJFE_01165	47.1	486	242	7	2	478	5	484	8.06e-160	461
KDHFCO_05495	ACDDAG_07275	46.8	476	246	5	3	478	10	478	7.06e-159	458
KDHFCO_05495	DDDLLA_05595	48.2	483	229	8	3	475	5	476	2.54e-158	457
KDHFCO_05495	ANILPM_09555	48.0	496	225	9	3	478	7	489	1.21e-157	456
KDHFCO_05495	AIKIDN_03085	46.1	488	244	6	3	478	4	484	4.07e-155	449
KDHFCO_05495	IAFHMK_01915	45.9	486	229	6	3	478	8	469	3.19e-153	444
KDHFCO_05495	LBKFJK_04760	46.1	475	247	6	3	476	6	472	9.82e-153	442
KDHFCO_05495	PPBJPA_11480	46.6	498	229	9	3	478	10	492	5.42e-152	441
KDHFCO_05495	NAGBDA_10950	45.8	487	248	7	2	478	5	485	3.20e-149	434
KDHFCO_05495	KPGHOL_06290	44.1	490	241	8	1	475	1	472	3.78e-146	426
KDHFCO_05495	AGFMFG_00740	41.3	491	258	10	3	478	9	484	1.26e-123	369
KDHFCO_05495	ACPHPF_05020	39.2	479	254	9	3	478	8	452	4.63e-116	348
KDHFCO_05495	ANILPM_08310	40.2	482	249	12	1	475	2	451	7.56e-110	332
KDHFCO_05495	EJEPOM_07925	40.2	487	245	13	1	475	1	453	1.23e-107	327
KDHFCO_05500	CGMKCF_07035	94.1	203	12	0	1	203	1	203	4.51e-130	364
KDHFCO_05500	DDDLLA_06495	71.6	201	57	0	4	204	4	204	6.26e-100	287
KDHFCO_05505	LGJCEJ_06495	95.8	406	13	2	1	404	1	404	3.83e-270	734
KDHFCO_05505	CJHCCN_05470	33.7	392	222	9	5	389	2	362	3.17e-62	204
KDHFCO_05505	LBKFJK_08540	43.8	281	136	5	34	302	8	278	1.05e-61	200
KDHFCO_05505	DNKGCI_00740	35.7	359	214	6	33	382	10	360	8.85e-61	201
KDHFCO_05505	CNLKLD_04950	43.9	230	123	3	37	264	12	237	2.24e-60	197
KDHFCO_05505	IAFHMK_08490	45.1	224	117	2	46	267	20	239	1.73e-59	194
KDHFCO_05505	DDDLLA_03435	36.5	304	176	4	35	325	7	306	4.19e-58	192
KDHFCO_05505	BNBIEO_02790	43.6	236	127	2	34	267	8	239	4.70e-58	191
KDHFCO_05505	AAKGEC_07545	42.0	243	134	3	48	287	21	259	8.81e-58	191
KDHFCO_05505	JAFLJO_05055	38.8	281	160	5	33	306	7	282	1.70e-57	189
KDHFCO_05505	ABJDJH_10240	39.5	261	128	3	5	265	5	235	1.83e-53	181
KDHFCO_05505	AANGNE_03680	40.5	237	136	4	32	265	5	239	7.59e-50	168
KDHFCO_05505	IAFHMK_08785	34.1	279	159	5	5	266	5	275	1.18e-45	161
KDHFCO_05505	AANGNE_01045	32.5	255	161	2	22	266	1	254	1.99e-44	157
KDHFCO_05505	AAKGEC_12175	37.0	265	139	6	5	268	6	243	3.21e-44	153
KDHFCO_05505	CNLKLD_00555	34.0	247	147	2	36	266	16	262	9.84e-44	155
KDHFCO_05510	AANGNE_04920	82.7	572	99	0	1	572	1	572	0.0	934
KDHFCO_05520	JNMKIO_05340	82.4	188	33	0	2	189	6	193	4.80e-114	322
KDHFCO_05520	DDDLLA_03505	67.9	184	59	0	5	188	1	184	2.55e-91	264
KDHFCO_05520	HNNKEJ_02135	46.8	186	98	1	5	189	1	186	2.23e-59	183
KDHFCO_05520	AANGNE_08525	47.3	186	97	1	5	189	1	186	1.69e-56	176
KDHFCO_05520	HNNKEJ_00335	43.9	187	102	2	5	188	1	187	4.54e-52	165
KDHFCO_05520	AAOIOD_09030	40.4	188	109	2	5	189	1	188	8.42e-50	159
KDHFCO_05525	AAKGEC_04005	81.9	354	64	0	2	355	7	360	6.82e-228	627
KDHFCO_05525	CDIIGJ_01560	72.8	357	97	0	1	357	1	357	1.55e-204	568
KDHFCO_05530	AAKGEC_09510	92.8	180	13	0	1	180	1	180	2.08e-122	342
KDHFCO_05530	CDIIGJ_01555	68.0	169	54	0	1	169	1	169	1.25e-79	234
KDHFCO_05535	ABJDJH_04530	87.6	97	12	0	1	97	1	97	3.90e-55	166
KDHFCO_05535	KBLLAJ_09455	89.1	92	10	0	6	97	33	124	1.23e-52	160
KDHFCO_05540	AAKGEC_09520	95.5	314	14	0	1	314	1	314	2.34e-206	565
KDHFCO_05540	DBFGIH_05410	76.1	301	72	0	8	308	9	309	3.75e-156	439
KDHFCO_05545	AAKGEC_09525	98.6	143	2	0	1	143	1	143	1.76e-87	251
KDHFCO_05545	BGHOFK_00645	74.8	143	36	0	1	143	1	143	1.40e-61	185
KDHFCO_05545	DDDLLA_03485	65.5	142	49	0	1	142	1	142	3.99e-54	166
KDHFCO_05545	DNKGCI_10980	55.6	142	63	0	1	142	1	142	6.81e-48	150
KDHFCO_05545	LBKFJK_02475	58.5	142	59	0	1	142	1	142	1.37e-47	150
KDHFCO_05550	AAKGEC_09530	97.7	306	7	0	1	306	1	306	4.01e-219	597
KDHFCO_05555	CEPOIM_03560	100	198	0	0	1	198	32	229	3.66e-143	397
KDHFCO_05555	IAFHMK_06335	73.2	198	53	0	1	198	1	198	2.59e-107	305
KDHFCO_05555	DNKGCI_10020	71.2	198	57	0	1	198	1	198	9.60e-103	294
KDHFCO_05555	LBKFJK_02560	70.5	193	57	0	6	198	1	193	6.11e-100	286
KDHFCO_05555	DDDLLA_01130	68.7	198	62	0	1	198	4	201	8.20e-98	281
KDHFCO_05555	CNLKLD_02490	68.6	194	60	1	6	198	1	194	9.02e-93	268
KDHFCO_05560	CNLKLD_02495	75.8	430	101	1	1	430	1	427	2.96e-225	623
KDHFCO_05560	PHNKGJ_07850	89.3	244	26	0	187	430	1	244	4.56e-144	410
KDHFCO_05560	ABCLFC_04895	98.7	150	2	0	281	430	1	150	2.74e-94	280
KDHFCO_05570	AAKGEC_09550	97.3	220	6	0	1	220	1	220	2.74e-149	413
KDHFCO_05570	KGIGEE_10355	97.3	220	6	0	1	220	68	287	3.01e-148	413
KDHFCO_05575	DNKGCI_10000	76.0	125	30	0	15	139	6	130	6.84e-68	201
KDHFCO_05575	IAFHMK_06355	73.4	128	34	0	12	139	3	130	9.29e-66	195
KDHFCO_05575	DDDLLA_01110	68.2	129	41	0	12	140	3	131	3.61e-63	189
KDHFCO_05575	LBKFJK_02580	70.2	124	37	0	16	139	7	130	5.42e-58	176
KDHFCO_05580	CDIIGJ_00625	86.6	352	46	1	1	351	1	352	8.61e-214	587
KDHFCO_05580	AIKIDN_09950	70.4	351	103	1	1	351	1	350	1.23e-173	486
KDHFCO_05580	AANGNE_05820	68.4	351	110	1	1	351	1	350	4.92e-166	466
KDHFCO_05580	AANGNE_00910	63.5	351	126	1	1	351	1	349	3.22e-152	431
KDHFCO_05580	NCNHMD_13940	58.9	350	141	2	1	349	1	348	5.06e-139	398
KDHFCO_05580	IAMLOO_05880	72.8	180	49	0	172	351	1	180	1.62e-89	266
KDHFCO_05580	CGMKCF_00020	70.6	153	45	0	197	349	1	153	2.20e-70	216
KDHFCO_05580	IAMLOO_05885	59.1	159	63	1	1	159	1	157	6.72e-57	182
KDHFCO_05585	DDDLLA_01100	81.5	233	43	0	3	235	4	236	2.65e-134	377
KDHFCO_05590	FFEJFE_02000	80.4	143	28	0	1	143	1	143	6.06e-73	214
KDHFCO_05590	HNNKEJ_02855	72.4	145	40	0	1	145	1	145	2.99e-69	205
KDHFCO_05590	IAFHMK_06370	74.5	141	36	0	6	146	9	149	3.10e-65	195
KDHFCO_05595	CDIIGJ_00640	75.3	515	126	1	1	515	1	514	3.31e-271	746
KDHFCO_05595	IAFHMK_06400	66.3	517	174	0	1	517	1	517	3.56e-240	668
KDHFCO_05595	DNKGCI_01530	64.7	516	182	0	2	517	5	520	1.36e-238	664
KDHFCO_05595	DDDLLA_00265	64.0	516	186	0	2	517	20	535	3.58e-230	643
KDHFCO_05595	AANGNE_05810	62.4	516	194	0	2	517	5	520	1.34e-221	621
KDHFCO_05595	CNLKLD_07525	57.8	517	218	0	1	517	4	520	8.80e-203	573
KDHFCO_05595	EIIOFH_08855	92.2	115	9	0	1	115	1	115	5.64e-63	202
KDHFCO_05600	LBLLFD_01825	79.6	235	46	1	1	235	1	233	6.40e-128	360
KDHFCO_05600	CJHCCN_01640	73.8	233	57	2	1	233	13	241	2.54e-116	332
KDHFCO_05600	DDDLLA_00260	69.8	235	68	1	1	235	1	232	8.86e-114	325
KDHFCO_05600	CNLKLD_07520	66.4	235	73	3	1	232	4	235	2.07e-104	301
KDHFCO_05600	CNLKLD_03860	34.3	236	141	3	2	233	4	229	8.48e-46	152
KDHFCO_05605	DBFDDP_04215	97.3	111	3	0	1	111	9	119	2.12e-70	205
KDHFCO_05620	ABNNBP_01245	100	189	0	0	1	189	1	189	4.17e-131	365
KDHFCO_05625	ABNNBP_01250	100	227	0	0	1	227	1	227	1.60e-165	455
KDHFCO_05625	GGNLIA_03115	68.3	224	71	0	1	224	240	463	1.83e-107	317
KDHFCO_05625	BOKJIE_00635	66.4	223	75	0	1	223	1	223	2.27e-107	308
KDHFCO_05625	BEHEAJ_00625	65.0	226	79	0	1	226	109	334	6.69e-106	308
KDHFCO_05625	IAMLOO_03350	63.3	218	76	1	4	221	31	244	4.90e-98	285
KDHFCO_05625	IIAFGB_05595	59.7	221	89	0	1	221	237	457	2.87e-97	290
KDHFCO_05625	FMBBOG_10345	58.6	222	87	1	5	221	51	272	9.24e-88	260
KDHFCO_05625	DPMHNO_10660	99.2	121	1	0	90	210	1	121	4.66e-83	245
KDHFCO_05625	PJLNJC_02530	62.4	173	64	1	53	224	1	173	3.83e-76	228
KDHFCO_05625	FBLLHG_03105	48.7	224	104	6	5	224	23	239	1.21e-56	179
KDHFCO_05630	LCDEGG_14340	99.0	96	1	0	1	96	243	338	5.08e-57	178
KDHFCO_05630	AMHKJB_04215	98.9	88	1	0	1	88	1	88	2.21e-54	164
KDHFCO_05630	CBFHCM_03370	87.5	96	8	1	1	96	1	92	1.90e-50	153
KDHFCO_05635	OBFACL_08170	99.2	249	2	0	1	249	1	249	2.59e-178	492
KDHFCO_05635	KPPIIN_12125	92.2	154	12	0	81	234	1	154	8.99e-100	289
KDHFCO_05635	BOKGIH_10420	98.9	94	1	0	156	249	1	94	1.14e-60	188
KDHFCO_05635	DPMHNO_00280	97.4	78	2	0	1	78	22	99	1.12e-46	150
KDHFCO_05640	ABNNBP_01060	100	252	0	0	1	252	1	252	1.72e-177	487
KDHFCO_05640	CBFHCM_00020	74.2	248	64	0	1	248	1	248	5.02e-131	370
KDHFCO_05640	HNNKEJ_01225	80.6	175	34	0	72	246	218	392	5.30e-99	294
KDHFCO_05640	AAKGEC_01170	41.8	244	139	2	2	242	4	247	6.11e-58	184
KDHFCO_05645	BNPKDP_00150	99.5	393	2	0	1	393	1	393	2.39e-285	774
KDHFCO_05645	CBFHCM_00015	67.3	407	133	0	1	407	1	407	4.92e-199	555
KDHFCO_05645	HNNKEJ_01225	69.2	234	66	1	1	234	1	228	3.31e-116	344
KDHFCO_05650	ACPHPF_05620	100	183	0	0	1	183	1	183	4.22e-137	379
KDHFCO_05650	NKPHMN_04080	100	73	0	0	111	183	20	92	7.95e-51	158
KDHFCO_05655	AAKGEC_11040	82.1	140	25	0	1	140	1	140	2.01e-87	250
KDHFCO_05660	ACPHPF_05630	99.5	182	1	0	1	182	1	182	1.93e-128	357
KDHFCO_05660	KGIGEE_08660	53.9	152	68	2	4	154	2	152	6.97e-48	152
KDHFCO_05665	BJLDLK_05100	90.4	115	11	0	1	115	1	115	1.96e-73	213
KDHFCO_05665	AIKIDN_10900	61.4	114	44	0	2	115	19	132	8.53e-51	156
KDHFCO_05670	AAKGEC_09610	92.3	142	11	0	1	142	1	142	4.36e-92	262
KDHFCO_05670	HNNKEJ_02975	54.6	141	64	0	1	141	1	141	6.89e-52	160
KDHFCO_05670	HNNKEJ_02955	53.5	142	65	1	1	141	1	142	1.17e-50	157
KDHFCO_05670	BGHOFK_01250	53.9	141	65	0	1	141	1	141	6.52e-50	155
KDHFCO_05670	ACNHAK_04790	53.9	141	65	0	1	141	2	142	1.92e-49	154
KDHFCO_05670	GGLADB_04880	54.2	142	64	1	1	141	1	142	2.81e-49	154
KDHFCO_05675	AAKGEC_09615	74.1	116	30	0	1	116	1	116	1.11e-48	150
KDHFCO_05680	AAKGEC_09620	78.2	252	54	1	1	251	1	252	2.27e-136	383
KDHFCO_05680	DPMHNO_10700	99.4	171	1	0	81	251	1	171	3.16e-115	327
KDHFCO_05680	CBEECJ_09635	60.5	253	98	1	1	251	1	253	1.50e-99	290
KDHFCO_05680	EEJBJI_03230	60.8	255	96	2	1	251	1	255	3.24e-99	289
KDHFCO_05685	AAKGEC_09625	94.6	184	10	0	1	184	1	184	1.77e-125	350
KDHFCO_05685	DNKGCI_04225	64.1	184	66	0	1	184	1	184	4.40e-87	253
KDHFCO_05690	PHNKGJ_08095	82.5	183	32	0	1	183	1	183	3.78e-110	312
KDHFCO_05690	BJLDLK_05130	96.1	103	4	0	1	103	1	103	1.07e-63	192
KDHFCO_05695	AAOIOD_00865	75.8	236	57	0	2	237	1	236	2.73e-137	385
KDHFCO_05695	DNKGCI_07470	73.0	237	64	0	2	238	1	237	1.54e-129	365
KDHFCO_05700	BGHOFK_00755	84.2	876	138	0	1	876	1	876	0.0	1386
KDHFCO_05700	AANGNE_04040	70.6	875	254	1	1	872	1	875	0.0	1157
KDHFCO_05700	HNNKEJ_03015	72.8	463	116	1	1	453	1	463	9.19e-218	625
KDHFCO_05700	CNLKLD_08305	42.0	893	464	16	4	877	6	863	1.43e-195	581
KDHFCO_05700	HNNKEJ_12000	40.0	897	490	15	8	877	20	895	2.64e-182	548
KDHFCO_05700	DDDLLA_09200	39.7	889	475	20	7	869	7	860	1.16e-176	532
KDHFCO_05700	CNLKLD_05120	38.7	875	477	17	21	871	21	860	4.32e-176	531
KDHFCO_05700	FHIFIE_03450	38.7	878	495	14	21	869	22	885	1.73e-174	528
KDHFCO_05700	DNKGCI_09670	39.4	800	440	15	84	869	1	769	1.31e-169	511
KDHFCO_05700	EOHHJN_09855	38.0	878	483	15	20	869	21	865	3.77e-165	503
KDHFCO_05700	LBKFJK_08710	37.7	891	497	20	5	871	5	861	1.49e-162	496
KDHFCO_05700	AKPIPJ_02055	35.5	933	526	20	1	876	17	930	1.01e-150	467
KDHFCO_05700	JAPIMJ_06920	37.2	812	473	14	21	816	23	813	1.91e-150	464
KDHFCO_05700	AANGNE_04380	35.8	905	520	20	21	876	22	914	2.78e-149	462
KDHFCO_05700	EIKFFD_06365	35.4	745	447	12	22	756	21	741	8.33e-137	428
KDHFCO_05700	BGHOFK_01130	29.6	716	456	16	21	717	45	731	1.89e-85	292
KDHFCO_05700	GKAHPE_00190	29.1	719	468	14	9	717	21	707	2.55e-75	263
KDHFCO_05700	CNLKLD_02820	28.6	730	481	14	21	745	33	727	2.10e-74	260
KDHFCO_05700	DDDLLA_06035	27.1	734	496	14	11	736	25	727	3.98e-73	257
KDHFCO_05700	LIMBNG_08850	25.1	762	474	19	19	765	3	682	1.18e-53	199
KDHFCO_05700	DNKGCI_10915	26.0	757	455	22	21	764	8	672	6.14e-52	194
KDHFCO_05705	AAKGEC_09650	92.3	209	16	0	1	209	1	209	2.16e-136	380
KDHFCO_05705	HNNKEJ_03025	63.3	207	74	1	1	205	1	207	1.22e-84	249
KDHFCO_05705	BGHOFK_00765	60.4	207	80	1	1	205	1	207	1.07e-81	241
KDHFCO_05705	IAFHMK_05650	60.2	206	79	2	1	204	1	205	2.84e-78	233
KDHFCO_05705	CNLKLD_06485	57.7	208	82	3	5	206	7	214	7.32e-73	219
KDHFCO_05705	DNKGCI_01815	56.0	207	84	2	6	205	3	209	3.00e-71	215
KDHFCO_05705	ACDDAG_00030	54.0	213	88	2	1	205	38	248	1.94e-68	209
KDHFCO_05705	OFBCLB_07120	54.1	196	88	1	11	204	13	208	2.77e-68	207
KDHFCO_05705	LBKFJK_03935	52.4	210	87	2	4	204	3	208	3.37e-65	199
KDHFCO_05705	AAOIOD_09980	60.1	158	63	0	48	205	147	304	5.07e-60	189
KDHFCO_05710	AAKGEC_09655	94.9	157	8	0	1	157	1	157	2.75e-109	307
KDHFCO_05710	IAFHMK_01030	72.6	157	43	0	1	157	1	157	1.36e-84	244
KDHFCO_05710	AANGNE_04400	58.6	157	65	0	1	157	1	157	2.11e-66	199
KDHFCO_05710	NEHKFL_07110	50.3	157	77	1	1	157	1	156	8.86e-55	169
KDHFCO_05715	AANGNE_06750	85.3	1060	153	2	1	1060	42	1098	0.0	1763
KDHFCO_05720	ABCBPP_07450	81.3	193	36	0	1	193	1	193	5.08e-102	291
KDHFCO_05720	CDIIGJ_00730	61.0	172	67	0	22	193	5	176	9.22e-66	199
KDHFCO_05720	BGHOFK_00780	57.6	165	70	0	29	193	29	193	1.40e-56	176
KDHFCO_05730	AKOOIJ_00225	91.3	494	43	0	1	494	164	657	0.0	901
KDHFCO_05730	CDIIGJ_00735	69.1	502	145	4	1	493	164	664	1.99e-250	699
KDHFCO_05730	AANGNE_03285	53.5	495	212	12	9	493	188	674	6.32e-165	481
KDHFCO_05730	GJCPBB_06855	54.0	494	33	1	1	494	163	462	3.41e-162	467
KDHFCO_05730	BNBIEO_00845	50.9	499	227	12	6	494	185	675	4.84e-156	459
KDHFCO_05730	PNIBIJ_08050	33.6	551	297	18	2	493	221	761	2.17e-72	243
KDHFCO_05735	DIBOGN_05985	95.2	334	16	0	1	334	1	334	2.47e-214	588
KDHFCO_05735	EIIOFH_09125	59.5	333	135	0	2	334	2	334	9.31e-134	384
KDHFCO_05735	EHLNLG_01700	59.9	334	134	0	1	334	1	334	5.57e-133	381
KDHFCO_05735	CDIIGJ_00740	42.3	298	169	2	1	298	1	295	1.79e-67	214
KDHFCO_05735	BGHOFK_00790	38.7	302	175	4	31	329	31	325	7.44e-57	187
KDHFCO_05735	CJHCCN_01275	39.3	272	152	5	32	295	20	286	4.17e-55	182
KDHFCO_05740	ABCLFC_08055	96.3	108	4	0	1	108	1	108	6.16e-68	199
KDHFCO_05745	MCFIIO_10985	84.6	247	38	0	1	247	130	376	1.85e-137	390
KDHFCO_05745	CGMKCF_04370	82.3	249	42	1	1	247	24	272	3.06e-133	376
KDHFCO_05745	BGHOFK_00800	70.6	245	71	1	3	247	26	269	2.21e-111	320
KDHFCO_05745	CDIIGJ_00750	68.2	242	76	1	5	246	28	268	1.61e-106	308
KDHFCO_05750	IAAGLG_06900	84.2	387	61	0	1	387	1	387	1.06e-215	595
KDHFCO_05750	BGHOFK_00805	52.1	388	182	3	1	385	1	387	7.70e-134	388
KDHFCO_05750	CDIIGJ_00755	51.2	385	188	0	1	385	1	385	1.11e-125	367
KDHFCO_05750	DKACCG_04410	46.2	329	164	5	14	340	17	334	4.55e-98	296
KDHFCO_05750	HNNKEJ_07210	44.5	346	178	6	1	340	1	338	5.55e-94	286
KDHFCO_05750	AGKMKK_06515	43.2	347	188	6	2	343	5	347	3.05e-90	276
KDHFCO_05750	JAFLJO_01305	42.6	345	185	6	2	344	5	338	5.18e-89	273
KDHFCO_05750	IAFHMK_09975	42.2	351	195	5	1	344	1	350	2.61e-86	266
KDHFCO_05750	NOKDAP_12550	40.5	336	197	3	11	344	19	353	2.34e-85	263
KDHFCO_05750	FMBBOG_09955	41.9	341	191	5	3	339	9	346	3.13e-84	261
KDHFCO_05750	IAFHMK_05655	42.7	344	180	8	2	339	5	337	4.56e-84	260
KDHFCO_05750	CDIIGJ_08210	42.4	330	178	6	18	344	19	339	8.60e-83	257
KDHFCO_05750	ACPHPF_12520	38.4	344	207	4	3	344	14	354	1.73e-79	248
KDHFCO_05750	ADJCAM_01310	39.7	340	190	7	2	336	21	350	3.66e-79	248
KDHFCO_05750	BPDDPD_01530	39.2	334	199	4	13	344	1	332	2.21e-78	245
KDHFCO_05750	HIJKML_11900	37.2	341	208	4	6	344	17	353	3.13e-74	235
KDHFCO_05750	BACFJJ_05360	37.1	348	214	3	1	344	1	347	8.06e-74	233
KDHFCO_05750	IAFHMK_05340	36.5	345	205	6	2	343	5	338	3.26e-73	233
KDHFCO_05750	DDDLLA_03665	37.4	340	210	3	1	337	1	340	2.46e-67	217
KDHFCO_05750	PAGFJI_07170	95.5	111	5	0	176	286	1	111	1.47e-65	204
KDHFCO_05750	EEJBJI_03300	32.3	347	195	6	12	344	11	331	6.31e-57	189
KDHFCO_05750	HEBBGL_10610	34.1	320	204	4	1	317	1	316	4.73e-53	179
KDHFCO_05755	ABCLFC_08035	98.8	242	3	0	1	242	1	242	7.93e-178	487
KDHFCO_05755	CNLKLD_01970	68.4	237	75	0	1	237	1	237	8.56e-123	348
KDHFCO_05755	AANGNE_04000	66.9	239	77	1	1	237	1	239	7.25e-115	328
KDHFCO_05755	HNNKEJ_03170	60.7	242	94	1	1	241	1	242	2.13e-111	319
KDHFCO_05755	AAKGEC_05395	56.1	230	101	0	6	235	3	232	5.42e-94	275
KDHFCO_05755	AEMMAL_03055	48.9	231	118	0	7	237	4	234	2.80e-86	255
KDHFCO_05755	AGINCK_05445	53.4	221	103	0	10	230	8	228	5.58e-85	252
KDHFCO_05755	LBKFJK_08880	33.6	277	137	4	6	235	2	278	3.78e-49	162
KDHFCO_05755	MEFLAG_06700	36.7	275	128	6	6	235	7	280	1.24e-47	158
KDHFCO_05760	ABCLFC_08030	99.0	525	5	0	1	525	1	525	0.0	1020
KDHFCO_05760	BGHOFK_02690	31.2	446	248	8	1	387	1	446	1.27e-57	201
KDHFCO_05765	JEKAEJ_08275	76.5	497	112	2	12	504	4	499	1.55e-283	776
KDHFCO_05765	IAFHMK_00410	63.6	495	179	1	11	504	2	496	1.11e-233	650
KDHFCO_05765	AKPIPJ_05910	80.4	377	74	0	13	389	6	382	8.23e-233	644
KDHFCO_05765	CEFFBK_03620	82.2	242	43	0	13	254	6	247	1.40e-147	422
KDHFCO_05765	PHNKGJ_02310	36.2	492	294	4	9	500	5	476	1.60e-107	328
KDHFCO_05765	JIGPNC_03500	36.1	440	271	4	11	450	3	432	2.35e-98	304
KDHFCO_05765	BFGFFC_06460	86.4	132	18	0	13	144	6	137	6.18e-79	242
KDHFCO_05770	BGLHNG_02010	85.9	177	25	0	1	177	20	196	2.40e-108	307
KDHFCO_05775	CGMKCF_01800	87.9	265	28	1	1	261	1	265	1.85e-166	460
KDHFCO_05775	HNNKEJ_03205	66.0	247	84	0	1	247	1	247	2.02e-116	333
KDHFCO_05775	CDIIGJ_00770	68.9	251	70	3	1	247	1	247	3.07e-116	333
KDHFCO_05775	BGHOFK_00815	64.0	261	94	0	1	261	1	261	1.30e-114	329
KDHFCO_05775	OOHPIC_07000	55.7	246	104	4	1	243	1	244	1.40e-80	243
KDHFCO_05775	BNBIEO_05760	52.4	246	112	4	1	243	1	244	2.25e-77	234
KDHFCO_05775	DNKGCI_01845	50.4	244	119	2	1	243	1	243	2.99e-77	234
KDHFCO_05775	DDDLLA_00200	47.9	265	132	4	1	261	1	263	2.67e-75	229
KDHFCO_05775	LBKFJK_03990	45.5	244	132	1	1	243	1	244	1.35e-65	204
KDHFCO_05780	ABCLFC_08010	98.4	383	6	0	1	383	1	383	4.93e-277	750
KDHFCO_05780	BGHOFK_00820	71.5	383	105	2	1	383	1	379	1.43e-199	554
KDHFCO_05780	DBFGIH_06285	63.4	383	122	2	1	383	1	365	2.40e-178	499
KDHFCO_05780	DNKGCI_01850	63.5	386	135	3	1	383	1	383	5.30e-177	497
KDHFCO_05780	LBKFJK_03995	64.2	383	126	4	1	383	1	372	2.39e-175	492
KDHFCO_05780	OFBCLB_07095	59.2	385	136	3	1	383	18	383	5.34e-165	466
KDHFCO_05785	DBFGIH_06280	75.9	410	92	2	7	409	1	410	1.05e-227	627
KDHFCO_05785	DNKGCI_01855	71.3	428	96	3	7	408	1	427	3.36e-214	594
KDHFCO_05785	ACPHPF_05810	98.8	172	2	0	238	409	1	172	1.75e-118	341
KDHFCO_05790	HMJMNM_06755	90.9	450	41	0	1	450	1	450	1.58e-276	755
KDHFCO_05790	BGHOFK_09550	74.2	449	116	0	1	449	1	449	1.39e-221	615
KDHFCO_05790	KCPOOK_06475	73.2	209	56	0	241	449	3	211	2.20e-94	283
KDHFCO_05790	FPMMJC_02090	39.3	438	249	7	9	432	14	448	3.92e-86	271
KDHFCO_05790	AAKGEC_09050	39.1	399	236	4	12	405	21	417	5.72e-75	241
KDHFCO_05790	DNKGCI_09275	35.9	429	261	5	12	435	13	432	4.10e-72	234
KDHFCO_05790	ANFPEE_10465	37.4	414	245	6	13	415	18	428	1.78e-62	209
KDHFCO_05790	CNLKLD_01205	28.9	412	277	5	1	402	1	406	1.82e-43	158
KDHFCO_05795	AAKGEC_09690	89.3	262	28	0	1	262	1	262	1.97e-172	475
KDHFCO_05795	HNNKEJ_03230	73.7	262	69	0	1	262	1	262	2.01e-142	399
KDHFCO_05795	DDDLLA_00180	68.8	263	78	1	4	262	4	266	4.93e-130	368
KDHFCO_05795	DNKGCI_01860	67.3	266	83	1	1	262	33	298	2.14e-129	368
KDHFCO_05795	AANGNE_06725	67.7	254	82	0	4	257	3	256	1.95e-128	364
KDHFCO_05795	LBKFJK_04005	66.9	263	83	1	4	262	4	266	2.10e-124	354
KDHFCO_05795	CNLKLD_06530	61.5	260	98	2	4	262	4	262	1.25e-110	319
KDHFCO_05795	IAFHMK_05435	59.7	263	105	1	1	262	1	263	1.29e-110	319
KDHFCO_05800	ABCBPP_07380	94.5	311	17	0	1	311	11	321	5.07e-211	577
KDHFCO_05805	EHLNLG_01645	97.9	237	5	0	1	237	1	237	6.91e-166	457
KDHFCO_05805	CNLKLD_06515	73.3	236	60	1	1	236	1	233	1.96e-118	337
KDHFCO_05805	AANGNE_06715	69.9	236	71	0	1	236	1	236	2.07e-116	332
KDHFCO_05805	DDDLLA_00165	70.8	236	69	0	2	237	3	238	2.04e-114	327
KDHFCO_05805	LBKFJK_04015	65.8	237	81	0	1	237	1	237	4.27e-106	305
KDHFCO_05805	MDKGKD_00500	67.0	200	59	1	37	236	1	193	3.17e-91	266
KDHFCO_05810	ABCLFC_07910	96.7	152	5	0	1	152	1	152	4.95e-96	273
KDHFCO_05810	ANFPEE_01535	58.6	152	59	1	1	148	1	152	5.30e-52	163
KDHFCO_05810	CNLKLD_06510	56.3	151	63	2	1	149	1	150	5.95e-49	154
KDHFCO_05815	FIHDIM_08635	98.3	238	4	0	1	238	1	238	3.04e-165	455
KDHFCO_05820	AAKGEC_09715	98.1	319	6	0	1	319	1	319	6.91e-222	605
KDHFCO_05820	LBKFJK_04040	69.0	319	99	0	1	319	1	319	6.67e-160	448
KDHFCO_05820	DNKGCI_01905	69.3	319	98	0	1	319	1	319	4.47e-158	444
KDHFCO_05820	AANGNE_06705	67.7	319	103	0	1	319	1	319	2.83e-154	434
KDHFCO_05820	ABCLFC_01100	36.1	321	195	3	7	317	15	335	2.58e-64	206
KDHFCO_05820	CNLKLD_03435	35.5	327	194	4	5	317	2	325	7.73e-64	204
KDHFCO_05820	DDDLLA_04250	35.5	324	197	3	6	317	3	326	6.27e-63	202
KDHFCO_05820	IAFHMK_09995	34.6	321	200	4	7	317	4	324	8.37e-63	201
KDHFCO_05825	AAKGEC_09720	96.6	176	6	0	1	176	1	176	2.63e-114	321
KDHFCO_05825	CNLKLD_06495	64.0	172	62	0	4	175	3	174	6.05e-74	219
KDHFCO_05830	AAKGEC_09725	88.1	135	16	0	1	135	1	135	2.57e-83	239
KDHFCO_05830	HNNKEJ_03295	66.9	133	44	0	1	133	1	133	8.77e-59	177
KDHFCO_05830	IAFHMK_05365	66.9	124	41	0	10	133	3	126	8.17e-58	175
KDHFCO_05830	AANGNE_06695	64.5	124	44	0	10	133	6	129	1.16e-53	164
KDHFCO_05835	IAFHMK_05335	88.2	297	34	1	8	303	4	300	2.01e-186	514
KDHFCO_05840	ABCLFC_07880	100	342	0	0	1	342	1	342	7.69e-242	657
KDHFCO_05845	CGMKCF_01940	94.7	208	11	0	1	208	1	208	3.54e-133	372
KDHFCO_05845	IAFHMK_05320	74.1	201	46	2	7	207	6	200	4.51e-99	285
KDHFCO_05845	DNKGCI_01930	67.5	191	58	1	17	207	14	200	5.17e-84	247
KDHFCO_05845	AANGNE_06635	61.7	201	68	3	7	207	1	192	1.14e-71	215
KDHFCO_05845	CNLKLD_06945	56.9	188	75	1	17	204	6	187	4.53e-66	201
KDHFCO_05850	AANGNE_06630	83.1	390	65	1	1	389	1	390	3.51e-212	587
KDHFCO_05850	CNLKLD_00405	53.5	342	157	2	45	386	11	350	7.42e-114	336
KDHFCO_05850	LMNJGA_05520	100	99	0	0	1	99	1	99	1.91e-54	174
KDHFCO_05855	AAKGEC_09750	97.9	382	8	0	1	382	1	382	3.49e-281	760
KDHFCO_05855	AANGNE_06625	70.2	383	113	1	1	382	1	383	4.51e-192	535
KDHFCO_05855	LBKFJK_09080	62.4	380	142	1	1	379	1	380	2.31e-170	480
KDHFCO_05855	ACDDAG_00885	61.7	379	143	2	1	378	1	378	6.45e-168	474
KDHFCO_05855	CNLKLD_02150	58.6	379	155	2	1	378	1	378	9.80e-155	440
KDHFCO_05860	AANGNE_06620	90.6	339	32	0	1	339	1	339	1.99e-216	593
KDHFCO_05860	DDDLLA_00580	35.9	326	171	6	1	292	1	322	2.71e-54	181
KDHFCO_05860	DNKGCI_01415	34.5	316	175	6	1	285	1	315	3.96e-49	167
KDHFCO_05865	IAFHMK_05300	80.5	503	95	2	1	502	1	501	1.29e-286	784
KDHFCO_05870	AANGNE_06610	83.6	323	52	1	4	325	3	325	6.55e-191	527
KDHFCO_05870	LCKANC_05155	100	167	0	0	159	325	1	167	7.22e-113	323
KDHFCO_05870	AANGNE_00875	46.2	305	163	1	7	310	6	310	6.95e-95	283
KDHFCO_05870	CNLKLD_01560	44.2	310	168	2	3	307	2	311	7.00e-88	266
KDHFCO_05870	IAFHMK_06925	46.1	306	155	6	7	307	6	306	4.39e-85	258
KDHFCO_05870	BGHOFK_03765	41.6	310	176	2	7	311	6	315	2.33e-81	249
KDHFCO_05870	DDDLLA_03935	43.1	311	168	3	8	311	3	311	2.13e-80	246
KDHFCO_05870	FAKCMI_10230	45.7	208	105	2	7	206	6	213	1.27e-63	201
KDHFCO_05870	AANGNE_02105	34.5	278	172	5	7	282	2	271	2.99e-44	153
KDHFCO_05875	AAKGEC_09770	99.1	317	3	0	1	317	1	317	1.39e-220	602
KDHFCO_05880	CNLKLD_07410	74.7	356	89	1	1	355	1	356	2.98e-186	519
KDHFCO_05880	DFCDFN_05380	76.6	354	82	1	1	353	1	354	1.04e-182	509
KDHFCO_05885	AANGNE_06590	86.2	506	70	0	1	506	1	506	5.93e-316	859
KDHFCO_05885	CEHAJH_01150	66.3	246	83	0	261	506	1	246	5.22e-111	329
KDHFCO_05885	AAKGEC_02300	37.8	497	300	3	7	502	3	491	1.84e-109	333
KDHFCO_05885	DDDLLA_07200	35.5	504	311	8	3	495	2	502	2.37e-90	285
KDHFCO_05885	DFCDFN_05355	34.5	502	317	6	4	495	8	507	1.41e-86	275
KDHFCO_05890	ABIMCM_09840	87.8	271	33	0	1	271	1	271	6.20e-172	475
KDHFCO_05890	BGHOFK_00920	73.1	271	73	0	1	271	1	271	7.17e-145	406
KDHFCO_05890	HNNKEJ_03415	71.5	270	77	0	1	270	3	272	3.24e-144	405
KDHFCO_05890	CDIIGJ_00885	73.0	270	73	0	1	270	1	270	3.94e-142	399
KDHFCO_05890	DNKGCI_01985	65.4	272	91	2	1	270	1	271	2.18e-123	352
KDHFCO_05890	LBKFJK_04120	61.9	268	99	1	5	269	5	272	4.43e-117	336
KDHFCO_05890	DDDLLA_00035	61.3	274	101	2	1	270	1	273	2.46e-116	334
KDHFCO_05890	IAFHMK_05210	59.0	271	105	4	3	267	4	274	4.65e-109	316
KDHFCO_05895	DNKGCI_01990	79.1	540	111	2	1	538	1	540	5.61e-303	829
KDHFCO_05895	EIIOFH_06730	92.8	345	25	0	1	345	1	345	5.34e-224	621
KDHFCO_05900	JIBFFE_03710	85.0	140	21	0	1	140	1	140	7.79e-82	237
KDHFCO_05900	HNNKEJ_03425	70.1	147	44	0	1	147	1	147	1.37e-70	208
KDHFCO_05900	BGHOFK_00930	67.1	143	47	0	1	143	1	143	5.03e-69	204
KDHFCO_05900	CDIIGJ_00895	68.0	147	47	0	1	147	1	147	2.16e-67	200
KDHFCO_05900	IAFHMK_05200	58.7	143	59	0	1	143	1	143	4.14e-55	169
KDHFCO_05900	LBKFJK_04145	54.4	147	67	0	1	147	1	147	4.52e-52	162
KDHFCO_05900	CNLKLD_06245	51.0	147	72	0	1	147	1	147	5.84e-52	161
KDHFCO_05905	PLIDEH_06590	84.5	1815	102	3	1	1635	1	1815	0.0	2637
KDHFCO_05905	ADJCAM_01395	65.5	1818	439	14	1	1634	1	1813	0.0	1929
KDHFCO_05905	ABNNBP_06480	73.1	1635	0	2	1	1635	1	1196	0.0	1927
KDHFCO_05905	NGDFHG_02355	65.8	992	259	2	222	1212	1	913	0.0	1060
KDHFCO_05905	KEKJLN_09155	72.3	689	131	1	1	689	1	629	8.92e-288	840
KDHFCO_05905	CDIIGJ_00900	48.8	1190	441	11	17	1203	16	1040	3.25e-278	828
KDHFCO_05905	ACIHME_12925	67.7	682	218	2	1	680	1	682	5.00e-265	780
KDHFCO_05905	LBLLFD_02440	44.1	1312	446	13	12	1305	11	1052	1.58e-262	789
KDHFCO_05905	DBFGIH_09665	39.8	1405	707	40	18	1317	17	1387	1.20e-207	653
KDHFCO_05905	FMNMPI_04215	32.9	1103	359	16	137	1203	3	760	7.39e-116	386
KDHFCO_05905	GMJOLA_06050	32.9	1242	566	22	176	1305	35	1120	1.27e-110	382
KDHFCO_05905	LEJDNH_07675	34.9	697	312	15	18	676	17	609	3.57e-81	280
KDHFCO_05910	AAKGEC_01385	82.3	124	22	0	1	124	16	139	6.93e-70	205
KDHFCO_05910	LCBNOF_12525	70.2	121	36	0	1	121	16	136	1.77e-57	174
KDHFCO_05910	HNNKEJ_03450	63.4	123	43	1	2	124	17	137	6.55e-50	155
KDHFCO_05915	AAKGEC_01390	90.7	312	29	0	1	312	1	312	4.05e-206	565
KDHFCO_05915	BNBIEO_02645	60.7	313	122	1	1	312	1	313	4.12e-134	382
KDHFCO_05920	AAKGEC_01395	75.9	390	94	0	1	390	1	390	3.40e-221	609
KDHFCO_05920	CDIIGJ_01320	63.3	392	142	2	1	390	1	392	1.04e-178	502
KDHFCO_05920	CMOKEC_04815	64.7	391	136	2	1	390	4	393	1.99e-176	496
KDHFCO_05920	LBKFJK_09760	62.1	391	147	1	1	390	1	391	2.43e-172	486
KDHFCO_05925	ABCLFC_07790	96.7	1046	34	0	1	1046	1	1046	0.0	1859
KDHFCO_05925	GMJIIH_08665	59.9	1050	417	1	1	1046	1	1050	0.0	1106
KDHFCO_05925	ACNHAK_09475	43.7	1059	561	10	1	1042	1	1041	6.38e-243	715
KDHFCO_05925	CDIIGJ_01325	42.8	1060	571	12	1	1044	1	1041	4.36e-230	682
KDHFCO_05925	LBKFJK_09755	42.5	1054	576	13	1	1041	1	1037	1.41e-224	667
KDHFCO_05925	EIKFFD_00380	40.8	1042	616	1	1	1042	1	1041	6.12e-224	666
KDHFCO_05935	LLNOII_02215	82.1	134	24	0	1	134	1	134	3.10e-82	237
KDHFCO_05935	JAPIMJ_02515	74.7	91	23	0	40	130	1	91	7.02e-50	154
KDHFCO_05940	AAKGEC_01415	78.1	237	52	0	1	237	1	237	4.03e-132	371
KDHFCO_05940	BGHOFK_00500	68.8	237	74	0	1	237	1	237	6.88e-115	328
KDHFCO_05940	AANGNE_07575	53.8	234	107	1	1	233	1	234	1.00e-79	239
KDHFCO_05940	BNPKDP_06960	98.1	106	2	0	1	106	1	106	1.74e-68	205
KDHFCO_05945	LOKICG_06475	98.9	278	3	0	1	278	1	278	1.31e-175	485
KDHFCO_05945	LCBNOF_02595	66.7	279	19	1	1	279	1	205	7.87e-108	310
KDHFCO_05945	AGDPFD_09495	51.5	260	126	0	15	274	18	277	2.38e-78	238
KDHFCO_05950	ABNNBP_06525	100	315	0	0	1	315	1	315	3.47e-229	623
KDHFCO_05950	DHALJH_06700	72.3	303	84	0	13	315	1	303	1.87e-162	454
KDHFCO_05950	BNBIEO_01610	50.0	312	151	3	4	315	2	308	6.96e-106	311
KDHFCO_05950	NMHJIK_01220	73.2	190	49	1	1	190	1	188	2.05e-98	287
KDHFCO_05955	ABNNBP_06530	97.6	288	7	0	1	288	1	288	3.37e-128	365
KDHFCO_05955	BPDDPD_00110	56.3	288	109	3	1	288	1	271	2.05e-63	200
KDHFCO_05960	ABNNBP_06535	99.8	418	1	0	1	418	1	418	1.54e-300	812
KDHFCO_05960	DDDLLA_01070	77.2	355	81	0	1	355	1	355	1.09e-200	559
KDHFCO_05960	BOCCFK_00170	55.5	357	159	0	1	357	1	357	1.42e-146	421
KDHFCO_05960	CMOKEC_00375	54.8	374	165	1	1	370	1	374	6.36e-146	419
KDHFCO_05960	JAFLJO_01315	57.5	358	152	0	1	358	1	358	4.40e-142	410
KDHFCO_05960	HNNKEJ_05705	51.4	356	167	3	3	356	4	355	3.39e-125	367
KDHFCO_05960	HNNKEJ_07195	54.8	336	146	1	75	410	1	330	2.39e-118	347
KDHFCO_05960	OFBCLB_09515	76.9	186	43	0	170	355	1	186	4.13e-100	297
KDHFCO_05960	HNNJHH_07785	61.8	204	60	5	224	418	105	299	1.30e-72	229
KDHFCO_05965	ABNNBP_06540	100	107	0	0	1	107	1	107	1.54e-73	213
KDHFCO_05970	BAFDFF_09595	99.7	391	1	0	1	391	1	391	1.93e-286	775
KDHFCO_05970	GIODPP_08930	52.3	390	183	2	1	390	1	387	1.14e-140	405
KDHFCO_05970	BPPLAM_03680	50.6	389	192	0	1	389	1	389	1.61e-137	397
KDHFCO_05970	FMBBOG_10550	52.5	356	168	1	34	389	1	355	3.87e-131	380
KDHFCO_05970	BJNLFJ_00015	51.8	357	172	0	1	357	1	357	9.67e-130	377
KDHFCO_05970	DANMKC_05690	100	125	0	0	75	199	127	251	8.87e-83	253
KDHFCO_05970	ABCBPP_12920	47.6	254	133	0	137	390	1	254	8.56e-76	235
KDHFCO_05980	FHONGL_06100	100	171	0	0	1	171	1	171	4.81e-119	333
KDHFCO_05980	FIHDIM_08480	97.5	158	4	0	1	158	1	158	9.05e-106	303
KDHFCO_05985	AHPAPB_10090	98.9	279	3	0	1	279	22	300	2.87e-199	545
KDHFCO_05985	ACPHPF_04690	58.0	276	115	1	1	275	6	281	6.88e-109	316
KDHFCO_05985	BEGLKA_08720	97.5	157	4	0	1	157	92	248	8.47e-102	297
KDHFCO_05985	MHGLEN_14025	98.1	156	3	0	1	156	1	156	6.05e-101	297
KDHFCO_05985	FAAIHB_09795	48.3	267	135	2	14	277	1	267	6.56e-78	237
KDHFCO_05985	ABJDJH_12790	44.5	272	147	3	11	278	10	281	2.02e-71	221
KDHFCO_05985	JOBCMP_04985	45.6	270	139	5	12	276	11	277	1.58e-69	216
KDHFCO_05985	OOBKJG_03060	98.2	110	2	0	1	110	1	110	1.68e-66	204
KDHFCO_05985	GLOJGG_04620	71.4	133	15	1	144	276	1	110	1.28e-57	179
KDHFCO_05985	BGHOFK_10420	53.0	168	76	2	111	275	44	211	1.81e-56	180
KDHFCO_05985	BDNBEJ_04175	90.1	91	9	0	84	174	41	131	8.68e-52	166
KDHFCO_05985	OMDMHF_02850	38.1	268	157	5	17	275	3	270	2.92e-49	164
KDHFCO_05985	OBFACL_08170	37.7	265	162	2	10	271	7	271	3.42e-49	164
KDHFCO_05985	ACPHPF_00235	38.4	279	0	1	1	279	1	107	1.08e-46	151
KDHFCO_05985	OMDMHF_02875	37.3	260	155	5	10	266	1	255	3.12e-45	152
KDHFCO_05990	KABOBF_01505	88.3	94	3	1	1	86	1	94	1.10e-49	151
KDHFCO_05995	FHONGL_06115	100	116	0	0	1	116	1	116	4.25e-82	235
KDHFCO_05995	FIHDIM_08480	99.1	116	1	0	1	116	159	274	2.18e-79	234
KDHFCO_06000	AAKGEC_01475	93.2	103	7	0	1	103	1	103	2.65e-63	187
KDHFCO_06005	CFBGPF_08765	99.8	567	1	0	1	567	1	567	0.0	904
KDHFCO_06005	FMBBOG_08570	57.7	572	236	3	1	567	1	571	2.98e-181	522
KDHFCO_06005	KCGGLB_01625	73.4	414	106	3	155	567	1	411	8.12e-151	439
KDHFCO_06005	FMBBOG_08575	34.0	453	266	10	95	524	238	680	2.89e-60	212
KDHFCO_06005	CNLKLD_02830	29.0	487	321	9	5	474	2	480	2.90e-47	173
KDHFCO_06005	AAKGEC_01190	90.6	139	13	0	429	567	78	216	3.39e-42	150
KDHFCO_06010	AAKGEC_01485	81.8	318	58	0	1	318	1	318	3.67e-189	522
KDHFCO_06010	BGHOFK_10015	64.3	314	112	0	4	317	4	317	4.56e-147	416
KDHFCO_06015	AAKGEC_01490	87.3	260	33	0	1	260	1	260	1.27e-167	463
KDHFCO_06015	BGHOFK_10020	69.6	260	79	0	1	260	1	260	8.65e-136	382
KDHFCO_06015	AANGNE_05060	41.2	260	143	6	5	257	3	259	5.42e-55	177
KDHFCO_06020	ABJDJH_04925	86.4	470	64	0	1	470	1	470	2.76e-302	821
KDHFCO_06020	BGHOFK_10030	67.0	464	153	0	1	464	1	464	1.91e-230	639
KDHFCO_06020	DHALJH_09770	53.5	471	217	2	1	470	1	470	1.68e-182	518
KDHFCO_06025	HMEOOC_06595	86.7	630	10	1	1	556	1	630	0.0	1026
KDHFCO_06025	EHLNLG_00845	67.5	283	92	0	141	423	3	285	1.74e-132	389
KDHFCO_06025	HMJMNM_06010	40.0	425	191	11	171	543	1212	1624	1.13e-71	249
KDHFCO_06025	JNMKIO_04705	52.7	260	114	2	296	549	420	676	9.23e-71	239
KDHFCO_06025	ABNNBP_07120	49.5	279	118	6	296	554	681	956	6.01e-69	239
KDHFCO_06025	HNAFAL_01530	55.3	228	92	4	274	491	458	685	7.20e-68	233
KDHFCO_06025	GHPLOC_08360	45.3	318	135	9	191	494	262	554	2.13e-65	228
KDHFCO_06025	GHPLOC_08225	55.6	205	83	3	296	494	196	398	4.74e-62	211
KDHFCO_06025	FPMMJC_06645	39.7	380	172	11	154	494	406	767	1.23e-61	218
KDHFCO_06025	AOJAFJ_00355	49.0	241	118	4	253	490	435	673	7.11e-61	215
KDHFCO_06025	HJMHNM_09020	43.3	282	143	6	224	490	391	670	1.24e-56	203
KDHFCO_06025	PGBAFI_01895	45.5	255	116	6	257	494	262	510	4.21e-55	197
KDHFCO_06025	EHLNLG_00840	73.6	121	32	0	28	148	1	121	4.54e-52	173
KDHFCO_06025	LFLIBM_05670	63.6	143	51	1	352	494	410	551	1.45e-49	182
KDHFCO_06025	FMBBOG_08845	53.3	165	71	2	335	493	50	214	8.16e-47	165
KDHFCO_06025	AGKMKK_09380	44.7	244	127	5	310	553	1095	1330	2.38e-45	171
KDHFCO_06025	AEMMAL_05265	43.2	250	118	8	310	541	519	762	7.76e-45	169
KDHFCO_06025	KDEKFF_00230	55.6	144	64	0	276	419	64	207	9.42e-45	159
KDHFCO_06025	BAFONJ_00075	45.8	225	107	7	276	490	432	651	3.21e-44	167
KDHFCO_06025	BEIADI_02345	45.8	225	107	7	276	490	594	813	4.92e-44	167
KDHFCO_06025	ANILPM_05960	45.8	225	107	7	276	490	583	802	1.18e-43	166
KDHFCO_06025	GHPLOC_08535	54.3	151	67	2	340	490	337	485	8.97e-43	161
KDHFCO_06025	MKNJHE_04520	56.2	146	62	2	346	491	814	957	1.15e-41	160
KDHFCO_06025	LPLJMN_10795	56.3	158	58	2	344	491	161	317	1.36e-40	154
KDHFCO_06025	CCDPJE_06640	54.8	146	64	2	346	491	1052	1195	1.07e-39	154
KDHFCO_06030	KBLLAJ_09090	75.3	194	47	1	1	193	1	194	1.65e-105	300
KDHFCO_06035	ABCLFC_13130	76.4	628	148	0	1	628	1	628	0.0	958
KDHFCO_06040	ANIMCG_03315	97.6	123	3	0	1	123	1	123	2.20e-83	239
KDHFCO_06040	CDIIGJ_01315	70.6	119	35	0	1	119	1	119	3.44e-57	172
KDHFCO_06045	ABNNBP_06570	100	108	0	0	1	108	1	108	6.01e-76	219
KDHFCO_06050	ABNNBP_06575	100	120	0	0	1	120	1	120	7.80e-89	252
KDHFCO_06050	BJLDLK_03755	98.3	120	2	0	1	120	1	120	3.70e-86	248
KDHFCO_06050	CGMKCF_02095	63.2	117	43	0	1	117	1	117	1.05e-54	168
KDHFCO_06050	HNNKEJ_03095	63.3	120	44	0	1	120	1	120	5.61e-53	164
KDHFCO_06055	HMJMNM_06480	96.1	336	7	1	1	336	1	330	4.82e-236	642
KDHFCO_06055	ABCLFC_13150	51.5	340	154	4	7	336	7	345	7.30e-117	341
KDHFCO_06060	BJLDLK_03650	97.5	157	4	0	1	157	1	157	1.00e-105	314
KDHFCO_06060	AMFMEJ_03615	80.3	157	31	0	1	157	1	157	4.64e-86	263
KDHFCO_06060	FHIFIE_01970	80.3	157	31	0	1	157	1	157	1.23e-85	266
KDHFCO_06060	HNNKEJ_02315	56.7	157	68	0	1	157	1	157	1.26e-55	183
KDHFCO_06060	CDIIGJ_02195	54.1	157	72	0	1	157	1	157	5.11e-54	179
KDHFCO_06065	BJLDLK_03650	96.7	452	15	0	1	452	171	622	0.0	897
KDHFCO_06065	CDIIGJ_02195	51.7	449	212	4	1	444	171	619	2.49e-163	474
KDHFCO_06065	HNNKEJ_02315	50.4	446	218	3	1	444	171	615	1.28e-154	451
KDHFCO_06065	AMFMEJ_03615	46.9	448	232	5	1	444	171	616	3.80e-140	414
KDHFCO_06065	FHIFIE_01970	81.2	223	42	0	1	223	171	393	9.99e-128	388
KDHFCO_06070	CDIIGJ_00675	78.5	432	91	2	6	435	3	434	5.11e-250	686
KDHFCO_06070	AAKGEC_01605	74.4	434	111	0	1	434	1	434	6.20e-242	665
KDHFCO_06070	FGPNLL_07525	98.0	306	6	0	1	306	1	306	5.09e-214	590
KDHFCO_06070	IAFHMK_05285	60.3	433	157	4	13	435	7	434	2.74e-181	512
KDHFCO_06070	NBOKNL_07950	99.0	200	2	0	236	435	1	200	1.50e-142	404
KDHFCO_06070	FGPNLL_07520	100	105	0	0	331	435	1	105	2.80e-69	214
KDHFCO_06075	ABNNBP_06725	99.7	319	1	0	1	319	1	319	3.07e-225	613
KDHFCO_06075	AAKGEC_01610	73.8	320	77	3	1	319	1	314	1.38e-167	468
KDHFCO_06080	ABCLFC_07730	99.3	284	2	0	1	284	1	284	5.12e-195	534
KDHFCO_06080	AAKGEC_01615	74.5	282	72	0	3	284	4	285	1.53e-148	417
KDHFCO_06080	PIIHIC_00050	74.8	282	71	0	3	284	4	285	8.88e-144	418
KDHFCO_06085	BCGFPE_05875	87.2	298	38	0	1	298	9	306	8.31e-199	548
KDHFCO_06085	PIIHIC_00050	85.6	298	43	0	1	298	287	584	1.84e-191	540
KDHFCO_06090	BNPKDP_06905	94.2	208	11	1	1	208	1	207	6.83e-146	404
KDHFCO_06090	CDIIGJ_00700	69.8	205	62	0	1	205	1	205	6.87e-102	292
KDHFCO_06090	HNNKEJ_03125	63.4	205	75	0	1	205	16	220	2.05e-95	276
KDHFCO_06090	IAFHMK_05270	64.5	203	72	0	3	205	4	206	1.05e-93	272
KDHFCO_06090	GHCKID_03380	75.2	125	31	0	1	125	1	125	1.19e-70	210
KDHFCO_06095	LMHNOH_02535	87.5	664	83	0	1	664	1	664	0.0	1216
KDHFCO_06095	CDIIGJ_02170	73.8	661	173	0	3	663	2	662	0.0	1054
KDHFCO_06095	FHIFIE_01970	87.3	411	52	0	254	664	393	803	3.68e-273	769
KDHFCO_06100	BDMBBJ_03275	82.0	572	102	1	1	572	1	571	0.0	926
KDHFCO_06100	CNOINH_00825	47.2	587	252	7	35	571	72	650	1.44e-173	509
KDHFCO_06105	AAKGEC_01665	86.1	460	64	0	1	460	1	460	3.60e-298	810
KDHFCO_06105	BGHOFK_03970	54.0	439	201	1	13	451	10	447	2.08e-176	501
KDHFCO_06105	AANGNE_04960	53.8	450	207	1	9	458	6	454	9.34e-175	497
KDHFCO_06110	AAKGEC_01670	95.3	253	12	0	1	253	1	253	3.38e-164	454
KDHFCO_06115	ABCLFC_07685	94.9	334	17	0	1	334	1	334	4.56e-222	609
KDHFCO_06120	AAKGEC_01680	93.9	181	11	0	1	181	1	181	2.62e-121	339
KDHFCO_06125	AANGNE_05290	80.9	277	53	0	1	277	3	279	7.56e-167	463
KDHFCO_06130	ABCLFC_07670	98.1	260	5	0	1	260	1	260	1.06e-173	478
KDHFCO_06130	BGHOFK_01010	74.8	254	64	0	6	259	3	256	2.09e-131	371
KDHFCO_06130	IAFHMK_06725	74.2	252	65	0	7	258	3	254	2.46e-125	356
KDHFCO_06130	DNKGCI_11285	69.4	252	77	0	6	257	3	254	1.06e-117	337
KDHFCO_06130	LBKFJK_01965	67.6	253	82	0	6	258	3	255	7.87e-116	332
KDHFCO_06130	COBKPA_00070	67.6	256	79	2	6	260	2	254	4.58e-114	327
KDHFCO_06130	CNLKLD_06895	66.5	251	84	0	7	257	19	269	2.42e-109	316
KDHFCO_06130	DDDLLA_10880	65.7	251	86	0	6	256	3	253	5.94e-107	309
KDHFCO_06135	ABCLFC_07605	96.4	275	10	0	1	275	1	275	4.16e-188	517
KDHFCO_06135	AAOIOD_01895	72.2	273	76	0	1	273	1	273	2.78e-144	405
KDHFCO_06135	CHBPFB_09075	42.1	271	157	0	2	272	3	273	1.82e-74	228
KDHFCO_06135	BGHOFK_02665	39.7	272	164	0	2	273	3	274	2.07e-73	225
KDHFCO_06135	AAKGEC_08810	40.4	275	164	0	2	276	3	277	1.83e-72	223
KDHFCO_06135	EIKFFD_00500	41.4	273	159	1	2	274	3	274	2.96e-68	212
KDHFCO_06135	IAFHMK_08125	39.6	268	162	0	2	269	3	270	3.45e-67	209
KDHFCO_06135	ABJDJH_06550	40.1	262	157	0	3	264	4	265	4.13e-65	205
KDHFCO_06135	FPMMJC_13740	38.2	267	164	1	5	270	6	272	1.00e-63	201
KDHFCO_06135	DNKGCI_05570	39.6	265	159	1	3	267	6	269	6.38e-62	196
KDHFCO_06135	DNKGCI_05755	36.9	268	168	1	1	268	2	268	6.08e-59	188
KDHFCO_06135	NNPKJK_13575	37.5	272	168	1	3	272	4	275	7.45e-59	188
KDHFCO_06135	AAKGEC_12835	37.9	272	166	2	2	272	3	272	1.02e-57	185
KDHFCO_06135	BEJELC_07700	37.9	269	167	0	4	272	4	272	4.07e-57	184
KDHFCO_06135	CNLKLD_01190	37.3	268	168	0	5	272	4	271	5.13e-57	183
KDHFCO_06135	HNNKEJ_11425	35.3	272	175	1	2	273	3	273	1.97e-54	177
KDHFCO_06135	ABJDJH_12310	35.2	267	172	1	1	267	11	276	1.65e-48	162
KDHFCO_06135	GNPDOB_01730	33.8	263	174	0	3	265	4	266	2.19e-47	159
KDHFCO_06135	HNNKEJ_04685	31.9	270	183	1	1	270	2	270	1.01e-46	157
KDHFCO_06135	CCDPJE_02970	34.1	261	169	3	4	263	8	266	2.98e-46	155
KDHFCO_06135	NNPKJK_13475	35.8	279	153	4	4	270	6	270	2.59e-45	153
KDHFCO_06140	OPPHHN_00245	96.4	503	18	0	1	503	15	517	0.0	937
KDHFCO_06140	DNKGCI_03580	49.2	472	231	5	1	470	1	465	1.34e-154	448
KDHFCO_06140	MCFIIO_00780	47.1	469	240	4	4	470	7	469	5.42e-151	439
KDHFCO_06145	AAKGEC_01705	98.1	466	9	0	1	466	1	466	0.0	941
KDHFCO_06145	DNKGCI_03570	65.7	466	159	1	1	466	1	465	1.45e-239	662
KDHFCO_06145	MCFIIO_08855	66.6	452	151	0	15	466	8	459	3.17e-237	656
KDHFCO_06145	LBKFJK_08905	46.5	452	234	3	1	448	1	448	1.17e-147	428
KDHFCO_06145	ABCLFC_07595	100	82	0	0	1	82	1	82	3.45e-48	160
KDHFCO_06150	BJLDLK_03550	99.2	248	2	0	1	248	1	248	1.80e-167	462
KDHFCO_06150	LBKFJK_01975	69.2	247	76	0	1	247	1	247	1.62e-120	343
KDHFCO_06150	IAFHMK_06730	70.0	247	74	0	1	247	1	247	2.92e-117	335
KDHFCO_06150	DDDLLA_07395	64.0	247	89	0	1	247	1	247	1.48e-110	318
KDHFCO_06150	AANGNE_05280	64.9	248	87	0	1	248	1	248	2.02e-107	310
KDHFCO_06150	DNKGCI_11275	62.9	248	92	0	1	248	1	248	2.02e-107	310
KDHFCO_06150	CNLKLD_06855	53.8	247	114	0	1	247	1	247	8.38e-90	265
KDHFCO_06155	AAOIOD_10010	75.9	340	82	0	1	340	19	358	6.15e-194	537
KDHFCO_06160	PPBJPA_01250	73.4	203	54	0	1	203	1	203	9.99e-107	305
KDHFCO_06165	ABCLFC_07565	98.9	1489	17	0	1	1489	1	1489	0.0	2907
KDHFCO_06170	AAKGEC_01730	92.1	479	38	0	1	479	1	479	0.0	907
KDHFCO_06170	DDDLLA_07410	71.2	476	137	0	1	476	1	476	7.24e-266	730
KDHFCO_06175	AAOIOD_01875	79.2	418	87	0	1	418	1	418	4.53e-256	700
KDHFCO_06185	AAKGEC_01745	92.3	271	21	0	1	271	1	271	1.05e-176	487
KDHFCO_06185	DNKGCI_11245	75.2	266	65	1	1	265	1	266	1.73e-132	382
KDHFCO_06185	AANGNE_05265	70.1	264	79	0	1	264	1	264	1.73e-129	375
KDHFCO_06185	CNLKLD_06660	66.3	264	89	0	1	264	1	264	3.75e-121	353
KDHFCO_06190	AAKGEC_01750	93.0	201	14	0	1	201	1	201	7.09e-138	383
KDHFCO_06190	AANGNE_05265	78.5	200	42	1	2	200	267	466	2.92e-110	323
KDHFCO_06190	IAFHMK_06765	74.7	198	49	1	4	200	130	327	5.47e-106	307
KDHFCO_06190	CNLKLD_06660	71.9	199	55	1	4	201	273	471	3.92e-100	297
KDHFCO_06190	DNKGCI_11245	66.0	200	67	1	2	200	270	469	2.75e-92	277
KDHFCO_06195	AAKGEC_01755	93.4	167	11	0	1	167	1	167	5.66e-116	325
KDHFCO_06195	DNKGCI_11240	74.3	167	43	0	1	167	1	167	2.19e-88	255
KDHFCO_06195	DDDLLA_07430	71.9	167	47	0	1	167	1	167	2.98e-86	249
KDHFCO_06195	AANGNE_05260	69.1	165	51	0	1	165	1	165	4.32e-84	244
KDHFCO_06195	CNLKLD_06665	67.3	165	54	0	1	165	1	165	1.22e-81	238
KDHFCO_06200	AAKGEC_01760	98.0	153	3	0	1	153	1	153	4.60e-106	298
KDHFCO_06200	IAFHMK_06775	69.3	153	47	0	1	153	1	153	1.90e-73	216
KDHFCO_06200	AANGNE_05255	65.4	153	53	0	1	153	1	153	1.26e-69	206
KDHFCO_06200	LBKFJK_02005	64.7	153	54	0	1	153	1	153	3.49e-69	205
KDHFCO_06200	DNKGCI_11235	62.7	153	53	1	1	153	1	149	2.16e-62	188
KDHFCO_06200	DDDLLA_07435	51.6	153	74	0	1	153	1	153	5.65e-54	167
KDHFCO_06205	AAKGEC_01765	88.7	248	28	0	1	248	1	248	6.76e-157	435
KDHFCO_06205	DNKGCI_11230	66.3	243	82	0	6	248	6	248	9.62e-113	323
KDHFCO_06205	IAFHMK_06780	64.5	251	83	2	1	248	1	248	6.68e-106	306
KDHFCO_06205	CNLKLD_06670	62.5	240	88	1	11	248	1	240	4.97e-99	288
KDHFCO_06205	LBKFJK_02010	58.9	248	102	0	1	248	1	248	2.15e-97	284
KDHFCO_06205	CJHCCN_01765	60.3	242	94	1	7	248	7	246	2.69e-95	279
KDHFCO_06210	HNNKEJ_04455	81.9	238	43	0	1	238	1	238	4.98e-131	369
KDHFCO_06210	IAFHMK_06785	73.1	238	64	0	1	238	1	238	2.12e-115	330
KDHFCO_06210	DNKGCI_11225	70.2	238	71	0	1	238	1	238	3.19e-113	324
KDHFCO_06210	AANGNE_05245	69.6	237	72	0	1	237	1	237	2.24e-109	314
KDHFCO_06210	DDDLLA_07445	64.1	237	85	0	1	237	1	237	3.27e-101	293
KDHFCO_06210	CNLKLD_06675	61.8	238	91	0	2	239	1	238	3.82e-97	283
KDHFCO_06215	DFCDFN_06745	80.1	181	36	0	1	181	1	181	2.31e-101	290
KDHFCO_06215	CNLKLD_06680	70.6	187	55	0	2	188	6	192	4.75e-87	253
KDHFCO_06220	ABCLFC_07510	99.6	253	1	0	1	253	1	253	3.48e-182	499
KDHFCO_06220	CJHCCN_07860	41.5	236	132	5	15	246	1	234	1.54e-51	167
KDHFCO_06220	CNLKLD_05150	37.8	238	141	5	15	246	1	237	1.63e-46	154
KDHFCO_06225	ACIHME_01345	97.1	206	6	0	1	206	1	206	5.72e-133	371
KDHFCO_06225	IAFHMK_06805	59.5	205	70	1	1	205	1	192	1.34e-72	218
KDHFCO_06225	CNLKLD_06690	47.8	207	90	3	1	206	1	190	2.00e-51	164
KDHFCO_06225	DDDLLA_07460	42.0	205	105	2	2	206	4	194	5.16e-50	160
KDHFCO_06225	AANGNE_04545	43.4	205	102	1	2	206	4	194	1.47e-49	159
KDHFCO_06230	BCFLNJ_09170	93.2	191	12	1	1	191	1	190	2.10e-103	295
KDHFCO_06230	ABCLFC_07500	94.8	191	10	0	1	191	1	191	1.01e-100	296
KDHFCO_06230	ABNNBP_06885	73.4	143	38	0	1	143	1	143	3.42e-73	219
KDHFCO_06235	ABNNBP_06885	99.0	196	2	0	1	196	1	196	8.71e-116	327
KDHFCO_06235	ABCLFC_07500	84.2	196	31	0	1	196	215	410	5.16e-88	264
KDHFCO_06235	BCFLNJ_09170	72.5	138	38	0	1	138	1	138	2.69e-71	214
KDHFCO_06240	BCFLNJ_09170	89.4	141	15	0	1	141	1	141	1.04e-92	267
KDHFCO_06240	ABCLFC_07500	88.7	141	16	0	1	141	1	141	1.90e-88	263
KDHFCO_06240	ABNNBP_06885	73.9	138	36	0	1	138	1	138	9.60e-74	219
KDHFCO_06250	ABNNBP_06900	99.6	275	1	0	1	275	1	275	3.24e-198	541
KDHFCO_06250	MJPEDB_02760	60.2	274	101	4	2	275	5	270	6.55e-105	310
KDHFCO_06250	HNNJHH_07930	69.6	138	40	1	138	275	3	138	7.20e-60	191
KDHFCO_06250	AGINCK_07735	54.3	175	76	2	21	194	20	191	1.29e-59	187
KDHFCO_06260	AAKGEC_01790	96.2	605	23	0	1	605	1	605	0.0	1123
KDHFCO_06260	DDDLLA_07465	77.0	582	133	1	1	582	1	581	1.20e-318	874
KDHFCO_06260	IAFHMK_09940	28.8	562	379	7	22	573	45	595	2.20e-70	238
KDHFCO_06260	HNNKEJ_11875	31.4	493	309	6	107	573	144	633	3.55e-69	235
KDHFCO_06260	EMAPBM_09015	29.2	483	338	3	92	573	116	595	4.63e-65	223
KDHFCO_06260	HNNKEJ_12255	32.3	496	314	8	92	575	221	706	1.97e-60	213
KDHFCO_06260	AANGNE_08905	30.8	490	329	4	92	575	210	695	1.59e-59	210
KDHFCO_06260	BNBIEO_02540	29.5	492	334	6	92	576	117	602	8.93e-59	206
KDHFCO_06260	AAKGEC_05730	33.2	391	256	3	190	576	188	577	1.08e-58	206
KDHFCO_06260	EMAPBM_09010	28.4	596	382	12	1	576	1	571	1.39e-56	200
KDHFCO_06260	CNLKLD_02765	27.1	501	351	7	80	575	106	597	2.63e-55	197
KDHFCO_06260	LBKFJK_02080	27.5	528	353	10	72	579	90	607	1.87e-52	189
KDHFCO_06260	AMLBPA_01235	27.5	556	378	9	24	570	191	730	3.69e-52	190
KDHFCO_06260	IAFHMK_03340	27.5	487	334	10	90	568	110	585	2.71e-51	186
KDHFCO_06260	DDDLLA_07570	27.6	577	373	18	14	571	165	715	2.65e-48	179
KDHFCO_06260	OFBCLB_00055	25.7	576	387	13	14	572	164	715	3.58e-48	179
KDHFCO_06260	NGAPDN_04410	26.9	498	341	10	80	568	97	580	1.46e-47	175
KDHFCO_06260	AANGNE_01510	26.6	579	383	13	12	573	23	576	7.93e-47	173
KDHFCO_06260	AAOIOD_04820	27.3	560	378	13	22	570	172	713	2.71e-46	173
KDHFCO_06260	ABNNBP_02275	26.4	503	341	8	92	579	87	575	1.94e-44	166
KDHFCO_06260	PLIDEH_04110	25.5	584	403	9	6	573	150	717	8.34e-44	166
KDHFCO_06260	EOHHJN_03385	33.4	299	189	4	272	566	268	560	3.49e-43	162
KDHFCO_06260	CPLMAE_00305	33.3	288	181	6	283	570	310	586	3.63e-42	160
KDHFCO_06260	DNKGCI_10680	27.0	526	346	14	87	591	82	590	2.46e-41	157
KDHFCO_06260	AMDFJK_02110	28.7	484	320	11	97	569	240	709	9.58e-41	157
KDHFCO_06265	LBKFJK_02080	72.8	604	154	1	1	594	4	607	4.42e-295	814
KDHFCO_06265	MKICBC_02485	88.4	424	35	1	1	410	1	424	4.82e-244	677
KDHFCO_06265	HNNKEJ_11875	30.8	509	328	4	106	591	129	636	1.29e-75	252
KDHFCO_06265	EMAPBM_09015	31.7	489	319	6	106	588	116	595	6.12e-74	247
KDHFCO_06265	HNNKEJ_12255	33.6	494	307	9	106	588	221	704	5.50e-72	244
KDHFCO_06265	AANGNE_08905	33.3	495	307	10	106	588	210	693	1.68e-70	240
KDHFCO_06265	IAFHMK_09940	31.1	492	320	7	106	588	114	595	2.44e-60	210
KDHFCO_06265	NGAPDN_04410	28.8	497	334	7	106	594	107	591	5.79e-57	201
KDHFCO_06265	AAKGEC_01790	28.1	545	359	12	66	594	52	579	6.62e-56	198
KDHFCO_06265	CNLKLD_02765	28.8	493	332	7	106	590	116	597	1.12e-55	197
KDHFCO_06265	AANGNE_01510	30.2	497	315	11	106	588	98	576	4.22e-55	196
KDHFCO_06265	DDDLLA_07465	30.0	393	264	4	205	594	194	578	8.89e-55	195
KDHFCO_06265	IAFHMK_03340	28.3	492	335	7	106	590	112	592	1.39e-54	194
KDHFCO_06265	BNBIEO_02540	32.1	393	253	8	207	593	220	604	1.56e-53	192
KDHFCO_06265	PLIDEH_04110	37.0	292	177	3	299	588	431	717	3.07e-51	187
KDHFCO_06265	OFBCLB_00055	29.3	488	310	13	114	587	249	715	8.65e-49	180
KDHFCO_06265	DDDLLA_07570	25.5	478	339	7	114	586	250	715	1.25e-46	174
KDHFCO_06265	AMLBPA_01235	26.3	479	332	8	114	585	266	730	1.94e-46	174
KDHFCO_06265	ABNNBP_02275	26.2	497	351	9	106	594	87	575	7.21e-46	170
KDHFCO_06265	CPLMAE_00305	36.9	249	152	4	339	585	341	586	2.92e-44	166
KDHFCO_06265	EOHHJN_03385	31.4	296	191	3	291	581	272	560	8.61e-44	164
KDHFCO_06265	ENIHOO_09550	29.2	387	259	7	198	581	323	697	5.90e-41	157
KDHFCO_06265	EMAPBM_09010	25.7	499	349	11	105	593	87	573	1.57e-40	155
KDHFCO_06265	DNKGCI_10680	25.4	507	343	12	106	594	87	576	4.67e-40	154
KDHFCO_06270	AAKGEC_01800	90.5	252	24	0	1	252	1	252	3.98e-167	461
KDHFCO_06270	LBKFJK_08200	62.9	259	86	4	1	252	1	256	5.67e-110	317
KDHFCO_06270	IAFHMK_02370	59.1	259	96	4	1	252	1	256	9.10e-102	296
KDHFCO_06270	DAEIAJ_08765	53.2	252	109	4	1	245	1	250	1.11e-83	250
KDHFCO_06270	DIBOGN_05540	50.6	261	117	4	1	252	1	258	1.80e-82	247
KDHFCO_06270	HNNKEJ_01585	49.0	259	122	4	1	252	1	256	1.68e-77	234
KDHFCO_06270	BFGFFC_06750	47.9	261	124	4	1	252	1	258	5.39e-74	225
KDHFCO_06270	NGIILC_10045	48.7	261	118	5	1	252	1	254	3.84e-73	223
KDHFCO_06280	BAFDFF_09595	98.8	166	2	0	1	166	226	391	1.02e-113	328
KDHFCO_06280	ABCBPP_12920	50.3	165	82	0	1	165	90	254	2.32e-51	164
KDHFCO_06280	GIODPP_08930	49.7	165	82	1	1	165	224	387	9.81e-49	161
KDHFCO_06280	FMBBOG_10550	48.2	164	84	1	1	164	193	355	6.39e-46	153
KDHFCO_06280	BPPLAM_03680	47.6	164	86	0	1	164	226	389	4.13e-45	152
KDHFCO_06285	BAFDFF_09595	100	201	0	0	1	201	1	201	9.20e-144	405
KDHFCO_06285	DANMKC_05690	100	125	0	0	75	199	127	251	7.99e-86	253
KDHFCO_06285	BJNLFJ_00015	58.2	201	84	0	1	201	1	201	4.85e-83	250
KDHFCO_06285	GIODPP_08930	56.7	201	85	1	1	201	1	199	1.48e-78	239
KDHFCO_06285	BPPLAM_03680	55.2	201	90	0	1	201	1	201	1.49e-77	237
KDHFCO_06285	FMBBOG_10550	58.9	168	69	0	34	201	1	168	6.52e-70	216
KDHFCO_06295	DFCDFN_06475	84.8	171	24	1	1	171	1	169	4.09e-90	259
KDHFCO_06300	AIPJBK_09740	95.1	122	5	1	1	121	1	122	3.38e-68	200
KDHFCO_06305	BJLDLK_03435	99.2	127	1	0	1	127	23	149	9.91e-82	236
KDHFCO_06305	DNKGCI_00625	61.9	126	48	0	1	126	23	148	1.47e-49	154
KDHFCO_06305	LBKFJK_09525	63.0	127	47	0	1	127	23	149	1.90e-49	154
KDHFCO_06310	ABCLFC_05815	97.5	519	13	0	1	519	1	519	0.0	958
KDHFCO_06310	CNLKLD_03780	69.0	496	154	0	7	502	45	540	2.10e-241	672
KDHFCO_06310	AAKGEC_07200	55.9	506	222	1	1	505	1	506	2.55e-196	556
KDHFCO_06310	EKEFPE_07370	57.6	493	209	0	1	493	1	493	1.41e-194	552
KDHFCO_06310	DNKGCI_00620	57.7	485	202	1	12	493	15	499	6.12e-187	533
KDHFCO_06310	DNKGCI_06970	55.0	491	221	0	7	497	14	504	7.78e-184	525
KDHFCO_06310	IAFHMK_04510	51.8	479	231	0	20	498	12	490	7.82e-167	481
KDHFCO_06310	DDDLLA_00295	48.3	482	231	1	12	493	8	471	3.98e-148	432
KDHFCO_06310	HNNKEJ_02370	44.6	484	268	0	10	493	2	485	2.00e-141	416
KDHFCO_06310	DNKGCI_09275	33.8	394	228	10	32	418	22	389	1.18e-43	160
KDHFCO_06310	AAKGEC_09050	28.2	426	289	5	27	452	25	433	2.54e-42	156
KDHFCO_06310	ANFPEE_10465	28.9	426	279	8	31	452	25	430	1.69e-41	154
KDHFCO_06315	ABCLFC_05820	88.1	278	33	0	1	278	1	278	2.37e-165	459
KDHFCO_06320	AAKGEC_01820	89.2	83	9	0	1	83	1	83	3.61e-48	155
KDHFCO_06320	CFHHLL_04640	89.2	83	9	0	1	83	1	83	1.93e-47	154
KDHFCO_06325	AAKGEC_01820	89.8	128	13	0	1	128	100	227	3.14e-79	237
KDHFCO_06330	AAKGEC_01820	96.0	125	5	0	1	125	238	362	2.43e-80	239
KDHFCO_06335	AAKGEC_01825	83.3	705	118	0	1	705	120	824	0.0	1147
KDHFCO_06335	BGHOFK_05800	47.6	567	276	10	143	700	232	786	1.13e-157	474
KDHFCO_06335	OFHJOO_01805	53.0	477	211	7	221	692	238	706	4.70e-157	470
KDHFCO_06340	BHKCDL_03245	79.1	244	51	0	6	249	13	256	2.24e-137	386
KDHFCO_06340	HNNKEJ_00475	65.2	250	87	0	1	250	1	250	9.18e-119	338
KDHFCO_06340	IAFHMK_09950	60.2	244	97	0	1	244	1	244	9.94e-98	285
KDHFCO_06340	AGFMFG_07640	50.8	246	121	0	1	246	1	246	1.23e-86	257
KDHFCO_06345	AAKGEC_01835	88.0	266	32	0	1	266	1	266	1.03e-167	464
KDHFCO_06345	HNNKEJ_00485	72.6	266	73	0	1	266	1	266	1.00e-137	388
KDHFCO_06345	ACNHAK_07835	67.3	266	87	0	1	266	1	266	1.82e-126	359
KDHFCO_06345	IAFHMK_09960	69.5	259	79	0	4	262	3	261	2.32e-126	359
KDHFCO_06350	ABNNBP_06990	100	218	0	0	1	218	1	218	1.16e-149	414
KDHFCO_06350	NGDFHG_01855	70.5	210	62	0	1	210	1	210	5.16e-100	289
KDHFCO_06350	CFHHLL_04640	70.1	211	63	0	4	214	165	375	1.63e-98	290
KDHFCO_06350	DOHOGG_04025	57.6	203	86	0	8	210	7	209	4.84e-78	233
KDHFCO_06350	HNNKEJ_00490	57.6	203	86	0	8	210	6	208	6.88e-76	227
KDHFCO_06350	IAFHMK_09965	56.2	203	89	0	8	210	6	208	1.07e-69	211
KDHFCO_06360	AAKGEC_01850	88.8	499	56	0	1	499	1	499	0.0	870
KDHFCO_06360	HNNKEJ_04360	71.3	509	135	3	1	498	1	509	3.09e-258	712
KDHFCO_06360	BGHOFK_01110	65.3	507	163	3	1	494	1	507	9.45e-236	655
KDHFCO_06360	IAFHMK_08610	65.0	500	170	2	1	499	1	496	2.58e-235	654
KDHFCO_06360	DDDLLA_01265	65.2	492	170	1	1	492	1	491	2.67e-230	641
KDHFCO_06360	CNLKLD_06285	66.0	491	163	1	1	491	1	487	1.65e-228	637
KDHFCO_06360	DNKGCI_10080	63.0	492	181	1	1	492	1	491	9.85e-228	635
KDHFCO_06360	AANGNE_04835	62.9	493	183	0	1	493	1	493	2.89e-223	624
KDHFCO_06360	DDKKPM_03310	62.3	493	186	0	1	493	1	493	2.73e-221	619
KDHFCO_06360	LBKFJK_06160	63.0	495	178	2	1	491	1	494	2.31e-220	616
KDHFCO_06360	EHLNLG_03020	27.7	505	298	12	3	491	6	459	4.05e-43	162
KDHFCO_06360	ALPEGB_03650	28.5	516	310	17	3	491	1146	1629	2.34e-41	158
KDHFCO_06360	COOGCK_04445	28.8	525	299	18	1	494	1	481	7.46e-41	156
KDHFCO_06360	AMBJPI_12395	25.3	502	342	9	1	491	1	480	3.35e-40	154
KDHFCO_06360	IFDCOA_02940	27.9	494	296	12	12	491	13	460	8.81e-39	150
KDHFCO_06365	HNNKEJ_04355	78.8	406	84	2	2	407	2	405	7.92e-242	663
KDHFCO_06365	DDDLLA_01260	73.5	407	106	2	1	407	1	405	5.14e-224	618
KDHFCO_06365	AANGNE_04840	70.0	407	117	4	2	407	2	404	6.67e-208	577
KDHFCO_06365	IAFHMK_08615	69.8	407	119	3	1	407	1	403	1.05e-199	556
KDHFCO_06365	CNLKLD_06280	66.6	407	134	2	2	407	2	407	4.02e-198	552
KDHFCO_06375	AAKGEC_01865	91.6	427	36	0	1	427	1	427	3.02e-287	780
KDHFCO_06375	BGHOFK_01125	72.0	422	118	0	1	422	1	422	2.25e-223	618
KDHFCO_06375	CDIIGJ_01110	69.1	417	129	0	1	417	1	417	3.17e-216	600
KDHFCO_06375	HNNKEJ_04345	64.0	420	151	0	1	420	1	420	1.78e-201	562
KDHFCO_06375	LBKFJK_00005	57.8	400	169	0	21	420	1	400	4.21e-173	489
KDHFCO_06375	OFBCLB_09695	51.1	419	196	3	4	417	5	419	6.43e-147	424
KDHFCO_06375	AANGNE_04850	49.4	423	213	1	2	424	3	424	1.16e-145	421
KDHFCO_06375	IAFHMK_08625	53.3	424	188	3	2	420	7	425	4.08e-145	419
KDHFCO_06375	LBKFJK_02530	49.4	399	200	1	21	417	1	399	9.28e-144	415
KDHFCO_06375	DNKGCI_10065	49.3	416	210	1	4	418	5	420	6.17e-141	409
KDHFCO_06375	CNLKLD_06270	48.2	417	211	3	2	417	3	415	3.34e-135	394
KDHFCO_06375	DDKKPM_03325	47.0	419	222	0	2	420	3	421	4.74e-135	394
KDHFCO_06380	BGHOFK_01130	79.9	889	178	1	22	910	19	906	0.0	1373
KDHFCO_06380	GKAHPE_00190	45.8	883	430	14	34	905	19	863	4.52e-237	689
KDHFCO_06380	CNLKLD_02820	45.7	874	433	12	36	905	21	856	9.32e-232	675
KDHFCO_06380	DDDLLA_06035	45.5	881	432	17	29	899	17	859	8.36e-229	667
KDHFCO_06380	BGHOFK_00755	29.1	759	481	18	34	758	7	742	3.80e-86	294
KDHFCO_06380	AANGNE_04040	29.2	725	451	15	48	735	21	720	3.04e-82	283
KDHFCO_06380	AKPIPJ_02055	29.6	719	448	24	34	703	23	732	3.64e-80	278
KDHFCO_06380	CNLKLD_05120	27.9	714	455	15	48	735	21	700	1.62e-78	273
KDHFCO_06380	JAPIMJ_06920	27.8	727	478	16	34	733	8	714	1.92e-78	273
KDHFCO_06380	EIKFFD_06365	28.2	749	488	22	60	783	32	755	2.52e-77	269
KDHFCO_06380	AANGNE_04380	28.2	740	470	19	27	716	1	729	9.60e-76	266
KDHFCO_06380	HNNKEJ_12000	27.4	719	488	13	37	735	22	726	8.87e-75	263
KDHFCO_06380	FHIFIE_03450	28.3	732	455	22	48	735	22	727	1.18e-73	259
KDHFCO_06380	DDDLLA_09200	26.6	710	470	14	48	735	22	702	2.70e-73	258
KDHFCO_06380	LBKFJK_08710	27.3	714	459	15	48	735	22	701	1.01e-70	251
KDHFCO_06380	EOHHJN_09855	26.8	730	462	20	42	735	15	708	1.01e-67	242
KDHFCO_06380	DNKGCI_09670	27.0	637	416	12	121	735	2	611	4.36e-62	224
KDHFCO_06380	HNNKEJ_05105	24.7	680	409	20	44	703	6	602	1.94e-43	169
KDHFCO_06380	LIMBNG_08850	23.2	668	434	20	74	732	34	631	5.43e-40	158
KDHFCO_06380	DDDLLA_11280	23.3	669	413	19	48	698	9	595	5.46e-40	159
KDHFCO_06380	HNNKEJ_03015	27.9	469	283	12	34	466	7	456	1.38e-38	150
KDHFCO_06380	DBFGIH_00895	23.9	656	416	20	48	694	8	589	3.76e-38	152
KDHFCO_06385	AAKGEC_01875	92.2	217	17	0	1	217	1	217	1.76e-139	388
KDHFCO_06385	HNNKEJ_07990	63.1	217	79	1	1	216	2	218	1.30e-93	273
KDHFCO_06385	BGHOFK_01140	62.3	220	80	1	1	217	2	221	1.94e-93	272
KDHFCO_06385	DDDLLA_11270	61.3	217	83	1	1	216	2	218	1.69e-91	267
KDHFCO_06385	HCJGAG_05080	59.9	217	86	1	1	216	2	218	5.44e-87	256
KDHFCO_06385	CDIIGJ_01175	59.3	214	86	1	4	216	5	218	1.89e-85	252
KDHFCO_06385	EMAPBM_06825	52.3	218	103	1	1	217	2	219	3.96e-77	231
KDHFCO_06385	LBKFJK_04275	54.3	219	97	1	1	216	8	226	3.96e-75	226
KDHFCO_06390	OFBGNF_06050	82.2	757	135	0	1	757	3	759	0.0	1253
KDHFCO_06390	DDDLLA_00060	65.7	750	257	0	1	750	1	750	0.0	995
KDHFCO_06390	IAFHMK_03285	58.1	757	306	5	1	750	1	753	2.50e-316	880
KDHFCO_06390	CDIIGJ_03890	58.2	754	309	3	1	749	1	753	1.14e-313	874
KDHFCO_06395	EGPLAC_08685	87.9	281	34	0	1	281	1	281	2.83e-180	497
KDHFCO_06395	DDDLLA_00065	63.4	276	99	2	8	282	10	284	7.77e-122	349
KDHFCO_06400	DLODMN_07810	85.3	340	50	0	1	340	1	340	2.53e-216	593
KDHFCO_06405	ABNNBP_07045	100	173	0	0	1	173	1	173	1.01e-121	340
KDHFCO_06410	ABNNBP_07050	100	401	0	0	1	401	1	401	2.19e-280	760
KDHFCO_06415	GGNLIA_03115	99.2	259	2	0	29	287	207	465	3.36e-186	519
KDHFCO_06415	BEHEAJ_00625	78.2	285	60	1	1	285	50	332	5.29e-164	458
KDHFCO_06415	IIAFGB_05595	66.3	285	94	1	1	285	178	460	1.25e-136	393
KDHFCO_06415	BOKJIE_00635	74.0	223	58	0	62	284	1	223	2.65e-119	340
KDHFCO_06415	IAMLOO_03350	65.3	248	82	1	36	283	2	245	1.40e-115	332
KDHFCO_06415	ABNNBP_01250	68.8	224	70	0	62	285	1	224	2.37e-111	320
KDHFCO_06415	FMBBOG_10345	57.1	275	112	3	17	285	1	275	3.33e-106	309
KDHFCO_06415	PJLNJC_02530	79.4	175	35	1	114	287	1	175	8.97e-100	291
KDHFCO_06415	AMHKJB_02715	84.1	151	24	0	1	151	1	151	2.34e-85	252
KDHFCO_06415	EAKCFB_04575	81.1	148	28	0	17	164	1	148	2.09e-80	245
KDHFCO_06415	EEJBJI_01665	45.3	256	129	6	31	282	1	249	1.87e-58	187
KDHFCO_06415	DPMHNO_10660	67.8	121	39	0	151	271	1	121	7.33e-54	173
KDHFCO_06420	LCDEGG_08215	97.9	193	4	0	1	193	11	203	1.62e-130	364
KDHFCO_06420	NOKDAP_11050	58.7	189	78	0	1	189	1	189	3.14e-70	211
KDHFCO_06420	BLIMPP_08475	60.7	196	68	3	1	193	1	190	2.32e-69	209
KDHFCO_06420	FPMMJC_02165	56.5	193	83	1	1	192	1	193	9.44e-65	197
KDHFCO_06420	BOKJIE_06805	54.1	194	88	1	1	193	1	194	4.48e-64	196
KDHFCO_06420	OILDAA_05050	57.4	190	79	2	1	188	1	190	7.55e-63	192
KDHFCO_06420	ELFOBA_06655	53.8	197	87	2	1	193	1	197	1.99e-58	181
KDHFCO_06420	FPMMJC_06805	52.7	188	87	2	1	188	1	186	8.74e-57	177
KDHFCO_06420	MFAILH_05315	53.7	188	82	2	1	188	1	183	9.05e-54	169
KDHFCO_06420	KJJMGA_04980	48.4	190	95	2	1	189	1	188	8.40e-52	164
KDHFCO_06425	LCDEGG_14340	100	96	0	0	1	96	243	338	4.50e-58	181
KDHFCO_06425	AMHKJB_04215	100	88	0	0	1	88	1	88	1.89e-55	167
KDHFCO_06425	CBFHCM_03370	88.5	96	7	1	1	96	1	92	1.63e-51	156
KDHFCO_06430	AHPAPB_10090	99.6	279	1	0	1	279	22	300	2.56e-202	553
KDHFCO_06430	ACPHPF_04690	58.3	276	114	1	1	275	6	281	1.81e-111	323
KDHFCO_06430	BEGLKA_08720	98.7	157	2	0	1	157	92	248	7.79e-105	305
KDHFCO_06430	MHGLEN_14025	99.4	156	1	0	1	156	1	156	5.63e-104	305
KDHFCO_06430	FAAIHB_09795	48.3	267	135	2	14	277	1	267	4.05e-79	240
KDHFCO_06430	ABJDJH_12790	44.9	272	146	3	11	278	10	281	1.10e-73	226
KDHFCO_06430	JOBCMP_04985	45.6	270	139	5	12	276	11	277	2.78e-70	218
KDHFCO_06430	OOBKJG_03060	99.1	110	1	0	1	110	1	110	9.01e-69	209
KDHFCO_06430	GLOJGG_04620	71.4	133	15	1	144	276	1	110	1.28e-57	179
KDHFCO_06430	BGHOFK_10420	53.0	168	76	2	111	275	44	211	9.06e-57	181
KDHFCO_06430	BDNBEJ_04175	91.2	91	8	0	84	174	41	131	1.08e-52	168
KDHFCO_06430	OMDMHF_02850	38.4	268	156	5	17	275	3	270	8.47e-52	170
KDHFCO_06430	OBFACL_08170	37.7	265	162	2	10	271	7	271	3.11e-50	167
KDHFCO_06430	BCFLNJ_06580	97.5	80	2	0	1	80	1	80	3.64e-47	154
KDHFCO_06430	ACPHPF_00235	38.4	279	0	1	1	279	1	107	1.08e-46	151
KDHFCO_06430	OMDMHF_02875	37.3	260	155	5	10	266	1	255	1.57e-45	153
KDHFCO_06435	KABOBF_01505	88.3	94	3	1	1	86	1	94	1.10e-49	151
KDHFCO_06440	ABNNBP_07150	100	159	0	0	1	159	1	159	3.59e-106	299
KDHFCO_06440	BPDDPD_11200	67.9	159	51	0	1	159	1	159	9.31e-70	207
KDHFCO_06440	AIKIDN_09715	54.6	152	69	0	1	152	1	152	7.32e-54	167
KDHFCO_06445	ABNNBP_07155	99.5	218	1	0	1	218	1	218	2.28e-156	431
KDHFCO_06450	ABNNBP_07160	99.5	216	1	0	1	216	1	216	1.25e-143	399
KDHFCO_06450	DMLIFG_05605	71.3	195	56	0	4	198	4	198	1.88e-95	276
KDHFCO_06455	BJLDLK_00655	99.7	312	1	0	1	312	1	312	1.52e-226	616
KDHFCO_06455	AJCMKJ_07285	72.2	309	86	0	1	309	1	309	1.29e-164	460
KDHFCO_06455	LPLJMN_10770	69.9	309	93	0	1	309	1	309	9.13e-157	440
KDHFCO_06455	BGHOFK_01240	66.1	304	103	0	1	304	1	304	1.34e-148	419
KDHFCO_06455	AANGNE_06065	64.4	306	109	0	1	306	1	306	1.37e-146	414
KDHFCO_06455	BDMBBJ_03645	64.7	309	108	1	1	308	1	309	1.81e-146	414
KDHFCO_06455	IAFHMK_05395	61.3	310	119	1	1	309	1	310	1.23e-142	404
KDHFCO_06455	AGINCK_09360	48.0	221	62	1	86	306	1	168	4.18e-63	197
KDHFCO_06465	ABNNBP_07180	100	348	0	0	1	348	1	348	2.41e-248	674
KDHFCO_06465	BPDDPD_04235	51.7	352	163	6	2	348	3	352	1.15e-115	338
KDHFCO_06470	ABNNBP_07185	99.7	360	1	0	1	360	1	360	6.51e-259	702
KDHFCO_06470	BPDDPD_04230	64.9	356	124	1	6	360	2	357	5.62e-162	457
KDHFCO_06475	AGINCK_01740	85.2	236	35	0	1	236	1	236	1.96e-137	388
KDHFCO_06485	ABNNBP_07200	99.9	795	1	0	1	795	1	795	0.0	1603
KDHFCO_06490	ABNNBP_07205	99.8	435	1	0	1	435	1	435	2.37e-299	811
KDHFCO_06490	EPOEKF_01745	35.9	432	265	5	6	432	7	431	8.45e-83	260
KDHFCO_06490	AEMMAL_06830	32.8	430	279	5	2	427	5	428	3.85e-71	230
KDHFCO_06490	GNOKMM_07820	33.7	424	249	10	8	418	8	412	2.61e-69	225
KDHFCO_06490	DNKGCI_11030	31.9	420	258	7	16	429	19	416	3.29e-65	214
KDHFCO_06490	AANGNE_03570	33.7	419	261	10	12	419	12	424	9.34e-60	201
KDHFCO_06490	BGHOFK_08335	31.3	419	271	7	7	418	10	418	2.61e-59	199
KDHFCO_06490	CGMKCF_11750	29.6	486	273	8	9	430	12	492	4.34e-58	197
KDHFCO_06490	DDDLLA_08890	32.6	438	263	11	20	434	20	448	4.23e-57	194
KDHFCO_06490	NGIILC_02175	31.6	431	267	8	20	434	20	438	1.89e-55	189
KDHFCO_06490	AGDPFD_02310	31.5	429	273	9	20	435	20	440	4.50e-54	186
KDHFCO_06490	AFCONC_09375	28.6	476	282	12	12	430	15	489	4.77e-53	184
KDHFCO_06490	AANGNE_01470	30.2	427	275	10	22	434	22	439	8.21e-48	169
KDHFCO_06490	FMNMPI_06710	30.7	449	278	13	7	434	33	469	9.22e-48	169
KDHFCO_06490	AGINCK_05455	30.0	433	271	11	22	435	22	441	1.09e-46	166
KDHFCO_06490	AEMMAL_03045	28.8	420	279	9	22	429	22	433	1.43e-46	166
KDHFCO_06490	BOKJIE_13470	28.3	448	282	11	1	434	1	423	1.52e-45	162
KDHFCO_06490	DDKKPM_03600	29.3	427	280	12	16	434	19	431	2.62e-43	157
KDHFCO_06495	ABNNBP_07210	100	270	0	0	1	270	1	270	5.34e-190	520
KDHFCO_06500	AANGNE_07095	78.5	107	22	1	1	106	1	107	2.18e-62	184
KDHFCO_06505	EKJGNK_00995	93.1	131	9	0	1	131	1	131	1.83e-88	252
KDHFCO_06505	AANGNE_07090	61.8	144	42	3	1	131	1	144	5.20e-61	183
KDHFCO_06510	AOPEMA_06405	98.6	571	8	0	1	571	1	571	0.0	1106
KDHFCO_06515	AIPJBK_09975	99.1	552	5	0	1	552	1	552	0.0	1070
KDHFCO_06515	BGHOFK_00710	37.0	540	329	6	2	539	4	534	7.88e-110	338
KDHFCO_06515	CJHCCN_10680	37.0	541	330	7	2	539	4	536	2.57e-106	329
KDHFCO_06515	HNNKEJ_02875	36.2	541	332	7	2	539	4	534	1.96e-105	327
KDHFCO_06515	AAKGEC_07820	36.2	553	337	9	2	550	4	544	5.85e-104	323
KDHFCO_06515	DDDLLA_09245	35.7	540	336	6	2	539	4	534	2.60e-102	318
KDHFCO_06515	DNKGCI_09520	35.3	541	338	7	2	539	4	535	6.56e-100	312
KDHFCO_06515	DDDLLA_06090	34.6	544	350	4	2	544	4	542	6.85e-96	309
KDHFCO_06515	DNKGCI_02955	32.7	394	259	4	152	544	2	390	8.28e-57	201
KDHFCO_06515	HNNKEJ_10210	31.0	439	276	13	1	426	1	425	1.79e-40	152
KDHFCO_06520	PDDAOC_05860	97.1	350	5	1	1	350	1	345	4.95e-234	638
KDHFCO_06530	AHPAPB_06860	77.7	130	29	0	1	130	1	130	8.45e-75	218
KDHFCO_06535	ABNNBP_07260	99.4	157	1	0	1	157	1	157	6.01e-113	316
KDHFCO_06535	FFEJFE_03020	68.0	153	49	0	1	153	35	187	4.57e-74	219
KDHFCO_06540	ABNNBP_07265	99.6	285	1	0	1	285	1	285	2.04e-206	563
KDHFCO_06540	CMMBIF_02665	73.0	285	77	0	1	285	1	285	6.12e-153	428
KDHFCO_06540	ACNHAK_01805	52.1	288	133	2	1	284	1	287	5.22e-100	294
KDHFCO_06540	MJPEDB_02500	44.8	279	152	2	1	278	1	278	1.44e-85	257
KDHFCO_06540	MCFIIO_04210	49.8	263	130	2	5	266	6	267	1.55e-84	254
KDHFCO_06540	HCCODA_06110	42.2	270	146	2	6	266	6	274	1.90e-76	234
KDHFCO_06540	CDIIGJ_01590	42.0	269	153	3	1	268	1	267	3.97e-73	225
KDHFCO_06540	JIGPNC_06465	87.5	120	12	1	166	285	55	171	4.65e-68	208
KDHFCO_06540	LBKFJK_09485	39.4	264	155	3	2	264	3	262	1.18e-62	198
KDHFCO_06540	DNKGCI_00585	39.9	263	153	3	3	264	5	263	1.25e-62	198
KDHFCO_06540	AAKGEC_11745	38.1	260	157	3	6	264	7	263	2.73e-61	195
KDHFCO_06540	AAKGEC_05485	44.0	268	130	6	3	257	6	266	2.17e-60	192
KDHFCO_06540	BGHOFK_00970	41.6	257	142	4	6	257	11	264	5.94e-60	191
KDHFCO_06540	CGMKCF_02875	43.5	260	112	5	5	257	2	233	2.60e-59	189
KDHFCO_06540	CFLCIE_00940	37.5	259	161	1	6	264	6	263	8.87e-57	183
KDHFCO_06540	ABCBPP_06850	38.4	276	164	4	4	276	7	279	9.36e-56	181
KDHFCO_06540	AANGNE_05130	39.4	282	163	5	1	277	1	279	3.61e-55	179
KDHFCO_06540	DNKGCI_08600	39.3	267	149	5	2	258	5	268	2.72e-52	172
KDHFCO_06540	IAFHMK_02645	37.7	265	152	5	3	257	6	267	5.42e-52	171
KDHFCO_06540	KMLCHM_05630	37.3	260	159	4	1	258	12	269	3.68e-50	172
KDHFCO_06540	HNNKEJ_05950	39.9	258	142	5	10	257	1	255	9.53e-50	165
KDHFCO_06540	LBKFJK_01770	38.3	266	149	6	3	257	7	268	1.36e-49	165
KDHFCO_06540	EIKFFD_02290	37.5	251	142	4	3	241	5	252	1.09e-48	162
KDHFCO_06540	HNNKEJ_03150	35.5	259	163	4	2	258	8	264	2.06e-48	162
KDHFCO_06540	IAFHMK_03355	36.6	257	157	5	5	258	11	264	2.06e-48	162
KDHFCO_06570	AJCMKJ_10760	94.6	186	9	1	1	186	1	185	9.74e-117	328
KDHFCO_06570	HIJKML_11945	65.9	185	62	1	1	185	1	184	2.10e-81	239
KDHFCO_06570	BGHOFK_10530	59.1	186	76	0	1	186	1	186	5.01e-73	218
KDHFCO_06570	AANGNE_06075	59.5	185	75	0	2	186	2	186	5.01e-73	218
KDHFCO_06570	HJMHNM_08885	54.6	185	84	0	2	186	2	186	4.47e-69	207
KDHFCO_06570	AMDFJK_00990	93.5	108	7	0	1	108	1	108	1.73e-65	198
KDHFCO_06570	CDIIGJ_00440	54.8	186	84	0	1	186	1	186	1.61e-64	196
KDHFCO_06585	ABNNBP_01060	100	252	0	0	1	252	1	252	1.72e-177	487
KDHFCO_06585	CBFHCM_00020	74.2	248	64	0	1	248	1	248	5.02e-131	370
KDHFCO_06585	HNNKEJ_01225	80.6	175	34	0	72	246	218	392	5.30e-99	294
KDHFCO_06585	AAKGEC_01170	41.8	244	139	2	2	242	4	247	6.11e-58	184
KDHFCO_06590	BNPKDP_00150	99.7	393	1	0	1	393	1	393	4.14e-286	776
KDHFCO_06590	CBFHCM_00015	67.6	407	132	0	1	407	1	407	8.55e-200	556
KDHFCO_06590	HNNKEJ_01225	69.2	234	66	1	1	234	1	228	4.69e-116	343
KDHFCO_06595	CLAPNJ_06120	97.3	112	3	0	13	124	232	343	9.89e-62	191
KDHFCO_06595	KGIGEE_00295	98.1	108	2	0	17	124	46	153	1.83e-61	184
KDHFCO_06595	BNFMAL_06490	100	94	0	0	31	124	1	94	3.36e-54	164
KDHFCO_06605	KABOBF_01505	88.3	94	3	1	1	86	1	94	1.10e-49	151
KDHFCO_06610	AHPAPB_10090	99.5	202	1	0	1	202	22	223	2.40e-139	390
KDHFCO_06610	BEGLKA_08720	98.7	157	2	0	1	157	92	248	4.39e-106	305
KDHFCO_06610	MHGLEN_14025	99.4	156	1	0	1	156	1	156	3.17e-105	305
KDHFCO_06610	OOBKJG_03060	99.1	110	1	0	1	110	1	110	6.32e-70	209
KDHFCO_06610	ACPHPF_04690	55.7	203	89	1	1	202	6	208	1.68e-69	213
KDHFCO_06610	BDNBEJ_04175	91.2	91	8	0	84	174	41	131	9.05e-54	168
KDHFCO_06610	FAAIHB_09795	46.4	192	100	2	14	202	1	192	4.12e-50	163
KDHFCO_06610	BCFLNJ_06580	97.5	80	2	0	1	80	1	80	3.29e-48	154
KDHFCO_06610	ABJDJH_12790	43.1	195	107	3	11	201	10	204	3.43e-45	150
KDHFCO_06615	BLCAGE_08900	98.3	234	4	0	1	234	40	273	2.37e-169	467
KDHFCO_06615	MHGLEN_14120	98.2	221	4	0	1	221	1	221	1.34e-156	439
KDHFCO_06615	OFBCLB_00125	73.7	232	61	0	1	232	43	274	1.36e-124	353
KDHFCO_06615	FCNDOE_00480	69.5	233	71	0	2	234	40	272	4.02e-121	345
KDHFCO_06615	DAEIAJ_02250	68.4	234	2	1	1	234	40	201	2.33e-101	292
KDHFCO_06615	BGHOFK_10420	67.3	211	69	0	17	227	1	211	3.53e-100	290
KDHFCO_06615	MILJBE_11495	98.2	110	2	0	125	234	65	174	5.27e-75	224
KDHFCO_06615	DPMHNO_11055	97.3	111	3	0	123	233	1	111	3.62e-74	223
KDHFCO_06615	OBFACL_14235	66.9	163	43	5	75	234	73	227	4.98e-60	188
KDHFCO_06615	DICHKL_07830	97.4	77	2	0	157	233	4	80	2.07e-49	159
KDHFCO_06615	DOLABL_06375	56.3	160	3	1	1	160	40	132	2.54e-47	153
KDHFCO_06620	DFPFAH_04660	98.8	81	1	0	1	81	113	193	1.03e-49	155
KDHFCO_06620	ABNNBP_10745	100	81	0	0	1	81	182	262	1.78e-49	157
KDHFCO_06620	GIPIII_01620	97.5	81	2	0	1	81	75	155	1.89e-49	153
KDHFCO_06620	FFPGDJ_10745	96.3	81	3	0	1	81	97	177	1.05e-48	152
KDHFCO_06625	CEFGEI_08345	94.3	106	6	0	1	106	205	310	6.96e-61	189
KDHFCO_06630	BDMBBJ_03645	96.0	224	9	0	1	224	87	310	6.79e-156	434
KDHFCO_06630	BGHOFK_01240	73.1	219	59	0	1	219	86	304	5.75e-115	330
KDHFCO_06630	BJLDLK_00655	67.4	215	70	0	1	215	86	300	9.79e-107	309
KDHFCO_06630	AJCMKJ_07285	61.4	223	86	0	1	223	86	308	8.30e-102	297
KDHFCO_06630	AANGNE_06065	62.1	219	83	0	1	219	86	304	8.13e-101	294
KDHFCO_06630	LPLJMN_10770	62.3	223	84	0	1	223	86	308	6.84e-100	292
KDHFCO_06630	AGINCK_09360	69.1	220	15	1	1	220	1	167	8.05e-98	281
KDHFCO_06630	IAFHMK_05395	58.6	220	90	1	1	219	86	305	1.26e-92	273
KDHFCO_06635	JNMKIO_06740	85.8	351	23	1	1	351	1	324	2.29e-209	575
KDHFCO_06635	AGINCK_11425	59.4	330	27	1	22	351	26	248	5.64e-119	343
KDHFCO_06635	CMOKEC_05705	49.3	353	177	1	1	351	1	353	3.30e-116	340
KDHFCO_06635	BKOEEG_06700	50.1	357	169	3	3	351	2	357	3.05e-115	338
KDHFCO_06635	OFBCLB_03370	49.0	349	175	1	6	351	3	351	5.75e-114	334
KDHFCO_06635	IAFHMK_04565	50.6	340	163	3	13	351	14	349	2.17e-113	333
KDHFCO_06635	HNNJHH_00005	82.3	192	34	0	1	192	1	192	3.75e-109	316
KDHFCO_06635	CGMKCF_00270	47.9	353	173	4	10	351	9	361	7.23e-107	317
KDHFCO_06635	AANGNE_04890	46.1	345	183	1	10	351	9	353	5.15e-105	311
KDHFCO_06635	ALBBCB_05790	44.0	341	191	0	11	351	8	348	2.11e-100	300
KDHFCO_06635	IHNEIG_04445	46.7	349	178	4	10	351	14	361	1.82e-99	298
KDHFCO_06635	CDIIGJ_01400	42.5	339	189	3	19	351	18	356	4.33e-91	276
KDHFCO_06635	DNKGCI_11120	42.8	339	188	2	19	351	18	356	1.23e-90	275
KDHFCO_06635	ABCLFC_13480	40.7	339	195	2	19	351	18	356	5.69e-86	263
KDHFCO_06635	COJBJG_03795	41.1	348	198	4	11	351	4	351	9.76e-86	262
KDHFCO_06635	CJHCCN_08765	40.6	355	199	5	8	351	6	359	6.33e-83	255
KDHFCO_06635	NGAPDN_05485	37.5	352	209	4	11	351	10	361	7.51e-73	229
KDHFCO_06640	CIEFDF_10550	97.8	93	2	0	1	93	1	93	5.14e-65	190
KDHFCO_06645	CGMKCF_00270	95.6	361	11	1	1	356	1	361	7.88e-241	656
KDHFCO_06645	AANGNE_04890	71.3	356	99	1	1	356	1	353	1.06e-176	494
KDHFCO_06645	IHNEIG_04445	66.0	356	121	0	1	356	6	361	2.66e-167	470
KDHFCO_06645	CDIIGJ_01400	61.2	356	138	0	1	356	1	356	4.97e-152	431
KDHFCO_06645	DNKGCI_11120	59.0	356	146	0	1	356	1	356	2.11e-141	404
KDHFCO_06645	ABCLFC_13480	53.7	356	165	0	1	356	1	356	2.68e-132	381
KDHFCO_06645	CJHCCN_08765	57.2	355	147	4	7	356	5	359	1.59e-129	374
KDHFCO_06645	IAFHMK_04565	53.4	356	155	4	2	356	4	349	3.01e-117	343
KDHFCO_06645	BKOEEG_06700	51.4	358	171	2	1	356	1	357	5.17e-115	337
KDHFCO_06645	CMOKEC_05705	50.7	349	164	3	10	356	11	353	2.74e-111	328
KDHFCO_06645	OFBCLB_03370	49.3	347	173	1	10	356	8	351	1.92e-108	320
KDHFCO_06645	ALBBCB_05790	48.7	349	173	3	8	356	6	348	4.00e-107	317
KDHFCO_06645	NGAPDN_05485	45.4	366	185	3	1	356	1	361	2.56e-95	287
KDHFCO_06645	JNMKIO_06740	43.5	352	158	4	9	356	10	324	3.12e-87	265
KDHFCO_06645	COJBJG_03795	40.6	352	206	3	7	356	1	351	3.75e-78	243
KDHFCO_06645	FHHLJO_07785	54.0	161	74	0	196	356	67	227	5.88e-56	182
KDHFCO_06645	AGINCK_11425	43.8	201	98	3	21	215	26	217	1.39e-49	166
KDHFCO_06650	DFCDFN_06050	86.5	443	59	1	1	442	1	443	1.31e-284	775
KDHFCO_06655	NJMHHG_04155	86.9	685	90	0	23	707	31	715	0.0	1199
KDHFCO_06655	HPKJMF_09865	100	78	0	0	49	126	1	78	3.48e-45	156
KDHFCO_06660	FIHDIM_06450	98.9	282	3	0	1	282	1	282	2.25e-201	550
KDHFCO_06660	LBKFJK_02135	66.1	280	95	0	1	280	1	280	9.64e-134	379
KDHFCO_06660	DDDLLA_03585	65.2	279	97	0	1	279	2	280	2.80e-131	373
KDHFCO_06660	DNKGCI_11140	64.9	279	98	0	1	279	1	279	1.10e-130	371
KDHFCO_06660	CNLKLD_06760	62.4	279	105	0	1	279	1	279	1.21e-127	363
KDHFCO_06660	CEHAJH_05250	63.6	283	101	2	1	281	1	283	1.25e-127	364
KDHFCO_06665	NEBMPO_04790	89.7	126	13	0	1	126	1	126	5.09e-77	223
KDHFCO_06665	DDDLLA_02155	68.6	121	38	0	4	124	5	125	1.07e-55	169
KDHFCO_06670	DDDLLA_03590	78.4	236	51	0	1	236	1	236	5.97e-137	384
KDHFCO_06670	CNLKLD_06755	68.2	236	74	1	1	236	1	235	2.01e-115	329
KDHFCO_06670	AANGNE_04915	57.6	231	98	0	6	236	2	232	2.35e-92	270
KDHFCO_06670	DNKGCI_11145	54.2	236	108	0	1	236	1	236	1.45e-89	263
KDHFCO_06670	BGHOFK_04045	55.1	236	105	1	1	236	2	236	2.38e-88	260
KDHFCO_06670	AANGNE_04155	38.5	218	131	3	1	218	6	220	1.27e-52	169
KDHFCO_06670	HNNKEJ_03855	41.1	214	125	1	5	218	6	218	5.25e-51	165
KDHFCO_06670	IAFHMK_06905	38.1	215	132	1	4	218	1	214	7.91e-50	162
KDHFCO_06670	BGHOFK_03695	37.5	216	134	1	3	218	2	216	8.93e-49	159
KDHFCO_06670	BKOEEG_07425	36.9	214	134	1	5	218	4	216	1.30e-48	159
KDHFCO_06670	CNLKLD_06125	39.1	215	129	2	4	218	1	213	2.31e-48	158
KDHFCO_06670	LBKFJK_09615	37.9	214	131	2	5	218	4	215	7.13e-48	157
KDHFCO_06670	DDDLLA_10505	37.9	214	131	2	5	218	10	221	1.16e-47	156
KDHFCO_06670	DNKGCI_09710	36.4	214	134	2	5	218	4	215	4.39e-46	152
KDHFCO_06675	AAKGEC_04385	91.6	416	35	0	1	416	1	416	1.84e-275	749
KDHFCO_06675	AANGNE_09220	36.3	328	200	3	2	327	9	329	1.99e-64	209
KDHFCO_06680	AAKGEC_04390	97.1	340	10	0	1	340	1	340	3.97e-243	660
KDHFCO_06680	NKPHMN_06025	99.5	219	1	0	122	340	477	695	8.20e-150	437
KDHFCO_06685	AAKGEC_04395	83.5	158	26	0	1	158	1	158	5.71e-82	238
KDHFCO_06685	DDDLLA_03605	67.1	158	52	0	1	158	1	158	8.67e-70	207
KDHFCO_06690	AHPAPB_06590	97.4	571	15	0	1	571	1	571	0.0	1098
KDHFCO_06690	ABCLFC_11365	25.6	535	382	9	11	539	5	529	9.65e-42	158
KDHFCO_06695	AAKGEC_04405	97.2	570	16	0	1	570	1	570	0.0	1097
KDHFCO_06700	ABCLFC_05965	98.8	260	3	0	1	260	1	260	2.96e-182	500
KDHFCO_06700	KILFKA_03335	81.5	259	48	0	1	259	197	455	7.76e-149	423
KDHFCO_06700	CDIIGJ_01455	72.4	257	71	0	1	257	1	257	2.27e-133	376
KDHFCO_06700	IAFHMK_10025	68.1	257	82	0	1	257	1	257	1.21e-126	359
KDHFCO_06700	DDDLLA_04285	65.8	257	88	0	1	257	1	257	2.26e-119	341
KDHFCO_06705	KILFKA_03335	87.8	189	23	0	1	189	1	189	1.80e-120	348
KDHFCO_06705	DFCDFN_05845	76.3	190	44	1	1	189	1	190	3.06e-108	307
KDHFCO_06705	CDIIGJ_07080	77.9	190	41	1	1	189	1	190	6.72e-107	304
KDHFCO_06705	LIIBMF_06040	84.8	132	20	0	60	191	1	132	4.80e-79	231
KDHFCO_06710	ABCLFC_05955	94.9	176	9	0	1	176	1	176	5.97e-116	325
KDHFCO_06710	PEPBIK_06640	79.8	109	21	1	36	143	93	201	5.23e-49	157
KDHFCO_06715	CDIIGJ_07075	82.2	455	80	1	1	455	1	454	2.33e-283	772
KDHFCO_06725	CDIIGJ_07070	81.0	268	50	1	4	271	3	269	6.18e-150	422
KDHFCO_06725	BEGLKA_12820	76.0	271	64	1	1	271	1	270	1.44e-144	409
KDHFCO_06725	AJANDE_09400	88.7	151	17	0	121	271	2	152	9.75e-91	268
KDHFCO_06730	NKPHMN_06025	100	296	0	0	1	296	185	480	3.62e-200	565
KDHFCO_06730	HNNKEJ_04020	75.4	321	74	1	1	316	185	505	6.01e-167	474
KDHFCO_06735	NKPHMN_06025	98.9	184	2	0	1	184	1	184	5.37e-120	354
KDHFCO_06735	HNNKEJ_04020	86.4	184	25	0	1	184	1	184	2.88e-108	318
KDHFCO_06740	AAKGEC_04435	96.6	319	11	0	1	319	1	319	6.54e-236	640
KDHFCO_06740	CNLKLD_03455	34.4	279	169	6	6	274	3	277	2.04e-49	166
KDHFCO_06745	EGPLAC_06475	78.3	263	54	1	1	260	1	263	1.75e-145	407
KDHFCO_06745	CDIIGJ_01490	61.2	260	101	0	1	260	1	260	4.35e-116	333
KDHFCO_06745	IAFHMK_07735	57.8	258	107	2	1	257	1	257	3.15e-101	295
KDHFCO_06745	HNNKEJ_03395	57.0	256	110	0	1	256	1	256	1.04e-99	291
KDHFCO_06745	DDDLLA_00925	49.4	261	125	2	1	257	1	258	1.51e-82	248
KDHFCO_06750	AAKGEC_04445	86.3	212	29	0	1	212	1	212	1.29e-134	375
KDHFCO_06755	MKICBC_02795	87.5	256	32	0	1	256	1	256	2.04e-160	445
KDHFCO_06755	CGMKCF_00880	86.9	259	34	0	1	259	238	496	3.98e-158	448
KDHFCO_06755	DDDLLA_00435	74.5	251	63	1	2	252	3	252	3.77e-131	370
KDHFCO_06755	DDDLLA_00935	73.1	253	68	0	1	253	1	253	3.95e-130	368
KDHFCO_06760	ABNNBP_07570	100	246	0	0	1	246	1	246	5.99e-175	480
KDHFCO_06760	CGMKCF_00880	85.8	233	33	0	1	233	1	233	6.96e-138	396
KDHFCO_06760	DDDLLA_00450	68.8	231	72	0	3	233	154	384	1.17e-111	325
KDHFCO_06760	CDIIGJ_01505	65.4	237	81	1	1	237	1	236	4.22e-111	318
KDHFCO_06760	HNNKEJ_03380	63.9	233	84	0	1	233	1	233	1.12e-106	307
KDHFCO_06760	DDDLLA_00940	60.4	235	93	0	1	235	1	235	1.12e-101	295
KDHFCO_06765	AAKGEC_04460	87.6	202	25	0	1	202	1	202	1.52e-128	359
KDHFCO_06765	CDIIGJ_01510	71.9	199	56	0	4	202	2	200	4.30e-101	290
KDHFCO_06765	HNNKEJ_03375	63.8	199	72	0	4	202	2	200	1.55e-91	266
KDHFCO_06765	DFCDFN_09480	62.9	202	70	2	4	202	2	201	1.02e-87	256
KDHFCO_06765	DDDLLA_00945	60.2	196	77	1	4	198	2	197	4.91e-82	242
KDHFCO_06770	BEGLKA_12880	98.1	262	5	0	1	262	1	262	5.81e-195	532
KDHFCO_06770	ONFANJ_06105	73.4	259	69	0	4	262	3	261	2.03e-144	404
KDHFCO_06775	ABCLFC_05880	98.0	199	4	0	1	199	1	199	5.18e-142	393
KDHFCO_06775	DDDLLA_00950	73.9	199	49	1	1	199	1	196	9.12e-105	299
KDHFCO_06780	ABCLFC_05875	97.0	435	13	0	1	435	1	435	8.83e-295	799
KDHFCO_06785	ABIMCM_05575	85.1	208	31	0	1	208	1	208	9.97e-121	340
KDHFCO_06785	HNNKEJ_03360	70.2	205	61	0	1	205	1	205	6.78e-103	295
KDHFCO_06785	DDDLLA_00960	66.5	206	69	0	1	206	1	206	5.01e-95	275
KDHFCO_06790	ABCLFC_05865	96.9	318	10	0	1	318	1	318	3.17e-222	606
KDHFCO_06790	IAFHMK_07585	64.7	320	108	2	1	318	1	317	1.74e-140	399
KDHFCO_06790	HNNKEJ_03355	54.9	324	129	4	1	315	1	316	7.10e-112	327
KDHFCO_06790	JCMPCJ_06020	51.4	317	149	3	3	315	5	320	1.22e-104	308
KDHFCO_06790	CDIIGJ_01530	51.7	321	149	4	1	317	1	319	7.22e-103	304
KDHFCO_06790	DDDLLA_00965	47.6	319	161	3	1	315	1	317	4.00e-94	281
KDHFCO_06795	AAKGEC_04495	77.9	353	78	0	1	353	1	353	3.04e-201	556
KDHFCO_06795	ACPHPF_06565	75.6	356	16	1	1	356	1	285	8.55e-183	506
KDHFCO_06795	CDIIGJ_01535	69.5	354	108	0	1	354	1	354	1.82e-182	508
KDHFCO_06795	HNNKEJ_03350	65.0	354	124	0	1	354	46	399	7.15e-167	471
KDHFCO_06795	IAFHMK_07580	63.6	352	128	0	1	352	1	352	1.73e-163	460
KDHFCO_06795	DDDLLA_00970	60.6	350	138	0	1	350	1	350	1.50e-153	435
KDHFCO_06795	LBKFJK_02945	54.9	350	158	0	1	350	1	350	3.34e-139	399
KDHFCO_06795	DNKGCI_02925	54.9	350	158	0	1	350	1	350	9.92e-139	397
KDHFCO_06795	DDDLLA_02970	54.7	349	158	0	1	349	1	349	5.39e-133	383
KDHFCO_06800	ABCLFC_05850	96.1	180	7	0	1	180	54	233	1.50e-122	347
KDHFCO_06800	CIJHDH_03820	69.5	203	62	0	2	204	55	257	3.49e-108	310
KDHFCO_06800	EEJBJI_10780	69.6	204	61	1	1	204	54	256	4.31e-104	300
KDHFCO_06800	BDEBFB_07265	66.7	204	68	0	1	204	54	257	6.58e-99	286
KDHFCO_06800	BGHOFK_09795	65.9	205	69	1	1	204	54	258	3.20e-97	282
KDHFCO_06800	CDIIGJ_08265	67.0	203	67	0	2	204	55	257	1.02e-95	278
KDHFCO_06800	NEHKFL_06960	64.2	204	73	0	1	204	54	257	4.80e-94	274
KDHFCO_06800	NEHKFL_05025	61.6	203	78	0	2	204	55	257	1.95e-93	273
KDHFCO_06800	EIKFFD_00090	59.5	185	75	0	1	185	54	238	1.80e-82	244
KDHFCO_06810	AAKGEC_03120	86.5	598	81	0	1	598	1	598	0.0	993
KDHFCO_06810	AANGNE_03775	62.2	588	221	1	9	596	9	595	1.88e-249	698
KDHFCO_06810	MIPKAO_00750	61.2	595	227	2	2	596	3	593	1.65e-247	693
KDHFCO_06810	CDIIGJ_08260	55.9	594	258	2	3	596	4	593	7.75e-219	620
KDHFCO_06810	BDEBFB_07260	51.4	590	282	1	9	598	8	592	8.43e-205	584
KDHFCO_06810	BGHOFK_09790	53.8	591	262	3	9	596	9	591	7.06e-204	582
KDHFCO_06810	NEHKFL_06955	47.1	595	295	9	9	596	10	591	5.37e-166	485
KDHFCO_06810	NEHKFL_05020	46.5	589	305	6	10	596	3	583	1.37e-161	474
KDHFCO_06815	AAKGEC_03115	89.5	133	14	0	1	133	1	133	2.59e-82	237
KDHFCO_06815	BPHPFJ_03390	64.3	129	46	0	2	130	3	131	7.49e-57	172
KDHFCO_06815	CBFHCM_03360	58.6	128	53	0	2	129	16	143	5.35e-52	160
KDHFCO_06820	ABCLFC_06230	96.9	159	5	0	1	159	1	159	2.10e-99	282
KDHFCO_06820	AANGNE_05030	64.6	158	56	0	2	159	4	161	1.04e-64	194
KDHFCO_06820	BGHOFK_06885	63.9	158	57	0	2	159	4	161	3.46e-63	191
KDHFCO_06825	PEPBIK_06785	98.9	666	7	0	1	666	1	666	0.0	1274
KDHFCO_06825	DBFGIH_06730	72.4	666	183	1	1	665	25	690	0.0	969
KDHFCO_06825	DFCDFN_07685	60.3	648	252	2	18	662	24	669	2.58e-278	777
KDHFCO_06825	DDDLLA_10910	57.2	666	273	6	6	665	2	661	1.17e-259	729
KDHFCO_06825	DNKGCI_07050	45.9	653	334	7	18	662	76	717	8.02e-190	557
KDHFCO_06825	IAFHMK_04935	47.8	651	321	7	18	659	71	711	1.83e-187	551
KDHFCO_06825	LBKFJK_03590	46.5	654	329	8	18	662	77	718	4.86e-187	550
KDHFCO_06825	BLCAGE_03870	45.9	658	337	8	13	662	66	712	7.79e-185	544
KDHFCO_06825	DDDLLA_00745	47.0	655	326	8	17	662	70	712	6.34e-184	541
KDHFCO_06825	HNNKEJ_05215	45.5	657	339	7	18	665	64	710	2.05e-182	537
KDHFCO_06825	CNLKLD_04440	42.8	649	349	10	17	659	67	699	1.99e-167	496
KDHFCO_06830	FODPPA_04090	100	110	0	0	1	110	39	148	2.43e-75	219
KDHFCO_06830	KFHBHO_04850	77.8	108	24	0	2	109	7	114	7.89e-59	176
KDHFCO_06830	DMIHID_01945	73.8	107	28	0	1	107	1	107	5.99e-55	166
KDHFCO_06835	ABNNBP_07645	100	815	0	0	1	815	1	815	0.0	1607
KDHFCO_06835	NCNHMD_07095	71.0	824	215	6	1	810	1	814	0.0	1154
KDHFCO_06835	GEDPFN_00240	68.1	812	255	3	4	812	2	812	0.0	1107
KDHFCO_06835	BIHALF_02320	34.1	835	412	40	4	740	3	797	1.32e-90	307
KDHFCO_06835	EHLNLG_00765	48.3	201	81	2	622	807	6	198	1.59e-50	175
KDHFCO_06835	KBNMIO_05655	55.1	187	81	1	627	810	428	614	6.20e-46	174
KDHFCO_06850	AANGNE_05075	83.8	555	89	1	1	554	1	555	0.0	941
KDHFCO_06850	FPMMJC_12745	38.4	547	326	6	7	544	3	547	2.61e-120	365
KDHFCO_06855	AAKGEC_11105	97.6	418	10	0	1	418	1	418	4.38e-245	672
KDHFCO_06855	AANGNE_05080	74.0	411	107	0	1	411	1	411	2.70e-174	493
KDHFCO_06855	DDDLLA_03390	56.4	413	180	0	1	413	1	413	1.43e-154	442
KDHFCO_06855	DNKGCI_11060	59.9	411	165	0	1	411	1	411	5.41e-147	423
KDHFCO_06855	CNLKLD_06730	59.3	405	163	2	1	404	1	404	2.69e-141	409
KDHFCO_06860	MJPEDB_02195	95.6	388	17	0	1	388	1	388	2.84e-234	642
KDHFCO_06860	IAFHMK_07140	65.4	381	131	1	1	381	1	380	1.35e-170	481
KDHFCO_06860	DNKGCI_11065	61.7	384	147	0	3	386	2	385	7.93e-167	472
KDHFCO_06860	CNLKLD_06725	63.4	380	138	1	1	380	1	379	5.88e-164	465
KDHFCO_06860	AANGNE_05085	63.0	376	139	0	5	380	2	377	1.14e-163	464
KDHFCO_06860	DDDLLA_08825	28.5	369	249	6	9	373	2	359	2.73e-44	157
KDHFCO_06860	IAFHMK_04155	28.9	363	239	9	9	365	2	351	1.31e-42	152
KDHFCO_06865	EPFKBN_07295	77.5	204	46	0	1	204	1	204	5.99e-116	328
KDHFCO_06865	HNNKEJ_04060	71.6	204	58	0	1	204	1	204	1.25e-106	304
KDHFCO_06865	AMCIGH_01795	67.6	204	66	0	1	204	21	224	3.42e-99	286
KDHFCO_06865	CDIIGJ_01810	68.7	201	63	0	4	204	10	210	1.80e-98	284
KDHFCO_06865	BGHOFK_04000	62.4	202	76	0	1	202	1	202	1.70e-93	271
KDHFCO_06865	IAFHMK_07130	60.8	199	78	0	6	204	8	206	2.36e-88	258
KDHFCO_06865	LBKFJK_04310	59.7	201	79	1	6	204	3	203	1.18e-78	233
KDHFCO_06865	DNKGCI_11080	53.7	201	91	1	6	204	4	204	6.20e-74	221
KDHFCO_06865	OFBCLB_00525	53.7	201	91	1	6	204	6	206	2.72e-68	207
KDHFCO_06865	CNLKLD_05985	46.6	191	98	2	18	204	9	199	1.03e-53	170
KDHFCO_06870	CBEECJ_04715	78.3	534	116	0	1	534	1	534	4.60e-310	847
KDHFCO_06870	CNLKLD_05260	67.2	536	169	4	1	529	1	536	3.01e-256	710
KDHFCO_06875	BGHOFK_03990	73.7	453	119	0	1	453	1	453	4.11e-253	696
KDHFCO_06875	HNNKEJ_04070	73.2	441	118	0	16	456	1	441	5.27e-243	669
KDHFCO_06875	IAFHMK_07115	68.7	453	142	0	3	455	1	453	1.70e-235	651
KDHFCO_06875	DNKGCI_11085	66.1	449	149	1	11	456	2	450	1.52e-223	620
KDHFCO_06875	KMMJML_03790	90.9	317	29	0	140	456	1	317	4.00e-212	586
KDHFCO_06875	LEAGNF_11255	62.3	453	167	1	3	455	13	461	8.49e-211	589
KDHFCO_06875	OFBCLB_00530	61.6	456	172	1	3	455	1	456	1.26e-207	580
KDHFCO_06875	CNLKLD_07440	59.0	454	183	1	3	456	4	454	9.81e-197	553
KDHFCO_06875	BEGLKA_13015	99.6	253	1	0	1	253	1	253	7.53e-181	504
KDHFCO_06875	DDDLLA_05020	31.5	460	287	6	23	456	21	478	5.79e-74	240
KDHFCO_06880	ABCLFC_06290	98.9	273	3	0	1	273	1	273	3.42e-183	503
KDHFCO_06880	ABCBPP_06455	69.6	273	83	0	1	273	1	273	2.76e-129	367
KDHFCO_06880	EHLNLG_00690	66.3	273	92	0	1	273	1	273	1.43e-124	355
KDHFCO_06880	DICHKL_06140	62.3	273	100	1	1	273	1	270	6.90e-115	330
KDHFCO_06880	LBKFJK_08455	56.0	273	119	1	1	273	1	272	6.36e-104	303
KDHFCO_06880	DNKGCI_09605	54.6	273	123	1	1	273	1	272	1.70e-101	296
KDHFCO_06885	ABCLFC_06295	98.7	234	3	0	1	234	1	234	5.31e-163	449
KDHFCO_06885	BGHOFK_01155	72.6	230	63	0	1	230	1	230	1.88e-121	344
KDHFCO_06885	HDKJGO_02420	60.7	234	92	0	1	234	1	234	9.62e-104	299
KDHFCO_06890	MDKGKD_05780	82.9	841	143	1	1	841	2	841	0.0	1293
KDHFCO_06890	DDDLLA_11280	71.9	837	232	2	1	835	1	836	0.0	1116
KDHFCO_06890	HNNKEJ_05105	64.0	828	290	2	8	828	9	835	0.0	969
KDHFCO_06890	DNKGCI_10915	48.4	781	391	6	9	782	8	783	1.89e-229	664
KDHFCO_06890	DBFGIH_00895	41.0	678	380	8	9	676	8	675	2.06e-150	460
KDHFCO_06890	LIMBNG_08850	34.8	736	448	8	8	729	4	721	1.79e-128	403
KDHFCO_06890	GNOKMM_08040	32.4	540	330	11	201	725	4	523	4.58e-80	268
KDHFCO_06890	JAPIMJ_06920	28.0	744	419	18	73	724	88	806	1.30e-55	206
KDHFCO_06900	BAFDFF_09595	99.7	391	1	0	1	391	1	391	1.93e-286	775
KDHFCO_06900	GIODPP_08930	52.3	390	183	2	1	390	1	387	1.14e-140	405
KDHFCO_06900	BPPLAM_03680	50.6	389	192	0	1	389	1	389	1.61e-137	397
KDHFCO_06900	FMBBOG_10550	52.5	356	168	1	34	389	1	355	3.87e-131	380
KDHFCO_06900	BJNLFJ_00015	51.8	357	172	0	1	357	1	357	9.67e-130	377
KDHFCO_06900	DANMKC_05690	100	125	0	0	75	199	127	251	8.87e-83	253
KDHFCO_06900	ABCBPP_12920	47.6	254	133	0	137	390	1	254	8.56e-76	235
KDHFCO_06905	ABNNBP_07715	99.8	461	1	0	1	461	93	553	0.0	949
KDHFCO_06905	AGKMKK_00235	66.9	459	149	3	1	459	93	548	8.59e-231	643
KDHFCO_06905	IDJNJP_07390	32.5	452	265	16	13	455	101	521	6.00e-63	212
KDHFCO_06905	AAKGEC_09225	30.0	470	279	16	1	452	94	531	1.52e-48	174
KDHFCO_06910	FHONGL_07030	100	87	0	0	1	87	1	87	2.35e-61	180
KDHFCO_06915	ABCLFC_06340	98.2	393	7	0	1	393	1	393	5.98e-299	806
KDHFCO_06920	ABNNBP_07725	99.5	398	2	0	1	398	1	398	6.17e-258	703
KDHFCO_06925	ABCLFC_06350	97.3	112	3	0	1	112	1	112	2.22e-81	239
KDHFCO_06930	BAFDFF_09595	99.7	391	1	0	1	391	1	391	1.93e-286	775
KDHFCO_06930	GIODPP_08930	52.3	390	183	2	1	390	1	387	1.14e-140	405
KDHFCO_06930	BPPLAM_03680	50.6	389	192	0	1	389	1	389	1.61e-137	397
KDHFCO_06930	FMBBOG_10550	52.5	356	168	1	34	389	1	355	3.87e-131	380
KDHFCO_06930	BJNLFJ_00015	51.8	357	172	0	1	357	1	357	9.67e-130	377
KDHFCO_06930	DANMKC_05690	100	125	0	0	75	199	127	251	8.87e-83	253
KDHFCO_06930	ABCBPP_12920	47.6	254	133	0	137	390	1	254	8.56e-76	235
KDHFCO_06940	ABCLFC_06350	98.7	151	2	0	1	151	149	299	9.60e-101	290
KDHFCO_06940	AGKMKK_00240	55.3	141	61	1	3	143	151	289	7.00e-46	150
KDHFCO_06945	AAKGEC_03855	97.2	355	10	0	1	355	1	355	1.87e-260	706
KDHFCO_06945	CNLKLD_06720	65.6	355	122	0	1	355	1	355	5.15e-175	489
KDHFCO_06950	BGHOFK_03960	87.6	267	32	1	1	266	1	267	1.85e-154	430
KDHFCO_06955	CNLKLD_06710	76.3	262	59	2	3	262	6	266	2.37e-140	394
KDHFCO_06960	BGHOFK_03950	93.3	415	27	1	1	414	34	448	3.82e-258	707
KDHFCO_06960	ABJDJH_10240	44.1	365	180	7	5	356	4	357	2.40e-86	267
KDHFCO_06960	GNOKMM_04940	37.9	322	176	5	5	313	1	311	1.26e-60	200
KDHFCO_06960	HNNKEJ_12195	43.1	281	149	6	13	283	8	287	2.35e-60	199
KDHFCO_06960	AAKGEC_00645	37.8	299	167	3	4	283	2	300	4.20e-60	199
KDHFCO_06960	BPDDPD_09330	40.7	246	140	3	5	249	1	241	3.64e-54	180
KDHFCO_06960	BNBIEO_02790	42.8	236	129	3	6	237	3	236	8.13e-53	177
KDHFCO_06960	CNLKLD_01840	40.4	255	145	4	6	260	7	254	3.24e-52	175
KDHFCO_06970	AAKGEC_03880	94.0	299	18	0	1	299	1	299	4.36e-199	546
KDHFCO_06970	AANGNE_04290	73.2	299	80	0	1	299	1	299	5.55e-152	427
KDHFCO_06970	DDDLLA_03200	72.2	299	83	0	1	299	1	299	8.22e-151	424
KDHFCO_06970	CNLKLD_06700	68.0	291	93	0	8	298	7	297	4.58e-138	391
KDHFCO_06970	EDFOEG_03245	40.2	296	171	4	4	297	728	1019	1.01e-56	196
KDHFCO_06975	BGHOFK_03920	78.8	198	42	0	1	198	1	198	6.71e-101	289
KDHFCO_06975	IAFHMK_03870	67.5	194	63	0	1	194	1	194	1.38e-80	238
KDHFCO_06975	AANGNE_03620	64.0	175	63	0	13	187	1	175	8.05e-72	215
KDHFCO_06975	CNLKLD_08005	54.3	186	85	0	6	191	7	192	1.47e-62	192
KDHFCO_06980	AAKGEC_03890	86.4	295	40	0	1	295	1	295	2.83e-182	503
KDHFCO_06980	HNNKEJ_04140	74.1	293	75	1	1	292	1	293	1.43e-149	420
KDHFCO_06980	CDIIGJ_01255	72.9	295	80	0	1	295	1	295	4.18e-147	414
KDHFCO_06980	BGHOFK_03915	69.8	295	89	0	1	295	1	295	3.97e-145	409
KDHFCO_06980	IAFHMK_00130	67.6	293	94	1	1	293	1	292	3.57e-133	379
KDHFCO_06980	DDDLLA_06750	50.2	293	138	3	2	291	4	291	8.26e-93	276
KDHFCO_06980	DNKGCI_03940	49.0	296	141	4	2	293	4	293	3.05e-88	265
KDHFCO_06980	LBKFJK_00850	46.2	301	147	4	2	292	3	298	4.76e-83	251
KDHFCO_06985	AAKGEC_03895	91.1	428	38	0	1	428	1	428	1.70e-277	755
KDHFCO_06985	HNNKEJ_04145	72.5	426	117	0	1	426	1	426	2.88e-227	628
KDHFCO_06985	IAFHMK_00135	71.7	428	121	0	1	428	1	428	1.04e-220	611
KDHFCO_06985	BGHOFK_03910	70.9	426	124	0	3	428	1	426	9.44e-212	588
KDHFCO_06985	DDDLLA_06740	38.2	403	242	3	3	404	4	400	2.54e-84	264
KDHFCO_06985	DNKGCI_03930	36.2	409	256	2	3	411	4	407	2.70e-80	253
KDHFCO_06985	LBKFJK_00840	36.3	416	249	5	3	412	6	411	3.47e-78	248
KDHFCO_06990	KFHBHO_01280	98.1	212	4	0	1	212	1	212	1.11e-149	415
KDHFCO_06990	NAECHE_07625	56.6	212	90	2	1	210	3	214	1.12e-78	234
KDHFCO_06995	CDIIGJ_01240	82.0	427	77	0	1	427	1	427	3.30e-248	681
KDHFCO_06995	BNBIEO_08520	65.1	427	149	0	1	427	1	427	9.95e-196	548
KDHFCO_06995	DNKGCI_00475	67.4	420	136	1	4	422	7	426	1.46e-195	548
KDHFCO_06995	LBKFJK_09365	65.3	426	147	1	1	425	4	429	3.47e-191	536
KDHFCO_06995	CNLKLD_05995	59.1	423	163	4	3	423	4	418	4.58e-170	483
KDHFCO_06995	COBKPA_01185	57.0	419	180	0	5	423	5	423	1.27e-165	472
KDHFCO_07000	ABCLFC_06410	97.0	166	5	0	1	166	1	166	2.80e-111	313
KDHFCO_07000	AAKGEC_03910	73.3	165	44	0	1	165	1	165	1.72e-82	240
KDHFCO_07000	HNNKEJ_04160	64.8	165	58	0	2	166	3	167	5.81e-68	203
KDHFCO_07000	CDIIGJ_01235	62.8	164	61	0	2	165	3	166	7.48e-68	203
KDHFCO_07000	IAFHMK_07035	62.0	163	62	0	1	163	1	163	7.73e-68	203
KDHFCO_07000	DDDLLA_03180	64.6	161	57	0	1	161	1	161	2.44e-67	202
KDHFCO_07000	DNKGCI_00480	62.5	160	59	1	2	161	3	161	4.58e-64	193
KDHFCO_07000	LBKFJK_09370	61.1	162	62	1	1	161	1	162	1.11e-60	185
KDHFCO_07000	BGHOFK_03895	58.8	160	66	0	2	161	3	162	3.45e-59	181
KDHFCO_07000	ACNHAK_08560	59.6	161	60	2	1	161	1	156	6.31e-59	180
KDHFCO_07000	EIKFFD_08670	59.3	162	61	3	1	162	1	157	1.84e-55	171
KDHFCO_07000	CNLKLD_06000	59.3	162	59	3	1	161	1	156	4.65e-53	165
KDHFCO_07005	AAKGEC_03915	82.6	357	62	0	1	357	1	357	4.58e-214	588
KDHFCO_07005	CDIIGJ_01230	70.9	357	104	0	1	357	2	358	3.76e-176	493
KDHFCO_07005	HNNKEJ_04165	65.8	357	122	0	1	357	1	357	1.46e-168	473
KDHFCO_07005	IAFHMK_07030	65.8	357	122	0	1	357	1	357	1.38e-166	468
KDHFCO_07005	BGHOFK_03890	65.7	356	122	0	1	356	1	356	3.22e-165	465
KDHFCO_07005	AANGNE_05185	62.5	357	134	0	1	357	1	357	5.66e-154	436
KDHFCO_07005	CNLKLD_06005	59.3	349	140	1	9	357	8	354	2.08e-136	392
KDHFCO_07005	DDDLLA_03175	54.2	356	163	0	1	356	1	356	5.35e-135	388
KDHFCO_07005	LBKFJK_09375	53.4	356	165	1	1	355	2	357	1.54e-127	369
KDHFCO_07005	DNKGCI_00485	53.8	355	164	0	1	355	1	355	1.34e-125	364
KDHFCO_07010	AAKGEC_03920	90.8	349	32	0	1	349	1	349	5.06e-230	628
KDHFCO_07010	BGHOFK_03885	72.5	349	96	0	1	349	1	349	1.73e-184	513
KDHFCO_07010	HNNKEJ_04170	72.4	348	96	0	1	348	1	348	4.94e-184	512
KDHFCO_07010	IAFHMK_07025	67.3	349	114	0	1	349	1	349	1.80e-172	483
KDHFCO_07010	AANGNE_05190	69.0	348	108	0	1	348	2	349	5.34e-172	481
KDHFCO_07010	CNLKLD_06010	64.1	348	121	1	1	348	1	344	8.29e-156	440
KDHFCO_07010	CDIIGJ_01220	68.5	162	51	0	1	162	1	162	1.81e-77	235
KDHFCO_07010	DDDLLA_03170	52.2	159	76	0	3	161	4	162	3.99e-51	167
KDHFCO_07010	DNKGCI_00490	53.2	158	74	0	3	160	4	161	8.72e-51	166
KDHFCO_07010	LBKFJK_09380	47.8	159	83	0	1	159	1	159	2.86e-45	152
KDHFCO_07015	AAKGEC_03925	93.1	116	8	0	1	116	1	116	1.66e-70	206
KDHFCO_07015	DDDLLA_03165	71.3	115	33	0	1	115	1	115	6.88e-54	164
KDHFCO_07015	AANGNE_05195	69.8	116	34	1	1	116	10	124	3.99e-50	154
KDHFCO_07015	IAFHMK_07020	67.0	115	38	0	1	115	1	115	4.42e-50	154
KDHFCO_07015	CNLKLD_06015	67.2	116	38	0	1	116	1	116	1.80e-49	152
KDHFCO_07020	DNKGCI_00500	85.5	193	28	0	3	195	24	216	9.13e-120	337
KDHFCO_07025	AANGNE_05205	85.6	403	55	2	5	405	7	408	7.69e-238	653
KDHFCO_07035	BGHOFK_03865	75.3	166	41	0	1	166	1	166	6.61e-90	259
KDHFCO_07035	IAFHMK_07005	71.5	165	47	0	1	165	2	166	2.07e-87	253
KDHFCO_07035	HNNKEJ_04190	68.5	165	52	0	1	165	1	165	3.18e-81	237
KDHFCO_07035	DDDLLA_03725	59.8	164	66	0	1	164	1	164	1.53e-74	220
KDHFCO_07035	AANGNE_05210	62.4	165	61	1	1	164	1	165	6.20e-73	216
KDHFCO_07035	LBKFJK_09405	61.7	162	62	0	1	162	1	162	4.17e-72	214
KDHFCO_07035	DNKGCI_00515	61.6	164	63	0	1	164	1	164	1.19e-71	213
KDHFCO_07035	CNLKLD_06050	57.0	165	71	0	2	166	3	167	2.68e-66	199
KDHFCO_07040	DDDLLA_03830	79.9	169	32	1	1	169	1	167	4.75e-102	290
KDHFCO_07050	BJLDLK_00470	98.9	94	1	0	1	94	43	136	5.09e-63	187
KDHFCO_07055	BGHOFK_03855	89.9	424	39	1	1	424	1	420	1.42e-261	715
KDHFCO_07055	CCHDGN_00455	95.2	104	5	0	1	104	1	104	5.58e-58	186
KDHFCO_07055	DFCDFN_01470	28.4	429	266	11	19	425	22	431	1.26e-41	152
KDHFCO_07060	OAEMLE_07555	95.9	197	8	0	1	197	1	197	8.16e-129	360
KDHFCO_07065	ABCLFC_06475	97.9	94	2	0	1	94	1	94	2.26e-60	178
KDHFCO_07070	ABCLFC_06480	100	121	0	0	1	121	1	121	2.71e-85	243
KDHFCO_07075	ABCLFC_06485	99.7	356	1	0	1	356	1	356	3.95e-242	659
KDHFCO_07075	CLEGAA_12400	71.2	354	96	2	1	350	1	352	6.55e-176	492
KDHFCO_07075	DNKGCI_09815	63.3	349	125	1	1	349	12	357	1.62e-146	417
KDHFCO_07075	AAKGEC_06740	60.5	349	126	1	1	349	1	337	3.64e-138	395
KDHFCO_07075	CNLKLD_02575	60.0	350	128	2	1	350	1	338	6.45e-134	385
KDHFCO_07080	ABCLFC_06490	99.5	191	1	0	1	191	1	191	1.35e-137	381
KDHFCO_07080	BGLHNG_01085	69.1	191	59	0	1	191	1	191	5.99e-93	268
KDHFCO_07080	BOKJIE_08430	47.1	191	100	1	1	190	1	191	2.28e-57	178
KDHFCO_07080	ABCLFC_06495	44.8	192	101	3	1	190	1	189	1.72e-51	163
KDHFCO_07080	CLEGAA_12415	44.0	191	104	2	1	190	1	189	9.81e-51	161
KDHFCO_07085	ABCLFC_06495	99.5	191	1	0	1	191	1	191	9.10e-136	377
KDHFCO_07085	CLEGAA_12415	61.3	191	74	0	1	191	1	191	2.19e-81	239
KDHFCO_07085	BOKJIE_08430	43.2	192	107	1	1	190	1	192	1.69e-49	158
KDHFCO_07085	ABCLFC_06490	44.8	192	101	3	1	189	1	190	4.52e-49	157
KDHFCO_07085	BGLHNG_01085	42.4	191	107	2	1	189	1	190	2.37e-46	150
KDHFCO_07090	ABCLFC_06500	99.5	207	1	0	1	207	1	207	4.81e-148	409
KDHFCO_07090	BGLHNG_01095	57.2	208	88	1	1	207	1	208	4.58e-84	247
KDHFCO_07090	BOKJIE_08440	50.0	210	74	4	1	203	1	186	4.56e-63	193
KDHFCO_07095	ABCLFC_06505	100	365	0	0	1	365	1	365	3.02e-246	671
KDHFCO_07095	EHKLLF_10625	53.8	364	167	1	3	365	18	381	6.11e-127	369
KDHFCO_07095	BGLHNG_01100	56.6	348	151	0	18	365	40	387	1.50e-126	368
KDHFCO_07100	BAFDFF_06655	100	534	0	0	1	534	1	534	0.0	1055
KDHFCO_07100	BGLHNG_01105	52.7	509	234	4	27	531	34	539	2.55e-184	528
KDHFCO_07100	FPMMJC_06175	42.1	515	268	6	25	533	13	503	1.72e-136	404
KDHFCO_07105	BAFDFF_06650	99.6	273	1	0	1	273	1	273	3.63e-194	531
KDHFCO_07110	DFOKEG_06260	100	368	0	0	1	368	1	368	6.66e-272	736
KDHFCO_07115	FIJOPB_07110	100	398	0	0	1	398	1	398	2.57e-282	764
KDHFCO_07120	BAFDFF_06625	99.5	408	2	0	1	408	1	408	3.75e-296	800
KDHFCO_07125	ABCLFC_06475	97.9	94	2	0	1	94	1	94	2.26e-60	178
KDHFCO_07130	ABCLFC_06480	100	121	0	0	1	121	1	121	2.71e-85	243
KDHFCO_07135	COJBJG_03795	98.0	351	7	0	1	351	1	351	2.40e-245	667
KDHFCO_07135	OFBCLB_03370	42.4	349	197	3	3	351	7	351	9.76e-86	262
KDHFCO_07135	CMOKEC_05705	42.7	349	195	4	3	351	10	353	5.87e-85	260
KDHFCO_07135	IHNEIG_04445	41.8	352	202	3	1	351	12	361	1.06e-84	260
KDHFCO_07135	IAFHMK_04565	43.4	346	185	4	7	351	14	349	6.62e-83	255
KDHFCO_07135	BKOEEG_06700	43.0	344	190	4	11	351	17	357	1.34e-81	252
KDHFCO_07135	AANGNE_04890	39.7	343	203	3	9	351	15	353	3.80e-77	240
KDHFCO_07135	ALBBCB_05790	39.8	349	203	4	3	351	7	348	1.84e-76	238
KDHFCO_07135	CGMKCF_00270	40.3	357	205	4	1	351	7	361	4.26e-75	235
KDHFCO_07135	CDIIGJ_01400	38.9	342	206	3	11	351	17	356	2.92e-74	233
KDHFCO_07135	CJHCCN_08765	39.5	354	207	5	3	351	8	359	8.96e-74	232
KDHFCO_07135	JNMKIO_06740	37.9	348	182	5	4	351	11	324	4.36e-65	208
KDHFCO_07135	NGAPDN_05485	33.3	345	218	4	3	339	9	349	3.24e-53	179
KDHFCO_07140	COJBJG_03790	95.6	90	4	0	1	90	1	90	2.23e-56	168
KDHFCO_07150	FHONGL_07205	100	186	0	0	1	186	1	186	1.19e-124	348
KDHFCO_07150	EJEPOM_05295	82.2	185	33	0	2	186	387	571	6.78e-96	288
KDHFCO_07150	AAKGEC_10930	52.2	182	80	1	4	185	146	320	5.42e-50	163
KDHFCO_07155	FHONGL_07210	100	212	0	0	1	212	1	212	4.96e-148	409
KDHFCO_07160	PDNCMB_11085	100	839	0	0	1	839	132	970	0.0	1628
KDHFCO_07160	PLIMDK_04605	60.0	833	333	0	1	833	329	1161	0.0	1018
KDHFCO_07160	AJKPDP_10870	50.5	190	94	0	1	190	326	515	3.75e-54	196
KDHFCO_07165	AHPAPB_10090	99.6	279	1	0	1	279	22	300	2.56e-202	553
KDHFCO_07165	ACPHPF_04690	58.3	276	114	1	1	275	6	281	1.81e-111	323
KDHFCO_07165	BEGLKA_08720	98.7	157	2	0	1	157	92	248	7.79e-105	305
KDHFCO_07165	MHGLEN_14025	99.4	156	1	0	1	156	1	156	5.63e-104	305
KDHFCO_07165	FAAIHB_09795	48.3	267	135	2	14	277	1	267	4.05e-79	240
KDHFCO_07165	ABJDJH_12790	44.9	272	146	3	11	278	10	281	1.10e-73	226
KDHFCO_07165	JOBCMP_04985	45.6	270	139	5	12	276	11	277	2.78e-70	218
KDHFCO_07165	OOBKJG_03060	99.1	110	1	0	1	110	1	110	9.01e-69	209
KDHFCO_07165	GLOJGG_04620	71.4	133	15	1	144	276	1	110	1.28e-57	179
KDHFCO_07165	BGHOFK_10420	53.0	168	76	2	111	275	44	211	9.06e-57	181
KDHFCO_07165	BDNBEJ_04175	91.2	91	8	0	84	174	41	131	1.08e-52	168
KDHFCO_07165	OMDMHF_02850	38.4	268	156	5	17	275	3	270	8.47e-52	170
KDHFCO_07165	OBFACL_08170	37.7	265	162	2	10	271	7	271	3.11e-50	167
KDHFCO_07165	BCFLNJ_06580	97.5	80	2	0	1	80	1	80	3.64e-47	154
KDHFCO_07165	ACPHPF_00235	38.4	279	0	1	1	279	1	107	1.08e-46	151
KDHFCO_07165	OMDMHF_02875	37.3	260	155	5	10	266	1	255	1.57e-45	153
KDHFCO_07170	KABOBF_01505	89.4	94	2	1	1	86	1	94	3.84e-50	152
KDHFCO_07175	FHONGL_07230	100	218	0	0	1	218	1	218	6.32e-163	447
KDHFCO_07175	AJKPDP_10870	63.2	212	77	1	3	214	1	211	7.14e-95	286
KDHFCO_07175	PLIMDK_04605	59.8	214	86	0	1	214	1	214	1.05e-85	274
KDHFCO_07180	DHPGCJ_10510	94.6	369	20	0	1	369	190	558	1.94e-243	672
KDHFCO_07180	CLEGAA_14305	91.1	369	33	0	1	369	1	369	1.56e-236	647
KDHFCO_07180	MNCDBI_12025	73.3	367	98	0	3	369	195	561	4.27e-183	519
KDHFCO_07180	CCDOKP_02105	63.0	376	133	2	2	371	182	557	1.10e-158	456
KDHFCO_07180	PKGHFF_07250	55.9	374	155	3	1	367	194	564	1.62e-129	382
KDHFCO_07180	AOJAFJ_00750	52.3	369	164	2	2	370	182	538	2.04e-125	371
KDHFCO_07180	DNKGCI_01605	52.1	361	170	1	2	359	181	541	3.73e-125	371
KDHFCO_07180	IAFHMK_04595	49.9	375	172	4	1	368	193	558	1.57e-116	349
KDHFCO_07180	BLIMPP_02440	48.8	371	175	3	1	359	192	559	1.21e-109	332
KDHFCO_07180	OFBCLB_00110	47.4	371	160	5	1	370	195	531	1.11e-95	295
KDHFCO_07180	AJKPDP_05630	32.5	360	239	2	2	359	171	528	1.39e-59	201
KDHFCO_07180	ABJDJH_07385	56.2	169	71	1	204	369	1	169	6.16e-54	175
KDHFCO_07180	DNKGCI_05355	65.7	134	46	0	2	135	104	237	2.04e-52	174
KDHFCO_07185	ABCLFC_13075	99.8	599	1	0	1	599	1	599	0.0	1196
KDHFCO_07185	KJOAFL_06485	93.0	142	10	0	458	599	48	189	1.92e-91	279
KDHFCO_07185	MJPEDB_04500	40.5	215	120	4	23	232	32	243	6.85e-44	162
KDHFCO_07185	BNBIEO_10685	47.7	174	88	2	56	227	62	234	1.97e-42	157
KDHFCO_07190	CGMKCF_03625	93.0	171	12	0	1	171	1	171	1.88e-116	326
KDHFCO_07190	DHPGCJ_10510	91.3	160	14	0	1	160	1	160	2.45e-101	301
KDHFCO_07190	PKGHFF_07250	76.4	161	37	1	1	160	1	161	7.49e-83	254
KDHFCO_07190	MNCDBI_12025	68.8	160	50	0	1	160	1	160	5.23e-75	234
KDHFCO_07190	AOJAFJ_00750	64.6	161	56	1	1	160	1	161	5.71e-71	223
KDHFCO_07190	BLIMPP_02440	63.1	160	59	0	1	160	1	160	2.13e-67	214
KDHFCO_07190	IAFHMK_04595	61.0	164	60	1	1	160	1	164	5.12e-66	210
KDHFCO_07190	OFBCLB_00110	58.2	165	64	2	1	160	1	165	4.70e-61	197
KDHFCO_07190	DNKGCI_01605	58.8	160	66	0	1	160	1	160	1.32e-60	196
KDHFCO_07190	CCDOKP_02105	57.1	161	68	1	1	160	1	161	7.46e-59	191
KDHFCO_07195	CCDOKP_12585	90.4	115	11	0	4	118	5	119	7.79e-68	199
KDHFCO_07195	CFKGLB_00440	71.8	117	33	0	1	117	1	117	5.34e-52	159
KDHFCO_07200	FHONGL_07255	100	173	0	0	1	173	1	173	4.12e-130	361
KDHFCO_07200	PLDCIE_11255	99.4	173	1	0	1	173	57	229	8.55e-129	360
KDHFCO_07200	DHPGCJ_10500	71.7	173	49	0	1	173	57	229	5.80e-90	261
KDHFCO_07205	BOKJIE_01900	96.2	158	6	0	1	158	1	158	2.07e-100	285
KDHFCO_07205	MNCDBI_12015	56.5	147	64	0	1	147	1	147	1.16e-48	154
KDHFCO_07210	AAKGEC_01275	96.5	550	19	0	1	550	1	550	0.0	1043
KDHFCO_07210	MNCDBI_12010	73.1	550	147	1	1	550	1	549	3.87e-289	795
KDHFCO_07210	CCDOKP_02125	61.8	343	128	3	206	548	20	359	8.34e-144	418
KDHFCO_07210	AOJAFJ_00765	53.1	352	160	3	182	530	107	456	1.84e-120	362
KDHFCO_07210	BLIMPP_02455	53.5	310	142	2	201	510	6	313	4.08e-112	337
KDHFCO_07210	KDEKFF_00510	54.3	317	143	2	198	514	115	429	6.86e-112	340
KDHFCO_07210	LPLJMN_09365	48.3	383	188	6	167	545	90	466	6.93e-111	338
KDHFCO_07210	CCDPJE_01620	51.2	336	160	3	179	514	102	433	1.64e-109	335
KDHFCO_07210	DNKGCI_01620	51.1	305	145	3	209	511	8	310	2.94e-95	293
KDHFCO_07210	DBJPJM_05235	40.9	313	177	5	204	514	417	723	7.08e-69	235
KDHFCO_07210	ABJDJH_13025	35.4	364	225	6	150	512	289	643	1.04e-65	225
KDHFCO_07210	EPKBNI_06545	41.3	286	164	4	209	493	578	860	1.29e-63	223
KDHFCO_07210	CEHFAN_05065	40.2	286	167	4	209	493	476	758	7.54e-63	219
KDHFCO_07210	ADJCAM_03035	38.4	294	177	4	204	496	190	480	1.04e-62	213
KDHFCO_07210	ABIMCM_09010	40.6	286	166	4	209	493	566	848	1.07e-62	220
KDHFCO_07210	EPOEKF_02210	37.5	320	194	4	196	514	808	1122	3.08e-61	218
KDHFCO_07210	GKHPLN_07040	35.2	341	207	5	183	514	551	886	1.85e-58	209
KDHFCO_07210	FMNMPI_10185	32.3	437	268	9	115	546	637	1050	1.18e-55	201
KDHFCO_07210	AJKPDP_05645	38.9	316	171	11	198	499	1184	1491	9.97e-49	181
KDHFCO_07215	CCDOKP_12565	93.9	588	36	0	1	588	1	588	0.0	1105
KDHFCO_07215	NGAPDN_13850	35.7	588	75	5	1	588	1	285	7.21e-90	278
KDHFCO_07215	MNCDBI_12005	32.1	574	93	5	1	574	1	277	1.16e-69	226
KDHFCO_07215	CCDOKP_02130	29.5	569	114	4	1	569	1	282	4.08e-67	220
KDHFCO_07220	ABJDJH_09565	85.9	170	22	1	1	168	1	170	8.61e-100	284
KDHFCO_07225	ADJCAM_08605	77.2	391	89	0	1	391	1	391	7.85e-221	609
KDHFCO_07225	BBKIGO_06290	72.7	388	106	0	1	388	1	388	2.83e-211	585
KDHFCO_07225	NOKDAP_02670	69.3	394	111	2	1	394	1	384	2.60e-192	536
KDHFCO_07225	AOJAFJ_00035	50.3	398	168	6	1	378	1	388	1.09e-125	368
KDHFCO_07225	DNKGCI_01630	48.1	378	184	2	4	378	3	371	6.00e-120	353
KDHFCO_07225	PHBBGM_11755	92.5	133	10	0	72	204	7	139	2.87e-84	253
KDHFCO_07225	CGMKCF_03595	95.2	126	6	0	199	324	1	126	4.98e-78	237
KDHFCO_07225	DBJPJM_05215	40.5	351	183	9	20	356	6	344	9.50e-75	237
KDHFCO_07225	BGLHNG_11625	37.8	360	197	9	20	364	6	353	2.46e-67	217
KDHFCO_07225	ABJDJH_05490	37.5	384	207	10	13	380	4	370	3.01e-63	207
KDHFCO_07225	PKGHFF_02765	35.9	384	198	11	4	361	3	364	1.01e-59	207
KDHFCO_07225	BPLFFK_01380	36.5	384	196	12	4	361	3	364	1.02e-58	206
KDHFCO_07225	LPLJMN_09345	35.9	393	200	13	4	367	3	372	8.43e-58	201
KDHFCO_07225	IAFHMK_04645	36.3	400	189	15	1	361	1	373	1.78e-56	196
KDHFCO_07225	KDEKFF_00480	34.9	378	196	12	10	360	11	365	5.93e-55	192
KDHFCO_07225	FMNMPI_10185	36.7	360	182	11	23	360	5	340	7.42e-54	191
KDHFCO_07225	EPOEKF_02210	33.7	365	198	9	21	361	12	356	4.28e-50	181
KDHFCO_07225	AJKPDP_05645	35.6	362	187	10	29	369	23	359	5.38e-49	177
KDHFCO_07225	AMBJPI_04865	33.8	367	201	13	17	360	9	356	5.20e-47	170
KDHFCO_07225	BLIMPP_02465	30.7	375	214	12	7	356	6	359	1.45e-46	167
KDHFCO_07225	ABIMCM_09000	33.7	356	196	14	23	356	9	346	7.22e-45	158
KDHFCO_07225	BAOMEA_01910	33.8	390	195	14	14	360	5	374	1.15e-44	164
KDHFCO_07225	LLMEEB_11760	32.0	378	201	11	18	356	8	368	1.13e-42	159
KDHFCO_07235	DHPGCJ_10465	92.9	354	25	0	1	354	1	354	3.32e-210	578
KDHFCO_07235	ADJCAM_08600	49.2	360	171	5	1	352	1	356	1.39e-87	267
KDHFCO_07235	DNKGCI_01600	39.8	354	196	8	5	354	4	344	9.67e-52	174
KDHFCO_07235	BBKIGO_06295	40.3	367	168	11	24	351	298	652	4.03e-51	179
KDHFCO_07240	AAKGEC_01305	98.2	612	11	0	1	612	1	612	0.0	1204
KDHFCO_07240	BBKIGO_06300	71.7	607	171	1	4	610	31	636	0.0	898
KDHFCO_07240	KHHBNE_01090	71.1	608	175	1	3	610	285	891	0.0	890
KDHFCO_07240	CCDPJE_01660	67.6	601	186	4	8	606	2	595	2.76e-289	800
KDHFCO_07240	DNKGCI_01650	60.1	602	237	2	8	607	21	621	1.22e-265	741
KDHFCO_07240	BLIMPP_02470	56.4	599	257	3	10	607	4	599	3.27e-237	667
KDHFCO_07240	AOJAFJ_00055	55.4	599	263	2	8	606	2	596	1.53e-231	653
KDHFCO_07240	AMBJPI_04855	51.3	606	290	2	4	609	2	602	2.02e-217	617
KDHFCO_07240	FMNMPI_10200	45.6	585	294	6	11	583	7	579	3.85e-166	487
KDHFCO_07240	AJKPDP_05660	43.2	592	322	4	11	596	5	588	1.87e-161	478
KDHFCO_07240	EKJGNK_11885	37.7	538	298	9	84	592	70	599	3.09e-117	361
KDHFCO_07240	ABJDJH_13970	35.4	591	353	13	18	591	13	591	2.62e-113	351
KDHFCO_07240	AMBJPI_02260	34.0	576	348	12	26	579	12	577	6.91e-101	318
KDHFCO_07240	AGCFKM_10340	35.7	530	323	8	73	593	63	583	1.43e-97	310
KDHFCO_07240	KNEDAK_09600	34.4	529	326	8	70	590	58	573	5.66e-96	305
KDHFCO_07240	ALBBCB_10140	34.3	534	328	9	70	593	64	584	1.21e-95	305
KDHFCO_07240	BGLHNG_11670	34.5	528	311	10	75	588	62	568	2.88e-93	298
KDHFCO_07240	NGAPDN_14060	32.4	552	344	11	49	589	44	577	1.19e-88	287
KDHFCO_07240	ABJDJH_05445	32.7	539	321	11	69	587	50	566	3.52e-88	285
KDHFCO_07240	AAOIOD_02285	33.5	534	332	9	71	593	63	584	5.21e-86	280
KDHFCO_07240	DBJPJM_05165	33.3	544	317	14	71	595	62	578	1.61e-85	278
KDHFCO_07240	BAOMEA_01965	32.3	538	341	10	71	595	62	589	1.08e-82	271
KDHFCO_07240	NMHJIK_01825	32.2	525	331	11	71	583	57	568	2.00e-78	259
KDHFCO_07240	ADJCAM_03100	31.0	603	369	17	11	588	3	583	2.34e-78	259
KDHFCO_07245	AAKGEC_01310	97.0	167	5	0	1	167	1	167	6.88e-117	327
KDHFCO_07245	BBKIGO_06305	66.3	166	56	0	1	166	1	166	3.39e-78	229
KDHFCO_07245	IAFHMK_04665	54.6	141	63	1	1	140	1	141	6.25e-52	163
KDHFCO_07245	DNKGCI_01655	54.8	146	66	0	1	146	1	146	4.57e-50	158
KDHFCO_07245	AMBJPI_04850	47.5	141	73	1	1	140	1	141	8.33e-47	150
KDHFCO_07255	EBGJEB_12320	88.8	437	48	1	1	437	1	436	1.27e-244	672
KDHFCO_07255	NBKJHM_09100	65.4	434	128	3	5	437	1	413	1.99e-164	468
KDHFCO_07255	ADJCAM_08575	49.1	444	197	5	8	437	5	433	1.02e-109	330
KDHFCO_07255	KFOCHN_13165	38.1	449	232	7	5	437	1	419	1.04e-77	247
KDHFCO_07265	EGHGNB_03600	96.5	229	8	0	2	230	9	237	5.05e-131	368
KDHFCO_07265	CCDOKP_02175	58.5	195	81	0	1	195	1	195	3.09e-76	228
KDHFCO_07265	BPLFFK_01405	52.6	194	92	0	1	194	1	194	4.86e-66	203
KDHFCO_07265	KDEKFF_05035	52.3	199	87	3	1	194	1	196	1.02e-59	187
KDHFCO_07265	DNKGCI_01685	54.4	180	81	1	1	180	1	179	2.73e-59	186
KDHFCO_07265	AOJAFJ_00075	49.2	193	93	2	1	192	1	189	3.62e-57	179
KDHFCO_07265	DNKIME_00620	46.4	192	98	2	3	193	3	190	6.60e-52	167
KDHFCO_07265	BLIMPP_02500	45.1	193	101	2	1	192	1	189	1.42e-51	166
KDHFCO_07270	CCDOKP_02180	79.0	105	22	0	1	105	1	105	5.64e-57	171
KDHFCO_07275	MNCDBI_11955	76.9	863	198	1	9	870	8	870	0.0	1330
KDHFCO_07275	NBKJHM_09080	74.5	757	192	1	115	870	124	880	0.0	1155
KDHFCO_07275	DNKGCI_01690	56.3	838	355	6	38	869	33	865	0.0	927
KDHFCO_07275	BLIMPP_02505	50.0	866	403	9	9	867	13	855	4.33e-284	807
KDHFCO_07275	AOJAFJ_00080	52.5	747	343	5	126	870	133	869	1.04e-266	763
KDHFCO_07275	AMBJPI_04805	38.9	897	480	18	1	867	1	859	6.94e-194	576
KDHFCO_07275	KDEKFF_05040	39.0	882	475	19	3	867	8	843	4.89e-183	548
KDHFCO_07275	CCDPJE_01695	39.0	878	478	20	6	867	11	846	5.20e-173	522
KDHFCO_07275	CFKGLB_00380	39.7	794	419	18	90	867	140	889	9.94e-172	520
KDHFCO_07275	DAEIAJ_05360	45.9	617	304	14	266	868	294	894	4.91e-166	505
KDHFCO_07275	ILDBOH_03995	39.2	707	355	21	174	849	248	910	1.24e-126	403
KDHFCO_07275	COBKPA_06885	52.6	348	150	7	530	870	251	590	1.18e-109	348
KDHFCO_07275	AJKPDP_05690	36.4	648	325	21	267	849	241	866	6.17e-103	339
KDHFCO_07275	BKMMEC_10140	48.5	355	154	9	530	870	317	656	2.67e-97	318
KDHFCO_07275	FMNMPI_10240	33.8	642	374	15	36	646	17	638	1.11e-88	294
KDHFCO_07280	AAKGEC_01340	99.2	796	6	0	1	796	1	796	0.0	1533
KDHFCO_07280	KDEKFF_05045	55.5	794	350	1	1	794	1	791	5.27e-309	865
KDHFCO_07280	AMBJPI_04800	53.6	796	364	2	1	796	1	791	2.04e-289	815
KDHFCO_07280	CCDOKP_02190	52.7	793	369	3	1	793	1	787	2.02e-283	800
KDHFCO_07280	BLIMPP_02510	52.0	786	370	5	10	794	7	786	2.24e-282	797
KDHFCO_07280	DNKGCI_01695	51.2	793	380	4	1	793	1	786	3.82e-273	773
KDHFCO_07280	AOJAFJ_00085	50.3	788	372	6	21	793	18	800	9.59e-270	765
KDHFCO_07280	AJKPDP_05695	46.4	763	397	7	35	793	37	791	4.05e-222	644
KDHFCO_07280	FMNMPI_10245	42.6	788	442	6	10	793	7	788	3.49e-207	605
KDHFCO_07280	ABCBPP_14025	36.8	800	484	10	3	792	6	793	1.57e-163	493
KDHFCO_07280	AJKPDP_04240	37.6	795	473	12	4	792	6	783	2.11e-162	490
KDHFCO_07280	DBJPJM_05185	33.2	789	514	8	10	791	7	789	6.76e-147	450
KDHFCO_07280	ABJDJH_05465	33.5	767	493	9	35	794	25	781	5.14e-144	442
KDHFCO_07280	GMEMGK_07505	36.3	769	461	15	32	792	30	777	9.88e-140	431
KDHFCO_07280	BGLHNG_11650	34.0	764	487	9	35	791	27	780	2.64e-138	427
KDHFCO_07280	ONFANJ_08255	33.5	804	507	14	9	792	3	798	1.61e-132	413
KDHFCO_07280	DNKIME_00400	31.0	784	506	14	32	794	3	772	9.31e-120	379
KDHFCO_07280	AAOIOD_01625	30.2	764	516	9	34	791	21	773	4.79e-119	377
KDHFCO_07280	NGAPDN_01520	31.5	761	492	11	38	791	33	771	3.50e-113	361
KDHFCO_07280	AGCFKM_10320	30.8	814	514	16	6	794	2	791	1.06e-112	360
KDHFCO_07280	KNEDAK_09620	28.3	769	524	16	34	791	43	795	3.15e-94	311
KDHFCO_07280	NMHJIK_01865	28.8	778	516	19	35	791	29	789	2.18e-85	288
KDHFCO_07285	AAKGEC_01345	99.1	117	1	0	1	117	1	117	4.07e-76	220
KDHFCO_07290	AAKGEC_01350	98.5	261	4	0	1	261	1	261	2.29e-171	473
KDHFCO_07290	AMBJPI_04795	35.0	260	166	2	1	260	1	257	9.93e-50	164
KDHFCO_07290	BPLFFK_01425	31.8	261	176	1	1	261	1	259	1.52e-45	153
KDHFCO_07300	OAEMLE_12605	99.1	111	1	0	1	111	1	111	4.62e-78	226
KDHFCO_07300	CCDOKP_02210	70.1	127	38	0	4	130	5	131	1.52e-58	177
KDHFCO_07305	FHONGL_07360	100	1243	0	0	1	1243	1	1243	0.0	2370
KDHFCO_07305	CGMKCF_05960	68.6	1251	374	5	1	1243	1	1240	0.0	1629
KDHFCO_07305	OPPHHN_12870	64.4	1244	407	7	29	1243	11	1247	0.0	1527
KDHFCO_07305	ADJCAM_08515	60.6	1185	458	3	66	1241	43	1227	0.0	1363
KDHFCO_07305	CGMKCF_03550	66.3	523	176	0	1	523	1	523	3.19e-220	644
KDHFCO_07305	CPNLII_10230	35.6	862	465	18	17	817	2	834	3.20e-149	472
KDHFCO_07305	EMAPBM_04035	36.2	864	453	19	14	817	6	831	2.74e-147	467
KDHFCO_07305	AMBJPI_02305	38.5	356	203	4	482	821	709	1064	5.95e-58	219
KDHFCO_07305	CHNCKL_09410	35.5	417	247	10	816	1224	744	1146	4.87e-54	206
KDHFCO_07305	DEPPAI_05535	35.0	417	249	10	816	1224	752	1154	1.85e-52	201
KDHFCO_07305	KPGHOL_04415	35.2	415	247	11	816	1222	1036	1436	6.60e-52	200
KDHFCO_07310	NNPKJK_13670	90.3	340	23	1	1	340	1	330	2.14e-178	496
KDHFCO_07310	GNPDOB_00475	68.2	337	78	9	1	330	1	315	5.84e-88	266
KDHFCO_07310	PLBPOI_08720	64.6	263	75	5	1	263	1	245	3.00e-61	197
KDHFCO_07310	OPPHHN_12875	64.0	264	71	3	1	264	1	240	5.87e-57	186
KDHFCO_07315	AAKGEC_06160	98.6	145	2	0	1	145	1	145	1.70e-95	271
KDHFCO_07320	FHONGL_07375	100	77	0	0	1	77	1	77	1.36e-51	155
KDHFCO_07325	AAKGEC_06155	98.3	120	2	0	1	120	1	120	4.35e-77	223
KDHFCO_07330	CLEGAA_13610	92.2	179	14	0	1	179	1	179	2.71e-113	319
KDHFCO_07330	FPMMJC_13605	54.4	182	78	3	3	179	2	183	8.16e-55	171
KDHFCO_07330	NOKDAP_02375	53.0	183	80	3	3	179	2	184	1.17e-50	160
KDHFCO_07335	ACIHME_00765	90.1	81	8	0	1	81	56	136	2.41e-51	156
KDHFCO_07345	AAKGEC_06145	93.1	87	6	0	1	87	1	87	4.97e-54	162
KDHFCO_07360	ABJDJH_05405	95.8	287	12	0	1	287	1	287	3.48e-200	548
KDHFCO_07360	ADJCAM_08480	61.6	279	107	0	8	286	5	283	7.44e-120	344
KDHFCO_07365	ABJDJH_05400	88.1	151	18	0	1	151	1	151	1.21e-91	262
KDHFCO_07365	AKOOIJ_00935	73.5	151	33	2	1	151	1	144	1.25e-71	211
KDHFCO_07365	NCNHMD_06235	68.2	151	39	3	1	151	1	142	1.95e-63	190
KDHFCO_07365	NBKJHM_09010	69.5	151	7	1	1	151	1	112	1.23e-62	187
KDHFCO_07365	BPDDPD_13030	59.6	161	54	3	1	151	1	160	1.80e-58	178
KDHFCO_07370	IAMNKG_10905	78.0	314	63	3	1	312	1	310	8.18e-171	475
KDHFCO_07370	IAMLOO_09840	65.7	210	69	1	1	210	1	207	7.24e-94	280
KDHFCO_07370	CMOKEC_10655	58.4	250	85	4	1	249	1	232	2.71e-91	273
KDHFCO_07370	CGMKCF_05990	64.3	196	65	3	1	191	1	196	7.38e-79	241
KDHFCO_07370	CCDPJE_01810	64.2	190	61	1	1	190	1	183	8.81e-79	242
KDHFCO_07370	BLIMPP_02550	62.6	195	67	3	1	195	1	189	1.96e-71	222
KDHFCO_07370	CFKGLB_09065	65.2	161	56	0	36	196	1	161	3.88e-71	220
KDHFCO_07375	AAKGEC_03965	98.5	329	5	0	1	329	1	329	1.66e-234	638
KDHFCO_07380	AAKGEC_03970	89.7	204	21	0	1	204	1	204	1.15e-129	362
KDHFCO_07380	CDIIGJ_01160	72.1	204	57	0	1	204	1	204	1.52e-104	299
KDHFCO_07380	HNNKEJ_04245	73.0	204	54	1	1	204	1	203	2.69e-100	288
KDHFCO_07380	BGHOFK_03840	68.6	204	64	0	1	204	1	204	3.35e-99	285
KDHFCO_07380	IAFHMK_06975	58.9	197	81	0	1	197	1	197	6.52e-83	244
KDHFCO_07380	LBKFJK_09435	62.8	196	73	0	2	197	15	210	3.94e-82	243
KDHFCO_07380	DNKGCI_00540	59.2	196	80	0	2	197	3	198	7.63e-80	236
KDHFCO_07380	DDDLLA_03850	58.5	195	81	0	1	195	1	195	5.75e-76	226
KDHFCO_07380	LEAGNF_10685	52.8	197	93	0	1	197	1	197	6.59e-68	206
KDHFCO_07380	CNLKLD_06165	48.2	193	100	0	2	194	8	200	2.18e-57	179
KDHFCO_07385	ADJCAM_00200	97.3	257	7	0	1	257	18	274	2.95e-180	495
KDHFCO_07390	GKALEM_05860	98.8	242	3	0	1	242	1	242	9.32e-181	495
KDHFCO_07390	LBKFJK_09445	74.8	242	61	0	1	242	1	242	7.63e-134	376
KDHFCO_07390	DDDLLA_03860	72.4	239	66	0	1	239	2	240	1.87e-128	362
KDHFCO_07390	IAFHMK_06965	70.2	242	72	0	1	242	1	242	2.04e-123	350
KDHFCO_07390	DNKGCI_00550	64.9	239	84	0	1	239	1	239	6.33e-115	328
KDHFCO_07390	CNLKLD_06175	62.1	243	88	2	1	241	1	241	3.70e-108	311
KDHFCO_07390	AANGNE_04480	59.9	247	93	4	1	242	1	246	9.28e-106	305
KDHFCO_07390	OICAJO_06235	94.2	121	7	0	1	121	1	121	4.45e-79	234
KDHFCO_07395	AMCIGH_01055	80.1	146	29	0	1	146	19	164	4.51e-84	243
KDHFCO_07400	BGHOFK_03820	79.9	268	53	1	1	268	1	267	4.82e-161	447
KDHFCO_07400	IAFHMK_06955	62.9	264	94	1	5	268	1	260	2.26e-123	352
KDHFCO_07400	DNKGCI_00630	59.8	264	102	1	5	268	1	260	1.57e-111	322
KDHFCO_07400	LBKFJK_09530	56.7	263	109	2	5	267	1	258	7.33e-105	305
KDHFCO_07400	BNBIEO_08330	52.2	268	125	2	5	269	8	275	8.73e-100	292
KDHFCO_07400	DDDLLA_03895	54.1	266	120	1	5	268	1	266	1.55e-98	289
KDHFCO_07400	CNLKLD_06185	50.4	258	124	2	16	269	1	258	3.82e-92	272
KDHFCO_07405	CNLKLD_06190	73.4	372	99	0	6	377	3	374	5.09e-203	562
KDHFCO_07405	LBKFJK_09535	71.7	374	104	1	3	376	2	373	9.77e-201	556
KDHFCO_07405	AANGNE_06440	71.0	373	106	1	3	375	4	374	6.16e-194	539
KDHFCO_07410	AAKGEC_09510	83.4	175	29	0	1	175	1	175	1.27e-108	307
KDHFCO_07410	CDIIGJ_01555	68.6	175	55	0	1	175	1	175	9.31e-83	241
KDHFCO_07415	AAKGEC_04005	89.7	439	45	0	1	439	7	445	3.05e-310	839
KDHFCO_07415	CDIIGJ_01560	71.1	436	126	0	4	439	5	440	3.90e-245	674
KDHFCO_07420	HNAFAL_01760	80.9	131	25	0	1	131	63	193	2.30e-75	222
KDHFCO_07420	HNNKEJ_04315	70.3	128	38	0	1	128	63	190	1.90e-63	191
KDHFCO_07420	DNKGCI_00640	57.8	128	54	0	1	128	63	190	4.23e-51	160
KDHFCO_07420	LBKFJK_09540	55.8	129	57	0	2	130	64	192	1.66e-50	159
KDHFCO_07420	DDDLLA_03905	56.9	123	53	0	2	124	64	186	3.08e-47	150
KDHFCO_07430	ABNNBP_07905	99.7	305	1	0	1	305	1	305	2.08e-225	613
KDHFCO_07430	CDIIGJ_01380	72.6	299	80	2	7	303	1	299	2.78e-160	448
KDHFCO_07430	HNNKEJ_04320	70.6	303	83	2	1	303	1	297	2.77e-157	440
KDHFCO_07430	BGHOFK_03800	67.5	305	99	0	1	305	1	305	7.69e-157	439
KDHFCO_07430	DNKGCI_00645	63.3	297	103	1	7	303	1	291	7.68e-137	388
KDHFCO_07430	LBKFJK_09545	61.4	303	111	1	1	303	4	300	3.49e-135	384
KDHFCO_07430	AANGNE_00295	62.6	297	105	2	7	303	1	291	1.39e-132	377
KDHFCO_07430	IAFHMK_06935	59.5	301	116	1	1	301	1	295	1.37e-129	370
KDHFCO_07430	DDDLLA_03910	56.9	295	121	1	7	301	1	289	8.29e-120	345
KDHFCO_07430	PAGFJI_05740	97.9	144	3	0	61	204	1	144	9.51e-96	280
KDHFCO_07430	MCFIIO_08860	32.3	310	177	9	1	291	1	296	2.77e-43	150
KDHFCO_07435	DDDLLA_03930	75.3	251	62	0	2	252	3	253	7.00e-136	382
KDHFCO_07435	CPLMAE_10155	98.9	89	1	0	1	89	1	89	6.38e-56	176
KDHFCO_07440	CGMKCF_01490	89.0	283	31	0	1	283	1	283	6.30e-171	473
KDHFCO_07440	DNKGCI_04640	60.3	282	112	0	1	282	1	282	3.51e-114	330
KDHFCO_07440	GFJHCF_05910	89.3	178	19	0	1	178	1	178	1.37e-103	300
KDHFCO_07440	LBKFJK_03870	53.9	282	129	1	1	282	1	281	1.36e-95	282
KDHFCO_07440	DNKGCI_11010	51.6	277	133	1	1	277	1	276	2.28e-89	266
KDHFCO_07440	HNNKEJ_06810	41.7	283	164	1	1	283	1	282	5.40e-67	209
KDHFCO_07440	DBFGIH_02365	40.2	281	167	1	1	281	1	280	1.73e-65	206
KDHFCO_07445	AAKGEC_04030	94.8	650	34	0	1	650	1	650	0.0	1165
KDHFCO_07445	HNNKEJ_06800	64.4	648	219	2	1	648	1	636	6.54e-301	832
KDHFCO_07445	DBFGIH_04860	65.3	645	214	2	1	645	1	635	1.22e-300	832
KDHFCO_07445	PLIDEH_07035	35.4	664	373	15	5	647	3	631	9.18e-97	310
KDHFCO_07445	JIGPNC_03510	35.4	653	381	13	9	650	6	628	2.43e-96	308
KDHFCO_07445	BGHOFK_00615	34.3	664	380	15	5	650	3	628	4.28e-96	308
KDHFCO_07445	AANGNE_08360	32.9	663	387	12	5	647	3	627	2.29e-90	293
KDHFCO_07445	JAIDNN_07690	33.1	661	383	11	5	647	177	796	8.72e-90	296
KDHFCO_07445	GEDPFN_08620	33.5	656	388	14	5	643	3	627	5.43e-88	287
KDHFCO_07445	PHNKGJ_02305	34.9	653	375	14	9	650	6	619	1.64e-87	285
KDHFCO_07445	CNLKLD_06030	32.0	653	382	12	9	632	7	626	1.05e-84	278
KDHFCO_07445	BGHOFK_02935	31.1	655	390	13	5	631	3	624	1.27e-81	270
KDHFCO_07445	CJHCCN_02135	31.4	649	403	14	9	650	6	619	2.80e-81	268
KDHFCO_07445	CJHCCN_07355	32.8	665	391	17	5	650	3	630	3.69e-81	268
KDHFCO_07445	BDEBFB_07105	30.8	675	389	14	9	648	8	639	4.99e-78	260
KDHFCO_07445	IHNEIG_03910	30.1	635	397	15	5	632	2	596	1.06e-77	259
KDHFCO_07445	EJEPOM_07410	30.6	633	389	13	10	632	7	599	2.16e-77	258
KDHFCO_07445	DNKGCI_11580	31.3	646	380	15	9	624	8	619	2.03e-75	253
KDHFCO_07445	BNBIEO_01020	29.5	650	404	14	11	631	4	628	8.48e-75	252
KDHFCO_07445	AAKGEC_03590	30.3	657	409	14	16	645	12	646	2.38e-74	251
KDHFCO_07445	AJKPDP_02710	31.1	663	384	17	13	649	19	634	2.47e-72	245
KDHFCO_07445	LBKFJK_04765	29.2	661	392	13	10	646	9	617	4.15e-71	241
KDHFCO_07445	OFBCLB_10540	30.4	654	391	14	6	648	3	603	4.76e-71	241
KDHFCO_07445	GEDPFN_03060	30.4	635	387	18	9	631	8	599	3.39e-70	239
KDHFCO_07445	ANILPM_09560	30.5	650	405	12	8	650	44	653	1.86e-69	238
KDHFCO_07450	AAKGEC_04035	96.0	297	12	0	1	297	1	297	1.45e-180	499
KDHFCO_07450	NAFEBK_08890	96.3	297	11	0	1	297	352	648	1.24e-175	499
KDHFCO_07450	DNKGCI_11035	67.5	268	87	0	1	268	1	268	3.84e-122	351
KDHFCO_07450	LBKFJK_03845	64.6	268	95	0	1	268	1	268	1.39e-115	334
KDHFCO_07450	AECHFI_07555	52.8	265	125	0	4	268	4	268	3.83e-88	265
KDHFCO_07455	AAKGEC_04040	77.1	353	81	0	1	353	1	353	1.40e-199	551
KDHFCO_07455	NAFEBK_08890	76.6	350	82	0	1	350	1	350	1.24e-191	543
KDHFCO_07455	DNKGCI_04625	60.7	349	137	0	1	349	1	349	1.06e-151	430
KDHFCO_07455	AANGNE_02820	51.6	349	168	1	1	348	1	349	3.82e-123	358
KDHFCO_07460	BGHOFK_03765	91.9	321	26	0	1	321	1	321	4.55e-211	578
KDHFCO_07460	IAFHMK_06925	64.1	315	108	1	6	320	6	315	2.88e-140	399
KDHFCO_07460	CNLKLD_01560	61.1	319	124	0	1	319	1	319	8.00e-139	395
KDHFCO_07460	DDDLLA_03935	61.2	312	121	0	7	318	3	314	2.74e-131	376
KDHFCO_07460	AANGNE_06610	42.0	312	175	3	1	311	1	307	1.15e-78	242
KDHFCO_07460	AANGNE_00875	37.2	320	191	3	1	317	1	313	2.56e-78	241
KDHFCO_07460	FAKCMI_10230	40.9	215	112	4	1	206	1	209	1.15e-51	170
KDHFCO_07460	GHCKID_06985	33.6	318	201	6	6	323	2	309	1.86e-51	172
KDHFCO_07460	AANGNE_02105	31.8	314	201	6	6	317	2	304	4.85e-50	168
KDHFCO_07465	COBMDH_06290	96.5	313	5	1	1	307	1	313	3.50e-215	587
KDHFCO_07465	AANGNE_06460	72.2	299	83	0	8	306	1	299	2.14e-156	438
KDHFCO_07465	DNKGCI_00660	69.9	299	90	0	8	306	1	299	4.31e-156	437
KDHFCO_07465	CNLKLD_06215	68.3	300	95	0	8	307	1	300	2.06e-149	421
KDHFCO_07470	AAKGEC_04055	82.7	330	56	1	1	330	1	329	7.48e-197	543
KDHFCO_07470	BGHOFK_03755	71.9	334	83	4	1	330	19	345	1.42e-163	459
KDHFCO_07470	HNNKEJ_03945	69.3	329	80	1	1	329	1	308	5.22e-160	449
KDHFCO_07470	DNKGCI_00665	65.2	328	93	1	1	328	1	307	4.09e-152	429
KDHFCO_07470	LBKFJK_09565	65.2	328	93	1	1	328	2	308	6.01e-152	428
KDHFCO_07470	IAFHMK_06915	64.0	328	97	1	1	328	18	324	1.26e-146	416
KDHFCO_07470	DDDLLA_03945	64.0	328	97	1	1	328	1	307	3.29e-144	409
KDHFCO_07470	AANGNE_06465	62.8	325	96	2	5	329	1	300	5.79e-143	405
KDHFCO_07470	CNLKLD_06220	57.5	325	113	1	5	329	1	300	2.80e-124	358
KDHFCO_07475	ABNNBP_07950	100	239	0	0	1	239	1	239	6.05e-128	361
KDHFCO_07475	DHALJH_05560	69.0	239	63	3	1	238	1	229	6.63e-78	234
KDHFCO_07475	CDIIGJ_01820	61.6	242	75	4	1	239	1	227	5.79e-55	175
KDHFCO_07480	ABNNBP_07955	99.9	816	1	0	1	816	8	823	0.0	1538
KDHFCO_07485	OECBDL_05815	79.9	174	1	1	1	174	1	140	5.62e-80	233
KDHFCO_07485	ABCLFC_06680	98.2	110	2	0	65	174	1	110	4.55e-68	202
KDHFCO_07490	ABCLFC_06685	95.3	148	7	0	1	148	1	148	2.24e-88	260
KDHFCO_07495	AHPAPB_10090	99.6	279	1	0	1	279	22	300	2.56e-202	553
KDHFCO_07495	ACPHPF_04690	58.3	276	114	1	1	275	6	281	1.81e-111	323
KDHFCO_07495	BEGLKA_08720	98.7	157	2	0	1	157	92	248	7.79e-105	305
KDHFCO_07495	MHGLEN_14025	99.4	156	1	0	1	156	1	156	5.63e-104	305
KDHFCO_07495	FAAIHB_09795	48.3	267	135	2	14	277	1	267	4.05e-79	240
KDHFCO_07495	ABJDJH_12790	44.9	272	146	3	11	278	10	281	1.10e-73	226
KDHFCO_07495	JOBCMP_04985	45.6	270	139	5	12	276	11	277	2.78e-70	218
KDHFCO_07495	OOBKJG_03060	99.1	110	1	0	1	110	1	110	9.01e-69	209
KDHFCO_07495	GLOJGG_04620	71.4	133	15	1	144	276	1	110	1.28e-57	179
KDHFCO_07495	BGHOFK_10420	53.0	168	76	2	111	275	44	211	9.06e-57	181
KDHFCO_07495	BDNBEJ_04175	91.2	91	8	0	84	174	41	131	1.08e-52	168
KDHFCO_07495	OMDMHF_02850	38.4	268	156	5	17	275	3	270	8.47e-52	170
KDHFCO_07495	OBFACL_08170	37.7	265	162	2	10	271	7	271	3.11e-50	167
KDHFCO_07495	BCFLNJ_06580	97.5	80	2	0	1	80	1	80	3.64e-47	154
KDHFCO_07495	ACPHPF_00235	38.4	279	0	1	1	279	1	107	1.08e-46	151
KDHFCO_07495	OMDMHF_02875	37.3	260	155	5	10	266	1	255	1.57e-45	153
KDHFCO_07500	KABOBF_01505	89.4	94	2	1	1	86	1	94	3.84e-50	152
KDHFCO_07505	ABCLFC_06690	99.0	314	3	0	1	314	1	314	2.36e-231	629
KDHFCO_07510	AAKGEC_04065	94.8	499	26	0	1	499	1	499	0.0	913
KDHFCO_07510	ACNHAK_08095	59.5	499	196	3	2	499	6	499	1.69e-206	581
KDHFCO_07510	CDIIGJ_08620	30.9	502	272	13	60	490	302	799	4.22e-58	205
KDHFCO_07515	CEHNAA_06810	99.2	118	1	0	32	149	1	118	1.05e-82	238
KDHFCO_07515	ALHAGD_05895	85.7	126	18	0	1	126	1	126	6.35e-76	222
KDHFCO_07515	LBKFJK_09570	68.2	148	46	1	1	148	1	147	1.42e-72	214
KDHFCO_07515	AANGNE_06470	67.6	148	47	1	1	148	1	147	1.15e-70	209
KDHFCO_07515	PELOCJ_09530	66.2	148	49	1	1	148	1	147	1.76e-67	201
KDHFCO_07515	EIKFFD_09325	52.9	140	65	1	5	144	24	162	2.13e-50	158
KDHFCO_07515	CHNCKL_00170	52.1	144	68	1	4	147	24	166	2.40e-48	153
KDHFCO_07520	CFLCIE_08105	92.5	120	9	0	1	120	71	190	3.77e-76	223
KDHFCO_07520	DDDLLA_03950	67.8	118	38	0	1	118	71	188	1.78e-54	168
KDHFCO_07530	ABCBPP_06150	85.2	155	23	0	1	155	1	155	6.73e-100	283
KDHFCO_07530	IAFHMK_00145	67.7	155	50	0	1	155	1	155	2.42e-77	226
KDHFCO_07530	OFBCLB_09165	68.6	156	48	1	1	155	1	156	3.94e-74	218
KDHFCO_07530	LBKFJK_09580	62.8	156	57	1	1	155	1	156	1.78e-70	209
KDHFCO_07535	GGNLIA_06015	98.2	708	7	1	1	708	1	702	0.0	1338
KDHFCO_07535	CNLKLD_06915	73.6	762	192	4	1	758	1	757	0.0	1091
KDHFCO_07535	BGLHJG_00835	31.5	739	413	18	8	657	13	747	9.20e-89	295
KDHFCO_07535	HBPNHC_03870	28.6	660	398	24	8	649	4	608	1.83e-55	200
KDHFCO_07535	AKOOIJ_12725	26.3	666	403	19	8	648	5	607	1.48e-48	181
KDHFCO_07540	AAKGEC_04090	83.3	257	43	0	1	257	1	257	8.89e-151	420
KDHFCO_07540	CNLKLD_06810	51.3	236	115	0	14	249	14	249	2.24e-76	232
KDHFCO_07540	DHCEMN_00825	96.6	116	4	0	1	116	1	116	2.85e-73	220
KDHFCO_07540	EOLLIN_02640	85.3	116	17	0	1	116	1	116	2.85e-65	199
KDHFCO_07545	ABCBPP_06135	75.6	209	51	0	1	209	1	209	1.35e-107	307
KDHFCO_07545	DDDLLA_03220	70.9	206	60	0	1	206	1	206	6.38e-99	285
KDHFCO_07550	AAKGEC_04100	76.5	921	212	1	1	917	1	921	0.0	1368
KDHFCO_07550	PFILNK_06265	96.9	541	17	0	377	917	1	541	0.0	1022
KDHFCO_07550	CNLKLD_06820	42.4	812	432	9	12	814	19	803	2.50e-192	575
KDHFCO_07550	GGNLIA_06000	97.2	282	8	0	636	917	1	282	1.10e-181	525
KDHFCO_07555	KABOBF_09515	96.4	252	7	1	1	250	1	252	1.34e-169	467
KDHFCO_07555	IAFHMK_00155	63.5	249	88	1	1	249	7	252	1.57e-108	313
KDHFCO_07555	AANGNE_06500	62.4	242	88	1	6	247	4	242	1.50e-106	307
KDHFCO_07555	PLBPOI_10525	65.1	232	80	1	10	241	3	233	1.35e-102	297
KDHFCO_07555	LPLJMN_09705	58.9	219	90	0	29	247	27	245	8.44e-90	265
KDHFCO_07555	DNKGCI_09390	57.0	237	101	1	10	245	4	240	6.65e-87	258
KDHFCO_07555	CNLKLD_06650	54.7	234	104	1	17	248	13	246	2.93e-86	257
KDHFCO_07555	FPMMJC_07405	46.1	228	115	4	22	246	20	242	1.05e-59	188
KDHFCO_07555	IHNEIG_04095	44.2	242	129	4	8	246	20	258	1.18e-58	186
KDHFCO_07555	FMHHMN_04610	40.8	233	132	4	16	246	5	233	3.75e-55	176
KDHFCO_07555	AEFDGK_06020	43.0	235	127	3	15	246	6	236	8.20e-55	176
KDHFCO_07555	DFCDFN_01670	43.6	227	120	5	6	229	22	243	2.40e-53	172
KDHFCO_07555	CLEGAA_05000	44.7	215	113	4	22	233	44	255	6.75e-52	169
KDHFCO_07555	HNNKEJ_08920	39.8	244	137	5	6	246	9	245	7.64e-52	168
KDHFCO_07555	LLMEEB_11685	44.4	216	113	4	23	235	27	238	4.43e-51	166
KDHFCO_07555	ANIMCG_09600	44.4	205	109	3	28	229	19	221	1.82e-50	164
KDHFCO_07555	ABJDJH_09515	37.3	244	145	4	8	248	27	265	9.94e-48	158
KDHFCO_07560	AIPJBK_10570	92.5	361	27	0	1	361	1	361	7.99e-246	670
KDHFCO_07560	IAFHMK_00160	71.0	362	104	1	1	361	1	362	3.21e-184	513
KDHFCO_07560	AANGNE_06505	69.3	361	106	2	1	361	1	356	2.25e-180	503
KDHFCO_07560	LBKFJK_09600	68.9	363	109	3	1	361	6	366	3.22e-180	503
KDHFCO_07560	CNLKLD_06645	58.1	358	146	1	1	358	1	354	4.02e-148	422
KDHFCO_07560	LBKFJK_05600	36.3	311	191	4	31	337	5	312	5.59e-61	198
KDHFCO_07560	CDIIGJ_10300	35.8	302	191	2	33	334	8	306	2.60e-60	196
KDHFCO_07560	HNNKEJ_05330	36.3	306	181	4	38	332	10	312	1.37e-59	194
KDHFCO_07560	DDDLLA_10185	40.1	252	150	1	38	289	12	262	7.16e-59	192
KDHFCO_07560	CNLKLD_04285	34.5	307	195	4	42	345	8	311	6.48e-58	190
KDHFCO_07560	DNKGCI_11535	38.2	280	169	3	38	316	12	288	7.65e-58	190
KDHFCO_07560	LBKFJK_00155	39.8	249	139	4	45	288	17	259	1.49e-56	186
KDHFCO_07560	BGHOFK_04290	35.7	297	188	2	38	334	12	305	1.44e-55	184
KDHFCO_07560	DDDLLA_02905	30.6	314	211	4	34	346	1	308	1.02e-54	181
KDHFCO_07560	EIKFFD_04980	33.2	313	199	4	45	354	12	317	1.12e-52	176
KDHFCO_07560	AANGNE_01255	39.1	248	142	5	45	288	12	254	1.22e-51	174
KDHFCO_07560	DNKGCI_03160	36.6	262	159	4	31	289	3	260	1.25e-50	171
KDHFCO_07560	CJHCCN_09955	34.6	254	159	2	38	288	5	254	2.14e-48	165
KDHFCO_07565	HNNKEJ_03900	90.9	821	71	1	1	817	1	821	0.0	1313
KDHFCO_07565	BACFJJ_03605	41.3	690	388	8	5	684	3	685	1.05e-167	506
KDHFCO_07565	LBKFJK_02490	28.9	689	425	24	5	656	6	666	7.58e-64	230
KDHFCO_07570	ABCLFC_06795	99.2	480	4	0	4	483	40	519	0.0	933
KDHFCO_07570	PMADLC_11650	26.3	437	306	6	4	434	7	433	5.85e-49	174
KDHFCO_07575	AAKGEC_04135	87.2	211	27	0	1	211	1	211	5.20e-129	361
KDHFCO_07575	CDIIGJ_01845	66.3	208	70	0	1	208	1	208	7.02e-97	280
KDHFCO_07575	CNLKLD_06635	51.9	208	100	0	1	208	1	208	1.25e-73	221
KDHFCO_07575	HNNKEJ_03870	73.8	122	32	0	90	211	1	122	3.47e-58	179
KDHFCO_07575	DCAANM_11020	42.7	211	121	0	1	211	1	211	6.52e-51	163
KDHFCO_07580	DCAANM_05780	93.3	314	21	0	1	314	1	314	2.74e-211	578
KDHFCO_07580	HNNKEJ_07330	70.6	313	91	1	1	313	1	312	1.53e-158	444
KDHFCO_07580	DDDLLA_05600	68.4	310	97	1	4	313	2	310	3.01e-153	431
KDHFCO_07580	IAFHMK_00735	52.7	311	142	3	4	313	2	308	1.25e-113	330
KDHFCO_07580	LBKFJK_06585	51.9	310	146	2	4	313	2	308	1.99e-107	315
KDHFCO_07580	ABNNBP_05555	37.3	306	181	4	1	306	1	295	1.94e-59	192
KDHFCO_07580	NOKDAP_10525	38.8	307	175	7	1	304	1	297	2.60e-57	186
KDHFCO_07580	EJEPOM_07930	35.8	302	185	5	4	304	4	297	3.03e-52	173
KDHFCO_07585	DDDLLA_05595	78.3	474	103	0	5	478	3	476	5.72e-292	796
KDHFCO_07585	CDIIGJ_10515	59.8	498	174	4	9	480	5	502	4.61e-218	610
KDHFCO_07585	AANGNE_08355	50.5	481	220	7	7	478	3	474	1.21e-163	471
KDHFCO_07585	EJEPOM_07405	50.0	482	217	7	4	478	1	465	2.71e-162	467
KDHFCO_07585	CNLKLD_06025	49.2	478	228	6	7	478	3	471	5.78e-160	461
KDHFCO_07585	IAFHMK_01915	47.7	474	235	4	6	479	7	467	1.52e-159	460
KDHFCO_07585	DNKIME_04800	48.7	491	218	9	6	478	3	477	2.08e-159	460
KDHFCO_07585	BDEBFB_07100	50.6	486	216	7	7	478	3	478	2.23e-159	460
KDHFCO_07585	GEDPFN_03055	48.3	478	228	6	9	478	4	470	1.33e-158	457
KDHFCO_07585	DDDLLA_10775	46.7	482	233	6	7	478	3	470	6.57e-157	453
KDHFCO_07585	DAEIAJ_08645	49.4	484	218	10	7	478	3	471	8.70e-157	453
KDHFCO_07585	ALNFEK_03480	47.7	495	227	8	3	478	1	482	1.78e-156	452
KDHFCO_07585	KPGHOL_06290	46.0	472	249	2	9	478	5	472	1.82e-152	442
KDHFCO_07585	ACDDAG_07275	47.3	482	230	10	6	478	9	475	4.47e-150	436
KDHFCO_07585	AIKIDN_03085	44.4	493	242	8	7	480	4	483	2.05e-145	424
KDHFCO_07585	ANILPM_09555	44.5	497	250	7	1	480	1	488	3.65e-144	421
KDHFCO_07585	LBKFJK_04760	45.1	483	237	8	6	477	5	470	4.34e-144	421
KDHFCO_07585	HDKJGO_06115	44.3	485	249	7	7	479	8	483	1.04e-142	417
KDHFCO_07585	FFEJFE_01165	43.1	489	254	6	4	478	3	481	3.07e-139	409
KDHFCO_07585	PPBJPA_11480	42.1	499	243	6	7	478	10	489	2.26e-138	407
KDHFCO_07585	NAGBDA_10950	42.6	488	253	8	7	478	6	482	8.80e-131	387
KDHFCO_07585	AGFMFG_00740	42.2	493	248	10	7	480	9	483	4.22e-125	372
KDHFCO_07585	ANILPM_08310	38.7	491	245	15	6	480	3	453	9.05e-106	322
KDHFCO_07585	NOKDAP_10530	39.2	475	263	10	4	475	1	452	1.29e-104	319
KDHFCO_07585	BGHOFK_02325	37.2	497	267	12	4	480	6	477	4.71e-102	313
KDHFCO_07590	ABNNBP_08055	100	714	0	0	1	714	1	714	0.0	1403
KDHFCO_07590	DDDLLA_05590	67.5	714	232	0	1	714	1	714	0.0	979
KDHFCO_07590	LBKFJK_02045	61.5	698	269	0	1	698	1	698	1.93e-309	859
KDHFCO_07590	HNNKEJ_07340	69.1	553	171	0	153	705	1	553	1.39e-280	780
KDHFCO_07590	PKHBOA_05235	36.5	717	399	11	1	675	1	703	3.18e-152	459
KDHFCO_07590	AGDPFD_04400	34.9	733	431	11	1	693	1	727	4.85e-149	451
KDHFCO_07590	HNNKEJ_05990	35.6	697	420	6	1	693	1	672	8.91e-148	446
KDHFCO_07590	HNNKEJ_07345	72.7	150	41	0	1	150	1	150	2.27e-68	221
KDHFCO_07595	ABNNBP_08060	100	354	0	0	1	354	1	354	2.11e-261	708
KDHFCO_07595	BGHOFK_04410	37.9	348	191	6	10	349	6	336	3.29e-66	212
KDHFCO_07595	DFCDFN_03525	38.2	351	197	6	10	354	7	343	2.89e-65	210
KDHFCO_07595	ABCLFC_03590	33.9	322	200	5	10	328	17	328	2.63e-57	189
KDHFCO_07595	DDDLLA_05570	33.9	310	189	5	5	308	14	313	1.95e-46	161
KDHFCO_07595	AAKGEC_11925	35.6	278	153	8	10	276	4	266	6.02e-45	156
KDHFCO_07595	AANGNE_01135	34.6	246	151	3	24	269	23	258	5.59e-43	150
KDHFCO_07595	BCFLNJ_05705	35.4	280	151	8	10	276	4	266	7.02e-41	151
KDHFCO_07600	ABNNBP_08065	99.4	336	2	0	1	336	1	336	1.40e-235	642
KDHFCO_07605	ABNNBP_08070	99.7	326	1	0	1	326	1	326	1.87e-234	637
KDHFCO_07610	DDDLLA_05570	87.3	355	45	0	10	364	17	371	2.80e-226	620
KDHFCO_07610	AANGNE_01135	40.0	255	146	2	35	289	28	275	4.75e-58	190
KDHFCO_07610	DFCDFN_03530	40.7	246	142	3	26	270	19	261	5.31e-58	190
KDHFCO_07610	BGHOFK_04410	35.7	322	194	4	12	326	6	321	1.38e-53	180
KDHFCO_07610	DFCDFN_03525	34.4	326	203	5	10	329	5	325	1.53e-53	180
KDHFCO_07610	AAKGEC_11925	39.3	262	153	3	12	270	4	262	3.29e-53	178
KDHFCO_07610	ABNNBP_08060	34.5	310	181	7	10	306	8	308	5.77e-48	165
KDHFCO_07610	BCFLNJ_05705	37.4	262	158	3	12	270	4	262	1.42e-47	170
KDHFCO_07615	OECBDL_05690	97.8	509	11	0	1	509	40	548	0.0	1017
KDHFCO_07620	ABNNBP_08085	99.6	241	1	0	1	241	1	241	1.03e-168	464
KDHFCO_07620	DDDLLA_05560	59.0	239	98	0	1	239	1	239	1.25e-98	287
KDHFCO_07620	IAFHMK_01770	48.5	239	123	0	1	239	1	239	2.76e-85	253
KDHFCO_07620	DDDLLA_08895	48.1	239	123	1	1	239	1	238	5.04e-83	247
KDHFCO_07620	DNKGCI_02310	49.4	239	121	0	1	239	1	239	1.33e-81	244
KDHFCO_07620	BGHOFK_04105	45.6	239	130	0	1	239	1	239	8.25e-77	231
KDHFCO_07620	DANMKC_02965	41.8	256	131	3	1	239	1	255	7.12e-69	212
KDHFCO_07620	AGINCK_05450	42.1	240	138	1	1	239	1	240	1.12e-62	196
KDHFCO_07620	LBKFJK_02035	37.1	237	149	0	1	237	1	237	1.19e-53	172
KDHFCO_07625	AEMMAL_06890	92.4	607	46	0	1	607	2	608	0.0	1092
KDHFCO_07625	IAFHMK_02330	31.4	510	282	16	10	487	5	478	4.99e-47	174
KDHFCO_07630	BKOEEG_07425	99.1	221	2	0	1	221	2	222	4.40e-158	436
KDHFCO_07630	BGHOFK_03695	72.5	218	60	0	3	220	4	221	1.69e-116	330
KDHFCO_07630	CDIIGJ_01855	67.9	215	69	0	3	217	4	218	1.49e-108	310
KDHFCO_07630	HNNKEJ_03855	64.8	219	77	0	2	220	5	223	7.04e-107	306
KDHFCO_07630	AANGNE_04155	56.3	213	91	1	3	215	10	220	4.28e-85	251
KDHFCO_07630	LBKFJK_09615	55.0	218	97	1	3	220	4	220	1.60e-81	242
KDHFCO_07630	CNLKLD_06125	53.2	218	101	1	3	220	2	218	1.68e-80	239
KDHFCO_07630	DNKGCI_09710	56.3	213	92	1	3	215	4	215	5.11e-80	238
KDHFCO_07630	DDDLLA_10505	52.3	218	103	1	3	220	10	226	2.36e-77	231
KDHFCO_07630	IAFHMK_06905	47.3	220	114	2	3	221	2	220	1.89e-70	214
KDHFCO_07635	IAFHMK_06900	80.2	449	87	1	1	449	1	447	3.48e-264	723
KDHFCO_07640	BNPKDP_05810	99.2	261	2	0	1	261	1	261	1.43e-192	526
KDHFCO_07640	DDDLLA_10515	70.7	259	74	1	1	259	1	257	1.15e-128	364
KDHFCO_07640	CNLKLD_06145	66.2	263	83	3	1	260	1	260	2.84e-121	346
KDHFCO_07645	ABCBPP_06065	89.2	891	96	0	3	893	6	896	0.0	1450
KDHFCO_07645	CDIIGJ_01870	69.5	895	267	3	1	893	1	891	0.0	1093
KDHFCO_07645	HNNKEJ_03835	66.0	899	299	2	1	893	1	898	0.0	1079
KDHFCO_07645	BGHOFK_03670	67.9	899	283	1	1	893	1	899	0.0	1066
KDHFCO_07645	AAOIOD_00880	60.0	893	349	2	1	893	15	899	0.0	976
KDHFCO_07645	LBKFJK_09630	58.8	896	363	1	4	893	7	902	0.0	971
KDHFCO_07645	OFBCLB_09230	55.0	903	386	3	1	893	4	896	0.0	921
KDHFCO_07645	DNKGCI_09725	59.2	899	361	1	1	893	5	903	0.0	909
KDHFCO_07645	JONLDN_06530	39.2	933	523	4	4	893	2	933	6.84e-198	590
KDHFCO_07645	HIJKML_11920	38.9	933	526	5	4	893	2	933	4.15e-186	559
KDHFCO_07645	DLODMN_11765	26.0	543	357	12	357	893	254	757	1.04e-44	172
KDHFCO_07650	LKGJOH_05815	98.2	220	4	0	1	220	1	220	9.91e-151	418
KDHFCO_07650	AMLBPA_06185	61.9	231	88	0	3	233	4	234	1.25e-96	281
KDHFCO_07650	OFBCLB_01040	54.5	231	105	0	3	233	2	232	1.34e-83	248
KDHFCO_07650	AGKELP_12495	53.1	213	100	0	10	222	8	220	9.81e-77	230
KDHFCO_07650	DIBOGN_07175	50.6	231	109	3	4	233	2	228	7.61e-75	226
KDHFCO_07650	CNLKLD_02755	42.2	237	131	2	1	232	1	236	7.53e-54	182
KDHFCO_07650	PNKCLE_05480	43.4	221	119	2	1	216	1	220	2.94e-53	177
KDHFCO_07650	MFAILH_05290	38.9	221	124	2	4	216	2	219	1.34e-51	166
KDHFCO_07650	DFJEHO_03950	41.3	230	129	2	1	225	1	229	1.95e-51	176
KDHFCO_07650	ACNHAK_01800	43.0	221	120	2	1	216	1	220	2.73e-51	176
KDHFCO_07650	IAFHMK_03325	42.5	221	121	2	1	216	1	220	3.83e-51	175
KDHFCO_07650	CEPOIM_07510	44.1	222	116	4	1	216	1	220	1.37e-50	174
KDHFCO_07650	HNNKEJ_00830	41.7	230	128	2	1	225	1	229	1.92e-50	173
KDHFCO_07650	AANGNE_07255	41.6	221	123	2	1	216	1	220	3.52e-49	170
KDHFCO_07650	KEDLLM_11970	65.8	111	38	0	123	233	1	111	2.58e-48	154
KDHFCO_07650	FFEJFE_01290	39.1	202	119	2	24	222	28	228	3.31e-47	155
KDHFCO_07650	CMOKEC_11020	38.4	224	129	2	2	218	3	224	3.36e-47	156
KDHFCO_07650	BOCCFK_10945	40.8	218	123	3	4	216	2	218	7.27e-46	152
KDHFCO_07650	CDIIGJ_08275	37.1	221	138	1	1	220	1	221	2.44e-45	150
KDHFCO_07655	DDDLLA_00800	83.2	274	46	0	1	274	9	282	8.16e-166	460
KDHFCO_07660	BGHOFK_03655	79.9	159	32	0	2	160	1	159	2.15e-90	260
KDHFCO_07660	CDIIGJ_01890	72.0	161	45	0	2	162	1	161	5.71e-86	248
KDHFCO_07660	HNNKEJ_03820	70.2	161	48	0	2	162	1	161	2.22e-83	242
KDHFCO_07660	LBKFJK_09650	60.2	161	64	0	2	162	1	161	8.21e-70	208
KDHFCO_07660	DNKGCI_09755	55.6	162	72	0	1	162	1	162	2.72e-68	204
KDHFCO_07660	DDDLLA_00805	55.3	161	72	0	2	162	1	161	6.73e-64	192
KDHFCO_07660	GGNLIA_05890	98.8	80	1	0	83	162	12	91	3.09e-52	160
KDHFCO_07660	IAFHMK_06875	47.1	153	81	0	9	161	1	153	6.28e-51	159
KDHFCO_07665	DNKGCI_09760	78.2	490	105	1	1	488	1	490	8.91e-279	763
KDHFCO_07665	LLNAOI_05590	96.6	117	4	0	1	117	1	117	3.35e-57	186
KDHFCO_07665	LLNAOI_05610	89.5	86	7	1	407	490	1	86	1.20e-46	156
KDHFCO_07675	ABCLFC_06855	96.4	197	7	0	1	197	1	197	6.36e-139	385
KDHFCO_07675	HNNKEJ_03810	74.6	189	48	0	6	194	4	192	2.71e-103	295
KDHFCO_07675	DDDLLA_00820	70.6	194	57	0	1	194	1	194	1.80e-99	285
KDHFCO_07675	CJHCCN_03945	67.7	192	62	0	1	192	2	193	3.46e-97	280
KDHFCO_07675	IAFHMK_06865	70.6	187	55	0	6	192	9	195	7.99e-97	279
KDHFCO_07675	LBKFJK_09665	64.6	192	68	0	1	192	1	192	1.55e-90	263
KDHFCO_07675	DNKGCI_09765	60.9	192	75	0	1	192	17	208	8.39e-87	254
KDHFCO_07675	CNLKLD_07495	64.2	190	68	0	6	195	2	191	1.02e-86	253
KDHFCO_07675	AANGNE_09505	42.6	188	94	3	6	192	22	196	3.47e-46	150
KDHFCO_07680	EKJGNK_01690	97.5	403	10	0	1	403	1	403	2.61e-274	745
KDHFCO_07680	CBFHCM_04120	71.0	393	114	0	4	396	4	396	1.13e-197	551
KDHFCO_07690	HNNKEJ_03785	75.9	673	162	0	1	673	1	673	0.0	1035
KDHFCO_07690	IAFHMK_06840	72.2	673	187	0	1	673	1	673	0.0	969
KDHFCO_07690	AANGNE_03970	70.8	677	194	1	1	673	1	677	0.0	936
KDHFCO_07690	DNKGCI_09785	68.8	672	209	1	3	673	2	673	0.0	917
KDHFCO_07690	CNLKLD_02590	67.2	674	220	1	1	673	1	674	0.0	890
KDHFCO_07695	AANGNE_03965	91.0	312	28	0	1	312	1	312	7.31e-215	587
KDHFCO_07700	DFOKEG_05780	98.0	255	5	0	1	255	2	256	1.65e-179	493
KDHFCO_07700	ABCBPP_06010	50.0	244	121	1	1	243	3	246	1.01e-75	229
KDHFCO_07705	AAKGEC_06740	92.3	339	26	0	1	339	1	339	1.15e-214	588
KDHFCO_07705	CNLKLD_02575	74.7	340	84	2	1	339	1	339	4.22e-166	466
KDHFCO_07705	DNKGCI_09815	64.7	348	114	1	1	339	12	359	1.36e-150	427
KDHFCO_07705	CLEGAA_12400	61.5	351	121	1	1	337	1	351	2.17e-141	404
KDHFCO_07705	ABCLFC_06485	60.7	349	125	1	1	337	1	349	2.11e-139	399
KDHFCO_07710	ABCLFC_06895	98.8	166	2	0	1	166	1	166	1.55e-108	306
KDHFCO_07710	AAKGEC_06735	65.8	158	54	0	1	158	1	158	2.45e-68	204
KDHFCO_07710	DIBOGN_04320	69.0	158	49	0	1	158	1	158	3.66e-67	201
KDHFCO_07710	HNNKEJ_03740	56.6	159	69	0	1	159	1	159	7.70e-55	170
KDHFCO_07715	ABCLFC_06900	99.5	211	1	0	1	211	1	211	4.41e-146	404
KDHFCO_07715	BGHOFK_03610	74.5	204	52	0	1	204	1	204	2.52e-108	309
KDHFCO_07715	HNNKEJ_03735	70.5	207	61	0	1	207	1	207	5.47e-101	290
KDHFCO_07715	IAFHMK_04845	67.8	205	66	0	1	205	1	205	6.67e-99	285
KDHFCO_07715	LBKFJK_09700	66.8	205	68	0	1	205	1	205	1.03e-93	272
KDHFCO_07715	CNLKLD_02570	62.4	210	79	0	1	210	1	210	7.98e-85	249
KDHFCO_07715	DDDLLA_00880	62.3	207	78	0	1	207	1	207	4.19e-82	243
KDHFCO_07720	ABNNBP_08190	99.8	430	1	0	1	430	1	430	1.59e-315	851
KDHFCO_07720	BFGFFC_05595	69.8	431	121	1	6	427	6	436	2.95e-221	613
KDHFCO_07720	AGKELP_02105	68.0	434	129	2	6	430	6	438	2.18e-210	594
KDHFCO_07720	CDIIGJ_01975	61.9	430	160	1	5	430	5	434	1.01e-189	533
KDHFCO_07720	ABCLFC_06905	98.8	260	3	0	1	260	1	260	1.33e-185	516
KDHFCO_07720	IAFHMK_04855	58.2	426	171	1	5	430	1	419	6.24e-173	490
KDHFCO_07720	DNKGCI_09830	56.3	426	179	1	5	430	1	419	2.81e-171	486
KDHFCO_07720	LBKFJK_09710	56.5	421	176	1	10	430	6	419	2.78e-164	468
KDHFCO_07720	DDKKPM_02530	55.2	426	182	1	5	430	12	428	5.80e-161	460
KDHFCO_07720	DDDLLA_00890	55.5	425	181	2	5	428	4	421	6.92e-161	459
KDHFCO_07720	HNNKEJ_03725	55.2	426	185	2	5	429	1	421	1.34e-160	459
KDHFCO_07720	BEIAAA_10170	53.8	429	186	2	5	430	1	420	4.12e-159	455
KDHFCO_07720	CMMBIF_03290	53.8	437	191	1	5	430	1	437	7.38e-159	455
KDHFCO_07720	CNLKLD_02560	50.6	423	190	4	10	430	6	411	1.20e-140	408
KDHFCO_07720	EIKFFD_00255	53.3	255	110	1	5	259	1	246	1.59e-89	271
KDHFCO_07720	EIKFFD_00250	58.2	165	69	0	266	430	1	165	7.20e-58	187
KDHFCO_07725	ABCLFC_06915	95.8	216	9	0	1	216	1	216	3.11e-153	423
KDHFCO_07725	AAKGEC_06720	63.4	216	79	0	1	216	1	216	9.16e-100	288
KDHFCO_07725	AGKELP_02105	63.3	215	79	0	1	215	440	654	1.91e-93	286
KDHFCO_07725	CDIIGJ_01980	56.5	216	94	0	1	216	1	216	5.12e-85	250
KDHFCO_07725	HNNKEJ_03720	55.6	214	95	0	3	216	2	215	1.41e-84	249
KDHFCO_07725	IAFHMK_04860	57.3	213	91	0	4	216	3	215	4.68e-83	245
KDHFCO_07725	DDDLLA_00895	53.5	213	99	0	4	216	3	215	2.38e-78	233
KDHFCO_07725	BGHOFK_03600	53.7	214	97	2	4	216	3	215	3.38e-78	233
KDHFCO_07725	LBKFJK_09715	54.0	213	98	0	4	216	3	215	3.90e-77	230
KDHFCO_07725	AANGNE_03935	53.1	213	99	1	4	216	3	214	9.49e-73	219
KDHFCO_07725	CJHCCN_03865	50.9	214	103	2	4	216	3	215	1.60e-71	216
KDHFCO_07725	EIKFFD_00245	52.6	213	100	1	4	216	3	214	4.42e-71	215
KDHFCO_07725	DNKGCI_09835	48.6	214	109	1	3	216	2	214	1.67e-68	208
KDHFCO_07725	CNLKLD_02555	50.5	200	97	1	17	216	3	200	1.15e-65	201
KDHFCO_07730	ABCLFC_06920	98.4	192	3	0	1	192	1	192	1.06e-139	387
KDHFCO_07730	AAKGEC_06715	71.1	187	54	0	1	187	1	187	7.44e-99	283
KDHFCO_07730	CDIIGJ_02000	60.5	185	73	0	1	185	1	185	1.01e-84	248
KDHFCO_07730	IAFHMK_04495	60.3	184	73	0	4	187	4	187	1.47e-79	234
KDHFCO_07730	FMBBOG_04480	59.9	187	73	1	1	187	1	185	2.60e-79	234
KDHFCO_07730	HNNKEJ_03695	57.3	185	79	0	1	185	2	186	3.18e-74	221
KDHFCO_07730	LBKFJK_09725	55.7	176	78	0	10	185	11	186	4.62e-71	213
KDHFCO_07730	DDDLLA_00900	55.5	182	81	0	4	185	3	184	1.71e-70	212
KDHFCO_07730	DNKGCI_09845	52.7	182	86	0	1	182	1	182	8.96e-66	200
KDHFCO_07735	AAKGEC_06710	90.7	151	14	0	1	151	1	151	2.45e-91	261
KDHFCO_07735	AANGNE_03930	73.0	148	40	0	4	151	6	153	3.55e-73	215
KDHFCO_07735	OFBCLB_09350	66.7	153	49	1	1	151	1	153	3.69e-66	197
KDHFCO_07740	AAKGEC_06705	98.8	162	2	0	1	162	1	162	1.77e-112	315
KDHFCO_07745	BEGLKA_13615	96.8	157	5	0	1	157	1	157	1.18e-113	318
KDHFCO_07745	DDDLLA_00915	72.3	155	43	0	1	155	1	155	1.37e-82	240
KDHFCO_07745	CNLKLD_02540	69.0	155	48	0	1	155	1	155	6.05e-82	238
KDHFCO_07745	LBKFJK_09740	67.1	155	51	0	1	155	1	155	7.79e-81	235
KDHFCO_07745	IAMBHH_04735	64.9	151	52	1	1	151	10	159	9.75e-72	213
KDHFCO_07750	BNBIEO_00025	82.8	314	54	0	1	314	1	314	8.72e-184	509
KDHFCO_07755	CJHCCN_08915	84.3	510	79	1	1	509	1	510	2.25e-294	805
KDHFCO_07755	ABIMCM_06435	74.5	509	123	3	4	506	20	527	1.90e-254	704
KDHFCO_07755	CNLKLD_05305	69.0	490	151	1	19	507	17	506	8.39e-233	649
KDHFCO_07755	DNKGCI_08960	60.4	442	157	4	19	460	2	425	3.24e-160	461
KDHFCO_07755	NOKDAP_02240	62.8	180	66	1	326	504	1	180	4.00e-71	224
KDHFCO_07760	AAKGEC_06685	100	94	0	0	1	94	1	94	7.01e-64	187
KDHFCO_07765	AANGNE_03900	82.0	111	20	0	1	111	1	111	4.41e-62	184
KDHFCO_07770	AAKGEC_06675	99.0	104	1	0	1	104	1	104	6.64e-69	201
KDHFCO_07775	BIHALF_01680	73.6	383	101	0	1	383	1	383	1.13e-196	548
KDHFCO_07775	IAFHMK_04895	63.9	385	138	1	1	384	1	385	2.45e-171	483
KDHFCO_07775	CNLKLD_06055	62.4	386	143	2	1	384	1	386	1.22e-164	466
KDHFCO_07775	LBKFJK_09780	58.7	392	159	2	1	391	1	390	9.41e-161	456
KDHFCO_07775	DDDLLA_00990	58.0	381	159	1	1	380	1	381	2.48e-153	437
KDHFCO_07775	DNKGCI_09890	55.7	388	171	1	1	387	1	388	1.16e-151	433
KDHFCO_07775	DBFGIH_08970	58.6	389	159	2	1	388	7	394	5.79e-150	429
KDHFCO_07775	PEPBIK_07465	100	183	0	0	1	183	1	183	2.11e-116	336
KDHFCO_07775	BNBIEO_00315	32.6	341	221	7	50	387	49	383	5.74e-42	151
KDHFCO_07780	AAKGEC_06665	79.7	133	26	1	1	132	3	135	1.62e-67	199
KDHFCO_07780	CDIIGJ_02050	63.2	125	46	0	1	125	1	125	2.15e-50	156
KDHFCO_07785	AAKGEC_06660	92.1	453	30	2	1	447	1	453	4.68e-309	837
KDHFCO_07785	AANGNE_03875	73.9	425	103	1	1	417	4	428	6.24e-235	648
KDHFCO_07785	DDDLLA_01000	72.8	426	114	2	1	426	1	424	1.61e-230	637
KDHFCO_07790	AAKGEC_06655	96.7	270	9	0	1	270	1	270	8.78e-185	507
KDHFCO_07790	KKACAP_04740	93.3	134	9	0	137	270	50	183	7.19e-82	243
KDHFCO_07790	DNKIME_07440	36.5	274	156	4	2	266	11	275	7.88e-49	162
KDHFCO_07790	DNKGCI_04350	38.4	271	155	5	2	266	5	269	2.65e-48	160
KDHFCO_07790	DIBOGN_02545	35.8	268	166	3	2	266	32	296	3.85e-48	161
KDHFCO_07790	IAFHMK_00360	35.8	274	158	5	2	266	5	269	1.99e-44	150
KDHFCO_07795	BGHOFK_03540	85.1	121	18	0	1	121	1	121	6.09e-71	207
KDHFCO_07795	JOBCMP_06735	68.6	121	38	0	1	121	1	121	7.24e-56	169
KDHFCO_07800	AAKGEC_06645	85.2	257	38	0	1	257	1	257	8.47e-160	443
KDHFCO_07800	BGHOFK_03535	72.4	257	70	1	1	257	1	256	9.47e-136	382
KDHFCO_07800	CNLKLD_06075	69.6	257	78	0	1	257	1	257	7.29e-131	370
KDHFCO_07800	AANGNE_05105	68.9	257	79	1	1	257	1	256	4.26e-125	355
KDHFCO_07800	LBKFJK_09805	66.9	257	85	0	1	257	1	257	4.20e-123	350
KDHFCO_07800	IAFHMK_04695	62.6	257	96	0	1	257	1	257	3.78e-119	340
KDHFCO_07800	DNKGCI_09910	63.0	257	95	0	1	257	1	257	1.38e-114	328
KDHFCO_07800	DDDLLA_01010	63.4	257	94	0	1	257	1	257	1.85e-112	323
KDHFCO_07805	AAKGEC_06640	80.3	229	44	1	1	228	1	229	2.70e-124	351
KDHFCO_07805	CDIIGJ_02075	68.5	232	70	1	1	229	1	232	2.16e-105	303
KDHFCO_07805	AECHFI_07860	66.5	230	72	3	1	229	1	226	3.32e-96	280
KDHFCO_07805	HNNKEJ_03610	65.5	235	74	2	1	228	1	235	2.53e-93	273
KDHFCO_07805	IAFHMK_04700	61.0	228	89	0	1	228	1	228	7.64e-91	266
KDHFCO_07805	LBKFJK_09810	62.8	223	82	1	6	228	6	227	3.46e-89	262
KDHFCO_07805	BGHOFK_03530	60.6	231	88	1	1	228	1	231	1.21e-88	261
KDHFCO_07805	DNKGCI_09915	61.0	223	86	1	6	228	6	227	5.68e-88	259
KDHFCO_07805	CNLKLD_06080	60.5	223	85	1	6	228	7	226	5.98e-85	251
KDHFCO_07805	DDDLLA_01015	57.4	223	94	1	6	228	5	226	1.74e-79	237
KDHFCO_07810	AAKGEC_06635	93.1	218	15	0	1	218	1	218	1.12e-147	409
KDHFCO_07815	CDIIGJ_02085	78.4	222	47	1	1	221	1	222	1.86e-123	348
KDHFCO_07815	HNNKEJ_03600	72.4	221	57	1	1	221	1	217	7.49e-115	326
KDHFCO_07815	BGHOFK_03520	70.1	221	63	1	1	221	1	218	1.82e-106	305
KDHFCO_07815	DDDLLA_01025	61.5	221	83	2	1	221	1	219	8.56e-98	283
KDHFCO_07815	BNBIEO_08545	59.9	222	89	0	1	222	1	222	1.25e-93	273
KDHFCO_07815	IAFHMK_04710	56.8	222	95	1	1	221	7	228	5.53e-89	261
KDHFCO_07815	CNLKLD_06090	47.5	221	108	3	1	221	1	213	1.80e-64	198
KDHFCO_07820	AGINCK_00495	89.7	730	75	0	1	730	1	730	0.0	969
KDHFCO_07820	BNPKDP_05620	68.5	861	140	2	1	730	1	861	3.41e-270	766
KDHFCO_07820	IAFHMK_04745	44.1	717	325	21	35	728	39	702	3.30e-40	157
KDHFCO_07830	ABNNBP_08305	100	308	0	0	1	308	1	308	1.40e-220	601
KDHFCO_07835	CFBGPF_06175	97.6	1270	28	1	1	1267	1	1270	0.0	2249
KDHFCO_07835	OFBCLB_03000	48.4	1352	388	32	1	1266	1	1129	0.0	950
KDHFCO_07840	BJLDLK_09270	99.7	355	1	0	1	355	1	355	3.44e-173	485
KDHFCO_07845	HNNKEJ_03595	75.5	424	101	1	1	421	1	424	2.07e-230	635
KDHFCO_07845	AANGNE_04420	71.8	418	118	0	3	420	2	419	4.03e-222	614
KDHFCO_07845	CNLKLD_07320	70.3	418	124	0	4	421	3	420	1.57e-210	585
KDHFCO_07845	DNKGCI_09935	62.5	421	156	2	3	421	2	422	3.18e-191	536
KDHFCO_07845	DDDLLA_01030	62.9	423	155	2	3	423	2	424	5.42e-190	533
KDHFCO_07845	LBKFJK_09830	64.3	420	148	2	4	421	3	422	8.71e-187	525
KDHFCO_07850	AAKGEC_06615	98.1	208	4	0	1	208	1	208	4.55e-138	384
KDHFCO_07850	DDDLLA_01035	74.5	208	53	0	1	208	1	208	4.27e-104	298
KDHFCO_07855	KCGGLB_01940	91.2	635	56	0	1	635	1	635	0.0	1086
KDHFCO_07855	AANGNE_04410	74.8	635	159	1	1	635	1	634	4.23e-315	867
KDHFCO_07855	CNLKLD_07330	69.1	634	187	4	1	632	1	627	3.26e-296	819
KDHFCO_07855	DNKGCI_09945	73.4	572	148	1	1	568	1	572	1.24e-291	808
KDHFCO_07855	ABJDJH_14520	36.0	616	365	8	13	612	12	614	2.80e-121	373
KDHFCO_07855	AANGNE_02030	35.6	509	325	3	1	509	1	506	1.21e-108	337
KDHFCO_07855	AAKGEC_02945	34.2	511	332	4	1	511	1	507	1.33e-99	313
KDHFCO_07855	IJGGPP_00190	36.1	529	305	9	2	513	1	513	1.68e-86	279
KDHFCO_07855	IAFHMK_03460	34.0	521	331	5	2	516	1	514	1.18e-85	277
KDHFCO_07855	CNLKLD_03745	30.9	624	380	12	7	612	7	597	1.24e-83	274
KDHFCO_07855	BFGFFC_06765	32.6	519	333	6	2	511	1	511	1.11e-82	269
KDHFCO_07855	AANGNE_00260	31.1	541	356	8	3	535	1	532	1.52e-75	251
KDHFCO_07855	KPPIIN_12385	31.0	529	346	7	4	520	1	522	3.06e-74	247
KDHFCO_07855	EIKFFD_03410	28.2	522	272	8	18	507	20	470	9.55e-55	193
KDHFCO_07855	CDIIGJ_02890	27.3	528	321	11	12	513	10	500	1.16e-45	169
KDHFCO_07855	AGFMFG_08190	27.7	530	264	12	25	514	26	476	8.48e-43	160
KDHFCO_07855	HNNKEJ_05380	26.8	542	287	13	13	509	13	489	1.40e-42	160
KDHFCO_07855	BPLFFK_05485	25.9	545	319	14	1	513	1	492	1.49e-40	154
KDHFCO_07860	AAKGEC_00660	87.7	130	16	0	1	130	1	130	2.83e-80	231
KDHFCO_07860	BGHOFK_03500	75.2	129	32	0	1	129	1	129	1.55e-68	202
KDHFCO_07860	HNNKEJ_03570	57.4	129	55	0	1	129	1	129	2.05e-50	156
KDHFCO_07865	BIHALF_01615	89.8	216	22	0	1	216	1	216	7.97e-136	379
KDHFCO_07870	BPDDPD_11960	86.1	223	31	0	1	223	10	232	4.57e-135	378
KDHFCO_07870	BGHOFK_09085	72.4	221	61	0	1	221	1	221	6.92e-111	317
KDHFCO_07870	IAFHMK_04735	70.0	223	67	0	1	223	1	223	6.59e-109	311
KDHFCO_07870	AANGNE_05160	63.3	221	81	0	1	221	1	221	1.36e-97	283
KDHFCO_07870	DNKGCI_09960	61.5	221	85	0	1	221	1	221	4.41e-94	274
KDHFCO_07870	OFBCLB_09540	61.7	222	85	0	1	222	1	222	2.66e-92	270
KDHFCO_07870	CNLKLD_07340	57.0	221	95	0	1	221	1	221	3.20e-82	244
KDHFCO_07870	LBKFJK_02595	53.8	221	102	0	1	221	1	221	2.91e-80	239
KDHFCO_07875	AGDPFD_04480	83.7	606	98	1	1	605	1	606	0.0	983
KDHFCO_07880	AAKGEC_00680	81.2	218	41	0	1	218	1	218	2.82e-125	352
KDHFCO_07880	BGHOFK_04830	57.0	207	89	0	1	207	1	207	4.84e-85	250
KDHFCO_07880	LBKFJK_07750	54.9	213	94	1	4	216	10	220	1.08e-77	232
KDHFCO_07880	DNKGCI_07725	53.6	209	97	0	2	210	10	218	3.80e-76	228
KDHFCO_07880	DDDLLA_06120	49.0	210	107	0	3	212	5	214	1.21e-67	206
KDHFCO_07880	HNNKEJ_04760	56.6	182	79	0	1	182	1	182	3.56e-64	197
KDHFCO_07880	IAFHMK_08705	47.6	210	109	1	2	211	6	214	3.50e-62	192
KDHFCO_07880	DBFGIH_01630	45.8	216	114	2	1	215	1	214	9.01e-62	192
KDHFCO_07880	CNLKLD_00725	44.1	213	118	1	1	212	1	213	1.04e-60	189
KDHFCO_07880	BLCAGE_01450	45.4	216	115	2	1	215	7	220	1.20e-60	189
KDHFCO_07880	IAFHMK_09405	48.1	212	109	1	1	212	1	211	3.28e-59	185
KDHFCO_07880	BNBIEO_09525	44.3	221	116	4	1	218	1	217	3.12e-57	180
KDHFCO_07885	AAKGEC_00685	79.8	441	89	0	1	441	1	441	1.69e-242	667
KDHFCO_07885	BGHOFK_04835	64.8	438	151	2	3	437	6	443	7.43e-188	529
KDHFCO_07885	HNNKEJ_04770	61.1	432	165	3	5	435	10	439	2.74e-175	497
KDHFCO_07885	LBKFJK_07760	55.7	436	190	2	2	435	6	440	9.88e-159	455
KDHFCO_07885	IAFHMK_09400	55.6	446	188	4	2	438	9	453	1.49e-157	452
KDHFCO_07885	DNKGCI_07715	53.2	442	204	2	1	440	6	446	2.90e-153	441
KDHFCO_07885	EHLNLG_05570	41.1	433	243	8	7	438	6	427	7.58e-98	299
KDHFCO_07885	CNLKLD_07445	41.5	436	242	8	2	435	4	428	1.68e-93	288
KDHFCO_07885	OFBCLB_02910	47.3	279	139	5	156	432	9	281	9.71e-75	235
KDHFCO_07885	KJOAFL_06700	34.7	438	272	7	2	438	223	647	6.51e-74	243
KDHFCO_07885	ABCLFC_08195	33.5	400	253	7	42	439	2	390	5.47e-71	229
KDHFCO_07885	IAFHMK_02910	35.7	255	149	4	196	439	249	499	3.15e-42	155
KDHFCO_07890	GFPDIJ_07775	76.8	181	32	1	1	171	1	181	8.33e-88	254
KDHFCO_07890	CDIIGJ_02160	69.4	160	49	0	1	160	1	160	2.85e-69	207
KDHFCO_07890	BGHOFK_04840	69.6	158	48	0	1	158	1	158	8.54e-67	202
KDHFCO_07895	BGHOFK_04845	79.1	225	46	1	1	225	1	224	1.30e-123	349
KDHFCO_07895	ACPHPF_07440	98.8	167	2	0	1	167	1	167	1.06e-114	325
KDHFCO_07895	EHLNLG_05575	63.2	220	75	2	5	224	4	217	1.55e-95	278
KDHFCO_07895	CNLKLD_07450	61.2	224	81	2	1	224	26	243	6.89e-91	267
KDHFCO_07895	AGINCK_01445	58.0	224	86	3	1	224	1	216	6.30e-90	263
KDHFCO_07895	KJOAFL_06700	58.5	224	85	3	1	224	1	216	8.15e-85	264
KDHFCO_07895	CNLKLD_02960	43.3	231	117	5	5	225	6	232	1.30e-52	169
KDHFCO_07895	CNLKLD_03860	42.5	226	122	3	2	222	3	225	1.59e-52	169
KDHFCO_07900	BGHOFK_04850	82.7	318	54	1	1	318	1	317	1.10e-190	526
KDHFCO_07900	CNLKLD_03550	75.4	313	75	2	5	317	4	314	4.79e-168	469
KDHFCO_07905	AGINCK_00645	87.2	524	63	1	1	524	18	537	0.0	926
KDHFCO_07905	HNNKEJ_04795	65.1	521	169	3	5	516	17	533	8.44e-252	699
KDHFCO_07905	BGHOFK_04855	62.5	526	188	4	3	524	20	540	8.21e-232	648
KDHFCO_07905	IAFHMK_00375	59.9	511	181	3	4	514	20	506	1.52e-222	624
KDHFCO_07905	DNKGCI_07700	54.6	509	218	4	6	514	26	521	2.86e-192	547
KDHFCO_07905	IAFHMK_09385	49.2	508	229	4	4	511	19	497	5.23e-172	495
KDHFCO_07905	DDDLLA_06110	50.0	516	242	4	9	524	24	523	1.03e-167	485
KDHFCO_07905	AANGNE_03460	49.0	502	228	6	16	517	38	511	2.03e-167	484
KDHFCO_07905	LBKFJK_01215	46.3	523	251	6	3	524	23	516	3.42e-154	450
KDHFCO_07905	CNLKLD_04180	45.4	518	250	6	16	528	35	524	9.23e-151	442
KDHFCO_07905	DNKGCI_06920	42.8	514	265	4	4	517	24	508	1.43e-141	418
KDHFCO_07905	DDDLLA_06235	43.6	516	261	5	9	524	27	512	9.44e-141	416
KDHFCO_07905	ACPHPF_07460	98.8	86	1	0	1	86	1	86	3.48e-47	159
KDHFCO_07910	AAKGEC_00710	92.5	147	11	0	1	147	1	147	1.74e-89	256
KDHFCO_07910	DNKGCI_01520	69.4	147	45	0	1	147	1	147	2.63e-68	202
KDHFCO_07910	HNNKEJ_00710	70.7	147	40	1	1	147	1	144	1.53e-64	193
KDHFCO_07910	DICHKL_01080	63.0	146	54	0	2	147	3	148	7.81e-61	184
KDHFCO_07915	BGHOFK_04865	84.1	295	47	0	6	300	6	300	1.86e-176	489
KDHFCO_07920	AAKGEC_00720	91.3	150	13	0	1	150	1	150	1.09e-98	280
KDHFCO_07920	DDDLLA_00280	70.9	141	41	0	10	150	2	142	8.85e-74	216
KDHFCO_07920	CNLKLD_07375	67.3	150	49	0	1	150	1	150	4.47e-71	210
KDHFCO_07925	ABCLFC_07360	98.4	126	2	0	1	126	1	126	9.28e-93	263
KDHFCO_07930	CFBGPF_06275	100	117	0	0	1	117	1	117	5.56e-73	219
KDHFCO_07935	CFBGPF_06275	98.6	74	1	0	1	74	228	301	3.29e-48	153
KDHFCO_07940	AGDPFD_03945	83.8	154	25	0	1	154	1	154	1.04e-90	260
KDHFCO_07945	AAKGEC_00730	82.4	398	70	0	1	398	1	398	6.75e-239	655
KDHFCO_07945	MMHDPA_05760	69.4	157	48	0	1	157	1	157	1.43e-72	223
KDHFCO_07945	NPNEBP_04655	47.4	209	104	2	6	208	4	212	7.93e-58	187
KDHFCO_07950	AAKGEC_00735	74.4	215	55	0	1	215	1	215	1.68e-111	317
KDHFCO_07950	DBFGIH_03930	60.5	215	83	1	1	215	1	213	1.65e-87	256
KDHFCO_07950	LOKICG_06030	100	87	0	0	129	215	1	87	8.32e-55	169
KDHFCO_07955	FAKCMI_00935	100	362	0	0	1	362	1	362	1.42e-263	714
KDHFCO_07955	AGDPFD_03930	62.3	361	136	0	1	361	1	361	2.93e-161	455
KDHFCO_07955	AIPJBK_10920	71.3	174	50	0	189	362	1	174	9.06e-80	241
KDHFCO_07955	OAEMLE_07015	70.9	148	43	0	116	263	1	148	1.15e-68	212
KDHFCO_07955	CEHAJH_00005	36.5	301	171	5	25	321	25	309	9.56e-54	180
KDHFCO_07955	JBLIPD_09840	48.1	162	82	1	7	166	5	166	5.53e-45	152
KDHFCO_07960	MPMINF_04995	96.0	301	12	0	1	301	1	301	1.45e-202	555
KDHFCO_07960	AMCIGH_01490	53.0	298	137	1	6	300	7	304	2.25e-104	306
KDHFCO_07965	BACFJJ_03605	78.4	828	174	4	1	824	1	827	0.0	1289
KDHFCO_07965	HNNKEJ_03900	39.1	673	399	3	3	667	5	674	7.05e-157	478
KDHFCO_07965	LBKFJK_02490	29.0	732	456	19	2	694	5	711	6.95e-78	270
KDHFCO_07970	AAKGEC_00755	90.6	149	14	0	1	149	1	149	1.68e-97	276
KDHFCO_07970	HNNKEJ_04840	72.4	145	40	0	5	149	3	147	1.46e-77	226
KDHFCO_07970	IAFHMK_04475	65.5	142	49	0	5	146	3	144	1.82e-64	193
KDHFCO_07970	AANGNE_06520	55.9	145	63	1	5	148	3	147	7.97e-53	164
KDHFCO_07970	DNKGCI_01490	53.1	145	67	1	5	148	3	147	4.28e-49	154
KDHFCO_07975	BGHOFK_04890	77.9	276	58	1	1	276	1	273	2.52e-147	413
KDHFCO_07975	IHNEIG_03435	61.7	274	102	2	3	276	9	279	1.13e-114	330
KDHFCO_07975	DNKGCI_01485	62.1	277	100	4	1	275	1	274	2.15e-113	327
KDHFCO_07975	IAFHMK_04470	58.9	275	105	3	3	276	2	269	2.09e-105	306
KDHFCO_07975	DDDLLA_00330	59.3	273	108	3	5	276	3	273	2.74e-105	306
KDHFCO_07975	CNLKLD_06605	51.1	313	108	4	3	270	2	314	2.15e-94	280
KDHFCO_07980	AAKGEC_00765	82.7	179	30	1	1	178	1	179	6.71e-100	285
KDHFCO_07985	CNLKLD_06600	86.5	646	84	2	1	644	1	645	0.0	1095
KDHFCO_07985	HNNJHH_01325	50.9	642	298	11	6	637	49	683	1.42e-210	604
KDHFCO_07985	LBKFJK_02495	31.8	673	392	15	13	636	11	665	1.10e-95	308
KDHFCO_07990	PEPBIK_07990	99.5	213	1	0	1	213	3	215	5.44e-137	382
KDHFCO_08000	AAKGEC_00785	92.9	140	10	0	1	140	1	140	9.23e-93	264
KDHFCO_08000	CNLKLD_06585	73.3	135	35	1	1	134	1	135	3.85e-67	199
KDHFCO_08000	AANGNE_06545	63.8	138	49	1	1	137	1	138	4.67e-63	189
KDHFCO_08000	DNKGCI_01465	63.8	141	48	3	1	139	1	140	1.24e-57	175
KDHFCO_08000	IAFHMK_04450	64.0	136	47	2	1	134	1	136	3.30e-56	172
KDHFCO_08005	DDDLLA_00355	84.2	722	114	0	1	722	21	742	0.0	1228
KDHFCO_08005	EIKFFD_04430	60.5	719	274	5	11	722	10	725	2.75e-308	857
KDHFCO_08005	ABIMCM_09390	59.2	716	286	4	11	722	5	718	1.17e-300	838
KDHFCO_08010	DFCDFN_06160	82.2	326	57	1	1	325	1	326	3.32e-198	546
KDHFCO_08010	FIHDIM_11910	55.0	313	140	1	13	324	3	315	3.02e-126	363
KDHFCO_08010	EIKFFD_04425	34.9	318	197	5	12	324	7	319	2.84e-57	187
KDHFCO_08010	GKALEM_12320	27.6	315	218	5	12	323	7	314	3.92e-44	153
KDHFCO_08010	ABIMCM_09395	31.0	316	209	4	12	324	7	316	2.18e-43	151
KDHFCO_08015	AAKGEC_00800	92.6	311	23	0	1	311	1	311	1.15e-200	551
KDHFCO_08015	CNLKLD_02315	68.5	311	98	0	1	311	1	311	8.95e-147	414
KDHFCO_08015	DDDLLA_00365	66.6	311	103	1	1	311	2	311	4.21e-145	410
KDHFCO_08015	AANGNE_06565	67.2	311	102	0	1	311	1	311	6.93e-144	407
KDHFCO_08015	DNKGCI_01450	65.0	311	108	1	1	311	1	310	1.32e-136	389
KDHFCO_08020	DFCDFN_06170	92.1	229	18	0	2	230	3	231	2.22e-151	419
KDHFCO_08020	DIBOGN_07175	42.5	219	114	5	3	217	1	211	8.19e-50	162
KDHFCO_08025	DDDLLA_00375	80.2	363	72	0	1	363	38	400	4.36e-209	578
KDHFCO_08025	BGCGKI_06785	75.9	137	33	0	1	137	10	146	1.10e-64	203
KDHFCO_08025	AAKGEC_03190	34.8	336	201	9	40	364	19	347	1.19e-47	164
KDHFCO_08030	BNPKDP_05395	97.9	195	4	0	1	195	22	216	7.60e-134	377
KDHFCO_08030	CDIIGJ_02300	71.3	195	56	0	1	195	1	195	8.70e-97	282
KDHFCO_08030	BGHOFK_04955	71.9	192	54	0	4	195	5	196	5.33e-96	280
KDHFCO_08030	HNNKEJ_05040	67.7	195	63	0	1	195	1	195	3.11e-92	271
KDHFCO_08030	DDDLLA_00570	60.0	195	75	1	1	195	1	192	3.87e-75	227
KDHFCO_08030	IAFHMK_07345	61.3	181	63	3	15	195	1	174	5.14e-70	214
KDHFCO_08030	DNKGCI_01425	54.9	195	85	1	1	195	1	192	1.69e-68	210
KDHFCO_08030	LBKFJK_03770	53.3	195	88	1	1	195	1	192	9.07e-66	203
KDHFCO_08030	CNLKLD_02280	53.2	190	82	3	6	195	3	185	2.64e-63	197
KDHFCO_08030	CJHCCN_03770	50.3	191	89	3	5	195	30	214	3.27e-60	190
KDHFCO_08035	CNLKLD_02275	93.8	176	11	0	1	176	10	185	1.55e-124	347
KDHFCO_08040	ABNNBP_08525	100	267	0	0	1	267	1	267	8.19e-188	514
KDHFCO_08040	CNLKLD_02580	68.4	256	81	0	1	256	1	256	6.32e-128	363
KDHFCO_08045	AAKGEC_00835	81.7	540	99	0	1	540	1	540	1.33e-310	848
KDHFCO_08045	HNNKEJ_05060	68.7	540	169	0	1	540	1	540	3.50e-266	736
KDHFCO_08045	CDIIGJ_02330	66.7	540	180	0	1	540	1	540	6.79e-252	699
KDHFCO_08045	IAFHMK_07330	52.8	536	248	4	7	540	6	538	1.16e-188	539
KDHFCO_08045	BGHOFK_04970	52.4	544	243	4	1	538	1	534	5.03e-187	535
KDHFCO_08045	AAOIOD_06645	49.9	547	262	5	1	538	1	544	1.48e-178	513
KDHFCO_08045	AANGNE_03835	50.2	488	233	3	59	538	255	740	3.97e-156	463
KDHFCO_08045	LBKFJK_03750	44.4	567	284	6	1	540	1	563	1.32e-154	453
KDHFCO_08045	DDDLLA_00590	44.2	547	295	4	1	540	1	544	2.31e-153	449
KDHFCO_08045	DNKGCI_01405	43.0	568	292	7	1	540	1	564	2.38e-144	427
KDHFCO_08045	BPFCDP_12255	34.7	544	343	6	1	540	1	536	1.04e-111	342
KDHFCO_08045	BEGLKA_11690	98.0	102	2	0	201	302	1	102	2.24e-64	205
KDHFCO_08050	BAOMEA_00695	85.8	295	39	1	1	292	1	295	4.10e-176	487
KDHFCO_08050	LBKFJK_03745	71.5	291	83	0	1	291	1	291	3.48e-150	422
KDHFCO_08050	BGHOFK_04975	71.2	292	84	0	1	292	1	292	6.29e-147	414
KDHFCO_08050	BPFCDP_12260	66.4	295	93	2	1	292	1	292	5.50e-134	380
KDHFCO_08050	AANGNE_03835	77.3	255	58	0	1	255	1	255	2.60e-129	384
KDHFCO_08050	FFEJFE_02900	34.7	294	186	2	4	292	3	295	1.11e-59	192
KDHFCO_08050	NOKDAP_01685	32.9	295	192	1	4	292	3	297	2.66e-56	183
KDHFCO_08050	AJKPDP_06850	70.3	128	38	0	165	292	1	128	3.23e-54	172
KDHFCO_08050	NOKDAP_01690	34.4	294	184	3	4	291	3	293	3.71e-52	172
KDHFCO_08050	KMMJML_04790	34.9	295	183	6	4	289	27	321	1.30e-46	159
KDHFCO_08055	ABNNBP_08540	100	216	0	0	1	216	1	216	2.98e-151	418
KDHFCO_08055	HNNKEJ_05070	63.8	185	67	0	32	216	1	185	9.89e-83	243
KDHFCO_08055	LBKFJK_03740	62.2	185	70	0	32	216	1	185	2.18e-79	235
KDHFCO_08055	BPFCDP_12265	59.5	185	75	0	32	216	1	185	2.61e-78	232
KDHFCO_08055	DNKGCI_01395	61.1	185	72	0	32	216	1	185	2.93e-77	229
KDHFCO_08055	IAFHMK_07320	60.2	186	73	1	32	216	1	186	9.77e-72	216
KDHFCO_08055	AAKGEC_00845	57.3	185	79	0	32	216	1	185	4.92e-71	214
KDHFCO_08055	DDDLLA_00600	55.2	183	82	0	32	214	1	183	3.76e-66	201
KDHFCO_08055	CDIIGJ_02340	60.5	157	62	0	60	216	1	157	1.34e-64	196
KDHFCO_08055	AANGNE_03830	45.9	185	100	0	32	216	1	185	3.12e-55	174
KDHFCO_08060	DDDLLA_00655	82.7	301	52	0	1	301	1	301	4.31e-175	486
KDHFCO_08060	IAFHMK_07315	74.3	304	78	0	1	304	1	304	1.29e-157	441
KDHFCO_08060	EEJBJI_05590	73.1	305	81	1	1	304	1	305	3.92e-155	436
KDHFCO_08060	CNLKLD_03845	71.1	301	87	0	1	301	1	301	1.17e-145	411
KDHFCO_08065	OAEMLE_06825	94.5	327	18	0	1	327	1	327	8.45e-225	615
KDHFCO_08070	BGHOFK_04990	90.5	296	27	1	1	295	1	296	9.74e-192	527
KDHFCO_08075	DDDLLA_00675	80.1	477	95	0	5	481	8	484	1.64e-291	795
KDHFCO_08075	AANGNE_03810	72.5	477	131	0	5	481	5	481	6.09e-263	723
KDHFCO_08075	CNLKLD_03825	69.3	482	147	1	1	481	1	482	5.65e-245	677
KDHFCO_08075	DKIIMI_05080	96.5	200	7	0	1	200	1	200	9.74e-133	381
KDHFCO_08075	AAKGEC_11065	37.8	481	272	5	14	481	16	482	1.73e-109	332
KDHFCO_08075	MCFIIO_10155	35.2	488	302	4	1	481	1	481	4.63e-103	316
KDHFCO_08075	BGHOFK_00945	29.9	475	316	7	14	481	49	513	1.71e-63	214
KDHFCO_08080	ABNNBP_08565	100	229	0	0	1	229	1	229	6.72e-159	438
KDHFCO_08080	AGDPFD_04335	63.8	224	80	1	7	229	8	231	3.39e-97	282
KDHFCO_08080	HNNKEJ_00890	58.6	222	92	0	8	229	9	230	4.16e-93	272
KDHFCO_08080	ABIMCM_02060	59.8	229	90	1	3	229	1	229	2.68e-91	267
KDHFCO_08080	BGHOFK_02030	55.9	220	97	0	10	229	1	220	4.47e-83	246
KDHFCO_08080	ABCBPP_11185	54.5	220	100	0	10	229	3	222	5.51e-82	243
KDHFCO_08080	EIKFFD_03615	46.3	214	115	0	13	226	5	218	3.95e-64	198
KDHFCO_08080	ABIMCM_09380	43.8	203	111	1	15	214	6	208	1.93e-57	181
KDHFCO_08080	DBFGIH_03965	39.6	217	130	1	10	225	1	217	4.89e-52	167
KDHFCO_08080	ABIMCM_03265	52.5	160	76	0	70	229	239	398	3.43e-50	167
KDHFCO_08085	ABCLFC_07650	97.2	179	5	0	1	179	1	179	2.35e-123	344
KDHFCO_08085	AGDPFD_04340	62.0	179	68	0	1	179	1	179	2.77e-76	225
KDHFCO_08085	ABIMCM_02065	63.1	179	65	1	1	179	2	179	1.67e-73	218
KDHFCO_08085	HNNKEJ_00885	55.9	177	78	0	3	179	4	180	4.14e-62	189
KDHFCO_08090	DIBOGN_04755	95.8	620	25	1	1	620	1	619	0.0	1112
KDHFCO_08090	ABIMCM_02075	69.6	615	185	2	3	617	8	620	8.22e-296	817
KDHFCO_08090	AGDPFD_04350	67.3	623	194	3	1	615	1	621	3.31e-292	808
KDHFCO_08090	HNNKEJ_00865	63.3	616	214	5	3	615	4	610	3.25e-259	724
KDHFCO_08090	BGHOFK_08910	59.6	621	243	4	3	617	5	623	4.67e-245	689
KDHFCO_08090	CGMKCF_08225	58.7	620	248	5	1	615	1	617	5.41e-241	679
KDHFCO_08090	BGCJLL_07025	51.6	622	286	4	4	617	2	616	2.00e-206	591
KDHFCO_08090	EIKFFD_03600	49.8	624	295	6	4	617	2	617	3.63e-192	554
KDHFCO_08090	ANFPEE_11195	35.7	628	362	14	12	616	159	767	2.93e-117	366
KDHFCO_08090	ABIMCM_08870	34.7	626	370	11	19	615	90	705	2.36e-107	338
KDHFCO_08090	PKGHFF_07395	33.3	636	374	15	11	620	4	615	1.45e-91	295
KDHFCO_08090	ABIMCM_03265	61.1	239	93	0	1	239	1	239	6.30e-91	286
KDHFCO_08090	OFBCLB_07720	33.4	605	349	14	47	611	49	639	1.75e-90	293
KDHFCO_08090	DNKGCI_09585	32.6	599	358	14	50	611	47	636	1.93e-90	292
KDHFCO_08090	AAOIOD_03725	36.1	540	314	10	59	579	124	651	9.66e-90	291
KDHFCO_08090	FFPGDJ_00115	36.3	557	325	13	85	618	271	820	5.24e-89	293
KDHFCO_08090	LBKFJK_08485	31.7	609	363	15	44	613	44	638	3.15e-88	286
KDHFCO_08090	ACIHME_07560	31.8	620	367	15	30	611	41	642	9.82e-86	280
KDHFCO_08090	DDDLLA_02925	32.8	592	364	11	47	618	54	631	7.28e-85	278
KDHFCO_08090	CNLKLD_04120	33.3	630	369	18	9	612	7	611	1.30e-82	271
KDHFCO_08090	FFPGDJ_00105	32.6	626	377	15	18	617	41	647	3.98e-79	263
KDHFCO_08090	CNLKLD_05200	30.9	605	386	10	9	602	2	585	1.64e-78	259
KDHFCO_08090	APEJKH_07335	32.0	563	353	14	74	620	156	704	3.45e-76	256
KDHFCO_08090	CNLKLD_07600	31.3	635	368	19	14	617	103	700	6.26e-74	250
KDHFCO_08090	IAFHMK_00280	31.3	568	340	13	25	561	120	668	1.31e-73	249
KDHFCO_08095	ABCLFC_05755	95.6	113	5	0	1	113	1	113	9.17e-62	184
KDHFCO_08100	ABCLFC_05750	96.2	133	5	0	1	133	1	133	8.06e-86	246
KDHFCO_08100	CFBGPF_06450	98.9	88	1	0	1	88	1	88	7.51e-54	165
KDHFCO_08105	BJLDLK_11535	97.2	109	3	0	1	109	1	109	3.64e-69	203
KDHFCO_08110	ABNNBP_08600	100	444	0	0	1	444	1	444	0.0	873
KDHFCO_08110	ABCLFC_05740	58.4	450	172	6	1	444	1	441	1.67e-164	470
KDHFCO_08110	DBDHAK_10800	31.8	468	277	13	1	435	1	459	1.83e-61	206
KDHFCO_08110	AHPAPB_05095	39.0	210	125	1	1	207	1	210	1.24e-43	157
KDHFCO_08110	ONFANJ_01330	41.9	186	108	0	1	186	1	186	3.21e-43	155
KDHFCO_08110	OECBDL_07800	41.9	191	110	1	1	191	1	190	4.21e-42	153
KDHFCO_08110	DIBOGN_08040	42.4	191	109	1	1	191	1	190	8.27e-42	152
KDHFCO_08115	LCDEGG_14340	100	96	0	0	1	96	243	338	4.50e-58	181
KDHFCO_08115	AMHKJB_04215	100	88	0	0	1	88	1	88	1.89e-55	167
KDHFCO_08115	CBFHCM_03370	88.5	96	7	1	1	96	1	92	1.63e-51	156
KDHFCO_08120	OBFACL_08170	99.6	272	1	0	1	272	1	272	8.61e-197	540
KDHFCO_08120	KPPIIN_12125	94.1	152	9	0	81	232	1	152	1.10e-99	290
KDHFCO_08120	BOKGIH_10420	100	110	0	0	156	265	1	110	1.28e-73	222
KDHFCO_08120	AHPAPB_10090	38.1	270	164	2	7	276	31	297	1.85e-52	172
KDHFCO_08120	FAAIHB_09795	36.9	263	164	2	14	275	4	265	1.21e-49	164
KDHFCO_08120	ACPHPF_04690	38.2	259	156	3	18	275	26	281	3.72e-49	164
KDHFCO_08120	DPMHNO_00280	97.4	78	2	0	1	78	22	99	1.75e-46	150
KDHFCO_08120	JOBCMP_04985	37.7	268	158	5	13	276	15	277	1.93e-46	156
KDHFCO_08120	OMDMHF_02850	37.2	269	161	5	14	275	3	270	2.17e-45	154
KDHFCO_08125	LCDEGG_08215	99.0	193	2	0	1	193	11	203	2.93e-133	371
KDHFCO_08125	NOKDAP_11050	59.8	189	76	0	1	189	1	189	5.79e-73	218
KDHFCO_08125	BLIMPP_08475	61.7	196	66	3	1	193	1	190	4.28e-72	216
KDHFCO_08125	FPMMJC_02165	57.5	193	81	1	1	192	1	193	1.75e-67	204
KDHFCO_08125	BOKJIE_06805	55.2	194	86	1	1	193	1	194	8.32e-67	202
KDHFCO_08125	OILDAA_05050	58.4	190	77	2	1	188	1	190	1.41e-65	199
KDHFCO_08125	ELFOBA_06655	54.8	197	85	2	1	193	1	197	3.74e-61	188
KDHFCO_08125	FPMMJC_06805	53.7	188	85	2	1	188	1	186	1.64e-59	184
KDHFCO_08125	MFAILH_05315	54.8	188	80	2	1	188	1	183	1.70e-56	176
KDHFCO_08125	KJJMGA_04980	49.5	190	93	2	1	189	1	188	1.58e-54	171
KDHFCO_08130	GGNLIA_03115	98.9	185	2	0	29	213	207	391	1.62e-127	367
KDHFCO_08130	BEHEAJ_00625	76.8	211	47	1	1	211	50	258	2.47e-114	329
KDHFCO_08130	IIAFGB_05595	63.2	220	76	2	1	220	178	392	1.52e-95	286
KDHFCO_08130	AMHKJB_02715	84.1	151	24	0	1	151	1	151	2.18e-86	252
KDHFCO_08130	EAKCFB_04575	81.1	148	28	0	17	164	1	148	1.97e-81	245
KDHFCO_08130	BOKJIE_00635	72.3	159	41	1	62	220	1	156	1.87e-76	229
KDHFCO_08130	ABNNBP_01250	68.6	159	47	2	62	220	1	156	8.35e-71	215
KDHFCO_08130	IAMLOO_03350	60.0	175	66	1	36	210	2	172	6.01e-68	209
KDHFCO_08130	FMBBOG_10345	53.5	200	87	3	17	210	1	200	4.18e-67	207
KDHFCO_08130	PJLNJC_02530	76.8	99	22	1	114	211	1	99	5.30e-49	159
KDHFCO_08140	DDDLLA_00680	84.3	638	94	2	1	634	1	636	0.0	1013
KDHFCO_08140	EPOEKF_01310	34.3	644	382	9	1	632	1	615	1.38e-108	340
KDHFCO_08140	AAOIOD_01425	41.0	476	255	7	163	634	6	459	7.78e-102	323
KDHFCO_08140	AIGDEK_01350	35.9	476	280	8	163	631	4	461	4.52e-84	276
KDHFCO_08140	HNNKEJ_05590	30.9	664	401	16	1	634	1	636	1.77e-78	261
KDHFCO_08140	AAOIOD_03820	32.1	647	400	20	1	621	1	634	1.07e-72	246
KDHFCO_08140	AJKPDP_02890	31.5	650	403	21	1	622	1	636	4.68e-72	244
KDHFCO_08140	HNNKEJ_05610	29.8	684	409	20	1	626	1	671	5.16e-69	237
KDHFCO_08140	AANGNE_04005	36.2	456	258	10	163	600	5	445	6.23e-69	232
KDHFCO_08140	BNBIEO_08450	33.7	489	286	12	163	627	5	479	3.55e-63	216
KDHFCO_08140	EKEFPE_02095	28.9	481	306	11	1	464	1	462	9.73e-48	174
KDHFCO_08145	AAKGEC_00875	91.8	305	25	0	1	305	1	305	5.93e-200	548
KDHFCO_08145	AANGNE_02150	63.9	305	109	1	1	304	1	305	6.19e-133	379
KDHFCO_08145	DNKGCI_01315	62.2	304	115	0	1	304	1	304	4.55e-132	377
KDHFCO_08145	IAFHMK_07285	60.9	304	119	0	1	304	1	304	1.18e-130	373
KDHFCO_08145	AAOIOD_01420	33.8	305	200	1	1	303	1	305	6.89e-53	175
KDHFCO_08150	AAKGEC_00880	93.6	233	15	0	1	233	1	233	3.50e-147	409
KDHFCO_08150	AANGNE_02145	65.8	231	79	0	1	231	1	231	3.15e-99	288
KDHFCO_08150	IAFHMK_07280	63.6	231	84	0	1	231	1	231	1.54e-90	266
KDHFCO_08150	DDDLLA_00690	59.3	231	94	0	1	231	4	234	1.40e-88	261
KDHFCO_08150	LBKFJK_03675	58.9	231	95	0	1	231	15	245	9.65e-88	259
KDHFCO_08150	DNKGCI_01310	56.3	222	97	0	10	231	3	224	4.61e-83	246
KDHFCO_08155	AAKGEC_00885	82.1	379	68	0	1	379	1	379	4.16e-228	626
KDHFCO_08155	HNNKEJ_05130	72.4	377	104	0	1	377	1	377	7.85e-196	545
KDHFCO_08155	IAFHMK_07275	67.5	378	123	0	1	378	1	378	3.03e-184	515
KDHFCO_08155	DNKGCI_01305	64.2	380	135	1	1	379	1	380	1.72e-176	495
KDHFCO_08155	BGHOFK_05020	64.9	379	131	1	1	379	2	378	2.87e-173	487
KDHFCO_08155	DDDLLA_00695	64.3	378	134	1	1	377	1	378	3.79e-173	487
KDHFCO_08155	IAFHMK_07090	55.2	375	164	3	8	379	5	378	1.17e-140	404
KDHFCO_08155	AAOIOD_01845	34.2	368	227	8	8	365	6	368	4.92e-54	182
KDHFCO_08155	AAKGEC_05560	33.4	374	231	9	10	372	4	370	5.31e-50	172
KDHFCO_08155	DNKGCI_10640	31.6	348	196	9	3	325	17	347	5.63e-43	154
KDHFCO_08160	MHGLEN_03375	99.0	587	6	0	1	587	1	587	0.0	1175
KDHFCO_08160	DKACCG_05130	61.6	591	219	5	1	587	1	587	3.91e-270	749
KDHFCO_08160	DNKGCI_03575	57.4	594	244	4	1	587	1	592	2.43e-248	694
KDHFCO_08160	AGINCK_08250	55.1	590	261	2	1	587	1	589	6.44e-238	668
KDHFCO_08160	LIMBNG_09570	29.9	558	338	15	27	540	8	556	5.73e-59	206
KDHFCO_08165	ACPHPF_07765	92.5	614	22	1	1	614	1	590	0.0	1006
KDHFCO_08165	AAKGEC_00895	67.7	594	192	0	16	609	17	610	3.42e-277	770
KDHFCO_08165	CDIIGJ_02405	57.7	598	251	2	11	607	10	606	2.25e-234	661
KDHFCO_08170	KABOBF_10205	99.0	594	6	0	1	594	1	594	0.0	1092
KDHFCO_08170	EGFJBH_00655	39.2	502	273	13	5	484	4	495	1.14e-92	294
KDHFCO_08170	CDIIGJ_03135	36.4	495	294	10	5	487	4	489	1.05e-86	280
KDHFCO_08175	IAFHMK_07265	81.4	145	26	1	36	179	33	177	7.40e-76	224
KDHFCO_08175	HNNKEJ_05145	67.8	146	45	1	36	179	36	181	8.20e-57	176
KDHFCO_08175	HPDOHA_04170	64.6	147	51	1	34	179	46	192	5.36e-55	172
KDHFCO_08180	DFCDFN_06275	78.4	347	74	1	1	347	11	356	7.48e-201	555
KDHFCO_08180	DDKKPM_00580	74.0	346	89	1	1	346	10	354	3.00e-188	523
KDHFCO_08180	CNLKLD_03805	68.4	345	108	1	1	345	1	344	6.08e-172	481
KDHFCO_08185	AAKGEC_00915	77.6	134	30	0	1	134	1	134	2.82e-66	196
KDHFCO_08185	HNNKEJ_05155	59.7	134	54	0	1	134	1	134	1.35e-50	157
KDHFCO_08190	AAKGEC_00920	90.7	248	23	0	1	248	1	248	7.55e-154	427
KDHFCO_08190	CDIIGJ_02430	64.6	260	79	2	1	247	1	260	1.61e-107	310
KDHFCO_08190	BGHOFK_05050	69.3	215	66	0	33	247	35	249	2.99e-100	291
KDHFCO_08190	HNNKEJ_05160	71.5	200	55	1	51	248	70	269	3.83e-93	274
KDHFCO_08190	DNKGCI_06725	58.3	230	88	3	25	247	41	269	2.63e-86	257
KDHFCO_08190	AANGNE_02115	63.5	211	74	2	40	247	50	260	2.79e-86	256
KDHFCO_08190	CNLKLD_03795	55.6	252	104	3	4	247	15	266	3.16e-84	251
KDHFCO_08190	IAFHMK_07245	62.1	214	79	1	36	247	51	264	6.84e-83	248
KDHFCO_08190	LBKFJK_01020	51.1	266	109	4	2	247	4	268	2.36e-79	239
KDHFCO_08190	DDDLLA_06425	60.9	197	75	1	53	247	77	273	2.24e-78	237
KDHFCO_08195	BGHOFK_05055	82.2	230	40	1	1	230	1	229	3.13e-144	401
KDHFCO_08195	CNLKLD_03790	72.6	226	58	1	1	226	1	222	6.46e-119	337
KDHFCO_08195	AMBJPI_05760	37.9	211	128	2	2	212	3	210	1.96e-48	158
KDHFCO_08200	HNAFAL_02430	89.2	148	16	0	1	148	1	148	7.79e-93	266
KDHFCO_08205	AAKGEC_00935	94.8	445	23	0	1	445	1	445	1.87e-285	776
KDHFCO_08210	AAKGEC_00940	97.7	87	2	0	1	87	1	87	2.37e-52	157
KDHFCO_08215	BGHOFK_05075	72.8	312	84	1	1	312	1	311	5.56e-165	461
KDHFCO_08215	LBKFJK_03615	66.9	314	102	2	1	313	1	313	3.76e-147	416
KDHFCO_08215	KGIGEE_08380	51.1	313	27	1	1	313	1	187	2.96e-77	233
KDHFCO_08215	CGMKCF_11440	83.8	136	22	0	178	313	1	136	1.94e-65	201
KDHFCO_08220	EHLNLG_09380	94.3	352	20	0	1	352	4	355	6.10e-247	671
KDHFCO_08220	CNLKLD_04450	61.5	343	130	1	10	350	3	345	1.18e-156	442
KDHFCO_08220	DHALJH_04980	74.0	200	52	0	1	200	1	200	9.72e-104	303
KDHFCO_08225	BGHOFK_05110	72.1	190	53	0	1	190	1	190	5.17e-98	281
KDHFCO_08225	CNLKLD_04445	70.1	194	58	0	1	194	1	194	9.80e-94	271
KDHFCO_08225	AANGNE_03735	68.4	190	60	0	4	193	5	194	1.10e-92	268
KDHFCO_08225	IAFHMK_04930	69.3	189	58	0	2	190	3	191	7.13e-91	263
KDHFCO_08225	LBKFJK_03595	66.0	188	64	0	1	188	1	188	4.39e-87	254
KDHFCO_08225	DNKGCI_07055	66.0	194	66	0	1	194	2	195	2.04e-86	252
KDHFCO_08225	DDDLLA_00740	62.9	194	72	0	1	194	2	195	1.53e-83	245
KDHFCO_08225	JBKKJP_08165	98.2	110	2	0	1	110	1	110	1.98e-75	221
KDHFCO_08225	CDIIGJ_02475	69.6	112	34	0	1	112	1	112	1.85e-50	159
KDHFCO_08230	HNNKEJ_05215	80.6	805	149	3	1	805	1	798	0.0	1255
KDHFCO_08230	IAFHMK_04935	74.3	723	183	1	1	723	8	727	0.0	1069
KDHFCO_08230	LBKFJK_03590	70.2	726	211	2	4	726	11	734	0.0	1015
KDHFCO_08230	BLCAGE_03870	70.8	723	206	2	1	723	8	725	0.0	1010
KDHFCO_08230	DNKGCI_07050	69.5	728	218	2	1	726	8	733	0.0	1001
KDHFCO_08230	DDDLLA_00745	64.1	722	254	2	3	724	10	726	0.0	908
KDHFCO_08230	CNLKLD_04440	52.0	717	326	7	1	715	7	707	2.92e-242	693
KDHFCO_08230	DDDLLA_10910	52.2	663	304	6	62	718	11	666	1.83e-224	645
KDHFCO_08230	DFCDFN_07685	48.5	666	319	9	58	710	15	669	6.84e-197	575
KDHFCO_08230	DBFGIH_06730	46.4	659	334	8	65	713	41	690	5.52e-193	566
KDHFCO_08230	PEPBIK_06785	45.7	670	341	8	57	716	12	668	3.65e-191	560
KDHFCO_08240	MKCKPI_06015	96.4	307	11	0	1	307	16	322	2.34e-218	596
KDHFCO_08240	FGEEDJ_05235	51.5	301	145	1	4	303	2	302	4.33e-111	324
KDHFCO_08240	AANGNE_04950	32.2	301	201	3	6	305	209	507	1.78e-49	171
KDHFCO_08240	LLNAOI_02160	32.9	307	191	6	6	305	53	351	3.15e-48	164
KDHFCO_08250	AANGNE_03680	79.0	248	52	0	1	248	1	248	1.23e-140	394
KDHFCO_08250	AAKGEC_12175	49.8	241	118	1	1	241	5	242	2.45e-76	231
KDHFCO_08250	AAKGEC_12360	50.6	241	114	2	2	241	7	243	1.77e-74	226
KDHFCO_08250	AANGNE_02185	46.1	245	127	2	1	244	4	244	2.85e-70	215
KDHFCO_08250	LGJCEJ_06495	42.5	221	120	5	21	239	48	263	9.48e-48	162
KDHFCO_08250	AAKGEC_05805	40.5	257	135	6	1	239	4	260	8.85e-47	159
KDHFCO_08250	CNLKLD_00555	38.4	258	140	5	1	239	4	261	7.11e-46	156
KDHFCO_08250	AANGNE_01045	34.3	268	156	5	1	249	3	269	7.65e-46	156
KDHFCO_08255	ABJDJH_11510	94.2	295	17	0	1	295	27	321	1.28e-186	515
KDHFCO_08260	DNKGCI_10375	75.9	282	65	1	1	282	1	279	8.43e-151	422
KDHFCO_08260	DDDLLA_08920	66.1	280	90	3	6	281	5	283	9.44e-128	364
KDHFCO_08260	FLCEDE_04075	75.3	166	38	1	1	163	1	166	6.20e-82	243
KDHFCO_08260	AANGNE_04620	43.5	283	154	5	1	282	1	278	3.38e-70	218
KDHFCO_08260	IAFHMK_07085	41.2	274	152	7	7	276	6	274	6.98e-58	186
KDHFCO_08265	AAKGEC_00995	93.4	196	13	0	2	197	2	197	2.16e-121	341
KDHFCO_08265	CDIIGJ_02515	69.4	193	52	3	7	197	1	188	8.74e-82	240
KDHFCO_08265	BGHOFK_05150	59.5	200	71	3	7	197	1	199	6.49e-70	211
KDHFCO_08265	LBKFJK_03570	53.2	201	84	1	7	197	1	201	4.16e-66	201
KDHFCO_08265	DNKGCI_07030	54.8	199	83	1	6	197	10	208	1.97e-63	194
KDHFCO_08265	JAFLJO_07180	51.2	207	85	2	6	197	56	261	1.69e-58	184
KDHFCO_08270	AAKGEC_01000	93.5	555	36	0	1	555	1	555	0.0	1024
KDHFCO_08270	NEBMPO_12075	66.7	147	49	0	55	201	12	158	5.95e-63	203
KDHFCO_08270	NEBMPO_12080	66.7	141	47	0	202	342	1	141	1.63e-60	196
KDHFCO_08275	DFCDFN_04420	83.2	107	18	0	1	107	1	107	4.83e-60	179
KDHFCO_08275	CNLKLD_04355	69.2	107	33	0	1	107	1	107	4.15e-49	151
KDHFCO_08280	NAFEBK_03350	83.9	149	22	1	1	147	1	149	1.26e-92	264
KDHFCO_08280	CDIIGJ_02525	73.6	148	39	0	1	148	1	148	1.71e-83	241
KDHFCO_08280	BGHOFK_05170	72.3	148	41	0	1	148	1	148	6.44e-81	234
KDHFCO_08280	HNNKEJ_05265	65.5	148	49	1	1	148	1	146	3.77e-68	202
KDHFCO_08280	DNKGCI_07015	59.5	148	59	1	1	148	1	147	3.58e-62	187
KDHFCO_08280	AANGNE_05965	60.3	146	51	1	3	148	2	140	3.74e-60	182
KDHFCO_08280	AJCMKJ_06890	57.0	149	62	2	1	148	1	148	1.11e-56	173
KDHFCO_08280	LBKFJK_03560	56.2	146	63	1	3	148	3	147	1.52e-56	173
KDHFCO_08280	IAFHMK_07120	53.1	143	60	1	6	148	8	143	1.48e-48	152
KDHFCO_08285	AIKIDN_08510	83.7	166	23	1	1	162	1	166	9.48e-58	177
KDHFCO_08285	AODLHO_06440	78.7	164	33	2	1	162	1	164	1.21e-50	159
KDHFCO_08290	AHPAPB_07960	99.1	235	1	1	1	234	1	235	1.35e-163	451
KDHFCO_08295	NGDFHG_00145	91.0	89	8	0	1	89	30	118	2.36e-61	181
KDHFCO_08295	HNNJHH_01220	90.0	80	6	1	12	89	1	80	3.48e-51	154
KDHFCO_08300	AAKGEC_01025	98.1	411	8	0	1	411	1	411	6.56e-303	818
KDHFCO_08300	BGHOFK_05185	72.0	411	106	2	1	411	1	402	4.41e-216	598
KDHFCO_08305	CHBPFB_07405	85.8	275	39	0	2	276	33	307	2.41e-162	452
KDHFCO_08305	AGINCK_00965	72.1	272	76	0	5	276	34	305	9.58e-136	385
KDHFCO_08305	DICHKL_05080	36.0	275	162	2	2	276	29	289	3.16e-53	174
KDHFCO_08305	AKPIPJ_02635	32.1	280	180	4	3	276	32	307	1.18e-47	160
KDHFCO_08305	IAFHMK_00600	33.7	282	177	5	2	276	27	305	6.22e-47	158
KDHFCO_08305	DNKIME_08370	30.6	278	183	4	5	276	42	315	9.50e-45	153
KDHFCO_08310	AGINCK_00970	80.0	370	74	0	1	370	1	370	9.20e-219	602
KDHFCO_08310	CJHCCN_03535	64.6	370	125	2	2	369	2	367	7.63e-178	498
KDHFCO_08310	AANGNE_06205	64.9	370	124	2	2	369	2	367	5.94e-175	491
KDHFCO_08310	FLCEDE_01610	63.0	216	74	2	156	369	222	433	3.20e-87	270
KDHFCO_08315	AGINCK_00975	78.2	394	85	1	3	395	3	396	1.97e-232	638
KDHFCO_08315	AAKGEC_07105	70.9	395	115	0	1	395	1	395	1.57e-217	600
KDHFCO_08315	AANGNE_06210	61.6	393	151	0	2	394	6	398	1.30e-184	517
KDHFCO_08315	BNBIEO_00345	53.4	384	177	2	9	391	11	393	1.66e-150	431
KDHFCO_08315	ACNHAK_01445	52.8	386	181	1	9	394	11	395	2.70e-150	430
KDHFCO_08315	MEEFCE_04005	31.3	393	214	13	30	394	20	384	1.47e-50	182
KDHFCO_08315	OBEKJK_02980	31.6	373	221	13	32	392	1127	1477	4.03e-49	178
KDHFCO_08315	FGMOCB_10130	31.6	380	227	10	30	393	89	451	1.15e-43	161
KDHFCO_08315	JAPIMJ_03435	30.1	386	230	12	29	392	18	385	5.71e-43	160
KDHFCO_08315	ALNFEK_04740	29.4	374	230	14	35	394	793	1146	1.07e-42	159
KDHFCO_08315	AIGDEK_01835	32.0	391	217	15	30	392	23	392	6.41e-42	157
KDHFCO_08315	AGDPFD_06510	29.5	387	231	13	30	393	178	545	1.10e-40	153
KDHFCO_08315	AANGNE_06240	31.6	323	192	6	32	339	91	399	2.53e-40	152
KDHFCO_08320	MHGLEN_06010	99.3	143	1	0	1	143	1	143	6.47e-93	265
KDHFCO_08320	ABCBPP_05105	62.0	142	54	0	1	142	1	142	1.14e-53	165
KDHFCO_08325	ABJDJH_12000	98.5	136	2	0	1	136	1	136	2.36e-96	274
KDHFCO_08325	CJHCCN_03530	65.1	129	45	0	3	131	2	130	3.87e-55	169
KDHFCO_08325	OFBCLB_03220	57.7	130	55	0	5	134	2	131	1.17e-50	157
KDHFCO_08330	BJLDLK_11740	99.5	393	2	0	1	393	1	393	1.89e-286	775
KDHFCO_08330	ABJDJH_11995	63.7	391	119	4	2	392	1	368	2.47e-179	503
KDHFCO_08335	ABJDJH_10095	83.1	331	56	0	3	333	5	335	2.32e-200	552
KDHFCO_08335	JNNFBM_07420	45.2	312	165	4	25	331	16	326	2.02e-88	268
KDHFCO_08335	BNBIEO_00355	43.4	302	163	5	34	331	3	300	7.57e-75	232
KDHFCO_08340	ABNNBP_08840	100	428	0	0	1	428	1	428	1.78e-311	841
KDHFCO_08345	ABJDJH_11990	82.4	272	48	0	1	272	110	381	3.68e-164	460
KDHFCO_08345	APHEGK_13895	56.8	273	114	3	1	273	97	365	1.31e-105	310
KDHFCO_08345	IKDNFJ_10315	57.2	278	110	3	1	273	97	370	9.62e-102	301
KDHFCO_08345	HDKJGO_08840	51.3	273	41	2	1	272	103	284	1.37e-82	249
KDHFCO_08350	ABJDJH_11990	86.7	83	11	0	1	83	8	90	4.87e-52	167
KDHFCO_08350	HDKJGO_08840	86.7	83	11	0	1	83	1	83	5.49e-51	161
KDHFCO_08355	BNPKDP_00150	99.7	393	1	0	1	393	1	393	4.14e-286	776
KDHFCO_08355	CBFHCM_00015	67.6	407	132	0	1	407	1	407	8.55e-200	556
KDHFCO_08355	HNNKEJ_01225	69.2	234	66	1	1	234	1	228	4.69e-116	343
KDHFCO_08360	ABNNBP_01060	100	252	0	0	1	252	1	252	1.72e-177	487
KDHFCO_08360	CBFHCM_00020	74.2	248	64	0	1	248	1	248	5.02e-131	370
KDHFCO_08360	HNNKEJ_01225	80.6	175	34	0	72	246	218	392	5.30e-99	294
KDHFCO_08360	AAKGEC_01170	41.8	244	139	2	2	242	4	247	6.11e-58	184
KDHFCO_08365	ABNNBP_08855	99.6	243	1	0	1	243	1	243	4.03e-173	478
KDHFCO_08370	ABJDJH_10070	88.1	126	15	0	1	126	222	347	1.03e-73	222
KDHFCO_08375	ABJDJH_10070	95.4	217	10	0	1	217	1	217	7.68e-148	414
KDHFCO_08380	ABJDJH_10065	93.6	389	25	0	1	389	1	389	8.25e-263	714
KDHFCO_08380	BLFLJD_10560	61.0	387	151	0	3	389	6	392	2.08e-168	476
KDHFCO_08380	NCBCII_06840	58.9	387	159	0	3	389	2	388	4.42e-157	447
KDHFCO_08380	ABJDJH_02805	57.2	409	153	3	3	389	8	416	1.55e-154	441
KDHFCO_08380	AJCMKJ_08565	55.0	387	174	0	3	389	2	388	1.82e-151	432
KDHFCO_08380	AGFMFG_10360	51.0	388	189	1	3	389	8	395	3.59e-138	399
KDHFCO_08380	LFLIBM_07885	50.8	400	183	4	3	389	2	400	1.39e-136	395
KDHFCO_08380	CJHCCN_04505	48.7	384	197	0	3	386	2	385	2.80e-128	374
KDHFCO_08380	BFGFFC_06755	49.6	387	195	0	3	389	2	388	9.70e-124	362
KDHFCO_08380	BPDDPD_01280	48.6	393	193	4	3	389	2	391	1.60e-120	354
KDHFCO_08380	AMBJPI_12385	62.3	191	72	0	199	389	1	191	1.70e-77	237
KDHFCO_08380	AMBJPI_12390	54.5	154	70	0	3	156	2	155	2.29e-52	171
KDHFCO_08385	ABJDJH_10060	97.5	995	25	0	1	995	1	995	0.0	1953
KDHFCO_08385	ELFOBA_04045	34.1	827	504	16	1	818	1	795	5.34e-146	455
KDHFCO_08385	FLLCAO_09380	26.2	519	319	12	1	506	1	468	3.46e-41	160
KDHFCO_08390	ABJDJH_10055	90.1	445	44	0	1	445	1	445	5.39e-301	816
KDHFCO_08390	ABJDJH_11975	57.5	438	184	1	4	441	5	440	1.12e-173	493
KDHFCO_08390	AIPJBK_11325	61.8	374	143	0	4	377	5	378	8.98e-165	470
KDHFCO_08390	EDFOEG_03240	60.5	370	144	1	2	369	3	372	6.67e-156	449
KDHFCO_08390	ABJDJH_00785	38.5	416	235	10	25	421	36	449	9.64e-76	243
KDHFCO_08390	AKOOIJ_01825	44.1	281	145	3	28	300	128	404	7.76e-67	219
KDHFCO_08390	FPCCFF_04280	44.1	281	145	3	28	300	417	693	3.13e-63	216
KDHFCO_08390	PLIDEH_04565	37.0	368	204	13	23	376	22	375	1.18e-54	187
KDHFCO_08390	BLCAGE_06205	36.1	274	163	4	32	303	202	465	2.52e-45	164
KDHFCO_08395	ABJDJH_10050	84.2	342	54	0	1	342	1	342	2.20e-209	575
KDHFCO_08395	ABJDJH_11970	47.1	333	173	3	1	332	1	331	1.48e-100	299
KDHFCO_08395	AIPJBK_11330	41.8	340	186	4	1	340	1	328	4.42e-87	265
KDHFCO_08400	ABJDJH_10045	91.2	735	63	1	1	733	1	735	0.0	1338
KDHFCO_08400	IHCKAN_06950	56.9	707	298	3	8	713	7	707	1.12e-289	811
KDHFCO_08400	OAEMLE_06545	56.5	708	298	4	8	713	19	718	7.42e-289	809
KDHFCO_08400	JNNFBM_07395	43.3	718	392	7	4	713	3	713	5.42e-197	575
KDHFCO_08400	AIPJBK_11340	53.2	380	176	2	6	385	6	383	3.02e-133	402
KDHFCO_08400	ABJDJH_10040	44.2	491	258	7	5	488	4	485	1.13e-132	401
KDHFCO_08400	AGINCK_01050	47.0	428	216	5	8	430	9	430	3.94e-129	392
KDHFCO_08400	CJHCCN_03465	46.7	426	219	5	8	429	6	427	3.41e-128	389
KDHFCO_08400	ABJDJH_11960	44.4	486	266	4	2	486	3	485	6.99e-128	389
KDHFCO_08400	JNNFBM_06325	45.2	431	228	3	6	432	14	440	7.33e-126	384
KDHFCO_08405	ABJDJH_10040	93.9	492	30	0	1	492	1	492	0.0	930
KDHFCO_08405	AGINCK_01050	63.2	486	179	0	1	486	1	486	3.85e-238	660
KDHFCO_08405	JNNFBM_06325	56.5	483	209	1	3	484	10	492	1.89e-207	583
KDHFCO_08405	CJHCCN_03465	54.3	475	215	2	6	478	3	477	9.59e-189	535
KDHFCO_08405	AIPJBK_11340	50.5	477	226	3	6	478	5	475	1.05e-160	464
KDHFCO_08405	ABJDJH_11960	49.8	486	231	6	1	478	1	481	3.86e-158	457
KDHFCO_08405	JNNFBM_07395	45.6	482	246	7	6	477	4	479	4.88e-140	419
KDHFCO_08405	ABJDJH_10045	50.6	397	190	3	2	397	3	394	4.11e-136	409
KDHFCO_08405	OAEMLE_06545	46.0	433	225	4	5	433	15	442	1.09e-128	390
KDHFCO_08405	IHCKAN_06950	47.6	391	199	4	8	397	6	391	8.36e-121	370
KDHFCO_08410	ABJDJH_10035	97.8	268	6	0	1	268	1	268	3.76e-189	518
KDHFCO_08410	PLIDEH_04535	68.1	270	84	2	1	268	1	270	1.24e-130	370
KDHFCO_08410	AIPJBK_11345	67.7	269	86	1	1	268	5	273	7.96e-130	368
KDHFCO_08410	EDFOEG_03275	64.7	269	94	1	1	268	1	269	1.14e-128	365
KDHFCO_08410	DACDBD_08885	45.7	269	145	1	1	268	1	269	6.41e-80	242
KDHFCO_08410	AGDPFD_06505	45.5	268	146	0	1	268	1	268	1.65e-79	240
KDHFCO_08410	CHBPFB_07470	43.7	268	151	0	1	268	1	268	1.89e-78	238
KDHFCO_08410	ACPHPF_07940	43.7	270	147	3	1	268	1	267	4.01e-75	229
KDHFCO_08410	ACNHAK_01420	41.1	270	157	2	1	268	1	270	8.97e-72	221
KDHFCO_08415	ABJDJH_11950	68.2	481	139	2	1	472	7	482	2.79e-216	604
KDHFCO_08415	OBFACL_08895	100	322	0	0	155	476	1	322	1.95e-202	563
KDHFCO_08415	BFGFFC_08235	69.6	451	126	2	22	472	1	440	9.70e-195	548
KDHFCO_08415	AGKMKK_07315	51.6	471	204	3	7	469	10	464	2.03e-134	396
KDHFCO_08415	ACIHME_11420	50.6	486	186	4	5	471	2	452	8.94e-133	392
KDHFCO_08415	CJHCCN_03455	49.6	474	215	6	1	468	1	456	4.97e-119	358
KDHFCO_08415	AAKGEC_07170	48.2	469	224	5	7	474	5	455	1.93e-118	354
KDHFCO_08415	ACNHAK_01415	48.7	478	225	5	1	475	1	461	2.72e-118	356
KDHFCO_08415	BEIAAA_06420	50.8	374	178	3	8	378	8	378	1.00e-114	342
KDHFCO_08415	FLCEDE_01610	64.2	226	79	1	7	230	2	227	9.67e-95	293
KDHFCO_08415	DDDLLA_03635	51.5	237	107	2	9	245	2	230	2.85e-71	235
KDHFCO_08415	PHJNPH_10195	41.9	236	131	3	11	241	7	241	1.74e-54	187
KDHFCO_08415	CPFDGH_01380	38.9	298	172	6	6	295	2	297	2.42e-54	186
KDHFCO_08415	AAOIOD_07790	41.5	236	131	4	11	241	6	239	1.90e-51	178
KDHFCO_08415	CNLKLD_03340	41.5	236	132	3	11	241	7	241	4.22e-51	178
KDHFCO_08415	BIFMNE_02140	39.9	243	137	5	6	241	2	242	1.27e-50	176
KDHFCO_08415	ABCBPP_01170	41.4	222	123	4	11	226	6	226	6.60e-47	166
KDHFCO_08420	ABCLFC_05495	97.0	302	9	0	1	302	1	302	1.54e-205	562
KDHFCO_08420	ABJDJH_11945	72.9	306	76	2	1	302	1	303	3.54e-149	420
KDHFCO_08420	NAFEBK_01855	62.3	302	84	1	1	302	1	272	7.07e-118	339
KDHFCO_08420	AANGNE_06200	55.5	265	112	2	38	302	38	296	4.44e-100	295
KDHFCO_08420	KFOCHN_05665	96.9	159	5	0	1	159	1	159	2.87e-97	284
KDHFCO_08420	DGJKMP_07475	48.5	305	144	3	3	302	19	315	5.35e-93	278
KDHFCO_08420	HNNKEJ_02205	54.3	256	110	1	47	302	58	306	1.84e-91	273
KDHFCO_08420	IAFHMK_00605	49.4	267	123	3	40	302	46	304	3.38e-86	260
KDHFCO_08420	DANMKC_05690	94.6	129	7	0	1	129	1	129	4.30e-74	228
KDHFCO_08425	BCFLNJ_11120	97.5	242	3	1	1	239	1	242	2.19e-156	433
KDHFCO_08425	KEEFBI_09855	95.0	238	12	0	1	238	1	238	7.04e-151	423
KDHFCO_08425	CDIIGJ_02550	73.8	237	62	0	1	237	1	237	4.98e-113	323
KDHFCO_08425	LBKFJK_03520	65.4	237	82	0	3	239	2	238	4.05e-100	290
KDHFCO_08425	IAFHMK_05000	58.8	274	75	3	1	237	1	273	7.96e-94	276
KDHFCO_08425	HNNKEJ_05305	63.2	239	88	0	1	239	1	239	1.65e-92	271
KDHFCO_08425	DNKGCI_06975	60.8	237	93	0	3	239	2	238	7.48e-91	267
KDHFCO_08425	BLCAGE_03725	52.7	239	113	0	1	239	1	239	4.27e-78	234
KDHFCO_08425	CJHCCN_09290	49.4	237	120	0	3	239	2	238	7.70e-71	216
KDHFCO_08425	JAFLJO_07400	51.0	239	113	2	3	237	2	240	2.23e-68	210
KDHFCO_08425	LBKFJK_09515	46.0	239	125	2	3	237	2	240	6.60e-60	188
KDHFCO_08430	AAKGEC_07200	95.4	414	19	0	1	414	101	514	1.03e-270	741
KDHFCO_08430	DNKGCI_06970	66.6	407	135	1	1	406	108	514	3.67e-184	521
KDHFCO_08430	EKEFPE_07370	64.7	394	139	0	1	394	101	494	4.18e-176	501
KDHFCO_08430	DNKGCI_00620	62.3	400	148	1	1	397	104	503	3.16e-169	483
KDHFCO_08430	CNLKLD_03780	56.9	399	172	0	1	399	139	537	9.38e-158	456
KDHFCO_08430	IAFHMK_04510	54.7	397	180	0	3	399	95	491	4.35e-146	424
KDHFCO_08430	ABCLFC_05815	53.7	404	186	1	3	406	103	505	3.58e-144	420
KDHFCO_08430	DDDLLA_00295	48.1	391	185	2	7	397	103	475	1.24e-118	353
KDHFCO_08430	HNNKEJ_02370	45.8	393	213	0	3	395	95	487	3.15e-117	350
KDHFCO_08435	AAKGEC_07200	98.7	76	1	0	1	76	1	76	6.32e-46	152
KDHFCO_08440	AAKGEC_07205	96.1	154	6	0	1	154	1	154	5.13e-99	281
KDHFCO_08440	CDIIGJ_02560	73.5	147	38	1	1	147	1	146	1.27e-66	199
KDHFCO_08440	HNNKEJ_05315	63.5	148	54	0	1	148	1	148	4.20e-58	177
KDHFCO_08440	CNLKLD_03775	56.9	153	66	0	1	153	1	153	2.45e-53	165
KDHFCO_08440	AANGNE_03605	58.8	148	61	0	1	148	1	148	1.21e-52	163
KDHFCO_08440	LBKFJK_03510	56.9	144	62	0	1	144	1	144	2.46e-51	160
KDHFCO_08440	IAFHMK_05010	56.5	154	64	1	1	154	1	151	2.99e-51	160
KDHFCO_08440	DDDLLA_00795	56.6	145	63	0	1	145	1	145	1.10e-50	158
KDHFCO_08445	JNMKIO_10085	89.4	217	19	1	1	213	1	217	3.36e-120	339
KDHFCO_08445	AAKGEC_07210	62.7	217	77	1	1	213	1	217	5.72e-74	222
KDHFCO_08450	EKJHIG_07470	77.2	241	55	0	1	241	30	270	1.74e-139	392
KDHFCO_08450	BNPKDP_05045	97.0	169	5	0	77	245	1	169	2.72e-114	324
KDHFCO_08450	AJKPDP_05570	58.3	242	101	0	1	242	1	242	2.11e-105	304
KDHFCO_08450	AAOIOD_10510	60.7	242	95	0	1	242	1	242	2.89e-105	304
KDHFCO_08460	HNNJHH_01325	99.1	651	6	0	1	651	37	687	0.0	1263
KDHFCO_08460	CNLKLD_06600	51.0	641	296	10	15	647	8	638	1.88e-207	595
KDHFCO_08460	LBKFJK_02495	32.4	686	384	19	19	650	10	669	9.95e-95	305
KDHFCO_08465	AIGDEK_01755	86.0	215	30	0	1	215	13	227	2.53e-127	358
KDHFCO_08465	CDIIGJ_02875	69.6	214	59	1	1	214	4	211	8.20e-97	280
KDHFCO_08465	DNKGCI_06955	68.8	192	57	1	1	189	33	224	1.58e-89	262
KDHFCO_08465	IAFHMK_05030	68.0	197	57	1	1	197	1	191	8.61e-89	259
KDHFCO_08465	DDDLLA_06170	69.3	179	55	0	1	179	9	187	1.07e-86	254
KDHFCO_08465	AANGNE_06410	70.6	180	53	0	1	180	1	180	2.41e-86	253
KDHFCO_08465	CNLKLD_02260	69.3	179	55	0	1	179	1	179	1.34e-85	251
KDHFCO_08465	LBKFJK_03495	69.3	179	55	0	1	179	31	209	5.53e-85	251
KDHFCO_08470	CEFGEI_06310	78.3	281	61	0	1	281	1	281	6.16e-163	453
KDHFCO_08470	LBKFJK_01640	56.6	281	122	0	1	281	1	281	3.67e-112	324
KDHFCO_08470	DNKGCI_04285	54.4	274	125	0	1	274	1	274	6.53e-108	313
KDHFCO_08470	CEPOIM_06295	98.5	132	2	0	150	281	1	132	2.62e-89	261
KDHFCO_08475	ABCBPP_01625	99.4	526	3	0	1	526	1	526	0.0	903
KDHFCO_08480	ABCBPP_01630	100	254	0	0	1	254	1	254	1.53e-181	498
KDHFCO_08480	PLDCIE_02190	36.7	221	139	1	1	220	1	221	1.13e-49	162
KDHFCO_08480	HNNKEJ_08245	34.0	238	155	1	1	236	9	246	3.34e-46	154
KDHFCO_08485	AAKGEC_07240	97.0	299	9	0	1	299	12	310	2.28e-199	547
KDHFCO_08485	IAFHMK_05035	67.1	298	98	0	1	298	4	301	1.53e-135	385
KDHFCO_08485	DDDLLA_06430	61.5	299	115	0	1	299	1	299	3.84e-123	353
KDHFCO_08485	BACFJJ_02560	34.5	293	188	3	8	298	6	296	8.26e-53	174
KDHFCO_08485	BPNNAG_07700	32.4	287	193	1	8	294	8	293	2.94e-46	157
KDHFCO_08485	NOKDAP_11445	31.7	287	195	1	8	294	5	290	1.25e-44	153
KDHFCO_08490	CNOINH_00640	77.8	383	61	1	1	383	1	359	2.41e-199	554
KDHFCO_08490	ABCBPP_14170	46.9	382	200	3	3	383	21	400	8.34e-108	323
KDHFCO_08495	BLIMPP_07115	88.1	540	63	1	1	540	1	539	0.0	955
KDHFCO_08495	HNNKEJ_00850	46.6	536	282	2	6	540	11	543	7.86e-165	478
KDHFCO_08500	ABCBPP_12950	78.9	530	94	3	1	516	1	526	1.62e-292	801
KDHFCO_08500	CDIIGJ_02890	70.5	516	135	3	1	514	1	501	5.17e-253	700
KDHFCO_08500	IAFHMK_05040	69.1	514	126	2	1	514	1	481	3.13e-246	682
KDHFCO_08500	BGHOFK_05255	65.4	517	162	4	1	513	1	504	1.70e-233	650
KDHFCO_08500	HNNKEJ_05380	61.6	528	155	3	1	514	1	494	2.49e-220	617
KDHFCO_08500	DDDLLA_06435	55.4	527	187	4	1	513	1	493	4.31e-192	545
KDHFCO_08500	JAFLJO_04340	54.7	530	185	5	1	513	1	492	2.56e-188	535
KDHFCO_08500	LBKFJK_03470	53.0	525	202	3	1	513	1	492	2.95e-182	520
KDHFCO_08500	AANGNE_03805	51.2	527	208	4	1	513	1	492	2.89e-170	489
KDHFCO_08500	CNLKLD_03715	49.6	522	214	6	1	516	1	479	2.71e-159	461
KDHFCO_08500	BPLFFK_05485	40.2	527	266	8	1	513	1	492	2.12e-108	331
KDHFCO_08500	IAFHMK_03460	28.2	542	328	16	4	515	3	513	9.20e-46	167
KDHFCO_08500	IJGGPP_00190	29.3	536	332	18	4	515	3	515	1.33e-45	167
KDHFCO_08500	BFGFFC_06765	27.6	533	333	14	4	509	3	509	2.70e-41	155
KDHFCO_08500	KPPIIN_12385	26.0	526	342	16	7	506	4	508	2.94e-40	152
KDHFCO_08500	AANGNE_04410	26.3	524	339	10	13	513	13	512	2.69e-39	150
KDHFCO_08510	AAKGEC_07270	95.7	253	11	0	1	253	1	253	7.23e-175	481
KDHFCO_08510	KIDCCO_05550	94.3	247	14	0	7	253	349	595	3.35e-163	464
KDHFCO_08510	ABCLFC_01910	46.5	256	134	1	1	253	1	256	7.22e-69	212
KDHFCO_08515	AGINCK_01140	96.0	326	10	1	1	326	31	353	2.43e-232	633
KDHFCO_08515	KIDCCO_05550	96.0	326	13	0	1	326	31	356	7.95e-231	639
KDHFCO_08515	LBKFJK_00255	71.6	328	91	1	1	326	31	358	1.01e-165	465
KDHFCO_08520	NDPFCM_04505	95.2	415	18	1	1	413	1	415	7.23e-277	752
KDHFCO_08520	IAFHMK_05050	73.9	410	107	0	1	410	1	410	1.89e-216	599
KDHFCO_08520	CJHCCN_04000	73.4	391	103	1	3	393	13	402	7.24e-201	561
KDHFCO_08520	CNLKLD_03710	66.9	408	134	1	4	411	16	422	2.27e-191	536
KDHFCO_08525	JIBFFE_12760	95.0	201	9	1	1	201	1	200	1.14e-136	380
KDHFCO_08530	BCIBOL_04640	91.1	135	12	0	1	135	1	135	3.03e-86	248
KDHFCO_08530	DNKGCI_06685	69.2	133	39	1	3	135	2	132	4.37e-64	191
KDHFCO_08530	DDDLLA_06455	69.5	128	36	1	4	131	2	126	1.07e-59	180
KDHFCO_08530	LBKFJK_03450	69.0	129	39	1	4	131	2	130	1.83e-59	180
KDHFCO_08530	IAFHMK_05060	60.1	153	33	2	7	131	2	154	1.94e-58	178
KDHFCO_08530	AANGNE_06800	65.4	136	42	1	1	136	1	131	1.01e-56	172
KDHFCO_08530	CNLKLD_03700	64.7	133	42	2	4	135	3	131	3.68e-55	169
KDHFCO_08535	JIBFFE_12770	96.9	196	6	0	1	196	13	208	1.90e-140	389
KDHFCO_08540	AAKGEC_07300	88.8	268	30	0	1	268	1	268	2.67e-173	478
KDHFCO_08540	DNKGCI_06675	72.0	268	74	1	1	268	1	267	1.67e-139	392
KDHFCO_08540	CNLKLD_03690	69.0	268	82	1	1	268	1	267	5.03e-134	379
KDHFCO_08540	DDDLLA_06465	64.2	268	95	1	1	268	1	267	8.70e-128	363
KDHFCO_08540	AANGNE_06810	59.0	268	109	1	1	268	1	267	4.05e-119	341
KDHFCO_08545	AANGNE_06815	89.0	209	23	0	1	209	1	209	5.13e-124	348
KDHFCO_08550	BGHOFK_05300	85.4	329	46	1	1	329	1	327	6.72e-183	508
KDHFCO_08550	IAFHMK_05080	70.6	327	88	3	1	327	1	319	2.35e-143	407
KDHFCO_08550	CJHCCN_04025	65.5	330	104	3	1	327	1	323	1.32e-133	383
KDHFCO_08550	CNLKLD_02130	64.3	328	107	3	2	326	3	323	5.87e-127	366
KDHFCO_08555	DMIHID_10295	94.7	209	10	1	1	209	1	208	1.92e-132	370
KDHFCO_08555	CDIIGJ_02950	67.6	213	65	1	1	209	1	213	1.99e-96	279
KDHFCO_08555	HNNKEJ_05430	67.0	215	62	3	1	209	1	212	3.01e-93	271
KDHFCO_08555	BGHOFK_05305	66.5	215	65	2	1	209	1	214	9.20e-93	270
KDHFCO_08555	LBKFJK_03425	60.7	214	79	2	1	209	1	214	1.43e-89	261
KDHFCO_08555	IAFHMK_05085	59.2	211	84	2	1	209	1	211	2.28e-78	233
KDHFCO_08555	DDDLLA_06480	53.7	214	94	2	1	209	3	216	3.58e-76	228
KDHFCO_08555	DNKGCI_06660	56.4	188	73	2	29	209	1	186	1.99e-66	202
KDHFCO_08555	CNLKLD_02125	49.5	210	101	3	1	209	1	206	1.15e-62	193
KDHFCO_08555	AANGNE_06825	45.0	209	111	2	1	209	1	205	6.32e-57	178
KDHFCO_08555	EIKFFD_02000	42.9	212	112	3	1	209	1	206	2.12e-55	174
KDHFCO_08570	ABIMCM_04405	99.6	277	1	0	1	277	1	277	9.02e-206	561
KDHFCO_08570	PNKCLE_01875	58.6	268	110	1	1	267	1	268	3.23e-115	334
KDHFCO_08575	GAOGHC_05235	87.0	491	4	1	53	483	1	491	3.65e-227	632
KDHFCO_08575	CFLCIE_04335	92.5	267	20	0	1	267	75	341	1.05e-167	479
KDHFCO_08575	KFOCHN_05505	100	323	0	0	161	483	257	579	2.32e-157	458
KDHFCO_08575	MOAELC_08505	81.0	126	24	0	358	483	338	463	2.19e-63	212
KDHFCO_08575	AMFMEJ_01610	98.9	87	1	0	397	483	23	109	7.86e-54	176
KDHFCO_08575	IAFHMK_07520	68.9	119	35	1	365	483	206	322	5.66e-44	157
KDHFCO_08580	AHPAPB_10090	99.6	279	1	0	1	279	22	300	2.56e-202	553
KDHFCO_08580	ACPHPF_04690	58.3	276	114	1	1	275	6	281	1.81e-111	323
KDHFCO_08580	BEGLKA_08720	98.7	157	2	0	1	157	92	248	7.79e-105	305
KDHFCO_08580	MHGLEN_14025	99.4	156	1	0	1	156	1	156	5.63e-104	305
KDHFCO_08580	FAAIHB_09795	48.3	267	135	2	14	277	1	267	4.05e-79	240
KDHFCO_08580	ABJDJH_12790	44.9	272	146	3	11	278	10	281	1.10e-73	226
KDHFCO_08580	JOBCMP_04985	45.6	270	139	5	12	276	11	277	2.78e-70	218
KDHFCO_08580	OOBKJG_03060	99.1	110	1	0	1	110	1	110	9.01e-69	209
KDHFCO_08580	GLOJGG_04620	71.4	133	15	1	144	276	1	110	1.28e-57	179
KDHFCO_08580	BGHOFK_10420	53.0	168	76	2	111	275	44	211	9.06e-57	181
KDHFCO_08580	BDNBEJ_04175	91.2	91	8	0	84	174	41	131	1.08e-52	168
KDHFCO_08580	OMDMHF_02850	38.4	268	156	5	17	275	3	270	8.47e-52	170
KDHFCO_08580	OBFACL_08170	37.7	265	162	2	10	271	7	271	3.11e-50	167
KDHFCO_08580	BCFLNJ_06580	97.5	80	2	0	1	80	1	80	3.64e-47	154
KDHFCO_08580	ACPHPF_00235	38.4	279	0	1	1	279	1	107	1.08e-46	151
KDHFCO_08580	OMDMHF_02875	37.3	260	155	5	10	266	1	255	1.57e-45	153
KDHFCO_08585	KABOBF_01505	89.4	94	2	1	1	86	1	94	3.84e-50	152
KDHFCO_08590	HMEOOC_02140	93.8	112	7	0	1	112	162	273	7.37e-74	219
KDHFCO_08590	IGGHKJ_02455	92.9	112	8	0	1	112	289	400	2.17e-71	218
KDHFCO_08590	FGEEDJ_06530	92.0	112	9	0	1	112	305	416	1.39e-70	216
KDHFCO_08590	JDFNOF_08985	72.0	107	30	0	3	109	341	447	1.89e-51	167
KDHFCO_08590	LBKFJK_08320	74.0	104	27	0	6	109	331	434	2.89e-51	166
KDHFCO_08590	IIAFGB_07465	70.8	106	31	0	3	108	339	444	3.87e-50	164
KDHFCO_08590	HMJMNM_01325	69.4	108	33	0	1	108	311	418	1.80e-49	161
KDHFCO_08590	CPNLII_06840	67.9	106	34	0	4	109	303	408	2.12e-48	158
KDHFCO_08595	CGMKCF_05245	92.4	316	24	0	1	316	1	316	4.92e-214	586
KDHFCO_08600	AANGNE_03070	87.9	107	13	0	4	110	6	112	4.30e-66	194
KDHFCO_08605	ABIMCM_04360	78.5	801	170	1	1	799	1	801	2.26e-226	655
KDHFCO_08605	BGHOFK_05320	67.1	866	215	5	1	799	1	863	1.27e-192	570
KDHFCO_08605	CDIIGJ_02960	64.5	874	232	7	1	799	1	871	7.46e-181	540
KDHFCO_08605	HNNKEJ_05440	66.7	801	265	2	1	799	1	801	5.07e-178	531
KDHFCO_08605	LBLLFD_04310	63.1	892	234	6	1	799	1	890	2.16e-175	527
KDHFCO_08605	DNKGCI_06640	62.4	801	255	6	1	799	1	757	1.33e-144	443
KDHFCO_08605	DDDLLA_09690	60.6	862	261	9	1	799	1	846	6.49e-142	439
KDHFCO_08605	LBKFJK_03410	58.6	859	271	7	1	799	1	834	2.11e-130	408
KDHFCO_08605	IAFHMK_05100	52.4	802	354	3	1	794	1	782	9.15e-130	405
KDHFCO_08605	CNLKLD_02115	50.8	798	379	4	1	797	1	785	4.15e-101	330
KDHFCO_08605	DMLIFG_09200	96.3	134	5	0	3	136	46	179	2.86e-81	257
KDHFCO_08605	DPMHNO_13590	80.6	165	29	2	304	468	3	164	1.03e-67	221
KDHFCO_08605	IAFHMK_08380	38.8	798	386	8	1	797	1	697	1.09e-55	203
KDHFCO_08605	DDDLLA_08575	27.5	793	454	11	1	782	1	683	9.40e-53	195
KDHFCO_08605	DNKGCI_03585	40.8	184	109	0	1	184	3	186	1.13e-38	154
KDHFCO_08610	AAKGEC_07350	96.6	177	6	0	1	177	1	177	9.21e-120	335
KDHFCO_08610	DDDLLA_09685	73.0	178	47	1	1	177	1	178	2.35e-88	256
KDHFCO_08610	ACDDAG_04390	69.7	175	52	1	4	177	23	197	1.09e-81	239
KDHFCO_08610	CNLKLD_02110	50.0	180	81	2	2	176	10	185	8.32e-55	171
KDHFCO_08615	ABCLFC_05275	98.0	100	2	0	1	100	20	119	5.24e-64	189
KDHFCO_08620	AMBJPI_03465	96.5	141	5	0	1	141	1	141	1.30e-92	264
KDHFCO_08620	CDIIGJ_02975	71.6	141	40	0	1	141	1	141	3.09e-71	209
KDHFCO_08620	HNNKEJ_04730	73.0	141	38	0	1	141	1	141	2.54e-70	207
KDHFCO_08620	BGHOFK_05335	69.5	141	43	0	1	141	1	141	4.89e-68	201
KDHFCO_08620	DNKGCI_01540	68.1	141	45	0	1	141	1	141	2.99e-62	187
KDHFCO_08620	DDDLLA_01085	63.8	141	51	0	1	141	1	141	1.64e-59	180
KDHFCO_08620	ABIMCM_12585	58.9	141	58	0	1	141	1	141	3.47e-54	166
KDHFCO_08620	AANGNE_02690	58.9	141	58	0	1	141	1	141	4.93e-54	166
KDHFCO_08620	AANGNE_05865	57.4	141	60	0	1	141	1	141	2.32e-52	162
KDHFCO_08630	AAKGEC_07370	91.6	238	20	0	1	238	1	238	1.81e-158	438
KDHFCO_08635	BJLDLK_11990	96.2	78	3	0	1	78	1	78	1.07e-51	155
KDHFCO_08640	DANMKC_05480	100	179	0	0	1	179	1	179	1.25e-118	333
KDHFCO_08640	DNKGCI_05670	54.2	179	82	0	1	179	1	179	3.74e-66	200
KDHFCO_08645	KIDCCO_05445	89.6	441	35	1	1	441	1	430	5.31e-290	787
KDHFCO_08645	AANGNE_04520	59.0	432	174	2	7	435	11	442	6.32e-177	501
KDHFCO_08645	BNBIEO_08370	57.8	424	178	1	13	435	3	426	1.15e-175	498
KDHFCO_08645	IAFHMK_09670	59.4	411	166	1	22	431	11	421	3.16e-175	496
KDHFCO_08645	CNLKLD_06630	59.2	407	165	1	26	431	14	420	8.18e-173	490
KDHFCO_08645	BGHOFK_05085	58.8	417	169	2	22	435	10	426	3.55e-172	489
KDHFCO_08645	DFCDFN_03175	53.6	414	177	3	26	431	18	424	3.89e-152	438
KDHFCO_08645	PLBPOI_08845	73.7	274	72	0	160	433	1	274	6.02e-147	419
KDHFCO_08645	CDIIGJ_07160	51.5	429	204	3	15	442	3	428	4.29e-146	422
KDHFCO_08645	AGDPFD_05225	40.6	424	242	5	15	431	10	430	6.64e-101	307
KDHFCO_08645	AAKGEC_03530	31.7	416	253	11	24	431	12	404	2.51e-53	183
KDHFCO_08645	LMHNOH_08560	31.5	426	261	11	14	431	347	749	8.27e-51	182
KDHFCO_08645	DHALJH_09840	73.4	94	25	0	22	115	67	160	3.28e-44	151
KDHFCO_08650	DPMHNO_13660	87.6	97	8	2	1	97	1	93	2.10e-49	154
KDHFCO_08655	FAKCMI_00290	100	153	0	0	1	153	1	153	4.40e-111	311
KDHFCO_08655	BCGFPE_03010	62.1	153	58	0	1	153	1	153	2.86e-68	203
KDHFCO_08655	HNNKEJ_02930	60.1	153	61	0	1	153	1	153	8.18e-68	202
KDHFCO_08655	BLCAGE_04280	59.0	139	57	0	1	139	1	139	6.75e-61	184
KDHFCO_08660	ABCLFC_05230	100	138	0	0	1	138	1	138	2.47e-96	273
KDHFCO_08665	ABCLFC_05225	100	130	0	0	1	130	1	130	8.15e-89	253
KDHFCO_08670	CKLNFN_03530	86.6	112	15	0	1	112	3	114	1.02e-64	191
KDHFCO_08675	BGHOFK_01330	91.5	223	19	0	2	224	3	225	1.06e-146	407
KDHFCO_08675	CNLKLD_02090	67.3	211	69	0	6	216	6	216	1.51e-101	293
KDHFCO_08685	BAFDFF_09595	100	133	0	0	1	133	1	133	3.68e-92	271
KDHFCO_08685	BJNLFJ_00015	60.9	133	52	0	1	133	1	133	4.69e-53	171
KDHFCO_08685	BPPLAM_03680	57.1	133	57	0	1	133	1	133	2.33e-50	164
KDHFCO_08685	GIODPP_08930	58.6	133	53	1	1	133	1	131	5.47e-50	163
KDHFCO_08690	BAFDFF_09595	99.2	258	2	0	10	267	134	391	1.10e-181	504
KDHFCO_08690	GIODPP_08930	49.0	257	130	1	10	266	132	387	4.70e-80	246
KDHFCO_08690	FMBBOG_10550	48.0	256	132	1	10	265	101	355	1.05e-79	244
KDHFCO_08690	ABCBPP_12920	47.6	254	133	0	13	266	1	254	5.02e-78	236
KDHFCO_08690	BPPLAM_03680	47.3	256	135	0	10	265	134	389	4.23e-77	238
KDHFCO_08690	BJNLFJ_00015	46.4	224	120	0	10	233	134	357	1.66e-66	211
KDHFCO_08695	AAKGEC_07400	89.8	295	26	1	1	295	1	291	6.09e-187	514
KDHFCO_08695	BGHOFK_00085	47.6	292	153	0	3	294	1	292	2.35e-89	268
KDHFCO_08695	OFBCLB_08830	46.9	292	155	0	3	294	1	292	3.70e-87	262
KDHFCO_08695	DMLIFG_07875	48.0	229	118	1	3	231	1	228	6.52e-67	208
KDHFCO_08695	DCLJAL_02880	46.5	172	91	1	3	173	1	172	1.10e-47	158
KDHFCO_08700	FGPNLL_05100	99.1	220	2	0	1	220	1	220	4.28e-151	419
KDHFCO_08700	EIKFFD_09605	56.8	213	92	0	3	215	2	214	2.51e-82	244
KDHFCO_08700	DDLDKC_00505	58.4	190	79	0	27	216	12	201	3.54e-74	223
KDHFCO_08700	OBEKJK_00890	53.5	213	98	1	3	214	2	214	2.77e-72	218
KDHFCO_08700	OBEKJK_03075	47.1	223	112	3	1	217	5	227	1.23e-57	181
KDHFCO_08700	HNAFAL_12690	43.9	223	120	2	1	218	5	227	1.93e-56	178
KDHFCO_08700	NGAPDN_13740	45.5	220	113	5	3	215	5	224	8.82e-55	174
KDHFCO_08705	BGHOFK_01340	80.4	510	92	4	1	505	1	507	9.95e-225	628
KDHFCO_08705	IAFHMK_05490	70.9	512	127	4	1	505	1	497	1.98e-185	528
KDHFCO_08705	JAFLJO_07050	65.6	515	150	6	1	505	1	498	2.86e-170	489
KDHFCO_08705	JAFLJO_07030	68.5	457	127	5	63	505	1	454	8.90e-148	430
KDHFCO_08705	EIKFFD_09250	54.3	516	212	8	1	505	1	503	2.13e-142	418
KDHFCO_08705	CKLNFN_01970	52.3	520	209	9	1	505	1	496	1.23e-128	383
KDHFCO_08705	OBEKJK_00895	42.7	386	196	6	1	378	1	369	7.22e-72	236
KDHFCO_08705	DDKKPM_03620	37.5	405	212	8	1	394	1	375	2.22e-58	199
KDHFCO_08710	ABCLFC_05180	98.9	94	1	0	1	94	1	94	5.79e-54	162
KDHFCO_08715	AAKGEC_07420	98.5	329	5	0	1	329	1	329	2.42e-227	620
KDHFCO_08715	AANGNE_03005	72.6	328	89	1	1	327	1	328	1.54e-168	471
KDHFCO_08715	DDDLLA_09640	70.7	345	82	3	1	327	1	344	7.80e-168	470
KDHFCO_08715	CNLKLD_02070	68.1	351	89	2	1	328	1	351	2.40e-163	459
KDHFCO_08720	HNNKEJ_05510	76.0	764	180	1	1	764	1	761	0.0	1147
KDHFCO_08720	ABJDJH_12775	68.2	767	242	2	1	765	1	767	0.0	1036
KDHFCO_08720	IAFHMK_05505	68.5	766	236	4	1	764	1	763	0.0	1017
KDHFCO_08720	DNKGCI_06565	61.0	776	283	10	1	765	1	767	2.08e-317	884
KDHFCO_08720	CNLKLD_02065	59.2	764	306	4	1	763	1	759	8.70e-315	877
KDHFCO_08720	AANGNE_03000	58.7	762	306	6	7	763	6	763	1.17e-308	862
KDHFCO_08720	JLGDBK_01135	91.8	146	10	1	620	765	1	144	1.29e-81	256
KDHFCO_08725	MHGLEN_09670	100	126	0	0	1	126	1	126	7.29e-79	228
KDHFCO_08725	IAFHMK_05510	74.6	126	32	0	1	126	1	126	1.54e-57	174
KDHFCO_08730	AANGNE_02990	88.4	311	36	0	7	317	13	323	8.04e-194	534
KDHFCO_08735	GGBAMG_11060	99.7	304	1	0	1	304	1	304	1.74e-209	573
KDHFCO_08735	AJCMKJ_05155	57.6	304	129	0	1	304	1	304	4.36e-121	349
KDHFCO_08735	CDIIGJ_03045	42.2	306	175	1	1	304	1	306	1.31e-73	228
KDHFCO_08735	HNNKEJ_05525	39.0	305	185	1	1	304	1	305	9.11e-71	221
KDHFCO_08735	CMMBIF_04100	39.1	279	167	2	1	279	1	276	1.08e-60	195
KDHFCO_08735	IAFHMK_00015	33.4	305	202	1	1	304	1	305	8.87e-48	162
KDHFCO_08740	ABCLFC_05150	100	173	0	0	1	173	1	173	1.37e-119	334
KDHFCO_08740	AAKGEC_07445	73.4	173	46	0	1	173	1	173	1.85e-92	266
KDHFCO_08740	CDIIGJ_03050	60.7	173	68	0	1	173	1	173	6.93e-74	219
KDHFCO_08740	CMMBIF_04105	59.4	175	69	1	1	173	1	175	4.05e-71	212
KDHFCO_08740	HNNKEJ_05530	57.8	173	73	0	1	173	1	173	4.82e-67	201
KDHFCO_08740	LBKFJK_02705	51.4	173	84	0	1	173	1	173	6.79e-55	171
KDHFCO_08740	DNKGCI_06545	48.6	173	89	0	1	173	1	173	6.36e-53	166
KDHFCO_08740	DDDLLA_09615	49.1	173	88	0	1	173	1	173	6.36e-53	166
KDHFCO_08745	BMNCPF_13375	92.0	187	15	0	1	187	1	187	2.15e-118	333
KDHFCO_08745	AGHDIE_10895	58.6	186	77	0	1	186	1	186	2.36e-70	211
KDHFCO_08750	KEMHDF_04620	91.2	555	49	0	1	555	1	555	0.0	944
KDHFCO_08750	CNLKLD_01590	68.7	553	170	2	1	553	1	550	1.70e-259	720
KDHFCO_08755	CLAPNJ_07735	95.2	146	7	0	1	146	1	146	3.12e-95	271
KDHFCO_08755	HNNKEJ_05540	74.5	145	37	0	1	145	1	145	4.08e-70	207
KDHFCO_08755	DDDLLA_09605	57.5	146	61	1	1	145	1	146	8.04e-54	166
KDHFCO_08755	IAFHMK_00030	58.8	148	60	1	1	147	1	148	4.62e-53	164
KDHFCO_08755	LBKFJK_02695	56.2	146	63	1	1	145	1	146	2.66e-52	162
KDHFCO_08755	DNKGCI_06535	56.2	146	63	1	1	145	1	146	7.17e-50	156
KDHFCO_08755	AANGNE_02930	55.8	147	64	1	1	146	1	147	2.37e-48	152
KDHFCO_08760	EPKBNI_04470	93.5	262	17	0	1	262	1	262	2.68e-174	481
KDHFCO_08765	ABCLFC_05120	99.4	166	1	0	1	166	1	166	1.83e-116	326
KDHFCO_08765	HNNKEJ_05555	61.0	164	64	0	1	164	1	164	2.75e-67	201
KDHFCO_08765	CDIIGJ_03070	52.1	163	78	0	3	165	8	170	5.16e-52	163
KDHFCO_08770	LLNOII_01735	89.1	284	31	0	1	284	26	309	9.69e-179	494
KDHFCO_08770	HNNKEJ_05560	73.6	284	75	0	1	284	1	284	1.12e-148	417
KDHFCO_08770	BGHOFK_01395	70.5	285	84	0	1	285	4	288	1.33e-141	399
KDHFCO_08770	DNKGCI_06525	67.7	282	91	0	1	282	1	282	2.74e-135	383
KDHFCO_08770	IAFHMK_00045	68.0	278	89	0	7	284	10	287	8.25e-133	377
KDHFCO_08770	OFBCLB_01615	67.1	283	93	0	1	283	1	283	2.12e-132	376
KDHFCO_08770	AANGNE_02920	65.1	284	97	1	1	284	1	282	4.15e-127	362
KDHFCO_08770	CNLKLD_01575	64.4	284	98	1	1	284	3	283	1.39e-123	353
KDHFCO_08775	ABNNBP_09315	100	161	0	0	1	161	1	161	9.89e-114	318
KDHFCO_08775	AAKGEC_07475	74.4	160	41	0	1	160	221	380	3.41e-83	249
KDHFCO_08775	FIHDIM_08330	69.9	156	47	0	1	156	221	376	1.14e-74	227
KDHFCO_08775	LBKFJK_08400	65.2	158	55	0	1	158	221	378	3.32e-71	218
KDHFCO_08775	DNKGCI_08480	60.1	158	63	0	1	158	221	378	3.61e-65	203
KDHFCO_08775	OFBCLB_04675	62.8	156	58	0	1	156	221	376	6.24e-62	195
KDHFCO_08780	AAKGEC_07475	83.1	172	29	0	1	172	1	172	8.82e-94	277
KDHFCO_08780	FIHDIM_08330	77.4	177	40	0	1	177	1	177	1.56e-90	268
KDHFCO_08780	LBKFJK_08400	70.2	171	51	0	1	171	1	171	2.57e-81	245
KDHFCO_08780	DNKGCI_08480	64.4	177	63	0	1	177	1	177	1.33e-73	225
KDHFCO_08780	OFBCLB_04675	64.4	177	63	0	1	177	1	177	6.62e-73	224
KDHFCO_08780	HMEOOC_12045	66.1	121	40	1	4	124	2	121	1.25e-47	150
KDHFCO_08790	AEMMAL_03545	74.8	417	105	0	1	417	13	429	2.47e-228	630
KDHFCO_08790	CNLKLD_06330	73.3	412	110	0	1	412	1	412	3.84e-213	591
KDHFCO_08790	IAFHMK_00195	60.3	418	165	1	1	417	1	418	3.80e-175	495
KDHFCO_08790	BGLHJG_00795	54.5	440	176	2	1	416	1	440	5.45e-156	447
KDHFCO_08790	NHHNJB_11720	93.2	221	15	0	197	417	1	221	3.00e-138	394
KDHFCO_08795	DNKGCI_06480	80.4	276	53	1	14	288	1	276	6.01e-155	433
KDHFCO_08795	IAFHMK_00205	72.3	282	78	0	10	291	3	284	6.03e-141	398
KDHFCO_08795	CNLKLD_06345	67.6	278	87	1	11	288	1	275	2.58e-129	369
KDHFCO_08800	PFILNK_05065	93.4	680	11	1	1	680	1	646	0.0	1147
KDHFCO_08800	BGHOFK_01420	73.2	675	177	1	1	675	5	675	0.0	934
KDHFCO_08800	APEJKH_07335	73.4	636	167	2	45	680	67	700	0.0	887
KDHFCO_08800	LDJGMM_06975	70.1	635	183	4	50	679	42	674	2.05e-295	822
KDHFCO_08800	FMNMPI_04050	43.9	658	342	14	39	680	54	700	7.71e-159	474
KDHFCO_08800	LBKFJK_08485	34.7	643	400	10	47	679	3	635	7.31e-110	345
KDHFCO_08800	DNKGCI_09585	34.5	643	402	11	47	679	2	635	9.34e-106	334
KDHFCO_08800	ACIHME_07560	34.8	641	397	11	47	673	2	635	1.60e-104	332
KDHFCO_08800	OFBCLB_07720	34.2	609	387	8	77	677	34	636	2.94e-102	325
KDHFCO_08800	FFPGDJ_00115	35.2	667	393	16	44	679	159	817	2.87e-96	314
KDHFCO_08800	BGHOFK_01575	33.0	619	374	12	76	679	120	712	2.03e-86	285
KDHFCO_08800	IAFHMK_00280	31.7	641	396	14	54	679	102	715	2.64e-76	258
KDHFCO_08800	ABIMCM_02075	31.9	546	343	13	147	680	92	620	9.12e-71	241
KDHFCO_08800	DIBOGN_04755	33.3	489	303	11	147	626	87	561	8.71e-68	233
KDHFCO_08800	AGDPFD_04350	30.6	630	374	18	43	650	1	589	1.02e-67	233
KDHFCO_08800	EIKFFD_03600	31.0	626	384	16	63	675	19	609	1.16e-67	233
KDHFCO_08800	BGCJLL_07025	31.7	505	320	13	147	637	85	578	5.99e-67	231
KDHFCO_08800	ELFOBA_00945	76.7	150	35	0	530	679	96	245	1.31e-65	216
KDHFCO_08800	HNNKEJ_00865	32.2	549	330	16	147	678	87	610	6.72e-64	222
KDHFCO_08800	BGHOFK_08910	33.8	500	310	13	138	626	79	568	3.15e-63	221
KDHFCO_08800	BGCJLL_06690	32.3	533	322	16	143	659	76	585	8.46e-59	208
KDHFCO_08800	FFPGDJ_00105	29.9	562	357	14	138	680	104	647	5.80e-55	198
KDHFCO_08800	HNNKEJ_05785	31.5	479	284	12	76	526	121	583	4.76e-52	189
KDHFCO_08800	PKGHFF_07395	31.5	502	313	13	147	628	78	568	4.52e-51	187
KDHFCO_08800	CNLKLD_04120	30.6	496	308	12	147	627	91	565	4.67e-48	178
KDHFCO_08805	ABJDJH_11615	90.3	93	9	0	1	93	101	193	6.33e-55	168
KDHFCO_08810	BLCAGE_08900	97.9	234	5	0	1	234	40	273	3.93e-168	464
KDHFCO_08810	MHGLEN_14120	97.7	221	5	0	1	221	1	221	2.20e-155	436
KDHFCO_08810	OFBCLB_00125	73.7	232	61	0	1	232	43	274	5.54e-124	352
KDHFCO_08810	FCNDOE_00480	69.1	233	72	0	2	234	40	272	6.62e-120	342
KDHFCO_08810	DAEIAJ_02250	68.4	234	2	1	1	234	40	201	2.33e-101	292
KDHFCO_08810	BGHOFK_10420	66.8	211	70	0	17	227	1	211	5.80e-99	286
KDHFCO_08810	MILJBE_11495	76.5	153	30	2	87	234	23	174	9.18e-76	226
KDHFCO_08810	DPMHNO_11055	97.3	111	3	0	123	233	1	111	3.62e-74	223
KDHFCO_08810	OBFACL_14235	66.9	163	43	5	75	234	73	227	1.24e-60	189
KDHFCO_08810	DICHKL_07830	97.4	77	2	0	157	233	4	80	2.07e-49	159
KDHFCO_08810	DOLABL_06375	55.6	160	4	1	1	160	40	132	4.10e-46	150
KDHFCO_08815	JMOLFK_04215	76.5	507	84	2	1	507	1	472	5.51e-214	612
KDHFCO_08815	HMEOOC_02380	94.0	216	13	0	292	507	1	216	3.10e-135	401
KDHFCO_08815	CEHFAN_06115	85.6	194	28	0	314	507	1	194	2.72e-108	333
KDHFCO_08815	ABJDJH_11265	45.4	515	227	9	1	502	1	474	7.55e-105	337
KDHFCO_08815	HEBBGL_05150	59.5	294	117	2	209	502	183	474	2.95e-104	335
KDHFCO_08815	OAEMLE_06945	43.3	515	238	7	1	502	1	474	1.99e-103	333
KDHFCO_08815	IMIFJE_06555	71.9	199	10	1	243	395	1	199	1.03e-86	265
KDHFCO_08815	ABIMCM_11740	55.3	304	83	3	29	329	1	254	4.92e-70	226
KDHFCO_08815	BEGLKA_10855	97.4	114	3	0	394	507	1	114	5.95e-67	221
KDHFCO_08815	CEHFAN_13105	86.8	114	15	0	394	507	1	114	6.89e-60	203
KDHFCO_08815	PAGFJI_04400	68.2	211	67	0	1	211	1	211	2.66e-46	160
KDHFCO_08815	BFGFFC_07845	60.2	133	52	1	370	502	3	134	9.22e-42	159
KDHFCO_08820	IAFHMK_08485	78.6	500	106	1	1	500	1	499	1.23e-269	741
KDHFCO_08820	DDDLLA_03430	50.6	518	233	8	1	500	24	536	5.70e-155	451
KDHFCO_08820	CNLKLD_04955	50.0	512	244	6	1	500	1	512	4.20e-154	448
KDHFCO_08820	DNKGCI_00730	37.9	277	157	8	229	496	26	296	9.23e-46	161
KDHFCO_08820	DNKGCI_00735	48.9	182	93	0	21	202	18	199	2.75e-45	157
KDHFCO_08825	AAKGEC_07545	94.8	305	16	0	1	305	1	305	2.36e-206	565
KDHFCO_08825	LBKFJK_08540	54.9	277	122	2	2	278	3	276	1.24e-103	304
KDHFCO_08825	BNBIEO_02790	57.8	249	105	0	2	250	3	251	3.45e-102	300
KDHFCO_08825	IAFHMK_08490	53.2	282	125	2	2	281	3	279	2.26e-101	298
KDHFCO_08825	JAFLJO_05055	51.5	299	136	3	2	300	3	292	3.76e-96	285
KDHFCO_08825	CNLKLD_04950	51.4	294	135	5	2	290	4	294	8.48e-92	275
KDHFCO_08825	DDDLLA_03435	55.0	240	108	0	1	240	4	243	3.57e-89	268
KDHFCO_08825	CJHCCN_05470	41.6	281	156	3	1	280	1	274	6.97e-71	223
KDHFCO_08825	DNKGCI_00740	42.5	233	133	1	1	233	5	236	2.22e-65	209
KDHFCO_08825	ABJDJH_10240	40.3	238	138	2	1	238	4	237	8.67e-57	187
KDHFCO_08825	LGJCEJ_06495	42.4	243	131	4	21	259	48	285	5.39e-56	186
KDHFCO_08825	BGHOFK_03950	40.0	240	138	3	1	238	38	273	1.09e-52	178
KDHFCO_08825	BPDDPD_09330	34.0	235	149	3	1	235	1	229	1.68e-46	156
KDHFCO_08825	AAKGEC_12175	38.2	238	141	4	1	235	5	239	2.47e-45	153
KDHFCO_08825	HNNKEJ_12195	35.3	252	158	4	1	250	1	249	2.08e-44	154
KDHFCO_08825	GNOKMM_04940	38.1	239	139	5	1	235	1	234	1.65e-43	152
KDHFCO_08825	AAKGEC_00645	35.6	253	149	3	12	254	16	264	1.81e-43	152
KDHFCO_08830	AAKGEC_07550	84.8	435	66	0	1	435	1	435	1.34e-266	728
KDHFCO_08830	HNNKEJ_05650	64.4	435	155	0	1	435	1	435	6.96e-206	574
KDHFCO_08830	BGHOFK_01435	57.0	435	187	0	1	435	1	435	9.13e-185	521
KDHFCO_08830	EIKFFD_00920	49.9	439	213	3	2	435	4	440	3.31e-149	431
KDHFCO_08830	CJHCCN_08880	47.6	437	226	2	2	435	4	440	2.24e-147	426
KDHFCO_08830	LBKFJK_05305	47.2	439	228	1	1	435	1	439	5.97e-147	425
KDHFCO_08830	CDIIGJ_02310	44.8	435	236	2	2	435	4	435	1.16e-135	396
KDHFCO_08830	FGEEDJ_05250	33.1	438	278	6	2	428	3	436	8.88e-71	229
KDHFCO_08830	CNLKLD_08285	46.8	218	114	1	218	435	1	216	6.27e-63	202
KDHFCO_08830	CNLKLD_08290	45.4	163	89	0	51	213	1	163	3.32e-44	151
KDHFCO_08835	AAKGEC_07555	78.9	142	30	0	1	142	1	142	5.40e-77	224
KDHFCO_08835	HNNKEJ_05655	69.0	142	44	0	1	142	1	142	1.58e-69	205
KDHFCO_08835	CDIIGJ_03110	68.6	140	44	0	1	140	1	140	3.53e-66	197
KDHFCO_08835	LBKFJK_09870	62.3	130	49	0	1	130	1	130	7.16e-59	178
KDHFCO_08835	BNBIEO_01400	61.0	141	55	0	1	141	1	141	3.60e-57	174
KDHFCO_08835	AANGNE_06755	56.1	139	61	0	1	139	1	139	1.02e-49	155
KDHFCO_08840	AAKGEC_07560	97.3	367	10	0	1	367	1	367	2.58e-264	716
KDHFCO_08840	CDIIGJ_03115	72.1	366	102	0	1	366	1	366	4.70e-198	549
KDHFCO_08840	BGHOFK_01445	70.3	367	109	0	1	367	1	367	2.67e-195	542
KDHFCO_08840	DDDLLA_09565	66.2	367	124	0	1	367	1	367	1.34e-183	512
KDHFCO_08840	CNLKLD_01715	62.6	366	137	0	1	366	1	366	1.75e-172	484
KDHFCO_08840	AANGNE_02840	60.7	369	143	1	1	367	1	369	2.92e-169	476
KDHFCO_08840	IAFHMK_09585	34.7	372	230	9	7	367	5	374	4.77e-66	213
KDHFCO_08845	DDDLLA_09560	77.1	118	26	1	1	117	13	130	4.41e-61	182
KDHFCO_08845	IAFHMK_00220	73.1	119	32	0	1	119	1	119	3.25e-58	175
KDHFCO_08845	CNLKLD_02435	64.7	119	41	1	1	118	1	119	3.31e-51	157
KDHFCO_08845	AANGNE_02835	62.4	117	44	0	1	117	1	117	4.62e-49	152
KDHFCO_08850	AAKGEC_07570	96.8	472	15	0	1	472	1	472	0.0	931
KDHFCO_08850	CNLKLD_02430	74.9	475	112	3	1	472	1	471	3.11e-265	728
KDHFCO_08850	ACDDAG_05170	48.9	472	228	7	3	470	2	464	1.18e-154	447
KDHFCO_08850	EIKFFD_05205	48.3	472	231	7	4	471	3	465	3.96e-152	441
KDHFCO_08855	PEPBIK_08900	99.4	171	1	0	4	174	1	171	8.80e-120	340
KDHFCO_08855	OECBDL_08340	72.5	167	46	0	8	174	1	167	4.56e-85	251
KDHFCO_08855	CJHCCN_11040	55.3	170	76	0	5	174	4	173	2.15e-57	189
KDHFCO_08855	BOCCFK_00130	55.6	144	60	1	31	174	1	140	2.08e-49	159
KDHFCO_08860	PEPBIK_08900	98.8	81	1	0	1	81	193	273	7.32e-52	162
KDHFCO_08865	BLJABE_12175	100	397	0	0	1	397	1	397	1.41e-299	808
KDHFCO_08870	ABNNBP_09435	100	160	0	0	1	160	1	160	5.10e-111	311
KDHFCO_08875	OECBDL_04485	76.6	308	70	1	1	308	1	306	1.11e-177	493
KDHFCO_08875	CJHCCN_11045	51.2	287	138	1	23	307	1	287	1.05e-101	299
KDHFCO_08875	CJHCCN_11030	43.6	287	161	1	26	311	4	290	9.42e-88	264
KDHFCO_08875	CJHCCN_11040	37.8	288	178	1	25	311	290	577	5.36e-65	214
KDHFCO_08875	BAOMEA_03920	37.5	253	149	5	23	273	1	246	5.88e-47	160
KDHFCO_08875	NCBCII_00900	37.7	220	129	1	25	244	4	215	2.80e-45	155
KDHFCO_08880	BLCAGE_08900	97.7	219	5	0	1	219	40	258	1.18e-155	432
KDHFCO_08880	MHGLEN_14120	97.7	219	5	0	1	219	1	219	2.01e-153	431
KDHFCO_08880	OFBCLB_00125	73.4	218	58	0	1	218	43	260	8.71e-116	331
KDHFCO_08880	FCNDOE_00480	67.7	217	70	0	2	218	40	256	3.98e-109	314
KDHFCO_08880	BGHOFK_10420	66.5	203	68	0	17	219	1	203	1.43e-94	275
KDHFCO_08880	DAEIAJ_02250	66.2	219	2	1	1	219	40	186	4.65e-89	261
KDHFCO_08880	DPMHNO_11055	96.9	97	3	0	123	219	1	97	5.75e-63	194
KDHFCO_08880	MILJBE_11495	73.2	138	31	2	87	219	23	159	6.92e-63	193
KDHFCO_08880	OBFACL_14235	63.5	148	43	5	75	219	73	212	2.72e-48	158
KDHFCO_08885	AHPAPB_10090	99.6	279	1	0	1	279	22	300	2.56e-202	553
KDHFCO_08885	ACPHPF_04690	58.3	276	114	1	1	275	6	281	1.81e-111	323
KDHFCO_08885	BEGLKA_08720	98.7	157	2	0	1	157	92	248	7.79e-105	305
KDHFCO_08885	MHGLEN_14025	99.4	156	1	0	1	156	1	156	5.63e-104	305
KDHFCO_08885	FAAIHB_09795	48.3	267	135	2	14	277	1	267	4.05e-79	240
KDHFCO_08885	ABJDJH_12790	44.9	272	146	3	11	278	10	281	1.10e-73	226
KDHFCO_08885	JOBCMP_04985	45.6	270	139	5	12	276	11	277	2.78e-70	218
KDHFCO_08885	OOBKJG_03060	99.1	110	1	0	1	110	1	110	9.01e-69	209
KDHFCO_08885	GLOJGG_04620	71.4	133	15	1	144	276	1	110	1.28e-57	179
KDHFCO_08885	BGHOFK_10420	53.0	168	76	2	111	275	44	211	9.06e-57	181
KDHFCO_08885	BDNBEJ_04175	91.2	91	8	0	84	174	41	131	1.08e-52	168
KDHFCO_08885	OMDMHF_02850	38.4	268	156	5	17	275	3	270	8.47e-52	170
KDHFCO_08885	OBFACL_08170	37.7	265	162	2	10	271	7	271	3.11e-50	167
KDHFCO_08885	BCFLNJ_06580	97.5	80	2	0	1	80	1	80	3.64e-47	154
KDHFCO_08885	ACPHPF_00235	38.4	279	0	1	1	279	1	107	1.08e-46	151
KDHFCO_08885	OMDMHF_02875	37.3	260	155	5	10	266	1	255	1.57e-45	153
KDHFCO_08890	KABOBF_01505	88.3	94	3	1	1	86	1	94	1.10e-49	151
KDHFCO_08895	LCDEGG_14340	99.0	96	1	0	1	96	243	338	5.08e-57	178
KDHFCO_08895	AMHKJB_04215	98.9	88	1	0	1	88	1	88	2.21e-54	164
KDHFCO_08895	CBFHCM_03370	87.5	96	8	1	1	96	1	92	1.90e-50	153
KDHFCO_08900	OBFACL_08170	99.6	272	1	0	1	272	1	272	8.61e-197	540
KDHFCO_08900	KPPIIN_12125	94.1	152	9	0	81	232	1	152	1.10e-99	290
KDHFCO_08900	BOKGIH_10420	100	110	0	0	156	265	1	110	1.28e-73	222
KDHFCO_08900	AHPAPB_10090	38.1	270	164	2	7	276	31	297	1.85e-52	172
KDHFCO_08900	FAAIHB_09795	36.9	263	164	2	14	275	4	265	1.21e-49	164
KDHFCO_08900	ACPHPF_04690	38.2	259	156	3	18	275	26	281	3.72e-49	164
KDHFCO_08900	DPMHNO_00280	97.4	78	2	0	1	78	22	99	1.75e-46	150
KDHFCO_08900	JOBCMP_04985	37.7	268	158	5	13	276	15	277	1.93e-46	156
KDHFCO_08900	OMDMHF_02850	37.2	269	161	5	14	275	3	270	2.17e-45	154
KDHFCO_08905	CGMKCF_04160	79.9	388	69	2	1	385	1	382	7.42e-231	634
KDHFCO_08905	BGHOFK_01460	65.6	384	112	2	1	384	1	364	9.38e-184	513
KDHFCO_08905	HNNKEJ_05740	65.9	390	104	4	1	384	1	367	2.64e-181	507
KDHFCO_08905	LBKFJK_09910	62.5	379	118	3	6	384	25	379	3.56e-175	492
KDHFCO_08905	CNLKLD_02420	60.5	375	125	3	10	384	7	358	1.51e-166	469
KDHFCO_08905	DNKGCI_06450	60.4	374	124	4	11	384	11	360	7.17e-163	460
KDHFCO_08905	DDDLLA_08805	58.0	386	138	4	1	386	4	365	1.01e-157	447
KDHFCO_08905	CJHCCN_07720	59.2	377	129	4	4	380	5	356	6.01e-157	445
KDHFCO_08905	IAFHMK_00240	55.7	386	137	7	1	384	4	357	2.23e-144	413
KDHFCO_08910	ABJDJH_06405	96.1	668	26	0	1	668	29	696	0.0	1261
KDHFCO_08915	AAKGEC_07585	92.0	237	19	0	1	237	1	237	6.41e-161	444
KDHFCO_08920	AAKGEC_07590	84.9	238	36	0	1	238	1	238	7.41e-140	391
KDHFCO_08920	DNKGCI_11530	71.3	237	68	0	1	237	1	237	6.94e-118	335
KDHFCO_08925	ABCLFC_08195	98.8	85	1	0	1	85	309	393	1.69e-53	170
KDHFCO_08930	ABCLFC_08195	99.6	229	1	0	1	229	1	229	4.30e-152	427
KDHFCO_08930	KJOAFL_06700	80.3	228	45	0	2	229	260	487	4.16e-119	352
KDHFCO_08930	EHLNLG_05570	48.5	231	117	1	1	229	37	267	3.27e-66	210
KDHFCO_08930	CNLKLD_07445	41.0	229	133	1	3	229	42	270	3.04e-47	160
KDHFCO_08950	ABCLFC_08205	98.6	483	7	0	1	483	1	483	4.98e-277	758
KDHFCO_08950	CNLKLD_06240	72.3	433	111	2	60	483	208	640	4.62e-153	449
KDHFCO_08950	HEBBGL_10995	64.5	318	113	0	41	358	161	478	7.64e-129	385
KDHFCO_08950	ALNFEK_04220	59.8	470	49	1	1	470	1	330	8.83e-122	359
KDHFCO_08960	DDDLLA_08790	92.9	408	29	0	1	408	1	408	1.53e-252	690
KDHFCO_08965	AAKGEC_07600	98.4	384	6	0	1	384	1	384	1.09e-285	772
KDHFCO_08970	IAFHMK_00265	73.6	254	66	1	1	254	11	263	7.79e-143	400
KDHFCO_08970	CDIIGJ_03180	75.1	253	62	1	7	259	2	253	2.11e-140	394
KDHFCO_08970	LBKFJK_09950	66.8	259	85	1	1	259	1	258	3.36e-133	376
KDHFCO_08970	OFBCLB_10695	66.8	259	85	1	1	259	1	258	9.81e-131	370
KDHFCO_08970	AANGNE_06355	63.8	260	91	2	1	258	1	259	7.11e-128	362
KDHFCO_08970	DNKGCI_06425	65.0	257	89	1	1	257	1	256	3.13e-126	358
KDHFCO_08970	CNLKLD_07580	63.0	246	88	1	9	254	12	254	7.63e-116	332
KDHFCO_08970	AJGINB_06650	94.1	153	9	0	1	153	1	153	1.79e-106	304
KDHFCO_08975	ABCLFC_08230	98.7	891	12	0	1	891	1	891	0.0	1674
KDHFCO_08975	BGHOFK_01570	73.7	874	228	1	9	880	1	874	0.0	1271
KDHFCO_08975	CDIIGJ_03185	72.7	878	238	1	9	884	1	878	0.0	1261
KDHFCO_08975	HNNKEJ_05770	70.1	887	261	3	4	888	20	904	0.0	1222
KDHFCO_08975	IAFHMK_00270	65.4	875	300	2	8	882	5	876	0.0	1115
KDHFCO_08975	CNLKLD_07595	59.4	876	348	3	8	883	1	868	0.0	1001
KDHFCO_08975	LBKFJK_09955	59.1	871	351	3	8	876	3	870	0.0	991
KDHFCO_08975	DNKGCI_06420	60.2	854	336	2	30	881	1	852	0.0	989
KDHFCO_08975	DDDLLA_08770	58.0	879	364	4	5	880	17	893	0.0	987
KDHFCO_08975	AAOIOD_04085	58.2	871	351	7	11	881	4	861	0.0	947
KDHFCO_08975	HDKJGO_10120	50.3	455	215	5	426	880	2	445	2.67e-147	442
KDHFCO_08985	BGHOFK_01575	78.2	717	153	1	1	717	1	714	0.0	1058
KDHFCO_08985	AANGNE_03555	71.5	716	183	4	1	716	1	695	0.0	954
KDHFCO_08985	CNLKLD_07600	68.2	718	209	3	1	717	1	700	0.0	911
KDHFCO_08985	OFBCLB_10685	69.1	737	190	4	1	717	1	719	0.0	907
KDHFCO_08985	HNNKEJ_05785	76.4	580	126	4	1	569	1	580	3.71e-301	834
KDHFCO_08985	IAFHMK_00280	59.0	729	267	5	1	717	9	717	5.31e-280	785
KDHFCO_08985	DNKGCI_09585	38.5	660	353	11	87	717	2	637	7.19e-123	380
KDHFCO_08985	LBKFJK_08485	38.6	660	343	15	92	718	8	638	1.27e-120	374
KDHFCO_08985	FFPGDJ_00115	36.5	757	419	19	5	715	77	817	5.21e-120	378
KDHFCO_08985	OFBCLB_07720	37.7	647	355	11	92	711	9	634	1.45e-117	367
KDHFCO_08985	ACIHME_07560	39.1	655	340	15	92	711	7	637	1.76e-113	356
KDHFCO_08985	ANFPEE_11195	29.8	707	415	20	8	686	83	736	3.22e-83	279
KDHFCO_08985	BGHOFK_01420	32.1	620	376	14	121	712	74	676	1.90e-79	267
KDHFCO_08985	ABIMCM_08870	28.1	752	453	19	1	715	5	705	6.21e-77	261
KDHFCO_08985	DIBOGN_04755	31.3	563	325	14	126	668	40	560	9.33e-67	231
KDHFCO_08985	BGCJLL_06690	30.0	587	360	13	123	694	26	576	1.07e-63	222
KDHFCO_08985	HNNKEJ_00865	28.9	567	338	16	125	668	39	563	1.35e-63	222
KDHFCO_08985	CNLKLD_05200	28.9	589	359	13	124	694	27	573	6.74e-63	220
KDHFCO_08985	ABIMCM_02075	29.0	600	354	15	97	674	21	570	1.56e-62	219
KDHFCO_08985	EIKFFD_03600	29.1	549	329	10	144	668	53	565	7.39e-62	218
KDHFCO_08985	AAKGEC_02970	28.8	590	362	13	122	694	25	573	6.17e-61	214
KDHFCO_08985	AAOIOD_03725	29.8	516	334	8	187	687	150	652	1.05e-60	216
KDHFCO_08985	AGDPFD_04350	28.3	565	339	13	126	668	47	567	5.37e-59	210
KDHFCO_08985	BGHOFK_08910	28.4	592	351	14	128	689	43	591	1.31e-58	209
KDHFCO_08985	BGCJLL_07025	28.5	550	332	11	144	668	53	566	2.54e-56	202
KDHFCO_08995	AAKGEC_07630	94.7	151	8	0	1	151	1	151	6.07e-101	285
KDHFCO_08995	AANGNE_03545	68.8	144	45	0	1	144	1	144	2.84e-66	197
KDHFCO_08995	IAFHMK_00290	67.9	134	42	1	16	149	1	133	6.86e-58	176
KDHFCO_08995	DNKGCI_06415	60.7	145	57	0	3	147	2	146	2.67e-56	172
KDHFCO_08995	CNLKLD_07610	53.9	141	65	0	4	144	1	141	1.86e-50	157
KDHFCO_09000	DNKGCI_06400	82.9	286	49	0	2	287	6	291	1.21e-161	450
KDHFCO_09005	LKGJOH_04475	95.5	223	8	1	1	223	1	221	1.12e-149	414
KDHFCO_09010	AANGNE_03520	88.6	666	70	1	1	666	1	660	0.0	1168
KDHFCO_09010	IAFHMK_00305	63.3	682	211	7	1	666	1	659	1.15e-305	846
KDHFCO_09010	DNKGCI_06390	62.7	670	241	3	1	665	1	666	1.44e-291	810
KDHFCO_09010	CNLKLD_07645	63.3	411	147	3	4	413	3	410	1.96e-180	518
KDHFCO_09010	HPKJMF_07735	66.7	213	70	1	202	413	1	213	1.18e-92	285
KDHFCO_09015	CNLKLD_07645	75.5	416	99	2	4	419	3	415	1.02e-224	620
KDHFCO_09015	IAFHMK_00305	65.8	415	142	0	1	415	1	415	3.48e-192	547
KDHFCO_09015	AANGNE_03520	66.7	414	137	1	1	414	1	413	8.28e-191	544
KDHFCO_09015	DNKGCI_06390	63.1	415	153	0	1	415	1	415	1.36e-188	538
KDHFCO_09015	HPKJMF_07735	99.5	218	1	0	202	419	1	218	1.76e-151	427
KDHFCO_09020	AAKGEC_07655	100	120	0	0	1	120	1	120	8.45e-84	239
KDHFCO_09020	PHJNPH_01045	99.2	120	1	0	1	120	1	120	1.74e-82	238
KDHFCO_09020	CDIIGJ_03220	82.1	95	17	0	24	118	24	118	1.06e-52	161
KDHFCO_09020	HNNKEJ_05820	70.5	95	28	0	24	118	25	119	1.73e-49	153
KDHFCO_09025	BMNCPF_13565	98.9	265	3	0	3	267	8	272	1.16e-195	535
KDHFCO_09025	IAFHMK_00315	65.0	263	92	0	1	263	1	263	3.03e-128	364
KDHFCO_09025	ACDDAG_08030	64.5	265	94	0	1	265	1	265	6.32e-128	363
KDHFCO_09025	CNLKLD_07655	61.7	264	100	1	1	264	1	263	4.38e-122	348
KDHFCO_09025	DNKGCI_06375	61.1	265	103	0	1	265	1	265	1.56e-120	344
KDHFCO_09025	OFBCLB_10585	59.9	267	107	0	1	267	1	267	1.50e-116	334
KDHFCO_09025	COJBJG_08815	34.2	260	166	3	4	261	3	259	2.58e-46	155
KDHFCO_09030	BNPKDP_04435	86.3	453	45	1	1	453	1	436	2.72e-301	816
KDHFCO_09030	DNKGCI_06365	67.5	455	143	1	4	453	4	458	1.76e-235	651
KDHFCO_09030	IAFHMK_00320	66.6	458	147	2	1	452	1	458	5.53e-232	642
KDHFCO_09030	AEMMAL_06825	53.2	451	203	4	8	452	5	453	4.71e-177	503
KDHFCO_09030	AANGNE_08355	37.3	477	264	9	7	452	5	477	1.67e-101	311
KDHFCO_09030	EJEPOM_07405	38.0	471	261	13	6	452	5	468	6.69e-98	301
KDHFCO_09030	ACPHPF_05020	36.5	458	274	9	2	452	5	452	2.61e-96	296
KDHFCO_09030	ANILPM_08310	35.4	457	276	8	4	449	3	451	7.25e-94	290
KDHFCO_09030	ACDDAG_07275	37.2	481	259	15	4	452	9	478	2.56e-93	290
KDHFCO_09030	DDDLLA_05595	35.7	482	271	11	1	449	1	476	9.69e-92	286
KDHFCO_09030	BGHOFK_02325	34.7	475	276	10	6	452	10	478	1.15e-91	285
KDHFCO_09030	HDKJGO_06115	35.5	487	274	11	2	453	5	486	2.19e-90	282
KDHFCO_09030	BDEBFB_07100	36.9	483	260	11	8	452	6	481	5.64e-90	281
KDHFCO_09030	EJEPOM_07925	35.1	461	275	9	4	449	2	453	1.01e-89	280
KDHFCO_09030	LBKFJK_04760	36.5	474	264	15	4	448	5	470	2.44e-89	279
KDHFCO_09030	DAEIAJ_08645	35.4	480	264	12	8	452	6	474	3.44e-89	279
KDHFCO_09030	PPBJPA_11480	34.9	499	256	13	6	452	11	492	1.19e-88	278
KDHFCO_09030	ALNFEK_03480	33.6	482	273	9	6	449	10	482	3.45e-85	269
KDHFCO_09030	CDIIGJ_10515	34.2	500	274	13	7	452	5	503	1.11e-84	268
KDHFCO_09030	CFLCIE_01560	34.1	449	282	8	7	444	4	449	6.64e-83	262
KDHFCO_09030	KPGHOL_06290	33.2	482	275	12	7	452	5	475	7.86e-82	260
KDHFCO_09030	IAFHMK_01915	34.8	483	263	12	4	453	7	470	1.17e-81	259
KDHFCO_09030	NAGBDA_10950	33.5	486	277	13	6	452	7	485	7.93e-76	244
KDHFCO_09030	CNOINH_06885	36.6	298	177	5	6	295	10	303	1.18e-60	201
KDHFCO_09030	EPOEKF_01740	30.4	467	288	12	6	448	8	461	2.23e-58	198
KDHFCO_09035	HNNKEJ_05840	89.8	315	32	0	1	315	149	463	1.67e-205	570
KDHFCO_09035	NGIILC_02175	46.6	305	163	0	9	313	134	438	6.30e-96	290
KDHFCO_09035	AEMMAL_03045	47.6	307	160	1	9	315	134	439	1.93e-95	289
KDHFCO_09035	AGINCK_05455	47.8	312	162	1	6	316	130	441	2.99e-95	288
KDHFCO_09035	AGDPFD_02310	47.2	307	162	0	9	315	134	440	1.13e-94	287
KDHFCO_09035	AANGNE_01470	47.4	304	160	0	9	312	134	437	2.08e-93	284
KDHFCO_09035	DDDLLA_08890	44.2	317	167	2	9	315	134	450	4.81e-86	265
KDHFCO_09035	AANGNE_03570	37.1	318	187	5	7	317	135	446	1.94e-59	196
KDHFCO_09035	GNOKMM_07820	34.9	318	195	4	5	314	116	429	5.87e-54	181
KDHFCO_09035	BGHOFK_08335	36.3	295	186	2	10	302	129	423	1.36e-50	172
KDHFCO_09035	BOKJIE_13470	34.2	298	182	6	19	312	139	426	2.15e-47	164
KDHFCO_09035	AEMMAL_06830	32.6	310	201	4	9	315	133	437	1.43e-46	162
KDHFCO_09035	CFLCIE_01555	32.1	305	200	4	8	311	125	423	8.61e-46	160
KDHFCO_09035	DNKGCI_11030	36.0	303	182	6	19	319	134	426	1.20e-45	159
KDHFCO_09035	CGMKCF_11750	33.3	297	178	6	27	304	192	487	1.48e-45	160
KDHFCO_09035	AFCONC_09375	32.3	297	181	4	27	304	189	484	3.86e-44	157
KDHFCO_09040	HNNKEJ_05840	78.2	142	26	1	1	142	1	137	1.44e-70	219
KDHFCO_09045	AAKGEC_07675	99.6	251	1	0	1	251	1	251	9.19e-177	485
KDHFCO_09045	DNKGCI_06350	69.4	245	75	0	2	246	1	245	2.67e-124	352
KDHFCO_09045	IAFHMK_00330	56.7	247	105	2	1	246	1	246	9.92e-94	275
KDHFCO_09045	HNNKEJ_04590	50.8	244	119	1	2	245	1	243	1.98e-81	244
KDHFCO_09045	DNKGCI_02325	45.9	242	130	1	4	245	2	242	9.33e-79	237
KDHFCO_09045	AFCONC_09380	39.4	241	144	2	4	243	5	244	1.58e-60	191
KDHFCO_09045	AANGNE_02385	38.8	245	147	2	4	246	2	245	8.42e-58	184
KDHFCO_09045	DDDLLA_06075	40.6	234	130	2	8	241	6	230	1.16e-55	178
KDHFCO_09050	AAKGEC_07680	99.8	829	2	0	1	829	1	829	0.0	1675
KDHFCO_09050	CEHAJH_01155	54.6	390	136	3	446	827	1	357	7.76e-139	415
KDHFCO_09055	AAKGEC_07685	99.6	223	1	0	1	223	1	223	2.42e-149	414
KDHFCO_09055	HNNKEJ_05880	71.9	224	62	1	1	223	1	224	2.14e-104	300
KDHFCO_09055	BGHOFK_01630	71.3	223	64	0	1	223	1	223	5.92e-104	299
KDHFCO_09055	IAFHMK_00340	61.1	221	86	0	3	223	6	226	5.34e-84	248
KDHFCO_09055	DNKGCI_06340	54.3	223	100	1	3	223	6	228	2.37e-73	221
KDHFCO_09055	EIKFFD_07460	50.2	223	110	1	1	223	1	222	4.23e-70	213
KDHFCO_09055	OFBCLB_10575	49.8	223	111	1	2	223	5	227	2.13e-66	204
KDHFCO_09055	LBKFJK_10055	58.2	184	77	0	40	223	17	200	7.35e-66	201
KDHFCO_09055	AANGNE_03495	48.0	223	115	1	1	223	1	222	3.73e-64	198
KDHFCO_09055	CJHCCN_03260	46.6	223	118	1	1	223	1	222	1.56e-62	194
KDHFCO_09060	BNBIEO_00615	84.5	322	50	0	1	322	16	337	2.14e-192	531
KDHFCO_09060	AAKGEC_11835	49.8	319	157	3	4	322	6	321	2.97e-102	302
KDHFCO_09065	BDMBBJ_07890	97.8	461	8	1	1	459	1	461	9.68e-291	791
KDHFCO_09065	BIHALF_00570	75.0	472	85	6	1	459	1	452	1.91e-218	608
KDHFCO_09065	JAFLJO_06440	70.7	471	91	7	1	459	1	436	1.91e-195	549
KDHFCO_09065	BNBIEO_00620	62.7	464	139	5	1	459	1	435	2.67e-173	493
KDHFCO_09065	IAFHMK_00350	82.6	311	53	1	149	459	124	433	1.43e-172	491
KDHFCO_09065	CNLKLD_02250	82.3	305	53	1	155	459	109	412	1.29e-170	485
KDHFCO_09070	CDIIGJ_03270	75.8	182	43	1	3	183	2	183	3.03e-89	258
KDHFCO_09070	HNNKEJ_05895	71.7	184	51	1	1	183	1	184	2.32e-84	246
KDHFCO_09070	DDDLLA_10680	51.3	199	76	2	6	183	7	205	1.54e-52	166
KDHFCO_09070	IAFHMK_00355	48.2	193	87	2	3	182	4	196	8.44e-52	164
KDHFCO_09070	DNKGCI_04355	45.8	216	77	1	8	183	6	221	1.35e-50	162
KDHFCO_09070	LBKFJK_01380	47.5	204	85	1	2	183	3	206	2.55e-50	161
KDHFCO_09075	DIBOGN_02545	93.7	269	17	0	1	269	28	296	2.16e-179	494
KDHFCO_09075	IAFHMK_00360	68.8	269	84	0	1	269	1	269	4.37e-131	371
KDHFCO_09075	BLIMPP_08160	69.1	269	83	0	1	269	18	286	3.73e-129	367
KDHFCO_09075	DNKGCI_04350	65.1	269	94	0	1	269	1	269	2.27e-126	359
KDHFCO_09075	DNKIME_07440	62.7	268	100	0	1	268	7	274	1.37e-119	342
KDHFCO_09075	CNLKLD_02245	56.9	269	116	0	1	269	1	269	2.00e-103	301
KDHFCO_09075	AAKGEC_06655	34.0	268	171	3	5	269	2	266	3.70e-48	160
KDHFCO_09080	FAKCMI_12975	99.3	443	3	0	1	443	1	443	2.64e-303	822
KDHFCO_09080	BNBIEO_00300	51.3	439	211	2	3	438	4	442	3.20e-149	431
KDHFCO_09080	BIHALF_06405	51.6	438	209	2	7	441	22	459	2.14e-147	427
KDHFCO_09080	BGHOFK_08255	49.8	434	216	2	7	438	10	443	1.33e-144	419
KDHFCO_09080	CNLKLD_05285	44.8	442	238	2	2	437	5	446	2.02e-129	381
KDHFCO_09080	DDDLLA_08350	46.1	445	228	5	3	437	4	446	2.04e-127	376
KDHFCO_09080	ABNNBP_11250	45.0	451	239	4	1	442	1	451	3.31e-122	363
KDHFCO_09080	OFBCLB_02110	36.0	381	235	7	5	381	18	393	8.94e-58	196
KDHFCO_09080	JBKKJP_13050	30.8	464	291	9	3	441	9	467	1.80e-56	193
KDHFCO_09080	AAKGEC_06030	32.8	390	247	7	1	381	1	384	1.30e-52	183
KDHFCO_09080	PHNFPI_05015	27.6	468	308	8	1	444	4	464	3.12e-52	182
KDHFCO_09080	CDIIGJ_07805	29.2	390	263	6	4	383	9	395	3.56e-46	166
KDHFCO_09085	FAKCMI_12970	98.8	253	3	0	1	253	1	253	8.82e-148	413
KDHFCO_09085	AANGNE_03475	67.9	252	81	0	1	252	1	252	4.81e-104	301
KDHFCO_09085	DNKGCI_06945	66.3	249	84	0	1	249	1	249	1.76e-101	295
KDHFCO_09085	DDDLLA_06210	66.1	248	84	0	1	248	1	248	5.00e-98	286
KDHFCO_09085	CNLKLD_04195	59.0	249	102	0	1	249	1	249	6.89e-86	255
KDHFCO_09090	BGHOFK_01660	75.3	360	86	1	10	369	1	357	2.04e-180	504
KDHFCO_09090	HNNKEJ_02120	71.8	369	101	1	1	369	1	366	3.61e-171	481
KDHFCO_09090	IAFHMK_00370	64.3	364	127	1	8	371	3	363	4.69e-151	430
KDHFCO_09090	LBKFJK_01240	63.2	361	130	1	1	361	1	358	6.35e-145	414
KDHFCO_09090	DNKGCI_06940	60.1	366	138	3	8	369	2	363	6.01e-140	402
KDHFCO_09090	DDDLLA_06215	61.5	364	137	1	9	372	14	374	1.70e-139	401
KDHFCO_09090	CNLKLD_04190	58.2	364	148	3	3	363	2	364	1.30e-130	378
KDHFCO_09090	AANGNE_03470	58.0	362	150	2	3	363	2	362	3.24e-125	364
KDHFCO_09090	PEPBIK_09170	86.3	160	22	0	1	160	1	160	7.73e-87	259
KDHFCO_09090	BJAFKI_10950	97.6	126	3	0	10	135	1	126	8.47e-76	229
KDHFCO_09095	ABCLFC_08365	97.8	136	3	0	1	136	19	154	3.91e-96	273
KDHFCO_09095	BGHOFK_01665	72.3	137	37	1	1	136	1	137	3.84e-72	211
KDHFCO_09095	IAFHMK_00380	56.1	123	54	0	1	123	1	123	3.59e-51	158
KDHFCO_09095	DDDLLA_06220	56.3	128	56	0	1	128	1	128	1.12e-49	154
KDHFCO_09095	DNKGCI_06935	52.9	136	64	0	1	136	1	136	2.96e-48	151
KDHFCO_09100	AAKGEC_07730	99.7	722	2	0	1	722	1	722	0.0	1418
KDHFCO_09100	CNLKLD_04170	60.6	698	262	6	10	700	1	692	7.55e-301	839
KDHFCO_09100	AEMMAL_04810	59.9	696	269	6	10	701	11	700	2.04e-296	828
KDHFCO_09100	DDDLLA_06245	56.9	706	294	6	11	712	2	701	2.95e-280	786
KDHFCO_09105	PEBHMD_04925	97.0	1175	34	1	1	1174	1	1175	0.0	1993
KDHFCO_09105	HNNKEJ_02100	67.3	1171	383	0	1	1171	1	1171	0.0	1335
KDHFCO_09105	DDDLLA_06250	60.3	1173	465	1	1	1172	1	1173	0.0	1238
KDHFCO_09105	LBKFJK_01200	60.8	1172	459	1	1	1171	1	1172	0.0	1235
KDHFCO_09105	DNKGCI_06905	62.3	1170	440	1	1	1169	1	1170	0.0	1228
KDHFCO_09105	IAFHMK_00390	61.5	1186	443	1	1	1172	1	1186	0.0	1206
KDHFCO_09105	AANGNE_03445	60.3	1173	465	1	1	1173	1	1172	0.0	1203
KDHFCO_09105	CNLKLD_04165	58.1	1174	491	1	1	1173	1	1174	0.0	1118
KDHFCO_09110	DNKGCI_06900	82.3	231	41	0	1	231	1	231	6.85e-135	378
KDHFCO_09115	DPMHNO_00485	99.7	332	1	0	1	332	1	332	1.72e-240	654
KDHFCO_09115	AANGNE_00510	64.9	336	114	3	1	333	9	343	6.13e-152	430
KDHFCO_09115	EPKBNI_09765	31.7	322	196	6	5	321	7	309	2.43e-44	154
KDHFCO_09120	AAKGEC_07750	99.6	283	1	0	1	283	1	283	7.02e-197	539
KDHFCO_09120	IAFHMK_00060	75.0	276	69	0	6	281	6	281	3.69e-140	395
KDHFCO_09120	DDDLLA_10890	63.4	276	100	1	6	281	3	277	2.19e-118	340
KDHFCO_09125	AAKGEC_07755	98.4	377	6	0	1	377	1	377	1.18e-265	721
KDHFCO_09125	IAFHMK_00065	68.2	377	120	0	1	377	1	377	1.78e-179	503
KDHFCO_09125	DDDLLA_10895	66.6	377	126	0	1	377	1	377	8.71e-173	486
KDHFCO_09125	DDDLLA_10205	29.5	397	237	9	18	375	31	423	1.09e-44	159
KDHFCO_09130	ABCLFC_08405	86.1	396	54	1	1	396	1	395	3.93e-239	655
KDHFCO_09130	DDDLLA_10900	70.1	391	116	1	6	396	6	395	1.31e-188	527
KDHFCO_09130	KGIGEE_07600	98.3	115	2	0	1	115	1	115	6.32e-70	216
KDHFCO_09135	AKPIPJ_09015	98.5	340	5	0	1	340	8	347	2.99e-242	659
KDHFCO_09135	DDDLLA_10905	56.2	340	149	0	1	340	1	340	2.12e-133	383
KDHFCO_09140	AAKGEC_07770	97.6	210	5	0	1	210	1	210	1.37e-144	400
KDHFCO_09140	HNNKEJ_02090	69.5	210	64	0	1	210	1	210	5.34e-103	295
KDHFCO_09140	BGHOFK_01685	62.4	210	79	0	1	210	1	210	1.49e-89	261
KDHFCO_09140	IAFHMK_05020	55.2	210	94	0	1	210	1	210	1.01e-74	224
KDHFCO_09145	ACDDAG_07210	80.5	169	33	0	1	169	17	185	7.93e-91	262
KDHFCO_09145	IAFHMK_00415	69.8	169	51	0	1	169	1	169	1.56e-75	223
KDHFCO_09145	DNKGCI_06895	52.7	165	73	3	8	169	14	176	3.70e-49	156
KDHFCO_09145	OFBCLB_01275	51.9	160	74	1	13	169	18	177	5.03e-47	150
KDHFCO_09150	AAKGEC_07780	99.6	243	1	0	1	243	1	243	1.15e-166	459
KDHFCO_09150	AANGNE_02670	72.3	242	60	2	2	243	5	239	3.53e-121	344
KDHFCO_09150	CNLKLD_04140	68.0	241	71	1	3	243	4	238	7.97e-113	323
KDHFCO_09150	OFBCLB_01280	65.6	241	74	1	3	243	4	235	2.49e-106	306
KDHFCO_09155	AAKGEC_07785	100	79	0	0	1	79	1	79	1.68e-55	165
KDHFCO_09160	AGINCK_01660	98.5	666	6	1	1	662	1	666	0.0	1316
KDHFCO_09160	CNLKLD_04130	73.9	662	167	1	1	662	1	656	0.0	1021
KDHFCO_09160	HNNKEJ_02060	93.8	224	14	0	1	224	1	224	6.04e-153	443
KDHFCO_09165	AAKGEC_07795	99.6	285	1	0	1	285	1	285	3.95e-204	557
KDHFCO_09165	AANGNE_02650	69.6	286	86	1	1	285	1	286	2.01e-142	401
KDHFCO_09165	DDDLLA_06280	67.2	287	90	3	1	285	1	285	6.40e-134	380
KDHFCO_09165	IAFHMK_02980	64.7	286	93	2	1	285	1	279	2.95e-126	360
KDHFCO_09170	ADJCAM_11645	98.4	184	3	0	2	185	4	187	6.93e-133	369
KDHFCO_09170	IAFHMK_05540	56.3	176	77	0	5	180	4	179	5.06e-67	202
KDHFCO_09170	BGHOFK_07030	53.7	177	82	0	5	181	5	181	1.34e-63	194
KDHFCO_09170	DNKGCI_06210	52.0	177	84	1	5	181	4	179	8.34e-62	189
KDHFCO_09170	LBKFJK_10160	49.2	181	91	1	2	182	1	180	2.31e-61	188
KDHFCO_09170	DNKGCI_06205	47.3	184	96	1	2	185	1	183	4.49e-61	187
KDHFCO_09170	AANGNE_02285	47.5	181	94	1	1	181	1	180	8.74e-59	181
KDHFCO_09170	HNNKEJ_02700	47.7	176	91	1	6	181	6	180	3.30e-58	180
KDHFCO_09170	BEIAAA_04280	47.0	181	95	1	1	181	294	473	1.01e-54	179
KDHFCO_09170	HNNKEJ_06775	45.2	177	92	3	6	181	5	177	1.76e-47	152
KDHFCO_09175	ABCLFC_04435	92.3	194	15	0	1	194	54	247	4.38e-125	352
KDHFCO_09175	LBKFJK_08050	61.5	192	74	0	3	194	58	249	1.17e-80	239
KDHFCO_09180	BMNCPF_13730	100	115	0	0	1	115	1	115	3.16e-83	238
KDHFCO_09180	CDIIGJ_03375	70.2	114	34	0	3	116	4	117	2.58e-61	182
KDHFCO_09180	HNNKEJ_02045	69.8	116	35	0	1	116	1	116	2.73e-60	180
KDHFCO_09180	IAFHMK_02990	71.9	114	30	1	1	114	1	112	7.27e-58	174
KDHFCO_09180	BGHOFK_01715	68.1	116	37	0	1	116	1	116	2.29e-57	172
KDHFCO_09180	DNKGCI_06880	65.8	114	39	0	1	114	2	115	4.42e-55	167
KDHFCO_09180	DBFGIH_05035	69.0	116	34	1	1	116	1	114	1.23e-54	166
KDHFCO_09180	CNLKLD_04105	65.5	116	39	1	1	115	1	116	1.25e-52	160
KDHFCO_09180	DDDLLA_06285	63.8	116	42	0	1	116	1	116	3.26e-52	159
KDHFCO_09180	LBKFJK_01160	65.5	113	39	0	1	113	1	113	5.25e-52	159
KDHFCO_09185	AAKGEC_07815	100	84	0	0	1	84	1	84	1.07e-49	150
KDHFCO_09190	AAKGEC_07820	98.5	547	8	0	1	547	1	547	0.0	1031
KDHFCO_09190	DNKGCI_09520	70.7	549	159	2	1	547	1	549	3.19e-278	767
KDHFCO_09190	CJHCCN_10680	70.2	544	159	2	1	541	1	544	5.56e-274	756
KDHFCO_09190	BGHOFK_00710	69.7	548	165	1	1	547	1	548	9.48e-274	756
KDHFCO_09190	HNNKEJ_02875	69.2	545	167	1	1	544	1	545	1.02e-271	750
KDHFCO_09190	DDDLLA_09245	66.0	547	185	1	1	546	1	547	2.58e-260	721
KDHFCO_09190	DDDLLA_06090	49.7	543	267	4	1	538	1	542	1.72e-174	513
KDHFCO_09190	DNKGCI_02955	47.4	397	205	3	152	545	2	397	2.70e-113	350
KDHFCO_09190	AIPJBK_09975	35.8	553	339	9	4	544	2	550	1.91e-103	322
KDHFCO_09190	DNKGCI_02950	57.0	149	62	1	1	147	1	149	5.49e-51	171
KDHFCO_09190	PKLIGD_02350	27.9	445	307	9	4	440	2	440	5.93e-43	158
KDHFCO_09190	DIBOGN_02540	28.6	447	305	11	4	440	2	444	1.68e-42	157
KDHFCO_09190	AANGNE_03260	29.8	449	296	13	4	441	2	442	2.31e-42	157
KDHFCO_09195	AAKGEC_07825	98.0	102	2	0	1	102	1	102	2.74e-67	196
KDHFCO_09200	AAKGEC_07830	96.0	100	4	0	1	100	1	100	8.24e-68	197
KDHFCO_09210	CDIIGJ_03410	81.4	306	56	1	1	306	1	305	2.17e-177	491
KDHFCO_09210	BGHOFK_01730	72.4	304	84	0	1	304	1	304	2.84e-159	446
KDHFCO_09210	CNLKLD_07195	70.2	302	90	0	3	304	4	305	5.87e-153	430
KDHFCO_09210	MCFIIO_08320	67.3	306	99	1	1	306	1	305	7.17e-142	402
KDHFCO_09210	DNKGCI_05700	41.2	306	172	5	4	304	2	304	3.72e-73	227
KDHFCO_09215	FBLNFP_09685	98.4	379	6	0	1	379	1	379	8.05e-267	725
KDHFCO_09215	FJJMED_07365	73.2	261	70	0	5	265	7	267	1.26e-135	387
KDHFCO_09215	AOJAFJ_06850	46.8	374	199	0	4	377	3	376	3.31e-114	337
KDHFCO_09215	BGHOFK_07520	40.2	376	207	2	1	376	2	359	8.04e-90	274
KDHFCO_09215	AHPAPB_00360	35.8	422	219	8	9	379	13	433	9.79e-72	230
KDHFCO_09220	AAKGEC_07850	99.6	264	1	0	1	264	1	264	2.00e-182	501
KDHFCO_09220	OFBCLB_00985	67.1	161	53	0	104	264	1	161	5.02e-70	212
KDHFCO_09225	DFCDFN_01390	85.1	282	42	0	1	282	1	282	7.49e-171	474
KDHFCO_09225	OFBCLB_00990	60.9	284	111	0	1	284	1	284	1.49e-119	343
KDHFCO_09230	LPAKHB_10030	99.3	457	1	1	1	455	1	457	0.0	885
KDHFCO_09230	AANGNE_01830	47.0	449	227	7	4	445	3	447	1.35e-127	396
KDHFCO_09230	BNBIEO_00360	41.7	446	248	7	4	443	3	442	9.92e-107	327
KDHFCO_09235	AAKGEC_07865	99.3	144	1	0	1	144	1	144	6.95e-99	280
KDHFCO_09240	AAKGEC_07870	96.8	155	5	0	1	155	1	155	2.25e-98	279
KDHFCO_09240	CDIIGJ_03440	74.5	157	37	3	1	155	1	156	2.07e-69	206
KDHFCO_09240	BGHOFK_01760	70.0	160	43	2	1	155	1	160	4.29e-65	195
KDHFCO_09240	HNNKEJ_02015	67.7	158	46	3	1	155	1	156	5.08e-63	190
KDHFCO_09240	AANGNE_02610	66.3	160	46	3	1	155	1	157	4.97e-61	185
KDHFCO_09240	LBKFJK_01095	63.5	159	52	2	1	155	1	157	1.91e-58	178
KDHFCO_09240	IAFHMK_03045	65.4	156	53	1	1	155	3	158	1.97e-58	178
KDHFCO_09240	DNKGCI_06805	59.4	170	42	2	1	155	1	158	6.17e-55	169
KDHFCO_09240	DDDLLA_06350	59.6	161	57	2	1	155	1	159	3.66e-54	167
KDHFCO_09240	CNLKLD_01440	61.3	155	59	1	1	155	1	154	4.44e-54	167
KDHFCO_09245	BGHOFK_01765	91.4	409	33	2	1	409	1	407	3.94e-266	724
KDHFCO_09250	AAKGEC_07880	95.5	243	11	0	1	243	1	243	1.61e-157	436
KDHFCO_09250	HNNKEJ_13585	45.6	241	121	5	6	241	2	237	2.60e-57	182
KDHFCO_09250	KDEKFF_00810	36.4	250	148	3	3	241	11	260	6.45e-46	154
KDHFCO_09250	BPDDPD_01275	38.4	245	146	3	1	241	3	246	1.14e-45	152
KDHFCO_09255	AANGNE_02595	80.3	304	60	0	3	306	2	305	1.74e-172	479
KDHFCO_09265	IAFHMK_03070	78.6	323	68	1	3	325	4	325	1.72e-179	498
KDHFCO_09265	CNLKLD_01410	68.7	326	100	2	1	325	1	325	9.89e-158	443
KDHFCO_09265	DNKGCI_06775	68.7	323	100	1	3	325	2	323	1.24e-155	438
KDHFCO_09270	BCFLNJ_12130	98.6	146	2	0	1	146	3	148	2.21e-101	286
KDHFCO_09270	AOCDPA_06395	78.1	146	32	0	1	146	61	206	1.83e-76	225
KDHFCO_09275	AANGNE_03390	79.5	312	64	0	3	314	4	315	1.52e-194	536
KDHFCO_09275	CFMACL_04935	36.1	269	165	6	49	310	1	269	1.20e-53	176
KDHFCO_09280	HJDLAE_02345	84.0	119	18	1	1	119	3	120	8.99e-63	186
KDHFCO_09285	HNNKEJ_01925	72.9	970	230	6	1	949	1	958	0.0	1223
KDHFCO_09285	CNLKLD_08520	70.8	968	219	9	1	948	1	924	0.0	1096
KDHFCO_09285	DNKGCI_06755	69.8	955	250	8	1	949	1	923	0.0	1073
KDHFCO_09285	OAEMLE_05685	73.9	502	126	2	1	502	1	497	1.39e-171	509
KDHFCO_09290	AAKGEC_07920	95.0	101	5	0	1	101	1	101	1.59e-61	182
KDHFCO_09295	AAKGEC_07925	96.3	108	4	0	1	108	1	108	2.66e-70	204
KDHFCO_09300	CNLKLD_08505	86.6	343	45	1	1	342	1	343	6.24e-208	576
KDHFCO_09305	AAKGEC_07935	97.5	157	4	0	1	157	1	157	3.90e-109	306
KDHFCO_09305	AANGNE_03350	67.5	154	50	0	4	157	5	158	3.21e-74	218
KDHFCO_09305	CNLKLD_08500	63.9	155	56	0	3	157	2	156	3.87e-70	208
KDHFCO_09305	IAFHMK_03120	58.6	157	65	0	1	157	1	157	7.67e-68	202
KDHFCO_09310	IAFHMK_03125	77.5	120	27	0	1	120	1	120	1.79e-61	184
KDHFCO_09310	CDIIGJ_03510	77.1	118	27	0	1	118	1	118	3.20e-58	177
KDHFCO_09310	AANGNE_03345	73.9	119	31	0	1	119	1	119	2.03e-56	171
KDHFCO_09315	DDDLLA_11745	84.5	232	36	0	1	232	2	233	5.44e-137	383
KDHFCO_09320	DIBOGN_02260	93.2	236	16	0	1	236	8	243	3.98e-147	409
KDHFCO_09320	BPDDPD_04845	59.0	239	90	4	4	236	10	246	1.09e-86	256
KDHFCO_09325	JIBFFE_00845	83.4	429	71	0	1	429	1	429	1.44e-255	701
KDHFCO_09325	BGHOFK_08085	55.0	424	176	5	2	422	9	420	1.13e-151	436
KDHFCO_09325	IAFHMK_09765	55.9	404	164	3	26	423	2	397	8.14e-151	433
KDHFCO_09325	OFBCLB_11570	51.9	420	184	7	3	414	6	415	8.05e-136	395
KDHFCO_09325	CNLKLD_00300	50.8	421	187	5	4	414	3	413	2.71e-132	387
KDHFCO_09325	HNNKEJ_02145	58.7	283	111	2	1	283	1	277	7.10e-108	324
KDHFCO_09325	HNNKEJ_01880	57.9	266	106	2	2	267	3	262	3.78e-107	318
KDHFCO_09325	IAFHMK_05130	56.6	272	112	2	7	278	2	267	6.45e-101	302
KDHFCO_09325	CDIIGJ_03530	56.2	267	111	2	5	270	4	265	2.56e-98	295
KDHFCO_09325	EIKFFD_00980	55.4	260	111	1	5	264	7	261	4.84e-98	299
KDHFCO_09325	NAECHE_09455	52.7	279	126	2	1	279	1	273	1.05e-95	288
KDHFCO_09325	BGHOFK_01850	51.9	285	131	2	5	288	2	281	1.92e-94	285
KDHFCO_09325	AAOIOD_10675	51.8	278	129	1	10	287	10	282	5.19e-94	288
KDHFCO_09325	HNNKEJ_03540	41.1	253	138	3	10	260	2	245	1.73e-52	184
KDHFCO_09325	CFLCIE_00930	40.8	228	131	3	18	245	11	234	1.56e-51	174
KDHFCO_09325	OFBCLB_08750	35.8	299	183	2	10	308	7	296	3.37e-49	176
KDHFCO_09330	OCIPFJ_04125	94.2	607	35	0	1	607	16	622	0.0	1012
KDHFCO_09330	CNLKLD_00305	49.2	651	258	18	1	596	1	633	4.44e-149	444
KDHFCO_09330	IAFHMK_09760	46.3	643	284	17	1	605	1	620	3.28e-121	372
KDHFCO_09330	DDDLLA_08480	42.2	664	276	21	5	604	4	623	1.19e-102	323
KDHFCO_09330	ACNHAK_07820	42.2	632	273	20	1	603	1	569	8.09e-99	312
KDHFCO_09330	DIBOGN_02250	43.7	663	287	22	1	607	1	633	1.41e-98	313
KDHFCO_09330	HNNKEJ_02140	34.2	558	292	17	115	605	132	681	3.15e-47	176
KDHFCO_09330	BGHOFK_08080	32.4	639	314	23	1	604	1	556	9.32e-40	152
KDHFCO_09335	BLJABE_04860	99.8	1175	2	0	1	1175	1	1175	0.0	2165
KDHFCO_09335	PLDCIE_12340	69.0	1202	269	23	1	1175	1	1125	0.0	1382
KDHFCO_09335	AIKIDN_06640	60.4	1201	421	20	1	1170	1	1178	0.0	1189
KDHFCO_09335	NMHJIK_03930	70.5	631	143	6	1	630	1	589	8.44e-258	743
KDHFCO_09335	ABJDJH_06005	46.1	1264	542	34	1	1170	1	1219	4.23e-251	746
KDHFCO_09335	JNMKIO_11395	41.2	1275	564	36	1	1173	1	1191	2.54e-200	613
KDHFCO_09335	BDEBFB_06665	57.9	513	181	12	1	509	1	482	2.59e-166	501
KDHFCO_09335	EHLNLG_05205	55.3	514	201	9	1	495	1	504	1.04e-143	468
KDHFCO_09335	CDIIGJ_02125	36.4	1224	580	44	10	1119	12	1150	2.52e-139	451
KDHFCO_09335	IAFHMK_09990	41.4	671	302	18	28	662	9	624	3.34e-111	371
KDHFCO_09335	CNLKLD_01805	40.3	663	346	15	477	1119	680	1312	1.07e-107	367
KDHFCO_09335	IAFHMK_01700	41.0	644	293	22	33	636	27	623	5.99e-95	327
KDHFCO_09335	BGHOFK_08075	32.0	1246	617	49	10	1119	13	1164	1.36e-93	325
KDHFCO_09335	ACPHPF_09030	41.0	595	248	21	1	568	1	519	1.26e-86	293
KDHFCO_09335	DBDHAK_00605	45.8	424	198	12	33	442	15	420	1.07e-76	271
KDHFCO_09335	OFBCLB_03215	43.2	472	213	16	33	485	15	450	1.71e-73	265
KDHFCO_09335	CNLKLD_00285	32.2	1096	562	45	117	1119	18	1025	7.10e-70	254
KDHFCO_09335	DIBOGN_02245	29.0	1293	642	50	1	1173	1	1137	2.74e-54	206
KDHFCO_09335	CNLKLD_07555	31.2	580	288	21	20	558	13	522	4.74e-43	171
KDHFCO_09335	BIHALF_00350	31.2	571	281	22	37	525	12	552	1.78e-39	159
KDHFCO_09335	CNLKLD_07795	30.6	513	286	20	11	495	6	476	8.62e-37	150
KDHFCO_09340	AAKGEC_07970	73.8	282	74	0	1	282	1	282	1.99e-145	409
KDHFCO_09340	DHALJH_04220	52.1	282	134	1	1	282	1	281	8.58e-99	290
KDHFCO_09340	CDIIGJ_03560	50.2	281	140	0	1	281	1	281	6.73e-96	283
KDHFCO_09340	CNLKLD_07050	33.3	279	185	1	1	278	1	279	1.21e-52	172
KDHFCO_09340	IHNEIG_05495	35.8	271	169	3	1	266	1	271	2.68e-51	169
KDHFCO_09340	ACDDAG_08760	35.4	274	175	2	1	272	1	274	4.78e-51	168
KDHFCO_09340	BGHOFK_02185	34.1	273	178	2	1	271	1	273	1.00e-50	167
KDHFCO_09340	BGHOFK_00395	36.5	285	174	4	1	280	1	283	1.58e-50	167
KDHFCO_09340	ACNHAK_08590	36.6	276	173	2	1	274	1	276	9.79e-50	165
KDHFCO_09340	ENLGEC_07235	33.2	274	181	2	1	272	1	274	5.74e-49	163
KDHFCO_09340	DBFGIH_02525	34.3	274	178	2	1	272	1	274	5.87e-49	163
KDHFCO_09340	PFOEKP_04810	37.5	264	160	4	1	259	1	264	8.09e-49	163
KDHFCO_09340	FPMMJC_13745	34.1	273	178	2	1	271	1	273	3.44e-48	161
KDHFCO_09340	IHNEIG_05490	34.6	263	167	3	6	263	6	268	2.11e-46	156
KDHFCO_09345	AAKGEC_07975	99.1	436	4	0	1	436	1	436	3.47e-313	846
KDHFCO_09350	OAEMLE_05585	62.0	208	78	1	20	227	1	207	1.83e-61	191
KDHFCO_09355	ABCBPP_04200	97.9	240	5	0	1	240	1	240	2.71e-164	453
KDHFCO_09355	AANGNE_03220	69.6	237	71	1	5	240	2	238	1.06e-114	327
KDHFCO_09355	DNKGCI_04000	67.5	237	76	1	5	240	2	238	2.24e-109	314
KDHFCO_09355	DDDLLA_06810	64.5	234	82	1	8	240	5	238	7.72e-103	297
KDHFCO_09360	MFHHKN_00865	73.8	294	76	1	1	293	1	294	3.32e-155	434
KDHFCO_09360	IAFHMK_03145	64.9	299	93	3	1	293	1	293	5.72e-134	380
KDHFCO_09360	CNLKLD_03945	64.4	292	104	0	1	292	1	292	2.55e-130	371
KDHFCO_09360	DDDLLA_06805	61.1	296	110	2	1	293	1	294	1.92e-125	359
KDHFCO_09360	CEPOIM_07265	100	175	0	0	1	175	1	175	1.43e-119	340
KDHFCO_09365	CDIIGJ_03585	79.2	394	72	4	1	388	1	390	9.02e-216	596
KDHFCO_09365	HNNKEJ_01850	73.0	392	102	2	1	390	1	390	9.04e-201	558
KDHFCO_09365	AANGNE_03210	61.8	380	141	2	1	379	1	377	1.61e-157	448
KDHFCO_09365	IAFHMK_03150	61.4	378	143	2	1	378	1	375	4.95e-156	444
KDHFCO_09365	LBKFJK_00900	46.5	387	196	3	1	378	1	385	6.46e-110	327
KDHFCO_09365	DNKGCI_03990	43.4	380	208	3	1	375	1	378	1.26e-100	303
KDHFCO_09365	CNLKLD_03940	40.9	394	225	4	1	389	1	391	1.67e-99	300
KDHFCO_09365	OFBCLB_01960	42.1	392	211	5	1	378	1	390	2.78e-95	290
KDHFCO_09370	EKJHIG_03930	100	147	0	0	1	147	1	147	1.14e-98	280
KDHFCO_09375	DNKGCI_03980	82.7	214	37	0	1	214	1	214	6.92e-134	374
KDHFCO_09380	AAKGEC_11280	96.1	257	10	0	1	257	1	257	1.87e-188	515
KDHFCO_09380	DNKGCI_03975	65.5	258	87	1	2	257	1	258	6.18e-130	367
KDHFCO_09380	CNLKLD_03925	63.6	253	92	0	5	257	2	254	3.09e-122	348
KDHFCO_09380	AANGNE_03195	59.8	259	102	1	1	257	1	259	1.04e-114	329
KDHFCO_09385	AANGNE_03190	87.2	86	9	1	1	84	1	86	7.32e-51	154
KDHFCO_09390	CNLKLD_03915	77.0	456	103	2	1	455	1	455	2.30e-240	663
KDHFCO_09390	NHHNJB_12270	100	330	0	0	1	330	1	330	1.08e-226	624
KDHFCO_09390	DFOKEG_14415	35.2	443	272	8	17	449	12	449	6.48e-64	218
KDHFCO_09395	AAKGEC_11295	97.3	150	4	0	1	150	1	150	1.13e-91	262
KDHFCO_09395	BGHOFK_01915	72.0	150	41	1	1	150	1	149	1.74e-65	196
KDHFCO_09395	CNLKLD_03910	66.7	150	50	0	1	150	1	150	4.41e-59	179
KDHFCO_09395	IAFHMK_03180	68.0	150	48	0	1	150	1	150	1.26e-58	178
KDHFCO_09400	DDDLLA_06765	77.8	654	144	1	1	653	1	654	0.0	995
KDHFCO_09400	AANGNE_03175	69.5	655	197	2	1	653	1	654	0.0	891
KDHFCO_09400	CNLKLD_03905	65.5	637	220	0	12	648	11	647	2.22e-293	814
KDHFCO_09405	ICGPBP_03985	95.0	241	5	1	1	234	1	241	4.82e-163	449
KDHFCO_09405	CDIIGJ_03625	74.4	219	56	0	7	225	1	219	3.20e-113	323
KDHFCO_09405	HNNKEJ_01810	73.8	214	56	0	13	226	1	214	3.42e-111	317
KDHFCO_09405	BGHOFK_01925	70.9	213	62	0	13	225	1	213	5.37e-108	309
KDHFCO_09405	IAFHMK_03190	66.5	212	67	1	14	221	3	214	1.36e-92	270
KDHFCO_09405	AANGNE_03170	61.4	215	83	0	14	228	3	217	2.18e-89	262
KDHFCO_09405	LBKFJK_00860	57.8	211	88	1	9	218	5	215	1.31e-84	250
KDHFCO_09405	DNKGCI_03950	55.9	213	93	1	9	220	33	245	5.41e-78	234
KDHFCO_09405	AANGNE_07330	51.4	216	104	1	13	227	1	216	1.63e-76	229
KDHFCO_09405	DDDLLA_06760	55.7	203	90	0	22	224	1	203	2.29e-74	224
KDHFCO_09405	CNLKLD_03900	50.5	212	105	0	13	224	1	212	2.77e-72	219
KDHFCO_09405	ACDDAG_00830	48.1	212	110	0	13	224	1	212	1.33e-67	207
KDHFCO_09405	LACADI_06745	47.9	211	110	0	14	224	3	213	1.58e-66	204
KDHFCO_09410	HKMGEG_10005	98.1	160	3	0	1	160	1	160	4.91e-103	292
KDHFCO_09410	CEPOIM_07315	98.1	159	3	0	1	159	1	159	5.98e-99	291
KDHFCO_09415	PAGFJI_03745	99.0	287	3	0	1	287	10	296	1.11e-204	559
KDHFCO_09415	CEPOIM_07315	98.2	285	5	0	3	287	158	442	2.50e-199	551
KDHFCO_09420	IAFHMK_03195	77.6	450	98	2	1	449	1	448	3.47e-249	685
KDHFCO_09420	DDDLLA_03135	49.3	440	219	3	11	450	1	436	1.55e-137	401
KDHFCO_09420	NNGDEJ_04010	83.1	195	33	0	1	195	1	195	4.10e-109	321
KDHFCO_09420	AAOIOD_01850	34.2	447	275	7	1	445	3	432	3.78e-80	254
KDHFCO_09430	HNNKEJ_01800	81.7	460	83	1	1	460	1	459	4.05e-277	757
KDHFCO_09430	IAFHMK_03235	71.6	461	129	2	1	460	1	460	1.85e-233	646
KDHFCO_09430	AAOIOD_08835	68.6	458	143	1	1	458	3	459	4.48e-226	628
KDHFCO_09430	DDDLLA_06715	68.8	459	141	2	1	458	1	458	4.79e-224	622
KDHFCO_09430	CNLKLD_03890	65.3	458	157	2	1	458	1	456	5.63e-212	592
KDHFCO_09430	GJNFIB_10580	51.5	163	78	1	293	454	7	169	3.62e-47	160
KDHFCO_09435	DFCDFN_01175	76.4	322	75	1	2	323	1	321	3.75e-177	492
KDHFCO_09435	CNLKLD_03885	72.7	322	87	1	2	323	6	326	1.93e-171	478
KDHFCO_09440	BGHOFK_01955	87.6	306	38	0	1	306	1	306	4.27e-197	541
KDHFCO_09445	AAKGEC_11355	96.7	426	14	0	1	426	1	426	2.83e-291	790
KDHFCO_09445	AANGNE_03145	67.4	426	139	0	1	426	1	426	3.42e-211	587
KDHFCO_09445	CNLKLD_01930	67.6	426	138	0	1	426	1	426	5.26e-201	561
KDHFCO_09450	ONPFCC_03930	94.3	193	4	1	1	193	1	186	7.53e-123	344
KDHFCO_09450	CDIIGJ_03665	69.9	193	58	0	1	193	1	193	6.60e-91	263
KDHFCO_09450	HNNKEJ_01780	68.0	181	58	0	1	181	1	181	1.12e-83	245
KDHFCO_09450	IAFHMK_03255	59.8	184	74	0	1	184	1	184	4.99e-72	215
KDHFCO_09450	BGHOFK_01965	62.3	175	66	0	1	175	8	182	2.25e-71	214
KDHFCO_09450	CNLKLD_01925	54.8	188	85	0	3	190	5	192	8.96e-70	210
KDHFCO_09450	BNBIEO_10335	51.4	179	87	0	1	179	1	179	1.16e-61	189
KDHFCO_09450	AANGNE_03140	54.6	174	78	1	1	173	1	174	1.53e-57	179
KDHFCO_09450	DDKKPM_05135	51.4	173	81	2	1	172	1	171	2.65e-51	162
KDHFCO_09450	LBKFJK_00810	43.2	185	102	1	1	182	1	185	1.47e-49	158
KDHFCO_09455	ABCBPP_04095	80.2	379	75	0	1	379	26	404	1.92e-223	615
KDHFCO_09455	CDIIGJ_03670	68.9	379	118	0	1	379	1	379	1.73e-192	536
KDHFCO_09455	HNNKEJ_01745	61.2	379	143	2	1	379	1	375	4.25e-166	469
KDHFCO_09455	BGHOFK_01970	60.4	379	147	1	1	379	1	376	1.37e-162	460
KDHFCO_09455	AANGNE_03135	56.8	380	161	2	1	379	1	378	3.73e-158	449
KDHFCO_09455	OFBCLB_03305	49.2	390	181	7	3	379	32	417	1.05e-119	352
KDHFCO_09455	CNLKLD_02665	48.8	383	172	9	1	379	1	363	1.86e-112	332
KDHFCO_09460	ABCLFC_04120	98.0	554	11	0	1	554	1	554	0.0	1066
KDHFCO_09460	BGHOFK_01975	73.2	553	145	2	1	553	1	550	8.01e-288	791
KDHFCO_09460	HNNKEJ_01740	73.6	552	141	3	1	550	1	549	1.14e-287	791
KDHFCO_09460	CDIIGJ_03675	72.5	550	149	2	1	550	1	548	1.42e-285	786
KDHFCO_09460	PCAMPM_02350	65.2	552	185	5	1	552	1	545	6.02e-251	698
KDHFCO_09460	DDDLLA_03565	58.8	553	222	5	1	553	3	549	1.87e-226	636
KDHFCO_09460	CNLKLD_02670	60.9	553	206	6	1	553	1	543	3.50e-225	632
KDHFCO_09465	PEPBIK_09610	98.2	271	5	0	1	271	1	271	9.88e-195	533
KDHFCO_09465	HNNKEJ_01735	60.9	271	106	0	1	271	1	271	5.06e-118	338
KDHFCO_09465	CDIIGJ_03680	62.2	270	102	0	2	271	3	272	1.30e-117	338
KDHFCO_09465	BGHOFK_01980	55.7	271	120	0	1	271	1	271	3.03e-104	303
KDHFCO_09465	AANGNE_03125	47.0	270	142	1	1	270	1	269	1.00e-80	244
KDHFCO_09465	CNLKLD_02675	49.0	245	109	5	26	270	5	233	6.48e-71	218
KDHFCO_09465	DDDLLA_03570	42.2	270	152	1	1	270	7	272	1.08e-69	216
KDHFCO_09470	ABCLFC_04110	99.6	280	1	0	1	280	19	298	1.28e-204	559
KDHFCO_09475	EGCJDI_00875	84.9	450	67	1	1	450	1	449	1.37e-276	754
KDHFCO_09475	HNNKEJ_01725	70.4	450	133	0	1	450	1	450	4.37e-229	634
KDHFCO_09475	AANGNE_03115	60.4	450	175	2	1	450	1	447	4.00e-184	520
KDHFCO_09475	CNLKLD_02700	55.9	449	184	3	1	449	1	435	2.32e-165	472
KDHFCO_09475	JAFLJO_01655	54.5	457	198	2	3	449	5	461	3.13e-164	470
KDHFCO_09475	DDDLLA_05355	52.4	460	209	3	1	450	3	462	3.82e-155	447
KDHFCO_09480	AAKGEC_11390	88.6	367	42	0	1	367	1	367	1.76e-236	646
KDHFCO_09480	HNNKEJ_01720	66.1	363	123	0	1	363	1	363	4.03e-174	488
KDHFCO_09480	AAOIOD_08890	58.1	363	152	0	1	363	1	363	3.52e-151	430
KDHFCO_09480	DDDLLA_03575	49.7	368	182	2	1	365	1	368	4.39e-129	374
KDHFCO_09480	CNLKLD_02705	53.5	361	158	5	5	363	2	354	5.49e-127	369
KDHFCO_09485	DANMKC_04560	98.5	134	2	0	1	134	1	134	2.06e-90	258
KDHFCO_09485	HNNKEJ_01715	57.5	134	56	1	1	134	1	133	1.64e-49	154
KDHFCO_09490	DBDHAK_00430	86.9	328	43	0	1	328	18	345	1.49e-195	541
KDHFCO_09490	HNNKEJ_01710	70.8	329	96	0	1	329	1	329	1.14e-159	449
KDHFCO_09490	LBKFJK_00775	62.7	327	120	1	1	325	1	327	1.05e-136	390
KDHFCO_09490	DFCDFN_02410	59.8	333	129	2	1	329	1	332	1.93e-132	380
KDHFCO_09490	KPPIIN_06635	58.4	329	137	0	1	329	1	329	4.58e-127	366
KDHFCO_09490	JIGPNC_02655	34.7	340	201	5	1	327	1	332	9.89e-58	189
KDHFCO_09495	ABCLFC_04080	97.8	739	16	0	1	739	1	739	0.0	1477
KDHFCO_09495	DDDLLA_07630	72.0	728	203	1	12	739	4	730	0.0	1111
KDHFCO_09495	HNNKEJ_01705	71.1	736	207	1	10	739	1	736	0.0	1105
KDHFCO_09495	JIGPNC_02685	69.4	729	221	2	13	739	2	730	0.0	1076
KDHFCO_09495	LBKFJK_00770	67.4	731	227	1	20	739	11	741	0.0	1051
KDHFCO_09495	KPPIIN_06640	62.9	731	268	3	10	738	1	730	0.0	974
KDHFCO_09500	EJHBKF_03700	90.5	210	20	0	1	210	2	211	3.59e-122	344
KDHFCO_09500	HNNKEJ_01700	58.9	207	85	0	1	207	1	207	2.45e-78	233
KDHFCO_09500	LBKFJK_00765	53.4	206	96	0	1	206	16	221	1.20e-64	199
KDHFCO_09500	DDDLLA_07635	54.1	207	95	0	1	207	1	207	1.94e-64	197
KDHFCO_09505	AMDFJK_11765	94.1	526	25	1	1	520	1	526	0.0	1006
KDHFCO_09505	DFCDFN_02390	66.7	523	169	4	1	520	1	521	1.14e-259	717
KDHFCO_09505	LBKFJK_00760	63.1	523	184	3	1	520	1	517	9.51e-246	682
KDHFCO_09505	LOKICG_04365	96.5	141	5	0	1	141	1	141	1.42e-89	272
KDHFCO_09505	ALNFEK_11640	31.6	490	292	18	53	516	63	535	2.77e-62	212
KDHFCO_09505	OFBCLB_02045	29.5	498	301	15	54	512	67	553	5.80e-51	182
KDHFCO_09510	ABJDJH_05815	96.1	204	8	0	1	204	97	300	2.40e-139	390
KDHFCO_09510	OFBCLB_02040	49.5	208	100	1	1	203	94	301	1.18e-64	201
KDHFCO_09510	ALNFEK_11635	46.6	204	105	3	2	203	92	293	2.74e-61	192
KDHFCO_09510	AAKGEC_09295	42.4	205	108	3	7	204	105	306	1.10e-48	160
KDHFCO_09510	ABCLFC_04630	40.6	202	115	2	2	203	90	286	1.50e-47	157
KDHFCO_09515	AHPAPB_10090	99.6	279	1	0	1	279	22	300	2.56e-202	553
KDHFCO_09515	ACPHPF_04690	58.3	276	114	1	1	275	6	281	1.81e-111	323
KDHFCO_09515	BEGLKA_08720	98.7	157	2	0	1	157	92	248	7.79e-105	305
KDHFCO_09515	MHGLEN_14025	99.4	156	1	0	1	156	1	156	5.63e-104	305
KDHFCO_09515	FAAIHB_09795	48.3	267	135	2	14	277	1	267	4.05e-79	240
KDHFCO_09515	ABJDJH_12790	44.9	272	146	3	11	278	10	281	1.10e-73	226
KDHFCO_09515	JOBCMP_04985	45.6	270	139	5	12	276	11	277	2.78e-70	218
KDHFCO_09515	OOBKJG_03060	99.1	110	1	0	1	110	1	110	9.01e-69	209
KDHFCO_09515	GLOJGG_04620	71.4	133	15	1	144	276	1	110	1.28e-57	179
KDHFCO_09515	BGHOFK_10420	53.0	168	76	2	111	275	44	211	9.06e-57	181
KDHFCO_09515	BDNBEJ_04175	91.2	91	8	0	84	174	41	131	1.08e-52	168
KDHFCO_09515	OMDMHF_02850	38.4	268	156	5	17	275	3	270	8.47e-52	170
KDHFCO_09515	OBFACL_08170	37.7	265	162	2	10	271	7	271	3.11e-50	167
KDHFCO_09515	BCFLNJ_06580	97.5	80	2	0	1	80	1	80	3.64e-47	154
KDHFCO_09515	ACPHPF_00235	38.4	279	0	1	1	279	1	107	1.08e-46	151
KDHFCO_09515	OMDMHF_02875	37.3	260	155	5	10	266	1	255	1.57e-45	153
KDHFCO_09530	IAFHMK_03270	76.2	172	24	1	1	155	1	172	7.40e-86	248
KDHFCO_09530	DNKGCI_06320	80.8	156	29	1	1	155	5	160	1.10e-85	248
KDHFCO_09535	AAKGEC_11415	88.5	312	36	0	1	312	1	312	6.13e-201	551
KDHFCO_09540	MILJBE_04635	96.4	250	9	0	1	250	1	250	8.21e-182	498
KDHFCO_09565	AAKGEC_11425	91.3	369	32	0	1	369	1	369	3.37e-261	709
KDHFCO_09565	IAFHMK_03305	71.9	366	101	2	4	369	2	365	4.27e-201	556
KDHFCO_09565	CNLKLD_02730	68.7	364	111	3	7	369	5	366	3.99e-183	511
KDHFCO_09565	HNNKEJ_08145	32.6	384	232	10	9	368	4	384	2.47e-58	193
KDHFCO_09570	BCFLNJ_12515	98.8	246	3	0	83	328	6	251	1.27e-171	476
KDHFCO_09570	HNNKEJ_00870	70.1	328	97	1	1	327	1	328	2.84e-166	465
KDHFCO_09570	BGHOFK_04020	69.9	329	98	1	1	328	1	329	1.33e-165	464
KDHFCO_09570	OFBCLB_05440	69.1	314	93	3	17	327	18	330	9.83e-147	416
KDHFCO_09570	LBKFJK_07710	64.4	331	114	3	1	327	1	331	1.37e-144	410
KDHFCO_09570	CGMKCF_13060	88.8	196	22	0	1	196	1	196	3.75e-122	348
KDHFCO_09575	ABJDJH_05770	99.5	220	1	0	1	220	15	234	7.30e-155	428
KDHFCO_09575	CNLKLD_02735	64.5	211	75	0	9	219	1	211	1.69e-95	277
KDHFCO_09575	DNKGCI_06310	55.9	220	97	0	1	220	1	220	2.53e-87	256
KDHFCO_09575	DHALJH_07460	54.3	219	100	0	1	219	1	219	4.70e-81	241
KDHFCO_09575	CBFHCM_03435	49.3	219	111	0	1	219	1	219	6.61e-76	228
KDHFCO_09575	IAFHMK_03310	51.9	216	103	1	4	218	12	227	7.97e-76	228
KDHFCO_09575	HNNKEJ_09160	39.8	211	127	0	6	216	9	219	1.16e-57	181
KDHFCO_09575	EHLNLG_11895	40.1	207	124	0	6	212	9	215	8.79e-53	169
KDHFCO_09580	AAKGEC_11440	95.8	72	3	0	1	72	1	72	1.11e-50	152
KDHFCO_09585	CEPOIM_07510	95.8	664	27	1	1	664	1	663	0.0	1134
KDHFCO_09585	ACNHAK_01800	67.4	662	215	1	1	661	1	662	5.04e-298	827
KDHFCO_09585	DFJEHO_03950	64.2	665	236	2	1	664	1	664	2.19e-289	805
KDHFCO_09585	HNNKEJ_00830	62.8	672	234	6	1	664	1	664	4.49e-262	735
KDHFCO_09585	AANGNE_07255	61.5	672	240	7	1	664	1	661	5.40e-255	717
KDHFCO_09585	IAFHMK_03325	59.9	670	259	5	1	664	1	666	2.60e-244	690
KDHFCO_09585	CNLKLD_02755	58.6	679	253	10	1	664	1	666	7.36e-239	676
KDHFCO_09585	PNKCLE_05480	50.6	664	107	2	1	664	1	443	1.26e-195	558
KDHFCO_09585	AECHFI_08085	52.3	333	147	1	344	664	1	333	4.96e-91	285
KDHFCO_09585	BOCCFK_10945	48.4	221	114	0	3	223	1	221	2.24e-62	206
KDHFCO_09585	GNOKMM_04550	41.9	217	126	0	3	219	1	217	5.10e-56	189
KDHFCO_09585	MFAILH_05290	41.8	225	130	1	3	226	1	225	6.63e-53	181
KDHFCO_09585	DIBOGN_07175	42.2	218	119	2	3	220	1	211	1.36e-52	180
KDHFCO_09585	BMKIOK_09960	39.3	219	133	0	3	221	1	219	2.69e-49	171
KDHFCO_09585	LKGJOH_05815	43.7	222	117	4	1	220	1	216	6.75e-49	171
KDHFCO_09585	EIBLCD_04820	38.9	244	144	2	1	240	31	273	6.78e-49	172
KDHFCO_09585	AGKELP_12495	40.9	220	122	5	3	220	1	214	2.82e-46	163
KDHFCO_09585	CMOKEC_11020	38.2	220	135	1	3	221	4	223	4.97e-46	163
KDHFCO_09585	CDIIGJ_08275	41.0	229	124	4	1	225	1	222	9.99e-46	161
KDHFCO_09585	FFEJFE_01290	41.8	220	124	2	3	220	5	222	1.25e-45	162
KDHFCO_09585	AAKGEC_12360	39.0	246	139	7	4	244	7	246	2.00e-45	161
KDHFCO_09585	AMLBPA_06185	38.4	232	137	2	4	234	5	231	1.83e-44	158
KDHFCO_09585	ABCLFC_10095	40.4	218	127	2	2	218	3	218	3.82e-44	157
KDHFCO_09585	OFBCLB_01040	39.4	216	125	3	4	218	3	213	8.64e-44	156
KDHFCO_09585	AAKGEC_12175	37.2	242	140	7	3	241	5	237	2.31e-43	155
KDHFCO_09590	AAKGEC_11450	93.9	214	13	0	1	214	1	214	9.46e-138	384
KDHFCO_09590	IAFHMK_03335	69.9	206	62	0	1	206	1	206	1.98e-99	286
KDHFCO_09595	ABNNBP_10165	100	120	0	0	1	120	1	120	8.13e-82	234
KDHFCO_09600	ACPHPF_09350	97.5	81	2	0	1	81	121	201	2.64e-54	167
KDHFCO_09605	NGAPDN_04410	94.0	580	35	0	5	584	11	590	0.0	1021
KDHFCO_09605	IAFHMK_03340	69.4	578	176	1	7	583	17	594	2.47e-286	791
KDHFCO_09605	CNLKLD_02765	70.4	577	169	2	6	580	20	596	4.70e-285	788
KDHFCO_09605	AANGNE_01510	67.5	573	186	0	11	583	8	580	5.99e-272	754
KDHFCO_09605	FJJMED_07175	30.5	581	388	5	13	579	159	737	2.72e-79	264
KDHFCO_09605	EOHHJN_03385	31.0	548	374	3	36	580	22	568	2.49e-77	255
KDHFCO_09605	HNNKEJ_11875	30.7	512	327	3	95	579	123	633	2.98e-71	240
KDHFCO_09605	IAFHMK_09940	32.3	483	314	5	98	572	111	588	2.03e-63	218
KDHFCO_09605	EMAPBM_09015	29.5	488	339	3	95	579	110	595	1.03e-58	206
KDHFCO_09605	HNNKEJ_12255	28.0	490	338	7	100	579	220	704	2.85e-57	204
KDHFCO_09605	AANGNE_08905	27.1	490	342	6	100	579	209	693	3.49e-53	192
KDHFCO_09605	DDDLLA_07465	28.0	497	334	11	92	574	81	567	1.75e-52	189
KDHFCO_09605	OFBCLB_00055	27.3	572	399	9	11	574	149	711	6.00e-50	183
KDHFCO_09605	ABNNBP_02275	24.2	488	362	5	100	581	86	571	1.10e-48	178
KDHFCO_09605	LBKFJK_02080	27.8	497	325	9	101	573	109	595	8.98e-48	176
KDHFCO_09605	DNKGCI_10680	25.2	493	354	7	99	581	85	572	1.02e-47	175
KDHFCO_09605	EMAPBM_09010	26.6	488	342	7	101	579	88	568	1.12e-47	175
KDHFCO_09605	AMLBPA_01235	27.7	575	393	9	11	574	166	728	3.54e-47	176
KDHFCO_09605	DDDLLA_07570	27.1	487	348	4	90	574	231	712	1.71e-45	171
KDHFCO_09605	AAKGEC_01790	26.0	496	346	9	92	574	81	568	3.48e-45	168
KDHFCO_09605	AAOIOD_04820	26.5	574	402	9	14	578	153	715	1.98e-44	167
KDHFCO_09605	PLIDEH_04110	35.8	265	165	3	318	579	455	717	2.46e-44	167
KDHFCO_09605	AMDFJK_02110	27.7	495	340	6	92	577	226	711	3.58e-44	167
KDHFCO_09605	AMFMEJ_11100	25.7	474	343	6	109	579	236	703	7.45e-43	163
KDHFCO_09605	JFFJEL_12155	26.7	562	379	12	28	574	153	696	9.89e-43	162
KDHFCO_09610	KPPIIN_06725	83.9	112	18	0	1	112	112	223	4.04e-65	196
KDHFCO_09610	CDIIGJ_03755	70.3	111	33	0	1	111	113	223	2.64e-51	160
KDHFCO_09610	CNLKLD_08065	69.1	110	34	0	1	110	113	222	4.30e-50	157
KDHFCO_09610	HNNKEJ_00810	68.8	112	34	1	1	111	113	224	1.78e-49	156
KDHFCO_09615	AAKGEC_11470	78.3	161	35	0	1	161	1	161	8.38e-86	248
KDHFCO_09615	OFBCLB_00445	68.9	161	50	0	1	161	1	161	2.43e-78	229
KDHFCO_09615	HNNKEJ_00805	57.3	157	67	0	1	157	17	173	1.34e-55	172
KDHFCO_09620	CFBGPF_09820	93.9	295	11	1	1	295	1	288	1.94e-180	498
KDHFCO_09620	BGHOFK_08895	66.7	294	91	1	1	294	1	287	1.03e-114	332
KDHFCO_09620	HNNKEJ_00800	61.4	308	105	3	1	295	1	307	9.12e-113	327
KDHFCO_09620	IAFHMK_03345	60.6	236	91	1	1	236	1	234	3.36e-82	249
KDHFCO_09620	CDIIGJ_03760	48.6	249	100	5	1	238	1	232	2.71e-58	187
KDHFCO_09620	AANGNE_07260	59.4	155	63	0	1	155	1	155	1.78e-53	173
KDHFCO_09620	CNLKLD_08060	60.0	150	60	0	1	150	1	150	3.18e-53	174
KDHFCO_09620	OFBCLB_10495	47.5	242	98	4	1	236	1	219	9.19e-53	173
KDHFCO_09620	LBKFJK_10105	63.0	146	54	0	1	146	1	146	5.58e-51	167
KDHFCO_09620	CNLKLD_02770	61.5	143	55	0	1	143	1	143	1.65e-50	167
KDHFCO_09620	DNKGCI_06285	49.7	197	90	3	1	191	1	194	4.98e-48	160
KDHFCO_09630	BGHOFK_08890	82.4	573	101	0	1	573	1	573	0.0	909
KDHFCO_09630	AANGNE_07265	71.5	569	161	1	3	571	1	568	2.07e-286	790
KDHFCO_09630	IAFHMK_03360	68.8	571	178	0	1	571	1	571	1.83e-275	762
KDHFCO_09630	DDDLLA_09895	66.5	571	191	0	1	571	1	571	3.94e-265	736
KDHFCO_09630	CNLKLD_02775	66.5	571	190	1	1	571	1	570	7.77e-263	730
KDHFCO_09635	AAKGEC_11490	90.9	562	51	0	1	562	15	576	0.0	968
KDHFCO_09635	IAFHMK_03365	70.4	554	163	1	2	554	16	569	3.60e-271	751
KDHFCO_09635	CJHCCN_00570	66.5	552	185	0	3	554	17	568	1.37e-259	721
KDHFCO_09635	CNLKLD_02780	66.1	555	185	1	3	554	17	571	1.15e-253	706
KDHFCO_09635	DDDLLA_09900	63.3	553	202	1	3	554	17	569	4.93e-240	672
KDHFCO_09635	AAOIOD_04820	31.0	407	260	11	154	551	321	715	1.23e-39	153
KDHFCO_09635	DDDLLA_07570	27.9	419	279	9	141	548	307	713	4.14e-39	152
KDHFCO_09635	AMLBPA_01235	27.0	518	350	13	44	548	227	729	1.49e-38	150
KDHFCO_09640	AAKGEC_11495	95.5	331	15	0	1	331	1	331	2.23e-224	612
KDHFCO_09640	AANGNE_07275	73.1	331	89	0	1	331	1	331	2.00e-167	468
KDHFCO_09640	CNLKLD_02800	68.7	339	98	1	1	331	1	339	9.25e-161	452
KDHFCO_09645	HNNKEJ_00775	82.5	473	80	1	1	470	1	473	9.48e-294	801
KDHFCO_09645	DNKGCI_06265	73.4	473	119	3	1	471	1	468	9.16e-254	700
KDHFCO_09645	CNLKLD_02805	67.0	494	139	3	1	470	1	494	3.73e-240	666
KDHFCO_09645	IAFHMK_03375	67.2	482	145	3	3	471	9	490	6.04e-240	665
KDHFCO_09650	HNNKEJ_00770	89.5	497	52	0	1	497	4	500	0.0	886
KDHFCO_09655	ACPHPF_09410	100	99	0	0	1	99	7	105	8.38e-63	189
KDHFCO_09665	ABCLFC_03890	98.8	85	1	0	1	85	1	85	1.28e-55	166
KDHFCO_09670	AAKGEC_11510	83.5	599	99	0	1	599	1	599	0.0	1073
KDHFCO_09670	HNNKEJ_00765	74.7	600	152	0	1	600	1	600	0.0	973
KDHFCO_09670	IAFHMK_03385	70.1	596	178	0	1	596	1	596	0.0	912
KDHFCO_09670	BGHOFK_08865	68.2	600	191	0	1	600	1	600	0.0	891
KDHFCO_09670	DDKKPM_05595	66.4	598	201	0	1	598	17	614	2.14e-312	858
KDHFCO_09670	DNKGCI_03385	65.3	600	208	0	1	600	1	600	2.19e-309	850
KDHFCO_09670	CNLKLD_04495	62.9	599	222	0	1	599	1	599	3.20e-297	819
KDHFCO_09670	BNBIEO_04325	30.0	547	304	22	51	567	67	564	1.17e-64	222
KDHFCO_09670	LBKFJK_00575	30.4	490	258	18	100	548	95	542	1.47e-62	216
KDHFCO_09670	CNLKLD_07865	30.0	424	236	13	114	513	130	516	1.33e-56	200
KDHFCO_09675	JAPIMJ_02335	78.1	798	175	0	1	798	1	798	0.0	1285
KDHFCO_09680	NAFEBK_01195	84.7	478	73	0	1	478	29	506	1.91e-309	841
KDHFCO_09680	EIKFFD_06860	69.3	479	147	0	1	479	1	479	8.49e-254	699
KDHFCO_09680	OFBCLB_08215	68.1	479	152	1	1	478	1	479	9.74e-250	689
KDHFCO_09680	CNLKLD_04485	67.7	480	153	2	1	479	1	479	9.32e-243	671
KDHFCO_09685	LACCIH_04975	92.6	379	28	0	1	379	1	379	4.45e-256	697
KDHFCO_09685	IAFHMK_03400	69.1	379	117	0	1	379	1	379	1.52e-198	551
KDHFCO_09685	DNKGCI_03370	69.1	379	116	1	1	379	1	378	2.30e-195	543
KDHFCO_09685	BLIMPP_10925	65.0	374	131	0	1	374	1	374	4.86e-178	499
KDHFCO_09685	CNLKLD_04480	55.7	384	165	4	1	379	1	384	2.42e-141	406
KDHFCO_09690	HNNKEJ_00745	92.7	381	27	1	1	380	1	381	3.49e-246	672
KDHFCO_09690	DBJPJM_10030	80.6	129	25	0	169	297	11	139	1.31e-69	218
KDHFCO_09695	AAKGEC_11535	86.5	460	62	0	1	460	208	667	2.00e-315	862
KDHFCO_09695	CDIIGJ_03820	79.9	458	92	0	1	458	209	666	2.46e-288	793
KDHFCO_09695	IAFHMK_03410	73.0	459	124	0	1	459	210	668	1.51e-263	731
KDHFCO_09695	DNKGCI_03360	72.3	459	127	0	1	459	209	667	4.55e-260	722
KDHFCO_09695	BIHALF_00070	71.8	458	129	0	1	458	210	667	6.23e-260	721
KDHFCO_09695	LBKFJK_00350	70.2	459	137	0	1	459	209	667	1.64e-255	710
KDHFCO_09695	DDDLLA_08065	70.3	458	136	0	1	458	210	667	5.77e-255	709
KDHFCO_09695	LBKFJK_05090	66.5	460	152	2	1	459	211	669	2.05e-235	659
KDHFCO_09705	BAFDFF_09595	100	201	0	0	1	201	1	201	9.20e-144	405
KDHFCO_09705	DANMKC_05690	100	125	0	0	75	199	127	251	7.99e-86	253
KDHFCO_09705	BJNLFJ_00015	58.2	201	84	0	1	201	1	201	4.85e-83	250
KDHFCO_09705	GIODPP_08930	56.7	201	85	1	1	201	1	199	1.48e-78	239
KDHFCO_09705	BPPLAM_03680	55.2	201	90	0	1	201	1	201	1.49e-77	237
KDHFCO_09705	FMBBOG_10550	58.9	168	69	0	34	201	1	168	6.52e-70	216
KDHFCO_09710	BAFDFF_09595	98.8	166	2	0	1	166	226	391	1.02e-113	328
KDHFCO_09710	ABCBPP_12920	50.3	165	82	0	1	165	90	254	2.32e-51	164
KDHFCO_09710	GIODPP_08930	49.7	165	82	1	1	165	224	387	9.81e-49	161
KDHFCO_09710	FMBBOG_10550	48.2	164	84	1	1	164	193	355	6.39e-46	153
KDHFCO_09710	BPPLAM_03680	47.6	164	86	0	1	164	226	389	4.13e-45	152
KDHFCO_09715	AAKGEC_11535	79.5	195	40	0	1	195	1	195	9.49e-108	322
KDHFCO_09715	CDIIGJ_03820	67.5	197	64	0	2	198	1	197	2.21e-92	283
KDHFCO_09715	IAFHMK_03410	63.5	192	70	0	6	197	5	196	3.48e-83	259
KDHFCO_09715	BIHALF_00070	61.5	192	74	0	6	197	5	196	1.44e-76	241
KDHFCO_09715	LBKFJK_00350	60.0	195	77	1	2	196	1	194	2.06e-76	241
KDHFCO_09715	DNKGCI_03360	55.4	193	86	0	5	197	3	195	2.00e-71	228
KDHFCO_09715	DDDLLA_08065	53.5	200	93	0	2	201	1	200	7.75e-66	213
KDHFCO_09715	DNKGCI_00255	51.5	196	93	2	1	195	1	195	6.25e-65	201
KDHFCO_09715	LBKFJK_05090	52.2	180	86	0	4	183	3	182	6.78e-58	192
KDHFCO_09720	BNFMAL_08360	89.2	324	34	1	1	323	1	324	4.80e-202	555
KDHFCO_09720	HNNKEJ_00735	68.8	324	100	1	1	323	1	324	7.40e-155	436
KDHFCO_09720	IAFHMK_03415	55.7	325	144	0	1	325	1	325	9.82e-127	365
KDHFCO_09720	DNKGCI_03355	53.7	324	149	1	1	324	1	323	4.07e-118	343
KDHFCO_09720	AANGNE_07310	52.5	324	154	0	1	324	1	324	1.21e-112	329
KDHFCO_09720	DDDLLA_08070	50.9	324	158	1	1	324	1	323	4.37e-105	310
KDHFCO_09725	AAKGEC_11545	97.0	133	4	0	1	133	1	133	1.69e-87	250
KDHFCO_09725	CNLKLD_02205	74.6	134	32	2	1	133	1	133	8.74e-65	192
KDHFCO_09730	AAKGEC_11550	98.9	185	2	0	1	185	1	185	2.83e-127	355
KDHFCO_09735	AAKGEC_11555	90.9	352	32	0	1	352	1	352	1.40e-233	637
KDHFCO_09735	LBKFJK_00330	71.3	352	101	0	1	352	1	352	4.58e-186	517
KDHFCO_09735	IAFHMK_03430	70.2	352	104	1	1	352	1	351	4.20e-184	512
KDHFCO_09735	OFBCLB_08250	69.0	352	109	0	1	352	1	352	2.92e-182	508
KDHFCO_09735	DNKGCI_03340	67.0	352	116	0	1	352	1	352	9.21e-179	499
KDHFCO_09735	AANGNE_07325	66.2	352	116	2	1	352	1	349	5.79e-172	481
KDHFCO_09735	CNLKLD_02195	59.9	352	138	3	1	352	1	349	2.49e-154	437
KDHFCO_09735	MMHDPA_07455	59.1	149	34	2	191	338	13	135	6.65e-57	181
KDHFCO_09740	HJMHNM_01905	84.7	294	45	0	1	294	37	330	2.40e-175	487
KDHFCO_09745	ABCLFC_03825	98.4	186	3	0	1	186	1	186	6.42e-129	359
KDHFCO_09745	LEAGNF_12160	68.3	183	54	1	4	186	2	180	1.75e-85	249
KDHFCO_09745	CNLKLD_05500	64.5	186	62	1	1	186	1	182	1.32e-82	242
KDHFCO_09745	IAFHMK_03440	62.0	205	59	3	1	186	1	205	2.97e-81	239
KDHFCO_09745	LBKFJK_00320	63.0	189	66	2	1	186	1	188	3.69e-79	233
KDHFCO_09745	DNKGCI_03330	64.7	187	60	3	4	186	2	186	1.14e-77	229
KDHFCO_09750	BLJABE_10720	99.4	177	1	0	1	177	7	183	2.22e-126	352
KDHFCO_09750	CDIIGJ_03855	71.8	177	50	0	1	177	1	177	9.67e-90	259
KDHFCO_09750	IAFHMK_03445	66.1	177	60	0	1	177	1	177	1.69e-83	243
KDHFCO_09750	HNNKEJ_00700	60.1	168	66	1	1	168	1	167	4.51e-67	202
KDHFCO_09750	DDDLLA_08005	51.2	170	80	2	1	168	1	169	5.92e-57	176
KDHFCO_09750	LBKFJK_00395	48.3	172	88	1	1	171	1	172	3.92e-55	171
KDHFCO_09750	NEBMPO_07225	65.4	127	44	0	1	127	1	127	1.50e-54	168
KDHFCO_09750	JAFLJO_06980	44.8	172	94	1	1	171	1	172	1.29e-48	155
KDHFCO_09755	BGHOFK_08795	81.7	257	47	0	1	257	6	262	2.08e-152	424
KDHFCO_09755	DNKGCI_03325	72.7	253	69	0	1	253	12	264	5.51e-131	370
KDHFCO_09755	CNLKLD_05505	69.9	256	77	0	1	256	1	256	2.68e-126	358
KDHFCO_09755	DDDLLA_02370	67.6	256	83	0	1	256	24	279	7.77e-124	353
KDHFCO_09755	IAFHMK_03455	69.3	257	79	0	1	257	1	257	1.47e-123	351
KDHFCO_09755	DDKKPM_00325	67.1	255	84	0	1	255	7	261	7.81e-120	342
KDHFCO_09760	ABJDJH_05615	98.2	379	7	0	1	379	1	379	1.02e-267	726
KDHFCO_09760	IHNEIG_01865	69.1	379	117	0	1	379	1	379	8.17e-198	549
KDHFCO_09760	BCOINH_00325	45.1	377	199	4	1	374	1	372	8.15e-112	331
KDHFCO_09760	AANGNE_06905	46.0	383	195	3	1	379	1	375	2.22e-111	330
KDHFCO_09760	CJHCCN_02575	45.5	380	197	2	1	377	1	373	1.27e-110	328
KDHFCO_09760	KDEKFF_08860	43.0	386	200	5	1	379	1	373	1.68e-110	327
KDHFCO_09760	AGKELP_11405	44.4	378	198	4	1	374	1	370	1.79e-110	327
KDHFCO_09760	BGLHNG_11310	44.7	378	203	3	1	374	1	376	8.74e-110	326
KDHFCO_09760	HNNKEJ_09750	44.5	382	209	1	1	379	1	382	1.03e-108	323
KDHFCO_09760	AAOIOD_09615	45.6	377	200	3	1	377	1	372	2.26e-108	322
KDHFCO_09760	FFDIKI_07195	43.7	380	207	3	1	377	1	376	1.17e-106	318
KDHFCO_09760	NOKDAP_11390	42.9	378	208	4	1	375	1	373	8.37e-104	310
KDHFCO_09760	AMCIGH_03285	42.2	377	217	1	1	377	1	376	4.90e-103	308
KDHFCO_09760	IAMBHH_05155	40.1	349	199	2	32	377	1	342	6.90e-89	271
KDHFCO_09760	BBKIGO_01800	36.4	393	229	7	1	379	1	386	1.58e-83	259
KDHFCO_09760	CHBPFB_04310	35.1	379	237	3	1	377	1	372	1.07e-80	251
KDHFCO_09760	NOKDAP_10460	35.1	393	234	5	1	378	1	387	1.95e-78	246
KDHFCO_09760	IAFHMK_02855	37.2	382	229	5	1	379	10	383	1.41e-77	243
KDHFCO_09760	ABCLFC_02545	36.7	379	229	4	1	377	1	370	1.31e-75	238
KDHFCO_09760	AIKIDN_11465	38.5	304	183	2	76	377	18	319	1.91e-67	215
KDHFCO_09760	CCDPJE_10235	33.5	391	243	4	1	379	1	386	4.88e-66	214
KDHFCO_09760	ACPHPF_10030	33.0	385	241	6	1	379	1	374	1.73e-62	204
KDHFCO_09760	HNNKEJ_00920	33.9	378	233	7	4	375	4	370	2.08e-58	194
KDHFCO_09760	BOGGMI_07930	35.3	380	225	10	4	375	4	370	3.34e-52	178
KDHFCO_09760	BOCCFK_11655	32.2	394	232	10	1	376	1	377	4.51e-52	177
KDHFCO_09770	ABCBPP_01875	96.3	163	6	0	1	163	1	163	3.85e-112	315
KDHFCO_09770	BIHALF_02495	68.7	163	50	1	1	163	1	162	8.34e-84	243
KDHFCO_09770	AOJAFJ_10540	67.5	163	53	0	1	163	1	163	1.36e-80	235
KDHFCO_09770	KDEKFF_08885	61.6	164	62	1	1	163	1	164	4.71e-72	213
KDHFCO_09770	COBKPA_07825	56.4	163	71	0	1	163	3	165	1.71e-63	192
KDHFCO_09775	IHCKAN_06150	97.6	164	4	0	1	164	13	176	4.44e-112	315
KDHFCO_09775	BIHALF_02490	62.1	161	61	0	1	161	1	161	1.22e-67	202
KDHFCO_09775	AOPEMA_03485	93.9	98	6	0	67	164	181	278	7.12e-60	186
KDHFCO_09780	MKICBC_13355	95.6	90	4	0	1	90	258	347	2.99e-57	179
KDHFCO_09780	HNNKEJ_09790	90.0	90	9	0	1	90	175	264	6.37e-54	167
KDHFCO_09780	ABJDJH_03230	85.6	90	13	0	1	90	252	341	1.91e-49	158
KDHFCO_09785	DFPFAH_04660	98.9	91	1	0	1	91	113	203	8.38e-57	173
KDHFCO_09785	GIPIII_01620	97.8	91	2	0	1	91	75	165	1.49e-56	171
KDHFCO_09785	ABNNBP_10745	100	91	0	0	1	91	182	272	1.58e-56	174
KDHFCO_09785	FFPGDJ_10745	96.7	91	3	0	1	91	97	187	8.43e-56	170
KDHFCO_09790	BLCAGE_08900	96.5	198	7	0	1	198	75	272	2.10e-137	387
KDHFCO_09790	MHGLEN_14120	95.2	186	9	0	1	186	36	221	2.39e-125	361
KDHFCO_09790	DPMHNO_11055	95.5	176	8	0	88	263	1	176	4.36e-119	338
KDHFCO_09790	FCNDOE_00480	71.4	196	56	0	1	196	74	269	1.41e-101	296
KDHFCO_09790	OFBCLB_00125	74.1	197	51	0	1	197	78	274	6.10e-101	295
KDHFCO_09790	BGHOFK_10420	66.1	189	64	0	1	189	20	208	7.50e-84	249
KDHFCO_09790	MILJBE_11495	96.3	109	4	0	90	198	65	173	3.21e-72	218
KDHFCO_09790	DAEIAJ_02250	61.1	198	5	1	1	198	75	200	7.22e-70	213
KDHFCO_09790	DICHKL_07830	93.5	93	6	0	122	214	4	96	9.35e-59	184
KDHFCO_09790	OBFACL_14235	66.0	162	44	5	40	198	73	226	3.46e-58	184
KDHFCO_09795	OBFACL_08170	99.6	272	1	0	1	272	1	272	8.61e-197	540
KDHFCO_09795	KPPIIN_12125	94.1	152	9	0	81	232	1	152	1.10e-99	290
KDHFCO_09795	BOKGIH_10420	100	110	0	0	156	265	1	110	1.28e-73	222
KDHFCO_09795	AHPAPB_10090	38.1	270	164	2	7	276	31	297	1.85e-52	172
KDHFCO_09795	FAAIHB_09795	36.9	263	164	2	14	275	4	265	1.21e-49	164
KDHFCO_09795	ACPHPF_04690	38.2	259	156	3	18	275	26	281	3.72e-49	164
KDHFCO_09795	DPMHNO_00280	97.4	78	2	0	1	78	22	99	1.75e-46	150
KDHFCO_09795	JOBCMP_04985	37.7	268	158	5	13	276	15	277	1.93e-46	156
KDHFCO_09795	OMDMHF_02850	37.2	269	161	5	14	275	3	270	2.17e-45	154
KDHFCO_09800	ABCLFC_09420	96.4	193	7	0	1	193	1	193	1.51e-135	376
KDHFCO_09800	ACPHPF_03990	96.3	160	6	0	34	193	287	446	1.76e-106	312
KDHFCO_09800	BGHOFK_03055	72.3	188	52	0	1	188	1	188	5.53e-98	281
KDHFCO_09800	HNNKEJ_02715	48.9	182	90	1	1	179	1	182	1.87e-53	168
KDHFCO_09805	PMFGFO_03920	100	216	0	0	1	216	1	216	1.58e-147	409
KDHFCO_09810	AAKGEC_12585	100	253	0	0	1	253	1	253	4.06e-181	496
KDHFCO_09810	AAKGEC_12580	59.7	253	101	1	2	253	17	269	6.68e-105	304
KDHFCO_09810	AAKGEC_12175	37.1	248	145	5	4	249	3	241	4.22e-48	159
KDHFCO_09815	AAKGEC_12580	98.5	269	4	0	1	269	1	269	5.15e-192	525
KDHFCO_09815	AAKGEC_12585	59.7	253	101	1	17	269	2	253	2.35e-103	300
KDHFCO_09815	AAKGEC_12175	37.6	237	137	4	31	265	14	241	6.24e-49	161
KDHFCO_09820	DFCDFN_03955	90.6	299	26	1	1	297	1	299	1.34e-181	501
KDHFCO_09825	AAKGEC_12570	99.3	307	2	0	1	307	1	307	2.75e-206	565
KDHFCO_09830	CDIIGJ_05510	87.6	274	34	0	1	274	10	283	5.86e-173	478
KDHFCO_09830	ACDDAG_06930	71.1	273	79	0	2	274	11	283	5.02e-137	387
KDHFCO_09830	CNLKLD_05960	64.4	284	87	2	1	270	11	294	1.60e-122	351
KDHFCO_09830	CPLMAE_13345	65.6	160	54	1	114	272	1	160	4.34e-71	215
KDHFCO_09830	FLCEDE_06845	58.8	148	47	1	1	134	10	157	1.58e-52	168
KDHFCO_09830	FLCEDE_06840	61.3	124	47	1	148	270	1	124	2.17e-47	154
KDHFCO_09835	CNLKLD_05960	75.1	297	72	1	2	298	3	297	9.94e-149	418
KDHFCO_09835	CDIIGJ_05510	60.7	298	99	3	1	297	1	281	4.96e-122	350
KDHFCO_09835	ACDDAG_06930	59.8	296	103	2	1	296	1	280	2.69e-119	343
KDHFCO_09835	CPLMAE_13345	96.9	161	5	0	138	298	1	161	1.13e-108	311
KDHFCO_09835	FLCEDE_06845	73.4	158	41	1	1	158	1	157	1.50e-69	213
KDHFCO_09835	FLCEDE_06840	70.9	127	37	0	172	298	1	127	6.39e-58	181
KDHFCO_09840	AAKGEC_12555	98.7	155	2	0	1	155	1	155	3.10e-105	296
KDHFCO_09845	ABCLFC_09465	100	100	0	0	1	100	1	100	9.22e-74	213
KDHFCO_09850	ABCLFC_09470	97.5	203	5	0	1	203	1	203	8.01e-145	400
KDHFCO_09850	HNNKEJ_06650	67.0	203	67	0	1	203	1	203	3.37e-98	283
KDHFCO_09855	ABCLFC_09475	95.7	187	8	0	1	187	1	187	3.30e-127	355
KDHFCO_09855	CDIIGJ_05525	72.7	187	51	0	1	187	1	187	1.26e-99	285
KDHFCO_09855	CMMBIF_09905	71.9	178	50	0	1	178	1	178	8.29e-91	263
KDHFCO_09855	AGKELP_00270	65.8	184	36	1	1	184	1	157	1.20e-79	233
KDHFCO_09855	HNNKEJ_09530	61.5	182	67	2	1	182	1	179	1.60e-73	219
KDHFCO_09855	IAFHMK_08040	54.9	184	80	1	1	184	1	181	4.08e-69	207
KDHFCO_09855	DNKGCI_09040	56.0	184	78	1	1	184	1	181	1.53e-67	204
KDHFCO_09860	CDIIGJ_05530	89.4	872	91	1	1	871	1	872	0.0	1538
KDHFCO_09865	BCFLNJ_06485	91.9	308	24	1	1	308	1	307	3.58e-177	491
KDHFCO_09865	DNKGCI_03440	69.2	308	90	3	1	306	1	305	1.00e-129	371
KDHFCO_09865	BEIAAA_04365	60.4	303	117	1	1	303	18	317	4.15e-110	322
KDHFCO_09865	BDEBFB_10180	58.1	308	88	3	1	305	1	270	1.33e-99	293
KDHFCO_09865	CNLKLD_00110	55.2	306	133	2	1	306	1	302	5.59e-97	288
KDHFCO_09865	DBFGIH_10165	47.6	296	148	3	8	303	8	296	2.67e-77	237
KDHFCO_09870	DNKGCI_03435	75.0	236	48	1	4	228	8	243	1.56e-120	342
KDHFCO_09870	IAFHMK_01235	71.3	223	64	0	4	226	8	230	1.65e-111	319
KDHFCO_09870	ALLEOD_04000	99.3	145	1	0	1	145	1	145	9.61e-98	281
KDHFCO_09875	AAKGEC_12530	86.0	601	84	0	1	601	1	601	0.0	1024
KDHFCO_09875	EIKFFD_03850	73.1	602	159	3	1	601	1	600	6.03e-319	874
KDHFCO_09875	DNKGCI_03430	68.2	601	191	0	1	601	1	601	5.98e-303	834
KDHFCO_09875	CNLKLD_00120	67.5	603	192	2	1	600	1	602	2.02e-285	790
KDHFCO_09875	FMBBOG_01950	73.6	440	116	0	1	440	1	440	6.82e-229	640
KDHFCO_09875	EAKCFB_12480	83.3	221	37	0	1	221	1	221	6.50e-118	355
KDHFCO_09880	FHONGL_09935	99.6	239	1	0	1	239	1	239	3.64e-177	485
KDHFCO_09880	EHLNLG_07885	74.1	239	62	0	1	239	89	327	9.45e-130	369
KDHFCO_09880	HNNKEJ_06685	64.7	232	82	0	1	232	89	320	1.03e-109	318
KDHFCO_09880	CDIIGJ_05550	60.7	239	94	0	1	239	111	349	2.79e-100	295
KDHFCO_09880	IAFHMK_01245	58.1	229	96	0	1	229	89	317	2.55e-99	291
KDHFCO_09880	DHALJH_08185	55.1	236	106	0	1	236	89	324	1.14e-92	275
KDHFCO_09880	EIKFFD_03855	52.7	239	112	1	1	238	87	325	8.40e-85	255
KDHFCO_09880	JAFLJO_03000	51.7	236	110	2	1	232	55	290	1.22e-80	243
KDHFCO_09880	AANGNE_02355	51.1	233	112	2	1	232	87	318	7.22e-78	237
KDHFCO_09880	BNBIEO_03120	51.0	241	113	3	1	238	96	334	9.44e-78	237
KDHFCO_09880	LBKFJK_00415	48.8	244	119	3	1	238	101	344	4.98e-76	233
KDHFCO_09880	DDDLLA_07980	51.3	232	109	3	1	229	87	317	3.98e-74	227
KDHFCO_09880	CNLKLD_00125	46.0	237	127	1	1	237	86	321	3.38e-71	220
KDHFCO_09880	BCFLNJ_14400	57.3	143	60	1	96	238	1	142	1.39e-49	159
KDHFCO_09885	EBGJEB_11835	89.8	354	36	0	1	354	1	354	6.16e-228	625
KDHFCO_09885	HNNKEJ_06690	69.9	356	106	1	6	361	7	361	8.94e-179	499
KDHFCO_09885	BNBIEO_03960	63.0	351	129	1	6	356	12	361	3.53e-153	435
KDHFCO_09885	IAFHMK_01250	59.6	359	132	4	13	360	12	368	1.56e-140	403
KDHFCO_09885	DDDLLA_07985	58.5	359	139	3	5	354	4	361	6.29e-140	401
KDHFCO_09885	LBKFJK_00410	56.9	364	141	4	4	354	3	363	2.16e-135	390
KDHFCO_09885	DNKGCI_03420	58.7	361	126	6	7	352	5	357	6.18e-134	386
KDHFCO_09885	AANGNE_02350	57.8	339	131	5	22	351	20	355	7.38e-126	365
KDHFCO_09885	CNLKLD_00130	54.8	345	146	3	14	350	12	354	5.75e-120	350
KDHFCO_09885	NEHKFL_08280	51.4	333	147	6	28	352	26	351	3.12e-106	315
KDHFCO_09890	CDIIGJ_05560	74.5	282	71	1	1	282	1	281	8.17e-154	430
KDHFCO_09890	KFHBHO_02885	73.9	280	73	0	1	280	1	280	4.21e-151	423
KDHFCO_09890	JAFLJO_06505	55.8	267	114	2	18	282	24	288	6.99e-107	311
KDHFCO_09890	OFBCLB_09900	58.1	248	102	1	35	282	42	287	8.99e-105	306
KDHFCO_09890	LBKFJK_01720	58.8	245	99	1	38	282	50	292	4.30e-104	304
KDHFCO_09890	CNLKLD_06300	54.9	268	119	1	15	282	22	287	3.93e-101	296
KDHFCO_09890	ELEKDE_03530	44.1	245	135	2	39	282	61	304	1.39e-69	217
KDHFCO_09890	AGINCK_10145	43.4	244	136	2	39	281	76	318	1.95e-67	212
KDHFCO_09890	AIGDEK_08925	45.3	247	129	3	39	282	69	312	1.27e-66	209
KDHFCO_09890	KGIGEE_01580	42.6	244	138	2	39	281	87	329	3.37e-65	206
KDHFCO_09890	DDKKPM_03305	40.2	249	144	3	39	282	34	282	4.45e-65	204
KDHFCO_09890	AAKGEC_10130	42.6	244	138	2	39	281	86	328	2.30e-62	199
KDHFCO_09890	BGHOFK_07330	39.9	258	149	4	28	281	49	304	1.03e-58	189
KDHFCO_09890	CGMKCF_08380	41.0	244	141	3	39	281	2	243	2.50e-58	186
KDHFCO_09890	AANGNE_04830	38.5	247	148	2	39	281	64	310	1.35e-56	184
KDHFCO_09890	JAFLJO_02365	36.9	244	151	3	39	281	66	307	2.57e-48	162
KDHFCO_09895	AAKGEC_12510	99.6	473	2	0	1	473	1	473	0.0	871
KDHFCO_09900	BGHOFK_03150	89.2	278	30	0	1	278	1	278	1.49e-185	510
KDHFCO_09900	CNLKLD_00140	71.3	272	73	2	7	274	5	275	1.45e-140	396
KDHFCO_09905	AAKGEC_12500	97.3	256	7	0	1	256	1	256	6.50e-184	504
KDHFCO_09910	LKBOJM_07645	97.6	490	11	1	1	490	1	489	0.0	954
KDHFCO_09915	AAKGEC_12490	88.5	226	26	0	1	226	1	226	3.37e-142	396
KDHFCO_09915	CNLKLD_00160	69.2	227	69	1	1	226	1	227	7.83e-109	311
KDHFCO_09915	DDDLLA_08020	60.8	227	87	1	1	227	1	225	8.49e-96	278
KDHFCO_09920	BGHOFK_03155	86.0	236	33	0	1	236	1	236	1.60e-136	382
KDHFCO_09920	IAFHMK_01270	70.2	238	68	2	1	237	1	236	3.91e-104	300
KDHFCO_09920	LBKFJK_00390	71.1	235	65	2	4	237	1	233	1.92e-101	293
KDHFCO_09920	CNLKLD_00175	67.8	233	73	1	5	237	3	233	1.72e-97	283
KDHFCO_09920	CJHCCN_05150	52.1	234	110	1	6	237	2	235	2.00e-77	233
KDHFCO_09925	NCBCII_09180	94.0	300	18	0	1	300	1	300	6.43e-201	551
KDHFCO_09925	CDIIGJ_05600	69.9	302	88	1	1	302	1	299	8.65e-148	417
KDHFCO_09930	AAKGEC_12475	98.2	170	3	0	1	170	1	170	3.03e-126	351
KDHFCO_09930	AANGNE_02315	72.4	163	45	0	1	163	3	165	1.25e-86	251
KDHFCO_09930	CNLKLD_00180	66.9	163	54	0	1	163	1	163	4.12e-83	242
KDHFCO_09940	HNNKEJ_06745	78.0	853	149	6	1	833	1	834	0.0	1279
KDHFCO_09940	IAFHMK_01290	73.1	835	202	5	1	833	2	815	0.0	1180
KDHFCO_09940	DNKGCI_06255	72.3	835	212	5	1	833	1	818	0.0	1175
KDHFCO_09940	ACDDAG_06825	70.5	835	219	3	1	831	1	812	0.0	1141
KDHFCO_09940	CNLKLD_00190	66.3	826	235	8	8	831	9	793	0.0	1043
KDHFCO_09940	NHHNJB_05685	89.4	433	45	1	402	833	1	433	6.87e-267	745
KDHFCO_09945	AAKGEC_12460	94.4	197	11	0	1	197	1	197	3.39e-134	373
KDHFCO_09945	DNKGCI_06250	65.0	197	69	0	1	197	1	197	1.67e-93	270
KDHFCO_09945	CNLKLD_00195	68.5	197	62	0	1	197	1	197	3.77e-92	267
KDHFCO_09945	AANGNE_02300	67.7	198	63	1	1	197	1	198	5.54e-92	266
KDHFCO_09945	DDDLLA_09930	67.0	197	65	0	1	197	1	197	1.53e-91	265
KDHFCO_09945	IAFHMK_01295	68.0	197	61	1	1	195	1	197	2.49e-91	265
KDHFCO_09950	AAKGEC_12455	86.7	279	37	0	1	279	1	279	5.08e-172	476
KDHFCO_09950	BGHOFK_03185	69.9	279	84	0	1	279	1	279	2.15e-136	385
KDHFCO_09950	IAFHMK_01300	65.1	275	91	2	1	274	1	271	1.67e-115	332
KDHFCO_09950	HNNKEJ_06755	62.3	276	100	1	1	276	5	276	1.75e-113	327
KDHFCO_09950	DNKGCI_06245	59.5	274	107	1	1	274	1	270	3.17e-106	309
KDHFCO_09950	LBKFJK_10145	58.8	274	109	1	1	274	1	270	8.46e-106	308
KDHFCO_09950	OFBCLB_10450	58.8	274	109	1	1	274	1	270	2.28e-101	296
KDHFCO_09955	AAKGEC_12450	86.3	161	22	0	1	161	1	161	7.04e-94	268
KDHFCO_09955	CDIIGJ_05635	70.0	160	48	0	1	160	1	160	6.33e-74	218
KDHFCO_09955	HNNKEJ_06760	61.3	160	61	1	1	160	1	159	9.87e-64	192
KDHFCO_09955	BGHOFK_03190	61.0	159	62	0	1	159	1	159	6.59e-62	187
KDHFCO_09955	IAFHMK_01305	55.1	156	69	1	1	155	1	156	9.41e-53	164
KDHFCO_09955	AANGNE_02295	50.9	159	76	2	1	157	1	159	3.40e-47	150
KDHFCO_09960	BGHOFK_03195	76.8	426	99	0	1	426	1	426	6.55e-223	617
KDHFCO_09960	HNNKEJ_06770	73.3	431	110	3	1	429	1	428	3.48e-215	597
KDHFCO_09960	CNLKLD_00205	65.4	428	144	2	1	426	1	426	2.50e-189	532
KDHFCO_09960	ACDDAG_06810	62.1	430	158	3	1	428	1	427	1.01e-175	498
KDHFCO_09965	AAKGEC_12440	87.6	354	44	0	1	354	1	354	1.03e-220	605
KDHFCO_09965	CDIIGJ_05645	73.1	353	95	0	1	353	1	353	5.59e-181	504
KDHFCO_09965	HNNKEJ_06780	71.4	353	101	0	1	353	1	353	1.44e-176	493
KDHFCO_09965	IAFHMK_01320	68.7	355	109	1	1	353	8	362	3.86e-168	473
KDHFCO_09965	BGHOFK_03200	66.3	353	119	0	1	353	1	353	1.63e-166	468
KDHFCO_09965	DNKGCI_06195	65.4	355	120	2	1	353	1	354	5.98e-155	439
KDHFCO_09965	LBKFJK_10170	63.1	355	128	2	1	353	5	358	2.15e-151	430
KDHFCO_09965	DDDLLA_09960	61.4	355	134	2	1	353	1	354	3.86e-146	416
KDHFCO_09970	AAKGEC_12435	88.3	291	34	0	1	291	1	291	1.36e-182	503
KDHFCO_09970	IAFHMK_01325	64.7	292	101	1	1	290	1	292	1.21e-135	385
KDHFCO_09970	LBKFJK_10175	64.0	292	103	1	1	290	1	292	6.23e-131	373
KDHFCO_09970	OFBCLB_10425	62.0	292	109	1	1	290	1	292	4.92e-130	370
KDHFCO_09970	DNKGCI_06190	62.3	292	108	1	1	290	1	292	1.89e-127	364
KDHFCO_09970	AANGNE_02280	61.0	287	110	2	5	290	8	293	6.50e-119	342
KDHFCO_09970	BEIAAA_04280	61.3	287	109	2	5	290	8	293	5.99e-117	344
KDHFCO_09970	CNLKLD_00210	53.3	289	130	4	6	290	6	293	1.64e-104	306
KDHFCO_09975	CDIIGJ_05655	82.6	224	35	2	1	223	1	221	1.09e-124	351
KDHFCO_09975	CNLKLD_00215	68.2	223	63	2	1	223	1	215	1.74e-101	292
KDHFCO_09980	ILDBOH_09110	77.1	354	33	1	1	354	1	306	1.08e-185	514
KDHFCO_09980	BGHOFK_03215	70.3	354	104	1	1	354	1	353	6.79e-175	489
KDHFCO_09980	HNNKEJ_06795	67.4	350	113	1	1	350	1	349	1.93e-162	457
KDHFCO_09980	IAMBHH_08305	63.8	348	124	2	1	348	4	349	8.49e-149	423
KDHFCO_09980	DDDLLA_04515	55.4	354	152	3	3	353	2	352	4.11e-120	350
KDHFCO_09985	BAFDFF_03625	98.2	562	10	0	1	562	108	669	0.0	1006
KDHFCO_09985	BGHOFK_03220	66.7	562	183	2	1	562	108	665	2.05e-241	679
KDHFCO_09985	CDIIGJ_05665	61.9	567	203	6	1	562	108	666	2.12e-216	615
KDHFCO_09985	HNNKEJ_06815	59.9	563	219	4	1	562	108	664	2.77e-211	602
KDHFCO_09985	CJHCCN_01400	55.4	565	243	5	1	562	108	666	1.52e-190	549
KDHFCO_09985	AGDPFD_04140	54.9	563	243	7	1	562	108	660	5.52e-184	532
KDHFCO_09985	IAFHMK_01335	55.2	567	232	9	1	562	108	657	6.18e-177	514
KDHFCO_09985	LBKFJK_10185	49.7	576	262	7	1	562	109	670	2.38e-163	480
KDHFCO_09985	BNBIEO_03250	49.7	563	266	6	1	562	108	654	1.52e-160	472
KDHFCO_09985	DNKGCI_06180	50.9	562	252	9	1	562	109	646	7.36e-159	468
KDHFCO_09985	OFBCLB_10410	48.9	569	257	10	1	562	109	650	6.86e-152	450
KDHFCO_09985	CNLKLD_01660	44.7	562	294	7	1	562	108	652	2.08e-133	402
KDHFCO_09985	AKOOIJ_03560	39.6	556	316	8	12	561	147	688	2.26e-114	355
KDHFCO_09985	DCLJAL_04550	67.8	121	39	0	1	121	108	228	6.80e-44	157
KDHFCO_09990	ABNNBP_10545	100	103	0	0	1	103	1	103	3.72e-61	181
KDHFCO_09995	EIBLCD_04820	87.4	254	32	0	1	254	29	282	7.56e-152	424
KDHFCO_09995	CMOKEC_11020	52.0	229	106	2	15	239	12	240	1.69e-76	232
KDHFCO_09995	BMKIOK_09960	43.1	218	122	1	2	219	1	216	4.42e-55	176
KDHFCO_09995	BOCCFK_10945	40.9	225	130	3	8	230	4	227	9.25e-54	173
KDHFCO_09995	DFJEHO_03950	41.7	218	125	1	2	219	3	218	3.30e-50	174
KDHFCO_09995	IAFHMK_03325	40.8	218	127	1	2	219	3	218	3.37e-50	174
KDHFCO_09995	HNNKEJ_00830	40.9	220	128	1	2	221	3	220	4.57e-50	173
KDHFCO_09995	AANGNE_07255	41.3	218	126	1	2	219	3	218	6.14e-50	173
KDHFCO_09995	CNLKLD_02755	43.2	213	120	1	8	219	6	218	1.24e-49	172
KDHFCO_09995	PNKCLE_05480	40.8	218	127	1	2	219	3	218	1.69e-49	168
KDHFCO_09995	CEPOIM_07510	41.3	218	126	1	2	219	3	218	2.31e-49	171
KDHFCO_09995	GNOKMM_04550	39.2	222	125	3	2	219	1	216	1.25e-48	159
KDHFCO_09995	ACNHAK_01800	41.3	218	126	1	2	219	3	218	1.66e-48	169
KDHFCO_09995	FFEJFE_01290	39.1	225	135	1	1	225	4	226	4.82e-48	159
KDHFCO_09995	OFBCLB_01040	38.3	222	129	3	1	221	1	215	2.87e-47	156
KDHFCO_09995	AGKELP_12495	35.6	219	133	3	2	219	1	212	1.02e-45	152
KDHFCO_09995	MFAILH_05290	37.1	221	136	2	2	221	1	219	2.20e-45	151
KDHFCO_10005	AAKGEC_12405	78.2	119	25	1	1	118	1	119	2.40e-62	185
KDHFCO_10010	AAKGEC_12400	96.1	388	15	0	1	388	1	388	1.76e-268	729
KDHFCO_10015	KJOAFL_00505	80.8	198	38	0	1	198	1	198	1.37e-113	322
KDHFCO_10015	CDIIGJ_05700	67.0	197	65	0	1	197	1	197	1.16e-91	266
KDHFCO_10015	HNNKEJ_06850	64.6	198	70	0	1	198	1	198	3.15e-89	259
KDHFCO_10015	BGHOFK_03245	57.6	198	84	0	1	198	1	198	1.01e-77	231
KDHFCO_10015	DNKIME_02755	58.1	198	83	0	1	198	1	198	2.54e-75	224
KDHFCO_10015	JAFLJO_01080	57.7	196	83	0	1	196	1	196	2.00e-74	222
KDHFCO_10020	AAKGEC_12390	91.4	198	17	0	1	198	1	198	2.45e-128	358
KDHFCO_10020	DNKGCI_06150	67.2	198	61	1	1	198	12	205	3.53e-95	275
KDHFCO_10020	BGHOFK_03250	62.8	199	74	0	1	199	1	199	5.88e-90	261
KDHFCO_10020	CDIIGJ_05705	62.8	199	74	0	1	199	1	199	1.65e-87	255
KDHFCO_10020	AANGNE_02245	63.1	198	70	1	1	198	1	195	9.66e-86	251
KDHFCO_10020	DDDLLA_09540	62.1	198	71	1	1	198	6	199	7.38e-84	246
KDHFCO_10020	HNNKEJ_06855	57.0	221	72	2	1	198	1	221	8.81e-83	244
KDHFCO_10020	IAFHMK_01370	59.6	198	78	1	1	198	1	196	1.25e-79	235
KDHFCO_10020	LBKFJK_10215	55.8	197	83	1	1	197	6	198	7.00e-77	228
KDHFCO_10020	CNLKLD_01630	58.3	199	79	1	1	199	1	195	1.01e-75	225
KDHFCO_10025	AAKGEC_12385	91.2	307	27	0	1	307	1	307	4.18e-201	551
KDHFCO_10025	LBKFJK_10220	73.9	307	80	0	1	307	1	307	1.65e-161	451
KDHFCO_10025	IAFHMK_01380	72.7	311	81	1	1	307	1	311	1.21e-157	442
KDHFCO_10025	OFBCLB_10370	72.4	308	83	2	1	307	1	307	4.06e-155	435
KDHFCO_10025	HNNKEJ_06865	63.0	308	113	1	1	307	1	308	2.47e-135	385
KDHFCO_10025	AAOIOD_03175	62.0	308	116	1	1	307	1	308	7.73e-132	376
KDHFCO_10025	CNLKLD_01625	56.1	310	133	1	1	307	1	310	5.33e-123	354
KDHFCO_10025	JAFLJO_01645	39.3	323	168	7	1	304	2	315	4.32e-70	219
KDHFCO_10030	DFCDFN_03755	78.2	357	75	2	1	356	1	355	1.08e-202	560
KDHFCO_10030	BNBIEO_03280	69.9	356	103	2	1	355	1	353	6.45e-182	507
KDHFCO_10030	OFBCLB_10365	72.3	357	96	2	1	356	1	355	5.94e-179	499
KDHFCO_10030	LBKFJK_10230	70.1	355	103	2	1	354	1	353	1.83e-178	498
KDHFCO_10030	DNKGCI_06145	69.7	357	105	2	1	356	1	355	2.52e-173	485
KDHFCO_10030	CNLKLD_02045	64.4	357	123	2	1	356	2	355	3.21e-165	465
KDHFCO_10030	BEHEAJ_01090	86.6	186	25	0	141	326	2	187	1.05e-112	326
KDHFCO_10030	ABCLFC_06165	89.6	154	16	0	203	356	1	154	3.20e-94	277
KDHFCO_10035	AAKGEC_12375	80.4	285	56	0	1	285	1	285	1.79e-157	439
KDHFCO_10035	HNNKEJ_06885	68.0	278	89	0	1	278	1	278	1.46e-131	374
KDHFCO_10035	CDIIGJ_05725	64.6	285	101	0	1	285	1	285	3.08e-125	358
KDHFCO_10035	BGHOFK_03270	62.9	286	106	0	1	286	1	286	2.26e-124	356
KDHFCO_10035	IAFHMK_01400	62.1	282	107	0	1	282	1	282	4.68e-120	345
KDHFCO_10035	CNLKLD_02040	60.8	278	105	1	1	278	1	274	1.69e-115	333
KDHFCO_10035	LNLMLG_02345	60.8	286	107	3	1	285	1	282	6.66e-113	327
KDHFCO_10035	DNKGCI_06140	57.6	295	116	1	1	286	1	295	9.67e-113	327
KDHFCO_10035	LBKFJK_10235	57.5	287	113	1	1	278	1	287	9.32e-112	324
KDHFCO_10035	OFBCLB_10360	53.1	309	122	1	1	286	1	309	9.68e-104	304
KDHFCO_10040	CNLKLD_02035	80.2	217	43	0	2	218	5	221	1.18e-127	358
KDHFCO_10040	PAGFJI_00185	97.1	105	3	0	114	218	1	105	6.01e-69	206
KDHFCO_10045	BGHOFK_03280	87.0	715	92	1	1	714	1	715	0.0	1219
KDHFCO_10045	CNLKLD_02030	69.4	716	216	3	1	714	1	715	0.0	970
KDHFCO_10045	IAFHMK_01410	67.4	724	226	3	1	714	1	724	0.0	956
KDHFCO_10050	AAKGEC_12360	96.8	247	8	0	1	247	1	247	2.53e-172	474
KDHFCO_10050	AAKGEC_12175	63.2	239	88	0	7	245	6	244	1.13e-105	305
KDHFCO_10050	AANGNE_02185	55.6	241	107	0	7	247	5	245	5.22e-85	253
KDHFCO_10050	AANGNE_03680	48.0	244	124	1	7	247	2	245	3.85e-74	225
KDHFCO_10050	AAKGEC_05805	38.3	256	137	5	7	241	5	260	9.60e-49	164
KDHFCO_10050	AANGNE_01045	37.0	257	145	4	7	247	4	259	1.51e-48	163
KDHFCO_10050	DNKGCI_00740	39.1	243	139	5	7	247	6	241	1.66e-48	163
KDHFCO_10050	CNLKLD_00555	39.7	234	123	4	26	241	28	261	1.53e-47	160
KDHFCO_10050	ABJDJH_10240	36.1	238	146	3	7	243	5	237	6.39e-47	159
KDHFCO_10050	IAFHMK_08785	39.7	234	123	4	26	241	41	274	1.07e-46	159
KDHFCO_10050	CEPOIM_07510	39.8	246	137	7	7	246	4	244	1.98e-46	163
KDHFCO_10050	HNNKEJ_00830	39.4	246	138	7	7	246	4	244	5.27e-46	162
KDHFCO_10050	AANGNE_07255	38.6	249	137	7	7	246	4	245	9.80e-46	161
KDHFCO_10050	DFJEHO_03950	38.9	244	135	6	7	241	4	242	1.92e-45	160
KDHFCO_10050	PNKCLE_05480	39.0	246	139	7	7	246	4	244	5.50e-45	155
KDHFCO_10050	IAFHMK_03325	38.2	246	142	7	7	246	4	245	7.09e-45	159
KDHFCO_10050	ACNHAK_01800	38.6	246	140	6	7	246	4	244	2.55e-44	157
KDHFCO_10050	GNOKMM_04940	35.9	248	145	6	7	247	2	242	8.11e-44	150
KDHFCO_10050	HNNKEJ_12195	36.3	245	148	5	7	247	2	242	1.53e-43	150
KDHFCO_10055	ONFANJ_02855	89.1	450	34	4	128	567	148	592	6.06e-268	746
KDHFCO_10055	DIBOGN_03915	68.7	502	135	5	141	642	66	545	7.82e-225	635
KDHFCO_10055	KFOCHN_09420	99.6	282	1	0	1	282	1	282	1.58e-201	566
KDHFCO_10055	KFOCHN_09415	99.7	303	1	0	340	642	1	303	1.12e-189	536
KDHFCO_10055	ABJDJH_01120	51.7	532	213	7	128	637	138	647	5.45e-156	463
KDHFCO_10055	OCHCOK_09365	96.7	152	5	0	128	279	148	299	9.26e-96	296
KDHFCO_10055	ABCLFC_09690	86.7	180	21	1	463	642	1	177	4.29e-86	266
KDHFCO_10055	BNPKDP_09020	86.9	145	16	2	1	144	1	143	1.01e-77	246
KDHFCO_10060	AAKGEC_12345	95.7	140	6	0	1	140	1	140	7.53e-88	251
KDHFCO_10060	DDDLLA_09485	68.4	136	42	1	6	140	8	143	4.45e-60	181
KDHFCO_10065	DPMHNO_08310	99.8	469	1	0	1	469	18	486	0.0	914
KDHFCO_10065	MMHDPA_10205	49.7	457	222	5	4	460	6	454	3.23e-150	435
KDHFCO_10070	AAKGEC_12335	94.8	289	15	0	1	289	1	289	1.22e-184	508
KDHFCO_10075	AANGNE_02075	94.8	500	26	0	1	500	1	500	0.0	919
KDHFCO_10075	HNNKEJ_06935	98.3	239	4	0	1	239	1	239	2.55e-158	451
KDHFCO_10075	MMHDPA_10215	43.2	447	245	2	27	465	17	462	4.26e-114	345
KDHFCO_10080	AAKGEC_12325	93.1	175	12	0	1	175	1	175	1.69e-105	299
KDHFCO_10080	AANGNE_02070	72.6	175	48	0	1	175	1	175	2.94e-83	243
KDHFCO_10080	IAFHMK_01460	68.0	175	56	0	1	175	1	175	2.54e-77	228
KDHFCO_10080	DNKGCI_06075	66.3	175	59	0	1	175	1	175	1.46e-76	226
KDHFCO_10080	DDDLLA_09465	64.6	175	62	0	1	175	1	175	1.39e-74	221
KDHFCO_10080	CNLKLD_04015	64.6	175	62	0	1	175	1	175	8.80e-71	211
KDHFCO_10085	AAKGEC_12320	99.4	168	1	0	1	168	1	168	3.40e-81	237
KDHFCO_10090	AAKGEC_12315	100	237	0	0	1	237	1	237	2.84e-164	452
KDHFCO_10100	AAKGEC_12305	93.4	258	17	0	1	258	1	258	1.31e-184	506
KDHFCO_10100	AANGNE_02050	69.0	258	80	0	1	258	1	258	3.52e-134	378
KDHFCO_10100	CNLKLD_03990	69.0	258	79	1	1	258	1	257	9.72e-134	377
KDHFCO_10105	IFJOCP_02625	84.1	113	18	0	1	113	626	738	4.79e-63	203
KDHFCO_10105	CDIIGJ_05800	73.5	113	30	0	1	113	553	665	8.32e-53	174
KDHFCO_10105	HNNKEJ_06965	72.6	113	31	0	1	113	632	744	8.92e-53	175
KDHFCO_10105	IAFHMK_01485	74.3	113	29	0	1	113	624	736	2.22e-52	174
KDHFCO_10105	LBLLFD_00305	71.7	113	32	0	1	113	617	729	1.42e-50	169
KDHFCO_10105	LBKFJK_10315	67.3	113	37	0	1	113	625	737	1.30e-47	161
KDHFCO_10105	OFBCLB_10220	69.9	113	34	0	1	113	626	738	1.31e-47	161
KDHFCO_10105	EIKFFD_04160	63.7	113	41	0	1	113	624	736	2.18e-45	155
KDHFCO_10105	DNKGCI_06035	65.5	113	39	0	1	113	624	736	2.03e-44	152
KDHFCO_10110	CFBGPF_13905	99.6	279	1	0	2	280	2	280	1.47e-192	528
KDHFCO_10110	IFJOCP_02625	71.5	256	73	0	1	256	345	600	2.13e-116	350
KDHFCO_10110	CDIIGJ_05800	64.8	256	90	0	1	256	272	527	2.62e-103	314
KDHFCO_10110	HNNKEJ_06965	64.4	250	89	0	5	254	355	604	1.70e-98	304
KDHFCO_10110	IAFHMK_01485	58.9	258	105	1	1	257	342	599	2.88e-89	280
KDHFCO_10110	LBKFJK_10315	54.3	254	115	1	2	254	344	597	3.70e-80	256
KDHFCO_10110	LBLLFD_00305	52.5	255	121	0	2	256	337	591	3.93e-76	245
KDHFCO_10110	DNKGCI_06035	51.4	255	122	2	2	254	342	596	1.91e-72	235
KDHFCO_10110	OFBCLB_10220	51.2	256	124	1	2	256	345	600	1.97e-72	235
KDHFCO_10110	BNBIEO_03490	52.5	257	120	2	2	256	342	598	7.51e-71	231
KDHFCO_10110	EIKFFD_04160	51.4	255	122	2	4	256	344	598	2.93e-69	227
KDHFCO_10110	AAOIOD_02985	47.1	257	134	2	2	256	342	598	6.33e-61	204
KDHFCO_10110	CNLKLD_03985	52.6	247	107	6	2	241	352	595	1.01e-59	201
KDHFCO_10115	OCHCOK_09440	98.0	342	7	0	1	342	1	342	4.41e-227	624
KDHFCO_10115	IFJOCP_02625	73.5	344	89	1	1	342	1	344	1.12e-163	474
KDHFCO_10115	HNNKEJ_06965	67.1	328	108	0	7	334	4	331	2.43e-144	425
KDHFCO_10115	CDIIGJ_05800	73.5	264	70	0	79	342	8	271	1.10e-129	385
KDHFCO_10115	IAFHMK_01485	58.2	335	140	0	7	341	6	340	8.19e-122	367
KDHFCO_10115	LBLLFD_00305	57.0	330	141	1	10	338	3	332	2.19e-113	345
KDHFCO_10115	LBKFJK_10315	56.8	324	140	0	6	329	4	327	6.41e-111	338
KDHFCO_10115	AAOIOD_02985	53.7	337	155	1	7	342	4	340	9.08e-107	328
KDHFCO_10115	BNBIEO_03490	52.2	337	160	1	7	342	4	340	1.09e-104	322
KDHFCO_10115	OFBCLB_10220	53.1	335	155	2	10	342	9	343	3.46e-103	318
KDHFCO_10115	EIKFFD_04160	51.0	337	164	1	7	342	4	340	2.35e-99	308
KDHFCO_10115	CNLKLD_03985	49.1	332	169	0	11	342	19	350	3.44e-93	293
KDHFCO_10115	DNKGCI_06035	46.9	335	178	0	6	340	4	338	3.75e-93	292
KDHFCO_10120	ABNNBP_10675	100	204	0	0	1	204	1	204	1.59e-131	367
KDHFCO_10120	MHGLEN_04830	96.6	204	7	0	1	204	1	204	3.86e-125	353
KDHFCO_10120	HNNKEJ_06970	59.6	208	76	6	1	204	15	218	3.99e-62	192
KDHFCO_10120	CDIIGJ_05805	53.8	208	92	1	1	204	15	222	2.09e-60	187
KDHFCO_10120	BGHOFK_03345	53.3	214	79	5	1	204	1	203	2.00e-56	177
KDHFCO_10120	LBKFJK_10320	51.0	204	94	2	7	204	21	224	6.32e-55	174
KDHFCO_10120	DNKGCI_06030	54.0	198	88	3	9	204	23	219	4.38e-54	171
KDHFCO_10120	IAFHMK_01490	50.7	205	93	4	7	204	21	224	4.94e-54	171
KDHFCO_10120	OFBCLB_10215	49.3	207	94	4	7	204	21	225	2.19e-47	154
KDHFCO_10120	BNBIEO_03495	52.7	150	69	1	55	204	69	216	3.38e-47	154
KDHFCO_10125	CDIIGJ_05815	76.6	453	104	1	1	453	1	451	9.51e-229	634
KDHFCO_10125	BGHOFK_03350	67.5	453	142	1	1	453	1	448	4.43e-205	573
KDHFCO_10125	DNKGCI_06025	66.7	454	144	2	1	453	7	454	5.66e-200	561
KDHFCO_10125	OFBCLB_10210	66.2	453	147	1	1	453	1	447	4.54e-195	548
KDHFCO_10125	HNNKEJ_06975	65.4	459	147	3	1	449	1	457	6.52e-194	546
KDHFCO_10125	CNLKLD_03975	62.8	406	147	2	1	406	1	402	3.68e-166	473
KDHFCO_10125	IAFHMK_01495	48.1	422	209	5	3	419	5	421	6.12e-110	331
KDHFCO_10130	IAFHMK_01500	75.8	297	72	0	1	297	1	297	8.89e-162	452
KDHFCO_10130	CNLKLD_03970	68.0	300	96	0	1	300	1	300	1.86e-146	413
KDHFCO_10130	DPMHNO_08255	96.9	196	6	0	115	310	1	196	5.02e-128	362
KDHFCO_10130	AANGNE_06765	46.4	295	157	1	3	296	2	296	2.64e-99	293
KDHFCO_10130	MHGLEN_04840	98.3	121	2	0	190	310	1	121	1.78e-74	225
KDHFCO_10130	IFDCOA_02955	29.0	300	197	7	3	290	5	300	6.90e-47	159
KDHFCO_10130	JOJNOE_11480	28.1	256	176	3	3	250	5	260	8.71e-45	154
KDHFCO_10145	AMHKJB_08450	81.6	185	28	1	1	185	1	179	2.28e-105	299
KDHFCO_10145	CDIIGJ_05845	70.4	186	55	0	1	186	1	186	1.17e-90	262
KDHFCO_10145	DNKGCI_05995	65.9	185	63	0	1	185	1	185	9.44e-85	247
KDHFCO_10145	LBKFJK_10340	64.0	186	67	0	1	186	1	186	2.65e-82	241
KDHFCO_10145	CNLKLD_03960	64.7	187	63	2	1	185	1	186	1.92e-77	229
KDHFCO_10145	OFBCLB_10190	62.2	180	68	0	1	180	1	180	1.95e-77	229
KDHFCO_10150	AAKGEC_12270	97.2	392	11	0	1	392	1	392	2.73e-258	703
KDHFCO_10150	COBKPA_01350	74.7	372	93	1	19	390	18	388	1.99e-190	531
KDHFCO_10150	DDDLLA_09385	55.9	399	161	4	1	391	1	392	3.14e-139	402
KDHFCO_10150	IAFHMK_01520	54.5	391	165	3	1	387	1	382	1.62e-130	379
KDHFCO_10150	BGHOFK_00515	31.7	369	229	7	24	385	11	363	1.28e-42	152
KDHFCO_10160	ABCLFC_09820	98.6	221	0	1	1	218	1	221	3.46e-154	426
KDHFCO_10160	AAKGEC_12260	75.7	218	53	0	1	218	1	218	7.03e-119	336
KDHFCO_10165	ABCLFC_09825	96.0	100	4	0	1	100	1	100	1.25e-80	230
KDHFCO_10165	IAFHMK_04915	61.5	96	37	0	4	99	7	102	1.83e-51	156
KDHFCO_10170	AAKGEC_12255	82.0	323	58	0	1	323	1	323	2.15e-195	538
KDHFCO_10170	HNNKEJ_04825	62.2	323	122	0	1	323	1	323	2.64e-152	429
KDHFCO_10170	IAFHMK_04920	62.8	323	120	0	1	323	2	324	2.31e-151	427
KDHFCO_10170	DDDLLA_08450	58.5	323	134	0	1	323	1	323	6.63e-141	400
KDHFCO_10175	AAKGEC_12250	92.6	189	14	0	1	189	1	189	2.38e-121	340
KDHFCO_10175	HNNKEJ_04830	67.4	187	61	0	1	187	1	187	1.48e-88	257
KDHFCO_10175	DDDLLA_08445	68.2	179	57	0	1	179	1	179	3.52e-82	241
KDHFCO_10175	IAFHMK_04925	60.3	189	75	0	1	189	1	189	6.92e-77	228
KDHFCO_10180	ABNNBP_10740	99.8	414	1	0	1	414	1	414	1.23e-304	822
KDHFCO_10180	AAKGEC_12245	61.2	410	159	0	4	413	3	412	3.11e-184	518
KDHFCO_10180	EJHBKF_09535	60.9	402	157	0	4	405	3	404	4.76e-172	500
KDHFCO_10185	ABNNBP_10745	100	272	0	0	1	272	1	272	8.25e-195	533
KDHFCO_10185	MHGLEN_04895	100	155	0	0	1	155	1	155	1.85e-104	308
KDHFCO_10185	BHKCDL_10220	69.7	185	55	1	1	184	1	185	3.98e-86	258
KDHFCO_10185	EJHBKF_09535	69.7	185	55	1	1	184	411	595	1.88e-80	257
KDHFCO_10185	GIPIII_01620	95.9	122	5	0	151	272	44	165	9.26e-76	227
KDHFCO_10185	DFPFAH_04660	99.1	117	1	0	156	272	87	203	3.25e-75	227
KDHFCO_10185	FFPGDJ_10745	93.2	117	8	0	156	272	71	187	7.71e-70	213
KDHFCO_10190	BLCAGE_08900	98.3	234	4	0	1	234	40	273	2.37e-169	467
KDHFCO_10190	MHGLEN_14120	98.2	221	4	0	1	221	1	221	1.34e-156	439
KDHFCO_10190	OFBCLB_00125	73.7	232	61	0	1	232	43	274	1.36e-124	353
KDHFCO_10190	FCNDOE_00480	69.5	233	71	0	2	234	40	272	4.02e-121	345
KDHFCO_10190	DAEIAJ_02250	68.4	234	2	1	1	234	40	201	2.33e-101	292
KDHFCO_10190	BGHOFK_10420	67.3	211	69	0	17	227	1	211	3.53e-100	290
KDHFCO_10190	MILJBE_11495	98.2	110	2	0	125	234	65	174	5.27e-75	224
KDHFCO_10190	DPMHNO_11055	97.3	111	3	0	123	233	1	111	3.62e-74	223
KDHFCO_10190	OBFACL_14235	66.9	163	43	5	75	234	73	227	4.98e-60	188
KDHFCO_10190	DICHKL_07830	97.4	77	2	0	157	233	4	80	2.07e-49	159
KDHFCO_10190	DOLABL_06375	56.3	160	3	1	1	160	40	132	2.54e-47	153
KDHFCO_10200	ABNNBP_10760	98.9	87	1	0	1	87	1	87	1.27e-56	168
KDHFCO_10205	BOKJIE_08295	80.1	156	31	0	1	156	1	156	1.70e-80	234
KDHFCO_10205	BNBIEO_04445	56.4	156	68	0	1	156	1	156	5.02e-49	154
KDHFCO_10205	LEAGNF_07140	51.6	155	75	0	1	155	1	155	3.75e-47	150
KDHFCO_10210	KABOBF_05815	95.8	96	1	1	1	96	1	93	7.41e-55	164
KDHFCO_10215	DFCDFN_03625	89.8	471	47	1	1	470	1	471	1.71e-310	842
KDHFCO_10220	LBKFJK_06230	80.4	143	28	0	1	143	1	143	1.84e-78	229
KDHFCO_10225	AAKGEC_12205	93.3	163	11	0	1	163	1	163	2.14e-109	308
KDHFCO_10225	AANGNE_05350	64.7	156	55	0	3	158	4	159	4.65e-71	211
KDHFCO_10225	CNLKLD_05720	59.6	156	63	0	3	158	4	159	6.78e-64	192
KDHFCO_10225	LBKFJK_02600	63.0	138	48	1	3	140	4	138	1.91e-62	189
KDHFCO_10225	DNKGCI_10045	56.1	155	67	1	3	157	3	156	1.14e-61	187
KDHFCO_10225	DDDLLA_05910	55.9	152	64	2	3	153	3	152	4.77e-56	172
KDHFCO_10230	IAFHMK_01550	80.9	403	74	2	3	402	5	407	4.21e-242	664
KDHFCO_10230	CCDOKP_12500	30.5	383	242	14	22	395	1	368	9.11e-43	154
KDHFCO_10235	AAKGEC_12195	96.7	418	14	0	1	418	1	418	5.91e-289	783
KDHFCO_10235	IAFHMK_01555	69.7	416	126	0	3	418	4	419	2.15e-208	579
KDHFCO_10235	AANGNE_02010	68.9	418	130	0	1	418	1	418	3.96e-206	573
KDHFCO_10235	DNKIME_02525	67.7	418	135	0	1	418	12	429	3.04e-201	561
KDHFCO_10235	CNLKLD_05735	64.3	417	149	0	2	418	3	419	1.70e-193	541
KDHFCO_10240	DDDLLA_08630	83.8	259	38	1	1	255	1	259	1.86e-152	424
KDHFCO_10245	ABNNBP_01245	100	189	0	0	1	189	1	189	4.17e-131	365
KDHFCO_10250	ABNNBP_01250	100	227	0	0	1	227	1	227	1.60e-165	455
KDHFCO_10250	GGNLIA_03115	68.3	224	71	0	1	224	240	463	1.83e-107	317
KDHFCO_10250	BOKJIE_00635	66.4	223	75	0	1	223	1	223	2.27e-107	308
KDHFCO_10250	BEHEAJ_00625	65.0	226	79	0	1	226	109	334	6.69e-106	308
KDHFCO_10250	IAMLOO_03350	63.3	218	76	1	4	221	31	244	4.90e-98	285
KDHFCO_10250	IIAFGB_05595	59.7	221	89	0	1	221	237	457	2.87e-97	290
KDHFCO_10250	FMBBOG_10345	58.6	222	87	1	5	221	51	272	9.24e-88	260
KDHFCO_10250	DPMHNO_10660	99.2	121	1	0	90	210	1	121	4.66e-83	245
KDHFCO_10250	PJLNJC_02530	62.4	173	64	1	53	224	1	173	3.83e-76	228
KDHFCO_10250	FBLLHG_03105	48.7	224	104	6	5	224	23	239	1.21e-56	179
KDHFCO_10255	BGHOFK_03410	84.3	440	60	5	1	436	1	435	1.92e-243	670
KDHFCO_10255	AANGNE_02000	72.5	404	104	3	1	399	1	402	1.00e-188	530
KDHFCO_10260	AAKGEC_12180	97.0	233	7	0	1	233	1	233	5.35e-167	459
KDHFCO_10260	IAFHMK_01570	70.5	237	65	2	1	233	1	236	3.72e-122	346
KDHFCO_10260	DNKGCI_05945	58.5	234	96	1	1	233	1	234	8.13e-98	284
KDHFCO_10260	BOCCFK_01625	53.8	236	103	3	1	233	1	233	1.60e-82	245
KDHFCO_10260	CNLKLD_08490	48.0	244	112	4	1	233	1	240	6.19e-74	224
KDHFCO_10265	AAKGEC_12175	95.9	244	10	0	1	244	1	244	3.19e-169	466
KDHFCO_10265	AAKGEC_12360	63.2	239	88	0	6	244	7	245	1.37e-106	307
KDHFCO_10265	AANGNE_02185	55.8	240	106	0	5	244	4	243	9.86e-92	270
KDHFCO_10265	AANGNE_03680	47.7	241	123	1	5	242	1	241	3.02e-75	228
KDHFCO_10265	CNLKLD_00555	41.9	258	128	7	5	240	4	261	7.78e-58	187
KDHFCO_10265	AANGNE_01045	41.7	252	130	5	5	240	3	253	4.99e-56	182
KDHFCO_10265	AAKGEC_05805	40.9	257	131	5	5	240	4	260	9.98e-55	179
KDHFCO_10265	BGHOFK_04315	42.0	207	118	2	5	211	1	205	3.27e-52	168
KDHFCO_10265	ABJDJH_10240	39.7	237	137	3	5	240	4	235	3.79e-52	172
KDHFCO_10265	IAFHMK_08785	40.3	233	121	4	26	240	42	274	1.80e-51	171
KDHFCO_10265	DDDLLA_10160	41.1	214	124	2	5	218	1	212	6.98e-51	164
KDHFCO_10265	CNLKLD_04950	39.9	238	137	4	6	240	4	238	7.78e-50	165
KDHFCO_10265	AAKGEC_12585	39.2	250	137	7	3	241	4	249	1.44e-48	160
KDHFCO_10265	DNKGCI_00740	37.8	246	144	5	1	244	1	239	2.11e-48	163
KDHFCO_10265	CJHCCN_05470	37.7	239	144	4	5	241	1	236	3.33e-48	162
KDHFCO_10265	DDDLLA_03435	40.9	242	131	6	5	240	4	239	7.46e-48	160
KDHFCO_10265	AAKGEC_12580	36.7	237	139	4	14	241	31	265	8.90e-48	158
KDHFCO_10265	IAFHMK_03325	38.9	252	132	9	5	244	3	244	1.91e-47	166
KDHFCO_10265	AANGNE_07255	38.1	252	134	9	5	244	3	244	1.27e-46	163
KDHFCO_10265	AAKGEC_07545	39.3	239	139	4	5	240	1	236	3.55e-46	155
KDHFCO_10265	DFJEHO_03950	36.9	244	144	6	4	240	2	242	1.26e-45	160
KDHFCO_10265	CNLKLD_02755	39.3	252	131	9	5	244	3	244	2.44e-45	160
KDHFCO_10265	ACNHAK_01800	37.7	244	136	7	4	237	2	239	6.38e-45	159
KDHFCO_10265	PNKCLE_05480	39.4	226	121	7	4	219	2	221	1.37e-44	154
KDHFCO_10265	GNOKMM_04940	36.6	243	139	6	5	240	1	235	2.66e-44	152
KDHFCO_10270	AAKGEC_12170	98.2	228	4	0	1	228	1	228	4.32e-150	416
KDHFCO_10270	CNLKLD_08480	62.0	229	86	1	1	228	1	229	7.36e-91	266
KDHFCO_10275	AAKGEC_12165	87.1	302	39	0	1	302	1	302	1.13e-191	527
KDHFCO_10275	HNNKEJ_07090	68.3	309	91	1	1	302	1	309	1.32e-150	424
KDHFCO_10275	BGHOFK_03430	68.7	307	91	2	1	302	1	307	2.23e-146	413
KDHFCO_10275	IAFHMK_01585	58.8	306	122	1	1	302	1	306	1.13e-129	370
KDHFCO_10275	DNKGCI_05930	58.0	307	124	2	1	302	1	307	3.66e-126	362
KDHFCO_10275	LBKFJK_06270	54.2	312	133	1	1	302	1	312	2.40e-118	342
KDHFCO_10275	CNLKLD_08475	54.0	302	139	0	1	302	1	302	4.97e-113	328
KDHFCO_10275	AANGNE_01990	52.2	301	144	0	1	301	1	301	4.04e-112	326
KDHFCO_10275	OFBCLB_10120	52.1	307	142	2	1	302	1	307	1.36e-111	325
KDHFCO_10280	HNNKEJ_07095	95.4	1207	55	0	1	1207	22	1228	0.0	2279
KDHFCO_10285	AANGNE_01980	91.6	1191	99	1	1	1191	6	1195	0.0	2184
KDHFCO_10290	ABCLFC_09930	99.5	199	1	0	1	199	1	199	9.69e-135	375
KDHFCO_10290	EAKCFB_01135	72.6	201	53	1	1	199	1	201	1.30e-96	279
KDHFCO_10290	CDIIGJ_05925	48.7	199	102	0	1	199	1	199	6.64e-63	193
KDHFCO_10290	BGHOFK_03445	49.7	199	100	0	1	199	1	199	9.41e-63	192
KDHFCO_10290	HNNKEJ_07105	45.2	197	108	0	3	199	3	199	1.24e-55	174
KDHFCO_10295	MAHILF_09300	85.5	221	32	0	1	221	4	224	1.11e-137	384
KDHFCO_10295	HNNKEJ_07110	56.0	225	97	2	1	223	1	225	1.33e-82	245
KDHFCO_10295	BJLDLK_09125	98.3	118	2	0	107	224	1	118	1.57e-80	236
KDHFCO_10295	CDIIGJ_05930	53.6	222	101	2	1	220	2	223	1.25e-78	235
KDHFCO_10295	BGHOFK_03450	52.8	195	91	1	1	194	2	196	3.83e-68	208
KDHFCO_10295	DNKGCI_03170	41.3	206	120	1	2	207	3	207	1.63e-50	164
KDHFCO_10295	IAFHMK_03635	39.7	204	120	2	2	204	3	204	1.70e-46	153
KDHFCO_10300	DKIIMI_12240	86.0	649	69	1	1	627	1	649	0.0	1115
KDHFCO_10300	DDDLLA_08560	70.2	627	187	0	1	627	1	627	0.0	909
KDHFCO_10300	CNLKLD_07235	69.8	629	188	2	1	627	1	629	0.0	897
KDHFCO_10300	ALNFEK_11530	78.2	133	29	0	141	273	1	133	4.27e-71	226
KDHFCO_10305	EHLNLG_07045	91.1	101	9	0	1	101	1	101	2.00e-62	184
KDHFCO_10310	AAKGEC_12130	98.0	557	11	0	1	557	1	557	0.0	1043
KDHFCO_10310	DNKGCI_05905	71.1	557	159	1	1	557	4	558	7.37e-284	782
KDHFCO_10310	IAFHMK_01610	56.4	560	237	4	1	557	1	556	1.52e-210	596
KDHFCO_10310	CNLKLD_07250	57.9	539	220	5	23	557	25	560	2.49e-205	583
KDHFCO_10310	AANGNE_01965	54.6	542	241	3	19	557	33	572	7.45e-195	556
KDHFCO_10315	IAFHMK_01615	75.2	483	118	1	1	483	1	481	1.09e-268	737
KDHFCO_10315	AANGNE_01945	71.4	483	138	0	1	483	1	483	1.83e-251	694
KDHFCO_10315	CNLKLD_07255	71.7	484	136	1	1	483	1	484	1.47e-248	686
KDHFCO_10315	DDDLLA_08550	68.3	483	153	0	1	483	1	483	1.03e-236	656
KDHFCO_10315	OAEMLE_11450	87.1	202	23	2	1	200	1	201	4.93e-113	331
KDHFCO_10315	MDKGKD_12230	92.9	170	12	0	245	414	1	170	2.98e-106	313
KDHFCO_10320	BHKCDL_01495	95.3	86	4	0	1	86	1	86	2.51e-50	153
KDHFCO_10325	DNKGCI_05890	85.0	341	50	1	1	340	1	341	2.17e-206	568
KDHFCO_10325	KILFKA_01010	82.6	340	12	1	1	340	1	293	1.15e-194	536
KDHFCO_10330	MHGLEN_11390	99.7	592	2	0	1	592	53	644	0.0	1158
KDHFCO_10330	BGHOFK_08345	74.9	589	148	0	1	589	1	589	0.0	885
KDHFCO_10330	BNBIEO_10465	74.2	592	151	2	1	591	24	614	0.0	878
KDHFCO_10330	IAFHMK_04120	71.9	594	163	2	1	591	3	595	6.53e-310	851
KDHFCO_10330	DNKGCI_05885	70.9	592	171	1	1	592	1	591	1.32e-306	842
KDHFCO_10330	CDIIGJ_05965	71.6	588	166	1	1	588	1	587	3.15e-302	831
KDHFCO_10330	DDDLLA_08535	68.4	591	185	2	1	590	3	592	2.54e-286	791
KDHFCO_10330	CNLKLD_07265	66.1	595	195	4	1	590	2	594	3.72e-277	768
KDHFCO_10335	PHNKGJ_04295	97.6	509	9	1	1	506	1	509	0.0	938
KDHFCO_10335	AANGNE_01930	58.6	514	203	5	1	505	1	513	3.58e-205	579
KDHFCO_10335	CNLKLD_05350	52.9	520	223	9	1	506	1	512	3.60e-177	508
KDHFCO_10335	AANGNE_03715	51.8	512	233	9	1	505	1	505	7.28e-172	494
KDHFCO_10335	CNLKLD_06370	49.4	514	245	8	1	505	1	508	5.77e-167	481
KDHFCO_10340	CNLKLD_05355	81.8	413	74	1	1	413	1	412	9.37e-258	704
KDHFCO_10345	DIBOGN_06825	85.3	265	39	0	1	265	1	265	6.34e-165	457
KDHFCO_10345	CDIIGJ_05985	65.3	265	83	3	1	264	1	257	1.45e-111	321
KDHFCO_10345	HNNKEJ_07165	58.9	265	96	3	3	264	27	281	1.60e-99	291
KDHFCO_10345	IAFHMK_04130	58.1	265	97	3	1	264	1	252	8.10e-98	286
KDHFCO_10345	OFBCLB_10040	50.4	262	130	0	1	262	1	262	5.75e-88	261
KDHFCO_10345	DNKGCI_05875	50.6	263	129	1	1	263	1	262	1.64e-87	260
KDHFCO_10345	LBKFJK_06320	51.0	263	118	3	3	264	5	257	2.31e-82	247
KDHFCO_10345	AANGNE_01920	51.1	264	117	4	1	263	1	253	1.02e-81	245
KDHFCO_10345	CNLKLD_05360	48.9	266	120	7	1	263	1	253	5.02e-77	233
KDHFCO_10350	AAKGEC_12090	97.1	314	9	0	1	314	1	314	3.03e-218	595
KDHFCO_10355	AANGNE_01910	82.2	259	46	0	5	263	6	264	9.16e-165	456
KDHFCO_10360	ABCBPP_09820	98.0	445	9	0	1	445	1	445	2.67e-302	819
KDHFCO_10360	DFCDFN_00265	72.1	437	122	0	1	437	1	437	1.35e-232	643
KDHFCO_10360	AANGNE_01900	71.8	439	124	0	1	439	1	439	7.87e-226	625
KDHFCO_10360	AAKGEC_11955	32.9	389	251	5	11	391	1	387	3.74e-58	196
KDHFCO_10360	EIFNNL_05470	31.4	388	254	5	15	393	5	389	2.82e-54	186
KDHFCO_10365	AAKGEC_12075	93.0	371	26	0	1	371	1	371	1.08e-219	604
KDHFCO_10365	IAFHMK_04155	69.9	365	110	0	1	365	1	365	7.49e-180	503
KDHFCO_10365	DDDLLA_08825	66.4	366	123	0	1	366	1	366	9.48e-168	473
KDHFCO_10365	AANGNE_01895	65.6	369	127	0	1	369	1	369	8.52e-149	424
KDHFCO_10365	CNLKLD_05390	61.9	365	139	0	1	365	1	365	3.04e-144	413
KDHFCO_10370	ABCLFC_03720	99.4	154	1	0	1	154	1	154	8.52e-98	278
KDHFCO_10375	ABCLFC_03715	96.8	189	6	0	1	189	1	189	8.07e-129	359
KDHFCO_10380	ABCLFC_03710	99.3	150	1	0	1	150	1	150	2.39e-102	289
KDHFCO_10380	IAFHMK_04160	68.1	144	46	0	1	144	1	144	1.99e-66	198
KDHFCO_10380	LBKFJK_05970	66.9	145	48	0	1	145	1	145	2.03e-61	185
KDHFCO_10380	DNKGCI_07155	64.6	144	51	0	1	144	1	144	3.34e-60	182
KDHFCO_10380	BNBIEO_05370	60.7	150	58	1	1	149	1	150	6.88e-56	171
KDHFCO_10380	DDDLLA_08830	54.5	145	66	0	1	145	1	145	2.55e-50	157
KDHFCO_10385	ABCLFC_03285	91.0	144	13	0	2	145	212	355	1.53e-75	228
KDHFCO_10385	BGHOFK_06095	86.9	145	18	1	2	145	116	260	5.42e-68	206
KDHFCO_10385	ELEKDE_00760	90.3	124	12	0	22	145	50	173	1.97e-61	186
KDHFCO_10390	ACPHPF_03330	86.7	195	4	2	12	206	1	173	1.17e-115	326
KDHFCO_10390	NKPHMN_05750	66.5	194	64	1	12	205	1	193	3.92e-84	247
KDHFCO_10390	ABIMCM_01455	55.6	151	67	0	56	206	44	194	3.27e-56	176
KDHFCO_10390	LBKFJK_07975	45.5	191	101	2	12	202	1	188	7.62e-53	167
KDHFCO_10390	ALPEGB_06020	75.0	96	24	0	12	107	1	96	3.52e-48	152
KDHFCO_10395	FGPNLL_09880	97.9	194	3	1	1	193	1	194	2.50e-141	391
KDHFCO_10395	BNBIEO_05375	70.8	192	56	0	1	192	1	192	1.73e-107	305
KDHFCO_10395	LBKFJK_05965	66.3	193	65	0	1	193	1	193	7.82e-104	296
KDHFCO_10395	OFBCLB_04335	62.2	193	73	0	1	193	1	193	1.26e-98	283
KDHFCO_10395	CNLKLD_04310	62.0	187	71	0	2	188	5	191	2.12e-92	267
KDHFCO_10395	PLDCIE_06330	56.1	187	82	0	7	193	6	192	1.10e-84	248
KDHFCO_10400	DDDLLA_08840	84.8	939	142	1	1	938	1	939	0.0	1599
KDHFCO_10400	ACDDAG_09905	32.8	934	422	13	4	934	3	733	6.50e-152	466
KDHFCO_10400	MFAILH_01190	33.5	939	417	18	6	934	4	745	2.79e-150	462
KDHFCO_10400	APHEGK_13350	31.8	936	440	16	6	936	10	752	3.38e-147	454
KDHFCO_10400	AAKGEC_08040	31.3	931	446	17	6	934	5	743	4.72e-131	412
KDHFCO_10405	AAKGEC_12025	94.8	212	11	0	1	212	1	212	4.90e-139	387
KDHFCO_10405	DDDLLA_08845	66.0	212	71	1	1	212	1	211	1.42e-92	269
KDHFCO_10405	CNLKLD_04370	43.8	210	114	2	1	206	1	210	1.58e-46	152
KDHFCO_10410	AAKGEC_12015	87.8	98	12	0	1	98	1	98	3.12e-61	181
KDHFCO_10410	CDIIGJ_06075	74.2	97	25	0	1	97	1	97	4.37e-50	153
KDHFCO_10415	ABNNBP_11250	100	457	0	0	1	457	1	457	5.13e-312	845
KDHFCO_10415	DDDLLA_08350	72.8	449	120	2	1	448	1	448	4.05e-224	622
KDHFCO_10415	CNLKLD_05285	67.9	449	137	4	2	448	5	448	1.35e-207	580
KDHFCO_10415	BIHALF_06405	52.8	449	205	4	1	448	15	457	1.13e-152	441
KDHFCO_10415	BNBIEO_00300	50.7	448	214	4	1	447	1	442	3.15e-152	439
KDHFCO_10415	BGHOFK_08255	52.2	441	204	3	7	447	10	443	4.26e-146	424
KDHFCO_10415	FAKCMI_12975	45.6	452	227	6	1	447	1	438	4.95e-120	358
KDHFCO_10415	CNLKLD_00825	32.0	403	258	5	2	397	4	397	2.02e-59	201
KDHFCO_10415	IAFHMK_10320	33.2	349	227	4	11	356	30	375	8.43e-59	200
KDHFCO_10415	IAFHMK_03485	32.1	355	234	3	5	359	15	362	2.99e-56	192
KDHFCO_10415	OFBCLB_02110	34.1	346	211	7	7	347	20	353	1.99e-45	164
KDHFCO_10415	DNKGCI_09195	31.5	397	246	11	1	382	1	386	6.76e-44	160
KDHFCO_10420	CDIIGJ_06085	79.7	305	62	0	1	305	1	305	1.75e-165	461
KDHFCO_10420	IAFHMK_00740	71.5	305	86	1	1	305	1	304	1.03e-147	416
KDHFCO_10420	ACDDAG_00915	66.8	304	99	2	1	304	1	302	3.27e-139	395
KDHFCO_10420	LBKFJK_06590	65.5	304	104	1	1	304	1	303	3.20e-137	390
KDHFCO_10420	DDDLLA_02160	66.4	304	101	1	1	304	1	303	2.71e-131	375
KDHFCO_10420	CNLKLD_04350	64.8	304	106	1	1	304	1	303	2.29e-130	372
KDHFCO_10420	DNKGCI_05595	63.5	304	110	1	1	304	1	303	8.39e-129	369
KDHFCO_10420	CGMKCF_00425	89.2	167	18	0	138	304	1	167	7.59e-96	280
KDHFCO_10425	AAKGEC_12000	85.3	211	31	0	1	211	1	211	7.07e-127	356
KDHFCO_10425	CDIIGJ_06090	72.5	207	57	0	1	207	1	207	2.95e-103	296
KDHFCO_10425	HNNKEJ_07310	66.2	210	71	0	1	210	1	210	1.08e-98	285
KDHFCO_10425	BGHOFK_08240	68.1	210	67	0	1	210	1	210	2.11e-98	284
KDHFCO_10425	IAFHMK_00750	59.9	207	83	0	1	207	1	207	1.27e-84	249
KDHFCO_10425	AANGNE_07415	58.9	207	82	1	1	207	1	204	1.23e-79	236
KDHFCO_10425	DNKGCI_05590	55.1	207	93	0	1	207	1	207	3.07e-76	228
KDHFCO_10425	LBKFJK_06595	54.3	210	96	0	1	210	1	210	2.80e-72	218
KDHFCO_10425	DDDLLA_02150	52.7	207	98	0	1	207	1	207	4.28e-67	204
KDHFCO_10425	CNLKLD_04320	48.3	207	107	0	1	207	1	207	2.23e-63	195
KDHFCO_10430	AAKGEC_11995	87.8	115	14	0	1	115	1	115	4.26e-68	199
KDHFCO_10430	HNNKEJ_07315	70.4	115	34	0	1	115	1	115	5.25e-53	161
KDHFCO_10430	LBKFJK_06600	66.1	115	39	0	1	115	1	115	1.44e-50	155
KDHFCO_10435	AJGINB_11570	85.1	141	21	0	1	141	9	149	2.08e-85	246
KDHFCO_10435	CDIIGJ_06095	66.4	140	47	0	1	140	1	140	4.36e-65	194
KDHFCO_10435	HNNKEJ_07325	69.8	129	39	0	4	132	12	140	6.19e-65	194
KDHFCO_10440	ABCLFC_03650	94.8	172	9	0	1	172	1	172	9.50e-90	259
KDHFCO_10440	AGKELP_00900	65.5	177	55	1	1	171	1	177	2.32e-54	169
KDHFCO_10445	AAKGEC_11985	98.9	447	5	0	1	447	1	447	0.0	900
KDHFCO_10445	AANGNE_07425	74.9	447	110	1	1	447	1	445	8.61e-257	704
KDHFCO_10450	EIIOFH_04800	98.8	80	1	0	1	80	1	80	1.45e-49	151
KDHFCO_10455	BGHOFK_08220	85.2	393	58	0	1	393	1	393	2.04e-240	658
KDHFCO_10455	DNKGCI_05550	76.3	392	93	0	1	392	1	392	3.98e-212	587
KDHFCO_10455	CNLKLD_01740	74.2	392	100	1	1	391	1	392	5.84e-208	576
KDHFCO_10455	AANGNE_07435	73.1	391	105	0	1	391	1	391	3.49e-207	574
KDHFCO_10455	IAFHMK_00775	73.0	392	105	1	1	391	1	392	9.58e-200	555
KDHFCO_10455	DDDLLA_05940	35.9	365	218	8	33	391	32	386	6.85e-68	219
KDHFCO_10455	AAOIOD_01880	35.3	368	221	9	32	393	31	387	3.62e-66	214
KDHFCO_10455	DFCDFN_07305	29.9	358	237	7	33	387	31	377	3.63e-44	157
KDHFCO_10460	ABCBPP_09905	94.6	147	8	0	1	147	1	147	9.77e-96	272
KDHFCO_10460	IAFHMK_00780	61.2	147	57	0	1	147	1	147	7.81e-61	184
KDHFCO_10460	AANGNE_07440	49.0	147	75	0	1	147	1	147	2.48e-52	162
KDHFCO_10460	LBKFJK_06625	49.0	147	75	0	1	147	1	147	6.31e-48	151
KDHFCO_10465	AAKGEC_11965	91.8	791	65	0	1	791	1	791	0.0	1409
KDHFCO_10465	IAFHMK_00785	69.2	793	237	4	1	791	1	788	0.0	1079
KDHFCO_10465	DNKGCI_05540	67.3	791	255	2	1	791	1	787	0.0	1058
KDHFCO_10465	AAOIOD_01315	65.7	791	262	4	1	790	1	783	0.0	1016
KDHFCO_10465	OFBCLB_02595	63.6	791	284	2	1	791	1	787	0.0	980
KDHFCO_10465	CNLKLD_01730	58.3	791	325	3	1	791	1	786	0.0	899
KDHFCO_10470	AAKGEC_11960	100	145	0	0	1	145	1	145	2.06e-96	273
KDHFCO_10470	IAFHMK_02405	68.5	143	45	0	2	144	1	143	6.53e-68	201
KDHFCO_10470	DPCCPE_01025	49.7	145	73	0	1	145	1	145	4.00e-48	151
KDHFCO_10470	DDDLLA_09440	54.9	144	65	0	1	144	1	144	1.07e-47	150
KDHFCO_10475	DDDLLA_02085	77.3	600	133	2	1	600	1	597	0.0	923
KDHFCO_10475	FGEEDJ_07150	79.2	159	33	0	1	159	1	159	1.58e-81	254
KDHFCO_10475	ABCLFC_03610	95.0	139	7	0	1	139	1	139	4.44e-80	249
KDHFCO_10480	AIKIDN_00590	90.4	291	28	0	4	294	7	297	6.37e-181	499
KDHFCO_10480	KGIGEE_00710	88.5	165	19	0	13	177	152	316	1.11e-92	277
KDHFCO_10485	BCFLNJ_05705	98.7	319	4	0	1	319	314	632	1.48e-223	622
KDHFCO_10485	AAKGEC_11930	93.7	319	20	0	1	319	1	319	1.90e-219	599
KDHFCO_10485	PLDCIE_13200	87.5	240	29	1	80	319	134	372	6.01e-140	400
KDHFCO_10485	AANGNE_01120	29.9	318	206	3	3	319	4	305	1.43e-47	161
KDHFCO_10485	AAKGEC_05925	31.6	320	200	5	1	318	1	303	1.91e-47	161
KDHFCO_10490	BCFLNJ_05705	98.8	244	3	0	1	244	1	244	9.26e-164	466
KDHFCO_10490	AAKGEC_11925	93.9	244	15	0	1	244	1	244	1.14e-159	444
KDHFCO_10490	JOJNOE_06315	87.4	246	29	1	1	244	1	246	2.48e-143	405
KDHFCO_10490	AANGNE_01135	51.3	226	106	3	21	243	18	242	3.13e-67	209
KDHFCO_10490	DFCDFN_03530	44.9	245	122	4	4	244	8	243	1.41e-66	208
KDHFCO_10490	DFCDFN_03525	35.3	252	144	5	2	243	5	247	6.43e-49	164
KDHFCO_10490	BGHOFK_04410	38.2	249	139	5	3	243	5	246	6.40e-48	161
KDHFCO_10490	DDDLLA_05570	38.5	239	141	4	2	237	17	252	1.91e-44	152
KDHFCO_10490	ABCLFC_03590	36.1	249	145	4	2	243	15	256	8.50e-44	150
KDHFCO_10495	ABCLFC_03590	99.6	223	1	0	1	223	127	349	1.05e-154	432
KDHFCO_10495	BGHOFK_04410	49.0	192	86	3	18	204	134	318	3.38e-51	169
KDHFCO_10495	DFCDFN_03525	55.0	160	71	1	22	181	139	297	4.50e-49	163
KDHFCO_10500	ABCLFC_03590	98.2	111	2	0	1	111	12	122	2.34e-70	213
KDHFCO_10500	PLDCIE_13200	98.2	111	2	0	1	111	1	111	4.43e-70	213
KDHFCO_10505	AAKGEC_11915	99.2	119	1	0	1	119	1	119	1.58e-74	216
KDHFCO_10515	ABCLFC_03575	99.5	216	1	0	1	216	1	216	1.12e-146	406
KDHFCO_10515	KPPIIN_01700	99.4	163	1	0	53	215	1	163	7.69e-106	301
KDHFCO_10525	ABNNBP_11360	100	182	0	0	1	182	1	182	2.35e-129	360
KDHFCO_10525	AAKGEC_11895	73.9	180	46	1	1	179	1	180	1.26e-92	267
KDHFCO_10525	CDIIGJ_06150	58.6	181	74	1	1	180	1	181	4.90e-71	212
KDHFCO_10525	BGHOFK_07240	53.6	181	82	2	1	179	1	181	7.58e-61	186
KDHFCO_10525	HNNKEJ_07470	52.4	185	84	2	1	181	1	185	9.62e-60	184
KDHFCO_10530	CHBPFB_02525	85.5	227	33	0	1	227	1	227	3.63e-140	391
KDHFCO_10530	CDIIGJ_06155	68.1	226	71	1	1	226	1	225	3.00e-107	308
KDHFCO_10530	BGHOFK_07235	63.4	227	82	1	1	227	1	226	1.85e-98	285
KDHFCO_10530	IAFHMK_00820	53.5	228	105	1	1	228	1	227	3.22e-82	244
KDHFCO_10530	AANGNE_01750	54.7	223	100	1	1	223	1	222	2.92e-78	234
KDHFCO_10530	DNKGCI_05505	49.8	225	111	2	4	228	2	224	4.33e-70	213
KDHFCO_10530	LBKFJK_06695	49.8	219	108	2	4	222	2	218	2.45e-67	206
KDHFCO_10530	OFBCLB_02505	48.2	224	114	2	5	228	3	224	7.19e-67	205
KDHFCO_10530	LLMEEB_08325	40.5	222	131	1	3	224	5	225	2.38e-55	176
KDHFCO_10530	HNNKEJ_07480	53.6	168	70	1	1	168	1	160	2.78e-55	173
KDHFCO_10535	AANGNE_08085	82.4	625	108	1	1	625	1	623	0.0	1035
KDHFCO_10540	DIBOGN_06640	77.2	189	41	1	1	187	1	189	5.25e-97	278
KDHFCO_10540	AAKGEC_11880	71.1	190	51	1	1	186	1	190	1.62e-89	259
KDHFCO_10545	ABCBPP_10000	95.9	122	5	0	1	122	15	136	3.69e-91	259
KDHFCO_10545	IAFHMK_00830	63.6	121	44	0	1	121	1	121	4.69e-62	185
KDHFCO_10545	AEFDGK_05280	65.5	116	40	0	1	116	1	116	6.80e-60	179
KDHFCO_10545	CNLKLD_05645	61.2	116	45	0	1	116	1	116	2.12e-53	163
KDHFCO_10550	AIGDEK_10060	89.8	137	14	0	6	142	1	137	1.32e-86	248
KDHFCO_10550	CNLKLD_05650	66.1	127	43	0	18	144	5	131	1.72e-55	169
KDHFCO_10555	BGHOFK_07205	75.8	451	106	1	1	448	2	452	7.38e-260	712
KDHFCO_10555	AANGNE_08105	72.6	449	122	1	1	448	2	450	1.14e-251	691
KDHFCO_10555	DDDLLA_02015	72.0	461	116	1	1	448	1	461	9.35e-249	684
KDHFCO_10555	CNLKLD_05655	69.5	452	132	4	1	448	1	450	2.64e-229	635
KDHFCO_10555	OJJKBE_02580	95.1	122	6	0	327	448	1	122	1.11e-73	226
KDHFCO_10560	ALHAGD_09370	86.2	196	27	0	2	197	7	202	3.35e-117	330
KDHFCO_10560	HNNKEJ_07515	65.4	185	64	0	13	197	1	185	6.77e-79	233
KDHFCO_10560	DDDLLA_02010	58.8	199	77	2	1	197	1	196	4.18e-75	224
KDHFCO_10560	CNLKLD_05660	52.3	193	91	1	5	197	7	198	2.70e-71	214
KDHFCO_10565	DBFGIH_00950	84.9	199	30	0	1	199	1	199	2.66e-122	344
KDHFCO_10570	AAKGEC_11850	93.0	256	18	0	1	256	1	256	5.50e-176	484
KDHFCO_10570	HNNKEJ_07525	64.9	225	76	3	30	254	1	222	4.22e-103	298
KDHFCO_10570	LBKFJK_06730	49.0	257	126	2	1	253	1	256	3.06e-84	251
KDHFCO_10570	IAFHMK_00855	45.9	257	134	2	1	253	1	256	1.75e-83	249
KDHFCO_10570	DNKGCI_05475	46.3	257	133	2	1	253	1	256	5.74e-82	246
KDHFCO_10570	DDDLLA_02000	46.3	257	133	2	1	253	1	256	3.28e-81	244
KDHFCO_10575	KGJGGL_07565	81.5	769	130	5	1	766	1	760	0.0	1164
KDHFCO_10575	NHHNJB_05065	85.5	207	23	1	567	766	9	215	1.94e-100	308
KDHFCO_10580	BGHOFK_07185	83.3	383	61	1	1	380	1	383	6.73e-215	593
KDHFCO_10580	DNKGCI_05390	72.5	382	101	1	1	378	1	382	2.10e-195	543
KDHFCO_10580	MONLHG_04685	62.6	385	115	3	1	380	1	361	1.40e-159	452
KDHFCO_10580	AANGNE_03040	61.9	189	68	3	5	192	4	189	6.90e-69	214
KDHFCO_10585	AAKGEC_11835	97.2	321	9	0	1	321	1	321	2.94e-224	611
KDHFCO_10585	BNBIEO_00615	48.6	323	163	3	2	321	15	337	8.12e-103	304
KDHFCO_10590	AAKGEC_11830	88.1	143	17	0	1	143	1	143	3.05e-88	253
KDHFCO_10590	HNNKEJ_02970	73.4	143	38	0	1	143	2	144	9.94e-76	221
KDHFCO_10590	BGHOFK_05350	69.9	143	43	0	1	143	1	143	8.79e-72	211
KDHFCO_10590	CDIIGJ_02985	61.5	143	55	0	1	143	2	144	1.85e-64	192
KDHFCO_10595	BGHOFK_07175	79.0	295	60	1	1	293	63	357	7.17e-169	471
KDHFCO_10595	IAFHMK_04165	71.1	311	70	2	1	292	63	372	1.01e-153	434
KDHFCO_10595	AANGNE_08145	70.1	288	84	1	1	288	63	348	1.50e-143	407
KDHFCO_10595	DDDLLA_01980	68.6	293	89	2	1	293	63	352	3.37e-142	404
KDHFCO_10595	CNLKLD_05685	63.8	293	104	1	1	293	82	372	2.79e-136	389
KDHFCO_10595	GJNFIB_10575	39.0	290	175	2	1	289	84	372	8.57e-69	218
KDHFCO_10595	AAKGEC_00435	34.2	284	183	4	4	285	85	366	1.29e-44	155
KDHFCO_10600	AAKGEC_11820	99.1	114	1	0	1	114	1	114	1.68e-78	226
KDHFCO_10605	OAEMLE_11740	98.7	395	3	1	1	395	1	393	1.55e-281	762
KDHFCO_10620	AAKGEC_11800	98.1	932	18	0	1	932	1	932	0.0	1863
KDHFCO_10625	CIJHDH_09860	85.7	315	40	1	1	310	1	315	2.55e-116	337
KDHFCO_10625	BGHOFK_07145	70.9	330	72	5	1	310	1	326	2.26e-95	285
KDHFCO_10625	CDIIGJ_06240	70.4	311	88	2	1	311	1	307	1.14e-92	277
KDHFCO_10625	HNNKEJ_07655	64.2	313	89	5	1	311	1	292	1.02e-84	256
KDHFCO_10625	DNKGCI_01205	75.4	224	49	3	1	222	1	220	5.64e-65	206
KDHFCO_10625	DDDLLA_01950	80.2	207	38	2	1	206	1	205	6.36e-64	203
KDHFCO_10625	LBKFJK_06845	80.4	194	37	1	1	193	7	200	5.25e-61	196
KDHFCO_10625	DBFGIH_01060	69.9	216	52	2	1	216	1	203	6.71e-57	184
KDHFCO_10625	IAFHMK_04195	65.2	230	79	1	1	230	1	229	2.10e-53	176
KDHFCO_10625	CNLKLD_05770	49.0	202	88	2	1	202	1	187	1.19e-52	173
KDHFCO_10630	AAKGEC_11790	80.6	263	51	0	1	263	1	263	9.14e-151	421
KDHFCO_10630	BGHOFK_07140	70.2	262	78	0	2	263	1	262	4.69e-132	373
KDHFCO_10630	CDIIGJ_06245	70.8	260	76	0	4	263	4	263	6.56e-130	368
KDHFCO_10630	IAFHMK_04200	65.5	258	89	0	6	263	6	263	2.60e-120	343
KDHFCO_10630	DDDLLA_01945	59.9	262	105	0	1	262	1	262	5.57e-112	322
KDHFCO_10630	HNNKEJ_07660	62.7	263	98	0	1	263	1	263	5.76e-112	322
KDHFCO_10630	LBKFJK_06850	59.2	262	107	0	1	262	1	262	1.84e-110	318
KDHFCO_10630	AANGNE_08180	60.2	264	104	1	1	263	1	264	4.11e-110	318
KDHFCO_10630	DNKGCI_01200	59.9	262	105	0	1	262	1	262	5.26e-110	317
KDHFCO_10630	CNLKLD_05775	55.1	265	116	2	2	263	1	265	2.10e-105	306
KDHFCO_10640	AAKGEC_11780	93.4	196	13	0	1	196	1	196	1.79e-124	348
KDHFCO_10640	IAFHMK_04210	61.8	199	68	3	1	196	1	194	1.56e-71	214
KDHFCO_10640	LBKFJK_06860	60.3	204	73	3	1	196	1	204	9.47e-68	205
KDHFCO_10640	AEFDGK_05185	53.1	209	69	4	1	195	1	194	1.61e-56	176
KDHFCO_10640	CNLKLD_05785	51.0	210	82	5	1	196	1	203	9.37e-53	167
KDHFCO_10645	CPFDGH_06555	91.5	223	19	0	1	223	1	223	6.27e-142	395
KDHFCO_10645	LBKFJK_06865	71.9	221	62	0	3	223	2	222	2.53e-109	313
KDHFCO_10645	DDDLLA_01930	70.2	225	67	0	1	225	1	225	1.36e-108	311
KDHFCO_10645	DNKGCI_01185	68.0	225	72	0	1	225	1	225	2.45e-105	303
KDHFCO_10645	AANGNE_08195	65.9	223	76	0	1	223	1	223	2.46e-101	292
KDHFCO_10645	CNLKLD_05790	64.3	224	79	1	1	223	15	238	1.63e-93	273
KDHFCO_10650	AANGNE_08200	80.2	424	76	3	1	416	1	424	7.76e-229	631
KDHFCO_10655	CJHCCN_07195	76.1	457	105	3	1	456	1	454	1.99e-241	666
KDHFCO_10655	CNLKLD_05800	71.1	456	127	1	1	456	1	451	4.77e-225	624
KDHFCO_10655	OAEMLE_11800	86.5	133	18	0	324	456	1	133	3.53e-74	228
KDHFCO_10660	LCBNOF_10635	88.1	286	34	0	1	286	1	286	1.54e-178	493
KDHFCO_10660	IAFHMK_04230	70.1	288	86	0	1	288	1	288	3.58e-142	401
KDHFCO_10660	BNBIEO_04190	65.3	291	99	1	1	289	1	291	1.52e-132	377
KDHFCO_10660	CNLKLD_05805	64.9	288	100	1	1	288	1	287	2.96e-122	350
KDHFCO_10660	LBKFJK_06880	59.9	289	116	0	1	289	1	289	4.10e-120	345
KDHFCO_10660	DDDLLA_01915	56.7	289	125	0	1	289	1	289	3.23e-112	325
KDHFCO_10665	AGDPFD_08620	86.0	242	34	0	1	242	35	276	1.04e-149	417
KDHFCO_10670	ECIJBF_01715	81.6	365	67	0	1	365	1	365	5.32e-223	612
KDHFCO_10670	CDIIGJ_06285	68.9	366	113	1	1	366	1	365	4.10e-183	511
KDHFCO_10670	HNNKEJ_07700	65.8	365	125	0	1	365	1	365	2.61e-170	479
KDHFCO_10670	BGHOFK_07100	62.3	366	138	0	1	366	1	366	6.70e-165	465
KDHFCO_10670	AAOIOD_00915	61.6	365	140	0	1	365	30	394	1.44e-159	452
KDHFCO_10670	DNKGCI_10910	60.0	365	146	0	1	365	1	365	1.73e-158	449
KDHFCO_10670	LBKFJK_02160	58.4	365	152	0	1	365	1	365	8.74e-156	442
KDHFCO_10670	DBFGIH_02085	60.5	352	139	0	14	365	1	352	1.03e-151	431
KDHFCO_10675	AAKGEC_11745	82.2	281	50	0	1	281	1	281	1.25e-173	480
KDHFCO_10675	LBKFJK_09485	60.9	281	109	1	1	281	1	280	1.51e-125	358
KDHFCO_10675	DNKGCI_00585	57.7	281	117	2	2	281	3	282	6.05e-116	334
KDHFCO_10675	CDIIGJ_01590	48.8	260	131	1	5	262	4	263	1.89e-75	231
KDHFCO_10675	MJPEDB_02500	44.7	253	138	1	7	257	6	258	6.34e-70	217
KDHFCO_10675	MCFIIO_04210	42.6	263	149	1	1	261	1	263	1.51e-67	211
KDHFCO_10675	ACNHAK_01805	41.6	279	153	4	5	277	4	278	2.01e-67	211
KDHFCO_10675	DNKGCI_08600	41.0	261	141	3	1	250	3	261	3.09e-62	197
KDHFCO_10675	CMMBIF_02665	39.2	260	154	3	7	263	6	264	9.52e-62	196
KDHFCO_10675	AAKGEC_05485	40.9	264	142	4	7	259	9	269	2.39e-61	195
KDHFCO_10675	HNNKEJ_05950	42.9	245	127	4	13	246	3	245	9.76e-61	193
KDHFCO_10675	ABNNBP_07265	37.2	282	173	3	3	281	2	282	4.27e-60	192
KDHFCO_10675	AANGNE_05130	40.8	260	145	5	5	258	6	262	1.43e-59	190
KDHFCO_10675	IAFHMK_02645	40.6	261	142	3	7	256	9	267	3.11e-59	189
KDHFCO_10675	LBKFJK_01770	41.8	261	139	4	7	256	10	268	4.52e-59	189
KDHFCO_10675	CFLCIE_00940	37.2	261	161	2	5	263	4	263	6.12e-53	173
KDHFCO_10675	IAFHMK_06940	37.9	264	147	6	7	257	10	269	3.39e-52	171
KDHFCO_10675	BGHOFK_00970	38.5	262	151	5	4	258	8	266	6.39e-52	171
KDHFCO_10675	IAFHMK_03355	36.9	255	157	3	7	258	12	265	2.67e-51	169
KDHFCO_10675	EIKFFD_02290	38.3	266	146	6	7	258	8	269	7.91e-51	168
KDHFCO_10675	CGMKCF_02875	38.3	261	126	6	7	259	3	236	1.42e-48	161
KDHFCO_10675	KMLCHM_05630	35.7	249	156	3	1	246	11	258	3.81e-45	158
KDHFCO_10675	HNNKEJ_03150	33.8	260	168	3	2	258	7	265	6.78e-45	152
KDHFCO_10680	LIMBNG_02915	84.0	401	64	0	1	401	41	441	8.48e-231	637
KDHFCO_10680	FMBBOG_05420	65.6	398	136	1	1	397	41	438	2.79e-172	488
KDHFCO_10680	AMCIGH_01535	64.0	403	143	2	1	401	40	442	9.95e-168	476
KDHFCO_10680	DNKGCI_10395	62.3	401	151	0	1	401	42	442	7.55e-167	474
KDHFCO_10680	LBKFJK_09490	63.1	396	146	0	1	396	41	436	1.88e-163	466
KDHFCO_10680	BOCCFK_09980	56.1	387	167	1	1	387	48	431	7.54e-138	400
KDHFCO_10680	DNKGCI_00590	45.4	366	194	4	1	361	39	403	1.24e-93	288
KDHFCO_10680	ABIMCM_02120	35.6	405	255	4	1	401	62	464	2.40e-73	236
KDHFCO_10685	AAKGEC_11735	95.2	292	14	0	1	292	1	292	6.24e-200	547
KDHFCO_10685	AGDPFD_03950	72.7	289	79	0	1	289	1	289	2.45e-153	429
KDHFCO_10685	LBKFJK_09500	66.2	290	97	1	1	290	1	289	3.91e-133	378
KDHFCO_10685	DNKGCI_00600	63.8	290	105	0	1	290	1	290	2.09e-128	366
KDHFCO_10690	AAKGEC_11730	92.5	134	10	0	1	134	1	134	3.39e-83	239
KDHFCO_10690	GALHOA_09410	94.7	113	6	0	1	113	1	113	3.73e-70	207
KDHFCO_10690	CDIIGJ_06295	73.4	124	33	0	1	124	1	124	2.25e-61	184
KDHFCO_10690	BNBIEO_04940	66.1	124	40	1	1	124	1	122	8.87e-50	154
KDHFCO_10695	CNLKLD_05840	76.5	438	100	3	19	454	1	437	4.00e-248	682
KDHFCO_10700	ABCLFC_03365	96.9	224	7	0	1	224	1	224	6.99e-154	425
KDHFCO_10700	AAKGEC_11720	72.6	219	27	2	6	224	12	197	1.52e-105	302
KDHFCO_10700	DHALJH_08885	64.2	218	63	3	6	223	7	209	8.51e-92	268
KDHFCO_10700	HNNKEJ_07710	68.0	147	47	0	77	223	42	188	2.47e-69	210
KDHFCO_10700	LBKFJK_06900	63.0	146	54	0	78	223	40	185	6.00e-62	191
KDHFCO_10700	DDDLLA_10120	48.2	224	78	2	1	224	1	186	3.94e-60	186
KDHFCO_10700	DNKGCI_01155	43.4	219	85	2	6	224	4	183	2.35e-54	172
KDHFCO_10700	AMCIGH_00115	47.8	157	78	1	63	215	29	185	1.85e-47	154
KDHFCO_10705	ABCLFC_03360	98.8	167	2	0	1	167	1	167	1.82e-112	316
KDHFCO_10710	AAKGEC_11715	98.2	226	4	0	1	226	1	226	4.71e-153	423
KDHFCO_10715	AAKGEC_11710	94.6	92	5	0	1	92	1	92	8.01e-51	154
KDHFCO_10720	AAKGEC_11705	89.7	194	20	0	1	194	1	194	3.11e-124	348
KDHFCO_10720	AANGNE_08235	69.6	194	59	0	1	194	1	194	1.58e-94	273
KDHFCO_10720	IAFHMK_04290	67.9	193	61	1	2	194	1	192	2.10e-87	254
KDHFCO_10720	CNLKLD_05855	65.2	184	64	0	4	187	2	185	1.60e-83	244
KDHFCO_10720	DDDLLA_10105	64.2	190	65	1	1	187	1	190	9.83e-82	240
KDHFCO_10725	AAKGEC_11700	96.1	458	18	0	1	458	1	458	3.04e-293	797
KDHFCO_10725	BNBIEO_10740	38.8	363	219	2	84	445	1	361	2.65e-74	237
KDHFCO_10730	BGHOFK_07055	77.2	263	59	1	1	263	1	262	1.81e-136	384
KDHFCO_10730	AANGNE_08245	66.8	262	87	0	1	262	1	262	6.19e-121	345
KDHFCO_10730	DDDLLA_10095	67.7	263	85	0	1	263	1	263	1.25e-120	344
KDHFCO_10730	CNLKLD_05865	62.6	262	98	0	1	262	1	262	2.28e-109	316
KDHFCO_10730	AAKGEC_08940	44.2	265	142	3	4	262	3	267	5.07e-67	208
KDHFCO_10735	AAKGEC_11690	98.9	89	1	0	1	89	1	89	3.07e-58	172
KDHFCO_10740	ABCLFC_03325	99.5	577	3	0	1	577	1	577	0.0	1015
KDHFCO_10740	CDIIGJ_06345	75.0	579	127	6	1	565	1	575	8.11e-266	742
KDHFCO_10740	DNKGCI_01120	71.2	584	156	3	1	574	1	582	4.54e-261	730
KDHFCO_10740	IAFHMK_04315	66.1	576	183	5	1	567	1	573	1.13e-244	688
KDHFCO_10740	HNNKEJ_07750	75.1	530	123	5	1	529	1	522	3.86e-238	671
KDHFCO_10740	BGHOFK_07045	61.6	619	179	6	1	563	1	616	6.52e-234	664
KDHFCO_10740	ACDDAG_01920	62.5	550	192	5	1	539	1	547	1.10e-220	629
KDHFCO_10740	CNLKLD_05885	58.6	553	211	8	1	543	1	545	1.12e-195	563
KDHFCO_10745	DNKGCI_01115	78.9	256	54	0	1	256	1	256	9.34e-144	402
KDHFCO_10745	AANGNE_08260	74.3	257	65	1	1	257	1	256	1.45e-135	382
KDHFCO_10745	CNLKLD_05890	75.5	245	59	1	1	245	1	244	4.04e-131	371
KDHFCO_10750	DDDLLA_10070	75.0	424	103	1	1	421	1	424	2.41e-229	633
KDHFCO_10750	AAOIOD_01085	75.2	423	104	1	1	422	1	423	5.24e-228	629
KDHFCO_10750	CPLMAE_01195	89.7	310	32	0	115	424	7	316	7.27e-202	559
KDHFCO_10750	IAFHMK_04325	63.0	430	145	5	4	421	6	433	9.79e-179	505
KDHFCO_10760	NCNHMD_02390	84.2	285	42	2	1	285	1	282	2.36e-177	489
KDHFCO_10760	ANFPEE_00010	87.9	206	25	0	1	206	1	206	1.73e-131	374
KDHFCO_10760	DNKIME_12660	46.2	186	87	2	28	203	2	184	9.48e-54	176
KDHFCO_10765	PKBBPO_10405	84.3	153	17	2	1	153	1	146	4.44e-82	238
KDHFCO_10765	OFBCLB_07675	61.3	137	45	2	1	137	1	129	2.71e-48	152
KDHFCO_10770	ABCBPP_08435	87.7	114	14	0	1	114	1	114	5.76e-64	189
KDHFCO_10770	AAOIOD_07440	72.4	123	23	1	1	112	1	123	2.37e-54	165
KDHFCO_10770	CHNGMO_03960	71.1	114	30	1	1	114	1	111	1.57e-49	152
KDHFCO_10780	FHONGL_10835	100	1617	0	0	1	1617	1	1617	0.0	2853
KDHFCO_10780	CFBGPF_08640	70.2	1635	253	16	2	1585	1	1451	0.0	1829
KDHFCO_10780	NBOKNL_03505	62.3	1652	373	14	2	1615	1	1441	0.0	1809
KDHFCO_10780	AMDFJK_00410	60.9	1646	276	11	2	1616	1	1310	0.0	1645
KDHFCO_10780	MHGLEN_09615	62.1	1689	515	24	2	1616	1	1638	0.0	1643
KDHFCO_10780	ICAFII_10100	58.9	1699	401	20	2	1585	1	1516	0.0	1600
KDHFCO_10780	OMDMHF_05765	58.8	1659	306	15	1	1616	1	1325	0.0	1571
KDHFCO_10780	JIBFFE_04070	57.8	1664	317	17	2	1616	1	1328	0.0	1556
KDHFCO_10780	GLNMHB_05000	46.6	2142	276	9	2	1617	1	1802	0.0	1499
KDHFCO_10780	KCDELH_11560	53.8	1780	447	24	2	1585	1	1600	0.0	1475
KDHFCO_10780	BGLHJG_07400	55.7	1640	476	18	2	1564	1	1466	0.0	1330
KDHFCO_10780	OBFACL_06200	56.4	1542	422	23	86	1585	1	1333	0.0	1315
KDHFCO_10780	PMFGFO_07130	52.0	1563	136	6	2	1564	1	948	0.0	1266
KDHFCO_10780	ILDBOH_04555	49.6	1662	671	25	4	1529	3	1633	0.0	1222
KDHFCO_10780	PLDCIE_05280	43.9	1641	242	12	2	1616	1	988	0.0	1133
KDHFCO_10780	GGOCDK_11705	44.8	1615	123	13	2	1615	1	848	0.0	1095
KDHFCO_10780	AGKELP_01255	46.2	1637	511	18	2	1589	1	1316	0.0	1059
KDHFCO_10780	GFFGID_10190	44.7	1576	607	28	2	1529	1	1360	0.0	1023
KDHFCO_10780	EGPLAC_04030	46.4	1563	474	19	2	1529	1	1235	0.0	1008
KDHFCO_10780	BPPADB_11585	41.8	1583	538	23	2	1558	1	1226	0.0	992
KDHFCO_10780	NJGMDJ_04270	41.5	1620	634	25	2	1564	1	1363	0.0	962
KDHFCO_10780	BFMEKC_08105	42.3	1657	540	30	2	1595	1	1304	6.28e-319	940
KDHFCO_10780	FCFPCK_02700	43.0	1599	617	27	4	1529	3	1379	9.06e-313	929
KDHFCO_10780	GHPLOC_02585	91.1	497	44	0	2	498	1	497	7.45e-307	892
KDHFCO_10780	NEBMPO_01620	59.3	1071	371	19	4	1035	9	1053	2.85e-306	908
KDHFCO_10785	CMMBIF_08385	84.1	314	50	0	1	314	233	546	4.47e-201	561
KDHFCO_10785	AMDFJK_12870	82.1	313	56	0	2	314	259	571	9.54e-192	538
KDHFCO_10785	AAKGEC_08750	76.7	313	73	0	1	313	233	545	6.56e-179	505
KDHFCO_10785	IBNKIA_06635	76.0	312	73	1	3	314	238	547	6.37e-177	500
KDHFCO_10785	ADJCAM_09650	75.6	312	76	0	3	314	238	549	4.50e-175	495
KDHFCO_10785	KCGGLB_07585	62.4	314	117	1	1	314	237	549	1.88e-141	410
KDHFCO_10785	AGHDIE_07425	46.3	315	156	8	3	314	239	543	3.02e-80	253
KDHFCO_10785	AGHDIE_04835	44.2	310	163	6	8	314	260	562	2.41e-76	243
KDHFCO_10790	IBNKIA_06635	75.9	203	49	0	1	203	1	203	1.08e-107	319
KDHFCO_10790	KCGGLB_07585	73.4	203	54	0	1	203	1	203	5.31e-100	300
KDHFCO_10790	ADJCAM_09650	68.5	203	64	0	1	203	1	203	1.69e-95	288
KDHFCO_10790	ABCBPP_10245	57.3	199	84	1	1	199	1	198	4.62e-73	229
KDHFCO_10790	CMMBIF_08385	57.4	197	81	2	1	197	1	194	4.90e-66	212
KDHFCO_10790	AIPJBK_09120	55.3	197	86	2	1	197	1	195	1.31e-65	210
KDHFCO_10790	EEJBJI_02615	52.8	197	92	1	1	197	1	196	2.70e-61	199
KDHFCO_10790	DNKIME_11925	50.8	197	94	2	1	197	1	194	8.13e-58	190
KDHFCO_10790	AGHDIE_07425	47.5	200	102	1	1	197	1	200	1.92e-53	179
KDHFCO_10790	AAKGEC_08750	47.2	199	90	4	4	197	6	194	8.85e-49	166
KDHFCO_10790	FHJCCB_12135	46.7	197	95	3	2	197	4	191	1.68e-47	161
KDHFCO_10790	ANIMCG_05050	42.1	197	111	2	1	197	1	194	2.26e-45	157
KDHFCO_10795	BJLDLK_10710	90.2	1722	157	3	1	1714	1	1718	0.0	2379
KDHFCO_10795	EEJBJI_02600	58.0	1692	613	9	1	1681	1	1605	0.0	1452
KDHFCO_10795	GHPLOC_02575	54.6	1800	637	15	1	1715	1	1704	0.0	1346
KDHFCO_10795	PLBPOI_09110	52.2	1075	428	12	702	1715	331	1380	9.81e-214	670
KDHFCO_10795	OBFACL_06185	54.9	446	165	7	1289	1714	842	1271	1.12e-117	403
KDHFCO_10795	ABCBPP_08455	53.7	369	135	8	1289	1637	843	1195	1.86e-89	319
KDHFCO_10795	FFDIKI_03790	39.3	440	216	12	1290	1696	861	1282	9.46e-67	248
KDHFCO_10795	ADJCAM_09645	48.2	280	98	5	1479	1715	1369	1644	1.20e-54	210
KDHFCO_10795	GHPLOC_11730	35.9	418	209	17	1290	1673	1247	1639	6.59e-46	182
KDHFCO_10795	GPMKBM_10785	39.4	327	156	14	1307	1617	562	862	8.72e-43	170
KDHFCO_10795	DBJPJM_09940	35.3	266	159	6	1380	1640	1	258	3.38e-42	157
KDHFCO_10795	OFBCLB_05885	47.7	218	93	5	1473	1671	1285	1500	1.40e-39	161
KDHFCO_10800	ABCBPP_10255	99.3	138	1	0	1	138	1	138	8.22e-86	246
KDHFCO_10800	NNGDEJ_08785	93.9	132	8	0	1	132	1	132	1.19e-76	225
KDHFCO_10800	FMBBOG_07300	71.7	138	39	0	1	138	1	138	3.11e-58	176
KDHFCO_10805	GHPLOC_02560	80.2	192	38	0	1	192	1	192	1.36e-110	315
KDHFCO_10805	FMBBOG_07305	68.2	192	61	0	1	192	1	192	4.62e-92	267
KDHFCO_10810	ABCBPP_10265	93.9	131	8	0	1	131	1	131	3.17e-82	236
KDHFCO_10810	GHPLOC_02555	74.8	131	33	0	1	131	1	131	3.22e-66	196
KDHFCO_10810	MNCDBI_12355	62.6	131	49	0	1	131	2	132	5.32e-56	170
KDHFCO_10810	FMBBOG_07310	62.5	128	48	0	1	128	1	128	5.19e-53	162
KDHFCO_10810	AGHDIE_07450	63.4	131	48	0	1	131	1	131	5.71e-53	162
KDHFCO_10815	ILMBOP_06460	97.6	164	4	0	1	164	1	164	1.75e-110	311
KDHFCO_10815	MNCDBI_12350	72.1	165	46	0	1	165	2	166	5.05e-83	241
KDHFCO_10815	AGHDIE_07455	71.3	164	47	0	1	164	1	164	1.89e-80	235
KDHFCO_10820	ABCBPP_10275	95.7	116	5	0	1	116	1	116	2.56e-74	215
KDHFCO_10825	ABCBPP_10280	96.3	107	4	0	1	107	1	107	1.74e-70	205
KDHFCO_10830	ABCBPP_10285	97.5	400	10	0	1	400	1	400	2.31e-273	743
KDHFCO_10830	MNCDBI_12335	71.4	399	113	1	1	399	1	398	2.17e-196	548
KDHFCO_10830	FFDIKI_03825	69.8	404	117	2	1	401	1	402	4.61e-194	542
KDHFCO_10830	LGJCEJ_01685	64.7	402	137	2	3	401	1	400	8.97e-178	501
KDHFCO_10830	FMBBOG_08130	61.0	397	150	2	6	399	4	398	4.42e-165	469
KDHFCO_10835	ELEKDE_02785	87.3	236	28	1	1	234	2	237	1.29e-141	395
KDHFCO_10835	MNCDBI_12330	67.7	235	75	1	1	234	1	235	1.24e-106	306
KDHFCO_10835	ACIHME_05645	43.7	197	111	0	1	197	1	197	1.31e-46	154
KDHFCO_10840	ABCBPP_10295	98.7	390	5	0	1	390	1	390	2.89e-284	769
KDHFCO_10840	FFDIKI_03835	72.0	382	106	1	1	381	1	382	2.40e-205	570
KDHFCO_10840	DBJPJM_04775	34.5	371	217	7	39	386	32	399	5.71e-64	209
KDHFCO_10850	IBNKIA_06690	96.8	532	17	0	1	532	112	643	0.0	1041
KDHFCO_10850	BJLDLK_10760	75.5	535	128	1	1	532	127	661	1.31e-305	840
KDHFCO_10850	DBJPJM_04785	49.1	485	245	2	1	485	98	580	5.73e-165	481
KDHFCO_10850	ABCBPP_08510	38.9	491	288	7	1	486	91	574	8.79e-106	328
KDHFCO_10855	BAFDFF_09595	98.8	166	2	0	1	166	226	391	1.02e-113	328
KDHFCO_10855	ABCBPP_12920	50.3	165	82	0	1	165	90	254	2.32e-51	164
KDHFCO_10855	GIODPP_08930	49.7	165	82	1	1	165	224	387	9.81e-49	161
KDHFCO_10855	FMBBOG_10550	48.2	164	84	1	1	164	193	355	6.39e-46	153
KDHFCO_10855	BPPLAM_03680	47.6	164	86	0	1	164	226	389	4.13e-45	152
KDHFCO_10860	BAFDFF_09595	100	201	0	0	1	201	1	201	9.20e-144	405
KDHFCO_10860	DANMKC_05690	100	125	0	0	75	199	127	251	7.99e-86	253
KDHFCO_10860	BJNLFJ_00015	58.2	201	84	0	1	201	1	201	4.85e-83	250
KDHFCO_10860	GIODPP_08930	56.7	201	85	1	1	201	1	199	1.48e-78	239
KDHFCO_10860	BPPLAM_03680	55.2	201	90	0	1	201	1	201	1.49e-77	237
KDHFCO_10860	FMBBOG_10550	58.9	168	69	0	34	201	1	168	6.52e-70	216
KDHFCO_10870	IBNKIA_06690	100	93	0	0	1	93	8	100	4.75e-61	195
KDHFCO_10875	FHONGL_10930	100	132	0	0	1	132	1	132	8.76e-94	266
KDHFCO_10875	LIMBNG_03585	72.7	128	35	0	1	128	1	128	1.35e-63	189
KDHFCO_10880	DCAANM_05025	94.8	172	9	0	1	172	33	204	9.33e-127	353
KDHFCO_10880	MILJBE_04280	70.0	170	49	2	1	170	1	168	2.83e-86	250
KDHFCO_10880	PCEMBB_06400	72.8	147	39	1	1	147	1	146	2.38e-77	231
KDHFCO_10880	FFDIKI_03855	54.2	168	72	1	1	168	1	163	2.47e-65	197
KDHFCO_10880	GNPDOB_06280	54.7	170	72	1	1	170	1	165	8.29e-65	196
KDHFCO_10885	CIJHDH_10105	97.9	96	2	0	1	96	1	96	2.41e-65	191
KDHFCO_10895	CDIIGJ_00260	82.6	132	23	0	1	132	28	159	5.35e-74	217
KDHFCO_10895	IAMBHH_04075	64.3	129	45	1	2	129	2	130	1.18e-53	164
KDHFCO_10895	ADJCAM_09800	59.1	132	53	1	1	132	1	131	4.95e-50	155
KDHFCO_10905	ANFPEE_10930	81.3	96	16	1	1	96	1	94	2.21e-51	156
KDHFCO_10920	ABNNBP_01060	100	252	0	0	1	252	1	252	1.72e-177	487
KDHFCO_10920	CBFHCM_00020	74.2	248	64	0	1	248	1	248	5.02e-131	370
KDHFCO_10920	HNNKEJ_01225	80.6	175	34	0	72	246	218	392	5.30e-99	294
KDHFCO_10920	AAKGEC_01170	41.8	244	139	2	2	242	4	247	6.11e-58	184
KDHFCO_10925	BNPKDP_00150	99.7	393	1	0	1	393	1	393	4.14e-286	776
KDHFCO_10925	CBFHCM_00015	67.6	407	132	0	1	407	1	407	8.55e-200	556
KDHFCO_10925	HNNKEJ_01225	69.2	234	66	1	1	234	1	228	4.69e-116	343
KDHFCO_10945	BFGFFC_10640	97.4	76	2	0	1	76	1	76	5.16e-51	153
KDHFCO_10950	FGPNLL_04740	85.5	110	16	0	3	112	17	126	3.48e-64	190
KDHFCO_10955	OCIPFJ_05755	94.9	138	7	0	1	138	1	138	4.30e-91	260
KDHFCO_10955	ILDBOH_04410	68.1	138	40	1	1	138	1	134	1.31e-61	185
KDHFCO_10960	FHONGL_11015	100	185	0	0	1	185	1	185	1.52e-131	365
KDHFCO_10960	OLJKOC_11940	77.0	139	28	2	45	182	62	197	3.36e-69	208
KDHFCO_10960	GCFKAO_11045	65.7	172	52	3	17	184	1	169	3.97e-66	199
KDHFCO_10960	PODEMB_06240	58.7	184	69	4	1	181	1	180	9.78e-60	184
KDHFCO_10960	KEMHDF_05465	56.1	196	69	5	1	181	1	194	8.12e-57	177
KDHFCO_10960	NKPHMN_04630	58.6	169	61	4	17	181	1	164	2.78e-53	167
KDHFCO_10960	PLIKPJ_03600	54.6	207	71	7	1	185	1	206	1.91e-52	166
KDHFCO_10960	EHKLLF_04410	70.2	124	34	2	58	181	35	155	2.42e-52	164
KDHFCO_10960	OMDMHF_08725	54.3	208	60	8	1	185	1	196	2.29e-51	163
KDHFCO_10960	MNCEOE_04050	53.0	198	73	5	1	181	1	195	2.36e-51	163
KDHFCO_10960	BGCJLL_01670	60.8	153	48	4	45	185	83	235	1.45e-50	162
KDHFCO_10960	BLJABE_09805	66.2	142	34	4	54	185	77	214	2.23e-50	161
KDHFCO_10960	AJONOJ_07255	53.3	199	72	7	1	185	1	192	3.76e-49	157
KDHFCO_10960	PFCLJG_04655	61.8	144	49	3	45	185	67	207	4.73e-48	155
KDHFCO_10960	KFOCHN_10255	60.4	144	41	3	48	182	63	199	1.09e-47	154
KDHFCO_10960	KILFKA_05435	51.8	197	70	7	1	181	1	188	6.55e-47	151
KDHFCO_10980	ACPHPF_01270	98.9	88	1	0	1	88	1	88	3.60e-61	180
KDHFCO_10985	JOBCMP_06490	86.0	107	14	1	1	106	1	107	9.22e-65	191
KDHFCO_10985	DGMGJF_13505	84.9	106	16	0	1	106	1	106	3.07e-64	192
KDHFCO_10990	AJANDE_12870	97.9	94	2	0	1	94	81	174	6.07e-61	182
KDHFCO_11000	AMFMEJ_07360	98.7	79	1	0	1	79	1	79	1.21e-53	160
KDHFCO_11005	AHPAPB_10860	98.4	124	2	0	1	124	8	131	4.12e-83	238
KDHFCO_11005	IHNEIG_06990	61.9	118	45	0	7	124	2	119	3.14e-48	150
KDHFCO_11010	ABCBPP_05600	95.9	241	10	0	1	241	1	241	1.41e-166	459
KDHFCO_11010	AAOIOD_00605	61.5	234	90	0	8	241	8	241	2.19e-103	299
KDHFCO_11010	CMMAPM_06330	53.9	245	100	5	1	241	8	243	9.14e-79	236
KDHFCO_11010	DNKIME_09690	45.8	212	108	4	31	240	18	224	9.34e-57	180
KDHFCO_11010	AKOOIJ_03000	42.5	247	116	5	15	241	7	247	3.39e-56	179
KDHFCO_11010	LBKFJK_06140	37.6	229	126	2	29	241	18	245	2.61e-52	169
KDHFCO_11010	DNKGCI_08265	36.3	226	127	3	29	238	18	242	3.80e-46	153
KDHFCO_11015	ABCBPP_10435	93.5	260	12	1	1	260	1	255	1.23e-166	460
KDHFCO_11015	COBKPA_04275	58.9	287	77	3	1	252	1	281	3.31e-97	286
KDHFCO_11015	MILJBE_11445	97.7	133	3	0	6	138	1	133	1.44e-87	260
KDHFCO_11015	DHPGCJ_01865	84.8	158	24	0	1	158	1	158	2.31e-87	261
KDHFCO_11015	OFBCLB_11530	83.1	136	23	0	1	136	1	136	2.64e-76	232
KDHFCO_11015	KKACAP_05485	41.4	263	135	3	1	246	1	261	5.87e-58	185
KDHFCO_11015	DJJNBD_01385	39.6	265	138	6	1	258	1	250	2.96e-49	162
KDHFCO_11015	OAJDKB_06200	45.5	253	126	5	1	250	1	244	2.54e-48	160
KDHFCO_11015	CPFDGH_11475	40.8	260	134	6	6	260	1	245	9.48e-46	153
KDHFCO_11020	LBDMAD_12625	97.0	135	4	0	1	135	1	135	4.68e-92	264
KDHFCO_11020	FDLGOJ_03220	92.2	141	11	0	1	141	5	145	1.33e-91	261
KDHFCO_11020	BAOMEA_06055	67.3	153	37	3	1	141	1	152	3.15e-64	192
KDHFCO_11020	GNPDOB_10985	69.2	143	42	1	1	141	1	143	2.03e-61	185
KDHFCO_11020	ABJDJH_09900	61.9	160	41	3	2	141	1	160	9.08e-61	184
KDHFCO_11020	BGLHJG_07695	63.4	153	41	3	1	141	1	150	3.04e-60	182
KDHFCO_11020	CNLKLD_04595	62.8	164	38	4	1	141	1	164	2.80e-58	177
KDHFCO_11020	KPGHOL_10310	59.0	161	42	2	1	141	1	157	3.18e-58	177
KDHFCO_11020	OFBCLB_02830	59.9	147	50	2	1	141	1	144	4.92e-57	174
KDHFCO_11020	CLEGAA_04795	61.0	146	52	1	1	141	1	146	4.97e-55	169
KDHFCO_11020	ALHAGD_09820	74.1	108	28	0	1	108	1	108	1.58e-54	169
KDHFCO_11020	HNNKEJ_01600	58.2	153	51	3	1	141	1	152	8.07e-53	163
KDHFCO_11020	NGAPDN_14150	57.1	161	49	3	1	141	1	161	1.07e-52	163
KDHFCO_11030	PLDCIE_05095	100	123	0	0	1	123	1	123	2.15e-88	256
KDHFCO_11030	AAKGEC_02005	98.4	123	2	0	1	123	1	123	2.55e-87	253
KDHFCO_11030	DIEDGI_01070	87.8	123	15	0	1	123	1	123	3.97e-76	225
KDHFCO_11030	MNCDBI_12510	83.7	123	19	1	1	123	1	122	7.59e-72	214
KDHFCO_11035	AAKGEC_02010	97.7	131	3	0	1	131	1	131	7.51e-90	256
KDHFCO_11035	MCIJIB_06005	64.1	131	47	0	1	131	1	131	8.51e-55	167
KDHFCO_11035	COBKPA_04790	64.1	131	46	1	1	130	1	131	4.15e-53	163
KDHFCO_11045	ABCBPP_10460	93.6	125	8	0	1	125	1	125	2.28e-79	229
KDHFCO_11055	ABCBPP_10475	97.8	89	2	0	1	89	1	89	1.35e-61	181
KDHFCO_11060	ALNFEK_06910	81.2	260	41	2	1	252	1	260	7.63e-144	402
KDHFCO_11060	NAFEBK_11485	71.1	256	64	2	1	252	1	250	9.42e-117	333
KDHFCO_11060	PJCKBK_09065	59.2	255	97	3	1	251	1	252	6.87e-103	298
KDHFCO_11060	KCPOOK_06085	58.7	252	100	3	1	252	1	248	3.63e-92	271
KDHFCO_11060	BOCCFK_07215	56.2	249	106	2	1	249	1	246	3.41e-88	261
KDHFCO_11060	EEGLMF_09710	74.0	181	33	1	1	167	1	181	1.28e-87	260
KDHFCO_11060	KDFFJH_10650	65.7	181	45	3	1	167	1	178	2.66e-75	229
KDHFCO_11060	HPKJMF_10870	49.6	250	122	3	1	250	1	246	2.94e-71	218
KDHFCO_11060	COBKPA_03715	47.5	257	128	3	1	252	1	255	5.18e-71	218
KDHFCO_11060	NGAPDN_05160	43.7	252	125	6	1	245	1	242	1.87e-49	162
KDHFCO_11060	ABIMCM_01440	61.8	123	47	0	129	251	119	241	1.49e-47	157
KDHFCO_11060	DNKIME_10115	48.9	174	79	3	1	167	3	173	2.21e-45	152
KDHFCO_11065	AGKELP_01480	100	82	0	0	1	82	1	82	1.03e-55	166
KDHFCO_11070	FHONGL_11125	100	78	0	0	1	78	1	78	5.95e-51	153
KDHFCO_11085	AGKELP_01505	98.2	165	3	0	1	165	1	165	1.44e-108	306
KDHFCO_11085	IAMBHH_03900	69.7	165	44	1	1	165	1	159	3.04e-72	214
KDHFCO_11085	AJONOJ_07370	70.7	150	44	0	16	165	13	162	3.34e-65	196
KDHFCO_11085	HNNJHH_09840	64.2	162	57	1	5	165	17	178	1.00e-60	185
KDHFCO_11085	AJGINB_12205	61.3	168	59	1	4	165	20	187	1.09e-59	183
KDHFCO_11085	FKGECP_02260	64.0	161	53	2	1	161	12	167	7.83e-59	180
KDHFCO_11085	HMJMNM_07855	64.8	162	53	2	1	160	20	179	1.34e-56	175
KDHFCO_11085	MNCDBI_10465	59.8	164	60	1	1	164	17	174	1.63e-56	174
KDHFCO_11085	BNFMAL_00160	61.9	168	54	2	5	165	16	180	5.44e-56	173
KDHFCO_11085	MEFLAG_08640	60.0	165	52	3	1	160	12	167	9.83e-55	170
KDHFCO_11085	AHPAPB_10935	61.5	161	49	3	17	165	35	194	2.75e-54	169
KDHFCO_11090	ABCBPP_10510	97.9	144	3	0	1	144	1	144	3.19e-104	293
KDHFCO_11090	AGDPFD_06995	52.2	138	66	0	1	138	1	138	4.44e-49	154
KDHFCO_11095	JBKKJP_11075	92.8	111	8	0	1	111	7	117	1.46e-72	211
KDHFCO_11100	PHBBGM_10865	76.0	392	94	0	1	392	1	392	3.96e-208	577
KDHFCO_11100	FMBBOG_01365	70.5	396	114	1	1	393	1	396	1.16e-193	540
KDHFCO_11100	ABCLFC_12515	69.0	393	121	1	1	393	1	392	1.41e-186	522
KDHFCO_11100	BOKJIE_08590	69.0	397	119	2	1	393	1	397	2.26e-184	516
KDHFCO_11100	ANFPEE_11065	66.7	396	129	1	1	393	1	396	3.59e-183	513
KDHFCO_11100	ABCBPP_02220	66.4	396	130	1	1	393	1	396	1.03e-182	512
KDHFCO_11100	AIGDEK_00830	68.2	396	123	1	1	393	1	396	1.03e-182	512
KDHFCO_11100	MNCDBI_09870	66.2	396	131	1	1	393	1	396	3.40e-181	508
KDHFCO_11100	NGIILC_10805	67.2	393	128	1	1	393	1	392	1.70e-180	506
KDHFCO_11100	ABCBPP_12205	67.3	395	126	2	1	393	1	394	1.05e-179	504
KDHFCO_11100	DNKGCI_10485	65.4	396	133	4	1	393	1	395	5.09e-178	500
KDHFCO_11100	CADMAF_09105	64.4	393	140	0	1	393	1	393	2.23e-176	496
KDHFCO_11100	GHPLOC_08865	61.6	396	149	1	1	393	1	396	3.03e-165	468
KDHFCO_11100	DMLIFG_01295	60.0	380	151	1	14	393	1	379	4.33e-156	444
KDHFCO_11100	IAFHMK_02230	56.8	396	166	5	1	393	1	394	3.49e-139	402
KDHFCO_11100	BLCAGE_09375	67.1	292	96	0	102	393	1	292	2.23e-137	393
KDHFCO_11100	AANGNE_09010	52.5	398	181	4	1	393	1	395	1.57e-125	367
KDHFCO_11100	ABCBPP_00310	47.5	402	189	9	1	390	1	392	4.71e-111	330
KDHFCO_11100	MNCDBI_11605	45.6	386	204	5	3	383	6	390	5.08e-104	312
KDHFCO_11100	OPPHHN_09095	46.3	387	202	5	3	384	6	391	4.07e-103	310
KDHFCO_11100	PLBPOI_05235	45.1	386	206	5	3	383	6	390	7.38e-101	304
KDHFCO_11100	AGHDIE_01955	45.2	396	209	6	3	393	10	402	3.04e-100	303
KDHFCO_11100	GNHKBD_01650	43.3	397	215	7	3	393	11	403	9.05e-97	294
KDHFCO_11100	ACDDAG_04295	42.9	396	214	6	1	388	1	392	8.49e-95	288
KDHFCO_11100	AEMMAL_07540	43.8	397	214	4	3	393	8	401	2.44e-94	288
KDHFCO_11105	CLAPNJ_06120	76.8	164	37	1	6	168	180	343	4.13e-77	233
KDHFCO_11105	AANGNE_03760	74.3	171	40	2	1	168	1	170	5.44e-76	224
KDHFCO_11105	BGHOFK_07025	76.9	160	37	0	1	160	1	160	1.75e-74	220
KDHFCO_11105	LBKFJK_04565	67.3	153	50	0	8	160	8	160	7.18e-66	198
KDHFCO_11105	DDDLLA_10260	66.2	139	47	0	5	143	6	144	6.98e-61	185
KDHFCO_11105	KKACAP_12135	64.0	164	33	2	6	168	20	158	1.61e-58	179
KDHFCO_11105	KGIGEE_00295	78.7	108	22	1	62	168	46	153	1.65e-47	151
KDHFCO_11115	ABCBPP_10535	69.6	184	27	1	2	185	2	156	3.03e-77	227
KDHFCO_11115	BGHOFK_10530	51.1	186	91	0	1	186	1	186	3.97e-65	197
KDHFCO_11115	AANGNE_06075	51.4	185	90	0	2	186	2	186	9.99e-61	186
KDHFCO_11115	CDIIGJ_00440	50.5	186	92	0	1	186	1	186	1.42e-60	186
KDHFCO_11115	HJMHNM_08885	47.6	185	97	0	2	186	2	186	1.08e-57	179
KDHFCO_11115	AAKGEC_01095	47.0	185	98	0	1	185	1	185	4.35e-57	177
KDHFCO_11115	AJCMKJ_10760	46.8	186	98	1	1	186	1	185	8.48e-57	176
KDHFCO_11115	EMAPBM_05585	44.9	185	102	0	1	185	1	185	6.15e-52	164
KDHFCO_11115	AANGNE_03750	47.5	181	95	0	2	182	2	182	4.83e-51	162
KDHFCO_11125	CDIIGJ_06365	79.8	322	58	1	1	322	1	315	3.61e-183	507
KDHFCO_11125	DNKGCI_01100	72.4	323	82	2	1	323	1	316	1.10e-163	458
KDHFCO_11125	CNLKLD_05900	65.9	314	100	1	9	322	1	307	6.68e-149	420
KDHFCO_11125	DDDLLA_10065	65.5	319	107	1	1	319	1	316	2.21e-143	407
KDHFCO_11125	GFAJDO_03380	100	153	0	0	171	323	6	158	1.68e-106	307
KDHFCO_11130	AAKGEC_11645	96.8	154	5	0	1	154	1	154	5.59e-112	313
KDHFCO_11135	AAKGEC_11640	90.2	173	17	0	1	173	1	173	8.91e-116	325
KDHFCO_11135	DNKGCI_01095	64.0	161	58	0	1	161	1	161	3.94e-75	222
KDHFCO_11135	HNNKEJ_07770	68.8	154	48	0	8	161	63	216	4.83e-75	223
KDHFCO_11135	LBKFJK_06960	62.3	138	52	0	24	161	1	138	5.38e-61	185
KDHFCO_11140	AAKGEC_11635	80.6	124	24	0	1	124	1	124	1.32e-73	214
KDHFCO_11140	CDIIGJ_06380	69.7	122	37	0	1	122	1	122	1.52e-62	186
KDHFCO_11140	HNNKEJ_07775	63.1	122	45	0	1	122	1	122	1.93e-55	168
KDHFCO_11140	FIHDIM_11765	73.6	106	13	1	1	106	1	91	6.28e-51	157
KDHFCO_11140	IAFHMK_04335	54.9	122	55	0	1	122	1	122	6.36e-49	152
KDHFCO_11145	DIBOGN_06055	95.1	306	5	1	1	296	111	416	8.95e-210	577
KDHFCO_11145	HNNKEJ_07780	66.6	296	99	0	1	296	111	406	1.19e-141	404
KDHFCO_11145	DDDLLA_00455	36.1	269	153	7	4	265	118	374	1.97e-44	154
KDHFCO_11150	DIBOGN_06055	97.1	104	3	0	1	104	1	104	7.25e-65	201
KDHFCO_11155	DNKGCI_01090	76.3	786	181	1	1	781	1	786	0.0	1187
KDHFCO_11155	IAFHMK_04340	74.6	794	188	2	1	781	1	793	0.0	1167
KDHFCO_11155	AANGNE_08290	73.8	781	195	4	2	781	4	775	0.0	1136
KDHFCO_11155	CNLKLD_05905	72.2	780	210	2	2	781	7	779	0.0	1115
KDHFCO_11165	AANGNE_08300	91.5	201	17	0	1	201	1	201	1.97e-131	367
KDHFCO_11170	DDDLLA_10040	90.9	386	35	0	146	531	156	541	1.07e-241	673
KDHFCO_11175	AAKGEC_11610	93.2	237	16	0	1	237	1	237	1.58e-161	446
KDHFCO_11175	CJHCCN_07360	58.6	237	98	0	1	237	1	237	1.25e-101	294
KDHFCO_11175	DDDLLA_06085	42.6	237	133	3	1	235	1	236	7.93e-62	193
KDHFCO_11180	AMHKJB_11425	98.0	398	8	0	1	398	1	398	1.15e-272	741
KDHFCO_11180	JIMIHD_02715	45.7	396	202	5	4	399	2	384	3.53e-105	315
KDHFCO_11185	IAFHMK_04380	77.7	395	87	1	1	395	1	394	1.85e-235	646
KDHFCO_11185	BEGLKA_03340	98.4	258	4	0	1	258	1	258	1.49e-185	514
KDHFCO_11190	ABCBPP_10600	87.2	250	32	0	1	250	1	250	3.74e-155	431
KDHFCO_11190	BGHOFK_06965	72.1	251	69	1	1	250	1	251	3.87e-125	355
KDHFCO_11190	IAFHMK_04385	65.3	248	86	0	3	250	2	249	3.76e-113	324
KDHFCO_11190	LBKFJK_07000	63.2	250	91	1	1	250	1	249	1.77e-111	320
KDHFCO_11190	DNKGCI_01055	60.4	250	98	1	1	250	1	249	3.50e-104	301
KDHFCO_11190	AANGNE_08320	63.6	250	90	1	1	250	1	249	7.05e-104	301
KDHFCO_11190	CNLKLD_05610	56.3	247	106	2	4	249	3	248	8.85e-95	278
KDHFCO_11190	DDDLLA_10025	57.5	259	99	5	1	250	1	257	1.01e-93	275
KDHFCO_11195	AAKGEC_11590	98.1	154	3	0	1	154	1	154	4.65e-86	248
KDHFCO_11195	CDIIGJ_06425	73.9	157	37	2	1	154	1	156	6.83e-56	172
KDHFCO_11205	CDIIGJ_06435	83.1	366	59	2	1	363	1	366	4.08e-177	496
KDHFCO_11205	HNNKEJ_07835	75.7	370	87	1	1	370	1	367	1.31e-165	467
KDHFCO_11205	IAFHMK_04395	68.4	364	110	2	3	361	4	367	6.47e-135	389
KDHFCO_11205	DDDLLA_10010	66.1	381	116	3	1	368	1	381	4.21e-131	380
KDHFCO_11205	AANGNE_08335	61.8	361	134	2	3	361	2	360	3.61e-130	377
KDHFCO_11205	LBKFJK_07015	64.7	377	119	2	1	363	1	377	1.20e-129	376
KDHFCO_11205	CNLKLD_05620	65.1	372	126	2	1	368	1	372	4.55e-126	367
KDHFCO_11205	DNKGCI_01040	61.7	373	131	2	1	361	1	373	4.27e-117	344
KDHFCO_11210	FGPNLL_10865	93.2	543	32	1	1	538	1	543	6.14e-314	857
KDHFCO_11210	KOJBHC_09640	92.4	356	27	0	183	538	218	573	2.42e-233	654
KDHFCO_11210	HCCODA_04080	85.6	340	49	0	199	538	165	504	5.01e-206	582
KDHFCO_11210	HNNKEJ_07840	80.2	354	61	1	185	538	188	532	6.22e-204	577
KDHFCO_11210	CDIIGJ_06440	82.0	356	63	1	183	538	181	535	6.91e-204	577
KDHFCO_11210	BGHOFK_06950	74.6	355	88	1	186	538	191	545	4.83e-189	540
KDHFCO_11210	JAFLJO_01330	73.7	316	81	1	194	507	155	470	3.57e-163	471
KDHFCO_11210	CJHCCN_07340	60.7	318	112	3	222	538	193	498	1.28e-126	379
KDHFCO_11210	FAAIHB_00255	59.7	318	115	3	222	538	243	548	2.11e-123	372
KDHFCO_11210	CNLKLD_05625	56.2	315	124	4	225	538	252	553	6.81e-110	338
KDHFCO_11210	EJHBKF_10860	88.0	117	14	0	184	300	145	261	5.69e-58	194
KDHFCO_11215	BAFDFF_09595	98.8	166	2	0	1	166	226	391	1.02e-113	328
KDHFCO_11215	ABCBPP_12920	50.3	165	82	0	1	165	90	254	2.32e-51	164
KDHFCO_11215	GIODPP_08930	49.7	165	82	1	1	165	224	387	9.81e-49	161
KDHFCO_11215	FMBBOG_10550	48.2	164	84	1	1	164	193	355	6.39e-46	153
KDHFCO_11215	BPPLAM_03680	47.6	164	86	0	1	164	226	389	4.13e-45	152
KDHFCO_11220	BAFDFF_09595	100	201	0	0	1	201	1	201	9.20e-144	405
KDHFCO_11220	DANMKC_05690	100	125	0	0	75	199	127	251	7.99e-86	253
KDHFCO_11220	BJNLFJ_00015	58.2	201	84	0	1	201	1	201	4.85e-83	250
KDHFCO_11220	GIODPP_08930	56.7	201	85	1	1	201	1	199	1.48e-78	239
KDHFCO_11220	BPPLAM_03680	55.2	201	90	0	1	201	1	201	1.49e-77	237
KDHFCO_11220	FMBBOG_10550	58.9	168	69	0	34	201	1	168	6.52e-70	216
KDHFCO_11230	DDDLLA_10005	85.6	298	38	1	1	298	1	293	2.75e-182	503
KDHFCO_11230	CNLKLD_05415	53.7	283	126	1	10	292	8	285	2.93e-105	308
KDHFCO_11230	DBFGIH_06940	39.3	305	156	8	1	298	1	283	7.82e-60	192
KDHFCO_11290	AAKGEC_09855	90.0	219	22	0	1	219	1	219	2.44e-131	368
KDHFCO_11290	BGHOFK_07560	71.0	214	62	0	4	217	3	216	2.81e-100	289
KDHFCO_11290	DNKGCI_08975	63.1	217	80	0	3	219	1	217	6.40e-94	273
KDHFCO_11295	JAFLJO_08530	89.4	644	68	0	1	644	30	673	0.0	1178
KDHFCO_11300	AANGNE_08415	82.9	105	18	0	1	105	21	125	7.79e-59	176
KDHFCO_11305	ABNNBP_11795	99.8	420	1	0	1	420	1	420	1.77e-275	749
KDHFCO_11305	DNKGCI_08960	29.7	421	265	7	21	420	23	433	6.73e-47	166
KDHFCO_11310	AAKGEC_09875	99.0	202	2	0	1	202	1	202	1.28e-145	402
KDHFCO_11310	CNLKLD_02625	57.5	200	83	2	1	198	1	200	2.56e-81	240
KDHFCO_11315	LCDEGG_14340	99.0	96	1	0	1	96	243	338	5.08e-57	178
KDHFCO_11315	AMHKJB_04215	98.9	88	1	0	1	88	1	88	2.21e-54	164
KDHFCO_11315	CBFHCM_03370	88.5	96	7	1	1	96	1	92	1.63e-51	156
KDHFCO_11320	OBFACL_08170	98.9	272	3	0	1	272	1	272	7.07e-196	537
KDHFCO_11320	KPPIIN_12125	92.8	152	11	0	81	232	1	152	9.01e-99	287
KDHFCO_11320	BOKGIH_10420	98.2	110	2	0	156	265	1	110	1.04e-72	219
KDHFCO_11320	AHPAPB_10090	38.1	270	164	2	7	276	31	297	6.61e-53	174
KDHFCO_11320	FAAIHB_09795	36.9	263	164	2	14	275	4	265	4.33e-50	166
KDHFCO_11320	ACPHPF_04690	38.2	259	156	3	18	275	26	281	2.64e-49	164
KDHFCO_11320	DPMHNO_00280	97.4	78	2	0	1	78	22	99	1.75e-46	150
KDHFCO_11320	JOBCMP_04985	37.7	268	158	5	13	276	15	277	1.93e-46	156
KDHFCO_11320	OMDMHF_02850	37.2	269	161	5	14	275	3	270	3.06e-45	153
KDHFCO_11325	ABNNBP_01250	98.7	227	0	1	1	224	1	227	3.74e-161	444
KDHFCO_11325	GGNLIA_03115	67.4	224	70	1	1	221	240	463	4.83e-104	308
KDHFCO_11325	BOKJIE_00635	65.5	223	74	1	1	220	1	223	6.37e-104	299
KDHFCO_11325	BEHEAJ_00625	64.2	226	78	1	1	223	109	334	1.83e-102	299
KDHFCO_11325	IAMLOO_03350	62.4	218	75	2	4	218	31	244	9.60e-95	277
KDHFCO_11325	IIAFGB_05595	58.8	221	88	1	1	218	237	457	7.47e-94	281
KDHFCO_11325	FMBBOG_10345	58.1	222	85	2	5	218	51	272	6.27e-85	253
KDHFCO_11325	DPMHNO_10660	99.2	121	1	0	87	207	1	121	4.17e-83	245
KDHFCO_11325	PJLNJC_02530	62.4	173	64	1	50	221	1	173	3.43e-76	228
KDHFCO_11325	FBLLHG_03105	47.8	224	103	7	5	221	23	239	1.12e-53	172
KDHFCO_11330	ABNNBP_01245	100	189	0	0	1	189	1	189	4.17e-131	365
KDHFCO_11335	AANGNE_08425	86.3	211	27	1	1	211	1	209	8.03e-128	358
KDHFCO_11340	BGHOFK_07530	91.5	376	32	0	1	376	1	376	1.79e-223	614
KDHFCO_11340	IAFHMK_09185	73.1	375	99	1	1	375	1	373	3.96e-176	494
KDHFCO_11340	AKPIPJ_03190	70.9	378	108	1	1	378	1	376	1.08e-172	486
KDHFCO_11340	BNBIEO_09110	71.5	379	106	2	1	379	1	377	6.26e-171	481
KDHFCO_11340	NEHKFL_07100	68.5	378	117	1	1	378	1	376	1.33e-167	473
KDHFCO_11340	OFBCLB_04525	68.9	379	116	1	1	379	1	377	1.01e-161	458
KDHFCO_11340	BOKJIE_02175	36.8	389	225	9	1	376	1	381	2.22e-58	194
KDHFCO_11345	KBGOAJ_11300	85.3	312	45	1	3	314	76	386	4.05e-192	532
KDHFCO_11345	CDIIGJ_06540	72.7	311	85	0	3	313	76	386	2.04e-164	462
KDHFCO_11345	BGHOFK_07525	69.7	310	94	0	3	312	76	385	7.40e-160	451
KDHFCO_11345	IAFHMK_01885	68.7	310	97	0	3	312	76	385	1.44e-159	450
KDHFCO_11345	HNNKEJ_07950	69.2	308	95	0	5	312	78	385	3.47e-158	446
KDHFCO_11345	OFBCLB_07215	59.3	312	125	1	3	312	76	387	2.57e-134	386
KDHFCO_11345	LBKFJK_03875	57.7	310	131	0	3	312	76	385	9.10e-132	379
KDHFCO_11345	BNBIEO_05675	33.8	311	201	3	3	311	84	391	1.39e-60	197
KDHFCO_11345	CNLKLD_06405	33.1	287	187	3	9	293	83	366	8.37e-49	167
KDHFCO_11350	KBGOAJ_11300	82.6	86	15	0	1	86	1	86	1.82e-48	157
KDHFCO_11355	BGHOFK_07520	76.9	359	83	0	1	359	1	359	4.98e-200	553
KDHFCO_11355	FBLNFP_09685	43.2	375	195	3	5	361	4	378	2.43e-94	286
KDHFCO_11355	AOJAFJ_06850	35.4	364	213	3	17	360	15	376	4.70e-72	228
KDHFCO_11355	FJJMED_07365	40.4	267	143	3	7	264	8	267	2.42e-59	192
KDHFCO_11355	AHPAPB_00360	32.4	426	220	9	4	361	7	432	4.22e-54	183
KDHFCO_11360	BNFMAL_07580	89.3	319	34	0	1	319	1	319	2.75e-216	591
KDHFCO_11360	IAFHMK_01895	67.4	316	102	1	1	316	1	315	1.20e-157	443
KDHFCO_11360	DDDLLA_00310	52.1	305	145	1	1	304	1	305	9.90e-112	326
KDHFCO_11365	AAKGEC_09905	85.9	184	26	0	1	184	1	184	1.72e-110	312
KDHFCO_11365	CDIIGJ_06560	68.1	185	59	0	1	185	1	185	2.13e-89	259
KDHFCO_11365	HNNKEJ_07970	71.0	183	53	0	1	183	1	183	7.55e-89	258
KDHFCO_11365	BGHOFK_07505	64.1	184	66	0	1	184	1	184	1.09e-82	242
KDHFCO_11365	LBKFJK_07135	64.5	183	65	0	1	183	1	183	4.35e-81	238
KDHFCO_11365	DNKGCI_10295	61.2	183	71	0	1	183	12	194	1.34e-77	229
KDHFCO_11365	DDDLLA_04510	60.7	183	72	0	1	183	3	185	5.68e-73	218
KDHFCO_11370	AAKGEC_09910	94.4	302	17	0	1	302	1	302	1.79e-188	519
KDHFCO_11370	BGHOFK_07500	74.5	302	77	0	1	302	1	302	6.20e-145	409
KDHFCO_11370	CNLKLD_02645	68.6	261	82	0	1	261	1	261	3.52e-117	338
KDHFCO_11370	IAFHMK_01905	56.3	300	131	0	1	300	1	300	1.02e-102	302
KDHFCO_11370	DDDLLA_07170	52.2	299	143	0	1	299	1	299	2.48e-93	278
KDHFCO_11375	AAKGEC_09915	90.6	288	27	0	1	288	1	288	6.29e-203	555
KDHFCO_11375	DNKGCI_11315	69.2	289	89	0	1	289	1	289	4.51e-157	439
KDHFCO_11375	AANGNE_08435	66.8	289	96	0	1	289	1	289	3.35e-152	426
KDHFCO_11375	CNLKLD_02650	67.4	288	94	0	1	288	1	288	6.43e-150	421
KDHFCO_11375	IAFHMK_01920	65.4	289	100	0	1	289	1	289	4.10e-146	411
KDHFCO_11375	CDIIGJ_05185	34.2	295	175	8	3	289	2	285	9.19e-53	173
KDHFCO_11375	HNNKEJ_06250	36.3	278	164	8	3	274	2	272	1.02e-51	171
KDHFCO_11375	ADJCAM_03515	31.9	295	186	8	4	289	7	295	4.05e-51	169
KDHFCO_11375	BGCJLL_01100	32.3	300	168	9	5	287	4	285	2.76e-47	159
KDHFCO_11380	AAKGEC_09920	98.7	314	4	0	1	314	1	314	1.31e-228	622
KDHFCO_11385	DNKIME_01645	73.0	433	113	1	1	429	1	433	6.65e-176	498
KDHFCO_11385	CNLKLD_01905	68.1	432	119	3	1	432	1	413	2.26e-165	471
KDHFCO_11390	ABIMCM_03665	93.3	89	6	0	1	89	81	169	5.98e-54	164
KDHFCO_11400	BGHOFK_07480	80.6	216	42	0	1	216	1	216	2.42e-121	343
KDHFCO_11400	ABNNBP_05535	41.2	216	124	2	2	217	3	215	2.19e-52	167
KDHFCO_11415	AAKGEC_09945	93.2	307	21	0	1	307	1	307	2.02e-208	570
KDHFCO_11420	AAKGEC_09950	83.3	360	48	2	2	357	22	373	1.29e-139	400
KDHFCO_11420	HNNKEJ_08025	64.2	344	105	2	14	357	26	351	2.49e-93	282
KDHFCO_11420	CDIIGJ_06605	53.9	360	156	2	1	357	21	373	2.80e-92	280
KDHFCO_11420	BGHOFK_07455	58.9	377	135	2	1	357	1	377	5.73e-90	274
KDHFCO_11420	DDDLLA_07250	49.1	348	160	3	16	357	24	360	8.62e-70	222
KDHFCO_11420	BNBIEO_09050	40.2	351	171	4	11	357	22	337	9.24e-63	203
KDHFCO_11420	LBKFJK_05785	54.1	355	156	3	6	356	9	360	2.33e-55	184
KDHFCO_11420	DNKGCI_11350	50.3	350	157	3	11	357	17	352	6.99e-51	172
KDHFCO_11420	DBFGIH_01350	44.1	356	175	3	6	357	15	350	5.45e-49	167
KDHFCO_11420	ACDDAG_02245	35.0	351	195	4	11	357	22	343	2.26e-44	155
KDHFCO_11420	IAFHMK_01955	44.2	353	187	3	11	357	20	368	3.98e-44	155
KDHFCO_11425	ABCBPP_10795	94.0	797	48	0	1	797	1	797	0.0	1457
KDHFCO_11425	CNLKLD_01885	73.0	803	211	3	1	797	1	803	0.0	1120
KDHFCO_11425	AANGNE_08500	69.8	802	237	4	1	797	1	802	0.0	1074
KDHFCO_11430	HNNKEJ_08045	91.9	344	28	0	1	344	4	347	8.50e-237	645
KDHFCO_11435	BOGGMI_09570	88.1	151	18	0	1	151	1	151	6.15e-103	292
KDHFCO_11435	EGPLAC_08805	87.4	151	19	0	1	151	48	198	7.76e-102	290
KDHFCO_11440	ABJDJH_08425	92.7	179	13	0	1	179	1	179	5.50e-120	336
KDHFCO_11440	ACDDAG_08390	60.9	174	68	0	1	174	1	174	1.06e-72	216
KDHFCO_11445	AAKGEC_09975	94.7	492	26	0	1	492	1	492	0.0	942
KDHFCO_11445	CDIIGJ_06640	71.9	495	136	2	1	492	1	495	3.86e-263	724
KDHFCO_11445	AANGNE_05035	70.0	493	147	1	1	492	1	493	2.49e-249	689
KDHFCO_11445	KCGGLB_06975	68.2	493	156	1	1	492	1	493	1.01e-248	687
KDHFCO_11445	DBJPJM_10005	60.6	320	121	3	32	348	891	1208	5.26e-127	402
KDHFCO_11445	DHALJH_09815	49.0	414	195	8	32	440	26	428	2.27e-125	377
KDHFCO_11450	LBIEGE_10760	95.4	218	10	0	1	218	1	218	3.69e-154	426
KDHFCO_11450	BGHOFK_00220	64.1	220	73	2	1	220	1	214	1.73e-107	307
KDHFCO_11450	BNBIEO_03095	64.7	215	69	3	2	213	3	213	1.60e-94	283
KDHFCO_11450	IAMLOO_06245	64.7	207	68	2	2	208	3	204	1.15e-93	280
KDHFCO_11450	PFOEKP_01465	59.7	206	79	2	1	206	1	202	8.09e-83	253
KDHFCO_11450	BLCAGE_04895	75.2	105	26	0	7	111	4	108	1.92e-55	172
KDHFCO_11455	DDDLLA_07275	90.4	428	41	0	1	428	37	464	5.85e-290	788
KDHFCO_11465	PLDCIE_12680	97.0	203	5	1	1	203	1	202	2.16e-126	354
KDHFCO_11465	LBKFJK_02240	59.0	200	81	1	1	200	2	200	1.12e-78	233
KDHFCO_11465	IAFHMK_01530	49.2	197	99	1	3	199	3	198	2.33e-62	192
KDHFCO_11465	DNKGCI_08135	50.3	197	96	1	3	199	3	197	2.77e-61	189
KDHFCO_11465	ABIMCM_03890	44.4	196	107	2	5	199	5	199	4.61e-47	153
KDHFCO_11470	AAKGEC_10025	96.5	287	10	0	1	287	27	313	1.77e-201	552
KDHFCO_11475	DBDHAK_07655	93.6	173	11	0	1	173	1	173	5.06e-121	338
KDHFCO_11475	HNNKEJ_08065	68.0	172	51	1	1	172	1	168	9.13e-88	254
KDHFCO_11475	CDIIGJ_06660	60.7	173	68	0	1	173	1	173	1.82e-81	238
KDHFCO_11475	BGHOFK_07420	59.5	173	70	0	1	173	1	173	1.05e-76	226
KDHFCO_11475	LBKFJK_05760	58.5	176	67	2	1	173	1	173	1.88e-71	213
KDHFCO_11475	HDKJGO_06005	54.7	172	77	1	1	171	1	172	2.61e-69	207
KDHFCO_11475	CJHCCN_03740	48.6	173	86	1	1	173	21	190	3.85e-56	174
KDHFCO_11480	DBDHAK_10800	82.6	465	79	1	1	463	1	465	8.64e-273	746
KDHFCO_11480	OECBDL_07800	91.7	180	15	0	1	180	1	180	1.53e-106	322
KDHFCO_11480	FIHDIM_04695	92.1	177	14	0	4	180	4	180	5.90e-105	315
KDHFCO_11480	DIBOGN_08040	91.5	177	15	0	4	180	4	180	3.18e-103	313
KDHFCO_11480	AHPAPB_05095	84.5	174	27	0	1	174	1	174	1.63e-92	285
KDHFCO_11480	ONFANJ_01330	82.5	183	32	0	1	183	1	183	2.16e-92	285
KDHFCO_11480	ONFANJ_10150	96.3	136	5	0	39	174	1	136	1.39e-79	253
KDHFCO_11480	ABCLFC_05740	29.8	459	295	8	1	455	1	436	1.41e-58	198
KDHFCO_11480	ELEKDE_06385	81.6	114	21	0	1	114	1	114	7.41e-58	187
KDHFCO_11480	NKPHMN_07195	93.3	89	6	0	86	174	1	89	2.38e-46	162
KDHFCO_11485	FIHDIM_04680	90.5	190	16	1	1	190	1	188	1.19e-121	341
KDHFCO_11490	ABCLFC_10850	91.5	130	11	0	1	130	1	130	2.42e-81	234
KDHFCO_11495	AANGNE_08545	85.8	331	45	1	1	331	1	329	1.32e-203	560
KDHFCO_11505	IAFHMK_02000	75.9	286	69	0	6	291	5	290	5.42e-155	434
KDHFCO_11505	DDDLLA_07310	73.5	291	76	1	1	291	1	290	1.48e-152	427
KDHFCO_11505	CNLKLD_02835	65.5	290	100	0	1	290	1	290	1.20e-137	390
KDHFCO_11505	AANGNE_08555	61.8	288	110	0	4	291	6	293	1.44e-127	364
KDHFCO_11505	CGMKCF_08470	74.7	166	42	0	1	166	1	166	1.18e-88	261
KDHFCO_11510	IAFHMK_02000	70.3	286	85	0	6	291	5	290	2.06e-142	402
KDHFCO_11510	DDDLLA_07310	66.0	291	98	1	1	291	1	290	4.57e-139	393
KDHFCO_11510	CNLKLD_02835	62.2	286	108	0	1	286	1	286	2.46e-129	369
KDHFCO_11510	AANGNE_08555	56.9	288	124	0	4	291	6	293	4.78e-118	340
KDHFCO_11510	CGMKCF_08470	95.2	166	8	0	1	166	1	166	1.62e-109	314
KDHFCO_11515	AAKGEC_10055	96.8	309	10	0	1	309	1	309	4.97e-210	574
KDHFCO_11515	AANGNE_08560	69.7	284	86	0	26	309	4	287	1.50e-141	400
KDHFCO_11520	ANIMCG_07810	97.5	590	15	0	1	590	11	600	0.0	1129
KDHFCO_11520	IAFHMK_09835	47.4	603	281	8	6	584	4	594	7.30e-184	531
KDHFCO_11520	CEHAJH_00955	53.0	219	96	2	361	578	10	222	2.17e-74	237
KDHFCO_11525	AAKGEC_10065	83.6	122	20	0	1	122	1	122	2.50e-77	223
KDHFCO_11525	BGHOFK_07375	73.0	122	33	0	1	122	1	122	1.01e-67	199
KDHFCO_11525	DDDLLA_05945	64.7	119	42	0	4	122	3	121	8.39e-58	174
KDHFCO_11525	LBKFJK_02210	65.5	119	41	0	4	122	3	121	1.85e-56	171
KDHFCO_11530	AAKGEC_10070	96.3	428	16	0	1	428	1	428	5.85e-302	817
KDHFCO_11535	AAKGEC_10075	96.6	386	13	0	1	386	1	386	6.96e-274	742
KDHFCO_11535	OFBCLB_06620	46.5	374	195	5	9	380	8	378	2.46e-108	322
KDHFCO_11535	IAFHMK_03230	29.6	382	224	2	7	380	11	355	1.18e-55	186
KDHFCO_11535	PHJNPH_09120	30.3	373	221	5	8	378	6	341	1.89e-51	175
KDHFCO_11545	ABNNBP_12045	100	76	0	0	1	76	1	76	2.10e-50	152
KDHFCO_11550	BAOMEA_09555	81.2	287	53	1	1	286	1	287	4.18e-177	489
KDHFCO_11550	DFPFAH_12290	77.4	287	64	1	1	286	1	287	7.03e-169	468
KDHFCO_11550	AMLBPA_12185	69.7	254	75	2	35	286	31	284	1.65e-129	369
KDHFCO_11550	KILFKA_12550	61.8	293	99	5	1	286	1	287	2.95e-121	348
KDHFCO_11550	AMLBPA_12210	59.5	291	105	5	1	286	1	283	1.61e-117	338
KDHFCO_11550	ABIMCM_02100	81.5	151	28	0	136	286	16	166	6.79e-94	274
KDHFCO_11550	MHGLEN_14120	80.2	131	26	0	156	286	262	392	2.94e-76	237
KDHFCO_11550	CGMKCF_08435	81.9	94	17	0	193	286	1	94	6.77e-52	164
KDHFCO_11555	AAKGEC_10090	97.9	190	4	0	1	190	1	190	3.85e-132	367
KDHFCO_11555	CNLKLD_02860	74.7	190	42	1	1	190	1	184	2.12e-98	282
KDHFCO_11560	AOPEMA_10740	87.9	298	35	1	1	298	1	297	6.29e-166	462
KDHFCO_11560	FMBBOG_01725	74.6	295	73	2	1	295	1	293	1.04e-135	385
KDHFCO_11560	HNNKEJ_08110	68.8	301	90	2	1	298	1	300	3.39e-131	374
KDHFCO_11560	CDIIGJ_06705	69.9	292	84	3	2	290	11	301	9.78e-124	355
KDHFCO_11560	IAFHMK_02025	55.5	292	130	0	1	292	1	292	8.59e-91	272
KDHFCO_11560	DDDLLA_07335	53.4	296	132	5	1	292	1	294	5.58e-89	267
KDHFCO_11560	LBKFJK_05710	55.2	297	127	4	1	292	1	296	1.20e-88	266
KDHFCO_11560	DNKGCI_11410	55.5	256	113	1	3	257	2	257	1.45e-80	246
KDHFCO_11560	AGDPFD_08295	48.9	307	139	5	1	293	1	303	2.56e-72	224
KDHFCO_11560	CNLKLD_02865	68.3	120	38	0	4	123	3	122	1.66e-52	173
KDHFCO_11565	BNPKDP_10250	98.1	426	8	0	1	426	1	426	2.21e-306	828
KDHFCO_11565	IAFHMK_02030	75.2	427	106	0	1	427	1	427	1.18e-235	649
KDHFCO_11565	DNKGCI_11415	74.7	427	108	0	1	427	1	427	6.49e-233	642
KDHFCO_11565	AANGNE_08585	71.0	427	124	0	1	427	1	427	4.81e-228	630
KDHFCO_11565	OFBCLB_04740	73.6	425	112	0	1	425	1	425	2.34e-227	628
KDHFCO_11565	CNLKLD_02870	65.1	427	143	1	1	427	1	421	4.39e-197	551
KDHFCO_11570	CGMKCF_08405	90.5	423	39	1	1	423	1	422	4.14e-273	743
KDHFCO_11570	CDIIGJ_06715	69.1	437	113	1	1	415	1	437	2.99e-216	600
KDHFCO_11570	HNNKEJ_08120	70.6	402	117	1	9	409	1	402	5.03e-203	565
KDHFCO_11570	BGHOFK_07350	68.0	434	123	3	3	421	8	440	2.37e-200	560
KDHFCO_11570	IAFHMK_02035	65.9	410	139	1	1	409	3	412	2.31e-191	536
KDHFCO_11570	DNKGCI_11420	64.1	418	149	1	2	418	7	424	1.97e-190	534
KDHFCO_11570	LBKFJK_05700	62.9	396	146	1	21	415	1	396	5.02e-177	499
KDHFCO_11570	OFBCLB_04745	59.8	398	157	2	21	415	1	398	4.57e-168	476
KDHFCO_11570	AANGNE_08590	57.3	417	173	1	1	417	3	414	3.73e-166	472
KDHFCO_11570	CNLKLD_02875	56.3	412	177	1	1	409	3	414	8.12e-162	461
KDHFCO_11575	DBDHAK_07730	94.2	120	7	0	1	120	1	120	1.24e-74	216
KDHFCO_11575	DNKGCI_11425	69.7	119	36	0	1	119	1	119	1.24e-51	158
KDHFCO_11575	IAFHMK_02040	70.2	121	35	1	1	120	1	121	1.28e-51	158
KDHFCO_11575	LBKFJK_05695	69.7	119	36	0	1	119	1	119	5.04e-51	157
KDHFCO_11575	AANGNE_08595	68.3	120	38	0	1	120	1	120	2.05e-50	155
KDHFCO_11580	BGHOFK_07340	84.8	356	54	0	1	356	1	356	1.19e-220	605
KDHFCO_11580	CNLKLD_02885	72.4	359	99	0	1	359	1	359	1.39e-186	519
KDHFCO_11580	BNBIEO_02120	74.4	356	90	1	1	356	1	355	1.93e-186	519
KDHFCO_11585	ABCBPP_11035	82.0	122	22	0	1	122	1	122	1.23e-68	201
KDHFCO_11590	ANIMCG_07870	84.7	111	17	0	1	111	1	111	4.35e-61	183
KDHFCO_11590	HNNKEJ_08140	70.6	126	36	1	1	125	1	126	1.21e-56	171
KDHFCO_11590	DNKGCI_11435	72.6	117	31	1	6	121	4	120	8.90e-54	164
KDHFCO_11590	IAFHMK_02055	64.2	123	44	0	1	123	1	123	1.30e-53	164
KDHFCO_11595	AGINCK_10145	95.9	318	13	0	1	318	4	321	5.04e-222	605
KDHFCO_11595	AAKGEC_10130	67.6	318	100	1	1	318	17	331	2.40e-153	432
KDHFCO_11595	AJCMKJ_07645	60.4	318	119	1	1	318	1	311	1.63e-139	396
KDHFCO_11595	KGIGEE_01580	59.8	316	125	2	1	316	17	330	4.96e-134	383
KDHFCO_11595	AIGDEK_08925	59.1	318	123	1	1	318	4	314	1.08e-133	382
KDHFCO_11595	ELEKDE_03530	61.3	320	106	4	1	318	3	306	9.45e-133	379
KDHFCO_11595	CGMKCF_08380	69.2	247	75	1	72	318	1	246	1.44e-122	351
KDHFCO_11595	IAFHMK_08600	51.6	248	119	1	70	316	59	306	1.15e-94	282
KDHFCO_11595	BGHOFK_07330	52.3	260	123	1	57	316	47	305	2.92e-93	279
KDHFCO_11595	JAFLJO_02365	42.6	305	172	2	11	315	6	307	2.71e-82	251
KDHFCO_11595	LBKFJK_01930	46.4	248	133	0	70	317	60	307	1.12e-81	249
KDHFCO_11595	OFBCLB_09900	42.6	244	136	3	73	315	46	286	3.27e-70	219
KDHFCO_11595	JAFLJO_06505	41.8	244	138	3	73	315	47	287	4.76e-70	219
KDHFCO_11595	LBKFJK_01720	41.8	244	138	3	73	315	51	291	2.17e-66	209
KDHFCO_11595	CDIIGJ_05560	41.4	244	141	2	73	315	38	280	4.40e-66	208
KDHFCO_11595	KFHBHO_02885	42.7	232	131	2	73	303	39	269	2.80e-63	201
KDHFCO_11595	CNLKLD_06300	38.9	247	147	3	70	315	43	286	7.43e-63	200
KDHFCO_11595	DDKKPM_03305	36.0	250	151	3	73	315	34	281	7.69e-55	179
KDHFCO_11595	AANGNE_04830	32.3	325	195	8	1	315	1	310	8.57e-52	172
KDHFCO_11595	CNLKLD_06295	34.3	251	161	2	69	315	54	304	9.76e-52	172
KDHFCO_11595	DNKGCI_10090	47.9	169	87	1	73	241	66	233	1.29e-49	164
KDHFCO_11600	BGLHNG_09325	89.9	327	32	1	1	326	1	327	2.11e-218	597
KDHFCO_11600	CCDOKP_12450	54.1	327	146	2	1	326	1	324	1.09e-126	365
KDHFCO_11600	BGHOFK_02415	53.2	327	149	2	1	326	1	324	4.62e-123	355
KDHFCO_11600	AMNNAF_08025	39.6	336	192	4	2	326	3	338	1.86e-84	258
KDHFCO_11605	CGMKCF_08350	90.2	492	48	0	1	492	1	492	0.0	909
KDHFCO_11605	CFLCIE_09410	69.5	492	150	0	1	492	1	492	5.49e-263	724
KDHFCO_11605	DNKGCI_03835	69.8	490	148	0	4	493	3	492	2.79e-260	717
KDHFCO_11605	LBKFJK_00800	70.1	492	147	0	1	492	1	492	1.58e-257	710
KDHFCO_11605	CDIIGJ_06750	67.1	492	162	0	1	492	1	492	6.01e-253	698
KDHFCO_11605	DDDLLA_06680	68.5	489	154	0	5	493	5	493	1.17e-252	697
KDHFCO_11605	BGHOFK_07315	67.1	493	162	0	1	493	1	493	2.78e-249	689
KDHFCO_11605	HNNKEJ_08160	66.4	494	164	1	1	492	1	494	1.31e-247	685
KDHFCO_11605	AANGNE_08620	66.9	493	162	1	1	493	1	492	2.37e-247	684
KDHFCO_11605	CNLKLD_00335	66.7	489	161	1	1	489	1	487	7.33e-241	667
KDHFCO_11605	IAFHMK_02065	64.0	495	176	1	1	493	4	498	2.37e-239	664
KDHFCO_11605	HDKJGO_09530	61.1	493	190	2	2	493	5	496	4.65e-222	620
KDHFCO_11605	BEJELC_10220	55.2	491	214	3	1	488	1	488	6.11e-188	533
KDHFCO_11610	CNLKLD_00345	82.0	400	69	3	1	398	1	399	2.72e-227	625
KDHFCO_11610	BPFCDP_12780	64.8	381	132	2	17	396	17	396	1.45e-162	461
KDHFCO_11610	ABJDJH_14335	54.7	395	179	0	2	396	460	854	5.75e-135	406
KDHFCO_11615	JNMKIO_01510	98.5	339	5	0	1	339	1	339	3.24e-249	676
KDHFCO_11615	DNKGCI_03820	70.0	337	101	0	1	337	1	337	2.88e-173	484
KDHFCO_11615	LBKFJK_00790	68.8	337	105	0	1	337	1	337	1.58e-170	477
KDHFCO_11615	IAFHMK_02075	68.2	337	106	1	1	337	1	336	2.32e-170	476
KDHFCO_11615	AANGNE_08630	67.1	337	111	0	1	337	1	337	7.40e-170	475
KDHFCO_11615	DDDLLA_06665	67.1	337	111	0	1	337	1	337	1.17e-169	475
KDHFCO_11615	CNLKLD_00350	63.4	336	119	1	1	336	1	332	8.14e-154	434
KDHFCO_11615	BGHOFK_07305	60.5	337	133	0	1	337	1	337	2.11e-152	431
KDHFCO_11615	HDKJGO_09540	62.3	337	127	0	1	337	1	337	2.89e-152	431
KDHFCO_11620	CEPOIM_13685	94.6	462	5	1	1	462	1	442	1.01e-295	803
KDHFCO_11620	ABJDJH_14335	55.3	463	199	5	6	461	1	462	2.27e-159	472
KDHFCO_11620	FMNMPI_09220	80.5	210	38	1	1	207	1	210	6.33e-111	327
KDHFCO_11625	ABNNBP_12210	100	250	0	0	1	250	1	250	1.24e-169	467
KDHFCO_11625	BGHOFK_07295	70.8	240	70	0	1	240	1	240	1.77e-115	330
KDHFCO_11625	CFLCIE_09445	69.5	243	74	0	1	243	1	243	2.50e-112	322
KDHFCO_11625	AGDPFD_08235	70.0	237	71	0	4	240	6	242	3.07e-112	322
KDHFCO_11625	LBKFJK_00780	65.0	237	83	0	4	240	6	242	2.23e-104	302
KDHFCO_11625	IAFHMK_02085	66.8	238	79	0	3	240	5	242	4.49e-104	301
KDHFCO_11625	DNKGCI_03800	61.8	241	92	0	3	243	5	245	3.16e-99	289
KDHFCO_11625	DDDLLA_06640	58.3	240	100	0	4	243	5	244	7.10e-98	285
KDHFCO_11625	HDKJGO_09870	59.3	243	97	1	4	246	9	249	5.62e-94	276
KDHFCO_11625	CNLKLD_00365	58.9	241	99	0	4	244	6	246	5.78e-91	268
KDHFCO_11625	LBKFJK_09060	49.4	241	121	1	1	240	1	241	8.34e-74	224
KDHFCO_11625	DIEDGI_04540	47.3	241	126	1	1	240	1	241	3.10e-66	205
KDHFCO_11625	BGHOFK_05190	39.3	247	144	3	1	243	1	245	3.22e-51	167
KDHFCO_11625	HNNKEJ_09370	36.7	240	150	1	3	240	4	243	6.96e-48	158
KDHFCO_11625	CBFHCM_03595	36.1	244	148	4	2	239	3	244	7.46e-48	159
KDHFCO_11625	DDKKPM_06605	35.3	238	152	2	4	240	6	242	1.46e-46	155
KDHFCO_11625	HNNKEJ_05295	39.1	248	144	3	1	243	1	246	2.30e-45	152
KDHFCO_11625	LBKFJK_03530	35.2	247	154	3	1	243	54	298	6.32e-45	152
KDHFCO_11630	AAKGEC_10180	95.8	215	9	0	1	215	1	215	4.68e-154	430
KDHFCO_11630	OFBCLB_04370	78.7	216	45	1	1	215	1	216	2.29e-124	356
KDHFCO_11635	AAKGEC_10185	97.6	379	9	0	1	379	1	379	3.09e-278	753
KDHFCO_11635	BGHOFK_07285	69.7	376	114	0	2	377	1	376	3.02e-188	525
KDHFCO_11635	DFCDFN_06435	59.1	379	149	3	1	377	1	375	1.57e-149	427
KDHFCO_11635	DDDLLA_03495	54.3	370	162	4	1	368	1	365	3.49e-139	400
KDHFCO_11635	DNKGCI_10715	53.3	368	165	4	1	366	1	363	9.95e-137	394
KDHFCO_11635	LBKFJK_02770	53.3	368	167	3	1	367	1	364	8.08e-134	387
KDHFCO_11635	BNBIEO_02140	49.3	284	109	4	14	296	5	254	4.80e-84	257
KDHFCO_11635	IAFHMK_02090	57.8	192	76	1	16	207	4	190	2.82e-73	228
KDHFCO_11635	DNKGCI_11445	50.5	190	90	1	14	203	2	187	6.60e-61	196
KDHFCO_11635	DDDLLA_07365	53.7	190	82	3	14	202	2	186	6.06e-60	193
KDHFCO_11635	LBKFJK_05680	54.7	172	78	0	14	185	2	173	7.33e-60	193
KDHFCO_11640	AAKGEC_10190	97.5	325	8	0	1	325	1	325	3.49e-234	637
KDHFCO_11640	IAFHMK_02095	73.1	320	86	0	2	321	4	323	4.94e-172	479
KDHFCO_11640	HNNKEJ_12015	68.3	322	100	1	2	321	3	324	7.74e-162	454
KDHFCO_11640	DNKIME_03170	66.1	322	107	1	2	321	3	324	2.83e-157	442
KDHFCO_11645	CDIIGJ_06800	95.3	430	19	1	1	430	1	429	1.88e-300	813
KDHFCO_11650	ABCLFC_11020	99.4	323	2	0	1	323	1	323	4.25e-234	636
KDHFCO_11650	LBKFJK_05665	69.9	309	91	1	17	323	1	309	5.14e-151	426
KDHFCO_11650	DNKGCI_11455	68.0	309	97	1	17	323	1	309	1.47e-150	424
KDHFCO_11650	CNLKLD_00425	65.0	314	109	1	10	323	22	334	3.01e-144	409
KDHFCO_11650	DDDLLA_07385	66.3	309	102	1	17	323	1	309	5.88e-143	405
KDHFCO_11660	AAKGEC_10215	86.4	273	37	0	1	273	1	273	1.52e-170	471
KDHFCO_11660	IAFHMK_02125	70.3	273	81	0	1	273	1	273	4.29e-138	389
KDHFCO_11660	BGHOFK_07265	68.1	273	87	0	1	273	1	273	9.23e-135	381
KDHFCO_11660	BGLHNG_09380	67.4	273	89	0	1	273	55	327	8.13e-132	375
KDHFCO_11660	DNKGCI_11465	65.2	273	95	0	1	273	1	273	1.30e-127	363
KDHFCO_11665	BCFLNJ_03290	99.6	241	1	0	1	241	1	241	1.54e-179	491
KDHFCO_11670	BCFLNJ_03295	100	440	0	0	1	440	1	440	5.53e-312	843
KDHFCO_11670	EAKCFB_10175	38.2	455	260	7	4	439	7	459	3.80e-93	288
KDHFCO_11670	JIBFFE_08115	100	139	0	0	1	139	1	139	5.21e-87	262
KDHFCO_11675	ABNNBP_00935	77.3	110	25	0	1	110	17	126	9.43e-57	171
KDHFCO_11675	MKCKPI_11920	72.7	110	30	0	1	110	1	110	7.36e-52	160
KDHFCO_11680	AMHKJB_03030	88.9	144	16	0	1	144	1	144	2.70e-87	251
KDHFCO_11685	LGJCEJ_09445	92.8	180	13	0	1	180	78	257	5.43e-108	308
KDHFCO_11685	AGKELP_11995	82.2	180	27	1	1	180	1	175	1.17e-95	274
KDHFCO_11685	NOKDAP_11540	86.8	129	17	0	52	180	84	212	7.56e-72	215
KDHFCO_11685	FCFPCK_08470	72.5	149	36	1	32	180	33	176	2.10e-68	205
KDHFCO_11685	ABCBPP_00200	81.4	129	24	0	52	180	65	193	9.79e-66	199
KDHFCO_11685	BOKJIE_07990	65.9	129	44	0	52	180	87	215	1.82e-53	169
KDHFCO_11685	ACNHAK_09965	55.0	180	75	2	1	180	180	353	3.39e-52	171
KDHFCO_11685	DBDHAK_07855	65.1	129	45	0	52	180	20	148	6.16e-52	162
KDHFCO_11685	MNCDBI_02970	65.9	129	43	1	53	180	8	136	3.23e-49	155
KDHFCO_11685	MJMKOD_01735	64.3	129	46	0	52	180	195	323	2.02e-48	159
KDHFCO_11690	LLNOII_07835	93.7	541	34	0	1	541	1	541	0.0	1027
KDHFCO_11690	AMDFJK_13045	52.6	466	205	6	70	533	26	477	2.72e-167	483
KDHFCO_11695	ABCBPP_00210	95.5	264	12	0	1	264	1	264	1.81e-194	531
KDHFCO_11695	AGHIEO_08320	65.7	265	88	3	1	264	1	263	6.15e-126	358
KDHFCO_11695	JONLDN_05190	43.4	267	139	6	1	264	1	258	1.49e-74	227
KDHFCO_11700	EGFJBH_02540	97.3	111	3	0	1	111	1	111	7.32e-76	219
KDHFCO_11700	LLNAOI_00215	95.4	108	5	0	1	108	61	168	3.97e-72	211
KDHFCO_11710	ABCBPP_00230	92.5	93	7	0	1	93	1	93	1.04e-60	179
KDHFCO_11725	LLMEEB_09000	82.6	172	28	1	1	172	1	170	2.81e-98	280
KDHFCO_11725	KEKJLN_10580	69.1	175	49	2	1	170	1	175	3.68e-77	227
KDHFCO_11725	AGKELP_09620	61.7	175	64	2	1	172	1	175	7.79e-67	201
KDHFCO_11725	ALNFEK_10160	61.1	131	51	0	41	171	69	199	1.99e-55	173
KDHFCO_11725	CEHFAN_12110	65.9	132	44	1	41	171	55	186	1.01e-52	166
KDHFCO_11725	LLHJAL_08815	61.1	131	51	0	41	171	57	187	1.20e-51	163
KDHFCO_11725	CIJHDH_09170	54.0	174	70	3	1	171	1	167	3.01e-50	159
KDHFCO_11735	DANMKC_13325	93.2	221	15	0	1	221	1	221	3.95e-146	405
KDHFCO_11735	MJMKOD_01735	87.4	198	23	1	1	198	1	196	1.95e-115	332
KDHFCO_11735	KCPOOK_01540	58.8	221	89	1	1	221	1	219	2.66e-77	231
KDHFCO_11735	ACDDAG_02995	58.2	220	83	4	1	214	1	217	1.10e-73	222
KDHFCO_11735	CDIIGJ_06050	52.5	217	99	2	1	214	1	216	3.70e-64	198
KDHFCO_11735	BFGFFC_03410	48.9	221	103	4	1	214	1	218	4.56e-61	190
KDHFCO_11745	ACPHPF_02295	100	180	0	0	1	180	1	180	1.12e-126	353
KDHFCO_11760	FHONGL_11825	100	244	0	0	1	244	1	244	2.58e-159	441
KDHFCO_11770	CFBGPF_13420	100	354	0	0	1	354	1	354	1.86e-255	693
KDHFCO_11780	ABCBPP_00295	92.3	104	8	0	1	104	1	104	2.96e-66	194
KDHFCO_11790	PHBBGM_10865	86.2	392	54	0	1	392	1	392	8.86e-249	679
KDHFCO_11790	ABCBPP_02220	72.7	396	105	1	1	393	1	396	3.91e-206	572
KDHFCO_11790	ABCLFC_12515	73.0	393	105	1	1	393	1	392	1.37e-205	570
KDHFCO_11790	BOKJIE_08590	72.3	397	106	2	1	393	1	397	1.41e-199	555
KDHFCO_11790	FMBBOG_01365	69.9	396	116	1	1	393	1	396	4.51e-198	551
KDHFCO_11790	ABCBPP_12205	70.4	395	114	2	1	393	1	394	2.52e-192	536
KDHFCO_11790	MNCDBI_09870	67.2	396	127	1	1	393	1	396	3.65e-190	531
KDHFCO_11790	NGIILC_10805	66.7	393	130	1	1	393	1	392	4.18e-181	508
KDHFCO_11790	CADMAF_09105	64.9	393	138	0	1	393	1	393	7.12e-180	505
KDHFCO_11790	DNKGCI_10485	64.1	396	138	3	1	393	1	395	1.46e-177	499
KDHFCO_11790	ANFPEE_11065	63.6	396	141	1	1	393	1	396	4.31e-177	498
KDHFCO_11790	AIGDEK_00830	63.4	396	142	1	1	393	1	396	1.42e-175	494
KDHFCO_11790	DMLIFG_01295	61.1	380	147	1	14	393	1	379	4.77e-165	467
KDHFCO_11790	GHPLOC_08865	59.6	396	157	1	1	393	1	396	8.15e-163	462
KDHFCO_11790	BLCAGE_09375	69.5	292	89	0	102	393	1	292	1.22e-146	417
KDHFCO_11790	IAFHMK_02230	55.1	396	173	4	1	393	1	394	6.99e-144	414
KDHFCO_11790	AANGNE_09010	51.1	401	182	5	1	393	1	395	2.98e-128	374
KDHFCO_11790	ABCBPP_00310	46.2	398	200	8	1	390	1	392	2.07e-112	333
KDHFCO_11790	OPPHHN_09095	44.2	396	215	5	3	393	6	400	1.53e-108	324
KDHFCO_11790	MNCDBI_11605	42.2	396	223	5	3	393	6	400	5.22e-101	305
KDHFCO_11790	PLBPOI_05235	42.5	386	216	4	3	383	6	390	2.09e-100	303
KDHFCO_11790	AGHDIE_01955	43.4	396	216	6	3	393	10	402	1.72e-99	301
KDHFCO_11790	ACDDAG_04295	43.0	393	211	7	1	386	1	387	5.21e-99	299
KDHFCO_11790	GNHKBD_01650	41.2	396	225	6	3	393	11	403	2.84e-98	298
KDHFCO_11790	AEMMAL_07540	44.1	399	210	6	3	393	8	401	1.70e-97	296
KDHFCO_11795	AAKGEC_10220	90.9	208	19	0	1	208	1	208	1.72e-137	382
KDHFCO_11795	LBKFJK_05650	68.8	208	63	1	1	206	1	208	9.43e-108	307
KDHFCO_11795	IAFHMK_02235	68.8	208	63	1	1	206	1	208	7.01e-103	295
KDHFCO_11795	CNLKLD_00435	66.5	209	66	2	2	206	1	209	2.71e-100	288
KDHFCO_11795	DDDLLA_10250	63.3	210	73	2	1	206	1	210	8.97e-92	267
KDHFCO_11800	AAKGEC_10225	88.2	339	40	0	1	339	1	339	1.25e-202	558
KDHFCO_11800	BGHOFK_08115	70.4	338	100	0	1	338	1	338	1.63e-158	446
KDHFCO_11800	HNNKEJ_08240	70.5	339	100	0	1	339	1	339	8.24e-157	442
KDHFCO_11800	CDIIGJ_06835	70.7	338	99	0	1	338	1	338	1.70e-153	434
KDHFCO_11800	AAOIOD_10900	57.5	339	144	0	1	339	3	341	3.28e-125	362
KDHFCO_11800	DNKGCI_11480	58.6	338	140	0	1	338	1	338	1.70e-124	360
KDHFCO_11800	IAFHMK_02240	58.4	339	139	2	1	338	1	338	7.91e-123	356
KDHFCO_11800	LBKFJK_05645	58.3	338	141	0	1	338	1	338	2.60e-121	352
KDHFCO_11800	DDDLLA_10245	56.6	339	147	0	1	339	1	339	2.10e-118	345
KDHFCO_11800	CNLKLD_00445	55.4	341	149	2	1	338	1	341	5.38e-114	333
KDHFCO_11805	HNNKEJ_08245	86.3	256	35	0	1	256	9	264	7.38e-160	443
KDHFCO_11805	ABCBPP_01630	35.0	237	152	1	1	237	1	235	1.92e-46	155
KDHFCO_11810	ABNNBP_12410	99.7	586	2	0	1	586	1	586	0.0	1083
KDHFCO_11810	OFBCLB_04820	70.3	590	172	1	1	587	1	590	2.62e-289	798
KDHFCO_11810	CNLKLD_06845	47.3	579	295	4	10	582	2	576	2.37e-164	481
KDHFCO_11810	DNKGCI_04450	37.5	573	321	12	38	583	32	594	5.33e-98	310
KDHFCO_11810	BGHOFK_05310	37.7	555	318	11	40	571	34	583	2.07e-97	308
KDHFCO_11810	AANGNE_05985	34.2	591	361	15	14	582	5	589	1.45e-81	267
KDHFCO_11810	LBKFJK_09800	34.5	548	327	17	57	582	48	585	1.79e-72	243
KDHFCO_11815	LBKFJK_05635	76.3	131	31	0	1	131	1	131	4.69e-74	216
KDHFCO_11825	ABNNBP_12425	100	119	0	0	1	119	1	119	1.21e-78	226
KDHFCO_11825	HNNKEJ_08260	68.4	114	36	0	6	119	1	114	1.37e-52	160
KDHFCO_11830	AAKGEC_10255	98.7	229	3	0	1	229	1	229	1.39e-151	420
KDHFCO_11835	AEMMAL_07830	87.8	139	17	0	1	139	19	157	1.42e-80	234
KDHFCO_11840	AAKGEC_10265	92.9	254	18	0	1	254	1	254	4.84e-153	426
KDHFCO_11840	IAFHMK_02270	52.9	255	117	2	1	254	1	253	1.64e-77	234
KDHFCO_11840	DDDLLA_06935	47.1	255	129	2	1	254	1	250	1.09e-61	194
KDHFCO_11840	HNNKEJ_09290	43.7	254	138	2	1	254	1	249	2.72e-59	187
KDHFCO_11840	DNKGCI_00100	43.3	254	136	2	1	254	1	246	1.44e-55	178
KDHFCO_11840	LBKFJK_04965	38.2	262	143	4	1	254	1	251	1.68e-49	162
KDHFCO_11840	CNLKLD_08250	37.8	262	145	4	1	254	1	252	2.16e-47	157
KDHFCO_11845	AAKGEC_10270	93.5	292	19	0	1	292	1	292	5.25e-192	527
KDHFCO_11845	IAFHMK_02275	71.4	290	83	0	1	290	1	290	7.28e-146	410
KDHFCO_11845	CNLKLD_08255	60.8	288	112	1	1	288	1	287	2.26e-122	351
KDHFCO_11845	HNNKEJ_09295	59.7	288	115	1	1	288	1	287	3.29e-117	338
KDHFCO_11845	LBKFJK_04960	58.5	287	118	1	1	287	1	286	1.02e-113	329
KDHFCO_11845	DDDLLA_06930	59.0	288	117	1	1	288	1	287	1.18e-112	326
KDHFCO_11845	DNKGCI_00095	55.4	287	127	1	1	287	1	286	1.94e-111	323
KDHFCO_11845	AANGNE_06490	57.1	289	122	2	1	288	1	288	2.00e-111	323
KDHFCO_11855	BGHOFK_08055	85.5	173	25	0	1	173	1	173	6.87e-112	315
KDHFCO_11855	LBKFJK_08100	71.8	170	48	0	1	170	1	170	9.73e-91	261
KDHFCO_11855	IAFHMK_08385	65.7	166	55	1	1	166	1	164	3.93e-77	227
KDHFCO_11855	CNLKLD_05400	61.7	162	62	0	1	162	1	162	2.34e-76	225
KDHFCO_11855	AAKGEC_09015	61.4	166	64	0	1	166	1	166	2.37e-74	220
KDHFCO_11855	DDDLLA_01280	64.3	168	59	1	4	170	3	170	2.68e-74	220
KDHFCO_11855	DNKGCI_04500	64.9	148	52	0	4	151	7	154	8.24e-69	206
KDHFCO_11860	IAFHMK_02290	76.0	283	67	1	2	283	3	285	1.10e-162	452
KDHFCO_11860	CNLKLD_07965	72.3	282	78	0	2	283	76	357	2.06e-152	429
KDHFCO_11865	AAKGEC_10290	81.6	152	28	0	1	152	1	152	1.17e-94	270
KDHFCO_11865	CDIIGJ_06890	73.3	150	40	0	3	152	3	152	3.15e-83	241
KDHFCO_11870	AAKGEC_10295	96.8	185	6	0	1	185	1	185	1.97e-118	332
KDHFCO_11875	AAKGEC_10300	99.6	238	1	0	1	238	1	238	1.65e-168	463
KDHFCO_11880	AAKGEC_10305	92.7	150	11	0	1	150	1	150	5.63e-101	285
KDHFCO_11880	CDIIGJ_06910	70.2	141	42	0	1	141	1	141	1.98e-70	208
KDHFCO_11880	BGHOFK_08030	64.4	146	52	0	1	146	1	146	4.64e-68	202
KDHFCO_11885	HNNKEJ_08310	87.6	395	49	0	1	395	1	395	9.21e-250	682
KDHFCO_11885	CNLKLD_07980	71.4	395	112	1	1	395	1	394	5.49e-204	566
KDHFCO_11885	IAFHMK_02310	68.4	395	125	0	1	395	1	395	1.39e-197	550
KDHFCO_11885	EHLNLG_12135	65.8	395	134	1	1	395	17	410	2.03e-191	535
KDHFCO_11885	LBKFJK_01445	68.1	392	125	0	1	392	1	392	7.41e-191	533
KDHFCO_11890	EHLNLG_12135	96.2	395	15	0	1	395	17	411	1.48e-272	740
KDHFCO_11890	CNLKLD_07980	71.9	395	109	2	1	394	1	394	1.82e-202	562
KDHFCO_11890	IAFHMK_02310	67.9	396	126	1	1	395	1	396	6.92e-198	551
KDHFCO_11890	HNNKEJ_08310	66.7	396	131	1	1	395	1	396	2.22e-192	537
KDHFCO_11890	LBKFJK_01445	58.4	399	159	3	1	395	1	396	2.47e-165	469
KDHFCO_11895	HNNKEJ_08340	79.0	315	61	3	1	312	1	313	3.50e-175	486
KDHFCO_11895	IAFHMK_02320	67.7	310	99	1	1	309	1	310	3.08e-145	410
KDHFCO_11895	CNLKLD_07985	62.2	312	117	1	1	312	1	311	2.02e-136	388
KDHFCO_11895	AANGNE_08795	59.6	312	125	1	1	312	1	311	7.30e-132	377
KDHFCO_11895	LBKFJK_08145	57.6	323	125	2	1	311	1	323	2.23e-131	376
KDHFCO_11895	DNKGCI_08745	59.6	317	116	3	1	306	1	316	1.01e-129	372
KDHFCO_11895	OFBCLB_03070	58.5	311	124	1	1	306	1	311	3.97e-128	367
KDHFCO_11905	IAFHMK_02330	84.8	611	91	2	4	613	1	610	0.0	1006
KDHFCO_11905	AEMMAL_06890	28.8	518	288	17	8	483	11	489	7.94e-43	162
KDHFCO_11915	ABNNBP_12515	100	87	0	0	1	87	1	87	5.16e-56	167
KDHFCO_11920	FIHDIM_04370	99.3	134	1	0	1	134	13	146	1.11e-86	248
KDHFCO_11920	FGMOCB_10815	66.9	133	44	0	1	133	1	133	2.66e-58	176
KDHFCO_11925	ABCLFC_11190	98.0	152	3	0	1	152	1	152	3.63e-98	278
KDHFCO_11930	FAKCMI_07200	87.0	223	1	1	35	257	1	195	9.03e-129	362
KDHFCO_11930	BDBLNI_11030	70.8	257	65	1	1	257	1	247	9.34e-120	341
KDHFCO_11930	CNCHLK_10950	60.5	261	99	1	1	257	1	261	8.42e-105	304
KDHFCO_11930	BPFCDP_05795	56.1	255	108	1	7	257	8	262	2.11e-93	275
KDHFCO_11930	ONPFCC_11690	100	129	0	0	119	247	1	129	2.69e-87	254
KDHFCO_11930	IAFHMK_09450	48.2	282	115	7	1	257	1	276	4.95e-67	208
KDHFCO_11930	OECBDL_08120	50.0	268	111	7	1	254	1	259	9.16e-65	202
KDHFCO_11930	HNNKEJ_05860	47.9	257	116	6	1	246	1	250	1.23e-57	184
KDHFCO_11930	CDIIGJ_06965	43.6	266	131	6	1	257	1	256	6.02e-55	177
KDHFCO_11930	ABJDJH_08020	43.8	272	127	9	1	257	1	261	1.85e-52	171
KDHFCO_11930	NGGEHN_00625	41.6	262	145	5	1	257	1	259	3.70e-51	167
KDHFCO_11935	IHCKAN_04575	83.6	225	37	0	1	225	1	225	3.24e-135	380
KDHFCO_11935	HNNKEJ_05865	63.0	235	87	0	1	235	1	235	4.77e-107	308
KDHFCO_11935	CDIIGJ_06970	59.9	242	97	0	1	242	1	242	5.01e-105	303
KDHFCO_11935	IAFHMK_08735	51.5	239	116	0	4	242	12	250	1.79e-85	254
KDHFCO_11945	DNKGCI_08720	85.4	322	46	1	3	323	2	323	6.76e-199	547
KDHFCO_11950	AAKGEC_10380	91.4	128	11	0	1	128	1	128	9.94e-80	230
KDHFCO_11950	IAFHMK_02345	68.3	123	39	0	5	127	5	127	8.92e-60	179
KDHFCO_11950	DNKGCI_08715	62.9	124	46	0	5	128	8	131	4.58e-56	170
KDHFCO_11950	AANGNE_08820	66.7	123	41	0	5	127	4	126	7.88e-56	169
KDHFCO_11950	CNLKLD_00770	63.8	127	46	0	1	127	1	127	4.05e-49	152
KDHFCO_11955	BGHOFK_07975	77.0	148	34	0	1	148	1	148	4.69e-81	235
KDHFCO_11955	PAGFJI_14375	64.9	148	52	0	1	148	1	148	9.54e-68	201
KDHFCO_11955	LBKFJK_08180	64.2	148	53	0	1	148	1	148	3.24e-65	195
KDHFCO_11955	DDDLLA_09135	65.7	140	48	0	9	148	7	146	5.01e-64	192
KDHFCO_11955	CNLKLD_00775	57.1	147	63	0	1	147	1	147	2.03e-59	180
KDHFCO_11955	CNCHLK_02635	66.9	118	39	0	31	148	1	118	8.93e-54	165
KDHFCO_11960	ABCLFC_11225	98.2	221	4	0	1	221	1	221	1.03e-149	414
KDHFCO_11960	AAKGEC_10390	72.6	219	60	0	1	219	1	219	8.43e-110	313
KDHFCO_11960	CDIIGJ_07000	65.8	219	75	0	1	219	1	219	5.50e-96	278
KDHFCO_11960	HNNKEJ_08380	58.6	215	85	2	1	213	1	213	8.26e-80	238
KDHFCO_11960	BIHALF_07240	56.6	219	95	0	1	219	1	219	2.66e-77	231
KDHFCO_11960	IAFHMK_02355	51.4	218	105	1	1	218	1	217	2.44e-70	213
KDHFCO_11960	LBKFJK_08185	50.0	214	105	2	6	218	6	218	3.78e-62	192
KDHFCO_11960	OFBCLB_03105	44.7	215	118	1	4	218	4	217	7.16e-57	179
KDHFCO_11960	JFBCPF_05145	46.9	211	110	2	7	217	6	214	2.61e-53	170
KDHFCO_11960	BNBIEO_02430	44.0	218	120	2	1	218	1	216	9.38e-52	166
KDHFCO_11960	CNLKLD_00780	45.0	218	120	0	1	218	1	218	4.23e-51	164
KDHFCO_11960	EIKFFD_01150	46.5	217	113	3	3	219	2	215	1.42e-50	163
KDHFCO_11965	BGHOFK_07970	85.7	364	52	0	1	364	1	364	1.85e-227	623
KDHFCO_11965	DDDLLA_09145	74.2	364	94	0	1	364	1	364	6.19e-197	546
KDHFCO_11970	AAKGEC_10400	87.7	163	20	0	1	163	1	163	5.66e-105	296
KDHFCO_11975	AAKGEC_10405	92.2	497	39	0	1	497	1	497	0.0	880
KDHFCO_11975	CPLMAE_02405	69.6	474	144	0	3	476	11	484	8.04e-231	644
KDHFCO_11975	AANGNE_00515	66.7	496	155	3	1	496	1	486	8.56e-231	642
KDHFCO_11975	AANGNE_08610	61.7	496	179	4	1	496	1	485	1.87e-210	590
KDHFCO_11980	PLIDEH_10490	99.5	376	2	0	1	376	40	415	6.41e-279	756
KDHFCO_11980	BLIMPP_05900	67.3	370	121	0	1	370	1	370	9.57e-196	544
KDHFCO_11980	CNLKLD_08420	62.4	375	141	0	1	375	1	375	3.16e-177	497
KDHFCO_11985	AAKGEC_10415	97.1	314	9	0	1	314	1	314	2.14e-218	596
KDHFCO_11985	KJCAIL_14000	62.1	314	89	1	1	314	1	284	3.37e-134	382
KDHFCO_11985	CPACNB_01780	59.6	314	92	1	1	314	1	279	4.39e-126	361
KDHFCO_11985	ABCLFC_11260	68.1	188	60	0	1	188	1	188	1.37e-88	263
KDHFCO_11985	AGDPFD_07460	43.9	312	163	6	3	312	6	307	1.07e-75	234
KDHFCO_11985	ABCLFC_11255	61.1	126	49	0	189	314	9	134	2.41e-46	152
KDHFCO_11990	CPACNB_01780	86.3	314	8	1	1	314	1	279	6.86e-186	512
KDHFCO_11990	AAKGEC_10415	65.0	314	110	0	1	314	1	314	1.00e-142	404
KDHFCO_11990	KJCAIL_14000	65.3	314	79	1	1	314	1	284	3.56e-136	387
KDHFCO_11990	ABCLFC_11260	97.9	188	4	0	1	188	1	188	2.67e-129	366
KDHFCO_11990	ABCLFC_11255	98.4	124	2	0	191	314	11	134	1.05e-77	233
KDHFCO_11990	AGDPFD_07460	41.4	314	166	7	4	312	7	307	1.57e-69	218
KDHFCO_11995	CPLMAE_02405	98.7	521	7	0	6	526	14	534	0.0	971
KDHFCO_11995	AANGNE_00515	71.1	492	137	2	1	492	1	487	1.54e-243	676
KDHFCO_11995	AAKGEC_10405	68.5	476	150	0	1	476	1	476	1.49e-229	640
KDHFCO_11995	AANGNE_08610	64.0	489	172	2	4	492	2	486	8.64e-219	613
KDHFCO_12000	AANGNE_00510	88.3	341	39	1	10	350	5	344	9.67e-222	607
KDHFCO_12000	DPMHNO_00485	63.6	335	117	3	14	347	1	331	5.99e-149	423
KDHFCO_12000	EPKBNI_09765	32.4	343	202	8	18	354	7	325	1.15e-43	153
KDHFCO_12005	AANGNE_00505	90.0	410	40	1	1	410	1	409	6.43e-275	747
KDHFCO_12010	AANGNE_09740	80.6	567	102	2	1	564	1	562	0.0	901
KDHFCO_12010	IAFHMK_07825	69.9	564	169	1	1	564	1	563	1.05e-286	790
KDHFCO_12015	MNCDBI_03640	99.3	152	1	0	1	152	5	156	1.19e-97	277
KDHFCO_12015	MHGLEN_14025	99.3	152	1	0	1	152	163	314	2.38e-95	277
KDHFCO_12015	CNLKLD_08455	66.7	150	50	0	1	150	1	150	2.99e-60	182
KDHFCO_12015	IAFHMK_07830	60.7	150	57	1	1	150	1	148	7.64e-53	164
KDHFCO_12015	HNNKEJ_09745	59.3	150	59	1	1	150	8	155	1.35e-52	163
KDHFCO_12015	DNKGCI_09310	59.2	147	58	1	1	147	1	145	1.06e-50	158
KDHFCO_12015	AANGNE_09735	59.9	147	57	1	1	147	1	145	1.18e-49	155
KDHFCO_12020	AAKGEC_10450	97.5	443	11	0	1	443	15	457	0.0	880
KDHFCO_12025	CDIIGJ_07090	81.9	204	30	4	1	199	1	202	5.57e-105	300
KDHFCO_12025	OFBCLB_03130	67.8	199	62	1	1	199	1	197	1.73e-86	253
KDHFCO_12025	IAFHMK_02380	69.7	201	52	6	1	199	1	194	3.82e-80	236
KDHFCO_12025	AANGNE_08845	57.5	214	63	6	4	198	5	209	1.01e-66	203
KDHFCO_12030	CGMKCF_12595	94.3	1030	59	0	1	1030	1	1030	0.0	1890
KDHFCO_12030	DNKGCI_08655	72.1	1032	285	2	1	1030	5	1035	0.0	1483
KDHFCO_12030	IAFHMK_02385	71.7	1030	289	2	1	1030	5	1032	0.0	1472
KDHFCO_12030	AANGNE_08850	69.6	1033	310	2	1	1030	5	1036	0.0	1445
KDHFCO_12030	CNLKLD_03200	59.0	1045	409	6	1	1030	5	1045	0.0	1184
KDHFCO_12030	DDDLLA_11665	28.6	430	267	10	582	1005	280	675	2.07e-39	156
KDHFCO_12035	PLDCIE_01710	97.8	1446	30	1	1	1444	23	1468	0.0	2731
KDHFCO_12035	ILDBOH_06115	60.7	1465	511	14	1	1443	23	1444	0.0	1718
KDHFCO_12035	DCAANM_03050	54.6	1452	605	17	2	1437	24	1437	0.0	1456
KDHFCO_12035	HNNKEJ_03470	40.2	1323	684	25	205	1443	39	1338	1.48e-295	874
KDHFCO_12035	KGIGEE_02060	63.7	658	212	7	230	879	1	639	2.49e-287	832
KDHFCO_12035	ONFANJ_00570	44.2	880	419	18	1	830	23	880	1.19e-214	652
KDHFCO_12035	KBLLAJ_05405	42.6	884	419	17	1	830	23	872	6.41e-205	626
KDHFCO_12035	CFKGLB_00840	42.7	897	424	21	1	848	23	878	5.29e-195	600
KDHFCO_12035	DNKGCI_10120	41.8	828	421	15	3	793	25	828	1.25e-184	572
KDHFCO_12035	OFBCLB_08345	39.8	914	487	21	5	878	26	916	3.63e-182	566
KDHFCO_12035	AGHDIE_05310	46.1	662	301	15	194	830	31	661	7.84e-174	542
KDHFCO_12035	APEJKH_06965	38.2	931	500	20	2	878	24	933	1.58e-168	538
KDHFCO_12035	EJHJGL_13275	37.2	938	471	31	201	1086	53	924	2.68e-154	494
KDHFCO_12035	FBLNFP_04570	40.1	851	416	32	203	1006	30	833	2.94e-148	473
KDHFCO_12035	IAFHMK_08645	44.5	438	174	14	982	1380	1199	1606	5.47e-81	294
KDHFCO_12035	OFBCLB_05310	30.1	744	428	25	191	857	29	757	2.32e-72	267
KDHFCO_12035	BJLDLK_03795	41.1	365	186	9	487	830	24	380	6.85e-66	231
KDHFCO_12035	BGHOFK_08900	41.6	385	177	8	1010	1379	1319	1670	1.58e-65	245
KDHFCO_12035	CNLKLD_01155	38.7	403	208	10	1010	1384	1142	1533	8.41e-64	239
KDHFCO_12040	ABCLFC_11365	99.3	575	4	0	1	575	1	575	0.0	1115
KDHFCO_12040	JMBAEF_08980	47.4	580	295	5	4	575	5	582	6.29e-180	520
KDHFCO_12040	CMMBIF_02625	46.6	582	300	6	3	575	4	583	2.02e-169	493
KDHFCO_12040	DNKIME_04900	41.8	579	331	3	3	575	5	583	7.33e-148	438
KDHFCO_12040	AEFDGK_06945	40.6	574	336	4	6	575	5	577	6.14e-144	427
KDHFCO_12040	NGAPDN_00155	24.3	531	385	7	5	527	9	530	1.38e-41	157
KDHFCO_12040	AHPAPB_06590	25.5	537	384	9	5	531	11	541	8.85e-41	155
KDHFCO_12045	ABCBPP_11390	82.7	318	55	0	1	318	1	318	2.58e-196	541
KDHFCO_12045	CDIIGJ_07100	69.0	316	98	0	1	316	1	316	1.31e-161	452
KDHFCO_12045	HNNKEJ_08470	65.5	316	109	0	1	316	1	316	2.92e-158	444
KDHFCO_12045	BGHOFK_09005	66.7	318	106	0	1	318	1	318	1.07e-153	432
KDHFCO_12045	IAFHMK_02390	61.7	316	121	0	1	316	1	316	1.64e-143	407
KDHFCO_12045	LBKFJK_08220	59.9	312	125	0	1	312	1	312	3.27e-140	398
KDHFCO_12045	DNKGCI_08650	59.6	312	126	0	1	312	1	312	1.25e-137	392
KDHFCO_12045	AANGNE_08860	60.1	316	124	1	1	316	1	314	6.95e-137	390
KDHFCO_12045	DDDLLA_08100	55.4	312	139	0	1	312	1	312	3.37e-121	350
KDHFCO_12045	CNLKLD_03210	52.1	317	148	3	1	316	1	314	1.17e-113	331
KDHFCO_12050	AAKGEC_10480	84.9	259	39	0	1	259	1	259	4.47e-156	434
KDHFCO_12050	HNNKEJ_08475	70.3	259	77	0	1	259	1	259	3.99e-129	365
KDHFCO_12050	CDIIGJ_07105	68.7	259	80	1	1	259	1	258	3.84e-122	348
KDHFCO_12050	BGHOFK_09000	61.6	258	99	0	1	258	1	258	2.47e-116	333
KDHFCO_12050	DNKGCI_08645	46.3	259	136	1	1	259	1	256	2.55e-76	231
KDHFCO_12050	LBKFJK_08225	44.0	259	142	1	1	259	9	264	6.08e-74	226
KDHFCO_12050	IAFHMK_02395	47.5	259	128	2	1	259	1	251	4.48e-73	223
KDHFCO_12050	AANGNE_08865	45.9	259	136	3	1	259	1	255	5.58e-73	223
KDHFCO_12050	DDDLLA_08105	43.7	261	142	2	1	259	1	258	6.05e-70	215
KDHFCO_12050	CNLKLD_03215	42.9	261	138	3	1	259	1	252	2.11e-58	186
KDHFCO_12060	ABNNBP_12665	100	110	0	0	1	110	1	110	4.53e-81	232
KDHFCO_12065	ABNNBP_12670	100	168	0	0	1	168	1	168	1.90e-119	333
KDHFCO_12070	ABNNBP_12675	100	260	0	0	1	260	13	272	7.81e-174	479
KDHFCO_12070	CDIIGJ_07110	69.6	257	78	0	4	260	11	267	6.06e-126	358
KDHFCO_12070	BGHOFK_08995	63.5	260	95	0	1	260	3	262	6.66e-110	317
KDHFCO_12070	HNNKEJ_08480	57.2	257	110	0	4	260	7	263	2.48e-98	288
KDHFCO_12070	IAFHMK_02400	51.6	252	119	3	11	260	7	257	1.06e-75	230
KDHFCO_12070	DNKGCI_08640	47.9	259	133	2	1	258	1	258	1.16e-72	222
KDHFCO_12070	LBKFJK_08230	48.1	260	133	2	1	259	1	259	7.78e-71	218
KDHFCO_12070	AANGNE_08870	48.1	260	131	2	5	260	3	262	1.57e-68	212
KDHFCO_12070	DDDLLA_08110	44.8	259	141	2	1	258	1	258	8.49e-62	194
KDHFCO_12070	CNLKLD_03220	45.0	262	135	4	6	260	1	260	4.61e-59	187
KDHFCO_12075	ABJDJH_07875	94.4	288	16	0	1	288	1	288	2.66e-202	553
KDHFCO_12075	MEFLAG_06700	73.4	289	72	1	1	289	1	284	2.66e-157	439
KDHFCO_12075	CNLKLD_02990	67.8	295	89	2	1	289	1	295	2.39e-144	407
KDHFCO_12075	LBKFJK_08880	52.3	283	131	2	7	288	2	281	4.82e-110	319
KDHFCO_12075	CNLKLD_01970	35.0	283	133	6	6	287	5	237	4.09e-49	162
KDHFCO_12080	AAKGEC_10495	91.3	762	66	0	1	762	1	762	0.0	1422
KDHFCO_12080	IAFHMK_02415	72.2	760	210	1	1	759	1	760	0.0	1127
KDHFCO_12080	DDDLLA_08120	69.4	762	231	2	1	760	1	762	0.0	1084
KDHFCO_12080	AANGNE_01020	66.6	764	247	4	1	758	1	762	0.0	1052
KDHFCO_12080	CNLKLD_02995	64.3	762	265	5	3	757	4	765	0.0	1013
KDHFCO_12085	BFGFFC_11775	90.7	236	16	1	1	236	1	230	9.25e-159	438
KDHFCO_12085	IAFHMK_02420	67.4	233	75	1	1	232	1	233	1.98e-120	342
KDHFCO_12085	MMOLKF_03385	92.3	104	8	0	1	104	1	104	1.71e-66	201
KDHFCO_12085	HNNKEJ_03340	44.5	220	111	5	22	232	23	240	4.30e-56	179
KDHFCO_12085	DDDLLA_03875	42.2	218	117	4	22	231	23	239	1.96e-53	172
KDHFCO_12085	LBKFJK_02955	40.4	208	113	4	37	234	38	244	6.66e-49	160
KDHFCO_12085	IAFHMK_03845	41.1	219	117	6	22	232	23	237	4.45e-46	153
KDHFCO_12090	AAKGEC_10505	92.1	280	22	0	1	280	1	280	8.70e-185	508
KDHFCO_12090	IAFHMK_01835	64.1	276	97	1	5	280	7	280	8.95e-125	356
KDHFCO_12090	AANGNE_01405	59.6	280	113	0	1	280	1	280	3.51e-119	342
KDHFCO_12090	CNLKLD_02930	56.7	282	120	2	1	280	18	299	4.31e-110	320
KDHFCO_12090	FPPAJO_10705	100	113	0	0	1	113	1	113	8.72e-64	197
KDHFCO_12090	AANGNE_04620	34.2	284	177	4	1	280	1	278	2.59e-51	169
KDHFCO_12090	DDDLLA_08920	34.3	283	179	5	3	279	2	283	5.22e-48	160
KDHFCO_12095	ABCBPP_11425	88.4	440	51	0	1	440	1	440	5.07e-292	793
KDHFCO_12095	ABCBPP_12890	54.6	443	192	4	7	440	7	449	1.65e-165	473
KDHFCO_12095	EIKFFD_09515	52.8	451	202	3	1	440	1	451	2.26e-159	457
KDHFCO_12095	CDIIGJ_02315	50.4	446	215	3	1	440	1	446	7.99e-158	453
KDHFCO_12095	BGHOFK_08965	50.7	446	214	2	1	440	1	446	1.39e-153	442
KDHFCO_12095	JAFLJO_04320	49.6	395	186	5	56	439	1	393	5.37e-120	355
KDHFCO_12095	LBKFJK_03490	51.4	282	128	1	163	435	1	282	6.65e-94	284
KDHFCO_12095	GMJBDL_12400	33.0	448	267	6	9	431	88	527	6.82e-74	241
KDHFCO_12095	DNKGCI_06720	55.1	205	90	1	237	439	9	213	6.01e-71	223
KDHFCO_12095	DNKGCI_06715	50.2	231	113	2	1	231	1	229	2.00e-68	217
KDHFCO_12095	LBKFJK_03485	51.6	161	77	1	1	160	1	161	2.84e-50	167
KDHFCO_12095	LBKFJK_05305	27.8	453	281	11	6	431	2	435	4.14e-42	154
KDHFCO_12100	AAKGEC_10515	97.3	483	13	0	1	483	1	483	0.0	946
KDHFCO_12100	LBKFJK_08915	53.0	492	217	5	3	481	2	492	4.41e-183	521
KDHFCO_12105	ABNNBP_12710	100	74	0	0	1	74	1	74	9.37e-53	157
KDHFCO_12115	MHGLEN_04205	97.8	179	4	0	2	180	24	202	3.87e-123	345
KDHFCO_12115	CDIIGJ_07145	70.6	180	53	0	1	180	1	180	9.85e-92	265
KDHFCO_12115	CNLKLD_03160	64.0	178	64	0	1	178	1	178	9.11e-80	234
KDHFCO_12115	NAFEBK_01340	62.6	179	67	0	1	179	1	179	1.35e-74	221
KDHFCO_12115	DHALJH_01315	57.3	178	76	0	1	178	1	178	4.05e-67	202
KDHFCO_12120	ABNNBP_12725	100	295	0	0	1	295	1	295	2.39e-210	574
KDHFCO_12120	HCCFCF_09470	72.7	278	76	0	13	290	1	278	1.24e-137	389
KDHFCO_12120	IAMLOO_03400	38.6	280	160	5	13	280	1	280	3.18e-60	193
KDHFCO_12120	IAFHMK_02450	38.4	289	165	6	13	292	5	289	2.29e-54	178
KDHFCO_12125	CHBPFB_01160	88.3	307	29	1	1	307	1	300	2.59e-191	526
KDHFCO_12125	CNLKLD_03155	54.1	303	139	0	1	303	1	303	1.47e-117	341
KDHFCO_12130	ABCLFC_11475	98.4	183	3	0	1	183	1	183	2.74e-133	370
KDHFCO_12130	HNNKEJ_08590	74.4	164	42	0	20	183	1	164	4.55e-89	257
KDHFCO_12130	BGHOFK_08955	72.0	164	46	0	20	183	1	164	1.68e-84	246
KDHFCO_12130	CNLKLD_03170	55.8	163	72	0	20	182	1	163	3.83e-62	189
KDHFCO_12130	CJHCCN_10630	52.8	163	77	0	20	182	1	163	3.34e-59	182
KDHFCO_12130	AANGNE_00995	52.5	162	77	0	20	181	1	162	9.10e-56	173
KDHFCO_12135	AMDFJK_08140	75.7	107	26	0	1	107	1	107	8.17e-58	173
KDHFCO_12140	ABCLFC_11485	96.4	112	4	0	1	112	1	112	6.91e-77	221
KDHFCO_12140	CDIIGJ_07195	71.4	112	32	0	1	112	1	112	2.20e-55	167
KDHFCO_12140	AAKGEC_10540	72.1	111	31	0	1	111	1	111	4.87e-55	166
KDHFCO_12145	AAKGEC_10545	77.6	116	26	0	1	116	1	116	3.67e-64	190
KDHFCO_12150	AAKGEC_10550	78.5	209	45	0	1	209	1	209	4.24e-111	316
KDHFCO_12150	CDIIGJ_07205	67.0	209	69	0	1	209	1	209	3.09e-89	261
KDHFCO_12150	HNNKEJ_08610	63.6	209	76	0	1	209	1	209	1.33e-86	254
KDHFCO_12150	EIKFFD_05270	53.8	208	95	1	1	207	1	208	1.03e-66	203
KDHFCO_12150	AANGNE_00985	53.4	208	96	1	1	207	1	208	1.36e-64	198
KDHFCO_12150	DDDLLA_03580	50.2	209	102	2	1	207	1	209	1.25e-63	196
KDHFCO_12150	DNKGCI_00980	47.6	210	108	2	1	209	1	209	1.77e-57	180
KDHFCO_12150	CNLKLD_03175	55.2	163	72	1	46	207	47	209	4.89e-52	166
KDHFCO_12155	HNNKEJ_08615	81.9	360	60	2	1	360	1	355	1.85e-193	536
KDHFCO_12155	DNKGCI_00985	69.0	361	108	2	1	361	1	357	5.62e-167	469
KDHFCO_12155	IAFHMK_02485	69.6	362	103	3	1	361	1	356	7.29e-165	464
KDHFCO_12155	EIKFFD_05275	68.6	360	106	2	1	359	1	354	5.04e-163	459
KDHFCO_12155	CNLKLD_03180	61.8	364	136	2	1	361	1	364	5.06e-143	409
KDHFCO_12160	EHLNLG_11895	83.1	225	36	1	1	225	1	223	4.99e-124	350
KDHFCO_12160	HNNKEJ_09160	66.1	218	74	0	1	218	1	218	7.51e-97	281
KDHFCO_12160	CBFHCM_03435	48.6	210	108	0	6	215	3	212	4.15e-63	196
KDHFCO_12160	NAFEBK_10205	86.1	108	15	0	1	108	1	108	1.50e-56	176
KDHFCO_12160	ABJDJH_05770	43.3	203	115	0	9	211	20	222	2.14e-55	176
KDHFCO_12160	DNKGCI_06310	41.3	213	125	0	6	218	3	215	1.60e-54	173
KDHFCO_12160	DHALJH_07460	40.5	210	125	0	8	217	5	214	2.57e-51	165
KDHFCO_12160	CNLKLD_02735	44.9	198	109	0	14	211	3	200	2.98e-50	162
KDHFCO_12160	IAFHMK_03310	42.4	210	120	1	9	217	14	223	6.73e-50	162
KDHFCO_12165	DFCDFN_02660	93.6	451	29	0	3	453	10	460	1.43e-304	826
KDHFCO_12170	OCHCOK_11410	97.3	188	4	1	1	187	1	188	7.00e-129	365
KDHFCO_12175	ABCLFC_11525	97.2	181	5	0	1	181	1	181	1.79e-128	357
KDHFCO_12180	ABCLFC_11530	94.2	191	11	0	1	191	1	191	4.65e-129	360
KDHFCO_12185	BAOMEA_10040	85.8	323	46	0	1	323	1	323	1.78e-197	544
KDHFCO_12190	ABCLFC_11545	99.0	507	5	0	1	507	1	507	0.0	925
KDHFCO_12190	DNKGCI_05455	51.1	503	237	2	1	498	1	499	2.58e-173	497
KDHFCO_12190	IAFHMK_00870	51.3	507	244	2	1	504	1	507	2.22e-163	472
KDHFCO_12190	LBKFJK_06745	47.4	506	265	1	1	505	8	513	3.67e-160	464
KDHFCO_12190	AGDPFD_08735	47.7	499	260	1	1	498	1	499	1.63e-156	454
KDHFCO_12190	OAJDKB_01875	30.3	495	337	6	2	492	5	495	4.11e-64	216
KDHFCO_12190	IAFHMK_00535	33.2	416	270	4	4	411	2	417	5.87e-64	216
KDHFCO_12190	BJAFKI_03480	30.8	507	324	10	2	497	5	495	3.49e-60	206
KDHFCO_12190	DPKBOM_03440	31.0	500	327	6	2	492	5	495	4.57e-60	205
KDHFCO_12190	CDHEJB_06920	31.8	393	257	4	21	405	26	415	1.21e-57	199
KDHFCO_12190	LOADKL_11485	32.2	397	251	8	18	404	22	410	4.26e-54	189
KDHFCO_12195	ABCLFC_11550	95.9	294	12	0	1	294	1	294	3.18e-207	568
KDHFCO_12195	CEHNAA_08760	67.6	238	77	0	1	238	1	238	9.53e-104	302
KDHFCO_12195	CBEECJ_04130	47.1	295	149	5	1	294	1	289	5.67e-79	242
KDHFCO_12195	AHPAPB_01320	44.7	295	156	5	1	294	1	289	1.17e-75	234
KDHFCO_12195	AMHKJB_01800	45.2	290	149	6	1	288	1	282	1.60e-75	233
KDHFCO_12195	FIHDIM_05890	40.1	297	164	6	2	294	3	289	1.80e-68	215
KDHFCO_12195	IAFHMK_00885	38.0	295	166	7	2	294	6	285	1.74e-58	189
KDHFCO_12195	LBKFJK_00965	36.1	299	171	6	2	288	3	293	4.11e-55	181
KDHFCO_12200	BEGLKA_07575	97.2	316	9	0	1	316	1	316	3.72e-218	596
KDHFCO_12200	BFCBHP_00495	42.3	272	150	5	2	270	3	270	3.66e-50	169
KDHFCO_12205	BAOMEA_10060	75.6	324	79	0	3	326	4	327	2.02e-181	503
KDHFCO_12205	OCHCOK_11410	39.7	300	169	4	1	288	1	300	8.52e-68	215
KDHFCO_12205	LPLJMN_02440	35.3	331	200	3	2	321	8	335	4.14e-64	206
KDHFCO_12205	DDKKPM_09450	38.9	270	145	2	4	260	10	272	1.08e-59	194
KDHFCO_12205	AMFMEJ_05105	31.4	309	203	5	4	310	3	304	6.52e-44	152
KDHFCO_12210	BEGLKA_07555	98.2	396	7	0	1	396	1	396	1.12e-278	755
KDHFCO_12210	DDDLLA_05290	42.9	378	209	3	21	393	23	398	8.16e-101	304
KDHFCO_12210	AANGNE_02985	43.1	378	209	3	21	395	14	388	2.08e-95	290
KDHFCO_12210	CNLKLD_01620	40.5	390	226	3	9	395	2	388	4.11e-89	274
KDHFCO_12220	AAKGEC_10580	100	126	0	0	1	126	1	126	1.54e-82	237
KDHFCO_12225	IAFHMK_10280	93.6	313	19	1	1	312	1	313	1.15e-203	558
KDHFCO_12230	AAKGEC_10590	100	127	0	0	1	127	1	127	5.56e-81	233
KDHFCO_12235	AAKGEC_10595	100	121	0	0	1	121	1	121	1.40e-78	226
KDHFCO_12245	ACIHME_00390	97.7	214	5	0	1	214	1	214	1.30e-150	416
KDHFCO_12245	CEHAJH_09755	49.1	214	76	2	1	214	3	183	7.80e-61	188
KDHFCO_12245	CNLKLD_01185	44.4	214	90	3	1	214	1	185	1.39e-53	169
KDHFCO_12250	DNKGCI_00365	87.3	440	54	1	1	438	1	440	5.56e-273	744
KDHFCO_12255	DDDLLA_11510	85.0	147	22	0	1	147	1	147	2.43e-74	218
KDHFCO_12265	CNLKLD_01235	92.4	170	11	1	1	168	1	170	3.85e-99	282
KDHFCO_12270	AAKGEC_10630	98.3	115	2	0	1	115	1	115	7.98e-73	211
KDHFCO_12270	DOCKDI_01325	98.3	115	2	0	1	115	58	172	5.17e-72	211
KDHFCO_12275	AAKGEC_10635	98.9	178	2	0	1	178	1	178	9.94e-120	335
KDHFCO_12280	AAKGEC_10640	99.2	132	1	0	1	132	1	132	1.63e-89	255
KDHFCO_12285	DOCKDI_01310	88.2	85	10	0	2	86	117	201	2.16e-50	156
KDHFCO_12285	JIBFFE_02620	91.4	81	7	0	2	82	135	215	1.92e-49	154
KDHFCO_12300	AAKGEC_10655	100	180	0	0	1	180	1	180	1.31e-125	350
KDHFCO_12305	AAKGEC_10660	100	101	0	0	1	101	1	101	1.26e-67	197
KDHFCO_12310	AAKGEC_10665	100	122	0	0	1	122	1	122	7.76e-81	232
KDHFCO_12315	AAKGEC_10670	100	86	0	0	1	86	1	86	1.96e-55	165
KDHFCO_12325	AANGNE_00830	89.1	137	15	0	1	137	1	137	1.17e-87	251
KDHFCO_12330	AAKGEC_10685	99.5	217	1	0	1	217	1	217	9.62e-153	422
KDHFCO_12335	AAKGEC_10690	100	115	0	0	1	115	1	115	2.38e-74	215
KDHFCO_12340	AAKGEC_10695	98.9	92	1	0	1	92	1	92	1.74e-63	186
KDHFCO_12345	DFCDFN_08360	88.8	276	31	0	1	276	1	276	1.17e-176	487
KDHFCO_12350	AAKGEC_10705	99.0	97	1	0	1	97	1	97	2.41e-61	181
KDHFCO_12355	AAKGEC_10710	98.6	208	3	0	1	208	1	208	2.97e-138	384
KDHFCO_12360	AAKGEC_10715	99.5	207	1	0	1	207	1	207	2.56e-143	397
KDHFCO_12365	AAKGEC_10720	100	102	0	0	1	102	1	102	3.89e-67	196
KDHFCO_12370	DDDLLA_07060	72.7	121	32	1	1	120	1	121	1.11e-53	164
KDHFCO_12370	CNLKLD_03000	73.1	119	32	0	1	119	1	119	1.04e-49	154
KDHFCO_12375	LMHNOH_05565	87.6	429	49	1	1	429	1	425	2.63e-246	676
KDHFCO_12375	CDIIGJ_07395	76.5	426	99	1	1	425	1	426	1.50e-211	588
KDHFCO_12375	HNNKEJ_09125	71.4	427	121	1	1	427	1	426	4.22e-199	556
KDHFCO_12375	BGHOFK_06005	72.9	425	114	1	1	425	1	424	3.64e-195	546
KDHFCO_12375	IAFHMK_10460	66.7	421	139	1	1	421	1	420	1.04e-189	533
KDHFCO_12375	AANGNE_00780	59.8	425	161	2	1	423	1	417	5.55e-165	470
KDHFCO_12375	LBKFJK_05080	59.1	423	172	1	1	423	1	422	1.89e-163	466
KDHFCO_12375	DDDLLA_07055	60.3	423	167	1	1	423	1	422	1.34e-157	451
KDHFCO_12375	CNLKLD_07400	52.9	427	199	1	1	425	1	427	1.88e-141	410
KDHFCO_12375	APEJKH_07320	35.0	429	271	3	4	425	12	439	4.67e-70	228
KDHFCO_12380	CDIIGJ_07400	77.2	496	109	2	1	496	1	492	2.45e-271	745
KDHFCO_12380	HNNKEJ_09130	74.8	496	122	1	1	496	1	493	1.08e-265	731
KDHFCO_12380	IAFHMK_10465	73.0	496	130	1	1	496	1	492	1.03e-251	695
KDHFCO_12380	DDDLLA_06745	48.1	453	220	8	5	456	3	441	9.59e-134	394
KDHFCO_12380	LBKFJK_00845	43.9	488	242	8	5	490	3	460	2.56e-129	383
KDHFCO_12380	DNKGCI_03935	43.1	490	249	8	5	493	3	463	1.56e-121	363
KDHFCO_12385	AANGNE_00775	84.9	185	27	1	1	184	1	185	4.12e-118	332
KDHFCO_12400	JMEAFF_11745	91.3	608	50	1	1	605	1	608	0.0	1110
KDHFCO_12400	HNNKEJ_09150	73.9	605	158	0	1	605	1	605	0.0	919
KDHFCO_12400	DNKGCI_00220	60.1	606	238	2	1	602	1	606	1.93e-265	739
KDHFCO_12400	DDDLLA_07040	59.4	608	239	4	1	602	1	606	4.88e-261	728
KDHFCO_12400	IAFHMK_10480	59.8	610	238	5	1	605	1	608	1.66e-252	706
KDHFCO_12400	CNLKLD_03015	58.1	601	250	2	1	600	1	600	2.74e-247	693
KDHFCO_12400	AANGNE_00765	57.8	607	249	3	2	602	5	610	1.43e-244	686
KDHFCO_12400	NGAPDN_13695	29.2	612	349	19	2	600	5	545	5.85e-63	216
KDHFCO_12405	HNNKEJ_09155	85.3	744	106	3	1	743	1	742	0.0	1239
KDHFCO_12405	IAFHMK_10485	73.9	748	177	6	3	741	4	742	0.0	1043
KDHFCO_12405	DNKGCI_00215	72.2	747	202	3	1	743	1	745	0.0	1024
KDHFCO_12405	AOEAIB_02700	63.7	753	257	3	6	742	7	759	0.0	933
KDHFCO_12405	CNLKLD_03020	65.0	725	231	5	40	741	35	759	0.0	917
KDHFCO_12405	AGHDIE_04215	32.9	566	309	16	121	625	140	695	1.25e-59	215
KDHFCO_12405	CNLKLD_00730	31.4	566	318	16	121	625	123	679	1.22e-58	212
KDHFCO_12405	ABCLFC_02260	31.4	563	319	15	121	625	129	682	1.53e-58	212
KDHFCO_12405	IAFHMK_03965	32.7	557	310	15	126	625	137	685	5.78e-56	205
KDHFCO_12405	DDDLLA_10580	31.1	589	328	19	121	649	105	675	5.21e-50	187
KDHFCO_12410	ALLEOD_01610	98.6	211	3	0	1	211	151	361	5.08e-143	402
KDHFCO_12410	AEFDGK_00710	84.7	209	32	0	1	209	1	209	1.25e-128	360
KDHFCO_12410	AECHFI_08835	55.0	209	24	1	1	209	1	139	7.03e-67	201
KDHFCO_12415	AAKGEC_10765	97.2	143	4	0	1	143	1	143	3.45e-94	268
KDHFCO_12415	ALLEOD_01610	98.6	143	2	0	1	143	1	143	1.36e-92	271
KDHFCO_12415	BNBIEO_07465	69.0	142	44	0	1	142	1	142	3.84e-67	199
KDHFCO_12415	AANGNE_06045	66.4	140	47	0	1	140	1	140	2.22e-66	197
KDHFCO_12415	BOKJIE_05495	67.9	140	45	0	1	140	1	140	7.38e-65	194
KDHFCO_12420	ABNNBP_13025	100	138	0	0	1	138	1	138	1.27e-98	278
KDHFCO_12420	DHALJH_08440	65.9	129	44	0	10	138	46	174	1.19e-58	179
KDHFCO_12420	BGHOFK_03390	66.4	125	42	0	14	138	3	127	1.79e-57	174
KDHFCO_12420	IAFHMK_01540	64.0	125	45	0	14	138	1	125	6.52e-55	167
KDHFCO_12420	HNNKEJ_07035	57.1	126	54	0	13	138	3	128	7.52e-50	155
KDHFCO_12425	ABJDJH_07595	81.6	288	53	0	1	288	1	288	6.48e-172	476
KDHFCO_12425	CDIIGJ_07435	67.4	288	94	0	1	288	1	288	5.01e-140	395
KDHFCO_12425	BGHOFK_06035	62.7	284	106	0	1	284	1	284	4.31e-133	378
KDHFCO_12425	HNNKEJ_09165	64.1	281	100	1	1	280	1	281	1.38e-131	374
KDHFCO_12425	DNKGCI_00210	64.8	281	98	1	1	280	3	283	7.51e-129	367
KDHFCO_12425	LBKFJK_05050	61.9	281	106	1	1	280	1	281	6.19e-127	362
KDHFCO_12425	IAFHMK_10490	63.3	283	103	1	1	282	1	283	1.64e-126	362
KDHFCO_12425	DDDLLA_07030	60.9	281	109	1	1	280	3	283	9.64e-123	352
KDHFCO_12425	ACDDAG_04845	60.9	281	109	1	1	280	1	281	1.18e-118	342
KDHFCO_12425	CNLKLD_03025	52.1	280	133	1	1	280	1	279	4.53e-99	292
KDHFCO_12435	GGNLIA_03115	98.9	185	2	0	29	213	207	391	1.62e-127	367
KDHFCO_12435	BEHEAJ_00625	76.8	211	47	1	1	211	50	258	2.47e-114	329
KDHFCO_12435	IIAFGB_05595	63.2	220	76	2	1	220	178	392	1.52e-95	286
KDHFCO_12435	AMHKJB_02715	84.1	151	24	0	1	151	1	151	2.18e-86	252
KDHFCO_12435	EAKCFB_04575	81.1	148	28	0	17	164	1	148	1.97e-81	245
KDHFCO_12435	BOKJIE_00635	72.3	159	41	1	62	220	1	156	1.87e-76	229
KDHFCO_12435	ABNNBP_01250	68.6	159	47	2	62	220	1	156	8.35e-71	215
KDHFCO_12435	IAMLOO_03350	60.0	175	66	1	36	210	2	172	6.01e-68	209
KDHFCO_12435	FMBBOG_10345	53.5	200	87	3	17	210	1	200	4.18e-67	207
KDHFCO_12435	PJLNJC_02530	76.8	99	22	1	114	211	1	99	5.30e-49	159
KDHFCO_12440	LCDEGG_08215	99.0	104	1	0	1	104	100	203	2.20e-65	195
KDHFCO_12445	AAKGEC_10780	99.3	269	2	0	1	269	1	269	3.08e-168	465
KDHFCO_12445	AANGNE_00930	73.1	268	72	0	1	268	1	268	6.48e-126	358
KDHFCO_12450	AAKGEC_10785	93.5	245	16	0	1	245	1	245	6.95e-169	465
KDHFCO_12450	AANGNE_00935	71.6	225	64	0	1	225	1	225	2.40e-122	347
KDHFCO_12455	AAKGEC_10790	91.4	280	24	0	1	280	1	280	7.97e-181	498
KDHFCO_12455	LBKFJK_05035	68.6	280	88	0	1	280	1	280	8.92e-134	379
KDHFCO_12455	AANGNE_00750	68.7	281	87	1	1	280	1	281	5.32e-133	377
KDHFCO_12455	DNKGCI_00195	68.6	280	88	0	1	280	1	280	1.04e-132	376
KDHFCO_12455	DDDLLA_07015	67.1	280	92	0	1	280	1	280	8.46e-132	374
KDHFCO_12455	IAFHMK_10505	59.9	282	110	2	1	279	1	282	8.86e-116	333
KDHFCO_12455	CNLKLD_03040	50.5	289	132	3	2	279	4	292	8.65e-99	291
KDHFCO_12455	AAOIOD_08845	41.8	280	139	3	23	278	48	327	4.31e-69	222
KDHFCO_12455	BLOIDM_11920	41.6	298	142	5	12	277	20	317	2.96e-67	217
KDHFCO_12460	HNNKEJ_09185	79.7	143	29	0	1	143	1	143	1.20e-76	224
KDHFCO_12460	IAFHMK_10510	69.7	145	44	0	1	145	1	145	8.84e-66	196
KDHFCO_12460	AANGNE_00940	66.0	144	49	0	2	145	4	147	3.83e-65	194
KDHFCO_12460	DNKGCI_00190	69.7	142	43	0	1	142	1	142	1.62e-61	185
KDHFCO_12460	LBKFJK_05030	66.0	144	49	0	1	144	1	144	2.29e-61	185
KDHFCO_12460	DDDLLA_07010	64.1	145	52	0	1	145	1	145	1.08e-59	181
KDHFCO_12470	HNNKEJ_09195	66.2	139	47	0	1	139	1	139	1.03e-64	193
KDHFCO_12470	BHKCDL_10125	77.0	122	28	0	15	136	1	122	2.67e-63	190
KDHFCO_12470	CDIIGJ_07465	63.8	141	51	0	1	141	1	141	4.24e-62	186
KDHFCO_12470	BGHOFK_06065	61.5	135	51	1	4	137	5	139	6.42e-55	168
KDHFCO_12470	ACIHME_00590	57.3	150	49	2	5	139	9	158	6.31e-54	166
KDHFCO_12470	IAFHMK_10520	57.2	138	57	1	4	139	11	148	5.05e-51	159
KDHFCO_12470	DNKGCI_00180	53.2	139	65	0	1	139	1	139	7.50e-49	153
KDHFCO_12470	DDDLLA_07000	53.3	137	64	0	1	137	1	137	1.23e-47	150
KDHFCO_12475	ABCLFC_11825	95.9	97	4	0	2	98	2	98	1.56e-53	161
KDHFCO_12480	ABNNBP_13085	100	131	0	0	2	132	17	147	1.14e-81	236
KDHFCO_12480	AAKGEC_10815	68.9	132	41	0	1	132	1	132	3.04e-53	163
KDHFCO_12480	CDIIGJ_07475	67.4	129	42	0	4	132	19	147	3.98e-52	161
KDHFCO_12485	ABCBPP_11760	84.4	109	17	0	17	125	19	127	5.92e-55	167
KDHFCO_12490	AMHKJB_09185	81.2	314	59	0	1	314	49	362	4.22e-172	481
KDHFCO_12490	LLNOII_08800	80.3	314	62	0	1	314	317	630	3.31e-166	476
KDHFCO_12490	CDIIGJ_07485	72.2	313	87	0	1	313	26	338	4.93e-149	421
KDHFCO_12490	IAFHMK_10540	64.0	314	113	0	1	314	1	314	3.89e-133	380
KDHFCO_12490	BGHOFK_06435	58.0	319	129	2	1	314	13	331	4.66e-121	350
KDHFCO_12490	DDDLLA_06980	58.1	315	131	1	1	314	1	315	9.65e-117	338
KDHFCO_12490	DNKGCI_00160	57.1	312	133	1	1	311	28	339	3.39e-116	338
KDHFCO_12490	LBKFJK_05005	56.5	315	136	1	1	314	1	315	7.35e-114	331
KDHFCO_12490	CJHCCN_03025	54.2	312	143	0	1	312	320	631	5.24e-104	317
KDHFCO_12490	KJJMGA_00790	52.5	314	145	2	1	312	35	346	3.25e-100	298
KDHFCO_12490	CNLKLD_03070	50.5	309	153	0	1	309	1	309	7.26e-96	285
KDHFCO_12490	HNNKEJ_09220	60.8	217	85	0	1	217	1	217	1.29e-86	258
KDHFCO_12495	ABCLFC_11845	99.1	326	3	0	1	326	1	326	1.08e-233	635
KDHFCO_12495	LLNOII_08800	74.4	312	80	0	6	317	2	313	3.19e-162	466
KDHFCO_12495	CDIIGJ_07490	69.6	312	92	2	1	309	1	312	1.24e-151	427
KDHFCO_12495	HNNKEJ_09225	62.9	326	118	2	1	324	1	325	1.79e-149	422
KDHFCO_12495	IAFHMK_10545	61.0	323	124	1	1	321	17	339	1.12e-141	403
KDHFCO_12495	LBKFJK_05000	61.0	323	124	1	1	321	1	323	6.06e-140	398
KDHFCO_12495	BGHOFK_06440	60.7	328	126	3	1	326	1	327	1.04e-136	390
KDHFCO_12495	DDDLLA_06975	59.8	316	124	2	1	314	1	315	7.31e-132	377
KDHFCO_12495	DNKGCI_00155	60.4	303	117	2	9	309	1	302	1.84e-129	371
KDHFCO_12495	CNLKLD_03075	55.0	318	141	2	6	322	10	326	5.39e-117	340
KDHFCO_12495	PCAMPM_06075	54.5	314	114	2	1	314	1	285	5.68e-112	326
KDHFCO_12495	CJHCCN_03025	54.3	317	144	1	1	317	1	316	1.92e-111	336
KDHFCO_12500	ADJCAM_06275	97.6	1639	36	2	1	1635	21	1659	0.0	3168
KDHFCO_12500	BGLHJG_00760	37.0	1197	686	24	412	1585	94	1245	5.80e-234	720
KDHFCO_12505	ABNNBP_13110	99.4	178	1	0	1	178	1	178	1.77e-113	319
KDHFCO_12505	DIBOGN_10190	72.5	178	49	0	1	178	1	178	1.64e-79	233
KDHFCO_12505	AAKGEC_02570	55.1	178	80	0	1	178	1	178	1.79e-52	165
KDHFCO_12510	AAKGEC_02565	87.9	132	16	0	1	132	312	443	2.75e-80	242
KDHFCO_12510	IAFHMK_10570	64.9	131	46	0	1	131	312	442	2.99e-58	186
KDHFCO_12515	AAKGEC_02565	87.9	289	35	0	1	289	1	289	1.04e-176	495
KDHFCO_12515	IAFHMK_10570	55.1	287	129	0	1	287	1	287	2.54e-103	309
KDHFCO_12515	HNNKEJ_07450	43.2	296	161	2	1	290	1	295	9.35e-78	243
KDHFCO_12515	IAFHMK_09655	44.1	295	159	2	1	290	1	294	4.01e-77	242
KDHFCO_12515	BGHOFK_07245	43.4	290	164	0	1	290	1	290	4.58e-77	241
KDHFCO_12515	HNNKEJ_10210	40.2	291	169	1	1	286	1	291	3.32e-75	237
KDHFCO_12515	AGDPFD_05235	41.3	300	167	2	1	292	1	299	1.88e-73	233
KDHFCO_12515	BGHOFK_05100	35.4	294	182	3	1	287	1	293	6.98e-59	194
KDHFCO_12515	LBKFJK_09900	35.0	286	184	2	1	285	1	285	7.96e-55	184
KDHFCO_12520	DFCDFN_08215	79.9	616	124	0	1	616	1	616	0.0	979
KDHFCO_12525	HNNKEJ_09260	81.1	428	80	1	1	428	1	427	1.83e-244	671
KDHFCO_12525	IAFHMK_10580	71.5	439	111	2	1	428	1	436	2.42e-221	613
KDHFCO_12525	AANGNE_09375	71.5	428	109	1	1	428	1	415	3.91e-215	597
KDHFCO_12525	DNKGCI_00120	69.6	428	120	1	1	428	1	418	3.93e-211	587
KDHFCO_12525	CNLKLD_03090	68.2	422	121	1	4	425	7	415	2.45e-200	559
KDHFCO_12530	DNKGCI_00115	77.2	268	57	2	1	267	1	265	5.51e-135	381
KDHFCO_12530	AANGNE_09380	69.7	267	78	1	1	267	1	264	7.54e-128	363
KDHFCO_12530	CNLKLD_03095	71.9	267	71	2	1	267	1	263	6.91e-126	358
KDHFCO_12535	AANGNE_09385	80.4	245	47	1	1	244	1	245	4.34e-149	415
KDHFCO_12535	CNLKLD_03100	69.7	238	71	1	6	243	5	241	3.82e-124	352
KDHFCO_12545	AAKGEC_02535	75.9	232	56	0	1	232	1	232	3.42e-126	356
KDHFCO_12545	CDIIGJ_07525	59.8	239	89	2	1	232	1	239	4.45e-98	285
KDHFCO_12545	BGHOFK_06480	61.6	232	89	0	1	232	1	232	4.50e-97	282
KDHFCO_12545	IAFHMK_10600	56.9	232	97	1	1	232	1	229	5.21e-92	269
KDHFCO_12545	HNNKEJ_09280	58.2	232	87	1	1	232	2	223	5.07e-86	254
KDHFCO_12545	LBKFJK_04955	56.0	232	99	2	2	232	1	230	3.99e-82	244
KDHFCO_12545	DBFGIH_07500	55.0	229	87	2	4	232	3	215	6.52e-80	238
KDHFCO_12545	AANGNE_09395	54.6	229	88	2	4	232	3	215	9.24e-80	238
KDHFCO_12550	JOJNOE_06315	95.6	159	7	0	1	159	225	383	2.23e-98	288
KDHFCO_12550	BIHALF_07715	83.0	159	27	0	1	159	36	194	3.97e-88	255
KDHFCO_12555	AAKGEC_02525	92.4	408	30	1	1	407	1	408	5.11e-241	661
KDHFCO_12555	DNKGCI_00085	70.6	394	112	2	1	394	1	390	4.45e-173	489
KDHFCO_12555	CNLKLD_08265	68.5	406	122	2	1	406	1	400	2.00e-172	488
KDHFCO_12555	IAFHMK_10610	70.8	401	112	4	2	399	4	402	3.69e-168	477
KDHFCO_12555	OABIGA_06050	65.2	402	133	2	1	398	1	399	3.73e-166	471
KDHFCO_12560	EPKBNI_12810	95.2	332	16	0	1	332	10	341	4.17e-234	637
KDHFCO_12565	AAKGEC_02515	96.2	446	17	0	1	446	1	446	3.68e-304	824
KDHFCO_12565	CNLKLD_04695	72.6	442	120	1	1	441	1	442	1.81e-223	620
KDHFCO_12565	AANGNE_09415	70.1	445	126	3	1	442	1	441	3.35e-216	601
KDHFCO_12575	ABCLFC_11920	98.8	334	4	0	1	334	1	334	8.22e-217	593
KDHFCO_12575	EHLNLG_11555	70.6	333	98	0	1	333	1	333	8.74e-156	439
KDHFCO_12575	CDIIGJ_07555	44.2	319	177	1	16	334	16	333	7.36e-82	251
KDHFCO_12575	BIHALF_07740	41.2	337	187	5	1	330	1	333	1.93e-71	224
KDHFCO_12575	HNNKEJ_09330	54.1	222	101	1	109	329	1	222	2.96e-71	220
KDHFCO_12575	IAFHMK_10635	40.6	335	188	7	3	329	4	335	2.33e-64	206
KDHFCO_12575	LBKFJK_09040	37.0	322	193	8	3	318	2	319	1.21e-47	163
KDHFCO_12580	DNKGCI_00060	84.2	241	37	1	2	242	18	257	1.49e-145	406
KDHFCO_12585	CNLKLD_04540	75.5	877	205	4	3	877	4	872	0.0	1296
KDHFCO_12585	EEJBJI_10175	71.3	875	241	4	4	877	5	870	0.0	1216
KDHFCO_12590	EHLNLG_11535	77.5	240	54	0	1	240	1	240	6.08e-136	383
KDHFCO_12590	AANGNE_03790	59.9	237	95	0	3	239	2	238	2.57e-99	290
KDHFCO_12590	LBKFJK_02525	60.6	226	89	0	1	226	1	226	2.50e-97	285
KDHFCO_12590	DNKGCI_10700	52.9	242	114	0	1	242	1	242	6.28e-93	274
KDHFCO_12590	BGHOFK_02795	57.1	226	97	0	1	226	1	226	9.00e-92	271
KDHFCO_12590	EMAPBM_05680	48.3	242	125	0	3	244	3	244	7.89e-73	223
KDHFCO_12590	CDIIGJ_09545	36.8	247	146	2	2	242	3	245	2.96e-47	157
KDHFCO_12590	AAKGEC_05360	33.7	246	153	2	2	241	3	244	3.95e-45	152
KDHFCO_12590	HNNKEJ_11800	36.2	243	147	2	2	240	7	245	1.48e-44	150
KDHFCO_12615	EGHGNB_04110	76.8	164	37	1	1	163	1	164	5.90e-89	256
KDHFCO_12615	CDIIGJ_08380	66.7	159	52	1	5	162	1	159	3.11e-69	206
KDHFCO_12615	HNNKEJ_09395	64.7	153	54	0	10	162	9	161	3.83e-64	193
KDHFCO_12615	BGHOFK_09295	60.8	153	60	0	9	161	11	163	5.26e-64	193
KDHFCO_12620	CEFFBK_11170	95.8	576	24	0	1	576	1	576	0.0	1022
KDHFCO_12620	CNLKLD_03605	67.8	575	184	1	1	575	1	574	2.11e-266	739
KDHFCO_12620	AANGNE_09525	66.1	575	195	0	1	575	1	575	2.77e-262	729
KDHFCO_12625	AAKGEC_03670	95.9	342	14	0	1	342	1	342	3.51e-222	608
KDHFCO_12630	AANGNE_09535	90.7	257	22	1	1	255	1	257	4.72e-161	446
KDHFCO_12635	AAKGEC_03680	93.0	341	24	0	1	341	1	341	4.12e-241	655
KDHFCO_12635	AANGNE_09540	68.3	344	105	3	1	340	1	344	5.60e-171	478
KDHFCO_12635	CNLKLD_04645	66.6	341	114	0	1	341	1	341	1.20e-167	470
KDHFCO_12635	DDDLLA_04795	60.2	342	133	2	1	341	1	340	1.71e-142	406
KDHFCO_12640	DFCDFN_10055	86.9	898	113	3	5	902	8	900	0.0	1532
KDHFCO_12640	CEHAJH_08145	72.0	350	94	2	556	903	1	348	4.70e-174	507
KDHFCO_12640	PKLIGD_02265	40.3	439	255	5	33	470	17	449	2.93e-87	288
KDHFCO_12640	PKLIGD_02295	31.2	398	222	7	501	898	27	372	9.28e-57	199
KDHFCO_12640	AKOOIJ_11345	30.3	399	223	11	503	898	32	378	4.07e-42	158
KDHFCO_12640	NOKDAP_11215	29.3	396	225	10	506	898	31	374	1.96e-40	153
KDHFCO_12650	BLDEPL_02050	97.6	164	4	0	1	164	1	164	4.85e-116	325
KDHFCO_12650	ABJDJH_14445	49.1	167	83	2	1	165	1	167	5.57e-53	165
KDHFCO_12660	AAKGEC_03705	96.7	275	9	0	1	275	1	275	1.61e-198	542
KDHFCO_12660	ABJDJH_14435	66.3	264	89	0	4	267	4	267	1.76e-133	378
KDHFCO_12665	ABNNBP_00075	99.8	400	0	1	1	399	1	400	2.07e-259	707
KDHFCO_12665	ABCBPP_11975	96.7	399	13	0	1	399	309	707	1.04e-246	687
KDHFCO_12665	ABJDJH_14430	55.3	400	176	2	1	398	1	399	6.52e-135	391
KDHFCO_12665	CEHNAA_08320	99.3	138	1	0	1	138	1	138	6.74e-85	256
KDHFCO_12670	AMDFJK_02800	97.4	306	8	0	1	306	1	306	5.54e-219	597
KDHFCO_12670	ABCBPP_11975	97.1	306	9	0	1	306	1	306	1.73e-212	596
KDHFCO_12670	ABJDJH_14425	59.1	308	126	0	1	308	1	308	2.87e-139	395
KDHFCO_12675	DBDHAK_08795	86.7	285	38	0	1	285	7	291	2.68e-176	487
KDHFCO_12675	IAFHMK_08205	62.7	284	106	0	2	285	6	289	2.48e-120	345
KDHFCO_12675	HNNKEJ_09450	61.8	283	108	0	3	285	5	287	2.68e-119	343
KDHFCO_12675	DNKGCI_04905	56.7	282	122	0	4	285	6	287	3.26e-108	315
KDHFCO_12675	LBKFJK_09275	51.8	280	134	1	6	285	8	286	3.46e-95	281
KDHFCO_12675	IAFHMK_08260	52.1	280	132	2	4	283	6	283	2.53e-92	274
KDHFCO_12675	ABCBPP_06390	43.2	280	159	0	6	285	4	283	5.57e-76	233
KDHFCO_12675	LBKFJK_09270	40.0	280	168	0	6	285	4	283	2.19e-69	216
KDHFCO_12675	DDDLLA_08600	38.2	280	172	1	7	285	5	284	2.37e-60	192
KDHFCO_12675	HNNKEJ_08330	34.8	279	181	1	8	285	6	284	1.55e-46	157
KDHFCO_12680	ADJCAM_06430	80.3	366	72	0	1	366	1	366	2.88e-193	538
KDHFCO_12685	ABCLFC_12025	99.3	439	3	0	1	439	1	439	0.0	864
KDHFCO_12695	BEJELC_00470	95.0	340	17	0	3	342	2	341	7.22e-232	632
KDHFCO_12695	IAFHMK_08195	69.1	340	105	0	3	342	2	341	2.95e-169	474
KDHFCO_12695	DNKGCI_04915	68.8	340	103	1	3	342	11	347	3.47e-167	469
KDHFCO_12695	CNLKLD_04660	68.2	340	105	1	4	343	2	338	1.89e-163	459
KDHFCO_12695	HCJGAG_01505	69.6	349	86	5	3	343	7	343	4.17e-161	453
KDHFCO_12695	GNOKMM_07160	39.9	343	199	5	6	342	3	344	1.72e-83	256
KDHFCO_12695	EIKFFD_05080	38.1	344	205	6	6	342	2	344	4.39e-78	243
KDHFCO_12700	ABNNBP_00125	99.4	166	1	0	1	166	18	183	2.43e-118	331
KDHFCO_12700	DDDLLA_04845	71.1	166	48	0	1	166	1	166	5.34e-83	241
KDHFCO_12700	CNLKLD_04665	64.6	158	53	1	1	158	1	155	1.44e-69	207
KDHFCO_12700	AANGNE_09555	62.7	158	58	1	1	158	1	157	1.49e-69	207
KDHFCO_12705	BAFONJ_10240	79.2	178	37	0	1	178	19	196	1.18e-95	275
KDHFCO_12705	CNLKLD_04670	70.8	178	52	0	1	178	1	178	1.05e-85	249
KDHFCO_12710	HIJKML_03510	98.0	405	6	1	1	405	1	403	4.27e-282	764
KDHFCO_12710	HNNKEJ_09470	64.4	404	144	0	1	404	1	404	1.31e-188	528
KDHFCO_12710	CNLKLD_04675	62.8	403	150	0	1	403	1	403	1.09e-185	521
KDHFCO_12710	DNKGCI_09000	50.5	404	200	0	1	404	1	404	5.46e-153	438
KDHFCO_12710	HNNKEJ_09475	52.2	404	192	1	1	403	1	404	8.67e-149	427
KDHFCO_12710	CDIIGJ_07645	49.4	403	204	0	1	403	1	403	5.92e-144	415
KDHFCO_12710	LBKFJK_09230	48.0	404	210	0	1	404	1	404	3.88e-140	405
KDHFCO_12710	CNLKLD_04680	40.1	409	233	5	1	404	1	402	2.30e-106	319
KDHFCO_12710	AAKGEC_03740	38.9	404	247	0	1	404	1	404	7.59e-103	310
KDHFCO_12710	IAFHMK_08160	35.9	404	257	1	1	404	1	402	3.96e-88	272
KDHFCO_12715	AAKGEC_03740	92.6	408	30	0	1	408	1	408	1.08e-263	718
KDHFCO_12715	IAFHMK_08160	65.3	406	139	2	1	406	1	404	3.32e-176	497
KDHFCO_12715	CNLKLD_04680	56.4	404	174	1	1	404	1	402	1.03e-154	442
KDHFCO_12715	CDIIGJ_07645	41.8	404	235	0	1	404	1	404	1.49e-111	332
KDHFCO_12715	DNKGCI_09000	39.9	404	243	0	1	404	1	404	2.88e-104	314
KDHFCO_12715	CNLKLD_04675	39.9	404	243	0	1	404	1	404	8.14e-103	310
KDHFCO_12715	LBKFJK_09230	39.9	406	244	0	1	406	1	406	1.73e-102	309
KDHFCO_12715	HIJKML_03510	39.7	403	241	1	1	403	1	401	9.47e-101	305
KDHFCO_12715	HNNKEJ_09475	38.3	405	249	1	1	404	1	405	1.71e-99	301
KDHFCO_12715	HNNKEJ_09470	39.2	393	239	0	1	393	1	393	2.49e-98	298
KDHFCO_12720	JNMKIO_05120	91.2	136	2	1	1	136	29	154	6.89e-81	234
KDHFCO_12720	HNNKEJ_09485	68.7	134	42	0	3	136	30	163	8.21e-61	184
KDHFCO_12725	JBKKJP_12860	85.3	368	54	0	1	368	13	380	5.06e-231	633
KDHFCO_12725	HNNKEJ_09490	59.9	369	147	1	1	368	1	369	2.79e-155	441
KDHFCO_12725	DDDLLA_04875	46.4	366	188	3	6	368	4	364	5.35e-104	310
KDHFCO_12725	DNKGCI_04550	40.5	365	208	6	6	368	8	365	3.31e-77	241
KDHFCO_12730	BNBIEO_07450	92.4	448	34	0	1	448	1	448	7.73e-305	826
KDHFCO_12735	CNOINH_02845	78.0	159	35	0	16	174	1	159	1.62e-91	264
KDHFCO_12740	ABCLFC_12090	95.1	246	12	0	1	246	1	246	3.57e-167	461
KDHFCO_12740	DDDLLA_09230	40.9	247	139	3	3	242	2	248	6.65e-61	191
KDHFCO_12740	IAFHMK_07445	37.1	248	143	5	3	242	14	256	6.12e-49	161
KDHFCO_12745	ABCLFC_12095	98.1	267	5	0	1	267	1	267	6.18e-183	502
KDHFCO_12750	AAKGEC_03765	94.7	281	15	0	1	281	1	281	2.07e-188	517
KDHFCO_12750	ABCLFC_12105	97.7	88	2	0	1	88	1	88	5.73e-54	170
KDHFCO_12755	AHPAPB_12710	95.4	109	5	0	1	109	1	109	2.26e-73	213
KDHFCO_12760	LLNOII_09640	81.8	110	19	1	1	109	1	110	4.30e-54	164
KDHFCO_12765	CIJHDH_11590	90.4	895	71	3	1	880	1	895	0.0	1631
KDHFCO_12770	ABNNBP_00195	100	162	0	0	1	162	1	162	1.16e-117	328
KDHFCO_12775	ABCBPP_12050	97.7	218	5	0	1	218	1	218	5.77e-150	415
KDHFCO_12775	HNNKEJ_09545	72.9	218	46	1	1	218	1	205	3.53e-109	311
KDHFCO_12775	AANGNE_09575	65.9	217	61	1	2	218	1	204	5.37e-99	285
KDHFCO_12775	IAFHMK_08020	62.4	218	69	1	1	218	1	205	1.50e-89	261
KDHFCO_12775	CNLKLD_03125	56.9	218	77	2	1	218	1	201	1.72e-80	238
KDHFCO_12775	OFBCLB_02100	46.3	216	103	2	1	216	1	203	2.10e-60	187
KDHFCO_12780	AAKGEC_03785	100	82	0	0	1	82	1	82	5.99e-55	164
KDHFCO_12785	AAKGEC_03790	95.6	114	5	0	1	114	1	114	8.33e-79	226
KDHFCO_12785	CDIIGJ_07710	75.2	109	27	0	1	109	1	109	2.22e-60	180
KDHFCO_12785	DNKGCI_09060	64.9	114	40	0	1	114	1	114	5.11e-55	166
KDHFCO_12785	EPOEKF_10190	64.0	114	41	0	1	114	1	114	8.13e-53	161
KDHFCO_12790	ABCLFC_12145	98.3	173	3	0	1	173	1	173	8.62e-123	342
KDHFCO_12790	KJCAIL_10075	95.3	128	6	0	40	167	216	343	2.08e-84	251
KDHFCO_12790	BGHOFK_09190	68.3	167	53	0	1	167	1	167	5.47e-84	244
KDHFCO_12790	CNLKLD_03135	65.9	167	57	0	1	167	1	167	7.93e-79	231
KDHFCO_12790	HNNKEJ_09560	65.3	167	58	0	1	167	1	167	9.22e-78	228
KDHFCO_12790	IAFHMK_08010	64.7	167	59	0	1	167	1	167	1.80e-77	228
KDHFCO_12790	DDDLLA_05010	64.7	167	59	0	1	167	1	167	8.07e-74	218
KDHFCO_12790	AANGNE_09590	60.1	168	67	0	1	168	1	168	5.20e-71	211
KDHFCO_12790	DNKGCI_09070	45.0	171	89	1	1	166	1	171	4.36e-48	153
KDHFCO_12795	EKJHIG_11125	94.9	236	11	1	1	235	1	236	1.57e-158	438
KDHFCO_12795	KJCAIL_10075	95.8	214	9	0	1	214	1	214	1.34e-143	404
KDHFCO_12795	HNNKEJ_09565	59.0	234	96	0	1	234	1	234	3.32e-97	283
KDHFCO_12795	ABNNBP_07460	46.7	227	119	1	3	227	4	230	9.08e-65	200
KDHFCO_12795	EIKFFD_00960	52.3	197	94	0	1	197	1	197	1.56e-64	199
KDHFCO_12795	AANGNE_07735	48.7	226	116	0	1	226	176	401	1.97e-63	202
KDHFCO_12795	BGHOFK_01000	43.0	230	129	1	1	228	1	230	2.86e-63	196
KDHFCO_12800	DDDLLA_05020	74.2	484	123	1	1	482	1	484	8.20e-265	729
KDHFCO_12800	PNIBIJ_03960	76.5	302	71	0	1	302	1	302	2.27e-162	462
KDHFCO_12800	CNLKLD_07440	33.2	482	285	7	1	476	4	454	4.29e-85	270
KDHFCO_12800	LEAGNF_11255	32.3	461	278	7	21	477	33	463	2.88e-78	252
KDHFCO_12800	KMMJML_03790	34.2	336	198	5	143	476	3	317	6.36e-61	202
KDHFCO_12805	CEHNAA_08180	83.9	1100	2	1	1	925	1	1100	0.0	1712
KDHFCO_12805	HJMHNM_08850	58.2	679	282	2	1	678	11	688	2.55e-268	768
KDHFCO_12805	ANILPM_05890	56.8	674	283	3	11	677	27	699	1.27e-254	731
KDHFCO_12805	CMMBIF_08230	58.1	647	266	5	34	677	1	645	4.42e-246	709
KDHFCO_12805	BGHOFK_05845	55.1	688	292	6	9	680	18	704	5.30e-246	709
KDHFCO_12805	BOGGMI_12080	45.9	762	62	1	164	925	1	412	2.41e-184	537
KDHFCO_12805	JAFLJO_08325	42.2	834	462	14	30	857	41	860	5.70e-183	571
KDHFCO_12805	KBNMIO_12390	38.3	869	405	27	30	850	262	1047	1.86e-138	444
KDHFCO_12805	HPKJMF_11620	40.8	522	268	7	19	506	30	544	6.12e-116	367
KDHFCO_12805	HCKLJM_09920	35.8	525	328	6	333	850	413	935	2.95e-91	311
KDHFCO_12805	FHIFIE_04470	39.2	497	55	1	1	497	11	260	6.57e-91	289
KDHFCO_12805	DDDLLA_02845	49.5	311	146	4	28	332	91	396	6.23e-77	274
KDHFCO_12805	HPKJMF_11630	46.8	293	137	4	45	325	92	377	1.54e-68	249
KDHFCO_12805	KHHBNE_12920	37.0	606	293	27	317	850	2694	3275	1.06e-66	244
KDHFCO_12805	BOKJIE_02110	43.0	349	154	16	30	351	38	368	8.79e-55	200
KDHFCO_12805	BJIKCJ_13075	30.9	660	300	23	296	858	1273	1873	7.64e-53	201
KDHFCO_12805	ACIHME_09105	38.5	304	103	8	406	705	643	866	8.41e-43	168
KDHFCO_12805	IAFHMK_05120	30.6	566	289	21	18	490	42	596	7.73e-40	158
KDHFCO_12805	AAOIOD_04670	39.6	280	86	8	404	680	538	737	5.35e-39	155
KDHFCO_12810	CLAPNJ_05575	79.2	269	56	0	1	269	1	269	1.86e-150	421
KDHFCO_12810	CDIIGJ_07730	74.2	267	68	1	1	267	1	266	4.22e-138	389
KDHFCO_12810	BGHOFK_09180	67.7	269	86	1	1	269	1	268	5.79e-127	361
KDHFCO_12810	DNKGCI_09090	62.2	267	100	1	1	267	1	266	4.46e-116	333
KDHFCO_12810	HNNKEJ_09575	63.8	265	95	1	1	265	1	264	4.12e-112	323
KDHFCO_12810	IAFHMK_08000	60.5	276	101	3	1	269	1	275	8.90e-111	320
KDHFCO_12810	CNLKLD_01335	60.4	273	101	2	1	267	1	272	8.11e-109	315
KDHFCO_12810	DDDLLA_05025	56.9	267	114	1	1	267	1	266	2.97e-102	298
KDHFCO_12810	AANGNE_09600	55.6	277	114	2	1	269	1	276	1.41e-100	294
KDHFCO_12835	OMLPIM_11420	88.6	430	11	1	42	471	42	433	1.82e-245	676
KDHFCO_12835	COOGCK_04470	62.6	471	171	2	1	471	1	466	2.02e-193	545
KDHFCO_12835	NMFGHN_03390	54.1	468	192	4	3	470	2	446	8.50e-153	441
KDHFCO_12835	IAFHMK_07995	50.1	431	200	4	50	471	75	499	1.01e-135	400
KDHFCO_12840	ABCBPP_12130	94.2	502	29	0	1	502	1	502	0.0	949
KDHFCO_12840	CNLKLD_01345	70.7	498	146	0	1	498	1	498	4.46e-264	727
KDHFCO_12840	BPLFFK_04950	55.4	500	220	2	1	499	9	506	2.26e-203	573
KDHFCO_12840	AJONOJ_09055	95.0	141	7	0	1	141	1	141	2.72e-87	266
KDHFCO_12840	AFCONC_02175	71.0	131	38	0	368	498	1	131	1.38e-60	194
KDHFCO_12840	BDEBFB_07045	30.8	471	316	8	3	467	2	468	2.08e-58	200
KDHFCO_12840	AAKGEC_09205	28.4	486	334	10	1	478	1	480	1.40e-55	193
KDHFCO_12840	NEBMPO_12115	53.2	139	65	0	225	363	1	139	2.33e-44	152
KDHFCO_12845	DDKKPM_04605	76.4	301	71	0	1	301	47	347	4.24e-172	479
KDHFCO_12845	GEDPFN_04480	65.8	231	79	0	1	231	1	231	2.06e-110	319
KDHFCO_12845	MNCDBI_09560	85.6	174	25	0	1	174	2	175	1.01e-103	300
KDHFCO_12845	DFOKEG_12910	99.2	128	1	0	1	128	1	128	3.45e-83	246
KDHFCO_12845	EPPKIK_09660	59.3	145	59	0	1	145	1	145	2.07e-56	178
KDHFCO_12845	DFCDFN_00775	34.5	316	186	9	3	299	7	320	2.55e-52	177
KDHFCO_12850	AAKGEC_00325	96.1	282	11	0	1	282	1	282	8.70e-186	511
KDHFCO_12850	DNKGCI_09145	67.0	279	92	0	3	281	2	280	4.99e-129	367
KDHFCO_12850	CNLKLD_01355	64.9	282	98	1	1	281	12	293	4.09e-122	350
KDHFCO_12855	AAKGEC_00320	96.1	102	4	0	1	102	1	102	3.58e-72	209
KDHFCO_12860	ABCLFC_12230	98.8	251	3	0	1	251	1	251	2.98e-182	499
KDHFCO_12860	CDIIGJ_07780	72.9	251	68	0	1	251	11	261	6.92e-140	392
KDHFCO_12860	HNNKEJ_09625	72.5	251	65	1	1	251	11	257	4.92e-139	390
KDHFCO_12860	BGHOFK_07590	72.9	251	68	0	1	251	11	261	1.14e-138	389
KDHFCO_12860	IAFHMK_07970	64.4	247	83	2	5	251	11	252	1.96e-116	333
KDHFCO_12860	DNKGCI_09155	59.7	258	95	3	2	251	13	269	7.35e-111	319
KDHFCO_12860	DDDLLA_05055	60.5	248	91	3	6	251	13	255	1.75e-108	313
KDHFCO_12860	AANGNE_09615	57.4	249	102	1	3	251	11	255	1.81e-103	300
KDHFCO_12860	LBKFJK_09120	57.3	253	101	3	1	251	11	258	2.84e-103	300
KDHFCO_12860	CNLKLD_01365	57.8	251	101	3	2	251	11	257	2.11e-100	292
KDHFCO_12860	CBEECJ_09680	34.8	253	154	7	5	251	19	266	6.72e-46	154
KDHFCO_12865	LEOBIF_03580	100	81	0	0	1	81	18	98	3.53e-50	152
KDHFCO_12870	CNLKLD_04595	77.8	167	33	2	1	166	1	164	7.41e-86	248
KDHFCO_12870	GNPDOB_10985	72.9	166	22	3	1	166	1	143	5.32e-75	220
KDHFCO_12870	ABJDJH_09900	70.7	167	40	3	2	166	1	160	1.70e-74	219
KDHFCO_12870	BAOMEA_06055	71.3	167	32	4	1	166	1	152	3.07e-73	216
KDHFCO_12870	BGLHJG_07695	71.2	170	25	5	1	166	1	150	4.65e-73	216
KDHFCO_12870	KPGHOL_10310	65.1	169	44	3	1	166	1	157	9.85e-71	210
KDHFCO_12870	CLEGAA_04795	88.7	106	12	0	1	106	1	106	7.22e-66	197
KDHFCO_12870	FDLGOJ_03220	62.7	166	37	3	1	166	5	145	3.30e-64	193
KDHFCO_12870	OFBCLB_02830	59.9	167	43	3	1	166	1	144	9.13e-64	192
KDHFCO_12870	ALHAGD_09820	86.0	107	15	0	1	107	1	107	4.55e-63	191
KDHFCO_12870	LBDMAD_12625	62.5	160	35	2	1	160	1	135	4.70e-61	187
KDHFCO_12870	NGAPDN_14150	59.9	167	60	2	1	166	1	161	2.46e-60	184
KDHFCO_12870	HNNKEJ_01600	59.9	167	51	3	1	166	1	152	2.48e-58	178
KDHFCO_12875	AAKGEC_00300	96.9	97	3	0	1	97	1	97	2.50e-63	186
KDHFCO_12880	BJNLFJ_07195	98.2	223	4	0	1	223	1	223	3.43e-158	439
KDHFCO_12880	DDDLLA_05075	74.4	281	65	2	1	281	1	274	1.71e-150	421
KDHFCO_12880	CNLKLD_03240	70.4	284	84	0	1	284	1	284	5.98e-141	397
KDHFCO_12880	BAFDFF_12540	97.9	193	4	0	92	284	1	193	2.63e-132	372
KDHFCO_12880	LPKMGL_11330	52.0	275	124	3	1	275	6	272	1.94e-89	266
KDHFCO_12880	AANGNE_05000	47.1	276	138	3	1	276	6	273	2.23e-81	246
KDHFCO_12885	JBKKJP_13050	97.7	488	5	1	1	488	1	482	0.0	901
KDHFCO_12885	AAKGEC_06030	66.7	480	152	3	10	487	4	477	8.83e-226	629
KDHFCO_12885	DNKGCI_09195	56.1	492	198	7	1	486	1	480	7.26e-185	525
KDHFCO_12885	CDIIGJ_07805	55.5	494	194	7	8	485	7	490	3.13e-184	524
KDHFCO_12885	OFBCLB_02110	40.5	474	256	9	5	472	12	465	3.85e-106	323
KDHFCO_12885	FIHDIM_11920	35.9	434	251	9	12	435	10	426	8.27e-80	255
KDHFCO_12885	CNLKLD_00825	36.3	416	228	9	14	409	10	408	5.74e-67	222
KDHFCO_12885	PHNFPI_05015	37.6	359	205	8	12	361	9	357	5.30e-65	217
KDHFCO_12885	IAFHMK_10320	35.6	396	216	8	8	392	20	387	1.48e-63	213
KDHFCO_12885	CDIIGJ_10240	34.8	405	242	9	6	401	4	395	2.70e-59	201
KDHFCO_12885	BNBIEO_00300	32.8	393	246	9	12	398	7	387	4.25e-58	198
KDHFCO_12885	DDDLLA_08350	32.1	399	243	8	9	394	4	387	4.72e-57	195
KDHFCO_12885	FAKCMI_12975	30.8	468	288	11	9	471	3	439	1.65e-55	191
KDHFCO_12885	IAFHMK_03485	34.5	359	215	7	1	353	4	348	3.28e-55	191
KDHFCO_12890	BGHOFK_07625	77.2	556	111	6	1	553	1	543	4.65e-280	771
KDHFCO_12890	LBKFJK_09025	72.0	561	145	4	1	553	1	557	1.31e-266	738
KDHFCO_12890	AGDPFD_10050	71.0	559	151	6	1	553	1	554	1.26e-256	712
KDHFCO_12890	IAFHMK_07915	70.3	558	161	3	1	553	1	558	9.67e-255	708
KDHFCO_12890	CNLKLD_07175	64.8	568	180	7	1	553	1	563	2.23e-235	659
KDHFCO_12895	CPLMAE_03205	85.9	213	29	1	1	213	1	212	7.94e-127	356
KDHFCO_12895	BGHOFK_07630	70.9	213	62	0	1	213	1	213	2.10e-106	304
KDHFCO_12895	CDIIGJ_07825	67.1	213	70	0	1	213	1	213	2.99e-99	286
KDHFCO_12895	HNNKEJ_09670	68.7	217	64	2	1	213	1	217	2.29e-97	281
KDHFCO_12895	IAFHMK_07910	57.7	213	90	0	1	213	1	213	1.10e-83	247
KDHFCO_12895	DNKGCI_09210	57.5	214	90	1	1	213	1	214	4.46e-80	238
KDHFCO_12895	DDDLLA_05090	53.3	214	99	1	1	213	1	214	3.22e-70	213
KDHFCO_12895	CNLKLD_07180	47.6	212	111	0	1	212	1	212	1.40e-66	203
KDHFCO_12900	AAKGEC_00275	92.6	162	12	0	1	162	1	162	5.69e-109	306
KDHFCO_12900	CNLKLD_07185	73.5	162	43	0	1	162	7	168	1.20e-84	245
KDHFCO_12910	ABCLFC_12280	98.7	149	2	0	1	149	1	149	4.81e-97	275
KDHFCO_12910	HNNKEJ_09685	68.0	153	45	1	1	149	1	153	6.33e-64	192
KDHFCO_12910	CMMBIF_02080	60.4	149	55	1	1	149	12	156	1.76e-52	163
KDHFCO_12910	CDIIGJ_07840	61.7	149	53	1	1	145	1	149	5.30e-51	159
KDHFCO_12920	AAKGEC_00255	98.9	446	5	0	1	446	1	446	0.0	891
KDHFCO_12925	DDDLLA_05130	77.9	122	26	1	1	121	1	122	1.41e-60	181
KDHFCO_12925	CNLKLD_07215	72.7	121	32	1	2	121	2	122	3.70e-56	170
KDHFCO_12930	AAKGEC_00245	78.6	145	31	0	1	145	1	145	1.48e-80	233
KDHFCO_12930	BGHOFK_07665	65.7	143	49	0	1	143	1	143	7.24e-65	194
KDHFCO_12930	DDDLLA_05135	64.8	145	51	0	1	145	1	145	7.77e-65	194
KDHFCO_12930	IAFHMK_07875	64.8	142	50	0	3	144	2	143	3.05e-61	184
KDHFCO_12930	HPDOHA_10645	64.8	142	48	1	1	142	1	140	1.82e-60	182
KDHFCO_12930	CNLKLD_07220	55.2	143	64	0	2	144	3	145	5.62e-55	169
KDHFCO_12930	HNNKEJ_09705	60.0	125	50	0	17	141	1	125	1.52e-48	152
KDHFCO_12935	AAKGEC_00215	98.8	333	4	0	1	333	1	333	5.82e-237	644
KDHFCO_12940	AAKGEC_00210	95.9	197	8	0	1	197	1	197	1.73e-127	356
KDHFCO_12940	CNLKLD_03545	63.8	196	65	2	1	196	1	190	1.46e-78	232
KDHFCO_12945	NMIFFA_12690	90.6	663	55	1	1	656	40	702	0.0	1147
KDHFCO_12945	DNKGCI_09290	67.5	659	179	4	1	655	1	628	4.27e-312	860
KDHFCO_12945	BNBIEO_07635	67.5	656	185	6	1	654	1	630	1.93e-311	859
KDHFCO_12945	DDDLLA_05165	66.3	656	195	6	1	654	1	632	4.62e-296	820
KDHFCO_12945	CNLKLD_03555	58.1	654	229	4	1	653	1	610	4.87e-254	712
KDHFCO_12950	ABCLFC_12320	93.9	231	14	0	1	231	1	231	1.52e-110	316
KDHFCO_12950	MNCEOE_00255	83.3	150	25	0	82	231	70	219	3.34e-78	234
KDHFCO_12950	CDIIGJ_07905	64.1	142	44	2	88	223	105	245	4.53e-59	186
KDHFCO_12950	HNNKEJ_09730	64.8	125	44	0	93	217	96	220	1.02e-55	177
KDHFCO_12950	LBLLFD_08500	60.8	143	49	3	94	231	112	252	3.16e-55	176
KDHFCO_12950	HDKJGO_01520	64.5	121	42	1	77	197	72	191	1.69e-49	160
KDHFCO_12950	EIKFFD_10005	67.3	107	35	0	94	200	102	208	3.58e-49	160
KDHFCO_12950	AGHDIE_06335	60.7	122	47	1	78	199	79	199	3.21e-48	157
KDHFCO_12950	OFBCLB_12465	61.8	123	45	1	79	199	44	166	7.97e-48	155
KDHFCO_12950	LBKFJK_08945	56.8	132	56	1	93	223	88	219	1.21e-47	156
KDHFCO_12955	AAKGEC_00195	96.5	840	29	0	1	840	1	840	0.0	1561
KDHFCO_12955	CNLKLD_03565	69.9	838	243	3	1	838	1	829	0.0	1144
KDHFCO_12960	AAKGEC_00190	90.4	115	11	0	1	115	1	115	2.88e-66	195
KDHFCO_12970	BAFDFF_09595	99.7	391	1	0	1	391	1	391	1.93e-286	775
KDHFCO_12970	GIODPP_08930	52.3	390	183	2	1	390	1	387	1.14e-140	405
KDHFCO_12970	BPPLAM_03680	50.6	389	192	0	1	389	1	389	1.61e-137	397
KDHFCO_12970	FMBBOG_10550	52.5	356	168	1	34	389	1	355	3.87e-131	380
KDHFCO_12970	BJNLFJ_00015	51.8	357	172	0	1	357	1	357	9.67e-130	377
KDHFCO_12970	DANMKC_05690	100	125	0	0	75	199	127	251	8.87e-83	253
KDHFCO_12970	ABCBPP_12920	47.6	254	133	0	137	390	1	254	8.56e-76	235
KDHFCO_12975	AAKGEC_00185	95.2	293	14	0	1	293	1	293	8.94e-205	560
KDHFCO_12990	AAKGEC_00170	97.6	125	3	0	1	125	1	125	7.97e-80	230
KDHFCO_12990	AANGNE_09760	66.1	118	40	0	8	125	5	122	1.53e-49	153
KDHFCO_12995	HKMGEG_01620	99.6	283	1	0	1	283	1	283	1.01e-185	511
KDHFCO_13005	LCDEGG_12650	99.4	503	3	0	1	503	22	524	0.0	1014
KDHFCO_13005	AANGNE_09775	70.5	495	142	1	5	499	3	493	1.46e-270	743
KDHFCO_13010	CDIIGJ_07990	84.0	175	28	0	1	175	26	200	7.94e-112	316
KDHFCO_13010	AANGNE_09780	72.0	175	49	0	1	175	1	175	3.55e-91	263
KDHFCO_13015	IAFHMK_07550	83.4	380	61	2	1	379	1	379	2.00e-199	553
KDHFCO_13020	ABCLFC_12385	99.1	107	1	0	1	107	142	248	4.51e-73	216
KDHFCO_13020	BGHOFK_07750	70.1	107	32	0	1	107	144	250	3.21e-51	161
KDHFCO_13020	HNNKEJ_10130	66.0	106	36	0	1	106	146	251	8.10e-47	150
KDHFCO_13025	ABCLFC_12385	98.2	110	2	0	1	110	1	110	4.84e-70	210
KDHFCO_13030	CDIIGJ_08010	85.8	239	34	0	1	239	1	239	6.74e-151	419
KDHFCO_13035	AAKGEC_00130	94.9	408	21	0	1	408	1	408	3.75e-296	800
KDHFCO_13040	AAKGEC_00125	98.1	625	12	0	1	625	1	625	0.0	1236
KDHFCO_13045	BEGLKA_06520	89.8	498	14	2	1	461	1	498	6.05e-158	456
KDHFCO_13045	HNNKEJ_10150	69.7	462	90	3	1	461	1	413	7.98e-127	374
KDHFCO_13045	IAFHMK_07525	65.7	464	130	4	1	461	1	438	4.90e-88	275
KDHFCO_13045	FDKHCF_08305	54.2	469	188	5	1	461	1	450	7.96e-71	231
KDHFCO_13045	AIKIDN_09665	51.9	470	176	6	1	461	1	429	3.70e-59	199
KDHFCO_13045	MOAELC_08505	69.8	225	68	0	1	225	1	225	7.56e-49	173
KDHFCO_13045	OFBCLB_12350	56.8	227	95	1	1	224	1	227	1.27e-41	153
KDHFCO_13050	HNNKEJ_10155	82.8	174	30	0	2	175	2	175	2.94e-95	273
KDHFCO_13050	IAFHMK_07510	72.3	173	48	0	1	173	1	173	5.83e-77	227
KDHFCO_13050	AANGNE_09800	61.9	168	64	0	1	168	1	168	1.09e-67	203
KDHFCO_13050	CNLKLD_08400	54.9	175	79	0	1	175	6	180	4.75e-60	184
KDHFCO_13055	JBKKJP_13225	99.0	290	1	1	2	291	2	289	1.84e-191	526
KDHFCO_13055	BGHOFK_07780	73.1	290	73	1	1	290	1	285	1.61e-138	392
KDHFCO_13055	DDDLLA_05305	68.4	291	88	1	1	291	1	287	4.07e-132	375
KDHFCO_13055	IAFHMK_07505	63.6	291	105	1	1	290	1	291	6.59e-123	352
KDHFCO_13055	AANGNE_09805	62.8	282	99	1	9	290	1	276	1.22e-114	331
KDHFCO_13055	CNLKLD_08405	59.5	289	115	2	2	290	11	297	3.54e-114	330
KDHFCO_13060	AAKGEC_00105	96.6	146	5	0	1	146	1	146	7.79e-106	297
KDHFCO_13060	BGHOFK_07785	70.5	146	43	0	1	146	1	146	1.21e-76	224
KDHFCO_13060	DDDLLA_05310	71.9	146	40	1	1	145	1	146	5.20e-75	219
KDHFCO_13060	IAFHMK_07500	69.4	147	44	1	1	146	1	147	5.38e-75	219
KDHFCO_13065	AANGNE_09815	81.7	224	40	1	1	224	1	223	3.66e-126	355
KDHFCO_13065	CNLKLD_05165	65.2	224	77	1	1	224	1	223	1.94e-100	290
KDHFCO_13070	GJNFIB_08575	97.3	223	6	0	1	223	22	244	7.44e-158	436
KDHFCO_13070	DDDLLA_09430	69.9	216	65	0	8	223	4	219	2.31e-114	325
KDHFCO_13070	FPMMJC_11145	68.9	222	69	0	1	222	1	222	3.97e-109	312
KDHFCO_13070	AANGNE_07905	66.2	216	73	0	8	223	25	240	1.36e-106	306
KDHFCO_13070	CNLKLD_00610	60.6	216	85	0	8	223	3	218	7.41e-99	286
KDHFCO_13070	AGDPFD_04130	57.2	222	94	1	1	221	1	222	1.80e-91	267
KDHFCO_13070	PELOCJ_02315	75.2	137	34	0	9	145	6	142	3.31e-75	223
KDHFCO_13070	FPMMJC_13750	48.6	218	109	1	4	221	1	215	2.05e-72	219
KDHFCO_13070	KMMJML_01375	95.0	80	4	0	1	80	1	80	3.32e-47	151
KDHFCO_13075	AANGNE_07910	80.7	405	77	1	1	404	1	405	3.93e-226	623
KDHFCO_13075	CNLKLD_00615	78.0	250	55	0	156	405	1	250	6.24e-133	381
KDHFCO_13075	AAKGEC_04920	47.5	402	195	4	3	401	2	390	2.51e-119	352
KDHFCO_13075	PGBAFI_01940	47.5	402	199	3	1	402	1	390	2.60e-118	349
KDHFCO_13075	CPNLII_09420	46.8	406	203	4	1	406	1	393	4.84e-115	341
KDHFCO_13075	IAFHMK_02435	47.1	397	198	3	2	398	3	387	6.33e-106	317
KDHFCO_13075	AMCIGH_05875	44.0	405	213	4	1	405	1	391	3.69e-102	308
KDHFCO_13075	DNKGCI_04390	43.6	397	211	3	2	398	3	386	3.81e-101	305
KDHFCO_13075	LBKFJK_04895	46.3	400	199	5	1	399	1	385	9.77e-101	304
KDHFCO_13075	OAEMLE_12760	90.4	114	11	0	171	284	15	128	5.76e-63	199
KDHFCO_13075	ANFPEE_02155	32.5	397	256	3	3	399	2	386	1.34e-62	206
KDHFCO_13075	CNLKLD_00620	73.1	130	35	0	1	130	1	130	5.62e-58	186
KDHFCO_13075	DNKGCI_00025	47.9	234	115	2	1	232	1	229	1.34e-57	189
KDHFCO_13075	FPMMJC_11150	33.9	289	175	5	108	394	2	276	6.21e-45	156
KDHFCO_13080	DPCCPE_01025	95.9	145	6	0	1	145	1	145	8.02e-92	262
KDHFCO_13080	IAFHMK_02405	65.7	140	48	0	5	144	4	143	1.26e-58	178
KDHFCO_13090	CGMKCF_10615	95.9	1439	54	1	3	1436	3	1441	0.0	2716
KDHFCO_13095	BGHOFK_07820	84.8	204	31	0	1	204	31	234	4.26e-120	339
KDHFCO_13095	CNLKLD_03760	66.8	199	65	1	6	203	5	203	9.81e-89	259
KDHFCO_13100	KPPIIN_08970	94.2	242	14	0	1	242	32	273	5.96e-167	461
KDHFCO_13100	CJHCCN_07860	66.8	241	74	1	1	241	1	235	2.51e-108	311
KDHFCO_13100	IAFHMK_07425	60.1	243	87	3	1	241	1	235	3.27e-97	283
KDHFCO_13100	CNLKLD_05150	59.0	244	93	3	1	242	1	239	1.47e-96	281
KDHFCO_13105	AAKGEC_00060	94.5	235	12	1	3	237	7	240	2.10e-153	425
KDHFCO_13105	CNLKLD_06905	69.7	211	64	0	27	237	1	211	9.55e-104	298
KDHFCO_13105	AGHDIE_01520	65.5	206	71	0	27	232	1	206	1.74e-89	262
KDHFCO_13105	NCNHMD_14970	60.8	212	82	1	27	237	1	212	4.24e-86	254
KDHFCO_13110	IAFHMK_07420	79.1	454	94	1	3	455	2	455	7.30e-251	690
KDHFCO_13110	KEMHDF_12845	94.9	214	11	0	242	455	1	214	3.90e-134	384
KDHFCO_13115	AAKGEC_00050	84.5	245	38	0	1	245	4	248	5.25e-151	420
KDHFCO_13115	BGHOFK_07835	62.1	243	90	1	5	245	2	244	2.44e-104	301
KDHFCO_13115	HNNKEJ_10270	64.2	232	75	3	1	227	7	235	6.15e-97	283
KDHFCO_13115	EIKFFD_09875	55.8	240	94	2	6	245	7	234	1.23e-92	271
KDHFCO_13120	CMMBIF_01890	88.0	666	80	0	1	666	35	700	0.0	1157
KDHFCO_13120	CNLKLD_05075	37.5	413	235	7	239	643	604	1001	8.48e-70	246
KDHFCO_13120	DNKGCI_07370	36.7	411	237	8	239	641	598	993	8.16e-68	240
KDHFCO_13125	PODEMB_11600	99.2	119	1	0	3	121	18	136	1.50e-83	239
KDHFCO_13130	ABCLFC_12515	97.7	392	9	0	1	392	1	392	2.55e-279	756
KDHFCO_13130	PHBBGM_10865	74.7	392	98	1	1	391	1	392	5.69e-210	581
KDHFCO_13130	ABCBPP_02220	73.2	396	102	1	1	392	1	396	3.40e-209	579
KDHFCO_13130	FMBBOG_01365	71.7	396	108	1	1	392	1	396	3.24e-207	574
KDHFCO_13130	BOKJIE_08590	71.5	397	108	2	1	392	1	397	5.80e-201	558
KDHFCO_13130	MNCDBI_09870	69.2	396	118	1	1	392	1	396	5.04e-197	548
KDHFCO_13130	NGIILC_10805	67.3	392	128	0	1	392	1	392	4.32e-190	531
KDHFCO_13130	ABCBPP_12205	67.8	394	125	1	1	392	1	394	3.10e-188	526
KDHFCO_13130	ANFPEE_11065	65.2	396	134	1	1	392	1	396	1.56e-186	522
KDHFCO_13130	CADMAF_09105	64.4	393	139	1	1	392	1	393	1.79e-182	511
KDHFCO_13130	AIGDEK_00830	64.6	396	136	1	1	392	1	396	5.37e-180	505
KDHFCO_13130	DNKGCI_10485	61.8	395	148	2	1	392	1	395	9.33e-176	494
KDHFCO_13130	DMLIFG_01295	64.1	379	136	0	14	392	1	379	4.72e-172	484
KDHFCO_13130	GHPLOC_08865	60.6	396	152	1	1	392	1	396	4.67e-169	478
KDHFCO_13130	BLCAGE_09375	67.5	292	94	1	102	392	1	292	3.99e-140	400
KDHFCO_13130	IAFHMK_02230	53.7	395	179	3	1	392	1	394	4.77e-139	401
KDHFCO_13130	AANGNE_09010	49.6	399	190	2	1	392	1	395	3.77e-126	369
KDHFCO_13130	ABCBPP_00310	47.1	397	197	8	1	389	1	392	3.08e-114	338
KDHFCO_13130	OPPHHN_09095	44.8	395	213	3	3	392	6	400	8.66e-105	314
KDHFCO_13130	MNCDBI_11605	43.9	396	215	5	3	392	6	400	3.57e-101	305
KDHFCO_13130	GNHKBD_01650	42.2	396	220	6	3	392	11	403	2.15e-100	303
KDHFCO_13130	AEMMAL_07540	43.4	399	212	4	3	392	8	401	6.46e-100	302
KDHFCO_13130	ACDDAG_04295	44.4	394	203	9	1	385	1	387	8.91e-100	301
KDHFCO_13130	LACCIH_05995	40.7	398	226	2	2	392	6	400	1.13e-97	296
KDHFCO_13130	ACDDAG_02840	43.1	394	210	8	1	385	4	392	2.12e-96	293
KDHFCO_13135	FHONGL_13200	100	200	0	0	1	200	1	200	8.00e-139	385
KDHFCO_13135	LACCIH_05990	46.1	178	87	2	1	169	1	178	4.01e-47	152
KDHFCO_13145	FHIFIE_03720	86.0	221	7	1	1	221	1	197	1.02e-132	371
KDHFCO_13145	EHLNLG_10740	92.0	113	9	0	108	220	1	113	3.23e-68	205
KDHFCO_13145	CIJHDH_01700	65.6	128	44	0	40	167	9	136	3.31e-54	170
KDHFCO_13155	AGKELP_09620	92.7	177	13	0	1	177	1	177	1.71e-115	324
KDHFCO_13155	KEKJLN_10580	70.1	177	47	2	1	173	1	175	1.43e-82	241
KDHFCO_13155	CEHFAN_12110	84.8	132	20	0	43	174	55	186	8.95e-79	232
KDHFCO_13155	CIJHDH_09170	61.8	178	53	3	1	174	1	167	1.82e-69	207
KDHFCO_13155	LLMEEB_09000	58.9	175	67	2	1	175	1	170	7.06e-65	196
KDHFCO_13155	DDDLLA_09310	46.6	174	85	2	1	170	1	170	1.23e-49	157
KDHFCO_13160	ABCBPP_00230	93.5	93	6	0	1	93	1	93	5.36e-63	185
KDHFCO_13165	FMBBOG_10250	92.4	79	6	0	1	79	1	79	2.32e-50	152
KDHFCO_13175	EGFJBH_02540	100	108	0	0	1	108	1	108	3.90e-75	217
KDHFCO_13175	LLNAOI_00215	95.4	109	5	0	1	109	61	169	3.14e-73	214
KDHFCO_13180	ABCBPP_00210	94.3	264	15	0	1	264	1	264	2.11e-193	528
KDHFCO_13180	AGHIEO_08320	66.4	265	86	3	1	264	1	263	1.31e-127	362
KDHFCO_13180	JONLDN_05190	44.2	267	137	6	1	264	1	258	1.31e-75	230
KDHFCO_13185	LLNOII_07835	93.5	541	35	0	1	541	1	541	0.0	1019
KDHFCO_13185	AMDFJK_13045	53.1	456	203	4	45	499	4	449	9.56e-168	484
KDHFCO_13190	AGKELP_11995	90.0	180	13	1	1	180	1	175	8.80e-107	302
KDHFCO_13190	LGJCEJ_09445	87.8	180	22	0	1	180	78	257	3.81e-101	291
KDHFCO_13190	ABCBPP_00200	93.8	129	8	0	52	180	65	193	1.38e-77	229
KDHFCO_13190	NOKDAP_11540	78.3	129	28	0	52	180	84	212	4.15e-64	196
KDHFCO_13190	FCFPCK_08470	67.1	149	44	1	32	180	33	176	8.76e-63	191
KDHFCO_13190	DBDHAK_07855	70.5	129	38	0	52	180	20	148	3.47e-56	173
KDHFCO_13190	MJMKOD_01735	69.8	129	39	0	52	180	195	323	1.31e-52	170
KDHFCO_13190	MNCDBI_02970	69.8	129	38	1	53	180	8	136	3.44e-51	160
KDHFCO_13190	BOKJIE_07990	59.7	129	52	0	52	180	87	215	1.14e-46	151
KDHFCO_13190	ACNHAK_09965	50.0	180	84	2	1	180	180	353	7.55e-46	155
KDHFCO_13195	BOKJIE_02550	91.8	98	8	0	1	98	43	140	1.39e-61	183
KDHFCO_13195	NGAPDN_11040	77.7	103	20	1	1	100	1	103	2.80e-53	161
KDHFCO_13200	CPFDGH_00190	92.8	138	8	1	1	136	1	138	1.12e-87	251
KDHFCO_13205	NAFEBK_04970	74.3	105	24	1	1	105	9	110	1.18e-49	152
KDHFCO_13210	EJEPOM_11610	80.7	337	64	1	1	336	31	367	2.96e-193	535
KDHFCO_13210	EJEPOM_04945	54.0	337	148	5	1	332	1	335	1.24e-118	345
KDHFCO_13215	BGHOFK_07850	80.9	173	30	1	1	170	4	176	2.23e-65	197
KDHFCO_13215	IAFHMK_07390	71.2	170	48	1	1	169	1	170	2.19e-59	182
KDHFCO_13215	DDDLLA_09205	66.9	169	49	2	1	169	1	162	8.13e-53	165
KDHFCO_13220	FHIFIE_03450	94.9	897	46	0	1	897	1	897	0.0	1601
KDHFCO_13220	CNLKLD_05120	70.4	898	235	4	1	896	1	869	0.0	1176
KDHFCO_13220	DDDLLA_09200	67.7	898	263	3	1	897	1	872	0.0	1129
KDHFCO_13220	EOHHJN_09855	64.3	906	285	5	1	897	1	877	0.0	1079
KDHFCO_13220	LBKFJK_08710	64.1	896	296	1	1	896	1	870	0.0	1078
KDHFCO_13220	DNKGCI_09670	66.6	796	239	2	90	885	1	769	0.0	1020
KDHFCO_13220	CNLKLD_08305	39.5	879	471	15	22	885	23	855	5.44e-178	536
KDHFCO_13220	BGHOFK_00755	38.8	882	493	14	22	887	21	871	6.65e-173	524
KDHFCO_13220	HNNKEJ_12000	39.4	891	495	16	22	894	33	896	3.19e-172	522
KDHFCO_13220	AANGNE_04040	39.1	890	478	20	22	885	21	872	5.95e-167	508
KDHFCO_13220	AKPIPJ_02055	35.1	928	535	18	1	882	17	923	1.89e-149	464
KDHFCO_13220	AANGNE_04380	34.9	938	519	24	3	882	4	907	1.16e-140	441
KDHFCO_13220	JAPIMJ_06920	32.5	901	564	14	10	896	11	881	1.96e-126	402
KDHFCO_13220	EIKFFD_06365	33.6	834	472	16	23	831	21	797	1.09e-122	392
KDHFCO_13220	BGHOFK_01130	27.0	732	488	17	9	727	33	731	2.06e-71	253
KDHFCO_13220	CNLKLD_02820	26.2	755	497	19	68	805	72	783	7.88e-69	245
KDHFCO_13220	HNNKEJ_03015	36.9	447	250	9	22	447	21	456	1.76e-67	233
KDHFCO_13220	PLDCIE_00860	99.1	114	1	0	1	114	1	114	3.92e-65	214
KDHFCO_13220	DDDLLA_06035	25.7	766	509	17	1	747	4	728	4.97e-65	234
KDHFCO_13220	GKAHPE_00190	25.4	716	485	14	21	727	32	707	3.08e-62	226
KDHFCO_13220	LIMBNG_08850	26.4	606	363	18	198	781	161	705	9.17e-40	157
KDHFCO_13225	PHJNPH_07905	97.1	175	4	1	1	175	1	174	4.61e-121	338
KDHFCO_13225	IAFHMK_02460	59.0	173	71	0	3	175	4	176	4.32e-76	224
KDHFCO_13225	HNNKEJ_02495	58.1	136	57	0	1	136	2	137	7.31e-52	162
KDHFCO_13230	HMJMNM_11500	86.4	339	17	1	1	339	1	310	1.04e-210	577
KDHFCO_13230	HNNKEJ_02490	63.7	317	115	0	22	338	1	317	3.80e-152	429
KDHFCO_13230	IAFHMK_02465	60.1	338	135	0	1	338	1	338	1.60e-151	429
KDHFCO_13230	KBGOAJ_11670	36.6	339	19	1	1	339	1	143	1.46e-53	172
KDHFCO_13235	AAKGEC_08250	87.3	150	19	0	1	150	1	150	6.01e-92	263
KDHFCO_13235	BJLDLK_09385	93.5	107	7	0	1	107	1	107	3.32e-68	203
KDHFCO_13235	AJANDE_11040	58.9	151	61	1	1	151	1	150	2.28e-59	180
KDHFCO_13235	BGHOFK_06945	55.1	138	62	0	12	149	9	146	2.65e-48	152
KDHFCO_13290	AAKGEC_04585	100	130	0	0	1	130	1	130	7.84e-87	248
KDHFCO_13295	CBFHCM_07120	92.6	148	11	0	1	148	38	185	2.86e-99	282
KDHFCO_13300	AGINCK_06570	86.8	356	47	0	1	356	2	357	1.71e-211	582
KDHFCO_13300	CDIIGJ_08270	71.9	359	98	1	1	356	1	359	2.61e-169	475
KDHFCO_13300	AAKGEC_03430	39.6	361	208	6	1	356	1	356	4.98e-74	233
KDHFCO_13300	GNOKMM_10345	35.9	359	218	4	1	356	1	350	9.36e-63	203
KDHFCO_13300	AANGNE_07815	35.6	360	224	5	1	356	1	356	6.11e-62	201
KDHFCO_13300	LBKFJK_08075	34.5	368	218	7	1	356	1	357	6.89e-61	199
KDHFCO_13300	DNKGCI_08840	34.5	362	226	7	1	356	1	357	7.54e-60	196
KDHFCO_13300	OFBCLB_02985	34.4	360	228	6	1	356	1	356	4.06e-59	194
KDHFCO_13300	NEHKFL_05005	31.8	368	238	6	1	356	1	367	4.07e-50	171
KDHFCO_13305	CDIIGJ_08275	80.5	221	42	1	1	221	1	220	1.07e-120	341
KDHFCO_13305	AANGNE_07810	61.6	216	82	1	4	218	5	220	1.52e-83	247
KDHFCO_13305	ABCLFC_10095	59.9	222	87	2	1	220	1	222	4.35e-83	246
KDHFCO_13305	DDDLLA_09015	59.7	211	84	1	11	220	12	222	1.20e-82	245
KDHFCO_13305	GNOKMM_10340	56.2	219	96	0	4	222	5	223	2.04e-79	237
KDHFCO_13305	NEHKFL_05000	46.9	226	114	3	3	222	4	229	1.46e-62	194
KDHFCO_13305	DIBOGN_07175	39.4	216	126	3	4	219	2	212	4.66e-47	154
KDHFCO_13305	OFBCLB_01040	37.2	215	133	1	4	218	3	215	5.07e-47	154
KDHFCO_13305	MFAILH_05290	38.2	220	133	1	4	220	2	221	1.24e-46	153
KDHFCO_13305	AGKELP_12495	35.2	216	138	2	4	219	2	215	1.61e-46	153
KDHFCO_13305	BOCCFK_10945	40.1	222	129	2	4	222	2	222	7.41e-46	151
KDHFCO_13305	PNKCLE_05480	40.3	221	128	2	1	218	1	220	2.65e-44	153
KDHFCO_13305	DFJEHO_03950	39.2	222	131	2	1	219	1	221	3.97e-43	153
KDHFCO_13305	ACNHAK_01800	39.8	221	129	2	1	218	1	220	5.52e-43	152
KDHFCO_13310	AAKGEC_04605	87.7	292	36	0	1	292	1	292	2.83e-180	498
KDHFCO_13310	HNNKEJ_10355	70.9	292	85	0	1	292	1	292	9.32e-142	400
KDHFCO_13310	IAFHMK_09725	68.7	294	89	1	1	291	1	294	1.27e-133	380
KDHFCO_13310	DDDLLA_10340	64.6	291	103	0	1	291	1	291	4.26e-126	360
KDHFCO_13310	DNKGCI_05130	64.6	291	102	1	1	290	1	291	4.47e-124	355
KDHFCO_13310	BNBIEO_10030	63.0	292	108	0	1	292	1	292	1.04e-122	352
KDHFCO_13310	LBKFJK_04535	62.5	291	109	0	1	291	1	291	2.55e-118	341
KDHFCO_13310	CNLKLD_08135	58.3	290	119	1	1	290	1	288	2.01e-109	318
KDHFCO_13315	HNNKEJ_10360	78.6	206	43	1	1	206	1	205	1.75e-114	324
KDHFCO_13315	IAFHMK_09720	72.3	206	56	1	1	206	1	205	1.61e-103	296
KDHFCO_13315	DNKGCI_05125	69.7	208	57	2	1	207	1	203	3.09e-98	283
KDHFCO_13315	AANGNE_09960	65.7	207	68	1	3	206	15	221	1.60e-95	277
KDHFCO_13315	CNLKLD_08140	66.5	203	63	1	4	206	16	213	3.49e-95	276
KDHFCO_13320	CJHCCN_10740	87.1	271	35	0	1	271	4	274	5.67e-168	465
KDHFCO_13325	ABCLFC_12835	97.9	95	2	0	1	95	228	322	1.63e-65	199
KDHFCO_13325	IBNKIA_08770	80.2	91	18	0	4	94	196	286	6.08e-53	166
KDHFCO_13330	ABCLFC_12835	97.7	218	5	0	1	218	1	218	5.00e-143	401
KDHFCO_13330	IAFHMK_09705	61.5	218	83	1	1	218	1	217	5.78e-82	246
KDHFCO_13330	IBNKIA_08770	64.2	187	63	1	32	218	2	184	7.99e-74	224
KDHFCO_13335	FIHDIM_03010	93.9	477	26	2	1	475	1	476	8.25e-293	798
KDHFCO_13335	AAKGEC_04630	66.6	473	154	1	1	473	1	469	1.49e-219	612
KDHFCO_13340	AAKGEC_04635	92.0	87	7	0	1	87	1	87	1.21e-52	158
KDHFCO_13345	AAKGEC_04640	99.9	709	1	0	1	709	1	709	0.0	1374
KDHFCO_13345	OAEMLE_01745	98.3	119	2	0	211	329	5	123	1.02e-70	226
KDHFCO_13345	ONPFCC_13190	87.0	131	10	1	1	131	1	124	3.92e-68	221
KDHFCO_13345	DNKGCI_00780	30.3	498	293	9	1	486	1	456	4.15e-59	207
KDHFCO_13345	HMEOOC_11960	57.2	138	59	0	563	700	1	138	2.02e-50	172
KDHFCO_13350	AAKGEC_04645	100	155	0	0	1	155	1	155	5.57e-108	303
KDHFCO_13355	DNKGCI_05100	91.2	137	12	0	1	137	1	137	2.25e-83	240
KDHFCO_13370	AKPIPJ_03885	94.5	435	23	1	1	434	9	443	2.88e-288	783
KDHFCO_13370	HNNKEJ_10390	72.4	434	120	0	1	434	1	434	9.91e-222	614
KDHFCO_13370	BGHOFK_09840	75.4	422	104	0	13	434	1	422	4.97e-219	607
KDHFCO_13370	IAFHMK_09680	69.6	404	123	0	31	434	9	412	8.22e-199	555
KDHFCO_13370	AANGNE_10005	59.7	434	169	2	1	434	1	428	2.96e-169	481
KDHFCO_13370	DNKGCI_05095	58.1	434	177	1	1	434	1	429	2.02e-167	476
KDHFCO_13370	DDDLLA_10380	59.6	408	165	0	27	434	22	429	2.87e-167	476
KDHFCO_13370	CNLKLD_08180	53.4	401	184	3	35	434	52	450	2.95e-134	393
KDHFCO_13375	OAEMLE_01770	97.6	297	5	1	1	295	1	297	1.78e-201	551
KDHFCO_13375	DNKGCI_05090	70.8	295	85	1	1	295	1	294	1.77e-145	410
KDHFCO_13375	BLIMPP_04730	72.6	157	43	0	1	157	1	157	1.86e-79	237
KDHFCO_13375	CEHAJH_01625	38.0	316	172	8	2	293	1	316	1.49e-60	194
KDHFCO_13380	ABCLFC_12890	95.7	211	9	0	1	211	1	211	5.53e-140	389
KDHFCO_13380	AAKGEC_04665	73.0	211	42	2	1	211	1	196	5.95e-104	297
KDHFCO_13380	HNNKEJ_10400	59.7	211	70	3	1	210	1	197	9.43e-80	236
KDHFCO_13380	BGHOFK_09850	58.8	211	72	2	1	211	1	196	2.79e-79	235
KDHFCO_13380	CDIIGJ_08335	58.3	211	83	3	2	210	2	209	2.75e-77	230
KDHFCO_13380	DNKGCI_05085	54.8	210	64	1	1	210	1	179	5.68e-77	228
KDHFCO_13380	IAFHMK_09650	55.2	210	63	3	1	210	1	179	8.81e-74	220
KDHFCO_13380	LBKFJK_04490	53.8	210	66	2	1	210	1	179	4.13e-72	216
KDHFCO_13380	DDDLLA_10390	54.2	201	61	1	11	211	1	170	6.18e-72	215
KDHFCO_13380	CNLKLD_08195	51.4	210	71	1	1	210	1	179	2.58e-68	206
KDHFCO_13380	AANGNE_10020	52.4	210	69	1	1	210	1	179	9.80e-66	200
KDHFCO_13385	CNLKLD_08200	78.5	312	66	1	1	311	1	312	3.53e-187	517
