OCPOBL_00005	EDBAJH_12145	68.4	304	96	0	1	304	1	304	3.75e-157	451
OCPOBL_00010	EDBAJH_12145	66.3	359	120	1	10	367	310	668	2.41e-173	494
OCPOBL_00015	FNBBHI_10615	74.4	336	86	0	1	336	37	372	1.39e-190	526
OCPOBL_00020	OJBOFE_11380	54.9	501	214	5	1	491	14	512	1.12e-188	533
OCPOBL_00025	ACCPON_01955	57.4	601	243	8	17	609	3	598	4.33e-221	628
OCPOBL_00030	PKLMMB_01070	50.2	620	305	3	1	618	1	618	1.35e-213	606
OCPOBL_00030	MHMDOE_03535	43.5	616	331	6	4	618	11	610	5.93e-161	472
OCPOBL_00035	JEELJN_04115	47.0	298	157	1	3	300	6	302	9.90e-97	285
OCPOBL_00035	KGMLLG_04725	45.0	300	164	1	1	300	1	299	1.48e-86	258
OCPOBL_00040	PIHIOG_12120	52.2	312	148	1	1	311	1	312	2.01e-108	314
OCPOBL_00040	DHFKBB_08410	33.5	310	197	5	7	309	6	313	2.12e-48	160
OCPOBL_00045	CNNHAB_05870	51.4	815	372	12	1	800	1	806	4.08e-267	763
OCPOBL_00045	BIJIBE_02780	36.5	768	387	19	31	782	13	695	2.40e-129	402
OCPOBL_00055	CFGLOL_04020	76.5	170	40	0	1	170	50	219	5.50e-96	273
OCPOBL_00080	CPHDEA_10650	51.2	293	143	0	1	293	1	293	9.28e-110	317
OCPOBL_00085	PDFOOG_03610	51.7	333	159	1	8	340	4	334	1.90e-119	344
OCPOBL_00140	KNCOJD_10650	58.4	421	150	3	1	399	1	418	2.23e-169	477
OCPOBL_00180	LMAAGL_07260	39.2	209	125	2	4	212	3	209	1.24e-47	156
OCPOBL_00290	GLEIFN_03595	51.2	201	96	1	2	202	4	202	2.48e-60	187
OCPOBL_00305	ACDGMF_10700	50.0	362	176	2	31	387	31	392	8.08e-122	354
OCPOBL_00335	LKLDMN_19325	45.2	221	115	4	1	219	1	217	9.74e-60	184
OCPOBL_00350	EBLBNC_01455	57.4	235	98	2	1	234	1	234	8.18e-93	269
OCPOBL_00370	LMAAGL_07260	42.9	217	121	3	4	219	3	217	8.36e-55	174
OCPOBL_00390	MAHJHN_07515	32.5	305	199	2	1	300	1	303	3.25e-55	177
OCPOBL_00410	LLGOHG_08460	47.8	226	117	1	4	228	4	229	1.69e-65	199
OCPOBL_00450	ACMOBE_03710	44.0	357	185	4	6	358	3	348	2.08e-101	300
OCPOBL_00455	IEJJIF_00060	42.2	225	129	1	6	230	8	231	9.61e-63	193
OCPOBL_00515	LKLDMN_19325	38.2	217	124	3	9	222	8	217	2.39e-47	153
OCPOBL_00525	CCDOAK_00015	34.3	499	307	8	10	494	30	521	3.43e-90	282
OCPOBL_00525	IOBNAI_13140	42.7	211	119	1	288	496	1	211	1.01e-57	187
OCPOBL_00530	HDOOEE_06365	38.9	360	173	10	221	550	86	428	3.61e-60	201
OCPOBL_00545	OEKCMO_04465	42.9	555	313	3	34	588	37	587	4.28e-156	458
OCPOBL_00555	AAIDMG_03830	30.4	306	199	7	38	333	46	347	3.42e-46	157
OCPOBL_00560	LKLDMN_19325	40.4	218	126	2	2	219	4	217	1.41e-53	169
OCPOBL_00625	GLEIFN_03595	51.2	201	96	1	2	202	3	201	3.76e-62	192
OCPOBL_00635	LMAAGL_07260	38.2	228	136	3	5	227	3	230	3.87e-54	170
OCPOBL_00680	NPLHCN_14260	38.7	444	244	6	16	442	124	556	1.72e-93	315
OCPOBL_00680	AIOPCH_03715	36.3	427	258	6	19	435	85	507	1.46e-80	262
OCPOBL_00700	FKJBDL_02810	63.1	236	87	0	1	236	2	237	5.35e-114	324
OCPOBL_00705	LNKMPC_13665	42.1	273	153	2	1	272	1	269	8.14e-72	229
OCPOBL_00705	MDAJGJ_00800	27.6	588	329	15	1	538	1	541	1.17e-59	209
OCPOBL_00710	MKBKLI_04730	48.7	191	97	1	2	191	3	193	5.53e-57	174
OCPOBL_00755	JHLGGO_16935	39.1	1040	523	18	9	1007	11	981	5.87e-254	737
OCPOBL_00775	PPPHGA_23390	51.9	158	76	0	62	219	44	201	2.38e-50	159
OCPOBL_00810	FKNOEG_02840	31.9	273	183	2	7	278	2	272	4.21e-54	173
OCPOBL_00830	OPDKDG_08630	44.0	225	123	3	45	268	1	223	4.82e-66	202
OCPOBL_00835	ECMPMP_08745	33.8	296	188	5	13	304	24	315	2.25e-52	171
OCPOBL_00840	CPMPBM_00160	43.4	452	251	3	1	450	1	449	2.85e-137	401
OCPOBL_00850	DHNCOO_00765	48.2	303	153	3	14	313	38	339	2.00e-93	278
OCPOBL_00865	KAJCKN_09590	33.4	569	361	7	25	586	16	573	9.60e-87	277
OCPOBL_00865	OEDLLD_08805	30.9	518	352	4	66	582	211	723	2.71e-71	239
OCPOBL_00865	JAFONP_12205	30.6	566	361	10	26	579	56	601	2.18e-70	234
OCPOBL_00865	KMMJBO_11065	27.2	607	395	8	11	579	4	601	4.62e-69	231
OCPOBL_00865	MGCPIK_11245	37.4	257	155	3	326	579	21	274	6.77e-52	176
OCPOBL_00870	JAFONP_12205	35.1	579	363	2	20	598	40	605	1.35e-107	333
OCPOBL_00870	OEDLLD_08805	35.6	517	314	6	88	603	231	729	3.93e-85	277
OCPOBL_00870	KMMJBO_11065	26.6	609	421	5	20	603	3	610	6.80e-63	215
OCPOBL_00870	MGCPIK_11245	42.4	269	151	2	328	594	8	274	1.18e-57	192
OCPOBL_00870	KAJCKN_09590	29.0	517	328	8	94	597	79	569	5.10e-57	198
OCPOBL_00895	KEIMNK_00130	27.1	458	313	6	9	451	44	495	7.39e-43	154
OCPOBL_00940	APAIPM_20955	56.6	362	153	2	3	364	30	387	6.66e-151	427
OCPOBL_01000	CNNHAB_09490	53.1	192	85	2	19	210	2	188	6.63e-66	198
OCPOBL_01010	PJGAFD_00175	70.2	620	181	1	1	620	2	617	7.00e-289	797
OCPOBL_01010	OOMOLM_10315	38.6	542	310	9	89	613	286	821	5.55e-103	327
OCPOBL_01010	INHOHM_11200	31.0	607	366	8	47	622	124	708	5.72e-77	255
OCPOBL_01030	NPLHCN_14260	36.9	547	197	8	259	802	1458	1859	1.74e-84	291
OCPOBL_01030	JHIMFH_08715	33.1	522	205	5	290	808	31	411	5.11e-71	236
OCPOBL_01045	KMFKPJ_12195	42.8	264	140	4	2	255	3	265	1.27e-53	179
OCPOBL_01065	ENNDNJ_02705	50.2	279	132	1	10	281	516	794	2.25e-83	263
OCPOBL_01090	MKDNFB_00930	47.3	256	116	4	4	256	10	249	2.13e-76	228
OCPOBL_01095	CCDOAK_00015	67.5	501	162	1	3	502	27	527	4.97e-241	667
OCPOBL_01100	ANAEHF_03930	44.9	350	183	4	12	356	7	351	4.95e-92	278
OCPOBL_01105	HONECH_05975	46.7	302	157	3	17	317	18	316	2.33e-83	251
OCPOBL_01110	BDLJCC_11630	40.5	331	180	6	48	362	101	430	3.92e-69	219
OCPOBL_01115	ODHFDB_06390	43.2	382	192	7	10	378	1	370	5.25e-102	304
OCPOBL_01120	APHOBL_08810	45.7	199	106	2	11	207	17	215	1.74e-53	167
OCPOBL_01140	ENNKMM_11925	49.4	168	85	0	5	172	2	169	3.00e-52	172
OCPOBL_01145	ENNDNJ_02705	39.9	414	161	3	1	326	106	519	4.48e-85	269
OCPOBL_01185	OFOEJC_06820	37.1	286	169	4	8	293	16	290	2.00e-55	177
OCPOBL_01190	DNKAFD_19235	32.8	262	169	3	19	273	40	301	4.37e-46	153
OCPOBL_01235	FKNOEG_01930	96.4	749	27	0	1	749	1	749	0.0	1392
OCPOBL_01240	EGEPOE_09050	51.3	409	156	5	7	412	2	370	6.74e-146	416
OCPOBL_01265	GOBLEJ_02435	39.0	333	190	5	3	331	28	351	1.15e-63	202
OCPOBL_01275	CACJBM_15755	46.1	395	189	3	4	374	2	396	3.46e-123	357
OCPOBL_01330	IMMPMF_02225	50.5	218	102	3	1	217	14	226	6.61e-73	217
OCPOBL_01345	IFHDGK_04315	61.6	370	141	1	2	371	265	633	2.85e-163	468
OCPOBL_01395	LPHKDC_08610	58.7	651	266	3	10	659	17	665	6.33e-278	773
OCPOBL_01400	BGHMFE_04500	51.4	666	320	3	1	666	1	662	4.26e-233	659
OCPOBL_01410	ADJBEN_11135	63.1	512	181	4	1	510	1	506	1.23e-231	644
OCPOBL_01420	OEKCMO_04465	29.2	397	268	4	189	579	196	585	9.55e-51	181
OCPOBL_01465	HIJMHI_06655	70.1	344	103	0	5	348	53	396	1.61e-171	479
OCPOBL_01465	KIFOBE_02715	33.9	310	176	5	52	344	6	303	3.74e-47	158
OCPOBL_01480	PPPHGA_08905	61.7	494	186	1	2	495	3	493	4.98e-244	676
OCPOBL_01480	ELNOCH_01590	38.5	475	276	9	1	473	33	493	8.63e-111	352
OCPOBL_01485	DPDMEB_15410	39.6	546	306	12	21	556	2	533	1.40e-119	360
OCPOBL_01515	IBDNDD_05395	53.0	232	107	2	9	238	9	240	2.54e-77	230
OCPOBL_01550	KAIHOP_08130	55.1	681	303	3	2	679	3	683	2.50e-274	765
OCPOBL_01560	BGMBNC_07920	48.0	429	219	2	10	437	12	437	1.31e-135	394
OCPOBL_01595	CPJMGC_11990	47.4	348	179	2	1	347	38	382	5.29e-106	312
OCPOBL_01625	JEDNID_03795	39.3	242	143	3	61	299	79	319	2.16e-51	169
OCPOBL_01635	FPMAMI_13105	41.3	225	127	3	4	227	2	222	1.17e-48	155
OCPOBL_01640	AJKFOC_10770	51.2	486	221	2	8	477	6	491	5.81e-165	471
OCPOBL_01655	OHKOAG_03595	42.9	324	183	2	1	324	1	322	5.85e-96	283
OCPOBL_01665	IBDNDD_02480	41.9	322	155	6	6	300	86	402	1.07e-74	231
OCPOBL_01670	KEIMNK_06850	59.7	253	102	0	183	435	202	454	1.35e-110	330
OCPOBL_01675	CHFKLB_06175	84.2	603	95	0	1	603	51	653	0.0	1024
OCPOBL_01675	PHAIHL_05095	30.7	505	287	16	4	476	53	526	7.03e-53	188
OCPOBL_01680	BDFMEP_07880	41.3	373	210	3	6	378	3	366	9.96e-92	276
OCPOBL_01685	LKBNNH_02180	64.7	133	47	0	1	133	1	133	8.41e-60	179
OCPOBL_01695	NCLFML_05230	60.4	934	364	3	11	941	5	935	0.0	1122
OCPOBL_01700	GNANIN_05050	52.9	325	150	1	1	322	1	325	2.46e-116	336
OCPOBL_01705	ADAMEB_07400	65.4	740	250	1	3	742	87	820	0.0	937
OCPOBL_01725	ANAEHF_02140	47.2	250	121	3	3	251	2	241	7.04e-67	209
OCPOBL_01740	FOMOBF_00230	46.7	227	118	2	7	233	5	228	5.48e-63	192
OCPOBL_01780	PEEOIC_08100	65.6	369	127	0	2	370	33	401	2.88e-181	505
OCPOBL_01800	IFHDGK_04315	58.1	370	147	3	2	364	264	632	1.61e-158	456
OCPOBL_01835	NPACKI_09380	41.3	281	158	4	36	312	50	327	6.92e-64	209
OCPOBL_01835	MKABCP_10815	36.9	271	156	4	54	321	38	296	6.91e-45	157
OCPOBL_01840	ILCLPH_03175	41.4	186	103	1	1	186	1	180	2.28e-50	157
OCPOBL_01845	OJOMAB_09255	45.2	252	135	2	19	269	10	259	1.51e-81	242
OCPOBL_01850	IFHDGK_04315	39.3	272	159	3	1	270	1	268	2.14e-57	196
OCPOBL_01850	PPPHGA_03180	41.5	234	135	1	5	238	1	232	7.16e-57	184
OCPOBL_01855	ANOIGO_02040	39.6	535	294	10	5	521	390	913	1.38e-113	367
OCPOBL_01870	ANOIGO_02040	46.6	596	309	6	223	816	336	924	3.33e-166	502
OCPOBL_01885	ANOIGO_02040	51.1	546	263	3	62	605	379	922	4.53e-187	548
OCPOBL_01890	BPPMOK_09185	50.9	322	154	2	1	320	1	320	4.17e-114	329
OCPOBL_01920	IFHDGK_04315	53.9	241	111	0	1	241	1	241	6.52e-88	269
OCPOBL_01920	PPPHGA_03180	45.5	202	110	0	45	246	37	238	7.94e-59	183
OCPOBL_01945	FFOFOD_03260	51.3	343	166	1	1	343	56	397	1.11e-118	345
OCPOBL_02035	NDJCGB_23505	72.9	395	69	1	1	357	19	413	1.00e-211	582
OCPOBL_02040	CPMPBM_01325	58.8	1072	416	3	1	1049	1	1069	0.0	1215
OCPOBL_02045	BPEEIP_15400	38.9	293	152	7	2	284	33	308	2.10e-52	170
OCPOBL_02050	BGHMFE_04500	32.3	681	407	19	7	655	4	662	2.30e-81	267
OCPOBL_02070	ACAFCJ_08195	41.1	314	171	7	4	308	57	365	2.32e-64	203
OCPOBL_02075	HEOPIF_01560	52.0	492	227	3	1	485	1	490	1.12e-183	519
OCPOBL_02080	BGHMFE_11675	45.1	541	291	5	205	740	127	666	3.18e-155	462
OCPOBL_02090	INKIHH_03230	49.7	310	153	3	1	309	1	308	3.13e-99	291
OCPOBL_02095	PIHIOG_01285	47.8	448	208	5	5	450	7	430	2.90e-129	377
OCPOBL_02095	GNBNBP_13670	35.7	440	274	6	8	446	4	435	3.04e-83	259
OCPOBL_02100	LNKMPC_14405	56.6	334	144	1	10	343	8	340	1.55e-133	389
OCPOBL_02105	EOJLEP_03115	46.9	239	126	1	1	239	1	238	8.00e-79	234
OCPOBL_02105	LNKMPC_14405	42.8	236	127	4	6	237	353	584	1.22e-48	165
OCPOBL_02110	HIHCLH_08345	50.8	597	268	9	1	579	1	589	3.09e-160	479
OCPOBL_02110	HEMAGP_10015	38.9	625	331	12	4	606	2	597	4.65e-106	337
OCPOBL_02115	EIKLNG_09905	65.8	292	100	0	1	292	63	354	1.16e-143	404
OCPOBL_02120	BMJLCO_02760	48.8	211	106	2	1	210	1	210	1.89e-65	198
OCPOBL_02130	MKHMMK_07280	78.1	365	80	0	1	365	23	387	4.94e-205	564
OCPOBL_02135	FCCLFG_02395	38.1	244	142	5	33	273	39	276	7.05e-47	160
OCPOBL_02145	DBGIOG_14085	83.2	143	24	0	1	143	30	172	2.12e-86	246
OCPOBL_02150	KIFOBE_02715	47.4	310	159	2	3	312	4	309	4.32e-92	273
OCPOBL_02150	HIJMHI_06655	33.5	310	181	6	5	306	100	392	1.15e-45	155
OCPOBL_02160	BPPMOK_10790	42.2	630	330	8	15	626	45	658	9.56e-163	480
OCPOBL_02160	HJGNEK_09000	34.3	568	320	11	69	630	68	588	8.48e-91	293
OCPOBL_02165	HJGNEK_09000	64.7	573	201	1	1	573	10	581	6.60e-273	756
OCPOBL_02165	BPPMOK_10790	32.5	619	353	13	9	572	46	654	7.01e-95	300
OCPOBL_02170	LKEOCB_02010	48.9	305	139	6	16	314	13	306	5.31e-85	255
OCPOBL_02175	PBJMKO_02295	43.0	444	251	2	11	454	7	448	1.39e-123	363
OCPOBL_02175	GGKJAP_00545	34.7	455	288	6	5	454	11	461	1.75e-78	256
OCPOBL_02180	OJKFBE_02425	48.6	348	165	5	54	387	154	501	1.92e-95	291
OCPOBL_02185	MDIEPL_01320	43.4	417	232	4	1	415	1	415	5.82e-102	305
OCPOBL_02195	AEGBGH_03235	44.5	330	177	3	11	339	21	345	1.64e-87	268
OCPOBL_02220	AMDFLH_11040	45.7	208	110	3	69	275	1	206	4.57e-54	173
OCPOBL_02225	ADOCAH_14825	43.5	239	134	1	2	239	3	241	2.83e-62	192
OCPOBL_02245	BPHMMJ_01910	47.8	201	105	0	8	208	7	207	2.28e-61	187
OCPOBL_02250	BCNBMK_03260	40.8	338	193	3	1	336	1	333	3.91e-85	257
OCPOBL_02275	BPEEIP_15400	43.5	271	141	6	6	268	41	307	3.18e-60	190
OCPOBL_02280	BOPGEP_09895	42.6	625	340	8	1	618	2	614	1.97e-170	498
OCPOBL_02285	GLPAEG_01685	37.9	243	132	1	27	250	6	248	2.83e-48	157
OCPOBL_02335	MFPDBE_02520	40.2	338	200	2	7	344	5	340	1.39e-76	235
OCPOBL_02350	GOBLEJ_10390	72.5	149	41	0	1	149	67	215	5.81e-79	229
OCPOBL_02365	JIBABB_11530	38.0	255	153	1	16	265	79	333	4.15e-56	180
OCPOBL_02380	NKLDCP_09645	30.8	367	237	9	36	399	32	384	6.82e-44	153
OCPOBL_02385	JEICDI_06325	53.6	276	126	2	4	278	8	282	4.18e-90	266
OCPOBL_02390	JEKOGE_06050	37.0	441	271	4	12	447	2	440	1.05e-91	282
OCPOBL_02390	ADOCAH_04505	41.9	222	123	1	33	254	1	216	1.97e-49	165
OCPOBL_02390	NOJFKC_04840	28.5	442	294	9	26	461	20	445	5.28e-44	156
OCPOBL_02400	KMMJBO_11065	36.4	563	323	2	194	721	51	613	6.83e-108	337
OCPOBL_02400	KAJCKN_09590	37.3	517	313	5	203	712	57	569	1.90e-100	317
OCPOBL_02400	OEDLLD_08805	31.7	499	331	4	218	712	231	723	1.36e-63	221
OCPOBL_02400	MGCPIK_11245	37.6	229	141	1	477	705	44	270	8.78e-45	158
OCPOBL_02405	OEDLLD_08805	65.3	528	183	0	86	613	202	729	1.53e-236	668
OCPOBL_02405	JAFONP_12205	36.7	581	358	3	28	608	35	605	2.23e-117	358
OCPOBL_02405	KAJCKN_09590	32.4	578	376	5	33	607	4	569	1.25e-85	275
OCPOBL_02405	KMMJBO_11065	26.7	626	400	10	31	613	1	610	2.55e-62	213
OCPOBL_02405	MGCPIK_11245	40.4	285	159	4	334	614	11	288	8.63e-58	192
OCPOBL_02415	LKEOCB_02500	47.4	247	126	2	94	336	26	272	3.73e-71	219
OCPOBL_02420	NKCJOK_06160	56.0	745	311	4	2	735	21	759	4.39e-283	792
OCPOBL_02420	NMDBHH_21210	32.5	656	375	17	2	594	3	653	7.78e-94	305
OCPOBL_02430	LKAFFP_00125	47.9	445	228	2	11	452	8	451	7.77e-148	425
OCPOBL_02435	MOLHNH_07985	63.5	167	60	1	1	166	1	167	5.04e-72	211
OCPOBL_02440	JFOKOO_10195	54.6	185	83	1	1	185	1	184	8.47e-72	211
OCPOBL_02460	KAEJAD_08375	53.1	194	90	1	366	558	233	426	4.19e-62	207
OCPOBL_02465	JIBNCO_15410	55.2	232	104	0	1	232	19	250	3.27e-83	253
OCPOBL_02470	PPPHGA_25390	55.5	768	218	4	2	645	5	772	7.94e-277	774
OCPOBL_02470	OJBOFE_04935	35.6	672	390	16	1	644	21	677	1.29e-119	368
OCPOBL_02470	FCAKMF_01695	32.7	667	408	16	6	647	10	660	3.60e-108	338
OCPOBL_02475	KHMKPO_15140	32.8	522	342	4	6	519	1	521	4.21e-89	279
OCPOBL_02475	PHMEJC_20060	29.3	471	318	7	59	519	71	536	1.11e-68	226
OCPOBL_02480	AOOCMJ_03895	58.7	300	124	0	1	300	25	324	2.14e-125	358
OCPOBL_02505	AADGFO_06055	60.1	1122	442	3	5	1120	20	1141	0.0	1391
OCPOBL_02505	IJGGGM_15885	43.8	450	231	7	10	456	2	432	2.69e-108	342
OCPOBL_02505	FLAJJJ_08755	45.0	209	107	2	528	736	4	204	4.05e-52	178
OCPOBL_02510	JIBNCO_17045	47.3	721	356	6	143	844	49	764	6.31e-240	687
OCPOBL_02515	NJKLPJ_08545	75.4	345	85	0	2	346	24	368	6.43e-203	557
OCPOBL_02525	OMINCF_06730	36.3	446	267	7	4	444	4	437	2.78e-79	249
OCPOBL_02525	GKLKJE_14420	33.5	436	285	1	1	436	5	435	2.99e-68	221
OCPOBL_02525	NGIBDE_08595	33.0	424	260	5	14	428	57	465	5.11e-54	184
OCPOBL_02525	ADMHII_00410	44.7	199	110	0	3	201	9	207	9.70e-48	159
OCPOBL_02550	KIFOBE_03875	30.8	399	260	9	18	407	13	404	2.19e-54	182
OCPOBL_02555	LJALIN_17780	84.7	541	82	1	1	541	50	589	0.0	914
OCPOBL_02555	OBHJLJ_05995	31.0	551	355	8	1	532	4	548	2.09e-86	277
OCPOBL_02555	IMJCGK_11625	30.0	507	340	8	6	504	8	507	5.34e-64	214
OCPOBL_02555	EHHHNJ_03925	28.1	537	324	11	1	524	3	490	7.94e-60	204
OCPOBL_02565	GHIDNG_08685	62.7	1182	408	12	1	1164	1	1167	0.0	1409
OCPOBL_02575	ODKGDC_03515	47.2	231	120	2	6	235	4	233	2.06e-72	217
OCPOBL_02580	FBMMIE_06560	45.1	213	116	1	3	215	1	212	1.77e-65	197
OCPOBL_02590	OJKFBE_14620	54.9	1006	415	3	5	971	5	1010	0.0	1111
OCPOBL_02595	IMLPOL_01605	48.3	296	146	3	6	297	2	294	3.27e-92	272
OCPOBL_02600	HFMJLE_01065	46.1	245	128	1	1	245	1	241	3.71e-71	214
OCPOBL_02605	JIDGJJ_02675	80.1	463	90	1	2	464	68	528	2.05e-285	778
OCPOBL_02655	AHFGAK_17940	48.1	405	204	4	6	408	3	403	1.22e-124	363
OCPOBL_02675	FFLAPM_17200	33.4	293	183	3	6	294	29	313	1.09e-49	163
OCPOBL_02675	OFOEJC_06820	36.8	272	159	5	20	284	19	284	2.56e-49	162
OCPOBL_02680	FKNOEG_02840	33.9	280	177	4	1	279	1	273	6.41e-50	162
OCPOBL_02690	OOFIDG_03175	34.2	430	257	9	9	428	4	417	1.69e-60	199
OCPOBL_02695	EBFHBG_03010	27.1	472	306	6	9	452	29	490	4.86e-55	187
OCPOBL_02700	PBAKMA_15545	64.3	308	105	4	1	305	1	306	3.23e-140	394
OCPOBL_02705	DHNCOO_05400	44.0	873	481	4	3	871	4	872	1.94e-263	752
OCPOBL_02720	OGOOED_16440	32.7	324	198	8	4	320	3	313	7.34e-45	153
OCPOBL_02745	IHMAMP_18595	38.7	292	171	7	1	284	2	293	3.63e-61	192
OCPOBL_02750	PPLGEL_09165	32.9	292	166	5	1	264	13	302	3.95e-48	158
OCPOBL_02750	BGKOBO_00575	34.7	271	167	4	3	270	83	346	2.97e-46	154
OCPOBL_02765	NICIMJ_05420	62.6	313	117	0	1	313	39	351	1.76e-138	392
OCPOBL_02765	DFHILB_11720	35.4	294	181	5	1	289	1	290	1.00e-53	174
OCPOBL_02785	LKAFFP_06110	42.0	362	209	1	11	371	8	369	9.64e-94	287
OCPOBL_02785	NNLPHK_08690	38.8	356	215	3	6	360	3	356	3.16e-77	246
OCPOBL_02785	FLJHGF_06385	30.8	347	238	2	7	352	2	347	7.31e-52	177
OCPOBL_02795	GNBPPJ_11100	95.6	318	14	0	1	318	1	318	2.01e-237	641
OCPOBL_02800	LMBKNE_15370	41.2	379	210	7	1	374	69	439	6.01e-96	289
OCPOBL_02800	ODPBAK_16055	40.8	365	201	8	16	367	4	366	6.66e-87	264
OCPOBL_02805	MDMJGO_07865	42.4	394	217	7	1	391	1	387	2.53e-96	289
OCPOBL_02805	EEOPDA_04385	37.1	369	215	7	1	362	1	359	3.11e-69	219
OCPOBL_02815	HMNLEO_13705	61.6	164	63	0	4	167	3	166	5.38e-81	233
OCPOBL_02820	KDLBIP_21060	59.7	134	26	2	1	134	1	106	3.45e-50	152
OCPOBL_02910	KMPIDJ_13520	47.0	389	193	8	4	388	3	382	4.87e-114	334
OCPOBL_02930	FPHNOE_03535	44.9	672	336	7	6	658	7	663	3.46e-188	544
OCPOBL_02935	BBHEJI_04215	45.7	420	226	1	383	802	4	421	5.33e-123	373
OCPOBL_02950	AHPIPH_08725	53.0	404	184	4	1	404	55	452	2.85e-150	430
OCPOBL_03220	JEKOGE_06050	37.9	456	260	5	6	451	3	445	3.29e-86	268
OCPOBL_03220	JDIFCN_01505	44.0	241	131	3	10	246	2	242	1.61e-53	176
OCPOBL_03220	DNBNEF_09455	29.7	441	292	9	16	448	12	442	5.07e-42	151
OCPOBL_03245	MNPOJG_03675	40.8	417	247	0	8	424	5	421	3.53e-106	317
OCPOBL_03255	JBCEHI_12990	51.6	252	115	4	23	271	1	248	2.25e-77	231
OCPOBL_03255	JHLGGO_08550	35.0	254	158	4	24	271	14	266	6.07e-49	159
OCPOBL_03270	JHLGGO_06350	42.2	251	140	4	5	253	35	282	2.12e-52	177
OCPOBL_03290	CMLBML_13560	45.1	421	224	2	13	432	8	422	2.03e-125	366
OCPOBL_03310	OJKFBE_02425	58.4	382	152	4	23	403	131	506	2.10e-138	401
OCPOBL_03320	JKBIAL_06555	50.2	307	148	5	3	306	2	306	7.88e-102	297
OCPOBL_03325	EDPPFC_16165	45.5	246	126	3	2	244	3	243	7.39e-65	198
OCPOBL_03330	AHPIPH_01830	58.1	408	171	0	3	410	19	426	9.41e-170	478
OCPOBL_03345	IJGGGM_15885	52.0	444	203	3	1	443	1	435	6.97e-156	445
OCPOBL_03345	AADGFO_06055	42.9	452	246	4	2	443	25	474	1.69e-125	388
OCPOBL_03350	NPKNPB_04480	49.7	290	139	3	5	294	3	285	1.54e-85	264
OCPOBL_03355	OKLCDA_08070	51.0	351	149	2	1	328	27	377	7.16e-125	359
OCPOBL_03390	FKNOEG_02840	34.9	258	166	1	22	277	16	273	6.91e-52	167
OCPOBL_03405	AHOMGJ_00200	47.1	418	209	6	12	426	6	414	1.95e-134	389
OCPOBL_03410	CFGLOL_00075	57.9	784	304	4	3	786	28	785	1.47e-314	876
OCPOBL_03410	ACMOBE_04080	34.8	795	458	15	3	776	2	757	3.37e-133	410
OCPOBL_03420	JALDLJ_04120	46.5	155	83	0	5	159	3	157	2.49e-49	152
OCPOBL_03435	OFOEJC_06820	47.4	293	153	1	3	295	2	293	7.89e-87	258
OCPOBL_03455	MBIIBD_01400	78.8	486	102	1	1	485	29	514	1.91e-295	803
OCPOBL_03455	PBNOEJ_11460	32.5	520	296	18	6	476	37	550	1.23e-65	218
OCPOBL_03460	NIHDHO_00130	48.9	573	287	2	39	610	2	569	1.72e-191	548
OCPOBL_03460	INKIHH_10100	31.3	619	386	13	4	597	8	612	3.05e-79	262
OCPOBL_03470	KOGAEP_24830	61.3	328	125	2	1	327	34	360	8.43e-149	419
OCPOBL_03495	KAIHOP_11310	43.7	327	156	5	5	319	4	314	4.22e-96	283
OCPOBL_03535	HFPDKM_12815	64.2	530	189	1	1	530	34	562	6.99e-251	694
OCPOBL_03535	JIBNCO_01295	29.9	492	287	14	10	461	41	514	1.60e-43	160
OCPOBL_03560	ELHJGG_08225	36.9	233	139	3	4	235	2	227	1.63e-48	157
OCPOBL_03575	BGHMFE_04500	31.7	736	408	23	39	757	5	662	4.92e-97	311
OCPOBL_03590	GIBOLB_01575	41.8	395	219	4	6	395	9	397	4.63e-89	271
OCPOBL_03600	PPPHGA_20880	47.0	332	131	4	2	288	17	348	3.52e-93	276
OCPOBL_03605	NGMOPK_00295	60.9	619	241	1	1	618	1	619	6.29e-276	766
OCPOBL_03610	INKIHH_10055	46.1	245	128	2	2	246	4	244	1.31e-65	202
OCPOBL_03615	FKEMDL_14575	44.1	288	154	2	1	284	11	295	7.13e-81	243
OCPOBL_03625	FHGONL_08010	53.2	558	259	2	1	557	1	557	2.79e-194	552
OCPOBL_03630	JPEPBC_05735	38.9	404	234	9	5	400	52	450	2.04e-84	261
OCPOBL_03635	EOGDPL_25690	49.4	265	130	2	2	263	3	266	1.12e-89	263
OCPOBL_03640	GNANIN_05260	55.8	480	209	2	1	480	1	477	2.42e-195	548
OCPOBL_03645	PHBJAG_07175	37.9	224	136	1	2	222	3	226	3.52e-55	172
OCPOBL_03655	BIKKBB_09420	57.9	875	310	6	4	840	3	857	0.0	930
OCPOBL_03660	CHFKLB_14210	45.1	709	320	11	13	653	10	717	5.04e-181	528
OCPOBL_03665	LKLDMN_19325	43.6	218	119	2	5	222	4	217	1.14e-54	172
OCPOBL_03685	OIDBIB_12205	49.2	319	160	2	7	325	4	320	3.09e-102	302
OCPOBL_03695	JLFFKH_01745	66.7	387	129	0	133	519	173	559	6.35e-181	516
OCPOBL_03705	NLNKCD_03020	49.0	290	143	3	4	293	3	287	1.29e-93	275
OCPOBL_03710	JKFCNN_08040	46.5	342	173	3	3	340	29	364	5.30e-110	322
OCPOBL_03715	ABGNMO_02010	40.9	443	250	1	3	433	6	448	4.21e-99	302
OCPOBL_03725	MKENAJ_04070	54.5	391	176	2	1	389	1	391	7.12e-151	429
OCPOBL_03730	LKLDMN_17670	67.5	126	40	1	1	126	14	138	2.63e-61	182
OCPOBL_03735	JCMKKN_12205	46.8	355	179	3	4	357	3	348	3.28e-115	335
OCPOBL_03750	KOJDON_08905	42.4	262	149	1	4	263	5	266	1.32e-81	243
OCPOBL_03755	ENCFBG_07925	60.5	339	126	6	1	336	1	334	2.99e-132	377
OCPOBL_03760	PKLMMB_11890	57.7	390	157	5	5	392	3	386	1.65e-150	427
OCPOBL_03765	HOBHPC_14180	57.1	247	105	1	3	248	22	268	1.19e-97	283
OCPOBL_03770	ANGKFO_01360	48.3	298	149	4	6	300	2	297	6.59e-98	286
OCPOBL_03775	FAIDMJ_00835	40.6	254	142	4	239	491	70	315	9.03e-60	196
OCPOBL_03790	EDPPFC_05720	52.1	240	114	1	5	244	4	242	4.36e-79	234
OCPOBL_03795	EEMLEJ_12835	59.4	512	203	2	2	512	90	597	1.10e-214	603
OCPOBL_03835	OKHOCL_06405	51.7	437	176	9	7	433	3	414	3.10e-137	397
OCPOBL_03845	GKNBCF_07930	42.8	395	224	2	243	635	49	443	9.17e-102	317
OCPOBL_03855	CDILFK_01280	44.0	555	309	1	1	555	2	554	2.24e-163	473
OCPOBL_03885	GEHMID_04080	41.0	205	116	1	4	203	4	208	7.09e-50	159
OCPOBL_03910	GEHMID_04080	42.0	224	120	4	6	223	4	223	1.49e-55	173
OCPOBL_03915	IEDJIN_05035	65.1	209	73	0	279	487	1	209	5.16e-96	286
OCPOBL_03920	GOMFON_03155	49.7	199	99	1	24	221	23	221	1.62e-65	198
OCPOBL_03925	HJGNEK_11040	34.3	554	345	7	3	544	8	554	1.37e-89	282
OCPOBL_03930	PGPAMD_00760	54.8	1410	624	8	13	1415	2	1405	0.0	1526
OCPOBL_03935	FPHNOE_05055	75.3	369	91	0	2	370	4	372	3.00e-213	587
OCPOBL_03945	PPCHMH_10210	41.1	219	125	2	4	222	3	217	5.34e-53	166
OCPOBL_03950	PBAKMA_17510	41.8	280	161	2	1	280	1	278	1.02e-59	188
OCPOBL_03960	NLNKCD_09525	63.6	613	221	2	1	612	1	612	1.58e-286	791
OCPOBL_03960	PFNDEF_04205	37.7	478	272	10	137	596	361	830	2.31e-82	273
OCPOBL_03960	KKMOGI_12335	36.6	421	253	6	120	530	33	449	2.20e-67	223
OCPOBL_03960	CFELJI_12430	35.0	403	235	12	137	530	456	840	1.20e-57	205
OCPOBL_03970	JHFIBJ_16095	49.5	368	183	2	14	381	216	580	4.45e-117	360
OCPOBL_03970	AHNHLJ_13685	45.1	366	191	4	14	379	202	557	4.46e-106	320
OCPOBL_03985	PKHOKF_04630	88.1	360	43	0	1	360	93	452	7.75e-228	624
OCPOBL_03990	LJGBCE_12900	80.3	553	109	0	1	553	31	583	0.0	897
OCPOBL_03990	GIBOLB_11285	42.3	555	286	9	17	553	13	551	5.77e-123	369
OCPOBL_03995	KPNMII_11605	54.4	553	245	4	1	549	1	550	2.30e-201	570
OCPOBL_04000	CJFJOL_15720	80.8	359	69	0	1	359	33	391	1.53e-215	591
OCPOBL_04005	AJODMC_03980	50.6	389	187	4	1	387	1	386	8.78e-132	379
OCPOBL_04015	AIAJBN_19275	45.6	412	219	3	1	410	1	409	5.03e-128	372
OCPOBL_04020	IADIMG_01355	54.6	346	156	1	4	349	31	375	2.38e-133	382
OCPOBL_04025	OACJHM_06000	47.5	461	233	3	13	473	22	473	1.63e-142	413
OCPOBL_04030	DANLCD_01670	52.9	456	152	5	1	394	1	455	1.51e-161	458
OCPOBL_04040	AHNHLJ_13685	55.9	558	243	2	2	559	3	557	1.68e-229	641
OCPOBL_04040	JHFIBJ_16095	43.1	576	309	6	4	560	4	579	6.83e-156	469
OCPOBL_04045	NEEMKD_07245	51.9	601	277	5	8	598	6	604	2.72e-217	615
OCPOBL_04050	KEIMNK_08395	89.9	159	16	0	1	159	34	192	4.36e-106	297
OCPOBL_04070	DBKLJG_08495	94.6	205	11	0	293	497	1	205	2.26e-139	396
OCPOBL_04075	OCLNOI_00625	47.3	619	318	6	129	747	30	640	1.90e-199	586
OCPOBL_04075	ANGKFO_07170	39.8	600	339	12	101	695	122	704	2.75e-130	409
OCPOBL_04110	EDPPFC_05720	35.8	243	151	3	21	259	3	244	3.53e-48	160
OCPOBL_04140	LEGHLG_09460	50.7	207	102	0	231	437	225	431	1.34e-65	213
OCPOBL_04145	ENPFGE_09215	45.6	272	144	2	1	270	6	275	1.97e-78	249
OCPOBL_04165	KKGKIC_13160	48.7	380	190	4	17	392	10	388	6.84e-123	358
OCPOBL_04175	FLAJJJ_01380	55.0	229	103	0	1	229	38	266	4.44e-89	261
OCPOBL_04180	ENNDNJ_14710	62.3	305	115	0	1	305	19	323	1.05e-135	384
OCPOBL_04190	LLKPMB_09945	100	377	0	0	1	377	1	377	3.87e-258	699
OCPOBL_04200	PHBJAG_09105	39.8	254	153	0	12	265	54	307	3.19e-59	187
OCPOBL_04205	OODMEK_16380	50.0	252	124	2	5	256	1	250	9.26e-78	232
OCPOBL_04215	JFOKOO_03005	49.5	186	91	1	16	201	12	194	2.57e-56	174
OCPOBL_04220	KIBBKD_08070	74.9	459	115	0	1	459	1	459	1.09e-258	708
OCPOBL_04225	HEEEIG_03320	61.7	360	134	1	26	381	5	364	2.81e-158	446
OCPOBL_04230	NMDBHH_21210	70.0	687	186	3	1	667	1	687	0.0	921
OCPOBL_04230	NKCJOK_06160	32.8	644	381	16	1	635	19	619	4.66e-103	327
OCPOBL_04235	AEPIDE_14725	57.1	210	90	0	12	221	13	222	1.61e-79	236
OCPOBL_04285	ANOIGO_11635	34.6	570	351	9	1	559	1	559	3.25e-112	342
OCPOBL_04290	LPAOAJ_11445	37.0	389	240	3	7	390	22	410	7.65e-85	260
OCPOBL_04295	KEIMNK_08395	83.4	157	26	0	1	157	34	190	4.26e-97	275
OCPOBL_04300	NEEMKD_07245	52.9	601	272	4	9	601	7	604	7.89e-225	635
OCPOBL_04345	NIJAON_03930	34.8	273	175	3	14	283	20	292	1.38e-59	188
OCPOBL_04370	GKLKJE_13615	75.9	336	75	1	1	330	1	336	1.79e-181	501
OCPOBL_04375	FBNFHD_02190	80.0	230	46	0	1	230	47	276	5.40e-138	384
OCPOBL_04385	LKLDMN_19325	45.6	217	115	1	4	220	6	219	4.17e-65	197
OCPOBL_04400	HGCDGK_00635	44.7	443	244	1	2	444	25	466	7.52e-118	349
OCPOBL_04400	FCHPAI_15930	31.9	370	252	0	14	383	18	387	2.40e-71	227
OCPOBL_04410	IFIEJI_09795	91.5	164	14	0	1	164	1	164	1.13e-100	293
OCPOBL_04420	NPLHCN_14260	46.2	383	192	6	930	1302	1481	1859	2.41e-81	291
OCPOBL_04420	JHIMFH_08715	40.9	381	221	3	932	1309	31	410	8.70e-75	251
OCPOBL_04435	JPDGNJ_23005	49.1	214	109	0	3	216	17	230	5.80e-63	192
OCPOBL_04440	ENNDNJ_08795	53.4	253	111	1	1	246	1	253	5.44e-95	275
OCPOBL_04450	DEAMOH_15020	50.0	220	105	1	1	215	1	220	1.91e-66	201
OCPOBL_04460	LLGOHG_04120	48.0	294	143	2	11	300	1	288	3.55e-87	259
OCPOBL_04465	CPMPBM_01325	42.0	1072	583	9	1	1043	1	1062	2.15e-278	815
OCPOBL_04475	LPCGND_12240	57.9	456	190	1	2	455	16	471	7.07e-200	560
OCPOBL_04485	ANAEHF_04215	46.3	227	121	1	2	227	5	231	1.28e-69	209
OCPOBL_04490	FIODKN_03895	74.3	183	46	1	4	185	25	207	6.04e-91	261
OCPOBL_04495	JFOKOO_05605	43.1	232	124	2	3	233	6	230	4.04e-61	188
OCPOBL_04505	DKDGNM_00610	56.3	268	116	1	101	367	1	268	1.05e-95	283
OCPOBL_04510	KDFPIB_00630	51.0	451	195	3	8	432	2	452	3.94e-141	407
OCPOBL_04525	PPPHGA_24900	54.4	180	82	0	1	180	22	201	8.61e-72	212
OCPOBL_04565	JPJGOO_09760	44.7	208	105	1	24	231	31	228	6.65e-59	187
OCPOBL_04585	KHCMCM_03020	47.7	457	230	3	1	448	19	475	3.86e-129	379
OCPOBL_04585	FIGKOO_11715	31.9	454	287	8	16	448	141	593	6.14e-64	213
OCPOBL_04590	LCBAOM_08305	42.0	200	111	2	1	199	1	196	1.80e-54	169
OCPOBL_04625	DPDMEB_15410	50.8	537	247	8	21	549	2	529	3.10e-189	538
OCPOBL_04645	EOGDPL_15890	41.7	357	207	1	1	356	1	357	1.55e-105	311
OCPOBL_04665	JPJGOO_09760	49.1	385	180	4	27	401	16	394	8.62e-127	368
OCPOBL_04725	EDPPFC_05720	35.4	237	148	3	25	257	7	242	4.39e-46	153
OCPOBL_04755	ICHLBC_08475	39.4	287	155	7	16	290	3	282	2.77e-54	184
OCPOBL_04765	IFDCNO_13355	53.9	414	187	3	1	410	1	414	1.43e-138	410
OCPOBL_04765	ICGKAE_00315	31.7	729	461	12	4	719	2	706	4.59e-105	336
OCPOBL_04785	CPMPBM_00160	54.7	497	222	2	1	497	1	494	1.28e-199	560
OCPOBL_04825	DNKAFD_19235	37.3	260	156	3	19	271	42	301	3.43e-48	158
OCPOBL_04845	HDOCPC_01655	63.6	332	121	0	1	332	41	372	2.22e-157	442
OCPOBL_04850	MKBKLI_00520	45.4	324	165	5	1	322	1	314	4.46e-81	254
OCPOBL_04855	OPOMOC_16115	53.8	273	124	2	103	373	70	342	1.48e-89	270
OCPOBL_04860	DEAMOH_08025	41.9	248	119	3	6	228	8	255	1.74e-57	179
OCPOBL_04870	PNDHNJ_00120	61.7	548	209	1	8	555	38	584	7.15e-243	676
OCPOBL_04880	IMLPOL_12395	37.6	343	194	7	93	432	71	396	1.85e-66	214
OCPOBL_04885	EEOPDA_00685	49.6	377	185	2	3	376	3	377	2.80e-120	349
OCPOBL_04890	LKLDMN_19325	41.7	216	122	2	5	220	4	215	2.62e-50	160
OCPOBL_04900	PHBJAG_07175	35.4	226	140	2	1	220	1	226	1.62e-48	155
OCPOBL_04915	EBLBNC_05495	73.1	305	82	0	1	305	30	334	3.30e-160	449
OCPOBL_04930	JEKOGE_06050	41.2	442	251	5	1	438	1	437	5.01e-101	306
OCPOBL_04930	ADOCAH_04505	45.1	204	112	0	26	229	2	205	2.79e-53	175
OCPOBL_04930	NOJFKC_04840	29.6	402	271	8	12	411	14	405	7.02e-47	164
OCPOBL_04930	DNBNEF_09455	28.9	433	284	8	13	433	12	432	9.16e-42	150
OCPOBL_04945	GKLKJE_14420	40.4	441	262	1	30	469	5	445	9.97e-101	306
OCPOBL_04945	DIFDMH_04115	32.5	446	293	7	33	475	7	447	1.26e-67	220
OCPOBL_04945	OMINCF_06730	31.0	442	280	4	33	462	4	432	7.51e-60	199
OCPOBL_04945	NGIBDE_08595	29.6	456	315	3	23	475	37	489	2.46e-55	188
OCPOBL_04950	ELNOCH_14010	57.4	289	123	0	2	290	24	312	2.84e-117	337
OCPOBL_04955	GBFPPP_02610	65.0	351	115	3	1	343	54	404	1.91e-163	459
OCPOBL_04970	LMJHIN_02325	41.1	219	128	1	1	219	1	218	1.36e-51	163
OCPOBL_04975	OIJDCC_03805	50.3	352	168	4	1	349	57	404	3.11e-117	342
OCPOBL_04985	NKLDCP_09645	51.0	386	186	2	2	385	3	387	1.83e-144	412
OCPOBL_04985	MNPOJG_01295	38.3	394	224	8	5	382	26	416	1.42e-87	268
OCPOBL_04990	BEIPKJ_08610	58.7	441	177	3	3	439	4	443	6.56e-182	511
OCPOBL_04995	FDDOCG_07575	46.8	310	161	2	1	307	1	309	1.19e-95	282
OCPOBL_04995	HPIFBD_01690	37.4	297	171	5	29	313	26	319	4.32e-57	183
OCPOBL_05015	LHMIFE_06310	49.0	300	152	1	1	300	1	299	2.67e-102	298
OCPOBL_05030	GIAEGI_04580	61.4	153	59	0	232	384	2	154	9.85e-56	177
OCPOBL_05045	CFMBFO_09915	56.2	989	319	8	3	881	2	986	0.0	1029
OCPOBL_05050	HOPKHH_07065	42.1	190	110	0	1	190	1	190	1.99e-51	160
OCPOBL_05055	AOOCMJ_18300	39.8	254	142	5	3	254	4	248	4.66e-58	182
OCPOBL_05065	GKMFOG_13490	87.4	454	57	0	1	454	25	478	9.19e-288	781
OCPOBL_05080	MPNMPI_08435	56.0	727	288	12	1	712	1	710	1.17e-257	726
OCPOBL_05080	ENNDNJ_02705	26.3	720	427	18	6	658	94	776	7.55e-55	198
OCPOBL_05085	GLCPEN_06100	38.2	401	222	6	4	401	3	380	1.67e-80	249
OCPOBL_05090	MFPDBE_04580	58.5	398	161	3	1	397	1	395	1.56e-167	471
OCPOBL_05110	DKAAEG_11885	46.8	331	170	3	7	332	3	332	5.42e-91	272
OCPOBL_05120	OKHOCL_01060	47.0	219	107	3	9	224	6	218	3.76e-55	172
OCPOBL_05125	MJOLHA_01865	48.3	1187	611	2	1	1185	1	1186	4.32e-310	894
OCPOBL_05130	GFNANP_05010	56.8	303	131	0	6	308	236	538	5.80e-114	336
OCPOBL_05135	LKEOCB_12235	46.6	296	158	0	10	305	12	307	3.73e-86	261
OCPOBL_05145	OMDIBH_06250	65.5	371	125	2	4	371	29	399	2.72e-159	449
OCPOBL_05150	FIGKOO_03390	45.5	506	235	4	1	466	1	505	1.53e-117	350
OCPOBL_05155	NLAFOC_00650	39.6	268	159	2	4	271	2	266	1.68e-61	192
OCPOBL_05190	FLKHEJ_00860	50.0	426	207	5	3	427	2	422	1.45e-136	396
OCPOBL_05210	FMAOBM_02935	57.8	230	94	3	1	228	1	229	1.76e-90	273
OCPOBL_05220	AEHBLL_10425	27.6	496	300	11	16	471	14	490	2.84e-47	166
OCPOBL_05380	PCHHPE_15625	51.2	205	100	0	12	216	12	216	1.33e-67	207
OCPOBL_05405	NIMMDJ_02025	53.2	365	135	6	4	338	5	363	8.80e-136	387
OCPOBL_05410	EGMGCA_09000	44.7	412	205	5	4	393	6	416	9.07e-120	350
OCPOBL_05415	OKHOCL_06130	58.1	277	115	1	1	277	1	276	2.82e-111	319
OCPOBL_05430	COHCOF_08135	66.7	114	38	0	1	114	38	151	1.80e-52	158
OCPOBL_05440	EGEPOE_05725	46.6	281	146	2	1	278	1	280	2.03e-89	264
OCPOBL_05445	IBDNDD_10640	50.7	221	106	2	33	251	36	255	6.94e-67	204
OCPOBL_05455	APCDKJ_01660	46.0	261	137	3	32	289	9	268	1.65e-76	231
OCPOBL_05465	CMLBML_12860	44.4	367	189	1	18	384	11	362	2.35e-114	334
OCPOBL_05470	LKEOCB_03770	47.2	428	225	1	8	435	5	431	1.19e-142	412
OCPOBL_05475	DKAAEG_09340	55.1	439	197	0	3	441	21	459	3.12e-174	492
OCPOBL_05485	DIIMPP_15145	56.8	333	142	1	3	335	18	348	5.68e-126	362
OCPOBL_05490	LKLDMN_19325	45.6	217	115	1	17	233	4	217	9.29e-64	195
OCPOBL_05510	OGFCAC_13505	37.4	356	209	7	22	370	2	350	5.03e-72	226
OCPOBL_05530	FOMOBF_10025	36.6	292	161	6	10	297	11	282	2.13e-56	180
OCPOBL_05585	BBGPKN_01595	47.6	189	99	0	10	198	9	197	7.77e-49	155
OCPOBL_05590	CKFMIE_05350	47.2	282	143	2	5	280	1	282	5.61e-83	247
OCPOBL_05590	KDJCIO_04690	39.8	266	148	4	13	278	7	260	1.92e-60	189
OCPOBL_05605	CFELJI_10390	56.7	291	99	5	4	267	23	313	7.11e-107	308
OCPOBL_05615	FKEMDL_10030	50.3	587	226	7	1	525	1	583	8.55e-182	520
OCPOBL_05620	MLIPEK_11975	44.1	490	267	4	4	489	3	489	1.19e-150	435
OCPOBL_05625	JPDGNJ_11930	58.2	378	158	0	1	378	1	378	1.61e-161	461
OCPOBL_05635	MOBKGA_09500	61.7	253	88	1	1	253	1	244	3.92e-109	311
OCPOBL_05650	HNFKHH_07575	43.3	404	214	6	260	657	2	396	5.56e-100	308
OCPOBL_05650	HIADJD_26315	41.6	257	134	4	4	244	11	267	1.26e-56	190
OCPOBL_05660	CNOENP_09380	43.6	344	188	2	3	343	5	345	2.08e-87	264
OCPOBL_05660	FMAOBM_00120	42.1	349	199	1	3	348	7	355	3.58e-87	263
OCPOBL_05670	PFMFKA_03510	51.3	261	120	2	8	262	4	263	6.68e-90	263
OCPOBL_05685	BLDCGJ_09585	47.0	315	156	3	7	315	2	311	1.21e-86	259
OCPOBL_05690	OPBKNC_03935	57.1	336	144	0	7	342	36	371	7.82e-138	393
OCPOBL_05695	BDKJEH_01155	54.1	231	106	0	5	235	4	234	7.72e-78	243
OCPOBL_05710	PAMFFB_11460	47.3	262	135	3	294	553	43	303	4.84e-71	234
OCPOBL_05710	BCFHOD_10075	36.9	225	134	3	23	242	22	243	3.45e-44	154
OCPOBL_05715	EIKLNG_06120	63.9	119	43	0	109	227	1	119	5.60e-48	151
OCPOBL_05725	EIKLNG_06140	83.5	115	19	0	71	185	1	115	3.81e-63	189
OCPOBL_05735	KEIMNK_01000	52.4	145	69	0	8	152	7	151	1.37e-51	166
OCPOBL_05740	NLFOCH_03850	49.4	494	240	5	315	807	4	488	4.89e-161	474
OCPOBL_05740	KEIMNK_01000	69.3	290	89	0	1	290	149	438	5.61e-134	402
OCPOBL_05740	NGNBGJ_13300	44.7	246	130	3	8	247	5	250	1.91e-55	190
OCPOBL_05745	KAEPKB_01145	81.0	327	62	0	1	327	13	339	4.53e-198	543
OCPOBL_05750	KJBCNO_05935	46.2	424	212	3	1	422	1	410	2.91e-136	393
OCPOBL_05760	OKHBPB_08905	62.6	155	57	1	1	154	2	156	1.19e-72	211
OCPOBL_05795	GLAJCN_12950	72.1	870	243	0	1	870	1	870	0.0	1258
OCPOBL_05805	KHMKPO_15140	34.7	501	321	3	14	511	24	521	1.15e-104	319
OCPOBL_05805	PHMEJC_20060	32.3	467	293	9	58	511	80	536	1.11e-77	249
OCPOBL_05820	MKABCP_10815	39.8	377	210	6	15	383	15	382	2.42e-78	243
OCPOBL_05825	GKLKJE_14420	43.3	430	243	1	1	429	5	434	1.31e-105	318
OCPOBL_05825	OMINCF_06730	33.3	436	286	4	1	434	1	433	1.82e-61	202
OCPOBL_05825	DIFDMH_04115	32.9	389	254	5	4	389	7	391	3.29e-61	202
OCPOBL_05835	DAMBBL_14265	39.0	300	181	2	10	308	14	312	1.98e-78	238
OCPOBL_05850	PMOLLI_08705	37.5	248	148	2	1	244	48	292	1.67e-45	151
OCPOBL_05865	DBKLJG_08415	61.2	407	158	0	4	410	14	420	5.15e-181	507
OCPOBL_05870	HMNLEO_03150	57.3	400	142	4	32	406	61	456	1.47e-152	436
OCPOBL_05965	LMAAGL_07260	40.8	228	130	3	4	226	3	230	5.01e-55	172
OCPOBL_06025	EAGKMD_04415	37.3	397	214	11	5	385	10	387	6.25e-65	210
OCPOBL_06025	EIHNKJ_05190	38.9	221	133	2	175	394	106	325	9.02e-50	167
OCPOBL_06075	LEGHLG_09460	49.6	240	121	0	184	423	197	436	3.27e-78	245
OCPOBL_06080	ENPFGE_09215	32.4	491	289	10	1	487	6	457	3.37e-69	226
OCPOBL_06085	CGHKFF_05285	53.1	209	93	4	264	468	1	208	1.50e-62	199
OCPOBL_06100	PMEPJL_13775	29.5	396	236	8	3	362	11	399	3.80e-49	168
OCPOBL_06105	PHMEJC_03885	80.1	407	81	0	1	407	65	471	5.72e-247	676
OCPOBL_06115	FIGKOO_11715	54.9	490	203	3	1	482	117	596	2.23e-183	523
OCPOBL_06115	KHCMCM_03020	32.3	443	284	7	45	480	43	476	7.28e-70	227
OCPOBL_06120	DNJKHC_10565	48.0	331	169	3	198	527	1	329	2.84e-95	290
OCPOBL_06120	LCBAOM_08305	59.4	187	75	1	1	187	1	186	3.25e-75	234
OCPOBL_06135	KKGKIC_13160	53.9	380	172	2	4	381	10	388	3.25e-143	410
OCPOBL_06140	OJPNIC_09355	45.8	236	123	1	1	231	1	236	1.41e-74	224
OCPOBL_06145	AKJKEO_12255	73.1	484	124	1	1	478	1	484	6.27e-252	692
OCPOBL_06160	HJMBIE_06565	70.4	453	64	2	3	385	2	454	9.81e-203	562
OCPOBL_06165	FLAJJJ_08755	85.3	204	30	0	1	204	1	204	5.23e-127	364
OCPOBL_06165	AADGFO_06055	37.3	467	263	8	6	448	546	1006	8.61e-85	279
OCPOBL_06175	FCHNIC_07725	41.4	285	163	4	1	285	1	281	3.29e-75	228
OCPOBL_06180	PEAHOH_01300	48.3	402	206	1	3	404	4	403	8.74e-126	366
OCPOBL_06180	AIGKOF_07555	34.8	405	254	7	3	404	9	406	2.54e-63	207
OCPOBL_06185	MFPDBE_04255	46.5	215	110	2	3	216	1	211	2.09e-54	170
OCPOBL_06190	GHIDNG_08150	45.0	278	146	3	2	275	3	277	3.98e-73	234
OCPOBL_06195	GHIDNG_08150	39.0	351	209	3	5	350	294	644	1.86e-83	264
OCPOBL_06210	GNFLKF_08300	40.1	401	235	3	25	422	45	443	1.01e-97	297
OCPOBL_06215	IJMKAA_11630	43.7	327	163	3	8	313	12	338	1.56e-84	255
OCPOBL_06225	PNJNHA_01195	53.9	180	68	3	13	191	12	177	1.42e-53	167
OCPOBL_06230	ANAEHF_05030	55.3	179	76	3	14	191	13	188	4.73e-60	182
OCPOBL_06240	HFMJLE_01865	37.6	327	186	5	4	317	14	335	3.64e-72	224
OCPOBL_06240	EKIEJL_04035	34.8	302	190	4	30	329	11	307	6.22e-60	191
OCPOBL_06255	PBNOEJ_09080	43.3	203	111	1	1	203	1	199	3.52e-52	163
OCPOBL_06260	KCGDMB_05840	63.2	315	116	0	15	329	14	328	2.41e-140	399
OCPOBL_06270	HFAHKK_07810	43.8	589	198	10	4	467	7	587	4.29e-141	434
OCPOBL_06270	MPNMPI_01965	45.2	303	165	1	4	306	7	308	7.65e-77	247
OCPOBL_06275	GLCPEN_08265	39.8	347	202	3	86	425	55	401	6.05e-65	211
OCPOBL_06280	IINDLL_04140	49.3	444	220	4	2	443	35	475	3.63e-145	419
OCPOBL_06290	OPOMOC_01965	77.8	144	32	0	1	144	1	144	3.40e-84	240
OCPOBL_06295	KKGFNE_01495	58.2	543	190	2	1	506	1	543	1.63e-220	616
OCPOBL_06320	JNBMOB_16835	72.8	114	31	0	5	118	11	124	7.49e-54	161
OCPOBL_06325	NPACKI_04800	60.0	588	193	6	3	549	2	588	5.91e-234	653
OCPOBL_06330	DHOMEH_12720	40.8	732	356	9	7	672	7	727	6.44e-170	501
OCPOBL_06330	ODHFDB_00935	35.7	409	242	8	244	646	657	1050	1.81e-63	225
OCPOBL_06330	JKEOBL_06960	32.6	420	264	7	224	637	594	1000	7.73e-54	196
OCPOBL_06375	CFELJI_00540	49.5	481	243	0	1	481	1	481	5.06e-159	456
OCPOBL_06385	FLKHEJ_00260	53.1	194	91	0	6	199	8	201	1.12e-66	205
OCPOBL_06390	EEBCBO_05060	35.3	465	263	11	4	454	3	443	3.39e-79	249
OCPOBL_06395	PCHHPE_13495	52.4	246	102	2	4	234	58	303	6.11e-78	233
OCPOBL_06400	GKEJOP_02715	50.9	216	104	1	1	216	1	214	2.01e-69	208
OCPOBL_06405	CPMPBM_03600	61.8	592	219	4	5	593	3	590	1.11e-273	759
OCPOBL_06410	CFMBFO_10860	50.4	246	121	1	1	245	1	246	8.86e-76	228
OCPOBL_06420	EAGKMD_14100	49.9	357	140	4	1	320	1	355	1.01e-115	335
OCPOBL_06420	MDHDGC_08370	36.3	325	194	6	3	318	2	322	2.60e-63	200
OCPOBL_06420	LJOEIG_06330	33.4	311	198	5	1	306	1	307	1.18e-55	180
OCPOBL_06430	DIIMPP_05975	55.0	151	65	1	1	151	1	148	2.89e-54	166
OCPOBL_06435	KDFDAI_07250	55.3	555	244	2	6	557	154	707	1.55e-220	624
OCPOBL_06465	DNBNEF_09455	28.7	436	303	4	14	445	12	443	1.69e-48	168
OCPOBL_06465	JEKOGE_06050	27.3	436	306	7	15	444	12	442	2.03e-43	155
OCPOBL_06470	PHBJAG_07175	39.2	222	131	3	2	220	3	223	2.99e-51	162
OCPOBL_06480	LKLDMN_19325	39.3	219	129	2	5	223	4	218	2.43e-58	181
OCPOBL_06500	LEJEEC_08915	47.9	378	195	1	1	376	1	378	4.82e-129	372
OCPOBL_06500	MAHJHN_05475	35.1	407	232	8	4	378	457	863	1.59e-70	233
OCPOBL_06500	HAFNKM_08490	31.6	389	221	9	11	373	12	381	9.22e-53	176
OCPOBL_06500	OLKGPM_09705	33.7	315	183	6	28	326	49	353	1.93e-50	177
OCPOBL_06520	IAJDHK_12735	52.0	196	94	0	1	196	1	196	3.53e-65	204
OCPOBL_06525	EAKJAH_17775	51.0	257	126	0	34	290	30	286	5.49e-86	256
OCPOBL_06535	MAHJHN_05475	41.9	458	257	5	1	453	1	454	2.95e-100	317
OCPOBL_06540	GNBPPJ_14375	94.4	108	6	0	1	108	1	108	2.63e-64	186
OCPOBL_06550	DELOGM_14325	44.3	185	103	0	22	206	6	190	1.92e-55	171
OCPOBL_06575	ENNDNJ_14710	51.8	305	147	0	1	305	19	323	8.44e-106	308
OCPOBL_06595	HCBGLF_06190	43.8	299	165	2	5	303	44	339	1.13e-93	277
OCPOBL_06615	OMINCF_06730	43.5	437	239	3	1	436	1	430	1.04e-118	350
OCPOBL_06615	GKLKJE_14420	31.3	441	281	6	1	432	5	432	1.61e-59	198
OCPOBL_06615	DIFDMH_04115	33.3	348	229	3	4	350	7	352	1.13e-53	182
OCPOBL_06620	ADJBEN_14145	55.1	392	176	0	1	392	1	392	2.48e-163	461
OCPOBL_06620	FGMGBK_12975	29.3	372	259	3	26	396	108	476	4.26e-63	206
OCPOBL_06625	FGMGBK_12975	31.3	511	317	7	2	503	6	491	1.65e-81	258
OCPOBL_06625	ADJBEN_14145	31.2	404	269	5	99	496	5	405	3.65e-72	231
OCPOBL_06635	EAGKMD_19035	64.2	159	57	0	1	159	24	182	9.81e-77	223
OCPOBL_06660	MNPOJG_03675	41.4	413	241	1	3	415	2	413	1.55e-106	318
OCPOBL_06690	NCLFML_05230	34.3	948	413	20	5	751	3	941	7.35e-159	481
OCPOBL_06720	PGPAMD_09305	44.3	219	122	0	5	223	5	223	7.60e-61	190
OCPOBL_06750	BBKFDB_05170	46.5	318	158	1	12	329	28	333	2.28e-95	283
OCPOBL_06765	NPLHCN_14260	36.1	524	202	4	323	844	1465	1857	2.50e-76	268
OCPOBL_06765	JHIMFH_08715	33.4	497	198	3	340	836	30	393	7.42e-71	236
OCPOBL_06770	JOFPOO_08530	37.2	234	138	4	3	235	6	231	1.80e-48	155
OCPOBL_06770	GEHMID_04080	38.8	240	127	4	1	235	1	225	4.15e-47	152
OCPOBL_06780	LMAAGL_07260	43.6	225	120	3	5	224	3	225	1.46e-56	179
OCPOBL_06820	LKLDMN_19325	43.9	212	115	2	14	225	8	215	7.20e-57	176
OCPOBL_06835	KOJDON_10340	41.9	203	116	2	5	207	3	203	2.62e-50	159
OCPOBL_06875	DNBNEF_19435	48.3	238	120	2	1	235	1	238	1.51e-89	261
OCPOBL_06945	OBHJLJ_05995	32.1	539	348	8	1	528	1	532	5.37e-82	265
OCPOBL_06945	IMJCGK_11625	31.7	518	326	13	5	512	4	503	6.81e-76	245
OCPOBL_06945	LJALIN_17780	30.4	527	341	15	9	527	55	563	1.51e-60	206
OCPOBL_06945	EHHHNJ_03925	29.9	519	297	17	5	512	4	466	1.60e-58	201
OCPOBL_07030	PFNDEF_09710	49.8	614	296	4	1	614	1	602	5.72e-221	624
OCPOBL_07070	JFOKOO_06090	40.4	428	246	6	1	428	1	419	7.04e-100	301
OCPOBL_07085	MNNBJI_09460	56.1	196	86	0	4	199	5	200	2.63e-76	224
OCPOBL_07145	GLEIFN_03595	48.5	200	100	2	4	202	3	200	4.68e-54	171
OCPOBL_07175	BDLLLF_04730	52.2	245	117	0	134	378	127	371	3.71e-82	254
OCPOBL_07190	INHOHM_09930	45.9	510	255	4	1	507	54	545	6.05e-151	439
OCPOBL_07200	NCLFML_05230	36.1	939	465	15	4	815	5	935	1.60e-182	545
OCPOBL_07210	NIJAON_03930	39.7	292	167	3	1	283	1	292	2.38e-80	241
OCPOBL_07235	FAIDMJ_00870	76.2	462	110	0	1	462	36	497	2.38e-260	714
OCPOBL_07240	PHBJAG_07175	38.7	225	135	2	1	222	1	225	9.04e-53	166
OCPOBL_07250	LKLDMN_19325	38.5	218	130	2	5	222	4	217	4.65e-51	162
OCPOBL_07260	ANJGBN_04410	44.7	358	189	3	3	360	8	356	9.34e-94	281
OCPOBL_07300	DFHILB_11720	35.9	298	176	5	1	294	1	287	1.21e-53	174
OCPOBL_07300	NICIMJ_05420	35.3	309	190	5	1	308	39	338	3.83e-53	174
OCPOBL_07340	FKNOEG_18110	67.2	122	40	0	1	122	1	122	4.69e-55	165
OCPOBL_07360	ELNOCH_14010	59.2	289	118	0	2	290	26	314	3.11e-116	335
OCPOBL_07375	OIDBIB_20210	54.2	356	158	3	1	353	1	354	1.94e-130	374
OCPOBL_07380	IMDKHO_06635	32.2	382	255	4	21	401	25	403	4.61e-56	186
OCPOBL_07385	DPDMEB_13265	39.1	220	133	1	1	219	33	252	5.31e-46	150
OCPOBL_07395	LKLDMN_19325	43.9	221	117	3	2	220	4	219	2.96e-59	182
OCPOBL_07430	JPGONO_00560	45.0	220	121	0	1	220	43	262	1.61e-68	207
OCPOBL_07435	KMEKFL_12295	57.6	191	75	1	1	185	21	211	1.46e-67	202
OCPOBL_07485	LMBKNE_15370	35.1	325	195	8	1	317	69	385	2.44e-57	189
OCPOBL_07525	JPGONO_00560	45.9	220	119	0	1	220	43	262	6.81e-62	191
OCPOBL_07570	DNBNEF_09455	35.1	436	272	4	1	426	8	442	1.11e-76	243
OCPOBL_07570	JEKOGE_06050	32.6	438	266	12	8	425	14	442	8.21e-50	172
OCPOBL_07680	PHBJAG_07175	40.2	224	130	1	3	222	2	225	1.02e-51	164
OCPOBL_07695	LKLDMN_19325	42.1	221	122	3	1	219	1	217	1.18e-53	168
OCPOBL_07710	DPDMEB_13265	37.3	228	132	4	1	223	33	254	2.79e-49	158
OCPOBL_07725	LKLDMN_19325	43.0	221	120	4	1	219	1	217	2.94e-54	169
OCPOBL_07725	PBAKMA_17920	38.0	216	124	3	4	219	1	206	2.31e-47	152
OCPOBL_07745	DPDMEB_13265	40.0	225	130	3	1	223	33	254	1.97e-49	159
OCPOBL_07775	GOMNJH_00285	45.8	345	171	3	447	775	93	437	1.53e-90	288
OCPOBL_07870	CPMPBM_08260	48.7	396	186	7	1	385	1	390	4.56e-125	362
OCPOBL_07950	DPDMEB_13265	38.0	221	132	1	3	218	34	254	1.73e-49	159
OCPOBL_07975	FPMAMI_13105	42.0	224	129	1	1	223	1	224	5.90e-61	187
OCPOBL_08000	FKEMDL_06390	29.5	373	235	6	32	393	27	382	4.03e-48	167
OCPOBL_08005	PJAPKP_01185	47.9	236	122	1	1	236	1	235	3.22e-76	228
OCPOBL_08010	LDGBGO_12545	49.0	196	93	2	4	198	3	192	2.21e-62	189
OCPOBL_08015	OMINCF_04520	52.1	288	134	4	16	300	15	301	4.36e-94	277
OCPOBL_08015	BKMNND_09895	37.4	273	158	6	27	294	25	289	3.51e-51	167
OCPOBL_08025	NIINMJ_19970	58.8	352	145	0	3	354	34	385	2.80e-144	410
OCPOBL_08025	GAOLHI_01445	35.7	342	214	5	16	355	54	391	4.02e-65	208
OCPOBL_08035	KLKFIE_07465	48.8	205	98	4	1	200	1	203	1.48e-50	159
OCPOBL_08040	FPHNOE_02620	61.1	229	86	2	5	230	4	232	6.38e-90	261
OCPOBL_08070	OPOMOC_02725	59.9	379	141	4	1	370	1	377	4.04e-150	426
OCPOBL_08080	NEHECH_00655	46.6	253	133	2	1	252	1	252	2.82e-79	236
OCPOBL_08085	AAEBNE_10495	46.7	981	477	12	4	955	7	970	2.67e-297	846
OCPOBL_08095	HDKNDC_06820	44.3	280	154	2	1	279	1	279	1.75e-76	231
OCPOBL_08105	NGNBGJ_09385	47.4	213	109	1	16	228	17	226	2.30e-64	196
OCPOBL_08110	GCDEGP_05015	48.5	544	244	8	15	522	29	572	1.52e-167	490
OCPOBL_08115	AIGKOF_07555	44.6	408	201	5	8	398	12	411	6.77e-109	325
OCPOBL_08120	BPPMOK_08570	70.8	185	54	0	4	188	7	191	1.22e-88	264
OCPOBL_08125	LEKCMK_00765	41.6	293	163	5	1	293	1	285	2.85e-69	214
OCPOBL_08130	JFBMBM_14950	47.6	821	358	9	6	784	3	793	8.44e-232	665
OCPOBL_08135	ANBPFB_10370	54.6	809	355	7	12	817	2	801	3.00e-297	842
OCPOBL_08140	BGMBNC_08915	48.6	414	212	1	48	460	23	436	2.01e-135	395
OCPOBL_08140	NJKLPJ_06960	32.9	431	261	11	52	473	46	457	1.94e-64	213
OCPOBL_08140	ODHFDB_02170	31.4	405	237	9	50	423	4	398	1.16e-54	187
OCPOBL_08150	INKIHH_11820	48.1	258	132	2	11	268	10	265	9.27e-77	231
OCPOBL_08170	ENPFGE_04385	70.6	340	85	2	3	327	1	340	1.90e-167	466
OCPOBL_08245	BCPHIN_13045	44.5	683	375	2	3	682	3	684	2.13e-191	555
OCPOBL_08250	ILHBJB_06250	41.0	188	110	1	7	193	44	231	5.14e-47	150
OCPOBL_08295	MAHJHN_05475	38.2	411	226	5	4	389	457	864	5.27e-90	286
OCPOBL_08295	LEJEEC_08915	38.1	399	219	6	1	389	1	381	3.71e-79	245
OCPOBL_08295	HAFNKM_08490	33.4	389	240	8	1	381	2	379	3.32e-58	191
OCPOBL_08295	OLKGPM_09705	30.3	376	235	9	15	382	38	394	2.48e-43	157
OCPOBL_08355	PAHPGF_09515	47.9	292	142	5	5	290	3	290	2.41e-86	258
OCPOBL_08365	LOBHJJ_01635	38.9	226	137	1	2	227	3	227	4.15e-52	164
OCPOBL_08385	KKMOGI_12335	60.0	463	177	6	1	462	1	456	2.23e-187	526
OCPOBL_08385	NLNKCD_09525	38.2	427	238	10	40	459	127	534	2.87e-74	242
OCPOBL_08385	PFNDEF_04205	35.3	447	256	12	25	464	345	765	1.24e-66	226
OCPOBL_08385	PPECAL_07255	27.9	519	299	11	15	461	20	535	1.32e-44	160
OCPOBL_08390	PNJNHA_01100	50.7	278	129	3	1	278	1	270	1.24e-93	275
OCPOBL_08400	AEGBGH_00130	46.8	487	246	9	356	836	609	1088	1.23e-113	369
OCPOBL_08410	MJHEOC_08970	60.6	193	76	0	36	228	61	253	2.43e-79	238
OCPOBL_08420	MKBKLI_02280	46.1	241	127	2	1	239	1	240	1.70e-70	213
OCPOBL_08425	OHAPKC_02295	48.9	274	134	5	171	441	16	286	2.39e-77	239
OCPOBL_08425	OEDLLD_01520	33.2	443	287	4	1	442	1	435	4.28e-70	226
OCPOBL_08425	CJHDOF_08685	28.4	437	274	7	11	439	11	416	1.16e-53	182
OCPOBL_08440	NEHECH_06835	45.7	372	202	0	6	377	2	373	1.48e-115	338
OCPOBL_08445	MCNJPA_03870	43.6	505	276	3	1	496	1	505	3.09e-131	387
OCPOBL_08455	OBHJLJ_05995	44.5	652	344	2	1	634	3	654	2.02e-189	546
OCPOBL_08455	IMJCGK_11625	37.0	514	311	6	2	511	3	507	5.02e-99	308
OCPOBL_08455	LJALIN_17780	31.7	555	363	6	2	551	50	593	2.70e-90	288
OCPOBL_08455	EHHHNJ_03925	32.3	542	308	11	1	533	2	493	1.72e-81	265
OCPOBL_08470	CAEOFN_12655	44.3	400	223	0	1	400	1	400	5.87e-124	361
OCPOBL_08475	JPJGOO_11235	57.3	220	89	2	5	221	24	241	2.85e-82	242
OCPOBL_08480	POBEHB_07710	76.4	450	106	0	3	452	38	487	8.26e-268	732
OCPOBL_08485	IPLLHO_16745	45.6	287	129	4	10	275	26	306	9.59e-79	237
OCPOBL_08515	JAEGOD_06035	38.8	420	247	7	1	419	3	413	5.04e-88	270
OCPOBL_08520	KKGKIC_00675	68.5	178	53	2	1	176	1	177	1.29e-78	228
OCPOBL_08525	NJKLPJ_06960	68.3	445	140	1	3	446	43	487	1.44e-221	613
OCPOBL_08525	ODHFDB_02170	31.1	395	236	7	1	364	2	391	6.46e-50	174
OCPOBL_08535	ODHFDB_03390	48.3	201	102	1	1	199	1	201	3.82e-62	189
OCPOBL_08545	GLACJI_08370	48.0	294	151	1	31	322	1	294	4.08e-80	242
OCPOBL_08550	JPFHKD_11655	54.7	612	245	7	1	582	7	616	8.15e-235	658
OCPOBL_08565	OFMOME_08970	48.4	221	107	2	2	216	15	234	2.45e-61	198
OCPOBL_08615	OJBOFE_06605	48.8	816	392	10	9	804	80	889	1.05e-283	801
OCPOBL_08615	GMHKEG_05155	24.7	837	407	27	1	739	5	716	4.02e-50	186
OCPOBL_08620	NKDPLI_00055	45.1	550	277	6	1	528	10	556	3.99e-167	482
OCPOBL_08625	FKJBDL_04740	65.9	696	235	1	1	696	42	735	0.0	943
OCPOBL_08625	JIBNCO_01295	36.4	697	423	7	7	687	40	732	5.76e-161	478
OCPOBL_08630	PFKIPP_17705	51.6	374	165	4	1	365	1	367	1.19e-126	365
OCPOBL_08635	FMAOBM_01890	63.8	428	142	3	8	422	11	438	2.45e-188	526
OCPOBL_08640	KHMKPO_15115	45.0	171	94	0	5	175	6	176	6.98e-60	181
OCPOBL_08645	CFELJI_13365	47.4	588	305	3	4	589	2	587	7.35e-193	550
OCPOBL_08655	LKLDMN_19325	43.5	184	100	2	3	186	38	217	3.92e-47	152
OCPOBL_08665	PHBJAG_07175	37.8	225	137	1	1	222	1	225	6.00e-59	182
OCPOBL_08670	NPLHCN_14260	26.8	1013	465	11	175	1053	996	1865	1.41e-92	321
OCPOBL_08670	JHIMFH_08715	33.8	524	205	3	528	1051	26	407	3.40e-78	259
OCPOBL_08685	NPLHCN_14260	35.8	523	202	6	583	1104	1466	1855	1.09e-74	268
OCPOBL_08685	JHIMFH_08715	34.6	387	225	7	599	968	30	405	3.50e-55	194
OCPOBL_08695	EOGDPL_27240	33.7	332	195	7	38	360	486	801	1.27e-52	182
OCPOBL_08695	AIOPCH_03715	40.2	239	136	5	134	367	278	514	1.39e-46	162
OCPOBL_08700	GNBPPJ_17065	75.9	606	93	2	1	553	1	606	0.0	898
OCPOBL_08705	GEHJPL_02760	67.0	185	61	0	3	187	87	271	1.27e-88	257
OCPOBL_08715	FHGONL_08930	59.4	399	162	0	1	399	1	399	1.48e-179	504
OCPOBL_08725	LKLDMN_19325	45.5	222	113	4	1	219	1	217	9.94e-58	178
OCPOBL_08740	DPDMEB_13265	55.3	226	101	0	7	232	34	259	3.97e-83	245
OCPOBL_08795	AIOPCH_03715	25.6	422	302	8	479	891	81	499	3.81e-40	152
OCPOBL_08810	NEEMKD_01025	46.4	450	151	2	4	363	1	450	1.12e-141	407
OCPOBL_08825	OEDLLD_08805	63.5	178	65	0	9	186	550	727	1.13e-72	229
OCPOBL_08825	JAFONP_12205	50.6	174	86	0	10	183	432	605	1.87e-54	178
OCPOBL_08845	FKEMDL_06390	36.1	379	209	6	1	358	8	374	3.93e-59	194
OCPOBL_08860	KMMJBO_11065	31.5	600	366	5	24	587	23	613	8.30e-87	278
OCPOBL_08860	KAJCKN_09590	35.4	491	264	9	110	578	110	569	4.81e-78	254
OCPOBL_08860	JAFONP_12205	30.2	431	280	8	157	578	186	604	1.28e-52	186
OCPOBL_08860	OEDLLD_08805	29.4	428	285	7	158	578	306	723	3.35e-48	175
OCPOBL_08865	OEDLLD_08805	51.0	526	256	2	87	611	203	727	8.02e-177	515
OCPOBL_08865	JAFONP_12205	34.9	576	369	3	34	608	35	605	6.36e-104	323
OCPOBL_08865	KAJCKN_09590	29.7	543	362	9	75	607	37	569	4.11e-66	223
OCPOBL_08865	MGCPIK_11245	38.9	280	165	3	328	606	2	276	8.20e-58	192
OCPOBL_08865	KMMJBO_11065	28.5	583	357	12	75	609	36	606	1.92e-56	197
OCPOBL_08960	JKBIAL_06555	37.9	285	166	5	7	285	4	283	2.37e-47	166
OCPOBL_09590	KMMJBO_08230	73.1	338	91	0	1	338	1	338	3.38e-185	514
OCPOBL_09600	JCMKKN_10135	49.6	806	389	6	1	804	1	791	2.74e-272	769
OCPOBL_09605	EFDFGM_07515	36.1	352	211	5	1	339	1	351	1.26e-75	233
OCPOBL_09625	MJLBJD_19950	48.3	354	175	5	1	353	1	347	9.21e-111	323
OCPOBL_09655	EIKLNG_11410	66.4	494	166	0	2	495	165	658	1.34e-228	640
OCPOBL_09670	CPMPBM_09225	54.3	527	232	6	27	549	24	545	3.00e-198	561
OCPOBL_09735	EIKLNG_11410	80.9	162	31	0	1	162	1	162	3.23e-88	267
OCPOBL_09740	HIADJD_12750	34.1	417	268	6	5	420	8	418	7.15e-68	223
OCPOBL_09745	PBNOEJ_00885	44.7	342	139	1	1	292	1	342	5.29e-100	293
OCPOBL_09750	FOLEJH_19415	72.3	325	89	1	4	328	3	326	1.07e-168	469
OCPOBL_09755	OHKOAG_01070	57.2	159	67	1	1	158	1	159	1.82e-59	179
OCPOBL_09765	ONBPBO_06850	40.9	499	248	9	4	463	4	494	2.93e-112	336
OCPOBL_09800	BGHMFE_04500	50.9	664	319	6	2	663	4	662	5.13e-241	679
OCPOBL_09825	LMAAGL_07260	36.5	211	127	4	1	208	1	207	9.52e-46	151
OCPOBL_09845	IIPEEC_05240	87.2	461	59	0	1	461	58	518	5.61e-291	791
OCPOBL_09845	CMLBML_04400	29.1	378	256	6	3	378	20	387	3.00e-46	162
OCPOBL_09855	KAMEPO_10485	69.0	500	155	0	2	501	175	674	5.91e-240	673
OCPOBL_09875	EHMLDC_01085	50.7	203	86	3	2	197	32	227	1.52e-62	191
OCPOBL_09905	FCAKMF_05370	58.8	148	59	1	1	148	1	146	4.60e-60	179
OCPOBL_10015	JFOKOO_09130	57.5	741	308	4	10	750	5	738	5.23e-300	835
OCPOBL_10020	HJGNEK_06795	49.4	259	131	0	1	259	1	259	1.30e-80	240
OCPOBL_10035	CFELJI_06925	37.8	267	144	5	5	257	11	269	2.34e-45	150
OCPOBL_10040	LLGOHG_01290	55.2	154	68	1	1	153	1	154	1.51e-55	181
OCPOBL_10040	IJGGGM_11235	28.4	419	279	7	173	580	528	936	5.00e-45	167
OCPOBL_10050	JFOKOO_09130	60.0	738	291	4	6	741	3	738	4.41e-316	875
OCPOBL_10090	CNNHAB_04465	46.6	395	210	1	1	395	1	394	1.40e-121	355
OCPOBL_10090	KIFOBE_00585	34.3	405	255	4	1	402	1	397	8.38e-76	238
OCPOBL_10095	CLGEGP_07025	45.4	196	102	3	1	193	1	194	3.85e-53	165
OCPOBL_10105	LFFHHF_03375	48.1	416	209	4	10	420	95	508	9.66e-123	363
OCPOBL_10140	OEDLLD_08805	41.5	561	293	4	83	643	204	729	5.70e-133	404
OCPOBL_10140	JAFONP_12205	33.1	611	367	4	28	638	37	605	4.29e-103	322
OCPOBL_10140	KMMJBO_11065	26.8	594	413	9	59	643	30	610	5.19e-58	202
OCPOBL_10145	KAJCKN_09590	52.9	573	268	2	1	572	1	572	2.35e-192	548
OCPOBL_10145	KMMJBO_11065	36.1	607	350	3	2	571	1	606	6.34e-113	346
OCPOBL_10145	JAFONP_12205	29.2	575	394	5	3	571	39	606	4.96e-72	239
OCPOBL_10145	OEDLLD_08805	30.1	529	362	4	44	570	202	724	1.19e-69	235
OCPOBL_10145	MGCPIK_11245	33.6	268	170	4	307	572	19	280	4.48e-48	166
OCPOBL_10175	BKMNND_09895	39.0	277	165	3	19	292	20	295	4.53e-61	193
OCPOBL_10175	LDMJKE_01680	39.9	243	138	4	50	288	11	249	1.63e-49	161
OCPOBL_10185	IJGGGM_11235	31.3	297	198	3	335	625	640	936	1.84e-44	167
OCPOBL_10195	BPPMOK_02305	44.3	296	157	4	1	289	1	295	3.31e-83	250
OCPOBL_10205	KNCOJD_04640	62.9	696	241	9	10	692	65	756	0.0	890
OCPOBL_10210	GBCGGE_06705	52.8	212	98	1	1	210	31	242	1.95e-83	245
OCPOBL_10285	AAIDMG_03410	72.6	467	128	0	11	477	44	510	5.88e-248	683
OCPOBL_10365	PHBJAG_07175	43.6	225	126	1	1	224	1	225	1.75e-61	189
OCPOBL_10375	LKLDMN_19325	41.4	220	125	2	3	222	2	217	1.38e-55	174
OCPOBL_10485	DAMBBL_14265	48.8	297	145	2	11	304	14	306	5.31e-102	298
OCPOBL_10505	AKJKEO_02605	53.2	333	140	3	1	317	1	333	3.07e-115	333
OCPOBL_10670	OMINCF_07275	33.2	307	198	6	4	307	7	309	1.02e-45	153
OCPOBL_10675	IBBLIJ_02180	46.8	310	154	5	1	306	1	303	2.74e-72	222
OCPOBL_10680	FFOHFI_09755	91.2	227	20	0	1	227	86	312	9.98e-151	419
OCPOBL_10685	IDJOEI_06160	55.7	271	115	3	1	268	1	269	2.43e-101	294
OCPOBL_10690	PDFOOG_00510	46.3	641	334	3	8	644	15	649	6.71e-200	573
OCPOBL_10705	FCHNIC_10895	47.2	589	307	3	1	588	1	586	2.87e-186	533
OCPOBL_10705	PNJNHA_04955	32.0	572	359	12	22	588	19	565	1.53e-77	252
OCPOBL_10710	FNLNFA_03580	48.6	282	144	1	29	309	2	283	5.52e-87	259
OCPOBL_10740	IHGOGA_02000	50.3	308	143	5	4	307	4	305	2.23e-82	248
OCPOBL_10790	JAEGOD_04615	47.1	588	302	7	8	592	6	587	2.00e-176	509
OCPOBL_10790	ODHFDB_02970	41.6	584	315	14	20	589	2	573	9.65e-130	389
OCPOBL_10795	NIIHOH_07395	70.4	415	123	0	1	415	50	464	2.06e-212	588
OCPOBL_10795	GGKJAP_04230	32.6	359	213	12	2	352	3	340	1.71e-50	173
OCPOBL_10805	HIADJD_14290	59.2	397	162	0	83	479	168	564	4.18e-167	481
OCPOBL_10815	AJOCFB_04545	44.4	741	388	10	32	767	73	794	4.27e-212	614
OCPOBL_10820	CMLBML_04810	48.0	175	86	2	1	172	1	173	1.71e-56	172
OCPOBL_10825	HKDGPL_08525	51.2	570	268	5	3	570	5	566	6.34e-200	567
OCPOBL_10830	ICGKAE_00315	56.4	750	279	6	1	744	1	708	9.25e-257	729
OCPOBL_10830	IFDCNO_13355	32.5	431	248	11	1	421	1	398	2.20e-45	164
OCPOBL_10835	PDFOOG_10895	52.2	448	207	4	2	446	3	446	8.24e-171	484
OCPOBL_10855	CJHDOF_08685	51.2	422	200	3	1	418	1	420	1.50e-143	412
OCPOBL_10855	OEDLLD_01520	31.2	433	270	8	2	412	4	430	4.76e-52	177
OCPOBL_10855	OHAPKC_02295	38.7	248	132	5	152	386	14	254	1.91e-43	150
OCPOBL_10885	DIFDMH_04115	33.7	415	264	3	39	442	6	420	4.96e-67	219
OCPOBL_10885	GKLKJE_14420	32.7	407	265	2	40	437	8	414	1.61e-61	204
OCPOBL_10885	OMINCF_06730	31.6	450	296	5	40	487	4	443	6.29e-55	186
OCPOBL_10900	AEPIDE_09480	47.7	287	141	3	1	279	1	286	1.18e-82	246
OCPOBL_10915	DKAAEG_05225	44.3	280	150	4	1	278	1	276	7.84e-79	236
OCPOBL_10920	LKLDMN_19325	40.3	221	126	3	1	219	1	217	3.72e-51	162
OCPOBL_10950	PPPHGA_13235	65.4	737	208	7	1	693	1	734	0.0	889
OCPOBL_10950	ENNKMM_10645	28.1	466	267	9	12	457	63	480	1.25e-54	195
OCPOBL_10960	OLKGPM_09705	63.0	454	168	0	2	455	406	859	3.61e-206	588
OCPOBL_10975	CIIHGC_07795	49.5	218	110	0	2	219	206	423	9.71e-67	208
OCPOBL_10975	APDHGK_13705	37.2	215	127	3	1	212	1	210	3.58e-48	154
OCPOBL_10980	CIIHGC_07795	52.6	192	88	2	4	192	4	195	6.90e-63	197
OCPOBL_11000	NKHCPN_04385	46.5	301	158	2	47	347	32	329	9.24e-95	281
OCPOBL_11005	OPCCIN_12590	73.0	241	65	0	11	251	39	279	9.84e-123	347
OCPOBL_11010	HMNLEO_08200	94.9	98	5	0	1	98	1	98	8.68e-66	189
OCPOBL_11015	OCDBMN_13345	41.3	480	267	4	4	481	2	468	5.05e-130	382
OCPOBL_11020	JFOKOO_01880	54.3	543	239	5	13	555	6	539	3.36e-209	589
OCPOBL_11025	CFELJI_12430	50.0	1019	483	9	1	996	1	1015	0.0	946
OCPOBL_11025	NLNKCD_09525	32.6	470	263	13	448	873	137	596	9.61e-58	207
OCPOBL_11025	PFNDEF_04205	30.6	526	285	15	447	923	360	854	2.94e-53	197
OCPOBL_11030	PKDIEA_12970	51.6	442	213	1	1	441	29	470	3.03e-170	483
OCPOBL_11050	PFMAPJ_08535	53.6	455	209	2	2	456	4	456	4.93e-172	487
OCPOBL_11055	NOJFKC_04840	42.8	435	245	2	5	439	15	445	1.87e-108	324
OCPOBL_11055	JEKOGE_06050	32.3	427	278	6	6	423	12	436	9.30e-62	204
OCPOBL_11055	DNBNEF_09455	26.1	422	306	2	1	416	8	429	5.47e-45	159
OCPOBL_11070	ODHFDB_06390	45.5	378	196	5	13	383	1	375	2.01e-112	330
OCPOBL_11075	MKDNFB_00930	46.0	252	117	4	8	256	12	247	1.24e-72	219
OCPOBL_11080	BDEHPM_13855	59.0	536	220	0	1	536	1	536	1.82e-212	597
OCPOBL_11120	KMFKPJ_12195	53.8	238	107	1	8	242	28	265	1.30e-76	239
OCPOBL_11125	CJHDOF_01680	70.0	287	84	1	35	321	1	285	1.19e-144	405
OCPOBL_11130	LFIBHA_14155	42.9	471	168	6	5	374	5	475	5.26e-128	372
OCPOBL_11135	DBPIFH_03400	83.3	400	67	0	1	400	1	400	6.64e-257	704
OCPOBL_11140	GNANIN_08310	64.9	282	95	3	5	283	9	289	1.07e-129	366
OCPOBL_11145	GJDIKO_00970	46.8	280	146	3	5	282	3	281	1.01e-94	277
OCPOBL_11150	MKABCP_07780	48.2	483	248	1	1	481	1	483	3.80e-168	479
OCPOBL_11155	AHFGAK_17940	47.5	406	207	5	3	405	1	403	1.85e-119	350
OCPOBL_11170	NEEMKD_13085	57.5	226	92	3	102	323	1	226	7.36e-87	257
OCPOBL_11175	NEEMKD_13085	39.6	230	132	5	93	317	1	228	4.13e-48	157
OCPOBL_11180	JIBABB_11530	51.6	279	135	0	15	293	61	339	5.67e-98	288
OCPOBL_11180	ADMHII_10200	38.4	242	126	1	75	293	213	454	1.97e-47	161
OCPOBL_11185	MFKGBO_06890	43.7	332	160	1	1	332	1	305	5.68e-96	283
OCPOBL_11215	KKMOGI_12335	39.2	413	224	8	8	396	37	446	9.35e-85	262
OCPOBL_11215	NLNKCD_09525	32.2	422	255	16	4	403	122	534	3.01e-47	167
OCPOBL_11215	PFNDEF_04205	31.4	395	250	9	20	396	362	753	2.86e-45	163
OCPOBL_11240	IFHDGK_16005	62.1	803	284	2	42	824	49	851	0.0	913
OCPOBL_11245	DEAMOH_14925	44.9	603	322	3	160	754	225	825	3.64e-168	502
OCPOBL_11260	EHHHNJ_03925	47.5	598	299	3	3	594	3	591	4.46e-192	549
OCPOBL_11260	OBHJLJ_05995	28.2	663	396	11	3	592	4	659	3.63e-72	241
OCPOBL_11260	LJALIN_17780	27.9	544	317	14	3	488	50	576	9.09e-61	208
OCPOBL_11260	IMJCGK_11625	29.4	521	299	12	1	465	1	508	3.56e-60	205
OCPOBL_11280	NPACKI_02135	41.4	413	218	7	5	415	1	391	2.88e-96	291
OCPOBL_11310	ECLNLI_04625	62.4	173	65	0	2	174	22	194	2.31e-74	219
OCPOBL_11315	MCCICN_05395	53.6	280	129	1	2	281	1	279	1.12e-101	295
OCPOBL_11345	INNILH_21185	54.0	463	213	0	2	464	56	518	1.82e-167	478
OCPOBL_11370	MGADKE_02365	47.2	407	213	2	6	412	7	411	3.77e-129	375
OCPOBL_11375	LPHKDC_08610	68.7	667	206	2	1	667	2	665	0.0	939
OCPOBL_11390	AOOCMJ_07215	56.3	387	168	1	1	386	1	387	2.88e-147	419
OCPOBL_11390	OMINCF_00680	39.3	384	229	3	5	387	6	386	6.51e-78	242
OCPOBL_11390	CAHMAH_08565	37.0	373	232	3	5	374	6	378	1.50e-70	223
OCPOBL_11405	CFMBFO_13550	48.2	301	151	3	7	306	31	327	1.45e-90	269
OCPOBL_11410	GNBPPJ_17065	41.2	306	172	3	2	300	7	311	4.34e-72	229
OCPOBL_11420	ADJBEN_11135	40.0	505	297	4	2	501	3	506	9.24e-114	343
OCPOBL_11455	ADJBEN_11135	37.7	512	311	6	1	506	1	510	1.87e-104	319
OCPOBL_11525	LPHKDC_08610	68.5	667	207	2	1	667	2	665	0.0	938
OCPOBL_11550	ADJBEN_11135	31.8	494	333	4	4	493	2	495	5.96e-83	263
OCPOBL_11555	ACMOBE_04080	29.6	764	485	11	27	751	17	766	5.78e-92	300
OCPOBL_11555	CFELJI_13150	25.2	763	461	19	40	723	240	971	6.99e-40	154
OCPOBL_11565	JALDLJ_04120	59.5	148	59	1	1	147	1	148	7.11e-59	176
OCPOBL_11620	LKLDMN_19325	40.1	222	124	3	1	217	1	218	1.03e-49	158
OCPOBL_11620	PBAKMA_17920	40.9	225	121	4	1	224	1	214	6.83e-47	152
OCPOBL_11665	FKNOEG_18960	31.4	487	298	9	5	475	142	608	5.37e-70	231
OCPOBL_11715	OOFIDG_03175	44.3	418	228	4	7	422	1	415	3.59e-112	332
OCPOBL_11730	KAEPKB_12610	43.3	277	151	3	1	275	1	273	3.65e-79	238
OCPOBL_11745	GKLKJE_14420	34.5	447	284	2	1	442	6	448	4.18e-75	239
OCPOBL_11745	DIFDMH_04115	31.5	394	251	5	3	385	7	392	3.05e-51	176
OCPOBL_11845	DPDMEB_13265	36.7	229	140	3	1	229	33	256	5.48e-50	160
OCPOBL_11855	LKLDMN_19325	43.1	225	118	4	1	221	1	219	5.64e-57	177
OCPOBL_11900	IEDJIN_08965	46.4	207	111	0	2	208	7	213	2.87e-67	202
OCPOBL_11905	NIINMJ_13500	66.4	339	113	1	1	338	39	377	1.11e-168	471
OCPOBL_11910	DKDGNM_03660	49.7	145	73	0	10	154	9	153	7.38e-46	151
OCPOBL_11930	MFPIGK_04845	49.5	327	161	1	2	328	3	325	1.41e-120	350
OCPOBL_11935	HNGOGK_09900	45.8	476	254	3	3	477	2	474	8.81e-146	422
OCPOBL_11940	MLIPEK_08015	53.8	186	85	1	5	189	2	187	1.88e-67	201
OCPOBL_11945	FAIDMJ_00835	41.6	267	141	5	293	558	65	317	5.14e-60	198
OCPOBL_11980	IBDNDD_04560	45.1	246	127	5	2	239	3	248	1.06e-63	195
OCPOBL_12040	JCMKKN_07565	52.5	459	200	4	6	458	5	451	7.79e-165	469
OCPOBL_12050	BDLLLF_08695	48.9	775	382	9	39	810	176	939	6.53e-240	693
OCPOBL_12060	AEGBGH_02400	49.3	422	208	5	3	423	25	441	3.21e-132	384
OCPOBL_12070	AEGBGH_02380	49.4	332	163	3	3	334	9	335	4.27e-109	318
OCPOBL_12080	AKJKEO_08460	61.4	682	256	3	7	684	68	746	1.29e-300	834
OCPOBL_12085	KGIFHM_06865	47.2	195	103	0	1	195	1	195	1.32e-56	174
OCPOBL_12115	APAIPM_14090	52.6	312	92	3	1	258	1	310	3.44e-109	314
OCPOBL_12120	OKHOCL_06685	48.4	308	151	3	1	307	1	301	2.47e-99	291
OCPOBL_12125	OKHOCL_06690	41.7	422	240	3	1	422	1	416	4.14e-115	340
OCPOBL_12125	KPFMEK_26910	40.8	424	218	7	1	424	33	423	6.18e-97	293
OCPOBL_12150	CIIHGC_02750	48.0	321	160	2	1	314	1	321	4.46e-97	286
OCPOBL_12155	HJMBIE_06540	53.0	168	77	1	3	168	4	171	6.52e-60	180
OCPOBL_12160	PPPHGA_08905	64.0	492	177	0	2	493	3	494	8.71e-254	701
OCPOBL_12160	ELNOCH_01590	42.1	473	259	8	1	470	33	493	1.59e-120	379
OCPOBL_12170	FOMOBF_02515	53.0	270	123	1	1	266	1	270	6.38e-93	271
OCPOBL_12175	BCFHOD_10075	47.5	282	146	2	1	281	1	281	4.78e-88	260
OCPOBL_12180	BCFHOD_10075	40.5	257	148	4	27	279	21	276	3.61e-59	186
OCPOBL_12195	DEAMOH_14925	60.7	773	296	4	7	771	54	826	6.82e-317	882
OCPOBL_12200	BEHLNB_01715	42.9	401	213	5	11	401	5	399	4.40e-103	308
OCPOBL_12205	PMOLLI_04005	75.8	190	46	0	1	190	37	226	3.83e-99	283
OCPOBL_12210	OLKGPM_00030	40.6	426	249	2	1	425	1	423	7.37e-106	317
OCPOBL_12230	JCMKKN_07165	42.2	263	147	2	1	263	1	258	7.88e-67	204
OCPOBL_12615	NKBHGG_16915	44.9	305	167	1	37	341	55	358	3.54e-92	276
OCPOBL_12625	DCNHNC_05375	48.6	755	346	5	9	722	6	759	3.30e-264	744
OCPOBL_12630	FKNOEG_18960	94.2	537	31	0	1	537	101	637	0.0	973
OCPOBL_12635	FKNOEG_18960	92.4	79	6	0	1	79	1	79	2.73e-51	165
OCPOBL_12640	LDGBGO_12545	45.1	193	103	2	1	191	1	192	3.28e-50	157
OCPOBL_12685	NHIAMB_19525	69.0	426	127	2	10	433	115	537	6.03e-206	575
OCPOBL_12685	MDIEPL_13060	43.6	429	234	6	10	434	97	521	3.64e-112	336
OCPOBL_12690	AFKLCO_01805	39.5	304	168	8	12	311	3	294	1.85e-58	186
OCPOBL_12700	DDOCLK_22785	56.1	223	98	0	7	229	13	235	6.13e-80	236
OCPOBL_12715	FPMAMI_13105	50.0	220	108	1	1	218	1	220	1.18e-68	206
OCPOBL_12735	DCNHNC_00255	37.3	407	222	8	21	402	39	437	5.34e-67	217
OCPOBL_12740	EFDFGM_03780	75.2	468	116	0	1	468	36	503	1.08e-278	760
OCPOBL_12745	MNPOJG_03675	40.6	409	240	2	22	430	16	421	1.48e-98	298
OCPOBL_12765	IOBNAI_02850	77.9	493	109	0	1	493	77	569	6.15e-286	782
OCPOBL_12770	KGACJP_24205	67.4	497	158	2	1	497	10	502	1.99e-251	692
OCPOBL_12785	IDJOEI_10225	48.0	358	145	3	4	320	5	362	9.57e-113	327
OCPOBL_12795	NPCMJE_01930	51.7	174	80	3	6	175	15	188	3.76e-56	172
OCPOBL_12800	KNCOJD_04640	29.4	659	384	13	2	591	73	719	2.17e-84	276
OCPOBL_12805	MNAECF_10400	47.0	515	267	3	2	513	45	556	1.32e-154	449
OCPOBL_12850	ODKGDC_12345	52.5	693	321	5	2	691	43	730	2.76e-242	687
OCPOBL_12865	HFAHKK_14275	38.9	555	319	6	2	540	68	618	1.31e-119	362
OCPOBL_12865	PJAPKP_15045	32.8	555	351	4	1	539	1	549	3.45e-85	273
OCPOBL_12870	FIPDDK_01965	37.3	287	175	4	14	296	13	298	6.52e-66	205
OCPOBL_12875	NNFGHE_08485	40.7	285	160	4	4	280	10	293	7.91e-64	200
OCPOBL_12880	GANHPB_03080	51.1	319	154	1	1	317	1	319	1.26e-119	343
OCPOBL_12890	CIIHGC_05040	79.6	587	118	1	345	929	264	850	5.39e-317	890
OCPOBL_12905	BKEOOB_09970	59.7	347	140	0	4	350	5	351	1.96e-142	409
OCPOBL_12925	CIIHGC_05655	56.8	870	246	2	6	745	3	872	0.0	934
OCPOBL_12925	GJDIKO_00030	39.4	716	389	12	1	698	1	689	4.15e-157	472
OCPOBL_12925	EHJFJN_05890	31.2	638	389	18	9	635	1	599	6.86e-84	277
OCPOBL_12930	IDJOEI_11860	46.4	745	276	17	7	640	15	747	3.24e-194	561
OCPOBL_12930	NLLOJM_03475	32.1	657	415	11	1	632	1	651	2.31e-100	317
OCPOBL_12970	DNBNEF_09455	40.7	454	264	2	1	452	1	451	2.74e-99	301
OCPOBL_12970	JEKOGE_06050	31.8	459	297	9	7	455	3	455	1.85e-59	198
OCPOBL_12975	OLKGPM_07415	43.6	273	154	0	6	278	6	278	2.10e-74	225
OCPOBL_12995	LKEOCB_02700	51.3	657	306	5	10	666	5	647	1.19e-217	621
OCPOBL_12995	NIIHOH_06385	39.4	705	402	12	8	704	49	736	3.39e-158	472
OCPOBL_13035	FGOPKK_02625	25.7	814	519	22	3	776	2147	2914	1.65e-83	288
OCPOBL_13040	BLDCGJ_07655	40.1	282	164	3	6	285	3	281	4.37e-71	218
OCPOBL_13105	PDFOOG_08375	36.6	246	149	4	6	250	3	242	1.14e-47	155
OCPOBL_13245	KEIMNK_00130	27.1	458	313	6	9	451	44	495	5.35e-43	154
OCPOBL_13280	HPIFBD_01690	44.9	323	173	2	1	321	1	320	2.67e-98	289
OCPOBL_13300	ECMPMP_08745	39.9	296	175	3	7	300	18	312	1.30e-66	208
OCPOBL_13305	OPDKDG_08630	54.5	224	100	2	48	271	1	222	9.81e-79	234
OCPOBL_13375	ODPBAK_16055	47.4	367	185	3	2	360	1	367	1.79e-124	359
OCPOBL_13420	NIJAON_03930	46.7	291	144	4	1	280	1	291	8.61e-85	252
OCPOBL_13450	PLPLCB_02300	50.2	329	123	2	1	288	1	329	3.74e-106	308
OCPOBL_13460	ANJGBN_13520	47.1	561	291	4	7	562	40	599	3.61e-171	494
OCPOBL_13465	NPLHCN_14260	52.1	1285	599	7	265	1537	581	1861	0.0	1271
OCPOBL_13465	JHIMFH_08715	42.2	384	208	5	1157	1536	31	404	1.73e-80	268
OCPOBL_13470	PIJCBA_09290	61.7	399	153	0	1	399	11	409	4.08e-173	486
OCPOBL_13470	GJDIKO_03450	28.2	408	267	7	2	398	3	395	1.24e-51	174
OCPOBL_13880	ELHJGG_11730	56.2	242	104	1	1	242	1	240	1.11e-91	266
OCPOBL_13910	JFOKOO_10945	37.7	414	252	3	1	411	1	411	3.35e-94	286
OCPOBL_13920	INHOHM_11200	41.5	716	391	8	228	930	5	705	2.93e-159	481
OCPOBL_13920	OOMOLM_10315	29.6	786	491	17	149	887	8	778	1.63e-95	316
OCPOBL_13920	ALODHP_02915	28.5	488	315	7	389	858	146	617	4.91e-50	184
OCPOBL_13930	PBNOEJ_04255	50.1	457	221	3	1	450	12	468	1.71e-151	435
OCPOBL_13935	NNFGHE_00040	54.0	483	215	5	2	479	2	482	2.41e-169	483
OCPOBL_13970	GEHMID_04080	42.9	224	118	3	2	220	4	222	3.07e-52	165
OCPOBL_13970	FPMAMI_13105	38.4	224	133	3	2	222	3	224	3.97e-48	154
OCPOBL_13975	PJAPKP_15045	46.5	583	310	1	5	587	5	585	1.75e-172	500
OCPOBL_13975	HFAHKK_14275	38.2	553	326	5	2	546	68	612	1.41e-112	345
OCPOBL_13980	HCJBDG_05655	53.1	243	110	2	31	272	1	240	2.55e-89	262
OCPOBL_14030	LKIDNC_01490	55.0	280	121	2	1	280	429	703	4.17e-100	304
OCPOBL_14030	LKEOCB_10345	47.7	260	136	0	17	276	14	273	1.01e-80	241
OCPOBL_14035	LKIDNC_01490	49.7	382	189	2	6	385	5	385	8.85e-120	361
OCPOBL_14040	BDKJEH_07835	47.5	297	155	1	3	299	14	309	6.85e-96	282
OCPOBL_14055	AEGBGH_02380	35.8	313	195	4	72	381	3	312	1.68e-60	196
OCPOBL_14060	PPCHMH_03275	51.1	421	199	3	3	421	30	445	8.27e-129	377
OCPOBL_14085	LMAAGL_07260	37.2	242	140	3	1	241	1	231	9.96e-54	170
OCPOBL_14100	ANENGB_06875	42.7	213	120	1	13	225	5	215	1.44e-58	181
OCPOBL_14110	PPPHGA_13940	52.7	1020	335	11	3	877	10	1027	0.0	983
OCPOBL_14125	IDBFDI_13260	45.9	662	339	8	6	665	5	649	4.14e-171	509
OCPOBL_14130	NMPEPJ_05060	42.6	204	96	3	5	208	1	183	1.20e-49	156
OCPOBL_14135	DIIMPP_11540	58.3	678	266	8	10	676	18	689	6.26e-245	691
OCPOBL_14135	OOMOLM_10315	29.8	506	320	11	77	572	288	768	2.52e-48	178
OCPOBL_14140	APHOBL_06710	78.4	589	122	1	1	584	1	589	0.0	918
OCPOBL_14175	AEGBGH_07565	70.1	127	37	1	5	130	12	138	3.75e-60	178
OCPOBL_14180	LPAOAJ_05615	77.1	140	32	0	1	140	61	200	5.49e-80	231
OCPOBL_14185	PEFDJK_00040	41.5	643	345	10	6	638	20	641	3.48e-159	468
OCPOBL_14200	IAJJHN_03140	52.2	318	150	2	1	316	1	318	2.71e-118	340
OCPOBL_14230	FKNOEG_02840	29.7	276	190	1	12	287	2	273	1.69e-45	151
OCPOBL_14280	ANJGBN_13520	28.9	571	372	14	1	562	49	594	2.21e-74	244
OCPOBL_14285	CNNHAB_12390	36.0	439	263	6	5	430	2	435	2.19e-82	256
OCPOBL_14365	DLLMNB_11560	39.4	231	135	2	8	238	1	226	1.43e-55	174
OCPOBL_14410	ENNKMM_11925	58.6	169	70	0	4	172	3	171	1.39e-69	217
OCPOBL_14515	CPJNAH_07045	52.3	547	182	5	1	468	1	547	9.81e-193	546
OCPOBL_14520	ICGKAE_07920	59.9	319	125	2	1	316	1	319	2.05e-142	403
OCPOBL_14530	IDNIFB_15035	48.6	796	401	4	1	791	1	793	8.89e-234	670
OCPOBL_14535	MCPLNH_08930	38.7	225	127	4	7	228	4	220	1.27e-47	153
OCPOBL_14540	GANHPB_00400	42.6	460	259	2	8	465	8	464	5.44e-118	350
OCPOBL_14545	PPBGAG_04970	59.4	155	60	2	4	155	2	156	6.04e-63	187
OCPOBL_14550	JGACAL_10860	36.2	326	206	2	1	326	1	324	3.37e-72	223
OCPOBL_14565	EBLBNC_04335	39.0	205	119	3	4	203	62	265	5.03e-47	152
OCPOBL_14570	FIODKN_16670	49.8	624	241	8	1	571	1	605	4.95e-208	590
OCPOBL_14580	MPNMPI_08435	37.9	686	392	14	5	662	3	682	3.72e-135	410
OCPOBL_14580	ENNDNJ_02705	28.3	700	411	20	10	636	96	777	1.33e-59	210
OCPOBL_14590	AOOCMJ_11975	52.7	404	175	2	1	393	1	399	1.29e-130	380
OCPOBL_14595	FCAKMF_09100	28.4	715	453	22	2	686	3	688	3.47e-74	250
OCPOBL_14605	CPMPBM_01325	52.7	279	129	2	1	277	1093	1370	1.55e-90	288
OCPOBL_14605	BDFMEP_04085	40.1	277	153	3	1	277	1	264	1.56e-71	217
OCPOBL_14610	DMGPIM_03820	68.5	314	99	0	4	317	5	318	1.71e-162	452
OCPOBL_14615	BIKKBB_09420	33.9	545	348	5	2	536	3	545	5.54e-93	299
OCPOBL_14620	EBFHBG_15540	43.8	290	162	1	1	290	1	289	1.62e-82	247
OCPOBL_14640	ADJBEN_11135	60.9	507	195	3	1	504	1	507	2.06e-214	600
OCPOBL_14670	OFOEJC_06820	35.6	275	175	1	10	284	12	284	4.14e-54	174
OCPOBL_14685	KNHFLC_14100	38.1	286	169	3	3	280	2	287	2.95e-62	194
OCPOBL_14770	LEJEEC_08915	34.6	373	217	6	5	365	4	361	3.85e-61	198
OCPOBL_14770	OLKGPM_09705	35.3	337	209	5	30	363	47	377	1.10e-53	186
OCPOBL_14770	MAHJHN_05475	31.6	408	247	9	5	383	457	861	3.92e-50	176
OCPOBL_14770	HAFNKM_08490	29.5	376	252	8	14	382	14	383	6.40e-48	163
OCPOBL_14855	OPBKNC_15240	48.8	209	106	1	28	235	26	234	6.63e-71	214
OCPOBL_14875	HJGNEK_20190	69.3	398	119	1	1	398	53	447	3.83e-205	568
OCPOBL_14925	LCBCLP_00555	51.9	160	76	1	1	159	1	160	1.76e-54	166
OCPOBL_14935	INKIHH_07930	48.9	378	190	3	3	379	2	377	6.27e-122	354
OCPOBL_14940	EOAKDK_06005	57.2	180	76	1	1	180	36	214	5.48e-76	223
OCPOBL_14990	HMNLEO_04995	50.0	292	144	2	5	296	3	292	1.71e-100	293
OCPOBL_14995	DEBDFK_23780	53.4	292	131	2	12	301	15	303	1.68e-109	316
OCPOBL_15050	AAEBNE_07155	60.4	164	64	1	2	164	3	166	2.01e-64	191
OCPOBL_15055	HDKNDC_03395	50.8	396	194	1	1	396	1	395	2.60e-141	404
OCPOBL_15060	JAFONP_12205	36.7	580	354	7	2	576	34	605	3.16e-116	354
OCPOBL_15060	OEDLLD_08805	32.0	516	350	1	61	576	210	724	2.86e-94	300
OCPOBL_15060	KAJCKN_09590	32.2	515	346	2	60	573	55	567	1.12e-82	266
OCPOBL_15060	MGCPIK_11245	47.2	233	121	1	341	573	45	275	1.33e-68	220
OCPOBL_15060	KMMJBO_11065	26.2	608	410	3	5	576	1	605	8.75e-67	224
OCPOBL_15060	NDBPJJ_01855	27.6	500	309	11	73	545	88	561	1.09e-42	157
OCPOBL_15065	NIIHOH_00330	49.9	675	235	8	4	580	4	673	1.00e-221	627
OCPOBL_15070	FGMGBK_10205	38.1	260	159	2	1	258	1	260	2.82e-62	193
OCPOBL_15075	OBGAOG_06790	52.2	207	98	1	355	561	1	206	7.00e-70	220
OCPOBL_15085	PBNOEJ_04290	29.1	530	335	13	2	509	3	513	6.05e-50	175
OCPOBL_15105	JOFPOO_08530	48.5	229	116	1	3	231	4	230	6.72e-77	228
OCPOBL_15110	IDBFDI_13260	47.1	875	436	9	5	856	25	895	1.15e-247	712
OCPOBL_15115	ANENGB_04395	55.3	215	95	1	1	214	1	215	7.09e-88	254
OCPOBL_15120	FCCLFG_10765	38.6	440	264	4	13	448	5	442	5.80e-94	287
OCPOBL_15155	OFOEJC_06820	34.8	290	184	5	10	297	6	292	2.82e-46	154
OCPOBL_15240	JHLGGO_08550	81.9	260	47	0	7	266	14	273	4.17e-151	419
OCPOBL_15245	GBJPGG_16335	51.7	290	125	2	1	286	17	295	6.93e-106	306
OCPOBL_15270	AIOPCH_14555	43.4	205	113	2	110	314	92	293	8.29e-54	174
OCPOBL_15320	KOJDON_10340	39.8	201	120	1	5	205	3	202	2.26e-54	169
OCPOBL_15370	HMNLEO_04995	39.0	272	162	3	33	302	23	292	2.76e-63	198
OCPOBL_15375	DEBDFK_23780	41.2	291	169	1	30	320	15	303	2.02e-79	240
OCPOBL_15375	DIIMPP_04560	35.0	300	187	3	17	313	7	301	8.77e-51	167
OCPOBL_15400	PHLAAH_09875	47.6	592	305	3	8	599	5	591	1.81e-191	547
OCPOBL_15405	GLPEDO_16060	63.4	803	200	4	1	711	1	801	0.0	953
OCPOBL_15410	NAGHPK_09505	36.4	475	299	3	3	476	2	474	4.77e-111	334
OCPOBL_15445	KOJDON_10340	41.8	201	116	1	10	210	3	202	3.13e-56	174
OCPOBL_15475	IMMPMF_02225	57.5	233	86	5	1	227	1	226	3.68e-90	261
OCPOBL_15515	NEEMKD_13085	45.6	228	120	3	90	313	1	228	1.27e-67	207
OCPOBL_15520	NEEMKD_13085	39.1	225	132	3	100	319	1	225	3.44e-51	166
OCPOBL_15525	JIBABB_11530	48.8	281	144	0	10	290	62	342	2.32e-90	268
OCPOBL_15530	MFKGBO_06890	44.6	307	168	2	1	306	1	306	2.21e-95	281
OCPOBL_15530	DNHLFN_07150	32.5	305	202	2	1	305	1	301	3.82e-54	176
OCPOBL_15555	CBKMKC_04040	48.8	402	198	5	1	397	13	411	1.91e-133	385
OCPOBL_15560	NPACKI_02135	56.3	403	170	3	1	403	1	397	2.62e-151	430
OCPOBL_15570	NKBHGG_10765	53.4	328	151	1	6	331	48	375	2.38e-120	348
OCPOBL_15570	ENCFBG_02550	33.4	326	206	5	4	322	48	369	7.09e-52	172
OCPOBL_15580	MIMOKC_00785	50.3	928	357	11	9	853	2	908	1.78e-293	829
OCPOBL_15600	CPJNAH_18580	36.9	312	160	4	4	279	3	313	1.17e-70	217
OCPOBL_15605	NKCJOK_11325	46.6	176	91	2	1	176	1	173	7.26e-52	160
OCPOBL_15615	NNFGHE_04830	44.1	254	137	2	1	250	1	253	1.98e-71	216
OCPOBL_15620	PAHPGF_09515	50.4	274	134	2	1	274	1	272	5.32e-92	271
OCPOBL_15630	AHGGGF_11555	53.8	208	95	1	1	208	1	207	4.96e-76	224
OCPOBL_15635	PHAIHL_05095	79.8	604	122	0	1	604	51	654	0.0	974
OCPOBL_15635	CHFKLB_06175	31.4	542	307	20	5	513	56	565	1.18e-48	176
OCPOBL_15640	MAHJHN_05475	68.3	861	268	3	12	871	7	863	0.0	1200
OCPOBL_15640	LEJEEC_08915	38.4	393	213	5	478	870	16	379	3.08e-81	263
OCPOBL_15640	OLKGPM_09705	30.1	386	227	10	489	867	47	396	3.39e-41	159
OCPOBL_15645	NPBNMM_02560	42.7	185	102	3	3	184	34	217	8.31e-49	154
OCPOBL_15650	FNBLEF_15250	84.9	291	43	1	1	290	84	374	1.31e-170	473
OCPOBL_15655	KAEJAD_08375	47.5	257	129	1	116	366	172	428	7.22e-72	227
OCPOBL_15660	KMFKPJ_12195	39.8	279	143	5	7	276	3	265	8.76e-48	164
OCPOBL_15665	PENENA_05520	38.6	334	195	5	1	328	1	330	2.05e-58	190
OCPOBL_15670	KMEKFL_12295	64.6	192	63	1	1	187	21	212	1.59e-78	229
OCPOBL_15675	BDIMAC_08940	36.9	556	299	15	1	520	1	540	2.89e-109	332
OCPOBL_15695	GEHMID_04080	40.2	224	123	5	1	214	1	223	6.53e-49	156
OCPOBL_15710	JCFJEP_06495	64.3	705	246	3	8	706	44	748	0.0	921
OCPOBL_15720	OEKCMO_04465	32.7	297	188	5	292	585	304	591	6.40e-41	153
OCPOBL_15750	GLEIFN_03595	50.5	198	95	2	2	199	3	197	1.61e-61	190
OCPOBL_15820	LMAAGL_07260	38.5	208	124	2	4	208	3	209	6.60e-48	154
OCPOBL_15830	DIFDMH_04115	49.8	440	220	1	10	448	8	447	1.41e-151	435
OCPOBL_15830	NGIBDE_08595	38.0	429	266	0	10	438	48	476	5.98e-92	283
OCPOBL_15830	OMINCF_06730	33.6	441	278	6	10	443	5	437	1.38e-66	216
OCPOBL_15830	ADMHII_00410	49.3	201	102	0	9	209	10	210	7.68e-60	191
OCPOBL_15830	GKLKJE_14420	33.0	385	255	1	10	391	9	393	9.29e-59	196
OCPOBL_15835	IMINFN_01035	47.8	159	82	1	5	162	3	161	3.24e-48	150
OCPOBL_15845	INKIHH_10100	27.0	712	374	18	487	1117	4	650	3.23e-62	223
OCPOBL_15855	BGHMFE_04500	35.1	681	387	16	2	648	3	662	1.64e-108	338
OCPOBL_15865	KIBBKD_06890	55.4	231	103	0	3	233	46	276	4.64e-82	243
OCPOBL_15870	ODHFDB_06390	48.4	378	185	5	8	376	1	377	1.59e-119	348
OCPOBL_15995	IDBFDI_17545	45.0	313	156	5	18	321	10	315	6.68e-84	253
OCPOBL_16080	ALJLGD_02565	31.9	379	207	10	42	419	113	441	2.46e-45	165
OCPOBL_16100	NHINDM_13750	42.8	180	93	5	4	174	6	184	5.78e-49	154
OCPOBL_16105	GOMNJH_00285	70.7	352	84	5	487	822	93	441	4.96e-173	503
OCPOBL_16110	MGKNOI_04015	77.5	138	31	0	738	875	454	591	7.04e-73	247
OCPOBL_16210	NKCJOK_06160	34.7	659	353	11	3	594	23	671	2.52e-120	372
OCPOBL_16255	FPHNOE_07640	40.5	489	251	5	1	454	1	484	4.64e-122	362
OCPOBL_16255	BCFHOD_06925	35.4	362	208	7	17	372	9	350	7.90e-66	212
OCPOBL_16280	FPHNOE_07640	36.6	273	138	4	5	243	211	482	1.79e-47	160
OCPOBL_16310	ANBPFB_04615	74.2	570	120	2	1	543	1	570	1.40e-304	834
OCPOBL_16350	KBBIGL_09515	55.8	337	140	2	8	344	20	347	1.04e-134	384
OCPOBL_16355	JGACAL_04805	55.0	511	228	1	4	514	5	513	4.35e-211	591
OCPOBL_16360	JKJAJN_07080	49.0	288	144	1	12	299	3	287	9.78e-96	281
OCPOBL_16430	IGJONA_01105	44.4	315	164	5	61	369	11	320	2.30e-82	252
OCPOBL_16440	KBBIGL_09515	49.3	353	169	3	1	352	1	344	6.67e-117	339
OCPOBL_16450	GGJJNG_03135	54.7	170	71	1	1	170	1	164	7.68e-63	188
OCPOBL_16455	JGACAL_04805	54.6	337	151	2	99	433	177	513	1.15e-122	362
OCPOBL_16460	OAOAHE_06260	57.8	441	186	0	3	443	41	481	4.39e-175	495
OCPOBL_16475	GNBPPJ_28070	74.3	241	62	0	1	241	1	241	6.27e-128	373
OCPOBL_16485	ANOIGO_04920	57.5	134	55	1	10	143	20	151	7.64e-50	155
OCPOBL_16490	NGIBDE_08595	60.8	446	175	0	3	448	42	487	3.54e-184	519
OCPOBL_16490	DIFDMH_04115	36.1	427	270	2	2	427	3	427	2.60e-83	260
OCPOBL_16490	OMINCF_06730	31.3	457	285	6	8	451	4	444	4.88e-55	186
OCPOBL_16490	AIAJBN_07055	28.9	401	283	2	3	402	2	401	5.09e-48	167
OCPOBL_16490	ADMHII_00410	44.2	197	110	0	9	205	11	207	5.23e-47	157
OCPOBL_16505	CFIJDN_11005	61.8	207	79	0	6	212	6	212	1.35e-81	240
OCPOBL_16510	KGMLLG_02740	51.2	457	218	2	1	453	1	456	3.56e-157	449
OCPOBL_16515	OKNPEK_01685	54.8	538	239	3	6	541	37	572	7.17e-203	577
OCPOBL_16560	MOJDIP_04095	45.2	208	105	3	10	215	7	207	7.55e-53	166
OCPOBL_16570	JFOKOO_10025	59.9	761	279	7	1	759	1	737	1.32e-316	878
OCPOBL_16580	LCBCLP_15410	45.6	364	190	3	1	361	1	359	3.51e-105	310
OCPOBL_16580	IDNIFB_04595	45.5	312	168	2	46	355	46	357	3.83e-94	281
OCPOBL_16590	FGCNNA_15325	46.1	297	157	1	485	778	464	760	1.44e-72	248
OCPOBL_16590	HAINKJ_00320	39.6	298	175	2	482	775	421	717	6.01e-60	212
OCPOBL_16595	JOFPOO_08530	33.6	226	147	1	3	228	6	228	1.93e-46	150
OCPOBL_16605	NEEMKD_06435	48.5	427	208	6	8	434	5	419	6.83e-141	406
OCPOBL_16615	NICIMJ_15570	45.8	225	122	0	4	228	2	226	1.28e-69	209
OCPOBL_16630	CFELJI_13150	27.4	993	555	34	6	871	5	958	7.10e-80	275
OCPOBL_16630	CFGLOL_00075	27.2	786	516	19	158	905	10	777	1.94e-62	222
OCPOBL_16660	BOLFNP_06995	37.6	383	219	9	1	370	36	411	3.16e-66	212
OCPOBL_16680	GIBOLB_11285	49.5	545	257	5	16	560	20	546	1.32e-185	530
OCPOBL_16680	LJGBCE_12900	39.6	551	299	9	18	561	56	579	1.97e-124	374
OCPOBL_16725	KGLJGB_05040	45.5	264	118	3	2	240	4	266	3.30e-76	231
OCPOBL_16730	KGLJGB_05040	46.8	252	107	3	8	232	10	261	4.49e-76	231
OCPOBL_16850	NPLHCN_14260	31.6	418	249	11	288	692	1481	1874	3.65e-43	166
OCPOBL_16865	HEJLIN_12385	45.9	368	198	1	1	368	1	367	1.33e-95	286
OCPOBL_16880	KJKCNM_14465	37.2	312	182	6	2	310	22	322	5.30e-58	186
OCPOBL_16890	KIBBKD_19165	58.5	207	84	1	1	205	1	207	1.45e-83	243
OCPOBL_16925	ENFPCC_02210	60.6	535	208	2	1	534	10	542	2.39e-243	675
OCPOBL_16940	KCPKPB_06465	62.5	349	131	0	2	350	25	373	7.39e-160	449
OCPOBL_16940	KNCJAM_10130	33.6	345	217	5	4	337	3	346	5.65e-60	195
OCPOBL_16950	BOMHNF_20155	62.3	122	46	0	3	124	35	156	2.14e-55	167
OCPOBL_16960	GBFPPP_01860	50.5	192	95	0	22	213	15	206	6.11e-62	189
OCPOBL_17045	NEEMKD_01025	55.0	447	196	3	6	447	2	448	3.68e-193	541
OCPOBL_17055	MPNMPI_08435	37.3	710	379	14	5	679	3	681	5.45e-140	423
OCPOBL_17055	ENNDNJ_02705	26.7	727	440	13	11	672	97	795	9.58e-60	211
OCPOBL_17065	JEKOGE_06050	32.0	428	279	6	13	433	9	431	1.55e-69	224
OCPOBL_17065	DNBNEF_09455	27.4	435	307	6	13	442	10	440	6.70e-43	153
OCPOBL_17075	OOMOLM_10315	49.1	763	367	7	2	758	78	825	6.58e-225	651
OCPOBL_17075	PJGAFD_00175	33.6	550	335	11	218	759	89	616	9.76e-85	280
OCPOBL_17075	INHOHM_11200	27.4	787	469	17	1	764	1	708	4.73e-68	236
OCPOBL_17075	ALODHP_02915	28.8	496	342	4	215	707	155	642	2.21e-61	217
OCPOBL_17075	DIIMPP_11540	31.8	453	290	5	265	698	130	582	1.13e-52	192
OCPOBL_17085	INHOHM_11200	50.4	617	286	9	13	614	94	705	1.56e-189	548
OCPOBL_17085	PJGAFD_00175	32.4	580	366	7	38	606	45	609	4.48e-92	293
OCPOBL_17085	OOMOLM_10315	36.1	504	303	8	81	573	285	780	6.00e-89	290
OCPOBL_17085	ALODHP_02915	27.9	577	388	12	21	585	100	660	2.31e-64	221
OCPOBL_17150	GOMNJH_00285	46.8	348	169	3	447	778	93	440	1.15e-91	291
OCPOBL_17275	CPMPBM_08260	49.2	396	184	6	20	404	1	390	1.37e-126	367
OCPOBL_17435	DNBNEF_09455	45.7	442	238	1	1	440	1	442	1.84e-126	370
OCPOBL_17435	JEKOGE_06050	27.1	447	313	7	1	439	1	442	1.38e-44	158
OCPOBL_17440	AFKLCO_01805	41.1	304	163	6	11	310	4	295	2.58e-61	193
OCPOBL_17460	OGFFFB_05795	57.4	390	166	0	1	390	36	425	7.21e-161	455
OCPOBL_17500	MGKNOI_09405	40.7	440	254	5	5	439	9	446	8.61e-113	335
OCPOBL_17500	LPCGND_12240	32.4	454	275	7	5	432	16	463	5.29e-68	221
OCPOBL_17505	HALNJM_06110	41.0	212	120	3	1	208	2	212	7.69e-52	163
OCPOBL_17545	ADMHII_15160	68.2	217	69	0	1	217	36	252	1.64e-109	311
OCPOBL_17560	GBFPPP_01720	51.6	682	284	4	1	638	19	698	5.35e-247	695
OCPOBL_17580	OKNPEK_01685	57.0	584	251	0	3	586	33	616	1.57e-244	683
OCPOBL_17585	KGMLLG_02740	60.4	457	177	3	1	454	1	456	1.38e-192	540
OCPOBL_17590	EHHHNJ_06335	59.6	198	77	2	4	200	5	200	9.57e-71	211
OCPOBL_17595	IJPAHP_06985	44.9	254	137	1	67	320	34	284	9.34e-67	207
OCPOBL_17600	BGHMFE_09910	48.2	280	135	1	3	272	2	281	8.42e-89	263
OCPOBL_17605	GFNANP_06710	57.5	273	105	2	26	287	10	282	5.43e-97	283
OCPOBL_17610	KBKJLO_09160	52.0	248	117	1	6	251	12	259	8.42e-92	268
OCPOBL_17615	BABCNK_07350	55.9	211	93	0	1	211	1	211	1.67e-78	232
OCPOBL_17640	EGEPOE_12360	46.6	393	207	3	35	425	33	424	1.62e-110	328
OCPOBL_17645	GNBPPJ_17065	40.2	316	182	4	2	311	7	321	1.67e-71	228
OCPOBL_17665	PFNDEF_12515	44.0	248	138	1	1	247	1	248	1.27e-64	198
OCPOBL_17670	JPGONO_05465	36.8	459	267	7	103	545	102	553	1.01e-88	280
OCPOBL_17680	BKMNND_07850	51.3	670	278	6	1	637	1	655	4.30e-221	627
OCPOBL_17685	BIKKBB_00065	60.7	300	118	0	1	300	1	300	3.72e-126	359
OCPOBL_17695	DELOGM_14325	50.9	175	83	2	3	176	6	178	3.09e-57	175
OCPOBL_17715	NMNMDH_09010	55.6	252	110	1	1	250	1	252	6.59e-95	275
OCPOBL_17725	NEALDO_02625	52.3	199	93	2	1	197	1	199	1.09e-70	210
OCPOBL_17730	LOBHJJ_04520	51.8	195	91	2	1	192	1	195	4.26e-69	205
OCPOBL_17740	BKEOOB_07480	47.8	205	106	1	1	204	1	205	4.10e-61	186
OCPOBL_17740	ENNDNJ_12480	47.3	201	103	3	4	201	343	543	4.16e-54	177
OCPOBL_17750	NPLHCN_14260	45.8	408	207	5	319	725	1461	1855	6.65e-97	325
OCPOBL_17750	JHIMFH_08715	38.8	397	225	5	339	734	29	408	1.72e-77	251
OCPOBL_17760	AIAJBN_07055	36.9	444	278	2	7	450	7	448	1.04e-96	295
OCPOBL_17760	OMINCF_06730	30.4	372	243	5	7	371	4	366	1.52e-49	171
OCPOBL_17760	NGIBDE_08595	28.5	407	277	4	3	403	43	441	2.45e-43	155
OCPOBL_17765	EDBAJH_12145	53.2	301	137	4	4	301	6	305	2.41e-108	325
OCPOBL_17770	EDBAJH_12145	56.5	361	157	0	6	366	308	668	9.79e-140	409
OCPOBL_17785	MGOMDC_14445	55.5	164	73	0	29	192	37	200	1.09e-60	185
OCPOBL_17790	EBFHBG_15540	33.9	286	188	1	1	286	1	285	6.83e-52	168
OCPOBL_17800	ODHFDB_00935	50.7	1201	548	8	1	1161	32	1228	0.0	1113
OCPOBL_17800	JKEOBL_06960	39.4	1176	655	21	13	1171	28	1162	1.41e-247	733
OCPOBL_17800	DHOMEH_12720	31.4	442	229	6	626	999	247	682	1.44e-55	203
OCPOBL_17805	IBBLIJ_03525	47.0	168	88	1	1	168	1	167	4.21e-51	159
OCPOBL_17810	MNNBJI_10430	48.7	310	158	1	6	315	3	311	9.02e-103	300
OCPOBL_17815	FOOLJF_09805	64.2	385	102	5	1	361	1	373	7.46e-135	386
OCPOBL_17825	LKLDMN_19325	44.5	220	117	3	3	221	4	219	6.96e-57	176
OCPOBL_17835	DPDMEB_13265	36.6	224	140	1	1	222	33	256	1.61e-52	166
OCPOBL_17850	OKHBPB_07570	37.5	403	244	5	22	421	74	471	5.53e-77	243
OCPOBL_17860	PJGAFD_04830	46.0	339	182	1	1	338	1	339	4.99e-104	305
OCPOBL_17875	EAGKMD_10480	80.5	435	85	0	1	435	62	496	8.19e-272	741
OCPOBL_17885	LKEOCB_14045	49.3	207	104	1	9	215	60	265	2.30e-60	186
OCPOBL_17890	GBGCDL_06090	79.0	252	52	1	3	253	76	327	1.79e-141	396
OCPOBL_17895	OBHJLJ_10055	57.4	364	152	2	22	384	5	366	1.47e-150	426
OCPOBL_17895	OACJHM_06000	34.8	328	208	4	55	378	59	384	3.01e-57	190
OCPOBL_17900	CHOGBF_11485	51.1	184	88	1	6	189	60	241	5.95e-64	194
OCPOBL_17905	GEHMID_04670	37.9	232	132	3	97	328	194	413	8.79e-49	165
OCPOBL_17910	OCLNOI_00625	51.1	593	278	8	4	595	15	596	7.37e-221	626
OCPOBL_17910	ANGKFO_07170	38.0	594	340	11	3	591	137	707	5.12e-128	391
OCPOBL_17930	FKEMDL_06390	47.0	383	194	2	1	378	1	379	1.93e-100	302
OCPOBL_17935	KOGAEP_18980	42.0	943	461	13	1	865	5	939	8.35e-207	609
OCPOBL_17935	IFHDGK_16005	25.7	708	474	16	23	724	58	719	6.79e-60	215
OCPOBL_17940	KDFDAI_10010	54.7	192	85	1	1	192	2	191	5.82e-59	179
OCPOBL_17950	JHLGGO_16935	27.2	1025	582	24	45	1010	46	965	4.36e-108	356
OCPOBL_17960	ENNDNJ_17255	81.3	669	112	1	1	656	55	723	0.0	1107
OCPOBL_18120	NGIBDE_08595	36.3	452	285	2	1	450	36	486	6.32e-93	286
OCPOBL_18120	DIFDMH_04115	35.5	434	278	2	7	439	4	436	8.96e-82	256
OCPOBL_18120	ADMHII_00410	51.0	208	101	1	1	208	1	207	4.38e-60	192
OCPOBL_18120	OMINCF_06730	33.9	366	229	4	11	370	5	363	7.92e-53	180
OCPOBL_18120	AIAJBN_07055	31.5	384	262	1	11	394	8	390	2.76e-52	179
OCPOBL_18170	ECMPMP_08745	41.6	310	174	6	1	306	14	320	6.31e-67	209
OCPOBL_18175	OPDKDG_08630	54.5	222	100	1	51	272	1	221	1.35e-81	242
OCPOBL_18235	GCBDME_20340	48.9	274	137	1	1	274	1	271	4.66e-85	252
OCPOBL_18240	PEEOIC_10765	36.3	259	140	4	10	244	13	270	2.41e-46	153
OCPOBL_18245	AEGBGH_08240	45.3	276	150	1	1	275	1	276	2.63e-75	232
OCPOBL_18250	LHMIFE_00135	60.1	323	129	0	7	329	21	343	3.09e-141	399
OCPOBL_18255	CNNHAB_09490	53.9	191	83	2	1	191	1	186	2.15e-69	206
OCPOBL_18260	NIIHOH_23285	42.7	558	215	7	7	470	4	550	4.47e-131	387
OCPOBL_18260	MKABCP_07780	32.5	480	311	4	7	480	11	483	3.56e-79	251
OCPOBL_18265	NIFJOO_10840	37.9	567	339	8	12	571	7	567	3.18e-118	358
OCPOBL_18280	JOFPOO_08530	38.7	225	136	2	2	226	5	227	4.04e-48	154
OCPOBL_18300	CPMPBM_08260	65.6	389	130	3	3	391	2	386	9.86e-188	522
OCPOBL_18310	JBCEHI_12990	51.2	252	116	4	6	254	1	248	8.69e-78	232
OCPOBL_18310	JHLGGO_08550	36.6	254	154	4	7	254	14	266	4.39e-47	154
OCPOBL_18315	GIBOLB_11285	52.2	567	252	4	7	573	3	550	5.05e-205	579
OCPOBL_18315	LJGBCE_12900	39.8	561	297	9	23	573	53	582	3.36e-121	366
OCPOBL_18345	DNKAFD_19235	46.9	273	139	3	12	280	31	301	3.46e-83	248
OCPOBL_18350	PDFOPD_12205	63.8	315	111	3	2	314	43	356	4.70e-141	399
OCPOBL_18365	FGDENG_01340	34.3	837	461	18	1	789	25	820	4.83e-156	472
OCPOBL_18365	FGOPKK_02625	25.6	794	520	20	3	764	2147	2901	1.21e-74	262
OCPOBL_18395	NEEMKD_10235	60.9	238	93	0	48	285	649	886	5.16e-90	283
OCPOBL_18400	NEEMKD_10235	55.0	565	231	4	1	565	1	542	6.14e-212	611
OCPOBL_18440	MDIEPL_01320	42.9	415	232	5	1	413	1	412	3.76e-104	311
OCPOBL_18445	JFOKOO_10320	53.4	161	72	2	3	162	2	160	4.09e-49	152
OCPOBL_18460	HDKNDC_07670	56.6	546	236	1	3	548	46	590	9.01e-235	655
OCPOBL_18460	CGDHDB_11180	40.8	544	319	3	6	549	4	544	9.35e-151	440
OCPOBL_18470	AIPGGO_11300	47.0	236	115	3	9	234	15	250	2.16e-59	184
OCPOBL_18475	OKLCDA_11440	71.9	352	98	1	1	352	21	371	5.68e-171	477
OCPOBL_18535	IMMPMF_10375	73.9	203	53	0	254	456	8	210	2.16e-104	306
OCPOBL_18540	BCFHOD_04585	38.4	216	127	3	8	220	8	220	2.95e-47	152
OCPOBL_18545	KGACJP_08975	76.2	281	67	0	6	286	27	307	2.91e-156	435
OCPOBL_18575	DEAEDM_14640	47.6	823	409	5	1	813	3	813	9.47e-260	738
OCPOBL_18575	ELNOCH_01590	43.7	797	390	15	23	815	541	1282	4.12e-208	621
OCPOBL_18580	AEOEGG_04380	84.5	1043	155	3	1	1036	58	1100	0.0	1843
OCPOBL_18580	GMHKEG_05155	27.1	814	506	21	13	819	13	746	5.84e-87	295
OCPOBL_18585	NIFJOO_10390	47.8	207	107	1	1	206	4	210	4.81e-60	184
OCPOBL_18655	NPACKI_09380	45.7	282	149	3	85	362	54	335	2.74e-74	240
OCPOBL_18655	MKABCP_10815	39.6	268	140	6	99	358	38	291	1.82e-46	163
OCPOBL_18655	HMNLEO_03150	34.1	279	161	7	101	367	68	335	5.26e-41	150
OCPOBL_18675	FKNOEG_02840	34.7	277	175	2	5	280	2	273	1.60e-47	156
OCPOBL_18705	FKEMDL_11265	46.4	422	218	3	22	443	12	425	2.56e-116	343
OCPOBL_18710	ACCPON_01955	55.4	607	257	6	5	604	3	602	7.77e-222	627
OCPOBL_18725	DELOGM_05665	53.4	479	212	3	4	482	3	470	7.98e-174	493
OCPOBL_18730	BCPHIN_09760	47.2	475	249	2	1	475	1	473	4.90e-159	456
OCPOBL_18740	NGIBDE_03660	69.1	443	137	0	1	443	62	504	6.27e-231	638
OCPOBL_18745	MLIPEK_10095	44.0	402	210	3	4	403	3	391	4.10e-119	348
OCPOBL_18750	JPJGOO_03165	44.7	179	98	1	4	181	31	209	2.53e-48	152
OCPOBL_18755	NPIJJF_10075	38.8	227	133	2	4	230	3	223	1.28e-47	160
OCPOBL_18765	HIADJD_07200	79.3	613	124	1	1	613	1	610	0.0	984
OCPOBL_18775	PPECAL_07255	54.0	544	191	6	1	492	1	537	5.47e-199	560
OCPOBL_18775	KKMOGI_12335	28.8	482	307	10	16	494	11	459	9.36e-53	181
OCPOBL_18775	PFNDEF_04205	29.0	435	272	10	65	494	364	766	3.72e-40	150
OCPOBL_18780	EDPPFC_06940	45.1	1486	776	15	3	1475	7	1465	0.0	1218
OCPOBL_18785	LLPFOP_13100	73.2	534	143	0	3	536	57	590	9.41e-298	815
OCPOBL_18790	BGHMFE_04500	32.2	686	386	19	11	650	4	656	1.30e-94	302
OCPOBL_18810	NLNKCD_09525	35.7	473	283	7	81	543	136	597	1.03e-84	273
OCPOBL_18810	PFNDEF_04205	30.3	538	331	11	46	542	296	830	1.44e-68	234
OCPOBL_18810	KKMOGI_12335	34.2	412	238	10	82	470	48	449	7.31e-59	199
OCPOBL_18810	CFELJI_12430	28.5	439	282	11	80	498	454	880	4.85e-42	158
OCPOBL_18875	LEJEEC_08915	32.0	391	236	7	5	381	4	378	1.56e-54	181
OCPOBL_18875	HAFNKM_08490	31.1	360	240	5	13	366	13	370	4.41e-54	179
OCPOBL_18875	MAHJHN_05475	30.4	375	224	8	31	371	481	852	5.43e-42	153
OCPOBL_18905	NEEMKD_13085	50.4	226	109	2	91	313	1	226	9.67e-78	233
OCPOBL_18910	NEEMKD_13085	37.8	225	135	3	97	316	1	225	2.66e-46	153
OCPOBL_18915	JIBABB_11530	44.0	273	153	0	30	302	69	341	2.87e-78	238
OCPOBL_18920	MFKGBO_06890	40.2	306	182	1	1	305	1	306	1.68e-73	225
OCPOBL_18920	DNHLFN_07150	35.3	306	195	1	1	306	1	303	3.27e-49	162
OCPOBL_18940	JLFFKH_10735	39.8	347	206	3	3	348	4	348	6.05e-79	243
OCPOBL_18945	JLJJEA_09515	49.2	331	165	2	367	697	1	328	5.48e-99	304
OCPOBL_18950	JMCFPI_01740	57.8	455	189	3	9	462	5	457	4.76e-194	544
OCPOBL_18950	MGNIFA_13410	29.6	405	270	7	2	403	9	401	9.83e-51	176
OCPOBL_18955	OIDBIB_02930	54.9	581	240	7	7	579	65	631	2.20e-209	594
OCPOBL_18970	AHFGAK_10390	44.3	366	197	4	14	376	17	378	1.49e-99	296
OCPOBL_18975	FBNFHD_05595	58.7	281	110	4	2	277	4	283	2.62e-103	299
OCPOBL_18985	DEDJGM_09950	46.1	406	203	7	1	391	1	405	2.89e-102	305
OCPOBL_18990	IOMEKN_05545	49.9	481	226	5	4	482	12	479	1.28e-168	481
OCPOBL_18995	IOBNAI_02850	36.7	384	229	5	4	379	185	562	1.01e-76	244
OCPOBL_19005	GHIDNG_08685	53.1	1180	526	13	5	1175	3	1164	0.0	1211
OCPOBL_19030	FJNPIC_22740	37.4	329	205	1	1	329	1	328	2.28e-69	223
OCPOBL_19100	IEJJIF_00060	47.1	238	125	1	6	243	8	244	3.07e-77	230
OCPOBL_19105	ACMOBE_03710	50.6	330	152	4	5	332	2	322	1.64e-108	317
OCPOBL_19165	NPLHCN_14260	29.3	754	489	11	251	993	137	857	3.39e-97	343
OCPOBL_19165	AIOPCH_03715	36.2	425	256	5	250	665	89	507	1.51e-82	277
OCPOBL_19165	EOGDPL_27240	31.2	446	284	9	232	667	372	804	8.88e-61	221
OCPOBL_19165	IJGGGM_11235	24.8	670	350	18	874	1527	406	937	3.75e-48	184
OCPOBL_19170	LHMIFE_14015	44.3	291	161	1	1	291	1	290	3.17e-94	276
OCPOBL_19175	NJNCGO_16320	81.4	425	79	0	1	425	61	485	9.14e-259	707
OCPOBL_19175	BEHLNB_17435	34.8	437	261	6	1	425	28	452	6.19e-75	237
OCPOBL_19190	MEIOOM_03965	54.4	250	114	0	1	250	95	344	4.75e-96	282
OCPOBL_19215	NEHECH_03510	51.4	210	101	1	1	210	1	209	2.98e-69	212
OCPOBL_19215	KJKCNM_14465	34.5	310	186	4	1	308	22	316	1.25e-51	169
OCPOBL_19215	LMAAGL_07260	41.2	221	124	3	1	219	3	219	7.62e-47	154
OCPOBL_19235	FCAKMF_01170	52.2	272	130	0	14	285	21	292	1.45e-98	288
OCPOBL_19240	LKEOCB_18790	43.1	225	126	2	24	248	12	234	9.72e-64	195
OCPOBL_19245	PNJNHA_07840	50.2	621	276	8	2	618	6	597	2.21e-191	549
OCPOBL_19250	ODHFDB_12125	47.8	485	221	5	3	457	11	493	8.52e-146	422
OCPOBL_19250	EKDKGG_09510	42.3	352	196	4	3	348	2	352	2.87e-82	258
OCPOBL_19255	CAHMAH_16055	44.9	287	78	4	1	285	1	209	8.39e-67	204
OCPOBL_19260	OGFCAC_09480	42.5	438	222	8	5	418	6	437	4.98e-96	291
OCPOBL_19275	JDIFCN_08180	50.7	343	164	3	104	444	118	457	1.49e-112	335
OCPOBL_19280	EEOPDA_06730	53.4	371	170	2	1	368	1	371	1.19e-136	390
OCPOBL_19280	LMJHIN_04880	40.1	364	214	4	1	363	1	361	1.82e-92	278
OCPOBL_19280	IMLPOL_04765	32.2	370	247	4	1	367	1	369	1.32e-72	227
OCPOBL_19290	IBIBLP_21290	64.4	357	127	0	1	357	54	410	2.06e-171	480
OCPOBL_19295	IDJOEI_11860	71.2	740	114	2	2	642	8	747	0.0	1000
OCPOBL_19295	NLLOJM_03475	33.0	667	408	13	6	642	4	661	7.73e-103	323
OCPOBL_19300	GJDIKO_00030	50.7	807	391	3	8	812	7	808	5.77e-281	793
OCPOBL_19300	CIIHGC_05655	40.9	668	353	11	18	660	14	664	1.83e-154	470
OCPOBL_19300	EHJFJN_05890	32.4	689	429	15	18	699	9	667	1.20e-101	327
OCPOBL_19705	GNBNBP_18980	47.2	445	234	1	1	444	1	445	5.06e-135	393
OCPOBL_19715	MDIEPL_13060	68.5	422	132	1	5	425	98	519	2.12e-215	598
OCPOBL_19715	NHIAMB_19525	44.7	403	221	2	24	426	137	537	1.17e-121	360
OCPOBL_19760	OEKCMO_04465	31.8	318	194	8	275	582	281	585	1.90e-42	157
OCPOBL_19780	FKNOEG_02840	36.3	273	174	0	1	273	1	273	4.94e-60	188
OCPOBL_19785	JCFJEP_06495	47.1	700	342	10	14	697	50	737	3.73e-209	603
OCPOBL_19795	OBLGAK_01710	45.3	373	192	7	1	366	1	368	8.20e-104	307
OCPOBL_19800	AOHBGH_00885	52.9	221	101	3	5	225	8	225	4.06e-74	221
OCPOBL_19840	ILEJOP_08300	49.2	195	82	2	1	178	41	235	3.70e-60	183
OCPOBL_19860	BGHMFE_04500	32.7	379	230	10	5	377	301	660	1.30e-46	165
OCPOBL_19875	NEEMKD_10235	55.6	552	233	6	1	550	1	542	9.77e-204	589
OCPOBL_19880	NEEMKD_10235	52.1	236	111	1	206	441	654	887	1.88e-79	260
OCPOBL_19890	OMINCF_06730	33.9	439	287	3	4	441	4	440	1.19e-75	239
OCPOBL_19890	GKLKJE_14420	31.1	444	304	2	1	443	5	447	1.93e-67	219
OCPOBL_19890	NGIBDE_08595	30.3	429	283	5	4	424	47	467	6.37e-49	170
OCPOBL_19910	DHFKBB_07845	43.9	214	111	5	6	216	9	216	1.22e-52	165
OCPOBL_19910	GBDDDA_04680	41.4	220	120	4	1	216	1	215	1.85e-51	162
OCPOBL_19920	NPLHCN_14260	43.3	411	204	6	540	937	1461	1855	8.90e-85	295
OCPOBL_19920	JHIMFH_08715	39.4	388	215	5	555	937	27	399	8.54e-73	243
OCPOBL_19930	NIFJOO_10390	40.8	206	120	1	4	207	5	210	2.34e-49	157
OCPOBL_19975	MKDNFB_06670	37.9	720	411	7	10	693	7	726	5.52e-162	484
OCPOBL_20010	DPDMEB_15410	50.9	538	247	8	20	549	1	529	6.65e-188	534
OCPOBL_20025	DCEHBH_13500	29.7	370	236	11	1	351	29	393	5.94e-46	157
OCPOBL_20055	FFLAPM_17200	38.2	296	175	4	2	294	24	314	6.19e-59	187
OCPOBL_20060	FKNOEG_02840	34.9	255	165	1	21	275	20	273	2.35e-55	176
OCPOBL_20080	OFOEJC_06820	39.2	283	165	4	23	301	15	294	3.27e-62	195
OCPOBL_20090	MKDNFB_06670	37.3	812	447	9	10	760	7	817	9.97e-173	513
OCPOBL_20105	EOFHPN_14335	39.3	234	125	2	1	234	1	217	6.92e-57	181
OCPOBL_20140	JPJGOO_09760	48.0	275	142	1	74	348	59	332	7.71e-89	270
OCPOBL_20155	PDFOPD_12205	62.1	298	113	0	2	299	43	340	2.76e-134	382
OCPOBL_20165	DNKAFD_19235	44.3	235	127	2	1	232	68	301	4.97e-67	205
OCPOBL_20180	EGEPOE_12360	40.2	408	240	4	11	416	19	424	2.34e-99	299
OCPOBL_20195	NEHECH_06065	40.4	213	124	3	54	266	306	515	5.20e-45	155
OCPOBL_20245	AIOPCH_03715	39.5	468	275	3	140	607	48	507	8.44e-112	342
OCPOBL_20245	NPLHCN_14260	37.3	421	257	2	189	609	138	551	2.14e-78	268
OCPOBL_20245	EOGDPL_27240	31.0	426	272	8	189	607	392	802	4.67e-58	205
OCPOBL_20285	IFFOPK_14205	45.4	471	248	6	10	479	11	473	3.00e-132	388
OCPOBL_20295	NPLHCN_14260	44.4	405	206	5	391	787	1466	1859	1.57e-96	326
OCPOBL_20295	JHIMFH_08715	42.1	387	215	4	406	791	29	407	1.72e-81	263
OCPOBL_20315	NAGHPK_09505	30.3	462	305	6	1	459	8	455	6.44e-73	236
OCPOBL_20330	MNPOJG_03675	37.8	415	254	2	6	418	4	416	3.72e-94	286
OCPOBL_20335	HPIFBD_01690	44.3	325	175	2	1	322	1	322	1.07e-97	288
OCPOBL_20340	NEEMKD_06435	48.0	433	207	6	5	434	2	419	5.10e-138	399
OCPOBL_20350	PHMEJC_01780	50.9	232	114	0	3	234	29	260	8.90e-81	239
OCPOBL_20355	OAEEIH_06680	55.3	275	121	1	1	275	38	310	2.32e-103	300
OCPOBL_20355	MLDKME_23815	37.0	265	165	2	1	264	2	265	3.87e-53	171
OCPOBL_20365	JCMKKN_05780	48.7	1157	566	10	2	1149	3	1141	0.0	1045
OCPOBL_20370	LKEOCB_03390	32.2	329	200	4	8	314	7	334	1.09e-53	176
OCPOBL_20375	FCCLFG_10765	39.8	455	253	5	15	465	5	442	6.97e-94	287
OCPOBL_20380	BEGHAF_02940	37.7	212	130	2	4	214	2	212	2.28e-47	152
OCPOBL_20385	CHFKLB_07415	50.7	270	116	3	1	268	1	255	2.53e-78	234
OCPOBL_20395	DPDMEB_13265	51.6	219	106	0	3	221	36	254	1.28e-73	221
OCPOBL_20405	CNNHAB_12390	43.6	454	224	7	4	450	3	431	4.73e-101	305
OCPOBL_20410	LKLDMN_19325	44.3	221	117	3	1	219	1	217	5.59e-56	174
OCPOBL_20410	PBAKMA_17920	42.2	206	103	4	17	219	14	206	7.94e-47	151
OCPOBL_20425	CGOKML_00970	60.1	303	116	2	12	310	11	312	1.27e-59	189
OCPOBL_20435	MDJFIL_01580	54.6	152	66	3	177	327	1	150	4.55e-49	157
OCPOBL_20440	NPKNPB_15660	37.7	260	151	4	3	257	74	327	2.58e-56	179
OCPOBL_20450	LDGBGO_07050	43.8	260	144	2	1	259	1	259	5.44e-75	225
OCPOBL_20455	CGJECG_04975	51.0	314	151	1	5	315	6	319	1.31e-115	333
OCPOBL_20465	CPMPBM_10790	62.8	639	233	4	8	643	6	642	3.54e-273	759
OCPOBL_20490	LMAAGL_07260	43.1	202	112	2	12	211	9	209	8.21e-52	167
OCPOBL_20520	DPDMEB_13265	38.8	224	133	2	1	222	33	254	4.69e-54	171
OCPOBL_20530	LKLDMN_19325	44.1	220	117	4	5	222	4	219	3.28e-52	164
OCPOBL_20560	PEFDJK_08990	43.2	176	100	0	208	383	1	176	9.09e-46	152
OCPOBL_20580	MFKGBO_06890	39.5	311	181	1	1	311	1	304	1.89e-81	246
OCPOBL_20585	JIBABB_11530	43.2	273	154	1	27	299	70	341	3.46e-70	217
OCPOBL_20600	NEEMKD_13085	52.9	225	103	2	93	314	1	225	5.99e-79	236
OCPOBL_20655	IDAAGF_01625	30.8	483	286	14	3	453	277	743	9.91e-63	213
OCPOBL_20700	OFOEJC_06820	40.2	291	168	3	3	293	10	294	1.59e-66	206
OCPOBL_20720	NLMKLO_11100	53.8	169	78	0	3	171	75	243	1.58e-66	199
OCPOBL_20725	BPPMOK_07490	85.6	139	20	0	1	139	19	157	1.57e-80	231
OCPOBL_20730	GLOKCI_14050	63.9	230	83	0	2	231	21	250	2.04e-106	303
OCPOBL_20760	ADHKIA_11580	54.2	144	65	1	44	186	282	425	7.09e-49	160
OCPOBL_20860	KGINLD_04375	45.9	244	128	1	43	282	66	309	2.04e-65	204
OCPOBL_20960	HJMBIE_06565	79.4	97	20	0	1	97	174	270	1.46e-47	153
OCPOBL_20965	HJMBIE_06565	86.6	179	24	0	1	179	276	454	6.39e-97	284
OCPOBL_20970	FLAJJJ_08755	86.0	207	29	0	1	207	1	207	1.71e-125	360
OCPOBL_20970	AADGFO_06055	36.2	467	268	8	6	448	546	1006	1.83e-81	270
OCPOBL_21080	LEJEEC_08915	33.6	342	191	9	42	369	42	361	2.99e-43	151
OCPOBL_21120	JPJGOO_09760	47.4	274	143	1	19	292	59	331	1.38e-89	269
OCPOBL_21140	FGDENG_17745	47.0	298	153	5	3	296	6	302	3.58e-81	244
OCPOBL_21175	GNBPPJ_17065	40.1	314	179	5	2	310	8	317	5.55e-67	219
OCPOBL_21190	EEOPDA_05455	74.9	1278	291	6	1	1250	1	1276	0.0	1900
OCPOBL_21195	OEKCMO_01405	57.7	1360	373	13	13	1178	10	1361	0.0	1441
OCPOBL_21205	GBFPPP_00960	94.9	136	7	0	1	136	22	157	2.92e-87	248
OCPOBL_21210	JOOEPC_00745	72.4	156	43	0	1	156	44	199	5.92e-77	224
OCPOBL_21215	JIBNCO_01295	79.5	704	144	0	1	704	32	735	0.0	1138
OCPOBL_21215	FKJBDL_04740	37.7	697	416	7	6	700	45	725	6.78e-153	457
OCPOBL_21215	HGOKLA_01315	26.1	716	437	19	13	690	5	666	7.69e-51	184
OCPOBL_21215	HFPDKM_12815	28.0	511	321	14	8	506	41	516	9.83e-45	165
OCPOBL_21215	PPPHGA_13940	25.7	713	413	20	14	690	15	646	2.82e-43	164
OCPOBL_21220	IFDCNO_03920	90.2	397	39	0	1	397	32	428	1.03e-266	723
OCPOBL_21245	IDNIFB_15035	38.0	511	298	5	1	498	1	505	1.68e-100	320
OCPOBL_21260	DPDMEB_13265	49.8	225	113	0	1	225	33	257	8.97e-77	228
OCPOBL_21270	LKLDMN_19325	42.5	221	121	3	1	219	1	217	7.66e-53	166
OCPOBL_21270	PBAKMA_17920	43.4	205	102	4	17	219	14	206	5.90e-49	157
OCPOBL_21295	LKLDMN_19325	40.2	219	125	4	2	219	4	217	1.63e-50	161
OCPOBL_21330	FPMAMI_13105	38.6	220	134	1	1	219	1	220	9.19e-53	166
OCPOBL_21425	JHLGGO_16935	32.5	1043	561	32	15	1009	16	963	1.18e-139	441
OCPOBL_21430	OFOEJC_06820	37.1	286	175	5	7	289	3	286	7.76e-59	186
OCPOBL_21430	PDFOPD_12205	33.2	307	191	8	1	296	39	342	8.86e-47	157
OCPOBL_21455	BMADOL_12950	39.0	269	164	0	8	276	20	288	9.86e-57	181
OCPOBL_21470	DNBNEF_09455	36.0	444	272	3	10	451	8	441	4.51e-79	249
OCPOBL_21470	JEKOGE_06050	30.2	453	265	12	9	439	6	429	1.32e-48	169
OCPOBL_21475	LDGBGO_12545	42.6	195	110	1	1	193	1	195	1.10e-48	154
OCPOBL_21490	LLKPMB_27165	100	210	0	0	1	210	1	210	1.55e-162	443
OCPOBL_21515	DPDMEB_13265	38.1	226	134	3	1	222	33	256	1.39e-50	161
OCPOBL_21525	LKLDMN_19325	41.6	221	123	3	1	219	1	217	3.63e-52	164
OCPOBL_21555	MNPOJG_03675	40.9	423	244	2	4	426	3	419	2.25e-104	312
OCPOBL_21560	OPDKDG_08630	49.6	236	117	2	50	285	1	234	4.03e-75	226
OCPOBL_21565	ECMPMP_08745	37.7	292	179	3	13	302	22	312	3.52e-62	196
OCPOBL_21570	EDPPFC_16165	38.0	242	145	3	7	248	6	242	5.03e-50	160
OCPOBL_21585	NLFOCH_02220	50.3	318	148	3	1	310	7	322	1.22e-96	285
OCPOBL_21585	CJHDOF_01680	32.3	316	175	9	3	311	2	285	1.07e-46	155
OCPOBL_21595	IBGCAC_19095	57.4	251	105	1	1	251	10	258	5.64e-96	278
OCPOBL_21610	OJOHEI_08525	38.8	309	180	5	3	308	46	348	2.37e-67	215
OCPOBL_21625	ANBPFB_04615	42.6	578	276	9	1	530	1	570	1.68e-150	442
OCPOBL_21640	DKAAEG_05130	53.8	582	227	12	4	551	6	579	5.29e-187	534
OCPOBL_21670	JLFFKH_10735	38.4	320	192	3	6	322	32	349	2.60e-74	229
OCPOBL_21700	AOOCMJ_06760	30.6	445	281	9	2	433	49	478	4.98e-66	219
OCPOBL_21725	HAINKJ_00320	46.0	274	147	1	501	773	445	718	1.03e-67	234
OCPOBL_21725	FGCNNA_15325	44.6	276	149	2	500	772	483	757	2.48e-62	219
OCPOBL_21730	JOFPOO_08530	38.0	229	134	2	6	233	7	228	2.34e-46	150
OCPOBL_21735	NMDBHH_02165	60.1	424	110	1	1	365	1	424	2.19e-171	481
OCPOBL_21735	MPNMPI_02470	41.2	354	201	5	4	351	3	355	6.82e-85	258
OCPOBL_21740	NMDBHH_09060	46.7	347	173	2	3	337	2	348	1.11e-102	302
OCPOBL_21750	FPMAMI_13105	43.3	224	125	1	1	222	1	224	1.46e-56	176
OCPOBL_21750	JPGONO_00560	36.8	220	139	0	1	220	43	262	6.56e-47	152
OCPOBL_21765	JFOKOO_01465	61.0	282	107	3	1	281	1	280	1.49e-124	353
OCPOBL_21770	KOGAEP_18980	42.6	918	425	13	21	847	26	932	6.84e-213	624
OCPOBL_21775	AFKLCO_01430	56.9	420	177	3	6	423	5	422	2.62e-165	468
OCPOBL_21780	FAIDMJ_00835	48.3	242	123	2	227	467	75	315	6.47e-77	239
OCPOBL_21795	JLJPKD_12840	56.8	345	140	3	1	340	31	371	5.83e-133	380
OCPOBL_21795	FOHGMI_07400	33.0	351	177	8	1	339	1	305	1.88e-57	185
OCPOBL_21795	HAFNKM_03170	32.6	356	217	10	1	341	4	351	2.53e-46	157
OCPOBL_21800	APHOBL_11345	56.0	457	197	1	1	453	148	604	5.22e-167	480
OCPOBL_21815	FKNOEG_01930	95.3	746	35	0	1	746	1	746	0.0	1363
OCPOBL_21860	CGHKFF_00600	70.3	417	108	5	83	494	1	406	8.52e-199	555
OCPOBL_21925	NIFNPL_05080	45.4	218	115	2	3	216	2	219	1.18e-64	196
OCPOBL_21930	OEDLLD_07825	52.3	344	161	3	1	343	1	342	9.33e-122	350
OCPOBL_21935	EPELAJ_09630	80.0	95	19	0	1	95	14	108	7.52e-52	154
OCPOBL_21950	OMINCF_06730	33.6	440	284	4	6	442	3	437	2.10e-75	239
OCPOBL_21950	DIFDMH_04115	29.9	458	289	8	1	442	1	442	7.83e-59	196
OCPOBL_21950	ADMHII_00410	45.0	191	105	0	14	204	17	207	2.93e-46	155
OCPOBL_21955	PGIDOF_19085	55.9	238	104	1	3	239	2	239	1.65e-93	271
OCPOBL_21960	KEIMNK_00130	74.9	398	100	0	6	403	38	435	1.85e-217	602
OCPOBL_21990	BLAABG_00920	46.8	284	147	3	1	284	4	283	2.23e-87	259
OCPOBL_21995	OLKGPM_05245	50.0	212	106	0	10	221	11	222	1.39e-64	196
OCPOBL_22000	OMINCF_03955	27.3	417	285	6	27	436	17	422	4.80e-49	171
OCPOBL_22020	FCMMOP_09475	50.2	259	124	3	6	262	31	286	4.24e-81	243
OCPOBL_22030	FIGKOO_08375	67.2	119	38	1	39	156	41	159	3.01e-48	151
OCPOBL_22055	PPDBCL_05260	45.4	372	196	4	13	382	14	380	9.16e-108	318
OCPOBL_22115	OFOEJC_06820	39.5	286	167	2	1	282	1	284	1.95e-64	201
OCPOBL_22135	CMLBML_12860	46.1	371	185	2	15	385	7	362	1.44e-120	350
OCPOBL_22140	CHOGBF_02525	44.6	327	176	3	1	323	1	326	2.77e-89	267
OCPOBL_22150	GNBNBP_10965	47.8	446	230	3	12	457	13	455	2.01e-138	402
OCPOBL_22155	NEHECH_07515	56.1	326	141	1	3	326	45	370	1.38e-129	377
OCPOBL_22160	FKEMDL_01610	71.1	367	104	2	1	365	17	383	2.25e-183	510
OCPOBL_22160	NEHECH_07515	34.5	310	196	3	4	308	49	356	1.05e-64	208
OCPOBL_22190	EEBCBO_05060	43.2	454	243	8	6	457	3	443	2.71e-114	340
OCPOBL_22200	CIIHGC_02750	31.1	322	209	4	1	312	1	319	5.82e-46	154
OCPOBL_22225	EAGKMD_04415	95.3	429	16	1	1	425	1	429	1.35e-297	803
OCPOBL_22255	CGHKFF_00600	53.8	413	166	4	1	395	1	406	1.52e-149	426
OCPOBL_22270	BCFHOD_06925	47.4	350	176	5	1	347	1	345	5.05e-103	307
OCPOBL_22270	FPHNOE_07640	27.0	481	295	7	1	432	9	482	6.48e-50	173
OCPOBL_22290	PPECAL_13020	40.1	312	165	8	480	788	20	312	1.33e-62	213
OCPOBL_22295	NKCJOK_06160	38.4	661	366	10	1	628	19	671	9.77e-146	439
OCPOBL_22295	NMDBHH_21210	30.2	672	386	14	1	591	1	670	1.27e-85	282
OCPOBL_22310	MGKNOI_04015	40.1	596	319	13	84	651	6	591	3.10e-119	364
OCPOBL_22320	GOMNJH_00285	65.5	342	103	2	468	794	93	434	1.40e-155	457
OCPOBL_22385	MFOGNL_22055	43.9	228	127	1	3	230	3	229	4.08e-67	203
OCPOBL_22875	MGCPIK_00310	33.5	278	171	3	16	285	25	296	9.02e-47	163
OCPOBL_22900	LKEOCB_03390	49.3	359	168	4	2	359	7	352	1.73e-113	330
OCPOBL_22905	MLIPEK_01420	44.7	360	192	3	3	360	2	356	2.16e-94	293
OCPOBL_22915	LKEOCB_18860	54.3	199	89	1	1	199	1	197	7.23e-77	225
OCPOBL_22925	OGGMNN_06920	84.0	94	15	0	19	112	1	94	5.28e-51	157
OCPOBL_22930	OPDKDG_08630	61.6	224	84	2	47	270	1	222	1.54e-93	272
OCPOBL_22935	ECMPMP_08745	40.5	304	177	4	7	308	15	316	4.19e-67	209
OCPOBL_22975	FFLAPM_17200	38.0	287	168	3	2	283	30	311	2.00e-50	165
OCPOBL_22980	FKNOEG_02840	39.9	253	150	2	24	275	21	272	1.09e-56	179
OCPOBL_22985	DPDMEB_15410	50.6	536	255	6	21	553	2	530	3.24e-194	550
OCPOBL_23115	FGCNNA_15325	46.9	239	126	1	517	754	519	757	1.05e-57	206
OCPOBL_23115	HAINKJ_00320	41.7	247	141	3	510	754	472	717	1.62e-53	193
OCPOBL_23120	OEDLLD_10335	42.1	311	174	2	3	313	6	310	1.06e-82	249
OCPOBL_23170	MCCICN_05395	53.9	280	128	1	1	280	1	279	2.41e-110	317
OCPOBL_23175	ECLNLI_04625	63.9	180	65	0	4	183	24	203	1.66e-76	225
OCPOBL_23195	BGHMFE_00440	43.0	200	94	3	85	280	54	237	3.05e-50	173
OCPOBL_23200	LKIDNC_15850	37.6	282	161	6	1	281	1	268	7.53e-57	187
OCPOBL_23475	BGHMFE_00440	63.6	140	51	0	63	202	234	373	1.63e-58	191
OCPOBL_23505	CAGOKC_03555	54.0	161	37	1	121	281	6	129	3.98e-54	170
OCPOBL_23515	LPPKAH_00625	39.5	337	199	4	1	333	1	336	3.73e-93	278
OCPOBL_23520	ODKGDC_11860	42.8	559	274	6	31	578	2	525	2.49e-144	424
OCPOBL_23535	AIOPCH_03715	35.0	429	274	3	347	774	81	505	1.37e-87	282
OCPOBL_23535	NPLHCN_14260	32.7	419	272	5	357	774	138	547	9.63e-63	225
OCPOBL_23535	EOGDPL_27240	29.5	397	269	4	378	774	415	800	1.04e-56	204
OCPOBL_23545	IJGGGM_11235	36.4	423	264	4	14	432	528	949	1.21e-82	294
OCPOBL_23545	AIOPCH_03715	29.1	447	286	9	1027	1450	67	505	4.05e-55	197
OCPOBL_23545	NPLHCN_14260	29.5	417	267	8	1053	1449	137	546	4.07e-46	178
OCPOBL_23560	EMGIMK_04390	72.0	328	91	1	122	449	337	663	1.11e-165	483
OCPOBL_23565	EMGIMK_04390	89.0	337	37	0	1	337	1	337	2.81e-229	637
OCPOBL_23585	KDFPIB_25095	37.3	287	179	1	1	287	1	286	1.22e-65	204
OCPOBL_23590	JFOKOO_04980	50.7	347	161	6	2	343	37	378	4.90e-102	301
OCPOBL_23595	HLCNFI_06760	69.4	170	52	0	1	170	58	227	1.03e-75	222
OCPOBL_23720	DKDGNM_16825	44.0	536	256	9	9	507	7	535	2.44e-135	399
OCPOBL_23730	FIODKN_11910	63.0	154	57	0	1	154	1	154	7.81e-65	192
OCPOBL_23750	CPJMGC_00225	50.4	228	112	1	70	297	70	296	7.42e-72	220
OCPOBL_23760	LMHIPG_08860	53.3	405	176	3	6	399	19	421	2.17e-143	411
OCPOBL_23775	CDILFK_05205	39.6	283	167	3	38	316	60	342	6.42e-61	199
OCPOBL_23775	FDDOCG_07575	36.6	262	151	5	49	302	49	303	1.57e-44	150
OCPOBL_23835	NAGHPK_09505	34.6	483	303	6	4	484	2	473	7.71e-93	288
OCPOBL_23925	AOOCMJ_06760	70.4	500	148	0	5	504	48	547	7.40e-271	743
OCPOBL_23930	OMINCF_06730	34.4	436	279	4	7	440	4	434	6.36e-68	219
OCPOBL_23935	AIGKOF_12030	55.5	330	147	0	6	335	54	383	2.91e-133	381
OCPOBL_23940	GFMNBM_06415	67.2	244	80	0	1	244	51	294	1.92e-117	334
OCPOBL_23950	JEKOGE_06050	35.5	448	278	6	1	444	1	441	4.28e-73	234
OCPOBL_23960	LKAFFP_11195	47.8	255	117	3	7	261	7	245	1.46e-70	214
OCPOBL_23965	MKHMMK_06820	61.0	146	57	0	1	146	17	162	3.71e-63	188
OCPOBL_23970	ACMOBE_04080	47.1	762	392	5	4	756	2	761	1.93e-241	688
OCPOBL_23970	CFGLOL_00075	32.8	774	485	16	4	760	28	783	1.05e-114	362
OCPOBL_23980	PKNFGM_01310	60.0	458	146	2	2	422	7	464	2.06e-196	548
OCPOBL_24015	OKHBPB_07570	40.9	401	231	3	21	419	73	469	1.28e-90	278
OCPOBL_24035	CMLBML_13560	42.1	423	235	3	10	432	8	420	9.72e-113	334
OCPOBL_24040	OGOOED_14375	46.9	573	302	2	4	575	2	573	5.19e-179	514
OCPOBL_24045	JFOKOO_08440	51.9	183	84	1	5	187	2	180	1.64e-60	183
OCPOBL_24055	OJKFBE_03005	74.1	509	131	1	1	508	54	562	1.64e-272	749
OCPOBL_24070	PMEPJL_13775	36.4	423	240	6	442	838	2	421	6.02e-81	263
OCPOBL_24070	FHGONL_08930	24.8	463	315	7	2	434	6	465	1.51e-45	166
OCPOBL_24140	BDLLLF_08695	46.3	791	343	9	81	855	217	941	4.16e-220	644
OCPOBL_24155	DEBDFK_23780	53.7	307	138	2	1	307	1	303	1.26e-115	332
OCPOBL_24155	DIIMPP_04560	34.8	302	190	4	1	300	5	301	1.54e-47	158
OCPOBL_24160	HMNLEO_04995	48.6	294	145	3	7	300	5	292	1.47e-92	273
OCPOBL_24185	IBDNDD_01930	45.1	246	131	3	4	248	2	244	6.24e-71	214
OCPOBL_24190	CGOKML_10095	54.0	291	132	2	1	290	1	290	7.60e-104	301
OCPOBL_24195	JGACAL_08620	51.5	637	299	6	1	633	1	631	2.85e-202	583
OCPOBL_24230	FFLAPM_17200	41.5	299	157	4	57	345	23	313	2.66e-66	208
OCPOBL_24235	FKNOEG_02840	39.0	282	161	4	4	285	2	272	1.15e-61	192
OCPOBL_24235	OBHHPC_05035	38.3	298	167	6	1	285	5	298	1.04e-53	173
OCPOBL_24255	LJGBCE_12900	44.8	556	296	4	4	554	32	581	1.07e-154	452
OCPOBL_24255	GIBOLB_11285	36.6	557	320	7	17	556	11	551	2.91e-104	321
OCPOBL_24300	KKGKIC_03535	50.2	267	131	2	1	267	1	265	4.00e-91	267
OCPOBL_24300	FMNLNK_06465	37.0	270	164	5	3	270	2	267	1.91e-45	150
OCPOBL_24305	NPLHCN_07855	41.4	1181	628	13	1	1126	16	1187	4.78e-311	896
OCPOBL_24310	CHFKLB_13610	44.8	1251	648	15	3	1241	4	1223	0.0	966
OCPOBL_24310	NKCJOK_09390	36.5	1301	712	23	3	1212	4	1281	1.42e-239	719
OCPOBL_24315	KMFKPJ_12195	45.4	262	137	3	4	261	6	265	1.50e-61	200
OCPOBL_24365	KMMJBO_11065	59.5	608	212	2	1	574	1	608	9.32e-233	652
OCPOBL_24365	KAJCKN_09590	41.2	573	327	6	2	570	3	569	2.20e-129	387
OCPOBL_24365	OEDLLD_08805	30.6	519	357	2	55	573	211	726	1.63e-64	221
OCPOBL_24365	MGCPIK_11245	33.3	249	164	1	321	569	30	276	1.84e-42	150
OCPOBL_24370	OEDLLD_08805	45.2	504	272	1	78	581	225	724	4.13e-144	431
OCPOBL_24370	JAFONP_12205	32.8	573	383	2	9	581	35	605	9.29e-101	315
OCPOBL_24370	KAJCKN_09590	30.4	573	386	5	14	580	4	569	7.61e-78	253
OCPOBL_24370	KMMJBO_11065	26.1	609	403	5	14	581	3	605	1.60e-61	211
OCPOBL_24370	MGCPIK_11245	40.8	245	143	2	347	591	45	287	1.68e-55	186
OCPOBL_24370	NDBPJJ_01855	34.9	301	179	5	261	550	267	561	1.33e-42	157
OCPOBL_24405	NOJFKC_04840	31.8	444	276	7	24	460	22	445	2.73e-55	187
OCPOBL_24405	JEKOGE_06050	31.0	422	281	8	20	435	14	431	1.42e-54	185
OCPOBL_24420	GMHKEG_05155	57.8	879	364	5	1	878	1	873	0.0	1063
OCPOBL_24420	AEOEGG_04380	26.4	827	511	21	22	759	79	896	1.61e-83	286
OCPOBL_24430	PJAAIO_03310	35.8	433	259	7	4	428	3	424	2.45e-77	243
OCPOBL_24430	FLAJJJ_06280	55.3	170	76	0	19	188	9	178	1.11e-61	194
OCPOBL_24450	KGLJGB_06615	53.7	147	56	1	5	139	8	154	1.76e-48	151
OCPOBL_24455	GLPAEG_01685	49.0	251	109	1	3	234	2	252	2.24e-72	218
OCPOBL_24470	DFHILB_11720	42.8	283	160	2	1	281	1	283	1.03e-79	240
OCPOBL_24545	DIIMPP_04560	43.3	291	160	3	30	318	20	307	2.80e-74	227
OCPOBL_24555	HJGNEK_01760	36.9	274	159	4	36	303	30	295	1.68e-56	181
OCPOBL_24555	HMNLEO_04995	34.8	282	177	3	25	303	15	292	8.63e-56	179
OCPOBL_24565	DEAMOH_13710	32.8	460	260	11	1	447	1	424	1.21e-58	195
OCPOBL_24595	DEBDFK_23780	43.1	304	163	3	17	317	7	303	2.93e-94	278
OCPOBL_24595	DIIMPP_04560	36.5	293	171	5	16	304	14	295	8.77e-50	164
OCPOBL_24600	HMNLEO_04995	39.9	293	168	4	28	318	5	291	2.12e-67	209
OCPOBL_24630	KOGAEP_23345	57.3	347	137	2	3	339	95	440	6.41e-143	408
OCPOBL_24640	IPLLHO_16290	49.8	257	113	5	1	248	32	281	3.77e-72	219
OCPOBL_24645	CFMBFO_15145	50.6	322	130	2	9	301	8	329	5.86e-102	299
OCPOBL_24650	KDNFKF_00210	45.8	288	150	4	1	286	1	284	6.32e-81	243
OCPOBL_24655	PIHIOG_02935	57.0	316	127	3	1	312	1	311	1.53e-114	330
OCPOBL_24670	ADOCAH_00385	82.9	498	85	0	1	498	2	499	7.16e-316	855
OCPOBL_24685	JEKOGE_06050	37.1	434	263	5	11	436	7	438	4.03e-82	258
OCPOBL_24685	NOJFKC_04840	34.4	451	286	4	1	449	2	444	5.28e-74	236
OCPOBL_24735	EOAKDK_06705	69.8	457	136	1	1	455	51	507	1.73e-237	655
OCPOBL_24750	OEDLLD_10335	44.5	310	171	1	4	313	3	311	5.53e-93	275
OCPOBL_24755	OGFFFB_05795	58.8	388	160	0	1	388	36	423	9.59e-159	449
OCPOBL_24760	NEDFAA_04305	95.1	103	5	0	1	103	74	176	7.20e-64	187
OCPOBL_24765	MFOGNL_14960	67.5	206	65	1	3	208	2	205	7.88e-96	274
OCPOBL_24770	DPDMEB_04405	72.5	218	48	1	1	206	1	218	8.55e-106	300
OCPOBL_24775	AJKFOC_08980	81.6	103	15	1	1	99	1	103	7.06e-52	154
OCPOBL_24780	DPDMEB_04415	86.7	279	37	0	1	279	28	306	3.72e-175	482
OCPOBL_24795	DEDJGM_13625	64.9	208	72	1	1	207	1	208	6.81e-93	273
OCPOBL_24800	CJMCHC_02490	74.5	157	28	1	1	145	1	157	2.28e-83	238
OCPOBL_24815	AAPNJG_07775	79.0	124	24	1	1	122	1	124	2.95e-68	197
OCPOBL_24825	FEAPNK_12085	67.2	177	58	0	3	179	12	188	5.89e-90	257
OCPOBL_24835	JKJAJN_00245	65.4	133	43	1	1	133	1	130	2.20e-58	173
OCPOBL_24840	ALJLGD_10060	60.6	180	70	1	1	179	35	214	6.03e-72	213
OCPOBL_24850	GNANIN_06060	66.5	167	55	1	2	168	10	175	3.42e-72	211
OCPOBL_24860	AJKFOC_09065	71.4	147	41	1	1	146	1	147	1.27e-64	190
OCPOBL_24865	DLFNKE_04470	41.3	475	229	7	1	436	1	464	1.50e-112	335
OCPOBL_24870	DFHILB_18235	57.7	213	87	1	1	213	1	210	7.70e-91	262
OCPOBL_24875	EGEACP_03415	54.9	246	111	0	3	248	17	262	2.88e-94	274
OCPOBL_24890	EGMGCA_06090	79.0	124	25	1	1	123	1	124	5.68e-64	187
OCPOBL_24895	JHIMFH_02475	80.5	113	22	0	18	130	26	138	4.12e-64	188
OCPOBL_24900	ANAEHF_05660	49.7	197	97	1	1	197	1	195	1.01e-63	192
OCPOBL_24905	NPACKI_02020	71.6	320	87	2	1	319	1	317	1.07e-161	450
OCPOBL_24910	DPDMEB_04545	71.6	201	34	1	1	178	1	201	3.07e-90	258
OCPOBL_24915	ELNOCH_10340	45.5	290	156	2	3	291	2	290	1.66e-88	263
OCPOBL_24925	JLJJEA_09515	44.2	330	183	1	375	704	2	330	4.63e-90	281
OCPOBL_24930	FCAKMF_01170	46.4	291	156	0	5	295	2	292	9.82e-92	271
OCPOBL_24940	CPJNAH_07045	35.9	460	211	7	9	384	72	531	1.60e-82	260
OCPOBL_25005	NPLHCN_14260	45.4	401	203	5	393	784	1466	1859	2.62e-87	299
OCPOBL_25005	JHIMFH_08715	37.3	375	233	2	410	784	31	403	1.61e-68	229
OCPOBL_25025	NPLHCN_14260	42.3	355	189	5	7	348	1520	1871	9.76e-74	244
OCPOBL_25025	JHIMFH_08715	40.3	340	194	5	7	341	68	403	4.04e-68	216
OCPOBL_25035	EBLBNC_04335	62.4	202	75	1	5	206	65	265	1.88e-88	258
OCPOBL_25050	DAMBBL_14265	44.9	301	164	2	10	310	14	312	3.25e-84	253
OCPOBL_25055	GNBPPJ_11100	44.0	252	137	3	75	324	67	316	2.56e-66	207
OCPOBL_25065	IINDLL_05235	52.9	280	131	1	11	289	12	291	9.94e-106	306
OCPOBL_25070	LCBCLP_15410	43.4	357	200	2	1	357	1	355	1.12e-98	293
OCPOBL_25070	IDNIFB_04595	40.0	350	207	2	8	354	7	356	1.84e-89	270
OCPOBL_25075	BKEOOB_02685	47.3	222	117	0	2	223	4	225	9.55e-66	199
OCPOBL_25080	CFELJI_01420	45.0	300	163	2	5	303	5	303	5.45e-83	249
OCPOBL_25085	IDAAGF_13140	43.2	347	196	1	44	389	79	425	1.83e-97	293
OCPOBL_25095	IJGGGM_11235	54.1	342	157	0	4	345	5	346	8.75e-114	355
OCPOBL_25105	EPEMNJ_10385	53.7	482	207	1	2	467	1	482	1.20e-182	516
OCPOBL_25110	JCMKKN_10605	52.5	400	185	5	5	401	6	403	4.05e-148	423
OCPOBL_25115	AAPNJG_09720	51.1	266	126	3	1	265	1	263	1.21e-97	284
OCPOBL_25145	NPLHCN_14260	33.6	619	264	11	475	1089	1384	1859	6.52e-76	271
OCPOBL_25145	JHIMFH_08715	32.9	516	203	5	576	1089	29	403	7.74e-63	216
OCPOBL_25180	ILPHGK_08665	45.0	329	166	2	4	317	8	336	2.43e-83	251
OCPOBL_25205	BDIMAC_08940	38.4	352	194	8	2	339	5	347	9.78e-75	242
OCPOBL_25210	AOOCMJ_06760	27.3	396	245	9	3	378	49	421	8.15e-41	150
OCPOBL_25220	NPLHCN_14260	35.8	534	199	9	339	868	1466	1859	4.50e-75	265
OCPOBL_25220	JHIMFH_08715	32.6	524	209	5	351	872	26	407	2.29e-69	232
OCPOBL_25260	BMCEAO_10385	82.2	657	117	0	4	660	66	722	0.0	1072
OCPOBL_25265	FKNOEG_18960	33.4	509	305	10	7	499	144	634	7.60e-80	258
OCPOBL_25280	LPCGND_06910	66.9	347	110	2	1	342	1	347	1.96e-160	450
OCPOBL_25280	PFGANA_12245	38.2	346	203	4	4	345	12	350	1.57e-75	233
OCPOBL_25290	OFMOME_08970	60.9	601	225	4	1	593	12	610	1.42e-246	689
OCPOBL_25295	MKABCP_06035	41.7	384	211	3	3	386	2	372	1.23e-97	292
OCPOBL_25305	OEDLLD_08805	42.2	524	273	2	88	611	232	725	5.92e-130	395
OCPOBL_25305	JAFONP_12205	34.1	581	353	2	30	610	55	605	2.90e-106	330
OCPOBL_25305	KAJCKN_09590	30.1	554	335	8	64	609	60	569	1.15e-64	219
OCPOBL_25305	KMMJBO_11065	26.5	558	391	4	63	610	57	605	3.57e-55	194
OCPOBL_25305	MGCPIK_11245	41.8	232	134	1	375	606	44	274	2.43e-54	183
OCPOBL_25310	KAJCKN_09590	49.0	573	290	2	1	572	1	572	1.81e-183	525
OCPOBL_25310	KMMJBO_11065	33.6	605	364	3	2	569	1	604	6.37e-109	335
OCPOBL_25310	OEDLLD_08805	30.7	514	346	3	68	573	216	727	2.37e-79	261
OCPOBL_25310	JAFONP_12205	28.6	573	396	5	3	569	39	604	4.50e-77	252
OCPOBL_25310	MGCPIK_11245	33.6	241	157	1	334	574	45	282	1.40e-48	167
OCPOBL_25325	BGHMFE_04500	31.5	688	398	21	1	647	1	656	3.59e-84	274
OCPOBL_25375	JIDGJJ_02600	51.3	353	135	3	1	316	1	353	9.34e-123	352
OCPOBL_25375	AEOGEB_05155	34.4	320	192	9	2	315	26	333	7.26e-60	191
OCPOBL_25380	NDJAKL_07675	44.8	250	131	2	1	244	1	249	1.17e-65	201
OCPOBL_25380	JLCMGD_11090	44.5	245	131	4	1	243	1	242	7.36e-61	188
OCPOBL_25385	MKENAJ_04070	39.8	377	217	5	4	375	6	377	2.36e-84	258
OCPOBL_25390	HEEEIG_05985	51.4	389	179	4	1	389	1	379	1.54e-127	369
OCPOBL_25400	ODHFDB_02170	50.1	415	175	4	1	384	1	414	1.02e-136	399
OCPOBL_25400	BGMBNC_08915	32.0	435	283	7	7	431	28	459	4.86e-52	177
OCPOBL_25400	NJKLPJ_06960	29.1	429	291	7	9	426	48	474	8.43e-48	167
OCPOBL_25410	OLKGPM_04045	56.6	143	61	1	2	143	1	143	1.68e-52	159
OCPOBL_25420	KDFDAI_07250	60.1	551	215	3	8	555	159	707	1.58e-242	680
OCPOBL_25435	DKDGNM_20170	44.3	210	113	3	7	212	9	218	1.31e-57	178
OCPOBL_25435	IOMEKN_03295	41.7	211	121	2	2	212	4	212	2.12e-48	154
OCPOBL_25440	MPNMPI_01965	36.1	302	185	2	4	305	5	298	6.85e-64	204
OCPOBL_25440	HFAHKK_07810	41.7	204	117	1	2	205	3	204	1.21e-46	167
OCPOBL_25465	EKIEJL_17310	40.0	500	290	4	10	505	10	503	2.38e-116	349
OCPOBL_25470	PGPAMD_08360	43.8	201	113	0	19	219	17	217	4.25e-53	171
OCPOBL_25475	NKDPLI_06995	51.3	690	322	6	5	681	6	694	1.41e-236	688
OCPOBL_25480	PJAAIO_08660	51.3	261	119	5	1	256	1	258	9.89e-73	219
OCPOBL_25490	BKGFAN_12710	69.2	526	161	1	1	525	1	526	2.16e-246	683
OCPOBL_25500	HHJGNO_12810	83.5	200	33	0	113	312	1	200	1.65e-109	320
OCPOBL_25505	AIGKOF_03855	64.4	177	59	2	63	235	59	235	2.63e-79	235
OCPOBL_25565	LBBLIC_10685	58.3	242	91	2	1	232	1	242	6.64e-94	271
OCPOBL_25615	OMINCF_07275	37.9	285	175	2	20	303	23	306	1.19e-60	192
OCPOBL_25615	NAABFI_09330	35.2	284	181	3	18	299	18	300	4.37e-57	183
OCPOBL_25620	EHJMKI_04105	44.7	338	163	7	64	387	81	408	1.60e-77	243
OCPOBL_25625	CCDOAK_00015	41.5	511	288	5	20	521	27	535	1.79e-129	384
OCPOBL_25635	KAJHEE_23195	44.8	326	167	3	3	318	13	335	9.21e-88	263
OCPOBL_25650	LPCGND_12240	36.0	420	251	6	19	420	25	444	3.51e-87	271
OCPOBL_25650	MGKNOI_09405	33.5	412	241	11	13	410	16	408	1.39e-54	184
OCPOBL_25655	CHFKLB_10885	67.1	283	92	1	1	283	7	288	2.21e-142	398
OCPOBL_25670	LAPOAN_06745	78.8	339	72	0	3	341	32	370	1.54e-207	569
OCPOBL_25670	AMEFKB_00185	33.1	341	215	8	4	336	14	349	1.03e-53	176
OCPOBL_25675	NIIHOH_18445	38.3	517	238	15	1	443	1	510	3.61e-87	271
OCPOBL_25680	MGCPIK_09490	62.0	347	132	0	33	379	74	420	2.60e-145	415
OCPOBL_25685	AEGBGH_05720	47.3	336	171	3	9	342	5	336	4.30e-101	298
OCPOBL_25690	HAAAJJ_06910	59.0	1267	483	10	271	1509	439	1696	0.0	1492
OCPOBL_25700	PJAAIO_03310	38.9	422	253	4	1	420	1	419	2.94e-98	297
OCPOBL_25715	FPHNOE_03040	62.8	266	99	0	1	266	26	291	4.47e-124	352
OCPOBL_25730	OPBKNC_03935	29.6	355	234	4	5	359	32	370	7.52e-55	181
OCPOBL_25750	HHJGNO_01565	67.7	232	70	2	1	232	1	227	8.78e-108	308
OCPOBL_25755	LNKMPC_14825	65.3	199	69	0	82	280	1	199	1.35e-95	284
OCPOBL_25760	NKLDCP_08155	46.2	426	216	5	3	417	2	425	1.81e-115	341
OCPOBL_25790	LAMMKD_09880	48.8	424	211	3	4	425	60	479	2.22e-142	411
OCPOBL_25790	OKNPEK_06340	39.6	417	246	3	5	420	6	417	1.39e-111	331
OCPOBL_25795	FIGKOO_08730	45.6	193	105	0	78	270	2	194	1.02e-56	177
OCPOBL_25805	EBFHBG_15540	34.7	285	186	0	1	285	1	285	3.90e-63	197
OCPOBL_25845	KNHFLC_14100	37.5	285	172	3	1	280	1	284	9.90e-60	188
OCPOBL_25845	CJHDOF_01680	34.9	258	153	8	1	253	1	248	2.51e-45	151
OCPOBL_25865	EOFHPN_14335	36.5	233	131	2	1	233	1	216	5.71e-54	175
OCPOBL_25915	CCDOAK_00015	35.3	499	308	6	2	489	26	520	4.96e-96	297
OCPOBL_25915	MIKFNA_15845	37.2	239	144	3	259	495	1	235	4.78e-52	173
OCPOBL_25915	IOBNAI_13140	41.3	213	123	2	283	494	1	212	4.88e-52	172
OCPOBL_25950	KFFGML_08410	56.2	169	74	0	1	169	1	169	2.70e-60	186
OCPOBL_25985	JHLGGO_16935	56.0	643	249	3	1	609	4	646	1.18e-264	749
OCPOBL_25990	JHLGGO_16935	38.1	291	171	5	100	387	696	980	4.29e-56	194
OCPOBL_26055	PIPLNM_12695	38.3	639	353	13	458	1080	303	916	8.72e-122	392
OCPOBL_26060	BOPGEP_09895	52.5	611	285	3	3	608	4	614	9.27e-230	649
OCPOBL_26070	LPCGND_12240	33.5	397	248	6	3	387	15	407	1.94e-73	236
OCPOBL_26070	INCKOO_06225	52.3	222	97	2	4	216	11	232	1.57e-71	222
OCPOBL_26075	NDJCGB_25485	73.8	187	47	1	29	213	78	264	6.28e-92	266
OCPOBL_26085	DCEHBH_13415	64.1	117	42	0	1	117	1	117	2.98e-50	152
OCPOBL_26095	MNPOJG_03675	41.8	428	241	4	4	430	3	423	1.80e-95	307
OCPOBL_26110	LFFHHF_03375	70.6	422	123	1	1	421	84	505	5.90e-213	593
OCPOBL_26120	CFMBFO_15475	53.1	335	122	3	4	303	8	342	1.13e-118	342
OCPOBL_26135	CKMOEO_08105	47.4	498	249	7	3	490	1	495	1.13e-164	471
OCPOBL_26140	NAGHPK_09505	47.9	493	252	2	1	488	1	493	8.99e-168	479
OCPOBL_26145	HPIFBD_09180	39.7	234	137	2	3	235	4	234	6.66e-55	172
OCPOBL_26185	KJKCNM_14465	39.2	227	135	2	4	228	23	248	1.69e-48	159
OCPOBL_26195	KJIPPC_08975	56.4	195	85	0	1	195	1	195	4.11e-75	224
OCPOBL_26200	INKIHH_10100	53.1	742	336	5	1	735	1	737	1.23e-262	739
OCPOBL_26200	NIHDHO_00130	30.9	605	369	15	43	634	2	570	1.13e-62	216
OCPOBL_26210	CPJNAH_07045	39.5	342	178	5	238	551	284	624	1.46e-59	204
OCPOBL_26360	IFEOCD_10150	73.6	201	53	0	2	202	55	255	4.00e-109	320
OCPOBL_26365	IFEOCD_10150	72.7	293	80	0	1	293	276	568	8.13e-158	448
OCPOBL_26385	EHJFJN_04575	48.8	363	167	6	4	361	44	392	1.07e-117	344
OCPOBL_26390	FOMOBF_06950	50.4	246	100	6	4	234	3	241	1.14e-73	220
OCPOBL_26435	MPBHFN_09345	47.7	153	77	2	2	151	3	155	5.40e-50	154
OCPOBL_26480	JHLGGO_06350	45.4	238	126	3	14	249	36	271	1.91e-57	186
OCPOBL_26485	JHLGGO_06350	45.9	246	131	1	27	272	35	278	3.43e-66	211
OCPOBL_26530	JEKOGE_06050	37.9	441	255	4	18	449	7	437	1.38e-91	282
OCPOBL_26530	JDIFCN_01505	47.7	241	122	2	16	252	2	242	3.09e-61	196
OCPOBL_26545	NNLPHK_08690	36.1	363	228	3	21	381	3	363	1.22e-74	238
OCPOBL_26545	LKAFFP_06110	36.4	363	227	4	26	385	8	369	1.29e-69	223
OCPOBL_26545	FLJHGF_06385	28.9	342	240	2	26	365	6	346	3.03e-47	164
OCPOBL_26555	NPLHCN_14260	48.8	215	99	4	1	213	1654	1859	5.24e-52	176
OCPOBL_26595	IFHDGK_16005	24.0	663	423	19	134	772	95	700	9.46e-39	151
OCPOBL_26605	JKJAJN_07080	47.9	286	145	1	12	297	6	287	3.24e-88	262
OCPOBL_26625	KOGAEP_18980	27.4	862	530	16	36	826	14	850	5.99e-78	269
OCPOBL_26625	IFHDGK_16005	24.4	607	394	17	113	703	108	665	7.18e-41	158
OCPOBL_26635	MNNBJI_12035	51.9	131	62	1	14	144	11	140	1.93e-50	154
OCPOBL_26740	JPGONO_00560	54.5	220	100	0	1	220	43	262	7.72e-79	234
OCPOBL_26750	DNLHEL_07485	42.8	290	158	3	6	292	6	290	4.10e-80	247
OCPOBL_26785	IIPEEC_04410	45.1	346	151	4	1	309	1	344	7.27e-98	289
OCPOBL_26865	HGOKLA_19985	57.6	427	129	3	1	376	1	426	5.40e-165	466
OCPOBL_26875	ACMOBE_04080	28.0	750	502	14	25	747	15	753	1.32e-87	289
OCPOBL_26880	JALDLJ_04120	51.3	154	73	2	1	153	1	153	9.50e-53	161
OCPOBL_26910	LKLDMN_19325	36.1	227	137	2	1	227	1	219	1.91e-50	161
OCPOBL_26925	APAIPM_19325	35.0	366	227	2	37	396	71	431	3.56e-59	195
OCPOBL_26930	LMHIPG_08860	41.9	394	216	4	10	392	20	411	4.49e-104	311
OCPOBL_26945	EBLBNC_02485	61.2	219	85	0	3	221	7	225	3.81e-94	273
OCPOBL_26950	PFNDEF_04205	77.5	890	199	1	2	890	4	893	0.0	1442
OCPOBL_26950	NLNKCD_09525	39.6	482	257	10	358	827	137	596	1.77e-93	305
OCPOBL_26950	KKMOGI_12335	35.8	413	241	9	358	755	48	451	7.23e-67	227
OCPOBL_26950	CFELJI_12430	30.0	494	300	15	357	847	455	905	1.10e-52	195
OCPOBL_27005	AIAJBN_07055	47.5	436	229	0	6	441	7	442	1.65e-131	384
OCPOBL_27075	NNINDC_02165	52.5	587	270	6	13	597	4	583	5.20e-214	604
OCPOBL_27080	EPEMNJ_10385	37.6	487	281	5	7	480	6	482	1.40e-105	320
OCPOBL_27085	JAPGFK_07315	51.2	205	99	1	3	207	1	204	1.17e-71	214
OCPOBL_27120	INKIHH_10100	28.4	652	384	20	9	604	4	628	1.12e-51	186
OCPOBL_27140	AIOPCH_03715	28.4	444	298	7	467	895	67	505	2.31e-63	219
OCPOBL_27140	EOGDPL_27240	28.6	434	288	7	479	899	380	804	1.32e-57	208
OCPOBL_27150	HJGNEK_06570	53.0	300	140	1	1	300	1	299	3.65e-110	318
OCPOBL_27160	EDPPFC_16165	38.9	247	145	4	7	253	1	241	2.70e-48	156
OCPOBL_27170	NAGHPK_09505	34.9	390	229	10	2	381	101	475	7.72e-60	198
OCPOBL_27195	NPLHCN_14260	35.4	494	184	6	46	538	1500	1859	5.50e-78	264
OCPOBL_27195	JHIMFH_08715	34.3	362	219	6	46	394	48	403	5.54e-54	184
OCPOBL_27245	DNLHEL_07485	56.2	283	124	0	4	286	3	285	9.02e-119	346
OCPOBL_27255	PKNJCI_06050	33.5	418	265	9	7	418	5	415	2.04e-62	206
OCPOBL_27265	AEHBLL_10425	51.9	491	212	1	1	467	1	491	1.24e-185	523
OCPOBL_27275	IMDKHO_03910	48.5	309	154	2	1	304	1	309	3.02e-107	311
OCPOBL_27280	PNJNHA_06825	53.6	610	275	5	1	608	1	604	1.40e-219	620
OCPOBL_27285	BAJPMC_02220	40.6	456	218	7	143	597	135	538	7.11e-87	278
OCPOBL_27290	BEHLNB_01715	54.1	333	149	2	126	457	68	397	1.37e-111	332
OCPOBL_27295	EHHHNJ_11535	56.6	122	52	1	1	122	1	121	1.54e-51	155
OCPOBL_27300	OBMNEO_04895	65.8	383	122	5	106	483	249	627	1.42e-171	494
OCPOBL_27310	KAHMBC_00285	39.8	329	186	4	1	329	1	317	2.33e-63	207
OCPOBL_27315	OJKFBE_02800	50.5	305	117	2	11	281	28	332	1.17e-93	276
OCPOBL_27315	KAHMBC_00285	45.4	216	109	3	70	280	367	578	7.61e-50	169
OCPOBL_27320	ENCFBG_02550	78.7	356	76	0	1	356	27	382	4.42e-205	564
OCPOBL_27320	NKBHGG_10765	32.9	322	203	6	26	341	50	364	6.59e-44	152
OCPOBL_27325	EDBAJH_12145	48.9	307	153	4	1	305	1	305	1.00e-92	285
OCPOBL_27330	GPHIJJ_07705	46.1	447	235	3	1	443	1	445	7.33e-128	374
OCPOBL_27340	PHBJAG_07175	40.4	225	130	1	1	221	1	225	1.50e-56	176
OCPOBL_27370	NIJAON_03930	39.3	290	164	4	1	281	1	287	1.13e-78	237
OCPOBL_27380	CGDHDB_07975	45.6	399	204	4	11	396	188	586	4.42e-104	317
OCPOBL_27385	PJAAIO_00225	50.1	607	285	7	91	688	16	613	4.17e-212	608
OCPOBL_27400	BDFMEP_06280	52.0	402	188	3	3	404	2	398	2.94e-147	420
OCPOBL_27410	PIJCBA_10525	77.2	346	79	0	1	346	73	418	3.05e-199	550
OCPOBL_27415	CPCJJL_13635	48.5	404	201	4	6	407	9	407	1.06e-114	337
OCPOBL_27420	GKLKJE_06895	46.1	280	147	2	7	285	8	284	1.04e-88	263
OCPOBL_27425	KKMOGI_03320	46.0	383	201	3	9	390	25	402	1.93e-122	357
OCPOBL_27425	LKAFFP_03145	39.4	381	222	5	16	393	11	385	1.97e-88	269
OCPOBL_27430	CHOGBF_07310	60.1	143	55	1	1	141	1	143	1.24e-54	165
OCPOBL_27490	HIHCLH_11620	42.2	270	133	2	1	247	1	270	3.03e-59	185
OCPOBL_27510	EOGDPL_27240	35.5	454	265	10	288	727	359	798	3.05e-74	253
OCPOBL_27520	ANAEHF_00370	47.7	241	109	1	18	241	36	276	8.98e-68	211
OCPOBL_27530	EAAFOH_08395	64.3	207	74	0	2	208	3	209	7.03e-97	278
OCPOBL_27540	LMBKNE_04610	80.6	479	91	1	1	479	75	551	2.47e-298	812
OCPOBL_27545	ANOIGO_10885	38.0	439	213	8	5	438	3	387	5.92e-73	231
OCPOBL_27600	GKEJOP_10070	32.6	463	284	8	1	439	1	459	7.45e-74	236
OCPOBL_27610	ACCPON_01955	48.4	566	279	5	39	598	39	597	6.78e-172	499
OCPOBL_27615	CJHDOF_00045	50.1	684	317	8	27	690	13	692	7.57e-247	697
OCPOBL_27645	IJGGGM_11235	46.3	748	392	6	11	752	506	1249	2.46e-234	687
OCPOBL_27655	KPNMII_11605	42.4	576	299	8	1	569	3	552	2.70e-150	440
OCPOBL_27670	BEEJFJ_04365	37.7	326	192	3	1	326	1	315	1.48e-69	216
OCPOBL_27680	MDIEPL_01880	54.2	476	216	2	3	478	94	567	2.39e-190	541
OCPOBL_27685	LDGBGO_12545	48.2	193	99	1	3	195	4	195	8.99e-56	172
OCPOBL_27690	ILEJOP_08300	45.6	180	97	1	10	188	49	228	2.81e-49	156
OCPOBL_27700	JPDGNJ_11930	65.7	172	59	0	4	175	385	556	2.88e-77	237
OCPOBL_27710	PODFGD_12430	55.0	140	63	0	151	290	1	140	2.11e-55	172
OCPOBL_27725	NDEOOA_10895	54.3	387	172	3	15	396	19	405	3.81e-141	404
OCPOBL_27730	KIDMEI_02510	78.1	237	51	1	1	237	1	236	1.34e-142	395
OCPOBL_27735	MGCPIK_04525	64.6	396	132	2	4	392	7	401	4.90e-192	533
OCPOBL_27755	OFOEJC_06820	35.8	282	179	2	17	298	15	294	2.58e-54	175
OCPOBL_27770	CAHMAH_08565	37.8	357	220	2	23	377	22	378	1.09e-72	229
OCPOBL_27770	AOOCMJ_07215	33.4	380	251	2	7	385	5	383	1.20e-66	213
OCPOBL_27770	OMINCF_00680	34.1	375	232	5	23	391	22	387	1.04e-59	195
OCPOBL_27775	OOFIDG_03175	44.7	416	221	5	100	512	6	415	1.74e-101	308
OCPOBL_27780	DEAMOH_13710	28.4	468	275	10	1	452	1	424	4.71e-50	172
OCPOBL_27790	MGKNOI_09405	45.4	449	234	5	4	445	2	446	9.74e-122	358
OCPOBL_27790	LPCGND_12240	36.1	357	214	8	6	353	11	362	1.08e-63	210
OCPOBL_27795	HJMBIE_16980	65.6	326	110	1	3	328	34	357	1.03e-154	434
OCPOBL_27815	KFFGML_08410	37.5	269	166	1	3	269	4	272	2.52e-62	195
OCPOBL_27820	MGNIFA_13410	69.4	474	138	3	1	473	19	486	2.66e-252	692
OCPOBL_27820	JMCFPI_01740	31.4	491	266	14	3	471	10	451	1.15e-55	188
OCPOBL_27830	GMHKEG_18370	44.5	247	133	2	1	245	1	245	3.47e-76	228
OCPOBL_27835	BLJAJM_02075	50.0	308	151	2	41	347	1	306	1.27e-101	298
OCPOBL_27840	BOLFNP_06995	46.2	379	203	1	4	381	36	414	1.61e-122	357
OCPOBL_27850	CNNHAB_04465	49.5	396	198	2	1	395	1	395	1.22e-133	387
OCPOBL_27850	KIFOBE_00585	36.6	404	246	4	1	401	1	397	9.98e-81	251
OCPOBL_27870	COAOJB_00535	54.7	192	84	2	1	189	1	192	3.46e-69	205
OCPOBL_27900	DELOGM_05175	53.1	245	113	1	19	261	11	255	4.98e-91	268
OCPOBL_27920	PBNOEJ_00970	46.7	844	372	7	15	783	1	841	1.09e-245	703
OCPOBL_27980	MFKGBO_06890	36.7	308	192	1	1	308	1	305	4.34e-70	216
OCPOBL_27985	JIBABB_11530	40.4	255	152	0	16	270	85	339	1.58e-68	212
OCPOBL_28010	IHPOBM_13605	44.6	408	207	1	3	391	4	411	3.06e-115	339
OCPOBL_28050	BCFHOD_11480	53.9	1255	557	10	3	1255	90	1324	0.0	1268
OCPOBL_28065	NPLHCN_14260	46.1	193	104	0	325	517	1467	1659	2.77e-49	179
OCPOBL_28075	IJGGGM_11235	44.9	336	182	2	6	340	8	341	4.17e-91	300
OCPOBL_28115	MNPOJG_03675	42.4	415	231	5	18	430	15	423	4.25e-97	294
OCPOBL_28135	OEKCMO_04465	34.0	297	185	5	292	587	305	591	2.36e-41	154
OCPOBL_28170	NEEMKD_13085	38.4	229	130	6	96	316	1	226	1.89e-46	153
OCPOBL_28175	NEEMKD_13085	55.3	226	96	4	100	320	1	226	3.24e-82	245
OCPOBL_28195	MFKGBO_06890	45.6	305	165	1	1	304	1	305	2.23e-92	273
OCPOBL_28195	DNHLFN_07150	34.0	306	199	1	1	306	1	303	1.73e-59	189
OCPOBL_28200	JIBABB_11530	50.0	272	135	1	4	274	71	342	1.24e-88	263
OCPOBL_28215	MFKGBO_06890	28.8	320	210	4	12	327	3	308	8.53e-47	157
OCPOBL_28265	ACMOBE_03710	51.4	315	144	4	3	316	2	308	2.01e-101	299
OCPOBL_28270	IEJJIF_00060	42.5	226	130	0	16	241	19	244	1.16e-60	187
OCPOBL_28365	GMPGOM_08675	42.9	252	144	0	5	256	4	255	7.28e-74	223
OCPOBL_28365	IADIMG_09525	36.1	233	145	1	19	251	17	245	1.17e-47	155
OCPOBL_28370	NGIGMC_08570	56.2	489	208	4	1	486	19	504	1.16e-169	486
OCPOBL_28370	INGAKC_09930	40.9	499	235	12	1	481	1	457	4.01e-76	244
OCPOBL_28370	BFIMKO_02670	39.7	237	140	3	230	465	113	347	1.88e-50	174
OCPOBL_28415	BDEHPM_10945	46.6	277	138	5	16	289	1	270	9.20e-84	249
OCPOBL_28455	IMMPMF_02225	58.5	229	91	3	1	228	1	226	8.93e-93	268
OCPOBL_28460	DDOCLK_06550	69.7	531	158	2	6	534	21	550	9.18e-277	760
OCPOBL_28470	ABEGPG_12235	56.2	265	115	1	2	266	3	266	2.46e-108	310
OCPOBL_28490	BEEJFJ_08775	44.0	248	135	3	14	258	19	265	5.26e-62	192
OCPOBL_28505	OOMOLM_10315	51.2	769	346	5	2	763	79	825	1.64e-244	702
OCPOBL_28505	PJGAFD_00175	38.1	544	304	13	229	762	93	613	1.89e-96	311
OCPOBL_28505	INHOHM_11200	35.4	556	332	9	222	764	163	704	2.81e-78	265
OCPOBL_28505	ALODHP_02915	31.6	519	340	8	221	733	155	664	4.17e-66	230
OCPOBL_28505	DIIMPP_11540	31.5	457	289	8	272	706	131	585	1.90e-47	176
OCPOBL_28510	JLNLFB_04605	60.8	158	62	0	2	159	231	388	6.05e-59	185
OCPOBL_28515	IMJCGK_11625	54.2	515	234	2	1	514	1	514	1.23e-204	575
OCPOBL_28515	OBHJLJ_05995	32.6	518	336	5	3	507	4	521	3.72e-80	259
OCPOBL_28515	LJALIN_17780	29.0	510	351	6	3	507	50	553	1.51e-62	211
OCPOBL_28515	EHHHNJ_03925	28.2	521	315	13	3	512	3	475	1.50e-54	189
OCPOBL_28520	BKOPBA_06250	84.7	443	68	0	1	443	21	463	1.13e-275	749
OCPOBL_28525	NPLHCN_14260	39.9	474	266	7	593	1051	1384	1853	1.71e-89	312
OCPOBL_28525	JHIMFH_08715	41.0	371	210	5	690	1053	31	399	3.46e-75	251
OCPOBL_28530	NPLHCN_14260	41.4	413	242	0	277	689	137	549	4.43e-102	339
OCPOBL_28530	AIOPCH_03715	37.3	424	261	1	271	689	84	507	1.99e-96	303
OCPOBL_28530	EOGDPL_27240	31.4	443	287	6	256	689	368	802	1.68e-65	228
OCPOBL_28555	KMGACI_09375	53.9	466	203	5	1	462	8	465	6.50e-181	511
OCPOBL_28555	PDHKAH_02565	38.6	485	260	11	3	466	5	472	1.07e-92	285
OCPOBL_28565	MPNMPI_08090	42.9	240	132	2	12	247	6	244	1.23e-64	198
OCPOBL_28570	PBNOEJ_06450	45.4	194	101	3	4	192	4	197	1.01e-48	154
OCPOBL_28575	CJHDOF_08685	27.8	425	280	5	11	429	15	418	2.53e-54	183
OCPOBL_28575	OEDLLD_01520	30.8	426	288	5	1	423	7	428	1.15e-52	179
OCPOBL_28630	APHOBL_08810	42.7	211	119	2	6	214	11	221	7.45e-56	174
OCPOBL_28655	ACAFCJ_08195	46.3	309	155	6	7	309	60	363	3.30e-84	254
OCPOBL_28660	DCNHNC_05265	79.6	393	80	0	2	394	5	397	7.11e-238	649
OCPOBL_28665	ACCPON_11550	39.5	413	224	4	5	416	6	393	9.34e-108	320
OCPOBL_28670	BGMBNC_05215	50.7	369	174	4	29	396	28	389	2.74e-125	363
OCPOBL_28675	OLKGPM_10185	52.8	214	96	3	4	216	6	215	8.15e-71	211
OCPOBL_28685	CFELJI_13150	44.3	994	412	7	2	854	3	995	1.42e-271	776
OCPOBL_28685	ACMOBE_04080	28.0	661	403	13	252	844	97	752	1.30e-55	201
OCPOBL_28690	PIPLNM_21055	51.2	457	217	4	1	452	3	458	1.04e-155	446
OCPOBL_28695	HGOKLA_19650	49.3	207	98	1	5	204	24	230	3.89e-63	192
OCPOBL_28735	FPMAMI_13105	40.9	220	129	1	1	219	1	220	6.86e-58	179
OCPOBL_28765	AHNHLJ_18675	58.8	328	135	0	1	328	39	366	6.66e-141	400
OCPOBL_28780	BKMNND_09895	50.5	293	142	2	1	291	1	292	8.96e-99	289
OCPOBL_28780	LDMJKE_01680	36.8	242	146	4	42	279	1	239	2.80e-46	153
OCPOBL_28785	MFPDBE_06270	43.2	347	184	6	273	618	8	342	2.05e-90	280
OCPOBL_28790	JLBLBH_05410	36.7	311	150	4	2	267	3	311	2.21e-59	187
OCPOBL_28805	GAOLHI_00175	48.3	317	156	3	1	313	1	313	4.98e-94	278
OCPOBL_28815	NIHDHO_06285	47.4	473	246	2	1	471	1	472	2.01e-152	439
OCPOBL_28825	KIFOBE_03875	67.0	412	134	2	8	419	7	416	6.71e-211	583
OCPOBL_28830	EOGDPL_15890	42.9	375	202	4	5	378	4	367	1.16e-113	332
OCPOBL_28835	OEKCMO_04465	28.3	456	309	8	156	603	146	591	3.75e-51	182
OCPOBL_28875	GLEIFN_03595	50.0	204	100	1	1	204	1	202	9.67e-62	191
OCPOBL_28930	ODPBAK_16055	37.4	374	223	8	11	376	1	371	1.17e-82	253
OCPOBL_28930	LMBKNE_15370	35.9	387	211	9	1	372	69	433	2.28e-70	223
OCPOBL_28950	BAJPMC_02220	50.9	344	146	5	116	459	218	538	2.00e-95	296
OCPOBL_28955	BAAIKL_11970	46.0	176	94	1	13	187	7	182	1.45e-54	170
OCPOBL_28970	DIFDMH_04115	29.9	374	249	7	15	381	17	384	3.22e-47	165
OCPOBL_28970	OMINCF_06730	28.7	422	286	4	15	425	14	431	7.00e-47	164
OCPOBL_28970	NGIBDE_08595	29.8	369	255	2	15	381	57	423	8.85e-47	164
