EGBHEG_00015	GKLKJE_14420	39.1	404	243	3	5	406	7	409	1.39e-83	261
EGBHEG_00015	DIFDMH_04115	35.1	396	236	5	6	391	7	391	7.41e-60	199
EGBHEG_00015	OMINCF_06730	32.2	404	270	2	6	408	4	404	1.77e-56	190
EGBHEG_00015	AIAJBN_07055	29.1	388	273	1	4	391	5	390	7.00e-48	167
EGBHEG_00015	NGIBDE_08595	29.0	379	267	1	16	394	57	433	6.65e-45	160
EGBHEG_00030	GBCGGE_04600	48.4	395	183	10	1	382	61	447	3.28e-108	322
EGBHEG_00035	NGIGMC_11335	46.6	307	146	8	7	300	2	303	2.50e-69	214
EGBHEG_00040	FCHPAI_07580	36.6	410	166	11	11	331	18	422	6.21e-60	195
EGBHEG_00040	BNHFML_03630	42.7	279	121	5	62	333	70	316	7.44e-58	187
EGBHEG_00045	OIDBIB_07015	52.0	252	119	2	3	254	4	253	2.20e-76	228
EGBHEG_00050	NBGKDJ_08915	55.7	235	102	2	1	234	5	238	1.45e-86	253
EGBHEG_00055	GBCGGE_04600	48.7	394	184	9	1	383	61	447	2.72e-112	332
EGBHEG_00090	JHFIBJ_16095	41.4	423	206	7	222	642	203	585	3.95e-100	325
EGBHEG_00090	AHNHLJ_13685	38.9	416	203	8	222	634	189	556	6.06e-87	278
EGBHEG_00125	EBDDCO_13450	59.5	126	50	1	1	126	1	125	2.89e-51	155
EGBHEG_00130	HCBGLF_06585	49.2	193	97	1	67	258	2	194	2.63e-59	188
EGBHEG_00135	GMHKEG_05155	59.4	858	340	6	7	861	4	856	0.0	1043
EGBHEG_00135	AEOEGG_04380	26.3	837	516	20	3	748	57	883	8.40e-87	296
EGBHEG_00145	PJAAIO_03310	45.1	430	229	4	3	431	1	424	2.69e-120	353
EGBHEG_00180	EEGFHJ_12815	60.3	174	68	1	1	173	1	174	3.08e-74	217
EGBHEG_00190	AHGGGF_11555	64.8	196	68	1	8	202	9	204	6.70e-92	265
EGBHEG_00195	LPNJBB_01050	65.9	232	79	0	4	235	20	251	1.43e-55	174
EGBHEG_00200	NKLDCP_09645	40.2	371	215	5	11	375	16	385	7.29e-92	277
EGBHEG_00200	GNBNBP_12875	28.5	404	261	13	1	381	3	401	2.84e-47	162
EGBHEG_00215	NNFGHE_04830	45.1	255	133	4	1	249	1	254	1.47e-73	221
EGBHEG_00220	PAHPGF_09515	51.9	287	137	1	1	286	1	287	2.32e-102	297
EGBHEG_00225	BFELGM_14740	95.5	330	15	0	1	330	37	366	1.54e-233	634
EGBHEG_00235	IBDNDD_01930	37.0	246	151	3	3	245	2	246	2.60e-48	156
EGBHEG_00240	CGOKML_10095	46.7	289	153	1	1	289	1	288	2.04e-88	262
EGBHEG_00250	JIBNCO_15410	36.8	280	124	3	1	279	19	246	2.12e-51	171
EGBHEG_00280	LKLDMN_19325	45.8	203	106	2	24	226	19	217	5.30e-59	182
EGBHEG_00300	NEFOEM_04370	40.9	359	202	4	1	351	1	357	6.64e-84	255
EGBHEG_00325	FOOLJF_09805	50.0	192	96	0	4	195	3	194	3.16e-59	191
EGBHEG_00350	FLJHGF_06385	46.9	371	195	2	7	377	3	371	3.74e-113	332
EGBHEG_00350	NNLPHK_08690	29.0	359	250	4	4	361	2	356	1.60e-51	174
EGBHEG_00355	NNLPHK_08690	38.7	362	220	2	5	365	3	363	7.57e-83	259
EGBHEG_00355	LKAFFP_06110	37.5	349	209	5	12	354	10	355	5.91e-70	224
EGBHEG_00360	EGEACP_03415	41.4	244	142	1	44	287	19	261	4.60e-64	199
EGBHEG_00360	PODFGD_12430	62.3	138	52	0	150	287	1	138	4.70e-62	189
EGBHEG_00365	HIADJD_07200	44.4	608	310	3	9	588	7	614	9.11e-172	515
EGBHEG_00395	KKMOGI_12335	41.0	415	225	4	10	406	37	449	2.20e-94	287
EGBHEG_00395	PFNDEF_04205	32.0	403	258	7	22	411	362	761	6.01e-56	194
EGBHEG_00395	NLNKCD_09525	28.2	412	278	8	12	409	126	533	2.96e-50	176
EGBHEG_00395	CFELJI_12430	28.0	397	261	10	22	406	457	840	5.32e-42	154
EGBHEG_00400	OGOOED_16440	31.5	337	213	7	5	330	3	332	9.05e-47	157
EGBHEG_00405	EFDFGM_03780	56.0	464	204	0	1	464	36	499	5.37e-197	553
EGBHEG_00410	KGACJP_24205	47.4	496	237	5	2	479	12	501	1.17e-152	441
EGBHEG_00435	KGACJP_24205	47.7	476	232	3	15	479	32	501	1.66e-152	440
EGBHEG_00440	IOBNAI_02850	56.6	495	213	2	1	495	77	569	1.34e-196	555
EGBHEG_00450	CCLBIH_12445	32.5	274	182	3	2	273	1	273	7.27e-57	180
EGBHEG_00455	PFNDEF_12515	46.4	248	131	2	1	246	1	248	1.24e-70	213
EGBHEG_00460	BIKKBB_00065	59.7	300	121	0	1	300	1	300	4.04e-123	351
EGBHEG_00465	BKMNND_07850	59.9	659	241	4	1	640	1	655	7.13e-273	758
EGBHEG_00485	ENGCDO_01175	55.9	245	106	2	2	244	51	295	8.73e-88	259
EGBHEG_00490	MGCPIK_03845	69.7	465	140	1	6	469	43	507	5.33e-242	667
EGBHEG_00500	OCKFBD_09800	65.1	392	137	0	8	399	19	410	1.57e-190	531
EGBHEG_00510	GHIDNG_08685	56.2	1172	493	11	2	1162	3	1165	0.0	1298
EGBHEG_00525	BELKOM_17185	47.7	197	102	1	3	199	46	241	2.30e-68	206
EGBHEG_00545	BMADOL_09965	58.3	132	52	2	157	287	2	131	4.10e-47	150
EGBHEG_00555	GNBNBP_18980	38.6	443	262	4	2	434	3	445	1.13e-94	289
EGBHEG_00585	GBPAEP_08355	48.4	252	130	0	1	252	1	252	1.05e-60	188
EGBHEG_00590	LMHIPG_08860	56.3	394	160	3	13	395	27	419	4.23e-153	436
EGBHEG_00615	NKCJOK_06160	62.9	742	257	7	1	726	19	758	2.24e-306	851
EGBHEG_00615	NMDBHH_21210	35.6	661	345	19	1	586	1	655	1.25e-105	337
EGBHEG_00620	MKABCP_10815	43.5	354	195	3	43	394	38	388	2.97e-97	292
EGBHEG_00625	PMOLLI_08705	54.1	242	107	1	6	243	52	293	2.45e-79	238
EGBHEG_00630	EHJFJN_15775	47.4	171	89	1	20	190	6	175	5.53e-51	159
EGBHEG_00645	HMNLEO_03150	38.4	255	137	7	39	275	68	320	3.23e-44	152
EGBHEG_00655	INGFOG_01710	66.6	425	142	0	1	425	28	452	8.93e-216	597
EGBHEG_00695	DAEBIN_05080	49.8	233	113	2	4	236	12	240	3.88e-74	221
EGBHEG_00700	FCHNIC_07725	46.6	279	147	2	11	289	5	281	3.74e-85	253
EGBHEG_00705	ANOIGO_10885	33.0	436	241	9	5	438	1	387	2.49e-62	203
EGBHEG_00755	BFIMKO_02670	42.4	377	202	6	74	449	43	405	2.12e-100	302
EGBHEG_00755	NGIGMC_08570	34.2	374	185	6	95	412	146	514	3.77e-65	214
EGBHEG_00755	INGAKC_09930	33.5	364	185	7	95	407	105	462	1.57e-54	185
EGBHEG_00765	CJHDOF_01680	69.8	288	84	2	1	288	1	285	2.29e-140	393
EGBHEG_00780	BIKKBB_09420	49.3	867	386	10	4	828	3	857	1.58e-273	775
EGBHEG_00790	IJCGKP_13240	39.4	475	261	2	5	455	8	479	1.45e-103	314
EGBHEG_00795	JIBNCO_04780	44.6	193	107	0	8	200	92	284	1.68e-55	174
EGBHEG_00800	FAIDMJ_00870	53.8	465	206	4	2	464	39	496	8.97e-171	486
EGBHEG_00820	GDPODL_10295	46.6	174	93	0	4	177	1	174	9.98e-49	152
EGBHEG_00825	IAJJHN_03140	62.1	319	120	1	3	320	4	322	9.80e-143	402
EGBHEG_00845	OGGMNN_00110	49.7	298	149	1	1	298	22	318	1.01e-102	300
EGBHEG_00850	MMNNJC_09750	30.9	440	266	9	4	415	5	434	4.75e-50	173
EGBHEG_00910	BGHMFE_04500	53.5	664	302	6	3	664	4	662	6.14e-250	701
EGBHEG_00920	HEMAGP_10015	57.7	274	116	0	1	274	1	274	2.87e-104	325
EGBHEG_00920	HIHCLH_08345	34.5	490	278	8	3	460	5	483	1.56e-81	266
EGBHEG_00935	MDMJGO_07865	47.6	389	198	4	1	388	1	384	1.57e-126	366
EGBHEG_00935	EEOPDA_04385	35.6	396	236	8	1	388	1	385	3.84e-80	248
EGBHEG_00940	INGFOG_01710	64.2	424	149	2	1	422	28	450	5.91e-195	544
EGBHEG_00955	KKMOGI_03320	30.8	413	238	14	26	433	40	409	9.02e-49	168
EGBHEG_00960	LEJEEC_08915	33.3	348	208	7	30	365	26	361	5.86e-60	195
EGBHEG_00960	OLKGPM_09705	35.0	337	210	5	30	363	47	377	1.36e-52	183
EGBHEG_00960	MAHJHN_05475	34.8	359	203	8	30	359	481	837	1.73e-51	180
EGBHEG_00960	HAFNKM_08490	28.9	384	256	8	1	375	1	376	5.27e-44	153
EGBHEG_00965	OODMEK_16380	35.9	245	150	5	26	269	2	240	1.29e-46	153
EGBHEG_01005	HPIFBD_01690	37.1	310	181	4	17	317	15	319	1.40e-69	216
EGBHEG_01005	CDILFK_05205	34.9	292	172	7	34	313	59	344	2.51e-46	160
EGBHEG_01050	HJMBIE_06540	48.2	168	85	1	3	168	4	171	1.82e-54	166
EGBHEG_01075	NLNKCD_03020	39.2	293	171	5	2	292	1	288	2.45e-69	213
EGBHEG_01105	OIJDCC_03805	42.8	348	194	3	1	346	57	401	4.32e-89	270
EGBHEG_01110	LMJHIN_02325	47.4	211	110	1	1	210	1	211	1.20e-67	204
EGBHEG_01115	ACCPON_11550	39.5	420	215	4	43	462	11	391	4.88e-104	312
EGBHEG_01120	DCNHNC_05265	79.1	383	80	0	5	387	8	390	1.38e-228	626
EGBHEG_01125	ACAFCJ_08195	48.5	305	148	4	6	302	60	363	1.18e-87	263
EGBHEG_01130	PIPLNM_21055	43.8	459	251	6	2	456	5	460	4.45e-128	375
EGBHEG_01135	OLKGPM_10185	43.6	204	110	2	7	208	6	206	7.40e-55	171
EGBHEG_01140	AHOMGJ_00200	52.2	418	196	3	1	418	1	414	1.70e-152	435
EGBHEG_01145	CFELJI_12430	44.8	976	511	11	1	956	1	968	6.55e-286	820
EGBHEG_01145	KKMOGI_12335	31.5	422	260	12	444	841	43	459	7.10e-50	179
EGBHEG_01145	PFNDEF_04205	29.4	435	261	14	448	860	360	770	7.89e-40	155
EGBHEG_01150	CNNHAB_12390	41.7	460	246	3	13	472	2	439	2.27e-112	335
EGBHEG_01160	BGMBNC_05215	50.4	367	177	2	30	396	28	389	1.80e-125	364
EGBHEG_01165	PKDIEA_12970	93.2	442	30	0	1	442	29	470	1.46e-311	840
EGBHEG_01180	FKEMDL_11265	32.0	422	282	5	11	430	3	421	1.46e-56	189
EGBHEG_01185	CFELJI_13150	43.6	993	418	8	2	853	3	994	3.41e-261	750
EGBHEG_01185	ACMOBE_04080	26.9	676	412	16	241	844	87	752	5.85e-52	191
EGBHEG_01195	CFELJI_13150	27.6	507	328	12	29	516	237	723	1.46e-44	168
EGBHEG_01215	GBFPPP_02610	66.0	350	108	2	1	339	54	403	1.71e-172	481
EGBHEG_01220	BEEJFJ_04365	41.0	327	178	6	1	324	1	315	4.27e-77	235
EGBHEG_01270	HDCAKM_06170	42.4	262	148	3	3	264	7	265	6.27e-69	211
EGBHEG_01455	KOGAEP_24830	32.8	323	201	7	1	317	45	357	2.59e-46	157
EGBHEG_01475	EKIEJL_04035	33.6	295	193	2	9	303	16	307	2.31e-53	174
EGBHEG_01515	FFLKCG_02860	62.0	274	101	2	6	276	4	277	2.43e-114	332
EGBHEG_01550	ALJKBN_18190	50.4	276	131	3	314	586	328	600	2.29e-78	255
EGBHEG_01655	BPPMOK_02305	44.6	296	156	4	1	289	1	295	7.94e-87	259
EGBHEG_01670	ALJKBN_18190	41.9	485	212	8	186	644	160	600	7.74e-109	337
EGBHEG_01705	KAJCKN_09590	40.5	583	329	4	3	584	4	569	6.59e-129	386
EGBHEG_01705	KMMJBO_11065	37.9	618	332	3	3	584	3	604	3.97e-126	380
EGBHEG_01705	OEDLLD_08805	30.8	526	361	2	61	584	199	723	1.37e-74	248
EGBHEG_01705	JAFONP_12205	29.6	592	380	7	3	584	40	604	2.13e-67	226
EGBHEG_01705	MGCPIK_11245	34.3	265	169	3	316	580	14	273	8.88e-46	159
EGBHEG_01710	OEDLLD_08805	51.2	733	254	6	1	635	1	727	1.81e-232	659
EGBHEG_01710	JAFONP_12205	35.9	608	360	6	29	636	32	609	9.18e-118	360
EGBHEG_01710	KAJCKN_09590	33.6	527	344	3	110	634	50	572	2.01e-89	285
EGBHEG_01710	KMMJBO_11065	24.9	643	415	5	38	641	1	614	9.09e-65	221
EGBHEG_01710	MGCPIK_11245	41.9	258	142	2	392	642	32	288	4.88e-60	199
EGBHEG_01710	NDBPJJ_01855	35.5	262	159	5	349	601	301	561	2.41e-42	157
EGBHEG_01735	JEKOGE_21950	41.5	294	142	2	256	523	182	471	1.46e-68	228
EGBHEG_01740	IOMEKN_05545	51.5	485	220	5	2	484	10	481	9.12e-174	494
EGBHEG_01755	CLNFJC_09055	75.3	430	105	1	7	436	101	529	1.88e-241	665
EGBHEG_01790	CJFJOL_17290	65.6	247	82	3	288	533	36	280	1.02e-101	306
EGBHEG_01795	DKDGNM_06150	74.1	112	27	2	24	134	18	128	8.44e-52	157
EGBHEG_01800	EDGMOJ_05785	32.2	354	220	4	6	349	42	385	6.98e-59	191
EGBHEG_01810	DBKLJG_08495	86.2	203	28	0	293	495	1	203	1.22e-127	366
EGBHEG_01815	IDNIFB_15035	38.3	543	326	5	1	534	1	543	2.24e-118	367
EGBHEG_01825	JOFPOO_08530	37.4	227	136	3	6	231	7	228	4.76e-48	154
EGBHEG_01830	HAINKJ_00320	50.7	270	132	1	446	714	445	714	3.39e-72	245
EGBHEG_01830	FGCNNA_15325	42.4	278	156	2	442	716	480	756	1.97e-59	210
EGBHEG_01855	AIAJBN_00020	48.7	300	152	1	2	299	4	303	1.27e-102	299
EGBHEG_01870	NGIBDE_03660	48.5	421	208	5	15	429	87	504	8.63e-133	388
EGBHEG_01880	BCPHIN_09760	51.5	468	224	3	7	474	10	474	8.52e-160	458
EGBHEG_01885	DELOGM_05665	47.9	463	234	6	3	465	4	459	6.77e-146	422
EGBHEG_01910	GNBPPJ_17065	34.7	303	189	5	204	499	6	306	2.59e-47	169
EGBHEG_01915	GEHJPL_02760	55.7	185	82	0	3	187	87	271	2.12e-72	216
EGBHEG_01925	KMMJBO_11065	44.6	605	302	2	1	572	1	605	5.70e-161	469
EGBHEG_01925	KAJCKN_09590	41.3	566	325	3	8	571	9	569	1.71e-134	400
EGBHEG_01925	JAFONP_12205	28.4	573	396	6	4	571	41	604	4.16e-68	228
EGBHEG_01925	OEDLLD_08805	28.9	523	368	2	54	576	210	728	5.80e-64	219
EGBHEG_01925	MGCPIK_11245	34.1	252	159	2	331	577	39	288	1.98e-46	161
EGBHEG_01930	OEDLLD_08805	46.4	526	282	0	51	576	200	725	7.99e-162	476
EGBHEG_01930	JAFONP_12205	36.6	574	362	1	3	576	35	606	2.25e-113	347
EGBHEG_01930	KAJCKN_09590	32.0	575	378	5	8	576	4	571	1.11e-83	268
EGBHEG_01930	KMMJBO_11065	28.2	609	390	5	9	576	4	606	6.55e-68	228
EGBHEG_01930	MGCPIK_11245	46.3	231	123	1	341	571	45	274	1.27e-64	209
EGBHEG_01930	NDBPJJ_01855	28.4	482	306	12	87	544	95	561	3.46e-47	170
EGBHEG_01940	JEKOGE_21950	48.8	252	123	2	362	612	227	473	1.49e-65	223
EGBHEG_02005	JHIMFH_08715	30.9	385	256	6	438	812	27	411	5.04e-52	185
EGBHEG_02005	NPLHCN_14260	32.8	375	230	7	439	796	1480	1849	8.23e-48	182
EGBHEG_02085	CPMPBM_09225	53.1	535	232	8	27	551	24	549	4.68e-194	555
EGBHEG_02115	JEKOGE_21950	49.0	239	117	1	311	549	223	456	4.04e-67	226
EGBHEG_02120	MAHJHN_05475	39.0	415	226	5	1	388	454	868	8.09e-92	290
EGBHEG_02120	LEJEEC_08915	37.9	396	219	6	1	384	1	381	1.30e-84	259
EGBHEG_02120	HAFNKM_08490	36.6	385	228	7	3	378	4	381	1.94e-67	214
EGBHEG_02120	OLKGPM_09705	29.9	364	226	8	27	377	47	394	3.47e-46	165
EGBHEG_02125	PNJNHA_01100	48.4	279	135	3	1	279	1	270	1.11e-89	265
EGBHEG_02130	KKMOGI_12335	58.0	462	186	7	1	460	1	456	3.45e-178	503
EGBHEG_02130	NLNKCD_09525	37.5	424	246	10	39	458	126	534	1.01e-72	238
EGBHEG_02130	PFNDEF_04205	38.0	424	224	15	49	458	362	760	1.06e-61	212
EGBHEG_02130	CFELJI_12430	31.6	427	262	12	32	454	440	840	8.72e-47	169
EGBHEG_02200	CDILFK_05205	39.1	281	163	6	39	318	59	332	2.78e-50	172
EGBHEG_02240	EMGIMK_04390	51.0	337	164	1	1	336	1	337	1.82e-125	373
EGBHEG_02250	LMAAGL_07260	40.5	210	122	1	1	210	1	207	7.83e-50	162
EGBHEG_02265	OCDBMN_13345	40.3	472	271	7	3	471	5	468	4.82e-114	340
EGBHEG_02265	FGMGBK_12975	27.2	481	316	9	2	468	7	467	4.19e-48	169
EGBHEG_02275	APAIPM_20955	30.2	344	223	7	31	368	56	388	1.85e-45	157
EGBHEG_02275	PEEOIC_08100	30.6	343	216	6	45	372	71	406	4.73e-44	153
EGBHEG_02315	ALJLGD_02565	32.6	371	200	10	39	400	112	441	4.00e-43	158
EGBHEG_02350	AAIDMG_03830	49.3	347	173	3	4	348	4	349	1.74e-117	340
EGBHEG_02360	JEKOGE_06050	40.1	456	268	3	1	452	1	455	2.16e-104	315
EGBHEG_02380	OEDLLD_01520	34.0	429	277	5	8	432	5	431	1.39e-77	244
EGBHEG_02380	CJHDOF_08685	29.8	426	283	4	12	435	7	418	7.66e-70	224
EGBHEG_02380	OHAPKC_02295	38.4	276	162	4	168	438	17	289	3.77e-59	192
EGBHEG_02570	ILCLPH_22225	47.5	297	154	1	1	297	1	295	2.51e-88	262
EGBHEG_02575	BKEOOB_02685	47.5	221	116	0	2	222	4	224	9.08e-74	220
EGBHEG_02575	LKLDMN_19325	40.8	218	121	4	2	215	4	217	2.46e-49	157
EGBHEG_02690	PAMFFB_11460	48.1	266	127	4	2	263	325	583	1.84e-77	242
EGBHEG_02695	NPKNPB_10680	50.1	499	202	5	1	457	2	495	1.28e-172	490
EGBHEG_02710	JPDGNJ_11930	37.8	399	208	7	3	393	9	375	1.59e-75	241
EGBHEG_02730	MOBKGA_09500	51.8	253	111	3	1	251	1	244	1.44e-85	251
EGBHEG_02750	MMNNJC_09750	58.1	468	195	1	1	467	1	468	3.68e-187	527
EGBHEG_02755	DPDMEB_15410	44.4	543	279	10	19	550	2	532	1.15e-148	434
EGBHEG_02780	DEAMOH_15020	45.2	219	114	1	5	217	2	220	7.18e-61	186
EGBHEG_02780	EGEPOE_04770	43.2	213	119	1	5	217	5	215	1.60e-54	176
EGBHEG_02795	MAHJHN_07515	37.5	291	175	2	1	286	1	289	5.15e-72	221
EGBHEG_02865	AAIDMG_03410	63.2	456	168	0	4	459	44	499	2.46e-208	582
EGBHEG_02935	GKMFOG_13490	68.2	453	142	1	1	451	26	478	6.89e-219	607
EGBHEG_02945	CPMPBM_03600	57.9	592	246	2	6	597	2	590	1.28e-257	719
EGBHEG_02955	GMHKEG_18370	42.7	253	139	3	3	252	2	251	1.19e-79	236
EGBHEG_02975	AOOCMJ_06760	72.9	505	135	2	1	503	43	547	1.73e-281	770
EGBHEG_03065	LFKIEE_01960	26.6	530	295	12	1	438	1	528	2.52e-54	186
EGBHEG_03075	CCDOAK_00015	37.3	512	314	5	2	510	26	533	5.23e-104	318
EGBHEG_03075	MIKFNA_15845	43.2	229	126	3	277	504	12	237	8.68e-50	167
EGBHEG_03075	IOBNAI_13140	41.8	213	118	4	290	499	1	210	9.19e-49	164
EGBHEG_03080	NMNMDH_20545	38.7	380	215	5	27	388	32	411	2.42e-66	213
EGBHEG_03090	NAGHPK_09505	48.0	496	248	2	3	498	2	487	6.16e-166	475
EGBHEG_03105	AEGBGH_00595	57.3	661	269	7	6	662	4	655	3.39e-254	712
EGBHEG_03110	PKNJCI_08760	43.5	207	108	5	3	206	5	205	1.50e-48	154
EGBHEG_03115	CKMOEO_08105	45.8	500	256	9	1	490	1	495	2.41e-161	463
EGBHEG_03135	GAOLHI_08600	43.5	184	104	0	15	198	13	196	2.20e-47	152
EGBHEG_03140	EDPPFC_05720	51.1	237	116	0	2	238	6	242	9.99e-82	241
EGBHEG_03150	NIIHOH_13450	39.5	296	162	4	21	301	16	309	2.20e-71	220
EGBHEG_03155	GEHMID_04670	50.0	220	107	2	92	308	194	413	1.10e-68	216
EGBHEG_03170	GEHMID_04080	42.6	223	121	2	4	221	3	223	6.55e-54	169
EGBHEG_03175	PHEGCG_16300	55.6	412	183	0	1	412	29	440	3.60e-162	460
EGBHEG_03185	INNILH_18990	61.5	239	88	1	1	239	1	235	1.58e-104	298
EGBHEG_03195	PGPAMD_00760	60.8	1405	546	3	5	1406	2	1404	0.0	1701
EGBHEG_03215	JEICDI_06325	44.5	283	155	2	6	286	5	287	8.25e-69	211
EGBHEG_03245	OAOAHE_06260	31.1	444	293	4	6	445	47	481	5.24e-73	234
EGBHEG_03275	LKEOCB_02700	50.9	668	319	5	11	676	5	665	2.46e-223	635
EGBHEG_03275	NIIHOH_06385	37.6	665	401	7	15	671	55	713	7.88e-145	437
EGBHEG_03285	EEOPDA_04385	49.5	392	190	6	1	387	1	389	9.59e-127	367
EGBHEG_03285	MDMJGO_07865	40.7	386	226	3	1	384	1	385	5.94e-104	308
EGBHEG_03300	EOGDPL_27240	28.1	463	301	12	542	989	359	804	1.32e-40	157
EGBHEG_03310	DCNHNC_00255	28.6	434	256	12	38	445	38	443	1.10e-47	167
EGBHEG_03315	COAOJB_00535	44.0	191	104	2	1	188	1	191	1.39e-48	153
EGBHEG_03320	OHPCOF_10190	46.2	405	215	3	5	406	6	410	2.44e-119	349
EGBHEG_03335	CMLBML_12860	45.1	359	197	0	3	361	4	362	3.16e-113	330
EGBHEG_03350	ALJKBN_18190	53.2	282	132	0	343	624	318	599	2.11e-97	306
EGBHEG_03365	JKFCNN_08040	47.2	343	170	3	1	339	29	364	4.56e-103	304
EGBHEG_03380	DIIMPP_01125	40.3	186	110	1	1	185	1	186	1.88e-47	150
EGBHEG_03405	MDJFIL_01580	53.9	152	67	3	179	329	1	150	4.37e-53	168
EGBHEG_03410	GKLKJE_14420	38.9	445	267	3	5	447	6	447	7.93e-97	295
EGBHEG_03410	OMINCF_06730	30.0	433	298	3	7	438	4	432	1.34e-57	192
EGBHEG_03410	NGIBDE_08595	30.6	399	267	3	7	402	47	438	1.58e-50	175
EGBHEG_03425	GNFLKF_08300	37.9	380	226	4	16	389	38	413	2.82e-93	285
EGBHEG_03430	IJMKAA_11630	43.6	328	171	4	30	343	12	339	1.18e-85	259
EGBHEG_03445	ANAEHF_05030	43.1	188	105	2	4	190	3	189	6.95e-49	154
EGBHEG_03465	OGOOED_16440	35.5	332	191	10	5	322	3	325	2.85e-49	164
EGBHEG_03470	GBJPGG_16335	52.5	280	129	1	3	278	17	296	9.35e-104	300
EGBHEG_03480	EOGDPL_27240	42.8	430	238	2	550	979	381	802	7.81e-107	347
EGBHEG_03480	NPLHCN_14260	32.1	427	271	6	560	980	137	550	9.46e-61	223
EGBHEG_03485	BBKFDB_05170	60.4	134	53	0	11	144	198	331	6.79e-58	179
EGBHEG_03495	FOOLJF_09805	62.1	375	131	2	1	366	1	373	1.14e-127	368
EGBHEG_03510	MNNBJI_10430	44.2	310	173	0	3	312	2	311	1.01e-95	282
EGBHEG_03525	PDFOOG_00510	49.1	662	323	7	1	658	1	652	4.13e-215	612
EGBHEG_03530	KNCOJD_04640	62.1	668	243	4	28	688	55	719	2.54e-318	881
EGBHEG_03560	KNCOJD_00140	35.2	318	192	5	34	343	67	378	6.05e-66	209
EGBHEG_03565	MCPLNH_08930	44.6	222	120	2	1	220	1	221	1.01e-68	207
EGBHEG_03620	JOFPOO_08530	39.4	221	133	1	4	224	7	226	5.52e-48	154
EGBHEG_03655	EOGDPL_27240	37.8	508	294	10	251	745	301	799	7.26e-97	315
EGBHEG_03655	AIOPCH_03715	34.7	435	275	4	316	745	74	504	1.83e-86	279
EGBHEG_03655	NPLHCN_14260	29.6	416	285	3	332	745	137	546	3.63e-58	211
EGBHEG_03665	ACDGMF_10700	50.4	395	190	3	3	391	1	395	2.26e-140	402
EGBHEG_03670	AAIDMG_03830	43.0	307	170	4	40	345	42	344	3.83e-80	245
EGBHEG_03720	ALJKBN_18190	39.0	264	150	4	223	479	340	599	1.84e-43	158
EGBHEG_03730	AAIDMG_03830	44.0	327	175	6	26	349	27	348	5.28e-88	265
EGBHEG_03750	GHIDNG_09660	50.5	220	108	1	3	221	1	220	4.98e-71	212
EGBHEG_03755	OGGMNN_12325	52.9	225	99	2	1	225	1	218	9.37e-77	227
EGBHEG_03760	EDPPFC_05720	49.2	240	120	2	6	245	4	241	7.90e-78	231
EGBHEG_03775	JHIMFH_08715	29.2	384	259	7	322	695	30	410	1.47e-43	160
EGBHEG_03800	OMINCF_06730	36.1	424	260	5	4	422	4	421	1.27e-82	258
EGBHEG_03800	GKLKJE_14420	34.4	436	283	3	1	434	5	439	2.54e-77	245
EGBHEG_03800	AIAJBN_07055	32.7	395	258	3	2	393	5	394	1.18e-59	198
EGBHEG_03800	ADMHII_00410	40.7	199	118	0	3	201	9	207	1.10e-47	159
EGBHEG_03830	KGINLD_04375	42.0	245	135	3	41	279	66	309	1.55e-62	197
EGBHEG_03850	ACCPON_01955	39.6	604	328	12	5	578	5	601	6.70e-127	383
EGBHEG_03860	AHGGGF_14050	46.1	304	158	4	1	303	1	299	2.14e-95	280
EGBHEG_03885	JLCMGD_15675	60.3	295	115	1	7	301	177	469	7.78e-125	361
EGBHEG_03895	MPNMPI_08435	37.9	681	320	15	2	584	3	678	2.25e-135	408
EGBHEG_03920	NIPFKF_13915	46.9	241	105	3	4	222	3	242	1.36e-68	207
EGBHEG_03925	FOHGMI_00905	61.9	189	72	0	5	193	70	258	5.21e-79	233
EGBHEG_03940	PEAHOH_01300	48.0	402	206	3	4	403	5	405	4.67e-121	353
EGBHEG_03950	GHIDNG_08150	39.1	653	365	12	1	633	1	640	5.33e-138	416
EGBHEG_03965	JLCMGD_15675	60.3	295	115	1	7	301	177	469	7.78e-125	361
EGBHEG_03970	CNNHAB_12390	38.0	439	253	5	1	424	2	436	1.94e-82	256
EGBHEG_03975	IMLPOL_12395	46.3	257	130	4	177	430	138	389	3.47e-69	221
EGBHEG_04015	BGMBNC_08915	46.5	432	230	1	22	453	28	458	2.63e-133	389
EGBHEG_04015	NJKLPJ_06960	31.7	441	281	7	26	454	50	482	1.96e-68	222
EGBHEG_04015	ODHFDB_02170	30.1	409	250	6	26	404	11	413	2.00e-59	199
EGBHEG_04035	MMNNJC_07175	71.9	327	92	0	3	329	135	461	2.18e-169	475
EGBHEG_04070	LEKCMK_00765	47.8	289	133	5	1	284	1	276	9.87e-79	238
EGBHEG_04075	JFBMBM_14950	32.5	795	400	14	1	660	1	793	4.27e-117	365
EGBHEG_04085	PPDBCL_05260	54.0	383	168	4	4	383	5	382	1.16e-144	412
EGBHEG_04105	ANBPFB_10370	76.3	967	176	5	1	927	1	954	0.0	1385
EGBHEG_04170	ALJLGD_16575	52.1	436	203	3	8	440	7	439	3.72e-159	454
EGBHEG_04195	DDAJHK_05315	40.0	380	190	7	13	354	11	390	1.46e-84	258
EGBHEG_04200	GHOOAO_17090	43.4	265	132	3	1	256	1	256	6.77e-84	248
EGBHEG_04205	NIMMDJ_02025	63.9	363	114	5	1	348	1	361	1.14e-169	473
EGBHEG_04210	NMNMDH_14380	48.0	298	135	4	3	293	1	285	6.24e-94	276
EGBHEG_04210	OKHOCL_06130	35.1	291	176	2	3	293	1	278	1.69e-59	187
EGBHEG_04215	ILCLPH_03175	46.8	173	89	1	1	173	1	170	4.18e-54	167
EGBHEG_04260	CGOKML_07875	51.0	353	172	1	1	353	1	352	1.32e-130	374
EGBHEG_04295	EGEPOE_09050	33.7	383	233	7	2	380	5	370	9.81e-63	202
EGBHEG_04385	EOJLEP_12515	55.2	279	124	1	2	280	3	280	1.46e-104	302
EGBHEG_04390	JECBHO_05075	69.2	120	37	0	1	120	1	120	2.41e-54	168
EGBHEG_04395	CIPHAP_11235	43.9	271	151	1	13	283	6	275	2.88e-75	229
EGBHEG_04405	PIPLNM_12695	51.5	573	257	6	513	1083	364	917	1.62e-186	563
EGBHEG_04415	EHHHNJ_03925	45.0	638	301	5	3	639	3	591	1.77e-182	526
EGBHEG_04415	OBHJLJ_05995	30.2	669	426	13	3	640	4	662	1.46e-87	283
EGBHEG_04415	LJALIN_17780	29.7	545	365	9	3	540	50	583	1.28e-72	241
EGBHEG_04415	IMJCGK_11625	30.1	521	346	11	1	513	1	511	2.33e-64	217
EGBHEG_04425	KPNMII_11605	44.2	557	302	5	1	553	1	552	9.64e-156	453
EGBHEG_04445	LKLDMN_19325	41.2	221	121	4	2	217	3	219	7.11e-47	151
EGBHEG_04455	ALJKBN_17780	54.1	218	98	2	2	218	1	217	2.87e-81	238
EGBHEG_04460	FCHPAI_09745	42.1	221	123	2	1	218	2	220	2.76e-55	173
EGBHEG_04490	GKLKJE_14420	34.3	431	278	2	1	428	1	429	4.01e-82	258
EGBHEG_04490	DIFDMH_04115	35.2	392	239	6	8	391	7	391	1.87e-66	216
EGBHEG_04490	GNBNBP_18980	27.0	441	295	8	8	436	6	431	1.44e-42	153
EGBHEG_04505	PCHHPE_13495	40.5	262	129	4	1	254	58	300	4.47e-56	178
EGBHEG_04530	DEAMOH_13710	52.0	433	201	4	4	434	1	428	2.17e-148	425
EGBHEG_04555	LMAAGL_07260	45.6	206	111	1	4	209	3	207	6.17e-52	167
EGBHEG_04590	LMBKNE_15370	40.8	368	202	8	10	372	69	425	7.95e-86	264
EGBHEG_04590	ODPBAK_16055	32.4	376	237	10	21	384	1	371	3.41e-61	198
EGBHEG_04620	GNBPPJ_17065	39.1	302	179	1	1	297	10	311	2.05e-67	217
EGBHEG_04625	NPCMJE_01930	49.7	179	85	3	6	179	15	193	1.67e-51	160
EGBHEG_04745	KNHFLC_14100	37.3	292	163	5	1	280	1	284	4.75e-50	163
EGBHEG_04745	NLFOCH_02220	37.3	308	156	8	2	275	9	313	1.71e-48	160
EGBHEG_04745	CJHDOF_01680	34.0	294	173	9	1	283	1	284	1.41e-47	157
EGBHEG_04755	BKMNND_07850	32.4	346	221	3	6	339	311	655	1.02e-48	170
EGBHEG_04785	PPPHGA_24900	45.8	177	87	3	7	183	28	195	4.50e-49	154
EGBHEG_04860	DPDMEB_13265	45.1	226	122	2	1	225	33	257	1.12e-64	197
EGBHEG_04875	GLEIFN_03595	47.4	192	90	3	10	197	10	194	1.32e-50	162
EGBHEG_04885	LKLDMN_19325	44.3	221	117	3	1	219	1	217	3.44e-56	174
EGBHEG_04930	BGHMFE_04500	34.7	669	403	14	2	646	4	662	5.92e-113	350
EGBHEG_04935	ALJKBN_18190	42.4	262	144	4	222	478	340	599	3.20e-53	185
EGBHEG_04990	ANJGBN_04410	47.6	359	179	4	3	361	8	357	8.94e-102	301
EGBHEG_05000	IJGGGM_15885	49.7	443	213	3	1	442	1	434	5.81e-150	430
EGBHEG_05000	AADGFO_06055	48.2	448	224	3	2	441	25	472	8.12e-146	441
EGBHEG_05015	CAGOKC_07305	49.5	222	108	1	12	233	9	226	1.87e-74	223
EGBHEG_05020	NEHECH_06835	45.8	369	198	1	6	372	2	370	1.21e-117	343
EGBHEG_05050	NBGKDJ_08915	58.1	234	97	1	1	233	5	238	5.59e-88	256
EGBHEG_05055	OIDBIB_07015	53.2	250	115	2	3	252	4	251	2.08e-84	249
EGBHEG_05060	BNHFML_03630	41.0	315	171	4	24	327	12	322	2.83e-70	219
EGBHEG_05060	FCHPAI_07580	37.3	276	125	6	54	282	39	313	2.22e-45	157
EGBHEG_05065	NGIGMC_11335	45.5	297	151	3	2	288	2	297	1.26e-73	224
EGBHEG_05070	GBCGGE_04600	36.3	397	227	11	8	390	62	446	2.35e-62	203
EGBHEG_05090	IMJCGK_11625	28.6	514	332	12	1	499	3	496	2.14e-53	186
EGBHEG_05090	OBHJLJ_05995	27.1	538	354	15	1	515	4	526	5.03e-45	165
EGBHEG_05095	NIIHOH_13450	36.8	307	175	3	11	299	6	311	1.35e-66	207
EGBHEG_05150	NNLPHK_08690	38.0	361	222	2	6	365	3	362	2.17e-82	258
EGBHEG_05150	LKAFFP_06110	34.4	363	228	4	11	367	8	366	2.40e-73	233
EGBHEG_05150	FLJHGF_06385	28.7	359	252	3	13	368	7	364	6.00e-47	163
EGBHEG_05165	ALJKBN_18190	48.7	271	133	2	258	522	329	599	8.53e-71	233
EGBHEG_05185	OEDLLD_10335	32.0	306	204	3	7	312	7	308	2.09e-59	189
EGBHEG_05190	AJKFOC_09815	36.7	341	193	7	4	328	2	335	1.06e-59	191
EGBHEG_05190	GCDEGP_08150	33.3	300	197	2	43	339	100	399	1.76e-53	177
EGBHEG_05205	JAFONP_12205	32.3	569	371	6	5	567	46	606	3.23e-91	289
EGBHEG_05205	OEDLLD_08805	31.1	511	348	4	64	571	220	729	8.15e-85	275
EGBHEG_05205	KAJCKN_09590	32.8	549	362	4	22	565	23	569	4.54e-81	261
EGBHEG_05205	KMMJBO_11065	27.3	593	391	5	18	571	19	610	1.69e-66	224
EGBHEG_05205	MGCPIK_11245	39.6	230	138	1	334	562	45	274	2.69e-52	177
EGBHEG_05210	JAFONP_12205	54.9	577	259	1	13	589	37	612	3.67e-209	593
EGBHEG_05210	OEDLLD_08805	37.7	512	316	3	72	582	215	724	8.85e-98	310
EGBHEG_05210	KAJCKN_09590	29.8	483	336	2	100	581	89	569	3.29e-71	236
EGBHEG_05210	KMMJBO_11065	26.7	610	411	2	15	588	2	611	3.07e-67	226
EGBHEG_05210	MGCPIK_11245	43.8	265	143	2	320	578	10	274	5.06e-67	216
EGBHEG_05500	CPJNAH_18580	32.0	328	178	8	1	297	1	314	4.91e-49	162
EGBHEG_05515	CPMPBM_06160	50.0	180	69	3	6	184	4	163	7.36e-54	166
EGBHEG_05605	EOGDPL_27240	41.4	471	259	7	309	771	338	799	4.67e-105	337
EGBHEG_05605	AIOPCH_03715	37.0	430	268	3	344	771	76	504	1.06e-92	296
EGBHEG_05605	NPLHCN_14260	30.1	418	280	5	358	771	137	546	3.29e-60	218
EGBHEG_05605	BDIMAC_12110	27.3	524	316	16	2	507	29	505	7.50e-41	153
EGBHEG_05630	KPNMII_11605	34.1	540	343	9	10	541	2	536	3.33e-86	274
EGBHEG_05635	IJCGKP_02285	56.9	248	107	0	1	248	26	273	1.24e-102	296
EGBHEG_05645	CAGOKC_07305	47.8	230	116	2	4	233	3	228	7.56e-76	226
EGBHEG_05655	FNINNI_04550	54.2	524	236	3	1	524	1	520	2.62e-187	531
EGBHEG_05705	ODPBAK_16055	55.1	370	160	4	5	369	3	371	1.19e-148	421
EGBHEG_05705	LMBKNE_15370	35.5	366	220	9	6	368	84	436	4.58e-67	214
EGBHEG_05725	AHFGAK_10390	46.7	375	198	2	1	374	1	374	5.27e-106	313
EGBHEG_05730	CAGOKC_07435	49.4	441	217	3	29	469	36	470	4.15e-148	428
EGBHEG_05740	AJKFOC_11935	44.3	309	156	8	18	311	24	331	1.49e-72	223
EGBHEG_05800	IJGGGM_11235	30.8	312	211	5	74	382	627	936	2.36e-45	163
EGBHEG_05890	IPLLHO_16290	55.4	249	110	1	2	249	31	279	9.44e-93	271
EGBHEG_05895	NICIMJ_15570	43.2	222	125	1	3	223	2	223	6.42e-59	182
EGBHEG_05920	FGDENG_17745	47.4	304	160	0	1	304	1	304	5.77e-87	259
EGBHEG_05935	AIAJBN_19275	53.4	416	187	2	1	416	1	409	7.22e-160	453
EGBHEG_05940	CDILFK_05205	37.3	306	162	4	16	301	38	333	1.99e-62	203
EGBHEG_05945	AAHMDH_12575	61.7	559	203	4	1	550	1	557	3.06e-246	683
EGBHEG_05950	NEEMKD_13085	56.4	227	95	3	100	323	1	226	2.43e-90	266
EGBHEG_05955	NEEMKD_13085	41.2	228	126	6	95	317	1	225	8.60e-47	154
EGBHEG_05960	ADMHII_10200	46.3	268	119	5	69	315	194	457	8.26e-73	228
EGBHEG_05960	JIBABB_11530	38.7	282	166	1	33	314	67	341	4.31e-63	199
EGBHEG_05965	DNHLFN_07150	40.0	305	182	1	1	305	1	304	1.83e-74	227
EGBHEG_05995	LKEOCB_18860	63.6	198	71	1	2	199	1	197	4.99e-96	274
EGBHEG_06005	MLIPEK_01420	44.0	357	198	2	3	359	2	356	7.36e-93	290
EGBHEG_06010	CHFKLB_10885	38.6	277	136	7	1	251	7	275	3.07e-56	178
EGBHEG_06020	CPJMGC_00225	54.1	229	104	1	63	291	66	293	2.14e-81	244
EGBHEG_06050	LMAAGL_07260	47.6	208	108	1	4	211	3	209	1.45e-58	184
EGBHEG_06090	AADGFO_06055	85.8	1146	162	1	1	1146	21	1165	0.0	1952
EGBHEG_06090	IJGGGM_15885	44.0	448	233	7	5	451	2	432	3.51e-111	350
EGBHEG_06090	FLAJJJ_08755	46.2	208	104	2	525	732	5	204	8.62e-53	180
EGBHEG_06105	OEKCMO_04465	32.2	311	199	6	282	584	281	587	4.24e-46	167
EGBHEG_06130	CCDOAK_00015	35.3	502	303	6	2	487	26	521	7.41e-97	299
EGBHEG_06130	IOBNAI_13140	55.0	218	92	2	285	496	1	218	1.34e-74	231
EGBHEG_06130	MIKFNA_15845	42.2	230	129	1	271	496	11	240	7.03e-53	175
EGBHEG_06135	MCIHLG_04880	49.7	169	83	2	1	167	1	169	5.66e-54	165
EGBHEG_06140	BDIMAC_08940	43.1	297	155	7	3	294	5	292	1.10e-66	221
EGBHEG_06150	JCFJEP_06495	60.8	693	263	5	12	697	47	737	8.29e-306	848
EGBHEG_06225	ACDGMF_10700	51.5	396	184	3	3	391	1	395	1.20e-142	407
EGBHEG_06260	KCDKMK_07335	37.3	327	192	6	26	343	25	347	5.69e-70	225
EGBHEG_06270	MMNNJC_09750	37.0	467	262	12	7	448	8	467	1.26e-81	256
EGBHEG_06300	DEAMOH_13710	29.8	446	278	12	6	438	3	426	3.21e-50	172
EGBHEG_06305	AKJKEO_08215	39.3	534	310	7	1	526	58	585	1.73e-123	376
EGBHEG_06305	BBKFDB_00315	33.0	534	304	14	6	531	2	489	2.44e-70	229
EGBHEG_06330	IFHDGK_16005	37.3	807	469	11	20	796	57	856	1.66e-153	466
EGBHEG_06335	PGIDOF_19085	37.4	214	118	2	36	233	22	235	7.22e-49	157
EGBHEG_06335	JAFONP_18590	38.6	215	128	2	19	233	50	260	9.68e-47	152
EGBHEG_06340	NNLPHK_08690	42.2	358	202	4	6	361	3	357	5.07e-90	279
EGBHEG_06340	LKAFFP_06110	39.7	360	212	5	11	367	8	365	4.60e-75	238
EGBHEG_06340	FLJHGF_06385	32.6	350	230	5	9	355	4	350	3.14e-56	189
EGBHEG_06355	BAAIKL_11970	53.7	177	81	1	9	184	8	184	9.60e-62	188
EGBHEG_06365	FFLKCG_02860	58.4	413	167	4	6	414	4	415	1.04e-164	465
EGBHEG_06375	MIMPCD_10300	43.7	517	284	2	3	518	4	514	5.00e-135	399
EGBHEG_06380	PAHPGF_09515	33.1	287	191	1	1	287	1	286	2.43e-51	167
EGBHEG_06385	HEEEIG_02325	44.1	245	136	1	6	250	6	249	1.71e-73	221
EGBHEG_06440	ANOIGO_11635	34.6	570	351	9	1	559	1	559	3.25e-112	342
EGBHEG_06445	LPAOAJ_11445	37.0	389	240	3	7	390	22	410	7.65e-85	260
EGBHEG_06450	KEIMNK_08395	83.4	157	26	0	1	157	34	190	4.26e-97	275
EGBHEG_06455	NEEMKD_07245	52.9	601	272	4	9	601	7	604	7.89e-225	635
EGBHEG_06500	NIJAON_03930	34.8	273	175	3	14	283	20	292	1.38e-59	188
EGBHEG_06525	GKLKJE_13615	75.9	336	75	1	1	330	1	336	1.79e-181	501
EGBHEG_06530	FBNFHD_02190	80.0	230	46	0	1	230	47	276	5.40e-138	384
EGBHEG_06540	LKLDMN_19325	45.6	217	115	1	4	220	6	219	4.17e-65	197
EGBHEG_06555	HGCDGK_00635	44.7	443	244	1	2	444	25	466	7.52e-118	349
EGBHEG_06555	FCHPAI_15930	31.9	370	252	0	14	383	18	387	2.40e-71	227
EGBHEG_06565	IFIEJI_09795	91.5	164	14	0	1	164	1	164	1.13e-100	293
EGBHEG_06605	FKJBDL_04740	43.7	689	381	5	1	686	42	726	1.18e-203	587
EGBHEG_06605	JIBNCO_01295	38.7	690	408	5	2	677	35	723	2.41e-177	520
EGBHEG_06615	PIHIOG_12120	36.6	314	194	5	1	311	1	312	1.20e-58	187
EGBHEG_06615	DHFKBB_08410	33.9	316	202	3	3	312	2	316	1.16e-56	182
EGBHEG_06620	JAEGOD_06035	45.3	402	217	3	1	401	3	402	1.34e-112	332
EGBHEG_06625	IBDNDD_05395	47.1	242	126	2	3	243	4	244	1.66e-73	220
EGBHEG_06645	GOMFON_03155	50.5	186	91	1	38	222	36	221	1.78e-62	191
EGBHEG_06650	JIBABB_11780	45.3	245	134	0	2	246	4	248	9.11e-68	206
EGBHEG_06655	GKEJOP_02715	49.5	214	107	1	1	213	1	214	6.23e-73	217
EGBHEG_06675	GCBDME_20340	51.6	273	129	1	3	275	2	271	7.19e-92	270
EGBHEG_06690	PBNOEJ_00970	35.2	836	435	13	13	755	1	822	1.73e-153	464
EGBHEG_06710	FIPDDK_10380	45.4	251	136	1	19	268	18	268	3.60e-66	204
EGBHEG_06730	MCNJPA_03870	33.5	495	302	9	1	480	1	483	6.81e-80	254
EGBHEG_06750	OPDKDG_08630	62.2	222	83	1	48	269	1	221	1.32e-95	277
EGBHEG_06755	ECMPMP_08745	43.3	298	167	2	8	304	18	314	8.80e-76	231
EGBHEG_06765	BKEOOB_02685	54.8	217	98	0	2	218	4	220	1.46e-82	242
EGBHEG_06765	LKLDMN_19325	37.3	217	130	3	2	215	4	217	3.13e-47	152
EGBHEG_06770	ILCLPH_22225	46.1	297	157	2	1	296	1	295	1.97e-79	239
EGBHEG_06785	BMCEAO_10385	68.0	651	208	0	4	654	66	716	1.71e-316	872
EGBHEG_06790	NCLFML_05230	60.7	941	365	4	1	939	1	938	0.0	1138
EGBHEG_06800	GLCPEN_08265	58.6	403	166	1	4	405	4	406	1.06e-162	459
EGBHEG_06805	IINDLL_04140	30.7	472	298	10	15	481	23	470	6.23e-54	184
EGBHEG_06810	PKLMMB_01070	50.9	623	302	3	1	621	1	621	1.03e-219	621
EGBHEG_06810	MHMDOE_03535	41.2	609	339	7	11	617	18	609	2.66e-146	434
EGBHEG_06815	CFMBFO_15145	44.4	313	144	3	20	302	17	329	2.86e-81	246
EGBHEG_06820	KDNFKF_00210	46.0	285	149	2	1	283	1	282	1.32e-87	259
EGBHEG_06825	MPNMPI_07760	50.2	311	152	1	104	411	7	317	1.86e-102	305
EGBHEG_06830	PIHIOG_02935	47.9	313	160	2	1	312	1	311	2.38e-92	273
EGBHEG_06840	JCMKKN_05780	47.4	1197	562	14	4	1189	2	1141	0.0	1043
EGBHEG_06845	LKEOCB_03390	36.4	319	181	2	2	298	7	325	1.46e-67	211
EGBHEG_06850	NIHDHO_06285	48.8	477	234	4	1	472	1	472	8.16e-148	427
EGBHEG_06855	CPJNAH_07045	35.9	532	256	8	3	453	4	531	4.01e-112	340
EGBHEG_06860	AAIDMG_03830	42.4	302	168	5	46	345	46	343	2.08e-76	235
EGBHEG_06885	DEAMOH_13710	47.9	436	214	8	4	434	1	428	3.76e-116	344
EGBHEG_06930	OMDIBH_06250	57.6	368	151	1	4	366	29	396	5.15e-139	397
EGBHEG_06940	IDAAGF_01625	42.4	484	248	9	9	480	277	741	1.76e-121	369
EGBHEG_06955	PPECAL_01620	40.4	728	377	16	6	685	4	722	8.18e-154	459
EGBHEG_06955	EDPPFC_12330	31.1	726	424	18	11	686	7	706	1.07e-102	325
EGBHEG_06965	BDJIAA_08435	49.6	268	131	4	4	270	1	265	7.96e-84	248
EGBHEG_06970	NDCBAB_13250	45.6	338	176	4	1	332	1	336	4.43e-89	267
EGBHEG_07030	NPLHCN_14260	32.7	394	231	11	595	967	1480	1860	3.00e-45	174
EGBHEG_07030	JHIMFH_08715	30.9	372	239	8	598	958	31	395	3.42e-44	162
EGBHEG_07055	OMINCF_00680	37.2	374	220	5	15	378	13	381	2.46e-75	235
EGBHEG_07055	CAHMAH_08565	38.6	339	201	3	16	348	14	351	6.83e-73	229
EGBHEG_07055	AOOCMJ_07215	34.2	368	224	6	13	367	10	372	3.19e-61	199
EGBHEG_07060	CEPJKO_06065	46.7	167	89	0	414	580	12	178	1.15e-43	150
EGBHEG_07070	AKJKEO_08215	34.3	540	330	8	1	527	58	585	2.02e-92	295
EGBHEG_07070	BBKFDB_00315	27.4	536	320	14	5	525	1	482	1.39e-54	187
EGBHEG_07075	DEAMOH_13710	30.8	445	278	10	5	439	2	426	3.26e-59	196
EGBHEG_07090	OOMOLM_10315	62.7	820	288	6	4	806	8	826	0.0	940
EGBHEG_07090	PJGAFD_00175	38.0	574	326	10	239	808	70	617	2.06e-110	347
EGBHEG_07090	INHOHM_11200	31.9	762	438	21	71	808	1	705	4.34e-87	287
EGBHEG_07090	ALODHP_02915	31.9	504	331	6	263	762	155	650	1.93e-71	244
EGBHEG_07090	DIIMPP_11540	30.5	538	340	8	234	745	53	582	2.95e-53	193
EGBHEG_07130	HDKNDC_03395	46.6	393	209	1	1	393	1	392	1.29e-136	392
EGBHEG_07130	MNPOJG_01295	29.4	378	227	9	34	388	54	414	1.05e-43	153
EGBHEG_07150	GFMNBM_18445	52.3	218	103	1	7	223	4	221	6.85e-79	233
EGBHEG_07155	CAGOKC_05665	46.8	427	218	3	7	429	1	422	4.12e-142	409
EGBHEG_07175	ACCPON_01955	64.8	596	203	4	18	607	7	601	2.61e-260	729
EGBHEG_07190	GAOLHI_08600	53.8	212	98	0	6	217	5	216	1.15e-75	224
EGBHEG_07195	EDPPFC_05720	54.0	239	107	2	1	238	6	242	9.20e-87	254
EGBHEG_07205	IFIEJI_09795	43.0	172	98	0	4	175	3	174	2.94e-45	150
EGBHEG_07210	PAHPGF_09515	47.5	282	148	0	5	286	3	284	3.71e-89	264
EGBHEG_07220	PKNFGM_01310	39.9	464	238	4	16	444	7	464	6.14e-117	347
EGBHEG_07225	FGOPKK_02625	45.5	3073	1381	34	10	3017	64	2906	0.0	2533
EGBHEG_07310	AEHBLL_10425	47.0	489	222	4	1	454	1	487	3.83e-137	400
EGBHEG_07325	NIMMDJ_02025	57.3	365	120	7	4	338	5	363	3.91e-146	413
EGBHEG_07335	OKHOCL_06130	50.5	277	136	1	2	278	3	278	7.94e-97	282
EGBHEG_07335	NMNMDH_14380	38.2	285	168	3	2	279	3	286	8.27e-64	198
EGBHEG_07350	IFHDGK_04315	43.9	239	131	1	7	242	5	243	1.49e-62	209
EGBHEG_07350	PPPHGA_03180	42.3	196	113	0	44	239	37	232	7.81e-51	168
EGBHEG_07370	FNBBHI_10615	58.2	328	136	1	1	327	37	364	3.95e-139	395
EGBHEG_07415	PHEGCG_16825	46.3	227	119	2	37	262	219	443	1.73e-64	205
EGBHEG_07430	CGHKFF_00600	32.2	369	216	13	1	350	1	354	4.73e-47	163
EGBHEG_07480	LKLDMN_19325	42.5	221	123	2	1	221	1	217	4.26e-51	172
EGBHEG_07500	JLCMGD_15675	60.3	295	115	1	7	301	177	469	7.78e-125	361
EGBHEG_07550	HFPDKM_12815	76.6	531	124	0	1	531	34	564	2.66e-305	832
EGBHEG_07550	JIBNCO_01295	28.2	510	321	11	8	484	39	536	2.94e-47	171
EGBHEG_07625	IJGGGM_11235	38.0	426	261	3	373	798	515	937	2.58e-92	311
EGBHEG_07660	CKMOEO_08105	45.9	499	255	9	1	489	1	494	9.69e-161	461
EGBHEG_07680	OEKCMO_04465	30.7	398	256	8	199	584	196	585	8.30e-46	167
EGBHEG_07695	JCFJEP_06495	60.0	703	274	4	12	708	47	748	1.42e-311	863
EGBHEG_07710	LMAAGL_07260	53.9	206	94	1	5	210	3	207	1.50e-72	220
EGBHEG_07715	DEAMOH_13710	46.9	439	220	6	6	442	1	428	1.44e-116	345
EGBHEG_07725	IDAAGF_01625	55.2	484	192	9	9	486	277	741	2.64e-183	528
EGBHEG_07770	EMGIMK_04390	50.4	337	166	1	1	336	1	337	5.38e-125	371
EGBHEG_07775	EMGIMK_04390	55.9	374	148	6	82	447	299	663	5.63e-133	399
EGBHEG_07780	EFDFGM_03780	50.8	465	228	1	1	465	36	499	1.43e-177	503
EGBHEG_07830	JBCEHI_12990	50.4	252	118	4	3	251	1	248	1.37e-78	234
EGBHEG_07830	JHLGGO_08550	34.3	254	160	4	4	251	14	266	2.23e-46	152
EGBHEG_07835	ALJLGD_02565	67.3	468	153	0	4	471	63	530	1.71e-223	621
EGBHEG_07860	HOBHPC_14180	39.1	248	149	2	1	248	21	266	4.24e-60	187
EGBHEG_07870	AHFGAK_17940	50.4	407	199	3	1	406	1	405	4.53e-138	397
EGBHEG_07880	AEGBGH_00595	57.0	658	276	6	6	662	4	655	1.57e-252	708
EGBHEG_07930	AEGBGH_00595	56.9	661	272	7	6	662	4	655	8.39e-255	714
EGBHEG_07935	IDAAGF_01625	40.3	484	254	12	6	470	274	741	2.60e-113	347
EGBHEG_07990	PBNOEJ_07315	41.0	210	120	2	5	210	2	211	2.05e-47	159
EGBHEG_08005	FKNOEG_01930	45.8	653	301	6	1	604	95	743	7.68e-187	542
EGBHEG_08005	GOBLEJ_02435	36.4	294	169	8	280	568	32	312	5.50e-46	162
EGBHEG_08015	CACJBM_15755	36.3	331	200	7	1	324	2	328	1.33e-64	206
EGBHEG_08055	DCEHBH_13500	72.9	362	94	3	1	359	29	389	1.82e-188	523
EGBHEG_08060	PNJNHA_05030	46.8	280	149	0	3	282	4	283	2.37e-88	261
EGBHEG_08080	PHMEJC_03885	60.1	406	158	2	4	406	67	471	2.99e-180	506
EGBHEG_08110	JLFFKH_10735	46.9	352	186	1	3	354	4	354	8.46e-112	326
EGBHEG_08125	AGOHIM_03540	63.8	229	82	1	1	229	9	236	7.50e-117	329
EGBHEG_08145	FLKHEJ_00260	47.7	243	127	0	17	259	7	249	1.55e-67	207
EGBHEG_08185	FDDOCG_07575	48.7	312	156	2	1	309	1	311	1.34e-97	287
EGBHEG_08185	HPIFBD_01690	35.7	333	180	6	1	313	1	319	8.01e-58	185
EGBHEG_08245	OJBOFE_06605	79.7	816	166	0	1	816	74	889	0.0	1353
EGBHEG_08250	PHMEJC_20060	44.9	470	254	3	13	477	67	536	8.89e-143	416
EGBHEG_08250	KHMKPO_15140	34.6	355	228	3	126	477	168	521	7.79e-58	196
EGBHEG_08260	LKEOCB_02500	46.5	230	123	0	97	326	29	258	4.33e-70	216
EGBHEG_08265	GAOLHI_01445	51.9	347	167	0	1	347	42	388	8.46e-132	378
EGBHEG_08265	NIINMJ_19970	38.8	340	201	3	9	344	43	379	1.29e-70	222
EGBHEG_08270	KNMGON_10840	39.9	456	222	7	3	426	2	437	3.08e-96	292
EGBHEG_08275	MPNMPI_02470	49.0	357	180	1	1	357	1	355	4.82e-112	327
EGBHEG_08275	NMDBHH_02165	35.4	413	199	4	5	357	6	410	2.72e-76	238
EGBHEG_08285	IBDNDD_06235	41.8	261	149	3	4	263	3	261	1.15e-64	199
EGBHEG_08300	LKEOCB_02500	48.9	227	116	0	97	323	29	255	1.09e-70	218
EGBHEG_08305	PBMMBN_15485	39.2	268	158	4	1	267	4	267	4.60e-58	183
EGBHEG_08335	AHFGAK_17940	40.8	392	212	7	7	381	2	390	1.24e-87	268
EGBHEG_08345	JEKOGE_06050	42.1	437	248	3	4	437	2	436	1.33e-108	326
EGBHEG_08370	JCFJEP_06495	25.0	816	467	25	36	807	24	738	5.06e-42	160
EGBHEG_08375	NEEMKD_06435	36.4	385	228	5	44	417	41	419	2.30e-89	273
EGBHEG_08460	EOGDPL_15890	52.2	366	174	1	1	365	1	366	3.74e-145	412
EGBHEG_08520	MFKGBO_06890	41.1	309	177	2	1	308	1	305	4.22e-81	244
EGBHEG_08560	OODMEK_16380	35.7	244	149	3	12	251	4	243	3.44e-49	159
EGBHEG_08630	NLAFOC_00650	43.7	270	141	4	5	268	5	269	8.09e-71	215
EGBHEG_08635	GFMNBM_06415	45.9	246	128	2	5	248	52	294	2.40e-73	222
EGBHEG_08640	OBLGAK_01710	36.4	365	221	5	1	360	1	359	1.73e-70	222
EGBHEG_08650	ELHJGG_11730	54.1	242	109	1	1	242	1	240	6.91e-88	257
EGBHEG_08660	PDFOOG_00510	47.2	652	332	4	2	649	8	651	5.21e-208	594
EGBHEG_08705	BBKFDB_00315	55.4	487	205	3	1	476	1	486	1.72e-190	536
EGBHEG_08705	AKJKEO_08215	36.4	516	273	12	5	469	66	577	4.58e-91	290
EGBHEG_08735	IDAAGF_01625	48.8	168	78	3	8	167	574	741	5.85e-49	164
EGBHEG_08740	MFGBFB_07135	63.9	208	71	3	1	208	1	204	1.64e-98	281
EGBHEG_08750	PKLMMB_01070	39.4	343	198	7	4	339	3	342	1.20e-71	231
EGBHEG_08750	MHMDOE_03535	32.6	285	182	5	4	281	10	291	5.86e-45	159
EGBHEG_08760	LKAFFP_03145	46.3	391	203	5	5	391	4	391	5.71e-120	350
EGBHEG_08760	KKMOGI_03320	38.8	397	235	3	1	393	21	413	1.98e-93	283
EGBHEG_08765	GKLKJE_06895	55.8	283	122	2	1	283	5	284	3.75e-110	317
EGBHEG_08770	CPCJJL_13635	45.2	409	220	3	1	407	1	407	1.86e-115	339
EGBHEG_08775	PIJCBA_10525	42.8	346	195	2	1	344	73	417	1.15e-96	289
EGBHEG_08780	KIBBKD_08070	57.4	455	194	0	2	456	3	457	1.44e-190	535
EGBHEG_08785	BDFMEP_06280	56.4	401	172	3	5	405	2	399	1.23e-160	454
EGBHEG_08800	PNDHNJ_00120	42.1	515	294	2	35	546	67	580	3.97e-137	406
EGBHEG_08805	ACCGGA_01290	51.3	234	112	2	1	233	1	233	5.04e-81	239
EGBHEG_08810	MLIPEK_08015	42.2	187	106	2	1	185	1	187	1.62e-47	150
EGBHEG_08815	CPMPBM_00160	53.3	499	228	4	1	499	1	494	2.47e-182	516
EGBHEG_08820	HNGOGK_09900	48.6	477	240	4	1	475	1	474	2.13e-153	441
EGBHEG_08825	MFPIGK_04845	52.8	326	153	1	3	328	4	328	5.90e-121	351
EGBHEG_08835	PPCHMH_10210	43.1	218	124	0	4	221	3	220	1.14e-58	181
EGBHEG_08840	PBAKMA_17510	43.9	280	155	2	9	288	9	286	3.73e-66	205
EGBHEG_08850	FPMAMI_13105	39.9	218	127	3	11	224	3	220	2.94e-49	157
EGBHEG_08860	EKIEJL_04035	45.1	319	170	3	16	333	4	318	7.03e-97	286
EGBHEG_08860	HFMJLE_01865	35.7	300	180	2	24	311	39	337	4.21e-61	195
EGBHEG_08880	HJGNEK_06795	49.4	261	129	2	1	260	1	259	5.92e-71	215
EGBHEG_08885	EAGKMD_10480	63.0	435	161	0	27	461	62	496	2.21e-198	556
EGBHEG_08890	CFELJI_06925	35.9	270	142	4	12	260	11	270	6.01e-50	162
EGBHEG_08910	ALJKBN_18190	52.2	272	124	2	297	565	331	599	1.60e-83	268
EGBHEG_08925	PMEPJL_13775	34.8	405	236	6	457	835	10	412	2.56e-73	243
EGBHEG_08935	HGOKLA_19985	42.1	425	192	5	8	379	4	427	1.41e-101	304
EGBHEG_08945	HIADJD_07200	41.5	620	321	7	10	591	6	621	9.84e-154	461
EGBHEG_08950	KOGAEP_18980	31.8	961	554	19	9	908	14	934	3.05e-127	403
EGBHEG_08950	IFHDGK_16005	23.3	797	504	19	10	794	45	746	2.08e-39	153
EGBHEG_08955	CEPJKO_06065	47.4	175	92	0	13	187	4	178	7.28e-51	159
EGBHEG_08960	CEPJKO_06065	44.4	171	95	0	12	182	4	174	2.65e-51	160
EGBHEG_08995	MJLBJD_19950	55.8	351	149	4	1	350	1	346	8.27e-136	387
EGBHEG_09010	KGACJP_17535	50.2	271	127	5	47	312	78	345	2.71e-81	248
EGBHEG_09015	CCDOAK_00015	33.8	512	324	6	3	505	25	530	7.29e-86	271
EGBHEG_09015	MIKFNA_15845	51.8	228	110	0	276	503	11	238	8.43e-77	238
EGBHEG_09015	IOBNAI_13140	43.1	216	121	1	290	503	1	216	1.15e-50	169
EGBHEG_09020	ABEMBM_08395	52.0	331	145	3	13	329	7	337	1.51e-105	310
EGBHEG_09025	KAGJDG_11430	39.9	321	178	4	23	329	28	347	7.37e-70	218
EGBHEG_09030	OEKCMO_04465	29.1	553	354	14	50	586	57	587	8.36e-65	219
EGBHEG_09035	ADOCAH_00385	53.9	495	218	3	5	489	6	500	1.38e-190	537
EGBHEG_09045	IMMPMF_02225	55.9	229	97	3	1	228	1	226	3.10e-88	256
EGBHEG_09055	AEGBGH_00595	57.0	661	271	7	6	662	4	655	4.17e-255	715
EGBHEG_09060	DDOCLK_06550	70.9	525	151	2	12	534	26	550	2.06e-280	769
EGBHEG_09070	NPCMJE_14900	43.4	325	178	3	51	374	33	352	2.00e-83	254
EGBHEG_09075	CCDOAK_00015	35.9	507	304	7	4	501	25	519	7.44e-92	286
EGBHEG_09075	IOBNAI_13140	49.1	212	104	2	295	504	1	210	1.07e-59	192
EGBHEG_09080	NMNMDH_20545	51.4	395	182	3	9	397	21	411	6.57e-118	345
EGBHEG_09085	AEPIDE_09480	34.0	285	177	4	1	275	1	284	1.62e-50	164
EGBHEG_09095	OACJHM_06000	48.4	461	229	3	12	472	22	473	5.30e-146	422
EGBHEG_09110	EOGDPL_27240	38.6	428	253	4	56	483	389	806	7.20e-97	306
EGBHEG_09110	NPLHCN_14260	29.3	434	284	5	57	483	136	553	1.32e-56	199
EGBHEG_09120	AAIDMG_03830	34.8	296	187	5	44	334	42	336	3.95e-53	175
EGBHEG_09125	CCDOAK_00015	37.2	487	297	4	3	481	27	512	5.42e-99	305
EGBHEG_09125	IOBNAI_13140	48.7	199	102	0	284	482	1	199	2.45e-58	189
EGBHEG_09125	MIKFNA_15845	43.5	216	116	2	280	492	21	233	3.18e-46	157
EGBHEG_09130	HDOOEE_06365	61.9	428	143	4	1	408	1	428	1.54e-165	468
EGBHEG_09140	OEKCMO_04465	51.4	589	284	2	2	590	1	587	5.57e-214	605
EGBHEG_09150	AAIDMG_03830	33.0	355	216	9	2	342	3	349	4.68e-49	164
EGBHEG_09155	AAIDMG_03830	55.3	351	150	3	2	349	3	349	9.65e-131	374
EGBHEG_09160	AAIDMG_03830	56.4	307	133	1	37	343	41	346	2.39e-122	352
EGBHEG_09175	FKEMDL_10030	40.5	578	187	5	1	421	7	584	9.91e-132	390
EGBHEG_09190	FNBBHI_10615	43.2	338	181	5	1	328	37	373	7.99e-86	259
EGBHEG_09195	GIAEGI_04580	55.4	157	70	0	232	388	2	158	1.53e-54	174
EGBHEG_09225	ABLLAG_03005	47.8	186	94	2	19	204	5	187	4.73e-57	176
EGBHEG_09230	JECHMI_13235	45.8	264	138	2	4	267	1	259	1.28e-83	248
EGBHEG_09235	MKABCP_07780	49.4	482	242	1	4	483	3	484	5.19e-168	479
EGBHEG_09240	GJDIKO_00970	55.9	279	120	3	4	280	3	280	1.44e-116	333
EGBHEG_09245	DBPIFH_03400	81.0	400	76	0	1	400	1	400	5.69e-251	689
EGBHEG_09250	LFIBHA_14155	40.8	471	180	5	8	379	5	475	1.10e-120	354
EGBHEG_09460	AFKLCO_01805	43.8	304	159	7	8	309	1	294	4.12e-69	213
EGBHEG_09485	EDPPFC_05720	51.7	232	111	1	7	238	12	242	4.48e-80	237
EGBHEG_09485	LKLDMN_19325	41.1	219	120	7	3	216	5	219	9.49e-47	151
EGBHEG_09505	LKAFFP_03145	31.3	428	243	12	19	438	1	385	1.65e-56	188
EGBHEG_09520	APAIPM_19325	29.1	409	278	6	52	455	38	439	8.46e-47	164
EGBHEG_09530	NIJAON_03930	47.2	286	141	3	2	277	3	288	1.31e-84	252
EGBHEG_09565	LPNJBB_08810	46.9	260	135	2	3	260	6	264	2.88e-68	209
EGBHEG_09585	PBNOEJ_04290	28.8	500	314	12	25	498	28	511	7.16e-52	180
EGBHEG_09610	EBLBNC_05865	52.1	236	113	0	355	590	2	237	2.18e-77	242
EGBHEG_09640	BKMNND_07850	33.0	349	207	7	7	333	310	653	1.86e-44	158
EGBHEG_09650	IMMPMF_02225	55.2	230	98	3	1	229	1	226	8.97e-86	250
EGBHEG_09660	OPDKDG_08630	54.7	223	99	2	47	269	1	221	2.89e-79	236
EGBHEG_09665	ECMPMP_08745	38.9	298	179	3	6	301	18	314	1.27e-67	210
EGBHEG_09675	BMJLCO_02760	47.6	212	109	2	2	212	3	213	3.08e-68	205
EGBHEG_09685	LPHKDC_08350	46.6	178	93	2	143	319	137	313	1.67e-45	154
EGBHEG_09695	IDJOEI_11860	40.5	746	320	9	9	649	15	741	1.10e-177	520
EGBHEG_09695	NLLOJM_03475	31.5	657	421	9	9	647	7	652	3.53e-97	308
EGBHEG_09700	GJDIKO_00030	44.0	659	352	8	12	664	5	652	1.86e-173	522
EGBHEG_09700	CIIHGC_05655	40.8	674	361	13	15	666	5	662	6.11e-147	455
EGBHEG_09700	EHJFJN_05890	32.3	663	406	22	19	672	4	632	5.27e-84	282
EGBHEG_09710	HKDGPL_08525	42.8	587	310	7	4	588	5	567	1.22e-159	465
EGBHEG_09715	KCPKPB_06465	53.3	353	165	0	5	357	26	378	6.59e-140	399
EGBHEG_09715	KNCJAM_10130	33.1	354	225	6	5	347	2	354	6.41e-55	182
EGBHEG_09725	GHIDNG_08685	59.5	1169	457	7	2	1160	3	1165	0.0	1368
EGBHEG_09735	MNPOJG_01295	57.1	394	169	0	1	394	24	417	2.21e-165	466
EGBHEG_09735	NKLDCP_09645	40.7	369	201	8	33	396	32	387	1.68e-79	246
EGBHEG_09765	NDCBAB_13250	35.0	371	202	8	1	362	1	341	4.34e-63	201
EGBHEG_09765	FKJBDL_15490	29.8	392	242	6	3	363	2	391	4.12e-54	179
EGBHEG_09775	EDPPFC_12330	39.1	708	411	7	1	690	1	706	8.96e-150	448
EGBHEG_09775	PPECAL_01620	26.7	734	461	17	10	689	12	722	1.35e-55	198
EGBHEG_09785	NBBJMH_14115	88.2	119	14	0	1	119	7	125	2.93e-72	207
EGBHEG_09800	PNIHGE_02065	64.3	456	107	7	1	403	1	453	7.85e-174	489
EGBHEG_09860	EOCOAH_08725	63.7	124	44	1	1	123	5	128	7.63e-55	164
EGBHEG_09875	CGDHDB_08820	42.3	567	151	12	1	564	1	394	7.20e-98	299
EGBHEG_09900	GHOOAO_17090	57.4	258	108	1	1	258	1	256	1.25e-113	323
EGBHEG_09915	DDAJHK_05315	51.4	385	144	6	4	346	10	393	6.24e-128	369
EGBHEG_09920	ALJLGD_16575	54.6	443	190	5	1	439	1	436	3.56e-180	507
EGBHEG_09960	NMNMDH_09010	41.7	252	145	1	1	250	1	252	2.37e-67	205
EGBHEG_09965	NEALDO_02625	35.7	213	124	3	10	222	2	201	2.87e-48	154
EGBHEG_09970	EGEPOE_09050	32.4	386	241	6	3	385	2	370	3.51e-66	211
EGBHEG_10030	NDDJEC_06240	76.1	142	33	1	1	142	1	141	2.57e-71	214
EGBHEG_10040	CMLBML_04400	57.5	421	177	2	6	425	2	421	1.05e-160	457
EGBHEG_10065	CFMCFG_03760	47.1	403	164	9	1	363	1	394	1.94e-94	283
EGBHEG_10085	MPNMPI_05755	48.7	261	129	3	2	258	4	263	1.42e-80	239
EGBHEG_10095	ENGICC_20285	45.0	613	332	2	1	613	25	632	6.61e-177	512
EGBHEG_10100	PPECAL_01430	41.4	720	373	6	10	688	5	716	5.47e-159	472
EGBHEG_10105	NMPEPJ_07300	54.8	294	126	2	160	448	10	301	1.72e-102	304
EGBHEG_10145	CGDHDB_11180	50.3	547	266	4	1	545	1	543	1.38e-191	544
EGBHEG_10145	HDKNDC_07670	39.4	535	322	2	5	538	50	583	5.58e-147	432
EGBHEG_10170	KOGAEP_18980	44.3	907	423	17	9	841	25	923	1.65e-206	608
EGBHEG_10170	IFHDGK_16005	26.9	741	482	18	6	737	53	742	1.25e-58	211
EGBHEG_10215	HPIFBD_09180	48.9	223	112	2	3	224	4	225	3.77e-74	222
EGBHEG_10235	BIJIBE_02780	41.1	698	374	12	42	728	24	695	7.80e-158	475
EGBHEG_10235	CNNHAB_05870	35.2	786	382	19	39	727	35	790	2.54e-111	358
EGBHEG_10250	CGDHDB_07975	48.1	615	285	8	2	593	3	606	7.99e-173	500
EGBHEG_10265	FGMGBK_12975	40.2	453	261	6	17	464	19	466	8.58e-106	320
EGBHEG_10275	MKBKLI_02280	54.3	245	108	3	1	241	1	245	2.92e-87	255
EGBHEG_10285	JKBIAL_02150	43.1	248	138	2	5	249	4	251	2.13e-69	210
EGBHEG_10290	PGEJHJ_01480	47.4	405	197	4	152	556	40	428	8.07e-113	339
EGBHEG_10355	BEIPKJ_08610	54.9	439	195	2	1	436	1	439	2.64e-168	476
EGBHEG_10370	EDPPFC_06940	45.9	1501	762	18	15	1503	4	1466	0.0	1266
EGBHEG_10375	PPECAL_07255	51.2	537	209	3	1	488	1	533	1.02e-185	526
EGBHEG_10395	CAEOFN_12655	43.9	399	224	0	1	399	1	399	3.23e-123	359
EGBHEG_10410	MPNMPI_08435	53.4	729	314	10	1	711	1	721	1.21e-266	748
EGBHEG_10410	ENNDNJ_02705	26.7	716	457	18	7	667	95	797	1.66e-68	236
EGBHEG_10440	EDPPFC_05720	36.0	239	148	3	3	237	7	244	6.72e-49	161
EGBHEG_10440	OIJDCC_03805	35.7	280	153	6	7	266	62	334	5.38e-45	155
EGBHEG_10475	EDPPFC_12330	36.1	721	407	13	6	693	2	701	1.99e-139	422
EGBHEG_10475	PPECAL_01620	27.0	736	484	17	1	697	1	722	3.66e-70	239
EGBHEG_10490	FKJBDL_15490	30.3	389	229	6	6	353	5	392	2.27e-52	174
EGBHEG_10535	EDPPFC_05720	51.5	237	115	0	1	237	6	242	3.50e-79	234
EGBHEG_10555	PHBJAG_07175	49.8	225	110	1	36	257	1	225	3.37e-78	233
EGBHEG_10560	GOMFON_01025	35.5	203	126	2	122	324	116	313	2.29e-45	154
EGBHEG_10565	LKLDMN_19325	43.1	218	120	2	5	222	4	217	7.31e-53	167
EGBHEG_10575	CEPJKO_06065	48.7	156	80	0	430	585	23	178	4.64e-45	154
EGBHEG_10585	IHHBLC_12520	46.2	266	141	1	7	270	11	276	2.74e-73	222
EGBHEG_10590	CEPJKO_06065	57.2	180	77	0	399	578	2	181	7.43e-65	206
EGBHEG_10595	IBGCAC_19095	61.7	253	97	0	1	253	10	262	7.26e-109	311
EGBHEG_10605	PPPHGA_13235	46.7	737	286	10	1	638	1	729	2.05e-209	600
EGBHEG_10605	ENNKMM_10645	28.8	451	285	11	11	444	62	493	5.89e-59	206
EGBHEG_10625	PDFOOG_10895	45.4	452	239	5	4	452	3	449	4.44e-148	426
EGBHEG_10630	PHEGCG_16300	30.4	408	272	5	6	411	41	438	1.39e-55	186
EGBHEG_10635	PJGAFD_04830	49.9	337	166	2	1	335	1	336	6.53e-113	328
EGBHEG_10640	MKABCP_07780	28.8	486	321	11	4	474	10	485	3.54e-58	196
EGBHEG_10640	NIIHOH_23285	26.9	565	269	13	5	454	4	539	6.94e-48	169
EGBHEG_10650	BDLLLF_08695	36.1	743	381	8	76	747	216	935	1.35e-150	460
EGBHEG_10665	NKLDCP_09645	51.7	383	182	2	7	387	6	387	5.82e-141	403
EGBHEG_10665	MNPOJG_01295	40.3	367	204	7	31	385	54	417	3.25e-86	264
EGBHEG_10670	OGOOED_16440	32.9	313	202	5	5	313	3	311	5.81e-55	179
EGBHEG_10680	CCDOAK_00015	53.8	509	232	3	4	510	25	532	1.35e-178	509
EGBHEG_10685	ANAEHF_03930	34.1	381	214	8	1	373	1	352	1.84e-49	168
EGBHEG_10690	HONECH_05975	43.4	302	149	5	15	294	15	316	7.53e-70	215
EGBHEG_10695	APHOBL_08810	56.2	210	90	2	4	212	13	221	1.96e-70	211
EGBHEG_10700	KIBBKD_06890	47.0	232	123	0	4	235	48	279	1.70e-63	196
EGBHEG_10735	NJJKOA_12030	40.9	635	312	19	11	625	22	613	1.61e-152	452
EGBHEG_10735	KNCOJD_04640	27.6	479	257	16	135	567	214	648	3.95e-44	165
EGBHEG_10745	KDFDAI_07250	57.0	563	242	0	9	571	145	707	8.77e-244	684
EGBHEG_10750	NDJCGB_22180	44.7	412	200	5	4	391	61	468	2.90e-114	338
EGBHEG_10760	EGMGCA_09000	32.3	387	237	4	4	365	10	396	3.90e-68	217
EGBHEG_10775	GIBOLB_11285	53.9	555	233	6	2	554	17	550	2.20e-201	569
EGBHEG_10775	LJGBCE_12900	39.2	556	301	9	7	554	56	582	3.69e-121	365
EGBHEG_10780	BDIMAC_08940	30.6	578	332	21	2	549	5	543	1.67e-65	219
EGBHEG_10805	ACDGMF_10700	46.0	387	204	2	10	391	8	394	5.51e-116	340
EGBHEG_10810	LCBAOM_08305	44.3	194	107	1	1	193	1	194	1.72e-53	167
EGBHEG_10815	KHCMCM_03020	52.3	455	206	3	6	451	23	475	2.60e-148	427
EGBHEG_10815	FIGKOO_11715	33.1	447	276	7	25	451	150	593	2.14e-66	219
EGBHEG_10845	NEHECH_06835	47.6	370	191	3	8	375	3	371	9.07e-116	338
EGBHEG_10850	KEIMNK_08395	63.7	157	57	0	1	157	34	190	1.95e-68	202
EGBHEG_10855	NEEMKD_07245	54.1	597	261	4	9	596	7	599	7.41e-233	655
EGBHEG_10860	AHNHLJ_13685	59.5	560	222	4	1	559	1	556	5.64e-251	696
EGBHEG_10860	JHFIBJ_16095	42.6	578	311	8	5	562	4	580	2.43e-158	475
EGBHEG_10880	FAIDMJ_00835	51.2	244	117	2	219	461	74	316	7.98e-80	247
EGBHEG_10890	FAIDMJ_00835	42.8	264	148	3	201	463	56	317	3.37e-72	227
EGBHEG_10895	GEHMID_04080	40.3	226	126	4	4	223	3	225	1.43e-48	155
EGBHEG_10935	GIBOLB_11285	51.9	566	253	4	5	570	3	549	1.54e-208	588
EGBHEG_10935	LJGBCE_12900	41.2	566	292	11	16	571	48	582	1.13e-121	367
EGBHEG_10995	EMGIMK_04390	50.7	337	165	1	1	336	1	337	7.59e-125	371
EGBHEG_11000	EMGIMK_04390	59.2	326	125	2	129	447	339	663	2.38e-128	387
EGBHEG_11005	EFDFGM_03780	52.8	468	220	1	1	468	36	502	1.04e-185	524
EGBHEG_11035	IHGOGA_02000	45.6	305	163	3	1	304	1	303	1.45e-84	253
EGBHEG_11055	OEDLLD_10335	33.0	312	197	3	1	308	1	304	7.43e-63	198
EGBHEG_11075	MJFKLL_00790	88.1	118	14	0	134	251	1	118	3.68e-72	213
EGBHEG_11080	CNNHAB_12390	41.9	437	244	2	17	444	1	436	1.04e-108	325
EGBHEG_11100	NLCFLM_09960	43.9	180	101	0	6	185	6	185	5.35e-51	166
EGBHEG_11120	DEAMOH_13710	48.8	434	214	5	5	436	1	428	3.59e-129	376
EGBHEG_11150	MHMMDG_07390	50.2	271	134	1	2	272	28	297	3.16e-91	270
EGBHEG_11200	EBFHBG_25625	40.4	332	192	3	340	671	3	328	4.09e-80	260
EGBHEG_11200	JCFJEP_06495	30.4	694	380	19	4	634	52	705	1.09e-71	245
EGBHEG_11210	NBBJMH_14115	63.8	116	42	0	1	116	7	122	3.35e-50	152
EGBHEG_11215	PPECAL_01620	41.5	720	378	8	5	684	6	722	1.28e-161	479
EGBHEG_11215	EDPPFC_12330	29.1	714	456	15	8	685	7	706	5.71e-94	302
EGBHEG_11230	NPLHCN_14260	38.0	382	217	9	27	394	1480	1855	5.25e-59	207
EGBHEG_11230	JHIMFH_08715	34.3	385	233	9	26	398	27	403	3.79e-55	187
EGBHEG_11240	BIKKBB_09420	29.7	448	307	5	2	442	3	449	2.38e-61	210
EGBHEG_11245	FGMGBK_12975	28.9	463	309	5	2	458	3	451	9.49e-71	230
EGBHEG_11270	OGFFFB_05795	65.6	389	134	0	1	389	36	424	8.54e-184	513
EGBHEG_11280	JLFFKH_10735	46.2	353	189	1	2	354	3	354	5.10e-108	317
EGBHEG_11300	PMOLLI_04005	70.3	192	55	1	1	192	37	226	7.04e-97	277
EGBHEG_11310	JHFIBJ_16095	39.5	382	216	4	22	390	151	530	5.19e-81	269
EGBHEG_11310	AHNHLJ_13685	38.1	367	218	5	22	383	145	507	1.89e-78	253
EGBHEG_11370	AAIDMG_03830	47.2	307	156	4	42	345	43	346	1.42e-84	256
EGBHEG_11385	CJHDOF_08685	30.9	418	261	7	13	423	15	411	9.28e-64	207
EGBHEG_11385	OEDLLD_01520	30.7	424	285	6	11	428	15	435	8.56e-63	206
EGBHEG_11385	OHAPKC_02295	35.7	280	161	5	163	430	17	289	3.57e-52	173
EGBHEG_11405	AHPIPH_01830	55.4	408	182	0	1	408	16	423	9.56e-165	466
EGBHEG_11425	IDAAGF_01625	52.0	477	209	9	3	474	277	738	3.57e-164	478
EGBHEG_11430	ALJKBN_18190	42.8	276	150	4	515	782	324	599	5.10e-51	184
EGBHEG_11445	MFKGBO_06890	41.3	315	172	1	6	320	3	304	1.22e-77	236
EGBHEG_11450	JIBABB_11530	43.7	270	150	1	9	278	73	340	4.17e-80	242
EGBHEG_11450	ADMHII_10200	35.9	245	132	3	57	278	213	455	4.45e-48	162
EGBHEG_11455	NEEMKD_13085	40.2	229	127	5	97	319	1	225	4.43e-45	150
EGBHEG_11460	NEEMKD_13085	46.5	226	117	3	104	325	1	226	9.09e-64	198
EGBHEG_11475	KOGAEP_24830	60.6	330	128	2	3	331	35	363	3.72e-145	410
EGBHEG_11540	NPBNMM_02560	54.1	185	85	0	1	185	32	216	1.13e-70	210
EGBHEG_11545	FNBLEF_15250	69.0	287	89	0	2	288	87	373	1.99e-136	387
EGBHEG_11555	GBCGGE_04600	37.0	381	224	9	10	378	69	445	8.00e-60	196
EGBHEG_11560	NGIGMC_11335	48.8	301	139	5	4	291	5	303	4.41e-76	231
EGBHEG_11565	BNHFML_03630	44.2	317	163	4	1	303	1	317	1.07e-71	222
EGBHEG_11570	OIDBIB_07015	53.8	249	113	2	1	249	4	250	8.34e-83	244
EGBHEG_11575	NBGKDJ_08915	58.1	234	97	1	1	233	5	238	3.21e-87	254
EGBHEG_11595	CHFKLB_14210	39.7	726	356	14	31	710	28	717	1.82e-148	446
EGBHEG_11620	FHGONL_08930	59.9	399	159	1	1	398	1	399	9.39e-177	497
EGBHEG_11625	AHFGAK_10390	48.5	379	193	2	1	378	1	378	2.11e-111	336
EGBHEG_11650	AOOCMJ_18300	37.4	254	152	3	4	256	5	252	1.10e-55	176
EGBHEG_11655	MDIEPL_01320	44.0	418	228	5	1	416	1	414	4.15e-112	332
EGBHEG_11680	EEGFHJ_17085	49.6	399	196	4	1	398	1	395	2.89e-136	392
EGBHEG_11685	NIFNPL_02540	42.1	318	153	9	9	323	13	302	1.12e-79	241
EGBHEG_11755	AIGKOF_07555	38.5	403	239	6	7	407	11	406	2.15e-83	259
EGBHEG_11755	PEAHOH_01300	29.4	405	281	3	4	407	3	403	3.56e-53	179
EGBHEG_11770	OKNPEK_06340	60.0	428	168	2	1	428	1	425	1.17e-191	535
EGBHEG_11770	LAMMKD_09880	41.7	420	244	1	1	420	56	474	4.55e-115	342
EGBHEG_11775	OGFFFB_05795	56.8	391	168	1	1	391	36	425	5.00e-154	437
EGBHEG_11785	JCMKKN_07165	47.0	264	129	4	4	264	2	257	7.75e-73	220
EGBHEG_11795	BGMBNC_07920	47.2	436	226	2	9	443	12	444	3.49e-131	382
EGBHEG_11800	NGBLNP_01320	48.4	562	279	6	68	627	48	600	5.05e-179	517
EGBHEG_11800	NEHECH_06135	43.4	507	260	9	139	630	38	532	5.56e-125	377
EGBHEG_11810	KAIHOP_08130	35.0	592	362	9	78	646	91	682	1.78e-114	354
EGBHEG_11855	BOLFNP_06995	44.5	382	208	3	3	383	37	415	1.60e-109	323
EGBHEG_11870	OMLJMP_19125	50.9	165	81	0	1	165	1	165	3.61e-53	163
EGBHEG_11880	MEIOOM_03965	51.8	249	119	1	2	250	97	344	2.95e-93	275
EGBHEG_11885	PPLGEL_11885	67.0	112	37	0	1	112	1	112	4.49e-49	154
EGBHEG_11890	LKEOCB_18790	43.8	226	125	2	14	239	12	235	5.54e-63	193
EGBHEG_11895	PNJNHA_07840	50.9	609	272	6	11	618	15	597	6.47e-186	535
EGBHEG_11900	ODHFDB_12125	40.3	489	255	10	5	462	11	493	2.16e-105	318
EGBHEG_11900	EKDKGG_09510	38.9	342	203	4	5	345	2	338	2.48e-73	235
EGBHEG_11905	CAHMAH_16055	47.9	211	106	3	1	208	1	210	6.26e-57	176
EGBHEG_11910	CEMNBA_00560	54.4	252	110	2	1	249	4	253	1.82e-89	262
EGBHEG_11930	JDIFCN_08180	45.6	443	225	4	4	430	2	444	9.86e-127	372
EGBHEG_11935	LMJHIN_04880	46.4	364	194	1	1	364	1	363	2.45e-118	343
EGBHEG_11935	IMLPOL_04765	34.7	363	234	3	5	364	5	367	8.45e-76	235
EGBHEG_11935	EEOPDA_06730	34.1	367	236	5	1	362	1	366	1.98e-74	231
EGBHEG_11945	IBIBLP_21290	43.6	369	193	5	1	363	54	413	5.38e-103	306
EGBHEG_11955	IDJOEI_11860	55.3	734	221	6	8	635	15	747	1.98e-274	766
EGBHEG_11955	NLLOJM_03475	33.6	658	399	11	8	633	7	658	4.19e-113	350
EGBHEG_11960	GJDIKO_00030	61.9	806	304	2	1	803	1	806	0.0	908
EGBHEG_11960	CIIHGC_05655	41.6	695	363	10	7	671	4	685	1.01e-162	491
EGBHEG_11960	EHJFJN_05890	32.4	680	424	16	17	685	9	663	1.89e-102	329
EGBHEG_12095	AAIDMG_03830	53.7	307	140	2	44	349	44	349	3.13e-113	329
EGBHEG_12135	ALJKBN_18190	44.1	261	141	2	663	919	340	599	6.77e-56	200
EGBHEG_12215	AAIDMG_03830	42.4	323	176	7	31	350	34	349	2.39e-86	261
EGBHEG_12345	HAFNKM_08490	31.3	386	258	5	1	381	1	384	1.74e-62	201
EGBHEG_12345	OLKGPM_09705	35.3	346	215	4	17	357	33	374	2.54e-60	205
EGBHEG_12345	LEJEEC_08915	31.7	385	232	8	2	371	1	369	3.52e-57	187
EGBHEG_12345	MAHJHN_05475	32.1	383	228	9	21	371	470	852	8.65e-47	167
EGBHEG_12350	BGHMFE_04500	31.1	678	404	17	13	652	4	656	1.39e-86	281
EGBHEG_12355	NAGHPK_09505	31.7	489	314	5	4	488	2	474	7.44e-81	257
EGBHEG_12370	NLNKCD_09525	39.7	474	264	10	222	685	136	597	3.85e-91	294
EGBHEG_12370	PFNDEF_04205	32.2	581	339	13	148	684	261	830	1.99e-86	287
EGBHEG_12370	KKMOGI_12335	34.4	410	245	8	223	614	48	451	7.31e-65	218
EGBHEG_12370	CFELJI_12430	31.3	396	259	5	221	612	454	840	2.74e-53	194
EGBHEG_12445	EDPPFC_16165	40.0	245	142	4	4	246	3	244	5.20e-48	155
EGBHEG_12520	OFOEJC_06820	37.3	284	174	2	6	287	3	284	3.38e-50	164
EGBHEG_12535	KCDKMK_07335	35.3	360	210	9	31	380	26	372	3.01e-73	234
EGBHEG_12580	LKLDMN_19325	42.5	221	117	4	5	222	4	217	4.65e-51	162
EGBHEG_12595	NEALDO_03765	34.1	302	194	3	8	305	4	304	7.93e-61	193
EGBHEG_12595	OEDLLD_10520	34.9	307	190	4	9	307	6	310	1.52e-57	186
EGBHEG_12600	PHBJAG_07175	46.6	223	116	2	2	221	1	223	1.20e-69	209
EGBHEG_12625	CPJNAH_18580	35.6	320	162	5	1	284	1	312	5.08e-71	218
EGBHEG_12690	JPJGOO_09760	51.6	339	155	4	26	357	15	351	3.74e-121	352
EGBHEG_12715	LMAAGL_07260	38.3	243	143	5	1	242	1	237	1.98e-46	153
EGBHEG_12770	DPDMEB_13265	38.8	219	132	2	3	221	36	252	1.72e-52	166
EGBHEG_12780	LKLDMN_19325	44.8	223	117	3	1	221	1	219	1.89e-59	183
EGBHEG_12900	JHFIBJ_16095	52.9	374	172	2	83	456	214	583	1.99e-127	390
EGBHEG_12900	AHNHLJ_13685	46.2	370	188	3	83	452	200	558	4.91e-108	327
EGBHEG_12915	BEEJFJ_04365	47.7	321	159	5	1	318	1	315	2.42e-96	284
EGBHEG_12945	DPDMEB_15410	41.5	542	300	11	21	555	2	533	4.32e-140	412
EGBHEG_12950	MMNNJC_09750	32.6	439	280	8	4	430	3	437	3.37e-66	217
EGBHEG_12955	KCDKMK_07335	41.6	329	174	9	26	342	25	347	9.95e-80	251
EGBHEG_13010	PFNDEF_04205	34.2	471	259	11	191	616	296	760	1.23e-63	224
EGBHEG_13010	KKMOGI_12335	36.7	406	239	6	225	614	48	451	5.99e-60	205
EGBHEG_13010	AHNHLJ_13685	36.1	202	127	2	6	207	5	204	5.10e-40	151
EGBHEG_13065	GMPGOM_08675	46.2	253	136	0	8	260	4	256	1.53e-75	227
EGBHEG_13065	IADIMG_09525	37.4	246	149	2	22	267	17	257	1.17e-50	163
EGBHEG_13100	EHAAIM_10510	83.9	124	20	0	1	124	15	138	1.08e-71	207
EGBHEG_13105	MPBHFN_09345	69.7	155	47	0	1	155	1	155	2.45e-80	231
EGBHEG_13155	APDHGK_13705	41.3	213	124	1	4	215	2	214	4.50e-58	179
EGBHEG_13300	BCFHOD_10075	35.7	241	147	3	6	238	3	243	5.80e-46	152
EGBHEG_13305	EIKLNG_06140	80.9	115	22	0	71	185	1	115	4.08e-63	189
EGBHEG_13320	IBMCCN_08280	56.6	136	57	1	1	136	1	134	3.29e-48	154
EGBHEG_13330	IADIMG_09525	39.4	226	131	3	16	240	17	237	3.96e-53	169
EGBHEG_13345	EKIEJL_04035	39.0	318	185	4	28	345	11	319	9.79e-73	225
EGBHEG_13345	HFMJLE_01865	38.7	331	181	8	19	336	28	349	2.79e-66	209
EGBHEG_13375	EBLBNC_02485	42.1	190	110	0	20	209	28	217	1.31e-57	179
EGBHEG_13405	LKLDMN_19325	51.1	223	99	4	1	220	1	216	6.84e-67	202
EGBHEG_13470	LMAAGL_07260	43.5	209	115	3	4	211	3	209	6.86e-51	164
EGBHEG_13500	MGCPIK_11245	48.6	278	143	0	296	573	2	279	1.11e-85	265
EGBHEG_13500	JAFONP_12205	31.6	519	342	8	59	570	91	603	1.29e-67	227
EGBHEG_13500	OEDLLD_08805	28.5	529	347	11	61	572	210	724	3.61e-59	206
EGBHEG_13500	KAJCKN_09590	28.2	571	383	11	15	570	10	568	1.30e-54	191
EGBHEG_13500	NDBPJJ_01855	24.9	494	345	8	67	541	75	561	2.78e-45	165
EGBHEG_13500	KMMJBO_11065	33.1	239	158	1	340	576	371	609	1.94e-42	157
EGBHEG_13505	MGCPIK_11245	45.2	283	144	1	297	579	3	274	2.54e-78	246
EGBHEG_13505	JAFONP_12205	31.8	516	334	8	65	575	95	597	2.15e-71	237
EGBHEG_13505	OEDLLD_08805	30.7	488	313	8	97	575	245	716	5.40e-62	214
EGBHEG_13505	KAJCKN_09590	36.7	286	170	4	303	586	297	573	1.64e-54	191
EGBHEG_13505	NDBPJJ_01855	28.0	508	325	9	66	552	74	561	2.60e-40	150
EGBHEG_13525	BDLLLF_04730	38.4	242	148	1	124	365	131	371	2.25e-48	165
EGBHEG_13560	FGMGBK_12975	33.2	440	272	5	21	441	35	471	4.39e-73	234
EGBHEG_13710	HGOKLA_01315	37.2	696	381	8	3	647	2	692	2.16e-142	427
EGBHEG_13710	PPPHGA_13940	28.7	680	402	15	7	636	15	661	4.54e-71	245
EGBHEG_13710	JIBNCO_01295	26.2	680	439	10	6	622	44	723	5.44e-69	235
EGBHEG_13715	JOFPOO_08530	35.2	230	145	2	12	241	3	228	3.19e-48	155
EGBHEG_13720	BDLLLF_04730	47.8	372	189	3	6	373	2	372	2.96e-103	308
EGBHEG_13825	DEDJGM_09950	48.0	406	195	6	1	391	1	405	3.14e-115	338
EGBHEG_13895	PODFGD_12430	62.6	139	52	0	150	288	1	139	6.32e-65	196
EGBHEG_13895	EGEACP_03415	39.6	245	147	1	44	288	19	262	5.84e-62	193
EGBHEG_13935	LOEBFA_04170	43.2	236	129	3	3	235	8	241	6.57e-57	179
EGBHEG_13965	CPMPBM_10790	45.8	489	253	6	20	507	13	490	3.36e-141	417
EGBHEG_14020	EKIEJL_04035	41.9	298	171	1	10	307	16	311	1.62e-77	236
EGBHEG_14050	FPMAMI_13105	42.7	220	124	2	3	221	2	220	4.59e-53	167
EGBHEG_14050	GEHMID_04080	42.1	233	120	4	1	226	1	225	9.44e-49	156
EGBHEG_14055	BPMCBO_10905	39.1	297	162	3	116	412	112	389	3.87e-55	184
EGBHEG_14115	NHIAMB_19525	41.8	428	246	3	6	431	111	537	1.41e-112	337
EGBHEG_14115	MDIEPL_13060	37.3	418	258	3	18	432	105	521	1.57e-94	290
EGBHEG_14125	FNINNI_04550	36.0	283	172	5	3	282	225	501	3.13e-50	170
EGBHEG_14225	BDEHPM_10945	43.7	261	144	3	16	275	1	259	1.75e-75	228
EGBHEG_14240	EBFHBG_15540	37.0	284	177	2	1	283	1	283	1.25e-62	196
EGBHEG_14245	AHFGAK_10390	48.3	379	194	2	1	378	1	378	6.17e-118	343
EGBHEG_14255	AJKFOC_11935	47.4	329	168	4	7	333	6	331	5.64e-98	289
EGBHEG_14255	AGFMKF_04480	43.0	328	176	4	6	328	71	392	5.55e-83	254
EGBHEG_14280	LFKIEE_01960	26.8	553	358	18	1	529	1	530	1.24e-46	167
EGBHEG_14295	OFOEJC_06820	33.8	296	180	5	3	289	2	290	1.20e-45	152
EGBHEG_14475	POKEEB_00595	52.7	243	112	3	7	248	5	245	1.58e-82	243
EGBHEG_14590	ELNOCH_14010	59.5	296	120	0	4	299	26	321	5.51e-116	334
EGBHEG_14730	ALJKBN_18190	44.2	294	152	4	116	402	311	599	6.58e-61	203
EGBHEG_14735	NPLHCN_14260	34.9	375	220	9	423	781	1468	1834	2.22e-51	192
EGBHEG_14735	JHIMFH_08715	31.2	381	248	8	438	808	31	407	1.95e-47	171
EGBHEG_14770	ALJKBN_18190	43.1	276	149	3	768	1035	324	599	4.59e-59	210
EGBHEG_14800	JHLGGO_08550	86.0	264	37	0	4	267	11	274	2.55e-166	457
EGBHEG_14835	LOBHJJ_01635	47.1	227	120	0	1	227	1	227	1.73e-70	211
EGBHEG_14865	MFGBFB_07135	46.2	212	105	4	1	211	1	204	5.93e-66	198
EGBHEG_14880	JEKOGE_21950	48.3	294	137	4	228	514	186	471	2.20e-75	246
EGBHEG_14885	BGHMFE_11105	44.7	521	281	5	1	514	1	521	3.38e-142	416
EGBHEG_14905	AAIDMG_03830	44.9	345	185	4	4	345	4	346	4.11e-104	306
EGBHEG_14915	DFHILB_11720	48.7	302	152	3	1	300	1	301	1.20e-102	299
EGBHEG_14915	NICIMJ_05420	35.2	293	182	6	1	289	39	327	7.54e-46	155
EGBHEG_14925	AAIDMG_03830	39.8	354	199	7	1	346	1	348	6.64e-83	252
EGBHEG_14975	OODMEK_16380	39.1	215	124	3	19	230	2	212	5.53e-48	156
EGBHEG_14990	GNBPPJ_17065	43.8	315	164	6	6	313	9	317	3.26e-76	244
EGBHEG_14995	OEDLLD_01520	34.4	433	279	4	3	432	1	431	1.64e-73	234
EGBHEG_14995	CJHDOF_08685	28.9	426	287	5	12	435	7	418	2.07e-62	204
EGBHEG_14995	OHAPKC_02295	37.1	280	166	5	167	441	16	290	1.31e-52	175
EGBHEG_15055	KAJCKN_09590	32.9	565	376	3	9	570	10	574	4.46e-99	308
EGBHEG_15055	KMMJBO_11065	32.2	605	369	6	6	570	6	609	2.36e-95	300
EGBHEG_15055	OEDLLD_08805	31.8	531	353	4	43	569	202	727	1.66e-75	250
EGBHEG_15055	JAFONP_12205	27.9	563	400	3	7	565	44	604	9.89e-69	229
EGBHEG_15055	MGCPIK_11245	36.1	266	165	2	306	566	13	278	2.49e-44	155
EGBHEG_15060	OEDLLD_08805	45.5	506	276	0	104	609	218	723	1.00e-142	428
EGBHEG_15060	JAFONP_12205	40.1	489	293	0	121	609	116	604	4.39e-114	350
EGBHEG_15060	KAJCKN_09590	30.7	486	325	4	130	609	90	569	3.27e-67	226
EGBHEG_15060	MGCPIK_11245	42.2	244	133	2	366	602	28	270	9.31e-56	187
EGBHEG_15060	KMMJBO_11065	24.8	610	413	7	40	609	1	604	4.37e-49	177
EGBHEG_15100	KAJCKN_09590	57.1	573	244	2	1	572	1	572	2.80e-211	596
EGBHEG_15100	KMMJBO_11065	34.8	607	358	3	2	571	1	606	1.85e-112	345
EGBHEG_15100	JAFONP_12205	31.1	572	391	2	1	571	37	606	5.38e-82	265
EGBHEG_15100	OEDLLD_08805	30.6	520	348	4	60	573	215	727	3.58e-71	239
EGBHEG_15100	MGCPIK_11245	38.4	279	166	3	299	577	12	284	3.17e-58	192
EGBHEG_15105	OEDLLD_08805	41.7	563	294	3	79	641	197	725	1.45e-133	405
EGBHEG_15105	JAFONP_12205	34.4	610	359	5	31	640	37	605	9.45e-106	329
EGBHEG_15105	MGCPIK_11245	42.4	231	132	1	406	636	45	274	7.29e-57	190
EGBHEG_15105	KMMJBO_11065	27.3	531	369	7	121	641	83	606	1.28e-56	198
EGBHEG_15110	AAIDMG_03830	45.0	342	177	7	13	349	13	348	4.20e-98	291
EGBHEG_15225	BGHMFE_11105	46.1	514	271	4	1	508	1	514	2.54e-150	437
EGBHEG_15250	MMNNJC_09750	31.8	450	272	10	2	431	3	437	3.56e-59	202
EGBHEG_15260	IDAAGF_01625	55.7	481	188	6	10	481	277	741	6.55e-188	539
EGBHEG_15410	ICHLBC_08475	41.4	415	233	7	77	486	4	413	3.08e-91	292
EGBHEG_15415	AAIDMG_03410	47.5	465	244	0	1	465	41	505	7.13e-147	426
EGBHEG_15425	DANLCD_01670	46.2	461	192	3	1	406	1	460	7.47e-139	401
EGBHEG_15465	PEFDJK_15410	43.1	204	106	3	1	200	1	198	5.95e-52	162
EGBHEG_15620	AAIDMG_03410	100	515	0	0	1	515	1	515	0.0	1006
EGBHEG_15625	APAIPM_19325	36.0	417	249	6	1	406	26	435	3.31e-76	240
EGBHEG_15685	BOPGEP_09895	46.0	633	337	3	1	628	1	633	1.27e-204	584
EGBHEG_15700	HAAAJJ_06910	49.9	1266	596	14	208	1442	439	1697	0.0	1192
EGBHEG_15860	ALJKBN_18190	46.7	285	144	4	328	607	319	600	6.63e-71	236
EGBHEG_15935	JEKOGE_06050	37.8	455	276	6	12	461	11	463	2.73e-85	266
EGBHEG_15975	INKIHH_10100	27.1	774	430	29	7	688	4	735	2.48e-48	177
EGBHEG_15985	CNNHAB_04465	42.1	397	225	3	52	444	6	401	4.21e-96	291
EGBHEG_15985	KIFOBE_00585	33.1	408	259	6	48	447	2	403	2.77e-63	207
EGBHEG_16040	MGCHGM_05220	52.3	331	154	1	1	331	1	327	4.45e-127	363
EGBHEG_16080	MKDNFB_00930	52.6	213	93	2	8	215	13	222	1.53e-72	219
EGBHEG_16090	ODHFDB_06390	43.4	380	204	7	10	381	1	377	1.07e-99	298
EGBHEG_16100	KIBBKD_06890	60.8	237	93	0	1	237	41	277	8.83e-97	280
EGBHEG_16110	CCDOAK_00015	53.2	509	235	3	4	510	25	532	2.18e-177	506
EGBHEG_16115	ANAEHF_03930	33.5	376	209	8	8	373	8	352	5.02e-49	167
EGBHEG_16120	HONECH_05975	43.4	302	149	5	15	294	15	316	1.50e-69	214
EGBHEG_16125	APHOBL_08810	57.4	204	85	2	4	206	13	215	1.38e-70	211
EGBHEG_16205	BPPMOK_02305	43.2	315	168	6	1	305	1	314	4.41e-84	253
EGBHEG_16220	APHOBL_08810	51.2	209	101	1	4	211	13	221	1.47e-66	201
EGBHEG_16235	IHGOGA_02000	37.4	302	187	1	2	303	3	302	6.01e-61	192
EGBHEG_16265	MGCPIK_00310	27.8	895	527	26	12	864	22	839	3.09e-82	284
EGBHEG_16275	GGKJAP_04230	46.2	420	223	3	5	423	3	420	4.25e-122	360
EGBHEG_16275	NIIHOH_07395	29.1	351	225	6	3	335	49	393	1.87e-43	154
EGBHEG_16285	INHOHM_09930	60.2	492	196	0	1	492	54	545	3.37e-210	589
EGBHEG_16305	MGCPIK_11245	45.0	278	151	1	303	580	2	277	4.71e-72	230
EGBHEG_16305	OEDLLD_08805	30.4	546	354	12	53	585	196	728	6.50e-58	203
EGBHEG_16305	KAJCKN_09590	37.1	267	166	2	313	577	300	566	3.01e-52	185
EGBHEG_16305	KMMJBO_11065	36.2	232	148	0	346	577	370	601	3.86e-43	160
EGBHEG_16310	MGCPIK_11245	53.4	232	105	1	339	570	45	273	2.54e-75	238
EGBHEG_16310	OEDLLD_08805	31.2	497	316	6	96	578	243	727	1.41e-66	226
EGBHEG_16310	JAFONP_12205	31.3	483	308	10	98	567	126	597	6.54e-63	214
EGBHEG_16310	KAJCKN_09590	26.6	497	357	4	88	579	81	574	1.03e-55	194
EGBHEG_16310	NDBPJJ_01855	29.2	487	307	12	82	544	89	561	1.04e-41	154
EGBHEG_16320	LPAOAJ_10890	44.8	165	91	0	3	167	5	169	1.91e-50	156
EGBHEG_16355	MNAECF_10400	66.5	520	174	0	1	520	40	559	1.34e-242	674
EGBHEG_16370	NPLHCN_14260	29.7	408	264	8	8	404	1458	1853	6.41e-45	163
EGBHEG_16370	JHIMFH_08715	28.3	378	257	7	36	407	31	400	1.13e-43	154
EGBHEG_16375	NPLHCN_14260	33.9	389	229	10	273	645	1480	1856	3.56e-48	179
EGBHEG_16375	JHIMFH_08715	31.5	384	249	6	276	652	31	407	3.95e-48	171
EGBHEG_16390	EOGDPL_27240	40.9	438	243	5	151	584	380	805	8.43e-104	328
EGBHEG_16390	AIOPCH_03715	30.4	424	289	5	160	581	88	507	1.81e-62	211
EGBHEG_16390	NPLHCN_14260	30.4	437	265	7	162	582	137	550	6.39e-56	200
EGBHEG_16395	NPLHCN_14260	36.3	380	220	7	296	661	1484	1855	6.45e-58	208
EGBHEG_16395	JHIMFH_08715	31.4	373	244	5	296	661	32	399	1.17e-52	183
EGBHEG_16400	AAIDMG_03830	42.1	311	177	3	37	346	37	345	3.63e-81	248
EGBHEG_16410	AAIDMG_03830	43.1	318	175	6	31	347	36	348	4.03e-84	255
EGBHEG_16440	MDIEPL_01880	46.4	476	253	2	3	478	94	567	3.90e-156	453
EGBHEG_16475	IMJCGK_11625	64.7	513	180	1	1	512	1	513	4.48e-241	667
EGBHEG_16475	OBHJLJ_05995	31.0	523	345	7	3	510	4	525	2.88e-78	254
EGBHEG_16475	LJALIN_17780	31.2	494	328	7	3	490	50	537	2.83e-65	218
EGBHEG_16475	EHHHNJ_03925	27.9	517	321	9	3	511	3	475	3.82e-53	186
EGBHEG_16520	ENNDNJ_02705	48.9	701	323	6	29	694	94	794	6.23e-218	627
EGBHEG_16520	MPNMPI_08435	30.5	692	435	20	28	695	5	674	1.58e-74	251
EGBHEG_16545	ACCPON_01955	64.0	608	204	6	23	625	13	610	2.04e-260	726
EGBHEG_16595	KOGAEP_18980	42.7	937	454	14	1	861	5	934	1.25e-212	624
EGBHEG_16595	IFHDGK_16005	26.4	709	471	18	22	725	57	719	2.04e-60	217
EGBHEG_16605	BEGHAF_02940	47.4	213	110	2	4	215	2	213	1.71e-68	206
EGBHEG_16610	FCCLFG_10765	43.3	441	242	4	14	448	4	442	6.69e-105	315
EGBHEG_16640	ANBPFB_04615	47.1	573	275	5	1	548	1	570	8.98e-183	525
EGBHEG_16675	PCHHPE_15105	43.3	344	187	4	7	349	1	337	2.79e-94	281
EGBHEG_16680	INGAKC_15905	46.7	332	175	2	3	333	2	332	5.26e-106	310
EGBHEG_16690	FCCLFG_02395	38.5	260	141	5	1	242	18	276	4.05e-48	162
EGBHEG_16705	DMGPIM_03820	36.3	289	177	3	5	286	7	295	1.21e-54	176
EGBHEG_16710	BIKKBB_09420	42.4	538	298	5	4	533	3	536	3.22e-130	397
EGBHEG_16865	NNLPHK_08690	42.3	357	203	3	6	361	3	357	1.29e-86	270
EGBHEG_16865	LKAFFP_06110	41.6	358	206	3	11	366	8	364	2.25e-83	260
EGBHEG_16865	FLJHGF_06385	33.6	357	230	4	9	363	4	355	1.77e-61	202
EGBHEG_16920	NCLFML_05230	31.7	937	440	20	6	746	5	937	5.69e-140	432
EGBHEG_16955	NHIAMB_19525	73.3	420	112	0	10	429	118	537	7.93e-217	603
EGBHEG_16955	MDIEPL_13060	43.7	405	225	3	27	428	115	519	2.10e-112	336
EGBHEG_16975	FFLAPM_17200	32.6	291	189	4	3	292	30	314	3.04e-48	159
EGBHEG_16980	FKNOEG_02840	37.6	263	162	1	15	275	11	273	5.83e-53	170
EGBHEG_17010	MJOLHA_09170	59.2	157	62	1	1	157	1	155	1.42e-66	196
EGBHEG_17015	BLHEAE_07080	65.6	285	98	0	1	285	14	298	9.66e-140	392
EGBHEG_17035	FGMGBK_10205	54.5	255	116	0	1	255	1	255	8.45e-92	268
EGBHEG_17040	LPPKAH_00625	43.3	337	184	5	1	331	1	336	1.61e-107	314
EGBHEG_17050	CAGOKC_03555	50.3	161	43	1	121	281	6	129	2.15e-47	152
EGBHEG_17055	ANBPFB_04615	73.9	568	123	2	1	543	1	568	1.04e-301	827
EGBHEG_17075	LBBLIC_10685	61.5	239	82	2	31	259	4	242	2.06e-97	281
EGBHEG_17085	BDKJEH_07835	46.7	287	152	1	5	291	15	300	3.45e-90	268
EGBHEG_17090	LKIDNC_01490	57.6	389	163	2	1	388	1	388	1.42e-154	451
EGBHEG_17095	LKIDNC_01490	60.6	277	109	0	3	279	430	706	8.47e-109	327
EGBHEG_17095	LKEOCB_10345	47.6	273	142	1	1	272	1	273	8.79e-81	241
EGBHEG_17115	BAJPMC_08090	66.4	345	105	3	3	336	25	369	9.83e-167	466
EGBHEG_17125	NLCFLM_09960	92.4	185	14	0	1	185	1	185	7.72e-121	345
EGBHEG_17130	CFMBFO_09915	39.9	995	461	12	1	867	1	986	1.42e-223	654
EGBHEG_17160	ALJKBN_18190	38.5	260	150	2	383	632	306	565	7.43e-41	153
EGBHEG_17165	ALJKBN_18190	38.5	273	159	5	407	672	329	599	7.92e-41	154
EGBHEG_17185	KGLJGB_06615	51.3	152	61	2	3	142	7	157	5.31e-49	152
EGBHEG_17190	GLPAEG_01685	46.2	247	114	1	19	246	6	252	1.48e-63	196
EGBHEG_17195	ICHLBC_14895	62.7	142	53	0	9	150	40	181	2.22e-60	181
EGBHEG_17200	KOGAEP_23345	49.9	347	164	1	1	337	94	440	1.19e-117	343
EGBHEG_17210	KOGAEP_18980	22.7	736	495	16	22	696	25	747	1.75e-46	175
EGBHEG_17230	IBDNDD_02480	51.7	329	152	2	4	326	86	413	3.00e-110	323
EGBHEG_17245	CHFKLB_06175	71.7	597	168	1	6	601	56	652	2.15e-314	862
EGBHEG_17245	PHAIHL_05095	28.8	503	296	16	9	481	58	528	1.26e-44	164
EGBHEG_17255	BDFMEP_07880	50.1	369	179	3	5	373	3	366	1.27e-118	345
EGBHEG_17260	PFGANA_12245	62.5	344	128	1	4	347	6	348	2.97e-152	429
EGBHEG_17260	LPCGND_06910	36.7	349	210	4	9	348	3	349	1.07e-75	234
EGBHEG_17270	OFMOME_08970	57.7	572	231	2	1	562	12	582	1.66e-217	615
EGBHEG_17275	MKABCP_06035	45.5	382	190	4	1	377	1	369	4.98e-110	323
EGBHEG_17285	NCKDCM_06075	50.7	217	105	1	1	217	1	215	2.31e-75	223
EGBHEG_17285	ADMHII_15160	39.2	209	123	3	1	207	36	242	1.16e-46	151
EGBHEG_17290	AEOGEB_05155	64.3	311	111	0	1	311	23	333	2.72e-148	416
EGBHEG_17290	JIDGJJ_02600	35.4	353	181	8	4	311	2	352	4.11e-63	200
EGBHEG_17295	JLCMGD_11090	50.2	255	116	3	1	252	1	247	4.13e-76	228
EGBHEG_17295	NDJAKL_07675	36.8	253	149	5	1	247	1	248	3.15e-48	156
EGBHEG_17300	ODHFDB_02170	40.1	416	219	3	36	422	5	419	5.39e-105	319
EGBHEG_17300	NJKLPJ_06960	33.2	395	243	6	40	422	48	433	2.40e-64	212
EGBHEG_17300	BGMBNC_08915	31.1	415	270	5	40	444	30	438	1.49e-61	204
EGBHEG_17305	PMOLLI_10965	57.0	114	49	0	1	114	28	141	1.04e-51	156
EGBHEG_17315	AEOJIK_02975	61.9	147	56	0	4	150	3	149	2.37e-57	172
EGBHEG_17330	JHFCEN_02080	47.2	362	188	1	319	680	12	370	4.43e-114	345
EGBHEG_17345	IMLPOL_01605	48.0	294	147	2	3	292	2	293	2.24e-94	277
EGBHEG_17360	MNAECF_14965	46.4	211	108	2	1	210	1	207	1.48e-59	182
EGBHEG_17365	DHNCOO_05400	43.2	877	489	3	1	872	1	873	1.76e-264	755
EGBHEG_17395	HDOCPC_01655	50.0	338	160	3	1	337	41	370	1.76e-103	305
EGBHEG_17400	MKBKLI_00520	46.7	321	164	2	1	321	1	314	4.42e-103	311
EGBHEG_17405	OPOMOC_16115	50.3	292	137	3	86	375	57	342	1.42e-87	265
EGBHEG_17485	ABLLAG_03005	71.9	203	54	2	5	207	4	203	9.64e-109	306
EGBHEG_17705	JLCMGD_15675	60.3	295	115	1	7	301	177	469	7.78e-125	361
EGBHEG_17715	KGINLD_04375	42.4	250	137	3	55	298	66	314	6.85e-61	193
EGBHEG_17865	OGOOED_16440	63.4	333	120	1	1	333	1	331	1.70e-146	413
EGBHEG_17870	PPPHGA_08905	50.5	495	241	3	1	493	1	493	9.06e-183	521
EGBHEG_17870	ELNOCH_01590	42.2	476	250	11	3	470	34	492	6.44e-117	369
EGBHEG_17875	DEAEDM_14640	43.6	803	423	9	4	778	11	811	4.10e-214	620
EGBHEG_17875	ELNOCH_01590	43.2	733	376	17	57	778	575	1278	8.53e-177	538
EGBHEG_17880	HPIFBD_01690	38.5	322	189	4	3	318	2	320	7.20e-67	209
EGBHEG_17890	NKCJOK_06160	32.0	699	387	22	4	658	23	677	1.31e-86	285
EGBHEG_17895	BMADOL_09965	59.5	131	52	1	166	295	1	131	1.45e-49	157
EGBHEG_17905	FFLKCG_02860	43.9	412	225	3	4	409	1	412	1.78e-113	335
EGBHEG_17905	OIDBIB_02930	32.9	417	246	10	13	410	71	472	1.40e-56	192
EGBHEG_17930	DKDGNM_16825	42.8	535	245	8	6	483	8	538	2.87e-129	382
EGBHEG_17930	OJKFBE_03005	27.9	494	314	12	5	471	57	535	7.61e-44	159
EGBHEG_17940	NKBHGG_16915	52.3	151	71	1	35	185	60	209	9.94e-54	171
EGBHEG_17945	LKIDNC_15850	46.3	270	129	7	1	268	1	256	2.75e-70	223
EGBHEG_18180	OODMEK_16380	43.6	250	135	3	3	250	1	246	2.01e-71	216
EGBHEG_18185	PHBJAG_09105	69.6	250	76	0	23	272	56	305	1.44e-115	331
EGBHEG_18205	AAIDMG_03830	49.8	309	151	3	37	344	41	346	2.74e-101	299
EGBHEG_18215	NPACKI_09380	33.9	327	183	10	45	352	66	378	4.61e-43	154
EGBHEG_18220	IBDNDD_04560	52.7	243	110	2	2	239	3	245	1.71e-85	251
EGBHEG_18235	MPNMPI_01965	48.6	321	158	4	2	316	4	323	7.67e-95	295
EGBHEG_18235	HFAHKK_07810	33.3	559	286	16	3	492	5	545	1.44e-68	240
EGBHEG_18240	IDNIFB_15035	45.1	793	427	5	1	785	1	793	1.08e-216	626
EGBHEG_18350	PIPLNM_12695	43.1	1023	434	12	1	979	1	919	2.63e-266	765
EGBHEG_18365	KOJDON_08905	36.9	263	159	2	4	259	5	267	1.87e-52	168
EGBHEG_18455	NEHECH_06065	49.2	197	97	3	92	288	320	513	1.48e-56	186
EGBHEG_18460	MKHMMK_07280	66.7	366	120	2	1	365	23	387	1.56e-168	472
EGBHEG_18470	MADIOF_14010	38.1	312	178	5	3	305	9	314	1.32e-69	216
EGBHEG_18475	BPEEIP_15400	51.1	264	119	5	8	266	41	299	1.95e-76	232
EGBHEG_18480	LKEOCB_03390	41.4	360	197	4	6	365	7	352	1.72e-85	259
EGBHEG_18490	EBLBNC_05495	61.9	302	115	0	5	306	30	331	2.72e-135	385
EGBHEG_18500	KPFMEK_26910	55.1	399	174	3	1	399	33	426	5.01e-157	446
EGBHEG_18500	OKHOCL_06690	34.4	422	243	8	1	394	1	416	2.30e-74	234
EGBHEG_18505	OKHOCL_06685	42.2	301	156	6	5	288	1	300	2.12e-74	226
EGBHEG_18510	MGCHGM_08105	42.3	239	129	3	8	245	2	232	2.57e-63	194
EGBHEG_18535	JFOKOO_09130	62.5	738	271	5	8	743	5	738	0.0	923
EGBHEG_18540	MDJFIL_00095	65.4	107	37	0	1	107	1	107	1.52e-51	159
EGBHEG_18545	JFOKOO_09130	63.1	738	266	5	8	743	5	738	0.0	936
EGBHEG_18560	OEDLLD_10335	44.9	314	170	1	1	314	1	311	5.47e-91	270
EGBHEG_18565	NPKNPB_15660	45.0	327	173	4	1	323	1	324	2.62e-97	287
EGBHEG_18570	NDCBAB_01755	40.8	316	174	7	37	344	25	335	9.89e-62	197
EGBHEG_18580	COAOJB_02605	42.1	197	112	2	1	197	1	195	1.12e-52	164
EGBHEG_18585	PNJNHA_04955	48.8	572	277	7	1	563	1	565	6.33e-189	538
EGBHEG_18585	FCHNIC_10895	33.5	510	311	12	77	563	82	586	1.70e-70	233
EGBHEG_18600	LLGOHG_10015	46.8	233	120	2	6	238	7	235	1.03e-73	221
EGBHEG_18605	EGCKLK_14120	58.2	213	87	2	1	213	1	211	8.59e-78	230
EGBHEG_18610	KGINLD_04375	43.2	266	130	4	36	290	54	309	4.86e-58	185
EGBHEG_18650	MLDKME_23815	51.6	281	131	2	1	278	1	279	3.35e-96	281
EGBHEG_18650	OAEEIH_06680	36.7	275	169	3	1	273	37	308	1.96e-55	177
EGBHEG_18655	OMINCF_03955	43.3	460	260	1	12	471	4	462	2.29e-132	387
EGBHEG_18660	LNKMPC_13665	76.6	269	63	0	1	269	1	269	1.05e-150	432
EGBHEG_18660	MDAJGJ_00800	28.6	566	347	14	1	534	1	541	7.22e-62	216
EGBHEG_18670	KOGAEP_18980	45.5	936	428	12	2	864	8	934	1.08e-246	711
EGBHEG_18670	IFHDGK_16005	26.7	737	462	19	10	728	46	722	1.29e-56	206
EGBHEG_18690	MPNMPI_06135	43.1	209	116	1	5	213	4	209	1.17e-48	155
EGBHEG_18725	JAFONP_12205	33.9	569	362	4	3	563	39	601	5.66e-94	296
EGBHEG_18725	OEDLLD_08805	33.2	527	336	6	46	563	201	720	1.08e-88	285
EGBHEG_18725	KAJCKN_09590	31.8	494	319	4	80	563	81	566	4.02e-70	232
EGBHEG_18725	MGCPIK_11245	44.1	229	128	0	334	562	45	273	3.26e-61	200
EGBHEG_18725	KMMJBO_11065	26.8	600	400	7	3	563	2	601	1.29e-59	205
EGBHEG_18725	NDBPJJ_01855	26.2	558	379	9	3	536	13	561	3.74e-43	158
EGBHEG_18735	LAPOAN_06745	54.7	340	152	2	4	342	32	370	1.72e-133	381
EGBHEG_18740	JGACAL_08620	49.3	629	307	7	4	630	6	624	2.94e-192	557
EGBHEG_18750	CGOKML_00970	49.1	291	147	1	19	309	19	308	4.23e-48	160
EGBHEG_18765	EEGFHJ_09505	51.9	239	114	1	36	274	23	260	2.39e-83	247
EGBHEG_18775	EDPPFC_05720	45.2	221	115	2	1	221	6	220	6.16e-64	195
EGBHEG_18790	BCFHOD_11480	55.2	1251	541	10	2	1248	89	1324	0.0	1300
EGBHEG_18800	HHJGNO_01565	57.9	235	94	2	1	235	1	230	1.41e-89	261
EGBHEG_18805	JMCFPI_01740	51.4	453	214	3	15	462	3	454	1.43e-168	479
EGBHEG_18805	MGNIFA_13410	29.7	394	254	8	22	405	21	401	6.79e-47	165
EGBHEG_18810	AEGBGH_02380	52.8	337	150	5	2	332	7	340	1.50e-117	339
EGBHEG_18820	MPNMPI_02045	52.1	511	231	8	4	502	2	510	4.53e-172	491
EGBHEG_18825	AEGBGH_02400	43.6	417	224	5	3	413	25	436	3.85e-115	340
EGBHEG_18875	IDJOEI_10225	40.7	359	174	2	4	323	4	362	1.33e-92	276
EGBHEG_18880	CFELJI_04890	52.6	306	142	2	4	306	2	307	3.40e-104	303
EGBHEG_18885	JKBIAL_06555	47.4	308	158	4	5	311	2	306	2.06e-89	266
EGBHEG_18890	EDPPFC_16165	45.3	245	132	2	2	246	3	245	2.60e-65	199
EGBHEG_18895	AHPIPH_01830	61.5	408	157	0	1	408	16	423	5.33e-186	520
EGBHEG_18910	IJGGGM_15885	49.9	441	211	3	1	440	1	432	3.02e-153	438
EGBHEG_18910	AADGFO_06055	47.0	449	230	3	3	443	26	474	5.44e-138	421
EGBHEG_18915	NPKNPB_04480	58.0	288	116	3	1	285	1	286	4.02e-115	329
EGBHEG_18930	GCDEGP_08150	35.7	294	186	2	43	333	100	393	3.54e-61	197
EGBHEG_18935	CGFENC_13365	42.0	274	148	3	6	268	59	332	2.55e-51	169
EGBHEG_18945	PHEGCG_16825	41.7	211	123	0	20	230	9	219	5.36e-48	160
EGBHEG_18950	PHEGCG_16825	49.8	211	103	2	25	232	237	447	2.24e-64	204
EGBHEG_18960	AEHBLL_10425	46.1	178	94	2	38	213	304	481	1.07e-44	152
EGBHEG_19010	CNNHAB_07685	55.8	355	128	7	9	338	53	403	7.57e-128	368
EGBHEG_19070	AAIDMG_03830	47.4	348	175	6	3	346	5	348	1.89e-109	320
EGBHEG_19095	ONBPBO_06850	34.2	339	163	10	109	425	81	381	1.07e-50	177
EGBHEG_19105	PBNOEJ_04290	51.2	516	235	7	3	501	2	517	7.46e-181	514
EGBHEG_19120	LKLDMN_19325	46.6	223	115	2	1	223	1	219	1.16e-58	193
EGBHEG_19145	LFFHHF_03375	43.7	405	212	7	3	394	100	501	5.54e-102	309
EGBHEG_19155	MKENAJ_04070	49.1	395	197	4	2	393	3	396	1.34e-137	395
EGBHEG_19155	BOLFNP_06995	32.8	396	219	13	4	373	37	411	9.81e-52	174
EGBHEG_19160	LKLDMN_17670	81.8	143	24	1	1	143	13	153	7.69e-84	239
EGBHEG_19165	JCMKKN_12205	49.3	357	171	3	1	355	1	349	9.43e-120	346
EGBHEG_19185	GLAJCN_12950	51.0	861	422	0	7	867	7	867	6.06e-299	868
EGBHEG_19205	ACCGGA_04760	66.2	142	48	0	8	149	48	189	7.98e-71	208
EGBHEG_19210	KDFDAI_07250	74.4	554	142	0	1	554	153	706	9.80e-307	843
EGBHEG_19215	PHAIHL_05095	62.0	597	221	4	4	595	53	648	6.22e-260	724
EGBHEG_19215	CHFKLB_06175	27.1	547	332	17	1	511	51	566	5.96e-44	162
EGBHEG_19225	IOMEKN_03295	48.1	210	104	3	4	211	4	210	1.62e-61	187
EGBHEG_19225	DKDGNM_20170	44.4	216	115	5	1	211	1	216	4.16e-51	161
EGBHEG_19230	MPNMPI_01965	39.3	333	193	3	5	336	7	331	2.11e-74	231
EGBHEG_19245	CPJMGC_11990	51.7	319	153	1	17	334	53	371	1.53e-108	318
EGBHEG_19255	AEGBGH_03235	53.0	302	140	2	14	315	25	324	1.37e-98	296
EGBHEG_19270	GLPAEG_01685	37.2	250	134	2	26	254	5	252	4.81e-52	166
EGBHEG_19280	GOBLEJ_10390	55.1	147	66	0	1	147	67	213	2.79e-55	169
EGBHEG_19285	COHCOF_07855	51.8	222	102	2	22	243	18	234	1.83e-71	215
EGBHEG_19290	GEHMID_04080	45.5	231	111	4	5	230	3	223	4.46e-57	177
EGBHEG_19290	FPMAMI_13105	40.7	226	130	3	5	230	2	223	6.58e-52	164
EGBHEG_19290	JOFPOO_08530	36.3	226	140	2	5	229	6	228	2.90e-49	157
EGBHEG_19305	BGHMFE_09910	38.1	281	151	7	28	293	17	289	3.13e-48	159
EGBHEG_19310	GFNANP_06710	36.2	268	147	5	31	289	28	280	2.60e-45	151
EGBHEG_19315	KBKJLO_09160	53.8	247	112	1	4	248	13	259	2.29e-93	271
EGBHEG_19320	AJABLI_09725	47.3	220	114	1	1	220	1	218	8.16e-59	181
EGBHEG_19325	AJABLI_09725	45.9	220	117	2	1	220	1	218	5.76e-59	181
EGBHEG_19330	LKEOCB_03770	45.5	431	226	2	1	430	1	423	6.98e-127	371
EGBHEG_19335	DKAAEG_09340	56.3	435	189	1	3	436	21	455	1.60e-173	490
EGBHEG_19340	DIIMPP_15145	50.5	327	161	1	3	328	18	344	1.21e-100	297
EGBHEG_19345	MLIPEK_11975	50.2	490	242	2	3	492	2	489	2.20e-172	491
EGBHEG_19360	GLACJI_08370	52.0	296	137	3	1	293	1	294	3.75e-94	276
EGBHEG_19370	ODHFDB_03390	42.8	201	113	1	6	204	4	204	3.57e-47	151
EGBHEG_19380	MPNMPI_05465	55.9	392	172	1	3	393	2	393	2.43e-143	409
EGBHEG_19385	BGHMFE_11675	41.6	714	332	12	28	728	26	667	8.98e-174	510
EGBHEG_19395	INKIHH_03230	44.5	310	169	3	1	308	1	309	1.23e-87	261
EGBHEG_19400	LLGOHG_08460	51.3	226	109	1	6	230	4	229	3.47e-73	218
EGBHEG_19405	GNBNBP_13670	56.5	439	189	2	1	438	1	438	5.37e-179	503
EGBHEG_19405	PIHIOG_01285	31.9	445	276	9	1	439	7	430	1.05e-70	226
EGBHEG_19410	LNKMPC_14405	82.1	346	62	0	1	346	1	346	7.22e-212	589
EGBHEG_19415	LNKMPC_14405	68.0	241	75	1	1	239	349	589	5.20e-112	330
EGBHEG_19415	EOJLEP_03115	37.5	232	140	3	6	234	7	236	2.20e-52	166
EGBHEG_19420	HEMAGP_10015	52.5	602	251	7	1	571	1	598	4.97e-173	508
EGBHEG_19420	HIHCLH_08345	36.2	630	333	12	3	572	5	625	4.68e-94	304
EGBHEG_19425	EIKLNG_09905	49.0	292	143	4	1	287	63	353	5.20e-92	273
EGBHEG_19430	BMJLCO_02760	49.1	212	107	1	2	213	3	213	2.55e-63	192
EGBHEG_19450	NPACKI_04800	43.7	579	283	7	11	546	10	588	1.81e-149	438
EGBHEG_19455	DHOMEH_12720	35.7	719	398	6	1	657	1	717	9.72e-141	425
EGBHEG_19455	ODHFDB_00935	37.3	408	238	6	246	645	661	1058	4.13e-68	238
EGBHEG_19455	JKEOBL_06960	35.9	396	238	5	246	635	618	1003	1.62e-61	219
EGBHEG_19460	DBLLCN_04525	80.2	182	36	0	1	182	12	193	4.70e-108	303
EGBHEG_19480	GLCPEN_06100	51.0	394	186	3	5	398	3	389	1.78e-134	387
EGBHEG_19485	CAHMJP_02730	40.1	344	185	5	2	329	3	341	1.26e-73	227
EGBHEG_19490	MFPDBE_04580	52.5	400	185	3	1	400	1	395	1.10e-145	416
EGBHEG_19505	DKAAEG_11885	40.5	331	188	5	1	325	1	328	7.53e-76	233
EGBHEG_19515	OKHOCL_01060	46.0	224	115	2	8	230	6	224	1.96e-59	183
EGBHEG_19520	NIHMFO_11420	63.2	152	45	1	1	141	1	152	7.53e-61	188
EGBHEG_19530	MJOLHA_01865	36.6	1264	641	25	1	1185	1	1183	4.72e-168	526
EGBHEG_19535	GFNANP_05010	62.6	297	110	1	6	301	241	537	9.44e-121	353
EGBHEG_19545	FLKHEJ_00860	53.7	434	191	6	3	434	2	427	2.69e-150	431
EGBHEG_19565	FMAOBM_02935	49.6	240	111	6	5	234	5	244	1.05e-73	221
EGBHEG_19570	COHCOF_08135	73.7	114	30	0	1	114	38	151	3.78e-59	175
EGBHEG_19575	EGEPOE_05725	44.8	288	154	3	1	285	1	286	1.51e-83	249
EGBHEG_19590	EKIEJL_17310	41.0	502	271	7	11	499	11	500	7.94e-120	358
EGBHEG_19595	PGPAMD_08360	43.0	214	122	0	69	282	4	217	2.13e-48	161
EGBHEG_19600	NKDPLI_06995	52.4	662	304	4	5	655	6	667	3.60e-231	674
EGBHEG_19605	PJAAIO_08660	56.3	256	106	3	4	257	5	256	2.28e-90	264
EGBHEG_19610	FFOHFI_09755	70.6	228	66	1	1	228	86	312	6.00e-113	323
EGBHEG_19615	IBBLIJ_02180	46.4	304	160	1	5	305	4	307	1.58e-86	258
EGBHEG_19620	ANAEHF_04215	63.0	230	84	1	6	234	4	233	1.00e-100	289
EGBHEG_19625	FIODKN_03895	48.9	176	90	0	10	185	32	207	1.32e-53	166
EGBHEG_19630	JFOKOO_05605	44.0	232	122	3	22	252	6	230	1.16e-67	205
EGBHEG_19645	DKDGNM_00610	58.8	272	109	2	104	374	1	270	5.09e-98	290
EGBHEG_19650	FMEHEA_05590	48.6	350	162	4	1	334	1	348	4.00e-108	316
EGBHEG_19655	AEGBGH_05720	45.3	349	187	2	6	353	2	347	8.34e-106	311
EGBHEG_19665	BKEOOB_09970	58.9	343	137	1	4	346	5	343	1.78e-140	405
EGBHEG_19680	CIIHGC_05040	59.8	585	229	3	113	692	267	850	4.64e-235	672
EGBHEG_19695	NNFGHE_08485	37.2	298	169	6	1	286	1	292	1.43e-55	179
EGBHEG_19700	FIPDDK_01965	44.1	295	163	2	4	296	3	297	2.13e-87	260
EGBHEG_19710	ODKGDC_12345	57.7	699	296	0	2	700	43	741	4.10e-288	804
EGBHEG_19715	MKABCP_04060	43.7	410	228	2	1	407	1	410	2.43e-113	335
EGBHEG_19715	PHEGCG_16300	32.6	353	226	7	7	352	41	388	3.54e-53	180
EGBHEG_19725	GJDIKO_03450	44.7	396	218	1	1	396	1	395	1.47e-123	359
EGBHEG_19725	PIJCBA_09290	33.0	406	255	5	3	398	12	410	1.47e-67	216
EGBHEG_19730	MJHEOC_08970	58.7	206	85	0	32	237	48	253	5.71e-81	242
EGBHEG_19735	AEGBGH_00130	45.4	485	248	11	306	779	609	1087	1.60e-110	358
EGBHEG_19740	NJKLPJ_06960	46.8	438	230	2	28	462	47	484	1.11e-141	411
EGBHEG_19740	BGMBNC_08915	27.2	438	307	5	29	461	30	460	8.24e-59	196
EGBHEG_19740	ODHFDB_02170	28.9	409	257	8	29	407	9	413	3.95e-43	155
EGBHEG_19745	KKGKIC_00675	50.3	191	76	4	1	189	1	174	3.15e-49	154
EGBHEG_19750	OIDBIB_12205	46.3	324	173	1	9	332	4	326	1.82e-99	294
EGBHEG_19755	JLFFKH_01745	69.5	377	115	0	137	513	183	559	2.36e-179	512
EGBHEG_19775	LNKMPC_14825	93.5	199	13	0	81	279	1	199	3.54e-132	377
EGBHEG_19790	ICHLBC_04555	48.9	368	177	2	1	357	1	368	1.34e-120	349
EGBHEG_19795	AFLAMK_09165	45.8	216	113	2	1	216	1	212	4.37e-64	194
EGBHEG_19800	MOJDIP_00905	54.4	397	172	5	3	397	2	391	1.06e-141	405
EGBHEG_19805	LLGOHG_02035	76.0	150	36	0	1	150	131	280	1.68e-78	231
EGBHEG_19840	OEKCMO_04465	31.0	268	183	2	326	592	323	589	2.96e-40	151
EGBHEG_19850	JHLGGO_16935	46.9	1035	450	14	8	1005	8	979	0.0	917
EGBHEG_19865	PEFDJK_00040	29.8	607	396	12	1	590	1	594	1.72e-76	253
EGBHEG_19915	CFELJI_10390	36.9	301	156	6	15	283	14	312	1.98e-60	192
EGBHEG_19950	DEAMOH_14925	50.3	618	296	4	161	770	211	825	6.39e-187	551
EGBHEG_20000	CNOENP_09380	53.9	356	161	1	8	363	5	357	8.45e-130	372
EGBHEG_20000	FMAOBM_00120	39.8	322	194	0	29	350	28	349	2.30e-77	238
EGBHEG_20030	BLDCGJ_09585	47.7	304	155	2	1	300	1	304	3.54e-89	265
EGBHEG_20035	OPBKNC_03935	39.2	332	197	3	21	350	43	371	2.76e-82	251
EGBHEG_20050	BDKJEH_01155	51.5	239	115	1	6	243	4	242	1.70e-75	237
EGBHEG_20060	JPJGOO_09760	47.7	375	190	3	26	399	24	393	2.32e-129	374
EGBHEG_20070	FMNLNK_06465	52.6	268	125	2	1	267	1	267	6.71e-94	275
EGBHEG_20070	KKGKIC_03535	39.0	267	157	4	2	265	3	266	5.83e-56	177
EGBHEG_20080	ANJGBN_13520	39.1	580	329	8	10	586	43	601	1.75e-129	389
EGBHEG_20090	AOOCMJ_03895	59.3	300	122	0	1	300	25	324	4.25e-127	362
EGBHEG_20105	CPCJJL_13295	57.3	213	91	0	1	213	56	268	2.31e-95	275
EGBHEG_20120	NGNBGJ_13300	46.8	250	129	3	6	251	5	254	5.24e-64	201
EGBHEG_20120	KEIMNK_01000	39.2	291	171	4	2	289	152	439	2.94e-57	186
EGBHEG_20125	NLFOCH_03850	37.2	487	295	7	3	482	5	487	2.97e-95	293
EGBHEG_20135	KAEPKB_01145	62.1	319	121	0	1	319	15	333	2.10e-143	404
EGBHEG_20140	KJBCNO_05935	39.0	421	244	5	2	422	3	410	6.98e-98	295
EGBHEG_20145	JFOKOO_03005	48.0	200	98	2	1	200	1	194	1.05e-60	185
EGBHEG_20165	EIKLNG_11410	47.6	489	248	1	3	483	168	656	9.58e-156	454
EGBHEG_20170	FGMGBK_04520	46.7	300	147	5	1	292	1	295	3.39e-86	256
EGBHEG_20235	HEOPIF_01560	37.1	499	291	8	1	488	1	487	9.48e-108	325
EGBHEG_20255	MKENAJ_04070	39.6	384	221	6	3	380	5	383	1.97e-91	276
EGBHEG_20260	HEEEIG_05985	47.9	386	191	9	1	383	1	379	2.43e-114	335
EGBHEG_20270	ENNDNJ_12480	36.7	324	204	1	8	331	11	333	8.87e-65	212
EGBHEG_20275	BKEOOB_07480	52.2	205	97	1	3	206	4	208	1.29e-70	210
EGBHEG_20275	ENNDNJ_12480	46.4	207	104	4	3	204	343	547	2.32e-54	178
EGBHEG_20280	OKHBPB_07570	58.3	398	164	1	34	429	74	471	1.81e-156	447
EGBHEG_20290	LOBHJJ_04520	56.4	188	80	2	10	195	8	195	4.88e-71	210
EGBHEG_20295	NEALDO_02625	45.8	201	105	2	1	201	1	197	5.64e-57	175
EGBHEG_20305	NMNMDH_09010	51.6	252	121	1	1	251	1	252	9.21e-88	257
EGBHEG_20330	OLKGPM_00030	44.0	386	215	1	13	398	13	397	1.77e-98	297
EGBHEG_20335	PMOLLI_04005	80.4	194	38	0	1	194	37	230	1.32e-110	312
EGBHEG_20340	BEHLNB_01715	44.4	401	201	6	11	397	5	397	7.41e-101	303
EGBHEG_20345	NEHECH_06135	53.7	505	232	2	28	532	28	530	2.87e-192	546
EGBHEG_20345	NGBLNP_01320	43.0	493	252	7	46	531	130	600	2.44e-124	374
EGBHEG_20350	DEAMOH_14925	46.8	777	400	6	6	771	54	828	9.45e-236	676
EGBHEG_20355	BCFHOD_02865	57.0	151	65	0	1	151	1	151	8.51e-60	182
EGBHEG_20380	ACCGGA_14810	54.8	135	61	0	1	135	39	173	1.25e-51	158
EGBHEG_20395	IFFOPK_14205	44.5	470	256	4	19	487	11	476	3.42e-141	411
EGBHEG_20400	NIHDHO_00130	31.5	578	377	9	41	607	2	571	5.40e-86	277
EGBHEG_20400	INKIHH_10100	30.3	646	390	20	5	609	7	633	4.31e-63	219
EGBHEG_20440	CAHMAH_08565	45.4	379	204	2	14	391	14	390	2.13e-104	310
EGBHEG_20440	AOOCMJ_07215	38.5	382	232	2	6	387	5	383	7.21e-84	257
EGBHEG_20445	MDHDGC_08370	63.5	329	110	3	1	321	1	327	1.29e-149	420
EGBHEG_20445	EAGKMD_14100	35.3	351	185	6	5	316	6	353	6.21e-60	192
EGBHEG_20445	LJOEIG_06330	35.5	310	184	8	5	305	6	308	1.21e-55	180
EGBHEG_20455	CAHJBE_10785	41.5	494	289	0	1	494	1	494	6.58e-120	357
EGBHEG_20480	FIODKN_16670	40.2	512	264	6	1	472	1	510	3.38e-121	367
EGBHEG_20505	NEHECH_01815	37.5	304	176	6	4	301	8	303	1.07e-53	177
EGBHEG_20515	MGCPIK_00310	50.3	825	363	7	11	797	23	838	5.57e-270	765
EGBHEG_20520	ABEGPG_12235	49.4	267	134	1	1	267	1	266	1.66e-89	263
EGBHEG_20550	JEELJN_04115	47.4	285	148	1	2	284	6	290	4.42e-92	273
EGBHEG_20550	KGMLLG_04725	48.4	281	143	1	2	280	3	283	1.15e-90	268
EGBHEG_20555	EOAKDK_06705	71.1	457	132	0	8	464	51	507	6.71e-242	667
EGBHEG_20580	EGEPOE_09535	45.5	213	103	2	2	202	1	212	1.29e-51	162
EGBHEG_20605	KEIMNK_00130	26.4	458	325	5	8	455	40	495	1.67e-53	183
EGBHEG_20625	FCCLFG_02395	36.5	274	152	7	1	256	18	287	1.08e-45	156
EGBHEG_20645	PBNOEJ_11460	49.1	564	264	7	1	551	1	554	1.77e-184	526
EGBHEG_20645	MBIIBD_01400	31.3	547	297	20	21	546	16	504	7.00e-55	189
EGBHEG_20655	JFOKOO_01880	54.8	546	239	4	5	550	2	539	2.19e-211	594
EGBHEG_20665	NJNCGO_16320	87.8	425	52	0	1	425	61	485	1.72e-277	754
EGBHEG_20680	ANBPFB_04615	67.4	577	162	4	2	564	4	568	7.40e-272	752
EGBHEG_20685	AOHBGH_01715	58.2	273	109	1	50	322	3	270	1.91e-100	309
EGBHEG_20720	FFLAPM_17200	44.4	284	144	3	68	345	38	313	9.60e-70	217
EGBHEG_20725	FKNOEG_02840	39.8	269	145	5	20	285	18	272	5.15e-57	181
EGBHEG_20725	OBHHPC_05035	37.2	293	168	6	5	285	10	298	8.15e-53	171
EGBHEG_20735	DPDMEB_15410	40.1	551	294	10	20	554	2	532	5.19e-128	381
EGBHEG_20760	INHOHM_11200	50.3	706	327	9	112	805	10	703	7.89e-210	607
EGBHEG_20760	OOMOLM_10315	33.2	802	441	25	29	766	10	780	1.12e-105	340
EGBHEG_20760	PJGAFD_00175	33.7	602	371	9	189	778	3	588	2.34e-93	301
EGBHEG_20760	ALODHP_02915	26.0	661	441	11	129	778	37	660	9.81e-60	211
EGBHEG_20760	DIIMPP_11540	27.8	575	345	17	236	752	21	583	2.31e-43	164
EGBHEG_20785	NIIHOH_00330	27.7	643	333	14	25	558	44	663	3.88e-60	208
EGBHEG_20795	NIIHOH_00330	27.6	598	318	11	61	558	81	663	1.23e-61	213
EGBHEG_20805	GHIDNG_08685	56.3	1172	499	7	1	1165	1	1166	0.0	1308
EGBHEG_20815	APHOBL_06710	61.2	587	195	4	4	558	2	587	5.92e-249	692
EGBHEG_20820	DIIMPP_11540	55.8	688	279	8	7	678	15	693	5.20e-241	681
EGBHEG_20820	OOMOLM_10315	29.9	502	325	8	75	570	288	768	1.81e-51	187
EGBHEG_20825	NMPEPJ_05060	46.8	201	89	2	1	201	1	183	2.61e-57	176
EGBHEG_20835	IDBFDI_13260	40.9	860	490	7	1	855	43	889	1.19e-204	602
EGBHEG_20840	JOFPOO_08530	54.3	232	105	1	1	232	1	231	4.09e-90	261
EGBHEG_20865	JEKOGE_21950	44.8	290	152	3	287	575	185	467	1.33e-65	222
EGBHEG_20875	PNJNHA_01100	50.4	272	126	3	1	272	1	263	1.94e-90	266
EGBHEG_20880	KKMOGI_12335	59.9	464	176	7	3	464	1	456	5.25e-181	510
EGBHEG_20880	NLNKCD_09525	37.4	423	247	9	42	461	127	534	5.82e-73	238
EGBHEG_20880	PFNDEF_04205	37.0	419	238	12	51	462	362	761	3.60e-63	216
EGBHEG_20930	GAOLHI_08680	34.0	420	260	5	13	432	16	418	7.61e-78	245
EGBHEG_20945	IDAAGF_01625	34.0	485	282	13	3	469	277	741	7.32e-79	256
EGBHEG_21020	FBNFHD_02190	82.9	228	39	0	1	228	47	274	4.18e-142	395
EGBHEG_21025	GKLKJE_13615	78.5	339	67	1	1	333	1	339	8.70e-186	512
EGBHEG_21355	IHHBLC_10885	59.7	119	48	0	4	122	5	123	7.24e-56	166
EGBHEG_21420	BELKOM_17185	42.7	192	109	1	7	198	51	241	1.56e-60	186
EGBHEG_21435	LJGBCE_12900	83.2	554	93	0	1	554	31	584	0.0	931
EGBHEG_21435	GIBOLB_11285	42.2	550	294	8	17	553	13	551	1.64e-119	360
EGBHEG_21470	PCHHPE_18365	47.5	687	341	5	8	677	9	692	6.91e-227	645
EGBHEG_21475	EBLBNC_01455	45.8	238	125	2	1	238	1	234	2.98e-71	214
EGBHEG_21490	GBGCDL_06090	81.1	254	48	0	3	256	76	329	1.53e-147	412
EGBHEG_21495	OBHJLJ_10055	56.9	364	154	2	22	384	5	366	8.41e-150	424
EGBHEG_21495	OACJHM_06000	33.7	329	212	5	54	378	58	384	4.41e-56	187
EGBHEG_21515	APAIPM_19325	37.8	413	237	7	5	405	28	432	1.77e-76	241
EGBHEG_21550	PBNOEJ_09080	40.5	200	116	2	1	197	1	200	4.65e-48	152
EGBHEG_21550	LMPNBJ_07115	44.2	197	103	3	1	196	1	191	1.52e-47	150
EGBHEG_21555	KCGDMB_05840	60.1	326	130	0	13	338	14	339	4.29e-132	378
EGBHEG_21560	KMMJBO_08230	63.7	339	123	0	1	339	1	339	7.11e-156	440
EGBHEG_21565	FPHNOE_05055	69.9	356	107	0	5	360	4	359	3.57e-193	536
EGBHEG_21580	ICGKAE_00315	40.5	385	212	5	11	391	12	383	4.13e-76	249
EGBHEG_21580	IFDCNO_13355	33.5	415	265	7	4	409	2	414	2.60e-62	203
EGBHEG_21595	CMLBML_04810	55.2	172	72	2	3	171	4	173	4.08e-64	191
EGBHEG_21600	AJOCFB_04545	45.9	745	367	10	2	735	74	793	1.64e-214	619
EGBHEG_21610	EDPPFC_09585	42.2	204	112	2	1	198	1	204	2.04e-53	166
EGBHEG_21615	HIADJD_14290	46.9	409	205	6	66	470	168	568	5.71e-120	359
EGBHEG_21620	OKHOCL_01980	53.6	414	187	2	3	411	1	414	2.37e-169	477
EGBHEG_21625	JAEGOD_04615	49.1	584	292	4	8	589	6	586	1.12e-199	568
EGBHEG_21625	ODHFDB_02970	39.8	580	325	13	22	587	4	573	4.02e-132	395
EGBHEG_21640	IKMFJC_07050	58.0	169	70	1	1	168	1	169	7.63e-59	180
EGBHEG_21650	NPACKI_02135	40.2	430	221	10	4	429	2	399	5.18e-88	270
EGBHEG_21660	ALJKBN_18190	48.4	320	164	1	294	612	281	600	2.37e-90	288
EGBHEG_21665	NKDPLI_00055	35.7	465	282	10	58	509	80	540	3.03e-85	271
EGBHEG_21690	AFILLI_03470	46.8	201	105	2	5	203	6	206	5.49e-65	196
EGBHEG_21705	JLCMGD_15675	60.0	295	116	1	7	301	177	469	8.90e-124	358
EGBHEG_21715	LKEOCB_12235	43.9	301	169	0	5	305	7	307	1.63e-85	260
EGBHEG_21725	IMJCGK_11625	59.8	515	205	2	1	514	1	514	3.58e-226	629
EGBHEG_21725	OBHJLJ_05995	30.6	523	350	5	3	512	4	526	4.89e-82	265
EGBHEG_21725	LJALIN_17780	30.1	499	338	8	3	496	50	542	8.80e-73	238
EGBHEG_21725	EHHHNJ_03925	28.4	517	319	8	3	512	3	475	8.66e-59	201
EGBHEG_21745	MKBKLI_04840	49.7	183	88	3	118	297	19	200	5.12e-51	163
EGBHEG_21750	NDJCGB_25485	58.4	166	69	0	19	184	99	264	9.94e-61	186
EGBHEG_21760	DCEHBH_13415	77.3	119	27	0	1	119	1	119	1.66e-61	180
EGBHEG_21770	EFDFGM_07515	40.5	353	194	6	1	339	1	351	1.06e-88	266
EGBHEG_21775	JCMKKN_10135	47.5	796	408	8	1	791	1	791	1.86e-248	707
EGBHEG_21780	DBGIOG_14085	62.0	142	53	1	1	142	30	170	8.03e-63	186
EGBHEG_21785	KIFOBE_02715	51.3	308	147	1	3	310	4	308	1.94e-102	299
EGBHEG_21795	HJGNEK_09000	35.7	673	376	13	21	683	25	650	2.41e-120	372
EGBHEG_21795	BPPMOK_10790	30.0	646	373	14	12	615	45	653	2.22e-77	258
EGBHEG_21805	HJGNEK_09000	32.2	676	391	14	26	684	25	650	9.12e-106	334
EGBHEG_21805	BPPMOK_10790	30.8	629	389	11	17	619	45	653	8.14e-75	251
EGBHEG_21810	HEOPIF_01560	37.5	496	286	10	1	481	1	487	5.28e-103	313
EGBHEG_21815	APHOBL_11345	37.7	461	267	9	3	450	151	604	1.16e-90	283
EGBHEG_21820	LKEOCB_02010	45.9	307	161	2	17	323	7	308	1.19e-85	257
EGBHEG_21825	GLACJI_00375	51.8	359	167	4	13	366	13	370	1.87e-117	342
EGBHEG_21825	OJKFBE_02425	34.8	374	232	4	6	368	130	502	1.34e-63	207
EGBHEG_21850	FPHNOE_02620	42.0	224	123	4	2	218	8	231	1.09e-56	176
EGBHEG_21900	OMINCF_04520	43.4	290	153	5	16	297	15	301	3.06e-67	209
EGBHEG_21905	MFPDBE_02375	45.9	170	89	2	7	175	4	171	2.47e-49	154
EGBHEG_21910	INKIHH_07930	47.9	374	191	3	5	375	6	378	1.26e-114	335
EGBHEG_21920	JPFHKD_11655	35.5	608	344	15	1	568	7	606	2.66e-104	323
EGBHEG_21925	BDFMEP_04085	49.1	281	120	5	1	275	1	264	3.11e-81	242
EGBHEG_21925	CPMPBM_01325	36.2	276	173	3	3	275	1095	1370	1.36e-55	189
EGBHEG_21945	PGEJHJ_01480	41.5	422	223	7	24	439	19	422	1.24e-93	286
EGBHEG_21990	JFOKOO_10195	67.0	185	60	1	1	185	1	184	5.25e-87	250
EGBHEG_22000	KAIHOP_11310	39.8	299	161	5	6	287	4	300	1.54e-75	230
EGBHEG_22050	KDJCIO_04690	41.6	274	143	4	4	276	2	259	7.17e-66	203
EGBHEG_22050	CKFMIE_05350	38.4	271	158	3	7	269	3	272	1.52e-57	182
EGBHEG_22055	GIBOLB_01575	41.7	398	224	3	3	396	5	398	2.26e-98	295
EGBHEG_22070	NGMOPK_00295	51.5	616	296	3	3	615	2	617	2.15e-221	627
EGBHEG_22075	INKIHH_10055	46.0	239	125	2	7	245	6	240	2.69e-62	193
EGBHEG_22080	FKEMDL_14575	37.4	286	164	5	1	272	11	295	8.11e-53	171
EGBHEG_22090	FHGONL_08010	34.8	564	347	6	1	554	1	553	1.35e-94	296
EGBHEG_22095	JPEPBC_05735	50.4	407	183	7	2	395	54	454	1.16e-136	395
EGBHEG_22100	EOGDPL_25690	64.1	270	91	2	5	273	4	268	1.54e-123	349
EGBHEG_22120	DCNHNC_00255	40.5	390	186	6	23	388	35	402	2.60e-80	252
EGBHEG_22150	MAHJHN_05475	39.4	411	222	5	1	384	454	864	8.40e-91	288
EGBHEG_22150	LEJEEC_08915	38.6	396	216	6	1	384	1	381	2.58e-84	258
EGBHEG_22150	HAFNKM_08490	34.9	384	236	6	3	378	4	381	1.65e-65	209
EGBHEG_22150	OLKGPM_09705	29.3	372	233	9	19	377	40	394	2.20e-43	157
EGBHEG_22160	NEALDO_03765	33.5	313	203	3	8	316	4	315	2.18e-57	184
EGBHEG_22160	OEDLLD_10520	35.3	309	190	4	9	309	6	312	2.60e-55	180
EGBHEG_22175	PNJNHA_05030	44.7	284	157	0	2	285	3	286	1.10e-82	247
EGBHEG_22195	GEHMID_04080	43.8	226	118	5	5	225	3	224	3.38e-57	177
EGBHEG_22200	IEDJIN_05035	48.3	209	108	0	287	495	1	209	2.19e-66	210
EGBHEG_22240	CPHDEA_10650	52.2	312	136	3	1	308	1	303	7.29e-113	325
EGBHEG_22245	JAFONP_18590	37.3	209	129	1	12	220	46	252	6.08e-46	150
EGBHEG_22250	PPPHGA_13940	42.3	707	345	7	5	675	15	694	5.48e-183	543
EGBHEG_22250	HGOKLA_01315	26.9	676	422	13	5	625	6	664	4.31e-68	232
EGBHEG_22250	JIBNCO_01295	25.5	701	422	14	3	626	43	720	4.20e-55	197
EGBHEG_22275	NNLPHK_08690	36.4	365	230	2	1	364	1	364	3.02e-79	246
EGBHEG_22275	LKAFFP_06110	38.3	337	206	2	8	342	8	344	1.87e-77	239
EGBHEG_22275	FLJHGF_06385	36.5	362	223	5	4	361	2	360	9.63e-66	209
EGBHEG_22290	FIGKOO_11715	39.1	501	259	7	7	463	96	594	4.16e-105	321
EGBHEG_22290	KHCMCM_03020	33.3	454	278	6	29	463	29	476	3.42e-76	243
EGBHEG_22295	LCBAOM_08305	50.0	188	89	4	1	185	1	186	2.63e-60	184
EGBHEG_22300	DNJKHC_10565	50.7	335	163	2	2	336	1	333	9.32e-115	332
EGBHEG_22315	KKGKIC_13160	53.5	383	174	3	1	381	8	388	5.83e-138	396
EGBHEG_22320	OJPNIC_09355	46.5	260	135	2	1	257	1	259	1.66e-80	239
EGBHEG_22340	OCLNOI_00625	48.2	625	303	9	115	733	15	624	1.71e-212	609
EGBHEG_22340	ANGKFO_07170	40.6	525	289	8	119	638	140	646	1.62e-128	396
EGBHEG_22345	GNANIN_05260	49.8	480	232	5	2	477	3	477	1.05e-171	488
EGBHEG_22350	DEAEDM_14640	46.5	797	413	6	15	802	19	811	1.15e-242	694
EGBHEG_22350	ELNOCH_01590	41.2	803	401	19	14	802	533	1278	5.55e-175	535
EGBHEG_22360	NEHECH_07515	57.7	357	151	0	3	359	45	401	3.23e-151	431
EGBHEG_22360	FKEMDL_01610	38.2	327	196	5	3	327	16	338	4.38e-75	234
EGBHEG_22470	KGINLD_04375	45.9	244	128	1	43	282	66	309	2.04e-65	204
EGBHEG_22550	GGKJAP_00545	51.7	462	218	2	1	458	1	461	1.07e-152	450
EGBHEG_22550	PBJMKO_02295	33.4	446	285	6	19	458	9	448	5.82e-69	223
EGBHEG_22555	JIDGJJ_02675	67.9	464	148	1	1	463	65	528	1.48e-240	664
EGBHEG_22575	CPMPBM_10790	54.1	479	214	4	21	498	17	490	1.02e-179	515
EGBHEG_22580	ONBPBO_08675	51.9	158	74	1	4	159	2	159	6.09e-50	154
EGBHEG_22585	CGJECG_04975	50.5	319	148	5	2	314	5	319	8.36e-110	318
EGBHEG_22590	LDGBGO_07050	49.0	257	125	2	1	256	1	252	4.40e-81	241
EGBHEG_22595	OBGAOG_06790	52.7	205	96	1	352	556	3	206	9.14e-65	206
EGBHEG_22600	ACCPON_01955	45.9	608	300	9	9	602	11	603	3.75e-169	492
EGBHEG_22610	GKEJOP_10070	42.0	469	261	6	3	467	3	464	1.68e-118	352
EGBHEG_22705	FPHHHP_11230	56.8	514	216	3	1	511	1	511	4.46e-199	561
EGBHEG_22705	HJGNEK_11040	24.4	516	365	5	6	497	14	528	1.56e-41	152
EGBHEG_22710	CNNHAB_03230	47.1	172	85	3	11	181	5	171	3.67e-52	161
EGBHEG_22720	ODHFDB_00935	41.4	1144	622	8	3	1099	32	1174	4.04e-304	880
EGBHEG_22720	JKEOBL_06960	38.8	1131	672	10	32	1160	44	1156	7.77e-247	730
EGBHEG_22720	DHOMEH_12720	33.5	436	216	7	623	990	253	682	2.27e-61	220
EGBHEG_22730	GANHPB_00400	34.3	327	213	2	139	464	139	464	2.52e-57	193
EGBHEG_22735	GEHMID_04080	41.3	225	123	3	7	226	3	223	8.79e-53	166
EGBHEG_22735	FPMAMI_13105	38.0	221	135	2	7	225	2	222	2.84e-49	157
EGBHEG_22735	MCPLNH_08930	37.7	220	131	4	8	224	4	220	2.94e-47	152
EGBHEG_22740	DKDCDL_00950	74.5	318	81	0	1	318	13	330	2.87e-173	480
EGBHEG_22745	JFOKOO_02910	40.3	196	117	0	251	446	8	203	2.82e-49	164
EGBHEG_22755	ANHNJA_13465	65.5	261	90	0	7	267	29	289	8.06e-129	363
EGBHEG_22760	GNBNBP_10965	70.1	458	135	2	1	458	1	456	1.36e-234	646
EGBHEG_22775	CJFJOL_15720	79.7	359	73	0	1	359	33	391	2.07e-213	585
EGBHEG_22785	OEDLLD_10520	61.7	313	120	0	3	315	2	314	1.41e-138	393
EGBHEG_22795	DKDCDL_01975	54.4	204	91	2	1	203	24	226	1.54e-71	213
EGBHEG_22800	ALJKBN_18000	48.4	159	79	2	5	160	3	161	3.91e-50	156
EGBHEG_22805	HIADJD_12750	50.0	576	281	3	4	573	7	581	2.10e-199	570
EGBHEG_22805	JFOKOO_10025	30.5	560	333	11	5	517	37	587	2.95e-66	227
EGBHEG_22815	PENENA_11575	39.5	693	307	18	110	694	122	810	1.22e-138	423
EGBHEG_22815	FCAKMF_09100	28.9	722	463	26	4	694	5	707	2.15e-76	256
EGBHEG_22820	MFOGNL_02710	42.8	276	156	2	1	276	1	274	1.92e-77	233
EGBHEG_22825	DKBPMI_16625	44.6	195	107	1	20	214	17	210	2.31e-54	170
EGBHEG_22835	DELOGM_05175	46.6	266	133	5	3	267	4	261	2.54e-75	228
EGBHEG_22845	BCNBMK_19470	64.0	258	89	3	1	255	1	257	1.46e-119	338
EGBHEG_22860	KGACJP_08975	48.2	276	137	2	7	276	32	307	1.75e-85	254
EGBHEG_22865	LMPNBJ_03605	45.8	177	96	0	1	177	1	177	7.41e-49	153
EGBHEG_22880	ENNDNJ_17255	56.5	665	260	4	6	642	57	720	1.79e-264	740
EGBHEG_22885	PHLAAH_09875	38.2	589	358	4	7	591	5	591	1.01e-144	427
EGBHEG_22910	JEKOGE_06050	49.0	459	231	2	1	456	1	459	4.48e-154	442
EGBHEG_22910	ADOCAH_04505	40.1	207	124	0	24	230	2	208	3.30e-50	167
EGBHEG_22910	DNBNEF_09455	27.4	424	298	4	15	432	16	435	1.38e-48	169
EGBHEG_22910	JDIFCN_01505	39.0	236	132	4	5	237	2	228	5.45e-48	161
EGBHEG_22925	AEOEGG_04380	54.5	1044	463	7	1	1034	58	1099	0.0	1197
EGBHEG_22925	GMHKEG_05155	27.8	835	509	21	17	835	4	760	2.16e-83	285
EGBHEG_22950	CFMBFO_15475	43.2	336	156	3	5	305	8	343	1.75e-98	290
EGBHEG_22960	ANGKFO_01360	42.1	311	163	4	7	316	3	297	9.14e-82	246
EGBHEG_22965	ICHLBC_08475	42.0	414	230	7	619	1027	4	412	6.75e-89	299
EGBHEG_22965	NIIHOH_00330	30.2	652	332	10	29	563	26	671	3.00e-86	289
EGBHEG_22970	MNAECF_18475	42.2	237	122	3	1	222	1	237	8.83e-58	179
EGBHEG_22980	CFGLOL_04020	68.6	172	54	0	1	172	50	221	2.29e-86	249
EGBHEG_22985	LOEBFA_04170	47.7	241	126	0	1	241	1	241	7.45e-79	235
EGBHEG_23000	CPMPBM_01325	54.5	1080	460	5	1	1056	1	1073	0.0	1115
EGBHEG_23005	NDJCGB_23505	46.8	389	164	5	1	346	19	407	1.58e-113	333
EGBHEG_23020	JFOKOO_10945	49.6	397	195	3	20	414	17	410	1.32e-131	381
EGBHEG_23025	INKIHH_11820	49.2	252	124	1	12	263	11	258	2.99e-82	244
EGBHEG_23030	GBDDDA_04680	50.2	217	104	3	1	215	1	215	1.58e-64	195
EGBHEG_23030	DHFKBB_07845	40.3	211	122	3	6	215	9	216	6.79e-48	153
EGBHEG_23040	LJALIN_17780	68.0	525	165	3	1	524	50	572	1.05e-267	738
EGBHEG_23040	OBHJLJ_05995	28.3	541	369	5	1	525	4	541	3.90e-80	260
EGBHEG_23040	IMJCGK_11625	31.7	518	327	10	1	504	3	507	1.50e-72	236
EGBHEG_23040	EHHHNJ_03925	28.6	539	321	12	1	525	3	491	1.11e-56	196
EGBHEG_23055	IHMAMP_18595	62.0	295	111	1	1	294	1	295	2.30e-135	381
EGBHEG_23065	ALJKBN_18190	40.8	260	146	4	61	314	342	599	2.85e-57	191
EGBHEG_23080	NKCJOK_09390	47.5	1325	601	22	1	1244	1	1312	0.0	1100
EGBHEG_23080	CHFKLB_13610	39.2	1267	701	22	1	1242	1	1223	2.94e-267	788
EGBHEG_23085	NPLHCN_07855	28.7	1201	780	15	1	1146	16	1195	3.56e-177	550
EGBHEG_23120	HNGOGK_09900	28.6	476	315	10	3	456	2	474	6.09e-59	197
EGBHEG_23125	FNINNI_00085	64.0	172	60	1	1	170	1	172	1.58e-75	220
EGBHEG_23180	ALJKBN_18190	53.7	281	123	2	408	681	319	599	1.31e-90	290
EGBHEG_23295	JGACAL_10860	41.4	324	190	0	1	324	1	324	2.44e-85	256
EGBHEG_23315	OJBOFE_04935	78.4	662	143	0	1	662	21	682	0.0	1048
EGBHEG_23315	FCAKMF_01695	39.0	669	383	10	2	661	9	661	1.54e-147	440
EGBHEG_23320	INKIHH_10100	49.3	755	362	9	1	753	1	736	2.71e-227	650
EGBHEG_23320	NIHDHO_00130	30.7	610	365	17	43	634	2	571	1.77e-66	227
EGBHEG_23350	PCHHPE_13495	41.9	248	132	2	1	236	57	304	1.30e-60	189
EGBHEG_23355	PKJHON_07320	60.8	130	51	0	142	271	115	244	7.36e-51	164
EGBHEG_23370	NEEMKD_06435	50.2	430	202	4	5	434	2	419	3.73e-148	425
EGBHEG_23415	JGACAL_04805	57.6	507	213	2	6	510	7	513	1.29e-216	605
EGBHEG_23420	HHJGNO_12810	64.7	201	70	1	113	313	1	200	2.60e-83	253
EGBHEG_23430	BKGFAN_12710	69.4	523	158	2	1	521	1	523	3.75e-247	685
EGBHEG_23440	INGAKC_09930	38.3	506	282	8	1	496	1	486	1.99e-98	301
EGBHEG_23440	NGIGMC_08570	37.3	485	287	6	11	481	29	510	1.55e-88	277
EGBHEG_23520	PPLGEL_09165	55.5	308	135	2	1	306	1	308	7.77e-124	353
EGBHEG_23535	FBNFHD_05595	70.8	284	81	1	1	282	2	285	2.58e-140	393
EGBHEG_23540	AJKFOC_11935	47.4	329	168	4	7	333	6	331	7.98e-98	289
EGBHEG_23540	AGFMKF_04480	42.9	329	177	4	6	329	71	393	2.78e-83	254
EGBHEG_23550	AHFGAK_10390	48.8	379	192	2	1	378	1	378	5.39e-119	346
EGBHEG_23580	HCBGLF_06190	36.3	270	166	4	8	276	41	305	5.04e-52	171
EGBHEG_23600	CAGOKC_07435	67.2	466	150	2	1	465	7	470	1.94e-223	619
EGBHEG_23605	AGFMKF_04480	63.7	377	137	0	15	391	17	393	6.65e-176	493
EGBHEG_23620	BLDCGJ_07655	41.9	277	160	1	4	280	7	282	5.74e-77	232
EGBHEG_23630	KOGAEP_18980	40.5	949	477	10	1	875	5	939	1.35e-204	604
EGBHEG_23630	IFHDGK_16005	26.6	683	443	16	51	725	87	719	4.26e-54	198
EGBHEG_23635	MAHJHN_05475	66.0	861	290	2	3	863	8	865	0.0	1134
EGBHEG_23635	LEJEEC_08915	36.8	391	219	4	469	859	16	378	5.46e-75	246
EGBHEG_23635	HAFNKM_08490	32.4	398	236	7	460	854	12	379	4.99e-53	186
EGBHEG_23635	OLKGPM_09705	29.5	393	232	10	473	857	41	396	2.54e-42	162
EGBHEG_23640	IADIMG_01355	45.5	332	177	2	1	328	32	363	5.29e-103	304
EGBHEG_23665	JLNLFB_04605	55.0	151	68	0	1	151	231	381	8.86e-51	163
EGBHEG_23695	BOPGEP_09895	44.1	637	343	6	1	632	1	629	7.38e-190	547
EGBHEG_23720	ILEJOP_08300	79.5	195	40	0	1	195	41	235	3.29e-111	313
EGBHEG_23735	ELNOCH_01590	68.1	749	237	2	6	753	533	1280	0.0	1021
EGBHEG_23735	DEAEDM_14640	38.9	804	430	16	5	753	16	813	5.07e-166	496
EGBHEG_23840	PNJNHA_06825	50.1	611	295	4	1	608	1	604	1.32e-199	569
EGBHEG_23860	FOHGMI_14860	51.1	227	101	4	242	468	2	218	1.40e-59	196
EGBHEG_23870	MDIEPL_13060	31.8	424	242	8	2	378	97	520	5.63e-60	198
EGBHEG_23870	NHIAMB_19525	30.1	422	249	10	1	377	116	536	1.62e-57	192
EGBHEG_23875	NHIAMB_19525	32.7	425	236	11	3	380	114	535	4.07e-62	204
EGBHEG_23885	LKLDMN_19325	44.3	219	117	3	9	227	4	217	3.41e-60	186
EGBHEG_23905	PPPHGA_08905	51.2	496	236	4	1	493	1	493	5.44e-187	531
EGBHEG_23905	ELNOCH_01590	41.8	495	269	9	3	490	34	516	2.33e-124	389
EGBHEG_23910	FKNOEG_02840	40.3	258	148	2	43	299	20	272	2.22e-68	210
EGBHEG_23910	OBHHPC_05035	33.1	299	176	5	21	299	4	298	9.77e-52	168
EGBHEG_23915	FFLAPM_17200	58.2	292	115	3	2	287	23	313	1.90e-87	260
EGBHEG_23930	FOLEJH_19415	77.7	328	72	1	1	328	1	327	1.05e-186	514
EGBHEG_23935	KPNMII_11605	53.4	558	249	4	1	554	1	551	3.73e-204	577
EGBHEG_23940	PKHOKF_04630	61.9	360	133	1	1	356	93	452	4.84e-150	427
EGBHEG_23945	EIKLNG_11410	71.4	161	46	0	1	161	1	161	9.67e-78	239
EGBHEG_23950	HIADJD_12750	32.7	416	274	5	5	419	8	418	1.33e-66	219
EGBHEG_23960	OHKOAG_01070	52.8	159	74	1	1	158	1	159	3.89e-51	157
EGBHEG_23970	GPHIJJ_07705	52.2	448	209	3	1	446	1	445	3.95e-156	446
EGBHEG_23985	BKGNKE_03870	52.3	151	71	1	117	267	2	151	5.56e-48	153
EGBHEG_23990	FPHNOE_03040	62.5	267	99	1	1	267	26	291	2.37e-118	337
EGBHEG_24000	JLFFKH_10735	45.5	347	188	1	2	348	3	348	1.04e-104	308
EGBHEG_24005	LPHKDC_03635	44.2	301	168	0	1	301	1	301	1.22e-84	253
EGBHEG_24010	GCDEGP_05015	44.7	550	252	12	19	525	32	572	2.46e-136	410
EGBHEG_24020	ANAEHF_02140	47.6	248	126	1	16	259	15	262	1.50e-68	213
EGBHEG_24040	JPGONO_05465	39.2	475	281	4	68	535	70	543	6.32e-103	317
EGBHEG_24045	NJKLPJ_08545	65.4	344	117	1	3	344	25	368	1.29e-164	460
EGBHEG_24050	JIBNCO_17045	50.2	721	336	5	39	743	51	764	2.53e-252	714
EGBHEG_24055	HAINKJ_00320	52.3	262	123	1	186	447	458	717	4.86e-79	256
EGBHEG_24055	FGCNNA_15325	38.5	275	162	3	178	449	489	759	2.02e-51	181
EGBHEG_24070	ECLNLI_04625	64.4	180	64	0	2	181	22	201	1.65e-83	243
EGBHEG_24075	MCCICN_05395	50.4	280	138	1	1	280	1	279	3.31e-98	286
EGBHEG_24090	AEGBGH_07565	71.3	129	36	1	3	130	10	138	8.80e-59	174
EGBHEG_24095	LPAOAJ_05615	62.2	143	54	0	1	143	61	203	5.90e-61	183
EGBHEG_24105	FOMOBF_02515	54.3	269	118	3	1	265	1	268	6.86e-88	259
EGBHEG_24110	BCFHOD_10075	48.5	272	139	1	1	272	1	271	3.40e-89	263
EGBHEG_24115	BCFHOD_10075	42.9	266	147	4	21	282	15	279	4.78e-66	204
EGBHEG_24120	KPCHOM_01925	70.8	113	33	0	1	113	39	151	8.24e-53	159
EGBHEG_24125	NPACKI_02020	61.0	318	120	3	1	315	1	317	3.48e-133	377
EGBHEG_24130	ANAEHF_05660	46.6	206	99	4	1	206	1	195	9.66e-54	167
EGBHEG_24135	JHIMFH_02475	78.0	118	26	0	14	131	21	138	2.13e-64	189
EGBHEG_24140	EGMGCA_06090	72.6	124	32	1	1	122	1	124	9.63e-58	171
EGBHEG_24160	EGEACP_03415	57.0	249	106	1	1	248	16	264	3.72e-99	286
EGBHEG_24165	DFHILB_18235	71.6	215	58	1	1	215	1	212	1.97e-110	311
EGBHEG_24170	DLFNKE_04470	38.8	474	239	8	1	432	1	465	9.97e-103	310
EGBHEG_24175	AJKFOC_09065	62.6	147	54	1	1	146	1	147	1.52e-51	157
EGBHEG_24185	GNANIN_06060	72.0	164	46	0	2	165	13	176	3.76e-82	236
EGBHEG_24195	ALJLGD_10060	76.1	180	43	0	1	180	35	214	2.68e-99	282
EGBHEG_24200	JKJAJN_00245	57.6	132	54	1	1	132	1	130	1.28e-52	159
EGBHEG_24210	FEAPNK_12085	63.3	177	65	0	3	179	12	188	8.80e-85	244
EGBHEG_24220	AAPNJG_07775	89.5	124	11	1	1	122	1	124	9.57e-74	211
EGBHEG_24235	CJMCHC_02490	71.3	136	39	0	1	136	1	136	1.44e-65	193
EGBHEG_24240	DEDJGM_13625	64.1	209	74	1	1	209	1	208	2.17e-92	272
EGBHEG_24255	DPDMEB_04415	69.3	274	84	0	1	274	28	301	2.76e-134	378
EGBHEG_24265	DPDMEB_04405	49.5	218	98	1	1	206	1	218	4.10e-68	204
EGBHEG_24270	MFOGNL_14960	58.3	206	84	1	3	208	2	205	8.67e-83	241
EGBHEG_24280	IFDCNO_03920	75.9	398	94	2	1	397	32	428	9.37e-219	602
EGBHEG_24285	JIBNCO_01295	63.8	702	238	3	3	688	35	736	0.0	905
EGBHEG_24285	FKJBDL_04740	37.6	688	423	3	5	688	45	730	2.95e-165	489
EGBHEG_24285	HGOKLA_01315	26.0	681	452	14	9	663	2	656	2.28e-64	222
EGBHEG_24285	PPPHGA_13940	24.4	700	418	15	14	672	16	645	3.75e-53	194
EGBHEG_24285	HFPDKM_12815	28.2	500	316	16	7	491	41	512	9.51e-46	167
EGBHEG_24290	JOOEPC_00745	65.4	156	54	0	1	156	44	199	3.06e-72	212
EGBHEG_24295	GBFPPP_00960	75.7	136	20	1	1	123	22	157	4.43e-65	191
EGBHEG_24300	OEKCMO_01405	56.3	1356	390	10	7	1162	12	1365	0.0	1433
EGBHEG_24305	EEOPDA_05455	61.1	1243	415	9	2	1181	6	1243	0.0	1469
EGBHEG_24320	GLOKCI_14050	66.2	228	77	0	2	229	23	250	4.41e-105	300
EGBHEG_24325	BPPMOK_07490	74.1	139	36	0	1	139	19	157	1.78e-70	205
EGBHEG_24330	NLMKLO_11100	53.6	168	78	0	13	180	76	243	2.32e-66	199
EGBHEG_24345	IFDCNO_03920	75.9	398	94	2	1	397	32	428	9.37e-219	602
EGBHEG_24365	MPNMPI_08090	47.3	243	124	3	61	300	4	245	2.18e-73	222
EGBHEG_24375	KMGACI_09375	50.0	470	224	4	1	465	8	471	1.29e-157	451
EGBHEG_24375	PDHKAH_02565	38.5	478	267	8	3	463	5	472	2.71e-99	302
EGBHEG_24380	NIFJOO_10840	55.6	540	237	3	6	542	1	540	2.41e-211	596
EGBHEG_24390	CGCKMD_06365	61.0	367	137	3	1	365	53	415	2.48e-146	417
EGBHEG_24395	EDPPFC_01500	48.8	336	171	1	17	351	15	350	7.74e-108	316
EGBHEG_24400	JCMKKN_07565	34.9	455	287	7	4	456	5	452	1.70e-95	291
EGBHEG_24410	GNBPPJ_17065	40.0	310	176	3	4	306	7	313	1.86e-68	220
EGBHEG_24415	BDLLLF_08695	49.4	776	378	8	40	809	175	941	5.08e-246	709
EGBHEG_24420	KBOILM_00790	42.5	341	192	3	1	337	1	341	1.24e-90	271
EGBHEG_24450	AEGBGH_08240	48.4	256	130	2	1	255	1	255	4.04e-77	237
EGBHEG_24465	EGEPOE_04770	47.2	199	104	1	2	200	217	414	1.07e-53	174
EGBHEG_24480	GAOLHI_00175	50.3	318	149	4	1	314	1	313	1.64e-95	281
EGBHEG_24540	MFPIGK_04845	36.4	321	196	3	3	316	3	322	6.82e-69	214
EGBHEG_24550	JAEGOD_01515	43.5	230	102	2	1	230	1	202	2.68e-62	190
EGBHEG_24555	PDFOOG_03610	55.1	336	149	1	1	336	1	334	3.27e-124	356
EGBHEG_24565	BAJPMC_02220	34.6	393	220	9	27	393	136	517	2.15e-47	167
EGBHEG_24580	AEOGEB_05770	49.1	371	188	1	1	371	1	370	1.31e-128	370
EGBHEG_24600	AEOGEB_05770	46.4	371	198	1	1	371	1	370	3.83e-110	323
EGBHEG_24605	AGOHIM_16235	62.1	330	125	0	1	330	1	330	3.58e-157	440
EGBHEG_24610	JNFNLP_17600	52.4	286	125	3	1	285	1	276	1.78e-101	294
EGBHEG_24615	MJOLHA_09170	49.4	174	66	3	3	176	4	155	1.15e-51	159
EGBHEG_24640	BLAABG_00920	48.0	279	144	1	1	279	4	281	5.15e-91	268
EGBHEG_24660	LLPFOP_13100	61.6	528	203	0	4	531	58	585	3.87e-244	679
EGBHEG_24665	OBMNEO_04895	56.5	368	153	4	109	471	257	622	2.00e-135	401
EGBHEG_24685	KAHMBC_00285	60.2	583	227	2	1	583	1	578	1.39e-242	676
EGBHEG_24685	OJKFBE_02800	35.2	307	160	5	313	583	28	331	3.98e-49	170
EGBHEG_24690	ENCFBG_02550	59.7	355	143	0	2	356	27	381	1.88e-150	426
EGBHEG_24690	NKBHGG_10765	37.9	243	146	3	107	345	126	367	1.79e-45	156
EGBHEG_24700	ANAEHF_00370	49.4	239	104	3	18	239	36	274	5.05e-70	216
EGBHEG_24710	EAAFOH_08395	60.9	207	81	0	2	208	3	209	1.16e-95	275
EGBHEG_24715	OKDDHK_07450	66.5	164	53	1	1	164	36	197	1.98e-79	230
EGBHEG_24720	PKNBNM_10200	53.2	370	170	1	1	367	1	370	1.36e-136	392
EGBHEG_24725	DEDJGM_09950	51.2	406	183	5	1	392	1	405	3.68e-122	356
EGBHEG_24735	EDGMOJ_09890	40.1	212	122	1	14	220	11	222	4.73e-47	152
EGBHEG_24755	KAMEPO_10485	55.7	497	220	0	6	502	180	676	1.77e-190	547
EGBHEG_24765	IIPEEC_05240	71.3	456	130	1	6	460	61	516	9.51e-229	634
EGBHEG_24780	MDIEPL_01320	43.4	419	230	6	1	417	1	414	1.17e-108	323
EGBHEG_24785	DFJNBN_06280	48.5	291	148	1	62	352	103	391	8.01e-93	279
EGBHEG_24800	GNANIN_05050	51.8	328	155	1	7	331	3	330	2.70e-119	344
EGBHEG_24850	CPMPBM_08260	68.2	387	122	1	1	387	1	386	8.56e-195	540
EGBHEG_24855	ADAMEB_07400	43.4	739	408	6	1	733	86	820	5.01e-204	593
EGBHEG_24870	NKCJOK_11325	58.9	175	70	1	1	175	1	173	5.54e-68	201
EGBHEG_24875	MIMOKC_00785	51.9	909	372	7	9	852	2	910	6.64e-308	866
EGBHEG_24880	NKBHGG_10765	50.6	324	157	2	3	323	45	368	3.67e-117	339
EGBHEG_24880	ENCFBG_02550	34.0	303	193	6	23	321	70	369	2.12e-51	171
EGBHEG_24905	GLPEDO_16060	50.3	800	305	5	7	717	6	801	7.38e-253	724
EGBHEG_24915	DHNCOO_00765	38.8	304	180	3	3	300	28	331	6.00e-72	222
EGBHEG_24925	JLJJEA_09515	47.0	332	174	2	366	697	1	330	7.98e-94	290
EGBHEG_24950	JBCEHI_12990	44.4	250	132	5	13	258	2	248	6.52e-60	186
EGBHEG_24950	JHLGGO_08550	41.3	259	133	4	13	258	14	266	3.34e-57	180
EGBHEG_24950	EDPPFC_16165	37.7	244	148	4	14	256	2	242	6.37e-47	153
EGBHEG_24990	JHFCEN_10015	46.3	240	113	4	3	241	3	227	2.89e-63	194
EGBHEG_25010	CCDOAK_00015	47.3	495	258	3	8	500	34	527	3.15e-141	414
EGBHEG_25020	HONECH_05975	37.2	298	171	6	23	308	18	311	2.25e-55	179
EGBHEG_25040	BGMBNC_05215	51.1	380	181	2	17	396	15	389	8.69e-140	400
EGBHEG_25045	AHOMGJ_00200	53.1	418	186	4	8	422	4	414	2.09e-155	442
EGBHEG_25070	PKDIEA_12970	33.5	430	260	12	16	426	47	469	1.60e-74	237
EGBHEG_25080	ACMOBE_04080	27.0	777	473	19	4	701	2	763	5.98e-63	220
EGBHEG_25095	EHJMKI_04105	38.4	310	172	5	48	339	88	396	6.75e-59	194
EGBHEG_25100	CCDOAK_00015	41.3	501	284	6	6	498	29	527	6.09e-125	372
EGBHEG_25110	KAJHEE_23195	38.0	321	181	4	6	310	17	335	8.52e-63	198
EGBHEG_25115	CFELJI_13150	42.2	1008	424	11	2	868	3	992	1.70e-252	728
EGBHEG_25135	BLJAJM_02075	54.9	306	137	1	41	345	1	306	1.54e-129	369
EGBHEG_25140	NPBNMM_18255	58.4	380	154	4	7	383	43	421	5.65e-155	439
EGBHEG_25145	ELHJGG_08225	47.8	249	126	1	4	248	2	250	7.22e-79	234
EGBHEG_25160	GBFPPP_02610	60.1	351	129	2	1	340	54	404	5.00e-158	445
EGBHEG_25170	BEEJFJ_04365	37.6	327	190	6	1	325	1	315	6.38e-71	219
EGBHEG_25185	OKLCDA_08070	51.6	376	158	4	3	354	8	383	7.04e-132	378
EGBHEG_25255	GHIDNG_08150	36.0	350	214	6	9	351	294	640	2.28e-60	203
EGBHEG_25260	NIHDHO_06285	42.8	474	267	3	1	472	1	472	1.79e-130	382
EGBHEG_25265	CFELJI_00540	41.5	480	279	1	1	480	1	478	2.63e-116	347
EGBHEG_25285	NGNBGJ_09385	41.4	210	122	1	16	225	17	225	1.51e-53	168
EGBHEG_25290	GNANIN_05050	50.2	331	161	2	7	334	3	332	6.17e-114	330
EGBHEG_25320	NEHECH_00655	47.0	247	128	2	1	246	1	245	1.21e-76	229
EGBHEG_25360	PFNDEF_09710	50.9	613	291	5	1	611	1	605	4.82e-227	639
EGBHEG_25385	CFMCFG_03040	87.0	100	11	1	1	98	1	100	1.96e-58	171
EGBHEG_25390	JFOKOO_06090	43.1	429	233	4	1	428	1	419	6.59e-112	332
EGBHEG_25415	LDMJKE_01680	45.3	234	123	3	68	299	27	257	5.25e-54	173
EGBHEG_25415	BKMNND_09895	36.7	278	167	6	19	291	18	291	1.28e-45	153
EGBHEG_25425	HEEEIG_03320	59.5	363	143	1	3	361	2	364	2.99e-162	455
EGBHEG_25430	NPACKI_09380	33.5	275	173	5	30	298	66	336	2.48e-43	154
EGBHEG_25505	AHPIPH_01830	36.5	422	247	5	3	419	19	424	5.70e-82	254
EGBHEG_25510	AHPIPH_01830	36.6	410	258	1	1	408	16	425	4.07e-85	262
EGBHEG_25580	IDJOEI_10225	36.6	363	192	5	2	327	1	362	1.60e-72	225
EGBHEG_25585	KJKCNM_14465	42.7	309	166	7	4	310	23	322	2.27e-72	223
EGBHEG_25610	MCPLNH_08930	43.9	223	121	3	1	221	1	221	3.99e-63	192
EGBHEG_25610	FPMAMI_13105	37.2	223	138	1	3	223	2	224	5.80e-48	154
EGBHEG_25615	KNCOJD_00140	36.4	275	165	3	85	352	108	379	4.10e-55	181
EGBHEG_25615	GANHPB_00400	37.9	264	162	1	90	351	202	465	3.98e-54	181
EGBHEG_25665	OPDKDG_08630	62.3	223	83	1	46	268	1	222	4.47e-96	278
EGBHEG_25675	BMJLCO_02760	47.4	215	111	2	1	215	1	213	1.24e-67	203
EGBHEG_25685	IMMPMF_02225	53.3	229	104	3	1	228	1	227	5.73e-84	246
EGBHEG_25690	DHNCOO_02905	43.5	536	248	9	18	507	9	535	1.29e-140	413
EGBHEG_25700	CFGLOL_04020	61.4	166	64	0	58	223	53	218	8.13e-69	207
EGBHEG_25705	DKAAEG_05130	32.5	603	337	14	1	570	1	566	1.64e-85	274
EGBHEG_25725	LMBKNE_15370	49.9	387	174	8	1	385	69	437	1.36e-122	358
EGBHEG_25730	FIGKOO_03390	37.8	508	268	8	2	464	3	507	9.39e-58	195
EGBHEG_25735	NLAFOC_00650	43.7	270	141	4	5	268	5	269	8.09e-71	215
EGBHEG_25740	GFMNBM_06415	45.9	246	128	2	5	248	52	294	1.93e-72	219
EGBHEG_25785	ILEJOP_08300	41.4	186	93	1	2	171	43	228	5.40e-47	150
EGBHEG_25805	NGBLNP_13770	45.0	289	158	1	1	288	1	289	6.93e-89	263
EGBHEG_25815	CPMPBM_03600	57.1	609	258	2	6	614	2	607	1.08e-260	727
EGBHEG_25830	AFKLCO_01805	41.0	305	160	8	7	303	2	294	9.02e-66	204
EGBHEG_25840	MNPOJG_08080	40.2	224	130	4	11	233	13	233	1.11e-55	174
EGBHEG_25850	FOHGMI_07400	48.1	310	151	2	1	301	1	309	4.42e-101	295
EGBHEG_25850	JLJPKD_12840	34.5	345	175	5	1	298	31	371	1.34e-58	188
EGBHEG_25850	HAFNKM_03170	41.3	254	140	4	53	298	98	350	1.51e-51	169
EGBHEG_25865	AHFGAK_17940	45.7	407	217	2	1	404	1	406	3.95e-123	359
EGBHEG_25870	BMJLCO_11060	47.6	429	221	4	5	432	5	430	6.58e-133	386
EGBHEG_25880	ILHBJB_06250	50.8	191	93	1	8	198	39	228	8.66e-68	204
EGBHEG_25885	OBHJLJ_05995	41.3	651	366	3	3	637	4	654	2.51e-166	487
EGBHEG_25885	IMJCGK_11625	35.6	525	327	7	1	524	1	515	2.18e-98	307
EGBHEG_25885	LJALIN_17780	35.1	542	322	10	3	534	50	571	1.15e-89	286
EGBHEG_25885	EHHHNJ_03925	32.4	552	310	9	1	543	1	498	5.15e-81	264
EGBHEG_25895	BDLLLF_04730	36.3	292	182	2	209	500	83	370	1.75e-49	172
EGBHEG_25895	HAINKJ_00320	37.4	265	163	2	221	485	440	701	1.80e-46	168
EGBHEG_25910	PPBGAG_04970	57.4	155	62	3	3	153	2	156	3.29e-59	177
EGBHEG_25925	PPBGAG_05060	47.2	337	177	1	12	348	1	336	3.24e-101	298
EGBHEG_25930	ENCFBG_07925	61.4	332	123	4	4	332	5	334	1.79e-134	382
EGBHEG_25935	PKLMMB_11890	58.9	392	147	6	6	389	3	388	1.63e-151	430
EGBHEG_25940	HOBHPC_14180	83.5	248	41	0	1	248	21	268	1.83e-148	411
EGBHEG_25945	EEMLEJ_12835	59.5	511	201	2	2	510	90	596	4.59e-211	594
EGBHEG_25955	OKHOCL_06405	54.5	422	186	4	9	428	5	422	6.63e-152	434
EGBHEG_25975	NHIAMB_19525	29.8	423	248	9	4	382	119	536	7.70e-57	191
EGBHEG_25975	MDIEPL_13060	31.5	406	229	10	23	383	119	520	2.42e-51	176
EGBHEG_25980	AFKLCO_01805	40.5	301	164	5	9	303	3	294	2.09e-64	201
EGBHEG_25985	GKNBCF_07930	46.5	400	212	1	217	614	46	445	1.03e-110	340
EGBHEG_25995	CGCKMD_14990	44.0	1102	529	32	20	1076	14	1072	7.23e-266	782
EGBHEG_26000	EDPPFC_05720	42.4	229	128	3	1	228	6	231	7.27e-53	170
EGBHEG_26005	OOFIDG_04160	50.7	209	102	1	4	212	9	216	3.03e-64	194
EGBHEG_26010	CEPJKO_06160	46.4	276	139	4	4	276	2	271	2.42e-77	232
EGBHEG_26045	BDLLLF_08695	42.7	801	365	10	82	860	215	943	3.46e-207	610
EGBHEG_26050	ACAFCJ_09955	54.1	196	86	1	1	196	1	192	8.80e-67	199
EGBHEG_26055	LKEOCB_14045	54.4	239	108	1	28	266	27	264	5.41e-83	246
EGBHEG_26065	LJOEIG_03945	46.6	268	136	2	25	286	8	274	2.17e-85	253
EGBHEG_26080	EOGDPL_27240	37.1	455	270	6	124	577	364	803	3.32e-93	300
EGBHEG_26080	AIOPCH_03715	32.2	428	287	2	150	577	84	508	1.35e-78	253
EGBHEG_26080	NPLHCN_14260	29.1	464	300	8	132	577	101	553	1.89e-52	190
EGBHEG_26130	PNJNHA_01100	50.4	272	126	3	1	272	1	263	1.37e-90	267
EGBHEG_26135	KKMOGI_12335	59.9	464	176	7	3	464	1	456	3.70e-181	511
EGBHEG_26135	NLNKCD_09525	37.4	423	247	9	42	461	127	534	2.13e-73	239
EGBHEG_26135	PFNDEF_04205	37.0	419	238	12	51	462	362	761	4.94e-63	216
EGBHEG_26220	IDAAGF_01625	56.3	474	192	3	6	473	277	741	2.64e-193	553
EGBHEG_26225	HCBGLF_06190	45.1	293	161	0	4	296	41	333	1.91e-80	243
EGBHEG_26265	NPLHCN_14260	33.0	409	255	7	236	629	1451	1855	1.55e-54	197
EGBHEG_26265	JHIMFH_08715	31.8	374	242	5	264	629	31	399	9.74e-50	175
EGBHEG_26290	PHBJAG_07175	34.5	226	145	1	5	230	3	225	6.44e-47	152
EGBHEG_26340	EMGIMK_04390	49.4	340	159	4	1	330	1	337	4.28e-112	338
EGBHEG_26350	EFDFGM_03780	53.0	466	218	1	1	466	36	500	1.01e-182	516
EGBHEG_26390	EMGIMK_04390	48.8	340	161	4	1	330	1	337	1.37e-110	334
EGBHEG_26445	JLCMGD_15675	59.5	284	113	1	7	290	177	458	8.31e-117	340
EGBHEG_26455	GGCBJB_04630	45.5	475	182	4	1	475	1	398	1.76e-137	398
EGBHEG_26455	OKLCDA_08950	45.7	328	170	4	1	326	61	382	2.71e-94	289
EGBHEG_26460	OGOOED_16440	31.8	340	217	5	10	340	3	336	8.73e-51	168
EGBHEG_26470	FFLAPM_17200	32.9	283	188	2	2	283	30	311	3.38e-49	162
EGBHEG_26475	FKNOEG_02840	39.6	278	158	5	1	274	1	272	1.61e-55	176
EGBHEG_26480	DPDMEB_15410	52.0	542	229	10	21	543	2	531	5.81e-195	552
EGBHEG_26500	MFGBFB_07135	50.9	212	95	4	1	211	1	204	2.06e-71	212
EGBHEG_26550	AKJKEO_08215	73.0	716	187	2	1	712	58	771	0.0	1043
EGBHEG_26550	BBKFDB_00315	35.9	515	283	15	9	516	5	479	1.65e-88	282
EGBHEG_26560	NIIHOH_18445	36.7	278	165	2	132	398	233	510	7.95e-47	164
EGBHEG_26565	MGCPIK_09490	64.2	380	126	2	5	378	44	419	4.05e-157	445
EGBHEG_26570	EEOPDA_07390	38.1	302	179	5	1	297	1	299	4.27e-72	221
EGBHEG_26575	FAIDMJ_00835	40.8	272	145	5	150	411	49	314	1.09e-62	201
EGBHEG_26580	FAIDMJ_00835	45.5	275	146	3	189	460	42	315	2.23e-82	253
EGBHEG_26590	OEJBDN_14890	55.1	381	169	1	4	384	1	379	4.64e-157	444
EGBHEG_26615	PBAKMA_15545	67.1	307	99	2	1	306	1	306	5.08e-149	417
