NOEMGP_00005	GCDEGP_08150	65.9	302	103	0	63	364	96	397	5.85e-134	385
NOEMGP_00015	FMAOBM_01890	59.8	435	162	3	2	423	5	439	1.79e-174	491
NOEMGP_00020	PFKIPP_17705	49.6	367	179	3	1	363	1	365	8.23e-117	340
NOEMGP_00025	LKEOCB_02500	49.4	237	120	0	97	333	29	265	6.69e-75	228
NOEMGP_00030	FKJBDL_04740	69.4	696	209	2	1	696	42	733	0.0	981
NOEMGP_00030	JIBNCO_01295	37.5	694	422	5	4	686	37	729	3.83e-159	473
NOEMGP_00050	ANOIGO_11635	41.3	567	325	5	1	567	1	559	8.04e-151	442
NOEMGP_00055	LPAOAJ_11445	60.6	393	152	3	1	393	21	410	1.28e-175	492
NOEMGP_00115	OFOEJC_06820	37.9	285	176	1	2	286	11	294	7.14e-60	189
NOEMGP_00140	JHFIBJ_16095	49.9	587	276	3	4	577	2	583	1.34e-193	567
NOEMGP_00140	AHNHLJ_13685	43.7	567	305	6	5	571	4	556	2.70e-159	463
NOEMGP_00145	NEEMKD_07245	55.0	584	248	2	2	570	21	604	4.45e-236	662
NOEMGP_00170	MIMOKC_12200	57.5	134	55	2	4	136	2	134	7.98e-51	155
NOEMGP_00175	IEJJIF_12120	47.6	433	220	4	1	427	1	432	1.68e-129	381
NOEMGP_00190	EGEPOE_05940	44.7	235	124	1	1	235	1	229	7.92e-58	180
NOEMGP_00210	OJBOFE_06605	48.8	823	394	10	1	803	74	889	3.28e-282	798
NOEMGP_00240	OODMEK_16380	41.5	212	122	1	1	210	1	212	7.72e-49	157
NOEMGP_00245	NKHCPN_04385	46.5	297	156	2	71	366	35	329	6.82e-97	288
NOEMGP_00250	OPCCIN_12590	35.7	241	155	0	6	246	38	278	7.79e-55	174
NOEMGP_00280	LKAFFP_11195	47.6	250	122	3	15	264	5	245	4.36e-69	211
NOEMGP_00285	MKHMMK_06820	66.9	148	49	0	1	148	17	164	3.85e-72	211
NOEMGP_00290	ACMOBE_04080	45.0	766	406	5	7	763	2	761	1.97e-235	672
NOEMGP_00290	CFELJI_13150	25.9	784	446	22	41	744	246	974	8.28e-43	163
NOEMGP_00305	OEKCMO_04465	47.3	577	301	3	17	593	19	592	1.35e-185	533
NOEMGP_00315	AAIDMG_03830	31.7	278	178	5	40	310	43	315	8.64e-47	158
NOEMGP_00325	CCDOAK_00015	34.9	504	316	5	2	498	26	524	3.62e-97	300
NOEMGP_00325	IOBNAI_13140	47.7	214	109	2	288	499	1	213	6.26e-60	193
NOEMGP_00325	MIKFNA_15845	38.7	225	130	3	274	496	14	232	4.54e-47	160
NOEMGP_00330	HDOOEE_06365	39.1	348	185	3	5	327	80	425	1.93e-75	234
NOEMGP_00355	OLKGPM_00030	41.2	396	233	0	1	396	1	396	9.02e-105	313
NOEMGP_00360	PMOLLI_04005	73.7	190	50	0	1	190	37	226	5.44e-99	282
NOEMGP_00365	BEHLNB_01715	44.2	405	210	6	10	405	5	402	1.81e-108	322
NOEMGP_00370	DEAMOH_14925	55.9	778	323	7	8	771	55	826	1.70e-286	807
NOEMGP_00395	MGCPIK_03735	52.9	172	79	2	1	170	1	172	4.51e-61	184
NOEMGP_00400	OGFFFB_05795	61.1	378	147	0	1	378	36	413	3.18e-160	453
NOEMGP_00440	NKDPLI_00055	42.1	546	285	5	10	546	14	537	1.78e-144	426
NOEMGP_00485	INNILH_21185	51.8	514	245	2	1	513	10	521	1.70e-185	526
NOEMGP_00490	JFOKOO_10025	54.3	738	306	8	30	759	23	737	1.53e-271	763
NOEMGP_00500	EFDFGM_07515	38.8	353	200	6	1	339	1	351	3.91e-83	252
NOEMGP_00505	JCMKKN_10135	49.1	807	393	6	1	805	1	791	4.98e-273	771
NOEMGP_00510	NPLHCN_14260	30.1	730	468	10	251	972	138	833	7.78e-99	348
NOEMGP_00510	AIOPCH_03715	35.6	421	262	5	251	665	91	508	2.51e-83	280
NOEMGP_00510	EOGDPL_27240	33.5	430	265	7	251	671	392	809	2.54e-64	231
NOEMGP_00515	OKHOCL_06405	50.8	417	192	7	7	421	3	408	2.82e-128	373
NOEMGP_00545	GKNBCF_07930	45.5	400	216	2	275	672	46	445	3.41e-111	342
NOEMGP_00620	JEKOGE_06050	35.5	442	263	6	1	431	1	431	6.46e-85	265
NOEMGP_00620	ADOCAH_04505	43.4	212	120	0	24	235	1	212	1.81e-53	176
NOEMGP_00620	NOJFKC_04840	30.3	399	268	5	17	414	20	409	3.31e-49	171
NOEMGP_00630	BOPGEP_09895	51.5	615	292	5	1	610	1	614	3.02e-226	640
NOEMGP_00640	NDJCGB_25485	71.7	152	43	0	1	152	113	264	9.43e-75	220
NOEMGP_00670	NPLHCN_14260	42.3	385	208	4	936	1314	1483	1859	2.65e-76	275
NOEMGP_00670	JHIMFH_08715	41.5	388	207	6	936	1316	31	405	2.56e-75	253
NOEMGP_00685	OIJDCC_03805	39.9	358	196	4	1	349	57	404	7.98e-84	256
NOEMGP_00705	BEEJFJ_04365	41.2	325	178	10	3	324	1	315	2.74e-66	207
NOEMGP_00715	GBFPPP_02610	67.2	351	107	3	1	343	54	404	4.84e-171	478
NOEMGP_00735	JALDLJ_04120	59.9	152	60	1	1	151	1	152	4.32e-60	179
NOEMGP_00735	CFELJI_13150	50.7	150	71	2	1	150	1	147	6.48e-44	150
NOEMGP_00745	ACMOBE_04080	29.0	734	480	9	35	734	31	757	9.15e-90	294
NOEMGP_00745	CFELJI_13150	26.4	772	458	25	32	723	237	978	2.12e-41	159
NOEMGP_00750	ADJBEN_11135	32.3	493	330	4	5	493	3	495	2.72e-81	258
NOEMGP_00770	FLAJJJ_01380	53.8	238	110	0	1	238	38	275	9.53e-88	258
NOEMGP_00775	ENNDNJ_14710	69.2	305	94	0	1	305	19	323	3.28e-151	423
NOEMGP_00780	NIIHOH_00330	45.7	672	257	6	4	569	4	673	3.61e-193	553
NOEMGP_00785	HDOCPC_01655	73.1	334	89	1	1	334	41	373	3.64e-175	487
NOEMGP_00790	MKBKLI_00520	42.1	328	171	4	1	322	1	315	1.53e-78	248
NOEMGP_00795	OPOMOC_16115	50.3	294	142	3	82	371	49	342	6.25e-88	265
NOEMGP_00800	DEAMOH_08025	36.5	249	133	3	3	226	8	256	1.15e-46	152
NOEMGP_00810	PNDHNJ_00120	65.3	551	190	1	1	551	35	584	7.40e-261	721
NOEMGP_00835	EBLBNC_05495	76.7	301	70	0	1	301	30	330	2.25e-165	462
NOEMGP_00850	LKLDMN_19325	41.3	218	124	2	16	233	4	217	2.61e-56	176
NOEMGP_00850	EDPPFC_05720	40.3	226	125	5	12	235	3	220	4.32e-46	150
NOEMGP_00860	FOHGAB_17375	51.7	478	204	7	1	452	1	477	1.88e-152	438
NOEMGP_00885	MFKGBO_06890	35.6	309	195	1	1	309	1	305	2.37e-66	207
NOEMGP_00885	DNHLFN_07150	34.3	309	195	3	1	309	1	301	3.67e-54	175
NOEMGP_00890	NEEMKD_13085	54.0	226	99	3	106	326	1	226	1.54e-78	236
NOEMGP_00895	JIBABB_11530	39.3	270	164	0	3	272	72	341	6.02e-69	213
NOEMGP_00900	NEEMKD_13085	35.7	230	141	4	97	321	1	228	1.02e-45	151
NOEMGP_00915	AKJKEO_02605	40.1	284	141	3	6	289	5	259	8.40e-60	190
NOEMGP_00950	MFKGBO_06890	38.2	309	187	1	1	309	1	305	1.15e-69	215
NOEMGP_00955	NEEMKD_13085	50.4	226	108	3	110	331	1	226	1.03e-71	219
NOEMGP_00960	JIBABB_11530	41.0	273	157	2	3	273	72	342	3.55e-74	226
NOEMGP_01000	APHOBL_08810	40.7	214	124	2	5	215	11	224	7.45e-56	174
NOEMGP_01005	MDMJGO_07865	43.3	356	194	5	1	353	1	351	5.29e-97	291
NOEMGP_01010	MDMJGO_07865	43.2	396	208	6	1	391	1	384	1.60e-100	300
NOEMGP_01050	FFOFOD_03260	49.9	397	198	1	3	399	2	397	3.10e-135	389
NOEMGP_01065	KAJCKN_09590	56.9	334	138	3	1	331	242	572	3.10e-124	365
NOEMGP_01065	KMMJBO_11065	38.4	365	186	5	11	337	250	613	1.06e-73	235
NOEMGP_01065	JAFONP_12205	36.6	322	198	4	10	328	286	604	1.23e-69	224
NOEMGP_01065	MGCPIK_11245	35.2	247	156	2	94	339	45	288	4.57e-51	167
NOEMGP_01070	OEDLLD_08805	42.8	533	275	3	85	615	223	727	3.53e-136	411
NOEMGP_01070	JAFONP_12205	38.5	595	336	4	19	612	40	605	7.12e-123	373
NOEMGP_01070	KMMJBO_11065	28.0	614	413	9	19	613	3	606	6.25e-59	204
NOEMGP_01070	MGCPIK_11245	43.1	232	131	1	377	608	44	274	2.43e-56	188
NOEMGP_01100	BDFMEP_06280	56.7	397	167	3	7	402	3	395	2.82e-159	451
NOEMGP_01105	KIBBKD_08070	56.4	454	197	1	1	454	1	453	2.86e-183	517
NOEMGP_01110	AJKFOC_09785	66.7	309	102	1	3	310	2	310	2.94e-146	411
NOEMGP_01115	CPCJJL_13635	48.0	406	204	6	2	402	4	407	2.31e-112	331
NOEMGP_01120	GKLKJE_06895	55.9	288	120	4	3	289	4	285	4.88e-107	309
NOEMGP_01125	LKAFFP_03145	52.8	379	173	4	10	385	7	382	5.75e-130	375
NOEMGP_01125	KKMOGI_03320	42.9	387	214	3	8	391	26	408	4.08e-104	310
NOEMGP_01155	JPDGNJ_11930	64.3	168	60	0	2	169	387	554	1.71e-73	231
NOEMGP_01170	FNBBHI_10615	75.9	336	81	0	1	336	37	372	6.22e-194	535
NOEMGP_01195	FKEMDL_10030	52.3	587	189	7	1	503	1	580	1.52e-190	542
NOEMGP_01215	LHMIFE_06310	50.2	299	149	0	1	299	1	299	1.57e-108	313
NOEMGP_01230	AAEBNE_07155	66.9	163	53	1	2	164	3	164	2.82e-67	199
NOEMGP_01235	OOMOLM_10315	55.5	755	317	5	8	756	84	825	9.94e-271	764
NOEMGP_01235	PJGAFD_00175	35.7	555	326	10	205	756	89	615	2.41e-91	295
NOEMGP_01235	INHOHM_11200	31.4	770	442	16	6	759	6	705	1.16e-86	285
NOEMGP_01235	ALODHP_02915	30.1	509	330	8	202	705	155	642	1.95e-63	221
NOEMGP_01265	FGOPKK_07530	38.3	386	231	4	12	396	3	382	3.38e-78	243
NOEMGP_01285	NIIHOH_00330	29.6	581	284	12	62	536	104	665	2.88e-60	207
NOEMGP_01315	ADOCAH_14825	70.6	245	72	0	2	246	3	247	9.70e-124	348
NOEMGP_01335	APHOBL_06710	75.5	587	122	2	1	565	1	587	0.0	877
NOEMGP_01340	DIIMPP_11540	57.4	685	270	8	11	684	18	691	7.91e-255	716
NOEMGP_01340	OOMOLM_10315	29.8	507	319	10	83	578	288	768	3.64e-51	187
NOEMGP_01345	NMPEPJ_05060	40.4	203	104	2	5	207	1	186	5.29e-48	152
NOEMGP_01350	IDBFDI_13260	54.2	898	405	5	1	895	1	895	0.0	931
NOEMGP_01355	JOFPOO_08530	48.5	229	116	1	3	231	4	230	6.04e-75	223
NOEMGP_01375	BEEJFJ_08775	44.2	249	134	4	14	259	19	265	5.54e-59	184
NOEMGP_01380	CGOKML_07875	40.4	354	207	2	1	354	1	350	6.94e-92	275
NOEMGP_01385	IDJOEI_11860	45.3	738	282	16	5	632	14	739	2.91e-189	549
NOEMGP_01385	NLLOJM_03475	32.6	653	411	10	3	631	4	651	1.31e-103	325
NOEMGP_01390	CIIHGC_05655	64.9	672	235	1	1	671	1	672	3.59e-308	861
NOEMGP_01390	GJDIKO_00030	39.4	708	389	10	4	696	7	689	7.11e-147	446
NOEMGP_01390	EHJFJN_05890	30.8	715	422	25	12	703	7	671	1.06e-72	247
NOEMGP_01400	KIBBKD_06890	56.6	235	101	1	5	239	43	276	5.94e-83	245
NOEMGP_01405	CCDOAK_00015	43.1	506	281	5	2	502	26	529	3.86e-134	395
NOEMGP_01435	ANJGBN_13520	34.6	573	357	7	8	578	38	594	8.28e-102	317
NOEMGP_01445	HEEEIG_03320	61.1	360	136	1	8	363	5	364	1.01e-158	446
NOEMGP_01450	MJLBJD_19950	46.1	345	181	3	4	348	5	344	6.19e-108	316
NOEMGP_01455	BMADOL_12950	36.4	286	179	2	11	296	12	294	1.06e-60	192
NOEMGP_01460	NMDBHH_21210	86.2	698	95	1	1	697	1	698	0.0	1194
NOEMGP_01460	NKCJOK_06160	33.1	661	379	18	1	656	19	621	9.10e-108	341
NOEMGP_01465	AEPIDE_14725	56.8	222	96	0	1	222	1	222	1.67e-86	254
NOEMGP_01475	PDFOOG_00510	46.7	643	333	3	8	646	15	651	9.61e-206	588
NOEMGP_01480	CDPAON_02740	59.1	484	184	6	1	470	1	484	4.82e-197	553
NOEMGP_01490	EAAFOH_08395	63.4	205	75	0	4	208	5	209	1.80e-92	266
NOEMGP_01510	KIDMEI_02510	73.8	237	61	1	1	237	1	236	3.47e-136	379
NOEMGP_01515	MGCPIK_04525	64.4	396	133	2	4	392	7	401	8.51e-193	535
NOEMGP_01550	CFMBFO_09915	67.6	986	223	2	1	890	1	986	0.0	1292
NOEMGP_01555	HOPKHH_07065	47.7	193	97	2	1	189	1	193	1.79e-57	176
NOEMGP_01560	AOOCMJ_18300	37.9	232	136	3	2	232	3	227	3.30e-52	167
NOEMGP_01570	GKMFOG_13490	83.0	454	77	0	1	454	25	478	4.19e-277	754
NOEMGP_01575	PPDBCL_05260	46.2	398	190	6	7	400	5	382	2.58e-114	335
NOEMGP_01580	GLCPEN_06100	34.8	374	219	7	1	370	1	353	2.33e-57	190
NOEMGP_01585	CAHMJP_02730	41.5	328	174	4	16	329	17	340	4.43e-71	221
NOEMGP_01590	MFPDBE_04580	61.5	397	150	2	1	396	1	395	4.19e-176	493
NOEMGP_01605	HPMMNG_01440	70.1	157	47	0	1	157	137	293	9.77e-85	247
NOEMGP_01620	FGOPKK_07530	39.2	383	227	4	12	393	3	380	9.29e-89	271
NOEMGP_01625	DKAAEG_11885	42.6	333	185	3	2	329	1	332	3.96e-86	260
NOEMGP_01635	OKHOCL_01060	42.2	225	119	3	7	227	6	223	8.11e-55	171
NOEMGP_01640	MJOLHA_01865	45.4	1222	586	13	1	1181	1	1182	2.71e-281	820
NOEMGP_01645	GFNANP_05010	61.6	305	117	0	2	306	234	538	1.88e-129	376
NOEMGP_01650	LKEOCB_12235	43.1	304	173	0	24	327	4	307	1.48e-83	256
NOEMGP_01655	IMDKHO_06635	43.5	398	225	0	19	416	21	418	1.76e-117	346
NOEMGP_01665	ANAEHF_04215	42.9	233	132	1	1	232	2	234	3.91e-69	208
NOEMGP_01670	FIODKN_03895	71.7	184	52	0	1	184	24	207	7.44e-87	250
NOEMGP_01675	JFOKOO_05605	41.9	236	127	4	13	246	3	230	4.31e-58	181
NOEMGP_01685	DKDGNM_00610	54.1	270	123	1	101	369	1	270	1.62e-97	288
NOEMGP_01690	KDFPIB_00630	37.6	503	151	7	2	392	1	452	2.27e-93	284
NOEMGP_01690	FMEHEA_05590	29.1	385	225	7	7	389	6	344	5.98e-45	155
NOEMGP_01695	AEGBGH_05720	48.1	337	169	3	9	343	4	336	3.06e-102	301
NOEMGP_01700	HAAAJJ_06910	59.5	1278	478	10	263	1505	424	1696	0.0	1498
NOEMGP_01705	OMDIBH_06250	59.0	371	145	3	4	368	29	398	1.81e-139	399
NOEMGP_01710	MDIEPL_13060	70.2	420	124	1	7	425	100	519	6.63e-230	635
NOEMGP_01710	NHIAMB_19525	42.1	423	237	4	7	425	118	536	6.53e-117	348
NOEMGP_01735	KHMKPO_15140	36.8	467	293	1	50	516	57	521	1.56e-99	306
NOEMGP_01735	PHMEJC_20060	30.1	495	321	13	32	516	57	536	6.39e-63	211
NOEMGP_01755	BLDCGJ_07655	42.9	268	147	2	5	270	6	269	1.14e-67	208
NOEMGP_01775	LKLDMN_19325	46.1	217	114	1	8	224	4	217	1.84e-67	204
NOEMGP_01775	EDPPFC_05720	37.4	230	135	4	6	233	5	227	4.73e-46	150
NOEMGP_01785	GEHMID_04670	47.4	230	114	2	98	327	195	417	2.37e-69	218
NOEMGP_01790	HFAHKK_14275	54.9	556	246	2	1	551	64	619	2.98e-205	582
NOEMGP_01790	PJAPKP_15045	34.3	551	348	5	1	544	1	544	1.99e-94	298
NOEMGP_01800	AJKFOC_10770	31.6	351	217	6	113	462	159	487	5.17e-47	166
NOEMGP_01805	GCDEGP_08150	34.4	285	179	3	57	335	98	380	3.05e-50	169
NOEMGP_01810	CGFENC_13365	46.4	291	153	3	4	293	53	341	2.80e-79	241
NOEMGP_01890	HPMMNG_01440	70.7	99	29	0	3	101	195	293	5.42e-52	161
NOEMGP_01900	JFOKOO_10025	61.4	760	269	8	1	758	1	738	0.0	895
NOEMGP_01910	MJHEOC_08970	50.5	216	105	2	51	266	41	254	5.61e-68	210
NOEMGP_01915	AEGBGH_00130	42.6	564	285	11	470	1015	546	1088	2.72e-116	380
NOEMGP_01920	HEOPIF_01560	46.4	485	251	3	1	478	1	483	2.75e-146	424
NOEMGP_01925	APHOBL_11345	35.1	464	282	8	1	453	148	603	1.21e-77	249
NOEMGP_01930	BGHMFE_11675	45.4	520	278	6	194	709	114	631	5.90e-153	457
NOEMGP_01940	INKIHH_03230	46.2	312	163	4	1	311	1	308	1.81e-93	276
NOEMGP_01945	LLGOHG_08460	46.3	227	121	1	11	237	4	229	1.54e-66	202
NOEMGP_01950	PIHIOG_01285	48.1	437	206	4	9	442	10	428	2.65e-136	395
NOEMGP_01950	GNBNBP_13670	35.5	439	273	6	9	442	4	437	3.25e-84	261
NOEMGP_01955	LNKMPC_14405	54.0	337	154	1	10	346	8	343	1.13e-125	369
NOEMGP_01960	EOJLEP_03115	43.1	239	135	1	1	239	1	238	5.78e-66	201
NOEMGP_01960	LNKMPC_14405	38.5	239	133	4	6	237	353	584	1.14e-43	151
NOEMGP_01965	HIHCLH_08345	41.0	639	329	10	2	608	1	623	7.29e-136	416
NOEMGP_01965	HEMAGP_10015	34.5	640	329	15	6	605	3	592	2.04e-91	298
NOEMGP_01970	EIKLNG_09905	59.6	292	118	0	1	292	63	354	9.75e-121	346
NOEMGP_01975	BMJLCO_02760	48.8	211	106	2	2	211	3	212	1.19e-63	193
NOEMGP_01990	NJNCGO_16320	83.5	425	70	0	1	425	61	485	3.70e-265	723
NOEMGP_01990	BEHLNB_17435	33.8	432	272	6	1	425	28	452	1.57e-71	228
NOEMGP_01995	HEJLIN_12385	45.0	362	194	2	12	373	9	365	7.14e-92	276
NOEMGP_02000	CBKMKC_04040	48.6	403	199	5	1	398	13	412	9.53e-134	386
NOEMGP_02010	JPFHKD_11655	55.8	604	236	6	1	574	7	609	3.39e-233	654
NOEMGP_02035	INNILH_21185	49.0	512	259	1	3	514	12	521	1.71e-171	491
NOEMGP_02040	HPMMNG_01440	66.9	157	52	0	1	157	137	293	2.61e-82	241
NOEMGP_02080	GLACJI_08370	47.6	294	152	1	1	292	1	294	7.29e-81	243
NOEMGP_02085	ODHFDB_03390	51.4	185	88	1	2	184	1	185	7.29e-59	181
NOEMGP_02095	NJKLPJ_06960	76.2	446	105	1	1	445	42	487	1.45e-249	684
NOEMGP_02095	BGMBNC_08915	30.2	443	289	6	7	441	30	460	2.33e-61	202
NOEMGP_02095	ODHFDB_02170	32.3	427	252	9	7	402	9	429	8.90e-52	179
NOEMGP_02100	KKGKIC_00675	65.6	183	57	3	1	179	1	181	7.77e-73	214
NOEMGP_02105	JAEGOD_06035	40.4	401	234	5	4	403	6	402	4.21e-96	290
NOEMGP_02135	JNBMOB_16835	71.1	114	33	0	5	118	11	124	2.62e-54	162
NOEMGP_02140	NPACKI_04800	56.3	586	220	5	4	553	3	588	4.36e-215	605
NOEMGP_02145	DHOMEH_12720	40.2	743	371	9	17	695	6	739	1.82e-166	492
NOEMGP_02145	ODHFDB_00935	35.6	390	231	7	258	640	659	1035	1.22e-63	226
NOEMGP_02145	JKEOBL_06960	34.6	408	240	9	245	641	602	993	1.73e-52	192
NOEMGP_02155	JIBNCO_17045	48.5	719	346	7	65	764	51	764	5.24e-239	681
NOEMGP_02160	NJKLPJ_08545	81.0	347	66	0	1	347	22	368	1.69e-219	599
NOEMGP_02165	CMLBML_12860	45.2	372	186	1	16	387	9	362	7.18e-115	336
NOEMGP_02170	LKEOCB_03770	46.6	431	228	2	8	437	5	434	1.38e-133	388
NOEMGP_02175	DKAAEG_09340	55.1	439	197	0	5	443	21	459	6.08e-175	494
NOEMGP_02185	DIIMPP_15145	54.2	332	149	2	4	334	19	348	5.30e-119	344
NOEMGP_02190	MAHJHN_10560	49.6	353	171	4	59	407	43	392	5.50e-104	310
NOEMGP_02195	NGIGMC_11335	45.7	302	149	5	4	293	5	303	3.51e-70	216
NOEMGP_02200	BNHFML_03630	47.3	258	112	6	70	327	70	303	3.09e-57	186
NOEMGP_02205	OIDBIB_07015	50.4	254	116	5	3	252	4	251	1.01e-73	221
NOEMGP_02210	NBGKDJ_08915	55.8	233	102	1	3	234	5	237	1.14e-85	251
NOEMGP_02215	MLIPEK_11975	46.6	489	260	1	3	491	2	489	1.91e-160	460
NOEMGP_02220	ENFPCC_02210	60.4	533	210	1	1	532	10	542	5.96e-241	669
NOEMGP_02225	OKHBPB_08905	64.5	155	54	1	1	154	2	156	2.46e-79	228
NOEMGP_02235	GLAJCN_12950	72.7	874	239	0	1	874	1	874	0.0	1284
NOEMGP_02255	ENPFGE_04385	46.0	309	165	2	12	318	11	319	2.17e-85	258
NOEMGP_02270	HJGNEK_11040	45.9	549	295	2	11	557	6	554	2.61e-160	465
NOEMGP_02280	AIGKOF_07555	52.9	403	182	3	7	406	12	409	2.08e-140	405
NOEMGP_02280	PEAHOH_01300	31.1	412	274	6	1	407	1	407	2.84e-55	184
NOEMGP_02285	GCDEGP_05015	49.8	554	239	9	15	535	29	576	9.19e-170	496
NOEMGP_02290	INKIHH_11820	49.6	256	128	1	12	267	10	264	6.78e-77	231
NOEMGP_02305	JFOKOO_10945	51.6	405	193	1	8	412	9	410	1.20e-134	389
NOEMGP_02315	BGMBNC_08915	45.2	438	234	2	18	454	2	434	8.71e-133	389
NOEMGP_02315	ODHFDB_02170	32.6	389	225	6	46	403	4	386	3.32e-60	202
NOEMGP_02325	ANBPFB_10370	52.4	807	374	6	4	808	3	801	1.57e-290	825
NOEMGP_02330	JFBMBM_14950	51.2	806	258	7	1	684	1	793	4.62e-252	712
NOEMGP_02335	LEKCMK_00765	47.3	296	142	5	1	293	1	285	2.31e-87	260
NOEMGP_02340	BPPMOK_08570	73.5	185	49	0	3	187	7	191	4.04e-91	270
NOEMGP_02350	NGNBGJ_09385	52.1	217	99	3	15	230	17	229	1.77e-68	206
NOEMGP_02355	HDKNDC_06820	45.8	271	144	3	4	272	11	280	3.17e-76	230
NOEMGP_02365	AAEBNE_10495	42.0	982	532	11	9	961	8	980	9.54e-264	760
NOEMGP_02370	MJOLHA_00470	37.4	222	134	2	1	217	1	222	1.92e-50	160
NOEMGP_02375	NEHECH_00655	47.0	253	132	2	1	252	1	252	3.10e-76	228
NOEMGP_02385	OPOMOC_02725	47.2	377	182	7	5	370	5	375	1.38e-98	295
NOEMGP_02410	FPHNOE_02620	55.5	229	99	2	1	226	1	229	1.69e-83	245
NOEMGP_02425	NIINMJ_19970	61.2	358	139	0	12	369	35	392	1.40e-155	440
NOEMGP_02425	GAOLHI_01445	34.8	359	222	6	14	369	45	394	6.10e-65	208
NOEMGP_02435	OMINCF_04520	42.7	295	166	3	11	302	11	305	8.04e-79	238
NOEMGP_02435	BKMNND_09895	39.5	253	142	5	43	291	43	288	8.50e-49	161
NOEMGP_02440	PPCHMH_10210	42.4	217	125	0	1	217	3	219	1.39e-57	178
NOEMGP_02445	PBAKMA_17510	55.5	281	124	1	1	281	1	280	7.02e-94	275
NOEMGP_02450	LDGBGO_12545	45.4	196	100	2	2	196	1	190	5.81e-58	178
NOEMGP_02470	CPJNAH_18580	37.3	316	169	10	1	291	1	312	1.97e-57	183
NOEMGP_02475	PJAPKP_01185	51.3	236	114	1	1	236	1	235	8.78e-85	250
NOEMGP_02480	OIDBIB_20210	55.4	352	146	4	5	349	7	354	3.25e-122	352
NOEMGP_02500	LKLDMN_19325	44.4	223	114	4	1	219	1	217	1.16e-55	173
NOEMGP_02540	MNNBJI_09460	51.8	193	93	0	45	237	13	205	4.87e-62	191
NOEMGP_02555	JFOKOO_06090	40.9	425	245	2	1	425	1	419	7.93e-104	311
NOEMGP_02560	CFMCFG_03040	84.6	91	14	0	1	91	1	91	1.08e-52	156
NOEMGP_02575	DNBNEF_09455	43.7	442	235	4	20	453	8	443	4.80e-103	311
NOEMGP_02575	JEKOGE_06050	32.0	450	290	9	19	458	6	449	1.48e-52	180
NOEMGP_02590	PFNDEF_09710	49.0	620	303	5	1	619	1	608	1.01e-227	641
NOEMGP_02700	OHPCOF_10190	43.7	407	227	1	1	405	1	407	2.07e-116	342
NOEMGP_02705	DIIMPP_05975	53.0	166	75	1	1	166	1	163	9.25e-63	188
NOEMGP_02710	EAGKMD_14100	55.4	359	120	2	1	324	1	354	1.69e-129	371
NOEMGP_02710	MDHDGC_08370	37.8	331	185	9	1	321	1	320	8.99e-57	183
NOEMGP_02710	LJOEIG_06330	37.8	328	181	9	6	324	6	319	1.34e-53	175
NOEMGP_02720	CFMBFO_10860	70.4	260	77	0	1	260	1	260	3.27e-127	359
NOEMGP_02725	CPMPBM_03600	59.2	638	239	6	5	640	3	621	4.80e-275	763
NOEMGP_02730	GKEJOP_02715	48.6	214	109	1	1	213	1	214	1.68e-66	201
NOEMGP_02735	PCHHPE_13495	49.2	248	115	3	4	241	57	303	1.46e-72	220
NOEMGP_02740	EEBCBO_05060	41.5	470	236	9	7	466	3	443	1.17e-109	328
NOEMGP_02775	APCDKJ_01660	43.5	269	151	1	14	282	1	268	1.36e-78	236
NOEMGP_02785	IBDNDD_10640	54.7	203	88	2	8	208	50	250	1.07e-67	205
NOEMGP_02790	EGEPOE_05725	47.4	287	146	3	1	283	1	286	1.72e-89	264
NOEMGP_02800	COHCOF_08135	69.3	114	35	0	1	114	38	151	2.20e-53	160
NOEMGP_02810	FMAOBM_02935	56.1	244	101	3	1	238	1	244	1.61e-98	284
NOEMGP_02830	FLKHEJ_00860	46.9	452	219	5	3	453	2	433	3.29e-134	390
NOEMGP_02840	IJGGGM_11235	33.2	295	182	6	319	601	643	934	4.71e-42	159
NOEMGP_02845	AIOPCH_03715	35.6	495	290	7	241	716	23	507	7.56e-93	295
NOEMGP_02845	NPLHCN_14260	33.9	425	268	7	295	717	137	550	6.22e-62	222
NOEMGP_02845	EOGDPL_27240	30.7	440	283	8	283	716	379	802	8.85e-56	201
NOEMGP_02860	NGIBDE_08595	62.5	445	167	0	3	447	42	486	7.29e-189	531
NOEMGP_02860	OMINCF_06730	28.6	437	301	5	8	439	4	434	4.04e-50	172
NOEMGP_02860	ADMHII_00410	44.7	197	109	0	9	205	11	207	5.34e-47	157
NOEMGP_02860	AIAJBN_07055	28.3	400	287	0	3	402	2	401	1.00e-46	164
NOEMGP_02885	OMINCF_00680	43.3	388	206	5	2	384	3	381	3.86e-103	306
NOEMGP_02885	CAHMAH_08565	37.2	379	233	4	14	389	15	391	4.97e-75	234
NOEMGP_02885	AOOCMJ_07215	33.6	372	238	5	14	381	14	380	3.82e-57	188
NOEMGP_02900	EDPPFC_05720	41.9	248	132	5	1	245	6	244	7.12e-56	179
NOEMGP_02900	LKLDMN_19325	39.1	220	130	3	2	221	4	219	8.74e-50	162
NOEMGP_02905	LFFHHF_03375	49.9	407	194	4	14	414	99	501	2.54e-126	372
NOEMGP_02920	ILEJOP_08300	53.6	192	72	2	3	177	44	235	5.09e-65	196
NOEMGP_02925	DELOGM_05665	52.6	473	219	4	4	476	3	470	1.16e-169	483
NOEMGP_02930	BCPHIN_09760	47.9	476	246	2	1	476	1	474	1.76e-155	447
NOEMGP_02940	NGIBDE_03660	67.5	443	144	0	1	443	62	504	3.74e-225	623
NOEMGP_02945	PNJNHA_06825	51.6	611	288	5	1	610	1	604	4.52e-211	598
NOEMGP_02950	JLJJEA_09515	45.9	333	177	2	367	699	1	330	9.81e-92	285
NOEMGP_02955	JMCFPI_01740	56.7	460	196	3	10	468	5	462	2.72e-187	527
NOEMGP_02955	MGNIFA_13410	29.6	433	257	11	15	427	21	425	2.68e-45	161
NOEMGP_02970	MNPOJG_03675	43.0	409	232	1	6	413	5	413	3.22e-116	342
NOEMGP_02995	CFELJI_00540	38.1	473	286	3	22	490	12	481	2.45e-103	314
NOEMGP_03005	PJAAIO_08660	52.1	259	116	5	1	254	1	256	1.07e-74	224
NOEMGP_03010	NKDPLI_06995	50.7	694	324	7	4	683	5	694	8.98e-237	688
NOEMGP_03015	PGPAMD_08360	37.1	283	173	2	107	388	10	288	1.10e-52	173
NOEMGP_03020	EKIEJL_17310	39.1	509	301	4	1	506	1	503	3.52e-117	351
NOEMGP_03025	NAABFI_09330	45.0	300	164	1	6	304	4	303	1.50e-94	280
NOEMGP_03025	OMINCF_07275	40.1	304	178	4	3	304	4	305	2.17e-69	215
NOEMGP_03030	OAOAHE_06260	50.2	438	218	0	2	439	40	477	1.08e-142	413
NOEMGP_03035	GHIDNG_08685	62.2	1184	417	14	1	1168	1	1169	0.0	1418
NOEMGP_03060	OLKGPM_07415	42.2	277	160	0	3	279	4	280	1.54e-78	236
NOEMGP_03065	NLFOCH_03850	45.1	495	258	5	9	501	5	487	1.12e-139	408
NOEMGP_03070	KEIMNK_01000	59.0	290	119	0	1	290	149	438	1.18e-111	327
NOEMGP_03070	NGNBGJ_13300	44.0	241	129	3	7	241	4	244	1.69e-57	184
NOEMGP_03090	FKEMDL_06390	52.3	377	176	2	1	373	1	377	3.47e-121	355
NOEMGP_03110	BDKJEH_01155	52.1	236	113	0	5	240	4	239	1.52e-81	253
NOEMGP_03115	OPBKNC_03935	43.4	357	184	7	2	358	33	371	9.76e-90	271
NOEMGP_03120	BLDCGJ_09585	43.6	312	171	3	8	316	1	310	2.17e-82	248
NOEMGP_03130	EBDDCO_13450	57.9	126	52	1	2	127	1	125	5.21e-52	157
NOEMGP_03135	PFMFKA_03510	50.2	249	119	2	2	245	4	252	9.53e-78	232
NOEMGP_03140	GDJICG_03050	51.5	206	84	3	1	198	1	198	1.27e-63	192
NOEMGP_03145	CNOENP_09380	42.4	342	190	2	43	384	12	346	2.36e-79	244
NOEMGP_03145	FMAOBM_00120	39.0	354	212	1	35	388	6	355	2.00e-76	237
NOEMGP_03165	AAHMDH_12575	39.9	531	293	8	56	567	34	557	5.81e-128	382
NOEMGP_03170	NEEMKD_13085	50.4	226	111	1	93	317	1	226	4.80e-83	247
NOEMGP_03175	NEEMKD_13085	42.0	231	127	4	95	321	1	228	3.13e-48	158
NOEMGP_03180	ADMHII_10200	36.2	412	211	4	21	383	49	457	6.60e-73	231
NOEMGP_03180	JIBABB_11530	42.2	218	126	0	165	382	124	341	3.23e-54	179
NOEMGP_03185	DNHLFN_07150	40.6	303	178	2	1	303	1	301	2.39e-71	219
NOEMGP_03185	MFKGBO_06890	36.6	306	190	3	1	303	1	305	1.37e-59	189
NOEMGP_03190	BPPMOK_02305	40.5	306	170	3	1	305	1	295	5.39e-81	245
NOEMGP_03195	NPKNPB_10680	32.9	504	267	9	214	658	2	493	2.01e-76	249
NOEMGP_03200	HIADJD_26315	42.6	256	127	4	4	241	11	264	3.39e-56	185
NOEMGP_03215	MOBKGA_09500	62.0	250	86	1	1	250	1	241	4.33e-104	299
NOEMGP_03220	JPDGNJ_11930	44.9	374	189	4	5	376	18	376	9.62e-92	283
NOEMGP_03250	HPMMNG_01440	64.8	145	51	0	7	151	141	285	4.38e-69	207
NOEMGP_03255	GHIDNG_08150	40.5	358	209	3	5	360	294	649	7.03e-86	271
NOEMGP_03260	GHIDNG_08150	43.2	278	151	3	13	286	3	277	4.48e-71	229
NOEMGP_03265	MFPDBE_04255	41.2	216	122	2	3	217	1	212	1.35e-48	155
NOEMGP_03270	PEAHOH_01300	47.9	405	208	2	2	406	3	404	1.08e-121	355
NOEMGP_03270	AIGKOF_07555	31.8	422	255	9	3	410	9	411	3.05e-51	175
NOEMGP_03275	KKGFNE_01495	54.9	545	193	2	1	494	1	543	6.02e-212	594
NOEMGP_03285	BDEHPM_10945	52.6	272	126	2	25	295	1	270	4.85e-102	296
NOEMGP_03310	APAIPM_19325	38.2	416	248	3	13	423	28	439	1.59e-84	262
NOEMGP_03350	APAIPM_19325	36.4	423	264	3	3	424	21	439	1.64e-84	262
NOEMGP_03390	BCFHOD_11480	53.8	1254	561	9	1	1254	89	1324	0.0	1269
NOEMGP_03420	PBNOEJ_00970	43.8	863	389	9	15	801	1	843	1.09e-245	703
NOEMGP_03440	IJGGGM_11235	41.8	615	350	4	173	779	523	1137	1.76e-153	477
NOEMGP_03515	FFOFOD_03260	49.9	397	198	1	3	399	2	397	3.10e-135	389
NOEMGP_03705	JCMKKN_07565	51.1	454	213	3	7	459	6	451	2.29e-159	455
NOEMGP_03715	BDLLLF_08695	51.0	772	367	8	39	806	176	940	1.88e-254	730
NOEMGP_03720	KBOILM_00790	34.6	344	217	4	1	340	1	340	1.66e-69	217
NOEMGP_03750	FLAJJJ_08755	83.3	204	34	0	1	204	1	204	1.04e-121	350
NOEMGP_03750	AADGFO_06055	34.9	484	275	7	5	457	545	1019	5.87e-84	276
NOEMGP_03755	HJMBIE_06565	67.9	449	71	2	7	382	6	454	2.28e-191	533
NOEMGP_03770	AKJKEO_12255	70.5	484	142	1	1	483	1	484	4.06e-235	649
NOEMGP_03805	JFOKOO_04980	49.9	347	167	5	2	346	37	378	6.76e-103	304
NOEMGP_03810	KDFPIB_25095	40.4	292	173	1	1	292	1	291	6.33e-75	228
NOEMGP_03820	ELNOCH_14010	58.8	187	77	0	3	189	26	212	2.31e-73	221
NOEMGP_03835	NGIBDE_08595	37.4	436	268	2	12	443	34	468	9.57e-85	266
NOEMGP_03835	GKLKJE_14420	37.5	392	241	2	16	404	3	393	7.60e-70	226
NOEMGP_03835	ADMHII_00410	48.1	206	106	1	14	219	3	207	1.26e-52	173
NOEMGP_03835	OMINCF_06730	30.9	391	241	6	22	398	5	380	6.96e-46	162
NOEMGP_03840	ICHLBC_08475	41.2	422	218	9	22	426	4	412	7.16e-92	290
NOEMGP_03845	PHLAAH_09875	47.3	594	302	5	9	598	5	591	2.28e-189	542
NOEMGP_03850	PKNJCI_06050	33.1	426	272	4	7	432	4	416	4.55e-78	247
NOEMGP_03855	AIGKOF_12030	80.5	334	64	1	3	336	51	383	1.94e-198	546
NOEMGP_03860	AKJKEO_08215	60.4	717	252	6	1	695	58	764	6.17e-294	819
NOEMGP_03860	BBKFDB_00315	36.5	523	283	10	9	530	5	479	1.40e-86	277
NOEMGP_03865	EOGDPL_27240	31.7	420	271	6	315	729	392	800	2.01e-58	208
NOEMGP_03865	AIOPCH_03715	29.5	396	266	7	340	729	117	505	9.06e-51	181
NOEMGP_03875	EDBAJH_12145	45.0	322	151	10	1	313	1	305	6.45e-86	268
NOEMGP_03985	AEHBLL_10425	30.0	453	278	10	45	475	55	490	6.05e-48	168
NOEMGP_03990	PCHHPE_15625	53.9	206	95	0	11	216	10	215	5.74e-77	232
NOEMGP_04045	AKJKEO_12255	33.2	458	271	8	46	488	47	484	4.81e-78	248
NOEMGP_04060	EDPPFC_16165	39.7	247	144	3	5	250	3	245	1.18e-47	154
NOEMGP_04100	APAIPM_20955	65.0	357	123	1	3	359	30	384	6.38e-173	483
NOEMGP_04105	NIMMDJ_02025	55.0	362	129	5	4	336	5	361	1.07e-138	394
NOEMGP_04125	PCHHPE_15625	50.2	203	101	0	14	216	13	215	1.40e-70	215
NOEMGP_04220	PCHHPE_15625	53.2	203	95	0	30	232	13	215	2.83e-74	226
NOEMGP_04245	MNPOJG_03675	42.5	409	235	0	3	411	2	410	3.57e-111	330
NOEMGP_04310	NNFGHE_00040	56.0	482	206	4	2	478	2	482	4.42e-177	503
NOEMGP_04315	PBNOEJ_04255	51.9	457	213	2	1	450	12	468	1.11e-159	456
NOEMGP_04340	HGCDGK_00635	47.8	439	227	2	1	438	25	462	5.17e-126	370
NOEMGP_04340	FCHPAI_15930	34.9	370	241	0	13	382	18	387	1.23e-74	235
NOEMGP_04345	KGINLD_04375	40.5	242	139	2	106	343	66	306	3.06e-56	182
NOEMGP_04370	KDLBIP_21060	67.4	129	14	2	69	197	1	101	4.50e-56	169
NOEMGP_04385	LKBNNH_02180	77.7	130	29	0	1	130	1	130	8.95e-69	201
NOEMGP_04410	DEAEDM_14640	49.1	806	404	3	13	813	13	817	2.82e-266	755
NOEMGP_04410	ELNOCH_01590	41.6	800	408	14	17	811	537	1282	4.64e-198	595
NOEMGP_04415	AEOEGG_04380	82.2	1049	175	4	1	1043	58	1100	0.0	1801
NOEMGP_04415	GMHKEG_05155	26.7	821	508	20	13	826	13	746	1.13e-85	292
NOEMGP_04425	IFFOPK_14205	45.2	473	251	5	8	480	9	473	3.49e-136	398
NOEMGP_04440	MKBKLI_02280	46.5	241	126	2	1	239	1	240	7.83e-69	208
NOEMGP_04445	IJCGKP_13240	77.6	490	80	3	1	460	1	490	7.71e-250	686
NOEMGP_04450	LNKMPC_13665	45.8	275	142	3	1	274	1	269	1.70e-76	241
NOEMGP_04450	MDAJGJ_00800	28.2	577	341	16	1	540	1	541	1.12e-58	207
NOEMGP_04460	KEIMNK_00130	27.7	451	310	5	17	455	48	494	4.43e-60	201
NOEMGP_04465	OHAPKC_02295	55.1	216	92	3	164	378	14	225	4.09e-70	221
NOEMGP_04465	OEDLLD_01520	35.4	350	220	4	29	378	30	373	1.02e-57	193
NOEMGP_04465	CJHDOF_08685	31.5	371	229	7	12	378	11	360	1.49e-51	176
NOEMGP_04475	NEHECH_06835	46.6	373	195	3	7	376	2	373	3.62e-106	314
NOEMGP_04480	MCNJPA_03870	56.8	511	210	3	1	507	1	504	4.58e-187	530
NOEMGP_04480	MEIOOM_00955	38.2	272	162	2	236	504	138	406	2.33e-45	160
NOEMGP_04490	JMCFPI_03930	46.5	200	107	0	4	203	3	202	4.69e-62	191
NOEMGP_04495	OBHJLJ_05995	46.7	653	337	3	1	643	3	654	3.57e-206	589
NOEMGP_04495	LJALIN_17780	35.3	553	328	6	2	541	50	585	1.21e-101	318
NOEMGP_04495	IMJCGK_11625	35.8	514	317	6	2	511	3	507	2.00e-101	315
NOEMGP_04495	EHHHNJ_03925	32.0	547	313	10	1	538	2	498	7.99e-82	266
NOEMGP_04600	LAMMKD_09880	48.7	423	212	2	4	424	60	479	4.75e-141	408
NOEMGP_04600	OKNPEK_06340	39.1	422	252	3	5	425	6	423	3.94e-116	342
NOEMGP_04610	LNKMPC_14825	66.3	199	67	0	81	279	1	199	3.70e-95	283
NOEMGP_04615	HHJGNO_01565	73.6	201	53	0	3	203	1	201	1.08e-109	313
NOEMGP_04625	AIOPCH_03715	37.3	408	234	6	17	413	109	505	3.48e-84	263
NOEMGP_04625	EOGDPL_27240	32.6	408	257	8	8	413	409	800	6.23e-57	196
NOEMGP_04625	NPLHCN_14260	30.4	395	257	7	24	412	164	546	3.34e-50	179
NOEMGP_04635	NNFGHE_04830	45.9	255	133	2	1	251	1	254	1.47e-73	221
NOEMGP_04640	PAHPGF_09515	46.7	291	149	4	1	289	1	287	6.33e-85	253
NOEMGP_04650	AHGGGF_11555	55.5	209	90	3	1	208	1	207	3.10e-79	232
NOEMGP_04655	PHAIHL_05095	78.5	605	130	0	1	605	51	655	0.0	965
NOEMGP_04655	CHFKLB_06175	30.0	524	298	18	5	497	56	541	1.93e-49	178
NOEMGP_04665	CNNHAB_05870	46.6	869	425	12	1	850	1	849	4.05e-244	706
NOEMGP_04665	BIJIBE_02780	31.7	778	412	16	36	795	18	694	5.99e-108	347
NOEMGP_04670	ALJLGD_02565	43.8	447	246	2	16	460	87	530	8.47e-133	390
NOEMGP_04695	KOGAEP_23345	59.3	339	137	1	4	341	102	440	9.84e-146	415
NOEMGP_04720	GLPAEG_01685	51.4	255	97	3	3	234	2	252	1.71e-74	223
NOEMGP_04745	PJAAIO_03310	31.4	452	266	11	13	451	4	424	1.04e-65	213
NOEMGP_04745	FLAJJJ_06280	52.7	169	80	0	29	197	10	178	1.70e-54	176
NOEMGP_04755	BCPHIN_13045	30.2	662	454	4	35	689	14	674	1.16e-90	295
NOEMGP_04765	LDGBGO_12545	50.8	183	90	0	1	183	1	183	1.92e-63	192
NOEMGP_04800	CLNFJC_09055	38.5	429	247	10	5	431	104	517	1.60e-83	262
NOEMGP_04865	EGEPOE_09050	55.4	379	158	4	5	380	3	373	3.85e-151	428
NOEMGP_04880	BBKFDB_05170	41.8	304	176	1	15	318	29	331	1.21e-84	255
NOEMGP_04885	INKIHH_10100	29.6	652	361	19	473	1047	7	637	1.12e-61	221
NOEMGP_04885	NIHDHO_00130	30.7	579	323	22	509	1033	2	556	7.98e-52	188
NOEMGP_04895	GMHKEG_05155	57.4	875	364	7	3	874	4	872	0.0	1039
NOEMGP_04895	AEOEGG_04380	26.3	843	511	23	11	757	69	897	6.63e-85	290
NOEMGP_04910	OEDLLD_10520	57.5	308	131	0	6	313	3	310	2.34e-118	342
NOEMGP_04915	NPACKI_09380	44.4	252	136	3	98	345	66	317	7.42e-65	214
NOEMGP_04925	LLGOHG_01290	60.4	154	60	1	1	153	1	154	3.34e-62	185
NOEMGP_04930	HJMBIE_16980	65.6	326	110	1	3	328	34	357	6.84e-153	429
NOEMGP_04940	OEDLLD_08805	43.6	523	293	2	98	619	204	725	1.02e-140	423
NOEMGP_04940	JAFONP_12205	35.0	572	367	2	43	614	35	601	1.01e-113	349
NOEMGP_04940	KAJCKN_09590	30.7	537	353	5	93	621	48	573	4.54e-74	244
NOEMGP_04940	MGCPIK_11245	42.2	230	132	1	385	614	46	274	1.93e-56	189
NOEMGP_04940	KMMJBO_11065	25.2	611	405	8	46	614	1	601	2.03e-54	192
NOEMGP_04945	KAJCKN_09590	51.7	572	267	6	2	569	3	569	3.42e-179	515
NOEMGP_04945	KMMJBO_11065	37.7	605	342	2	1	570	1	605	1.59e-127	384
NOEMGP_04945	JAFONP_12205	30.4	569	394	2	2	570	39	605	9.53e-88	281
NOEMGP_04945	OEDLLD_08805	33.9	525	341	3	48	570	204	724	1.09e-81	268
NOEMGP_04945	MGCPIK_11245	32.8	244	162	1	335	578	45	286	6.86e-45	157
NOEMGP_04965	PIPLNM_12695	38.0	652	341	15	427	1059	308	915	2.78e-124	399
NOEMGP_04970	FCHNIC_10895	46.3	594	310	4	1	593	1	586	2.33e-181	521
NOEMGP_04970	PNJNHA_04955	31.6	580	364	14	18	593	15	565	2.21e-79	257
NOEMGP_04975	AIGKOF_03855	57.5	179	76	0	52	230	55	233	2.75e-74	221
NOEMGP_04980	JFOKOO_10195	56.2	185	80	1	1	185	1	184	4.20e-72	212
NOEMGP_04990	MOLHNH_07985	66.3	172	57	1	1	171	1	172	9.03e-78	226
NOEMGP_04995	GOBLEJ_10390	73.0	148	40	0	1	148	67	214	6.52e-78	227
NOEMGP_05010	EBFHBG_03010	32.6	463	309	3	6	467	30	490	1.32e-87	273
NOEMGP_05020	HFPDKM_12815	67.6	531	171	1	1	531	34	563	1.32e-265	732
NOEMGP_05020	JIBNCO_01295	28.5	495	300	13	8	464	39	517	3.00e-43	160
NOEMGP_05025	IDJOEI_06160	48.5	260	126	4	43	299	17	271	1.40e-81	244
NOEMGP_05030	FPHNOE_08970	48.2	255	131	1	1	254	1	255	1.40e-82	244
NOEMGP_05030	LDGBGO_07050	34.9	252	163	1	1	251	1	252	1.76e-49	160
NOEMGP_05045	GLPAEG_01685	38.3	248	134	1	26	254	5	252	1.77e-52	167
NOEMGP_05065	AEGBGH_03235	49.4	314	157	2	14	326	24	336	8.72e-93	282
NOEMGP_05075	MDIEPL_01320	43.0	416	231	5	1	414	1	412	4.54e-102	306
NOEMGP_05080	OJKFBE_02425	48.4	374	187	4	14	385	137	506	5.29e-106	318
NOEMGP_05085	PBJMKO_02295	44.4	444	245	2	5	448	7	448	1.72e-126	370
NOEMGP_05085	GGKJAP_00545	37.0	451	275	6	3	448	15	461	3.18e-79	258
NOEMGP_05090	LKEOCB_02010	47.2	305	148	6	15	315	13	308	6.38e-86	257
NOEMGP_05095	HJGNEK_09000	67.5	573	186	0	1	573	10	582	7.56e-283	781
NOEMGP_05095	BPPMOK_10790	35.4	591	321	12	38	575	76	658	7.48e-101	316
NOEMGP_05100	BPPMOK_10790	41.0	630	333	10	15	620	43	657	1.18e-149	447
NOEMGP_05100	HJGNEK_09000	32.1	563	336	11	63	620	62	583	3.01e-78	260
NOEMGP_05110	KIFOBE_02715	50.2	307	148	3	3	309	4	305	1.33e-93	276
NOEMGP_05110	HIJMHI_06655	36.3	311	172	7	5	307	100	392	1.13e-51	171
NOEMGP_05115	DBGIOG_14085	70.2	141	42	0	1	141	30	170	2.01e-72	211
NOEMGP_05125	MGKNOI_09405	38.3	444	259	6	31	465	9	446	4.62e-102	308
NOEMGP_05125	LPCGND_12240	34.3	361	227	3	29	382	14	371	6.07e-66	216
NOEMGP_05130	MKHMMK_07280	80.5	365	71	0	1	365	23	387	1.21e-212	583
NOEMGP_05135	AIGKOF_14040	61.9	155	46	2	1	142	1	155	4.01e-56	169
NOEMGP_05140	NEHECH_06835	32.6	365	243	3	11	373	7	370	1.03e-59	194
NOEMGP_05160	AFKLCO_01805	41.0	307	160	7	11	311	4	295	7.27e-61	192
NOEMGP_05170	ANAEHF_05030	55.6	178	77	2	14	190	13	189	5.06e-59	179
NOEMGP_05175	PNJNHA_01195	48.9	188	84	1	3	190	4	179	3.21e-52	166
NOEMGP_05185	IJMKAA_11630	43.7	327	155	4	8	305	12	338	7.38e-86	258
NOEMGP_05190	GNFLKF_08300	40.6	394	219	3	39	425	58	443	8.07e-94	287
NOEMGP_05205	NEEMKD_13085	50.4	226	109	2	90	312	1	226	1.70e-80	241
NOEMGP_05210	NEEMKD_13085	39.5	228	133	3	97	319	1	228	2.89e-54	174
NOEMGP_05215	JIBABB_11530	60.5	281	111	0	19	299	62	342	7.97e-119	341
NOEMGP_05215	ADMHII_10200	35.0	266	143	3	60	298	194	456	4.03e-48	163
NOEMGP_05220	MFKGBO_06890	44.3	309	170	2	1	308	1	308	2.31e-90	270
NOEMGP_05220	DNHLFN_07150	36.4	305	190	2	1	305	1	301	3.80e-53	174
NOEMGP_05240	HCBGLF_06585	38.7	186	108	3	72	251	9	194	1.77e-45	152
NOEMGP_05245	LPCGND_12240	58.6	452	187	0	3	454	17	468	2.62e-195	548
NOEMGP_05250	MAHJHN_07515	49.0	302	147	2	1	297	1	300	6.10e-108	312
NOEMGP_05255	CAGOKC_07435	44.3	451	246	4	33	478	19	469	4.04e-126	372
NOEMGP_05265	EDPPFC_05720	42.1	242	129	5	9	244	7	243	3.49e-54	174
NOEMGP_05305	PJAAIO_00225	50.0	594	282	6	106	690	28	615	1.53e-209	602
NOEMGP_05310	CGDHDB_07975	47.6	412	195	4	9	403	185	592	1.20e-105	321
NOEMGP_05320	OGKGFI_05415	54.0	150	58	3	1	141	5	152	6.81e-51	155
NOEMGP_05325	FGOPKK_07530	46.3	393	207	3	2	391	1	392	1.37e-116	341
NOEMGP_05330	NPLHCN_14260	26.8	1005	462	12	316	1187	996	1859	5.38e-90	316
NOEMGP_05330	JHIMFH_08715	32.4	519	210	4	669	1187	26	403	1.45e-71	241
NOEMGP_05340	FCAKMF_09100	28.3	713	453	19	5	685	2	688	2.57e-77	258
NOEMGP_05355	PMOLLI_08705	41.3	252	133	5	1	244	48	292	1.06e-47	157
NOEMGP_05365	ILEJOP_08300	52.4	185	87	1	5	188	44	228	7.46e-59	181
NOEMGP_05380	OEDLLD_08805	44.0	493	272	1	94	586	236	724	1.77e-138	416
NOEMGP_05380	JAFONP_12205	34.5	577	376	1	10	586	31	605	7.92e-110	338
NOEMGP_05380	KAJCKN_09590	30.3	575	388	5	17	585	2	569	6.46e-80	259
NOEMGP_05380	MGCPIK_11245	42.7	232	132	1	353	584	46	276	2.84e-58	193
NOEMGP_05380	KMMJBO_11065	26.3	612	402	9	17	586	1	605	2.19e-54	191
NOEMGP_05380	NDBPJJ_01855	26.9	558	381	13	17	555	12	561	4.43e-42	155
NOEMGP_05385	KMMJBO_11065	55.6	611	246	2	1	586	1	611	1.61e-218	617
NOEMGP_05385	KAJCKN_09590	36.4	577	352	4	10	584	11	574	5.73e-116	353
NOEMGP_05385	JAFONP_12205	28.4	578	398	4	4	579	41	604	2.64e-70	234
NOEMGP_05385	OEDLLD_08805	29.1	526	357	4	59	582	215	726	9.67e-58	202
NOEMGP_05395	GBFPPP_06205	57.8	524	185	2	5	492	10	533	1.58e-216	605
NOEMGP_05405	OPOMOC_01965	75.7	144	35	0	1	144	1	144	9.73e-84	239
NOEMGP_05415	HEEEIG_02325	36.9	244	153	1	6	249	7	249	2.83e-54	172
NOEMGP_05420	IINDLL_04140	42.5	468	264	4	41	506	13	477	3.87e-129	380
NOEMGP_05425	GLCPEN_08265	35.8	327	202	3	106	424	75	401	1.21e-54	183
NOEMGP_05430	HFAHKK_07810	45.1	949	313	12	4	760	5	937	3.17e-248	711
NOEMGP_05430	MPNMPI_01965	43.8	306	171	1	3	308	4	308	7.74e-79	253
NOEMGP_05440	KCGDMB_05840	61.7	311	119	0	18	328	18	328	1.16e-134	384
NOEMGP_05445	PBNOEJ_09080	45.5	200	108	1	1	200	1	199	4.07e-53	165
NOEMGP_05455	NPCMJE_01930	50.0	178	84	2	3	175	9	186	2.34e-56	173
NOEMGP_05465	CGOKML_10095	51.4	290	139	2	5	293	2	290	1.64e-98	288
NOEMGP_05470	IBDNDD_01930	50.0	242	120	1	4	244	2	243	1.16e-80	239
NOEMGP_05550	AHFGAK_17940	49.6	403	198	4	4	403	3	403	9.57e-125	363
NOEMGP_05565	FKEMDL_06390	27.3	396	265	5	1	392	3	379	5.03e-43	153
NOEMGP_05580	MNAECF_09745	53.4	446	197	2	1	440	26	466	1.34e-154	442
NOEMGP_05595	APHOBL_08810	44.4	205	112	2	11	213	17	221	4.47e-51	161
NOEMGP_05600	ODHFDB_06390	50.9	381	177	4	7	377	1	381	1.84e-132	381
NOEMGP_05620	DEAMOH_15020	43.7	222	120	1	1	217	1	222	6.57e-58	179
NOEMGP_05620	EGEPOE_04770	41.2	211	121	1	5	215	8	215	5.63e-49	162
NOEMGP_05640	EOAKDK_01175	57.9	152	63	1	3	154	8	158	2.69e-57	172
NOEMGP_05650	FGOPKK_07530	45.0	371	199	1	11	381	27	392	1.61e-97	292
NOEMGP_05675	EIKLNG_11410	80.7	161	31	0	1	161	1	161	3.10e-88	267
NOEMGP_05685	PBNOEJ_00885	48.6	185	95	0	1	185	1	185	1.07e-58	187
NOEMGP_05720	FOLEJH_19415	70.6	327	95	1	1	327	1	326	2.31e-172	478
NOEMGP_05725	OHKOAG_01070	51.3	160	77	1	1	159	1	160	8.62e-52	159
NOEMGP_05735	MFOGNL_02710	36.9	274	171	2	13	286	2	273	1.77e-58	185
NOEMGP_05740	IJGGGM_11235	32.3	297	185	7	757	1040	637	930	3.43e-41	160
NOEMGP_05745	DKAAEG_05225	43.1	299	143	6	1	295	1	276	2.61e-69	213
NOEMGP_05755	LFIBHA_14155	43.8	477	159	7	8	382	6	475	6.95e-131	380
NOEMGP_05760	DBPIFH_03400	83.8	400	65	0	1	400	1	400	1.28e-261	716
NOEMGP_05765	GNANIN_08310	58.8	284	114	3	4	285	8	290	5.17e-116	332
NOEMGP_05770	GJDIKO_00970	52.5	284	132	3	4	285	3	285	1.73e-108	312
NOEMGP_05775	MKABCP_07780	48.0	485	250	1	1	483	1	485	3.37e-163	467
NOEMGP_05780	JECHMI_13235	44.8	261	132	2	1	250	1	260	1.33e-78	234
NOEMGP_05800	MGOMDC_14445	68.5	168	53	0	16	183	37	204	1.52e-74	219
NOEMGP_05805	EBFHBG_15540	39.6	285	171	1	1	285	1	284	2.63e-72	221
NOEMGP_05810	BCNBMK_19470	44.9	245	131	3	1	242	1	244	2.65e-74	223
NOEMGP_05830	NPLHCN_14260	34.3	601	252	8	504	1102	1400	1859	5.63e-80	284
NOEMGP_05830	JHIMFH_08715	34.1	510	193	6	587	1094	27	395	2.78e-67	229
NOEMGP_05845	BOPGEP_09895	41.8	638	353	11	3	634	4	629	7.89e-170	496
NOEMGP_05855	FCAKMF_09100	49.8	727	342	10	1	725	3	708	1.05e-237	674
NOEMGP_05885	HJMBIE_06540	48.8	168	84	1	3	168	4	171	7.37e-54	165
NOEMGP_05910	AHPIPH_10535	43.8	500	215	9	4	462	7	481	1.10e-136	399
NOEMGP_05915	PKNJCI_06050	35.0	428	247	9	15	427	5	416	7.82e-71	228
NOEMGP_05950	AEGBGH_02400	49.8	424	203	5	3	423	25	441	3.30e-137	397
NOEMGP_05960	AEGBGH_02380	47.4	340	171	5	3	342	9	340	2.92e-102	301
NOEMGP_05975	IJGGGM_11235	50.0	348	167	1	1	348	1	341	9.91e-108	339
NOEMGP_05985	BKMNND_09895	54.1	283	129	1	29	310	16	298	2.53e-104	304
NOEMGP_05990	EEBCBO_05060	49.5	459	214	7	4	461	3	444	1.99e-144	417
NOEMGP_06005	PEFDJK_08990	46.2	173	93	0	205	377	1	173	5.13e-55	176
NOEMGP_06025	LPCGND_12240	33.3	462	269	13	4	436	17	468	4.27e-81	255
NOEMGP_06025	MGKNOI_09405	35.4	353	207	7	1	334	7	357	3.08e-52	178
NOEMGP_06030	NKLDCP_08155	44.8	435	228	5	4	427	2	435	3.07e-113	335
NOEMGP_06045	BIJIBE_02780	32.0	632	364	17	199	795	53	653	1.77e-77	265
NOEMGP_06055	KOGAEP_18980	44.7	933	437	18	6	871	12	932	4.75e-225	656
NOEMGP_06070	AAHMDH_12575	35.8	581	328	10	3	570	7	555	1.33e-114	348
NOEMGP_06075	NEEMKD_13085	54.9	226	101	1	122	346	1	226	1.14e-89	265
NOEMGP_06080	NEEMKD_13085	41.4	227	127	5	96	318	1	225	4.94e-49	160
NOEMGP_06085	ADMHII_10200	57.1	261	108	1	89	345	196	456	2.73e-99	297
NOEMGP_06085	JIBABB_11530	35.0	311	167	4	36	346	67	342	1.17e-54	179
NOEMGP_06090	DNHLFN_07150	44.7	304	166	2	1	304	1	302	1.01e-86	258
NOEMGP_06090	MFKGBO_06890	34.9	307	194	4	1	303	1	305	3.45e-60	191
NOEMGP_06105	MNPOJG_03675	41.4	425	243	3	4	428	3	421	2.56e-104	312
NOEMGP_06155	IBBLIJ_02180	48.2	309	149	5	3	307	2	303	1.39e-75	230
NOEMGP_06160	FFOHFI_09755	92.1	227	18	0	1	227	86	312	1.82e-153	426
NOEMGP_06185	ONBPBO_06850	44.5	400	191	7	1	381	1	388	7.62e-97	297
NOEMGP_06225	POKEEB_12070	45.7	315	165	4	1	312	1	312	2.69e-79	241
NOEMGP_06250	CCDOAK_00015	34.9	499	310	4	2	488	26	521	8.63e-99	304
NOEMGP_06250	IOBNAI_13140	48.8	207	105	1	281	487	1	206	1.09e-61	197
NOEMGP_06250	MIKFNA_15845	40.3	236	134	2	257	489	1	232	1.83e-53	177
NOEMGP_06285	KJKCNM_14465	65.7	254	87	0	1	254	19	272	1.84e-119	340
NOEMGP_06290	HPMMNG_01440	71.7	152	43	0	1	152	137	288	1.15e-85	249
NOEMGP_06360	JHFIBJ_16095	42.9	431	202	5	23	453	200	586	2.10e-104	337
NOEMGP_06360	AHNHLJ_13685	39.0	451	241	9	7	444	127	556	3.36e-90	288
NOEMGP_06360	ILEJOP_08300	46.8	190	84	2	510	682	46	235	8.90e-49	167
NOEMGP_06375	NAGHPK_09505	31.4	484	313	7	8	483	3	475	1.72e-81	258
NOEMGP_06390	FOLEJH_17180	36.1	302	192	1	18	319	24	324	4.36e-54	176
NOEMGP_06390	HDOOEE_06365	35.2	344	176	5	17	318	86	424	1.10e-43	151
NOEMGP_06395	CCDOAK_00015	33.1	493	319	5	7	489	30	521	1.24e-84	267
NOEMGP_06395	IOBNAI_13140	43.7	213	118	1	283	493	1	213	1.11e-54	179
NOEMGP_06395	MIKFNA_15845	37.0	235	140	3	260	490	2	232	8.33e-46	156
NOEMGP_06410	KOGAEP_18980	32.9	918	496	19	5	817	21	923	5.82e-122	387
NOEMGP_06410	IFHDGK_16005	28.2	726	452	20	50	753	97	775	3.04e-58	210
NOEMGP_06415	FOHGAB_17375	32.5	511	254	14	1	454	1	477	1.41e-55	188
NOEMGP_06425	LKLDMN_19325	38.4	219	129	4	8	225	4	217	1.00e-46	150
NOEMGP_06470	EOGDPL_27240	27.8	425	292	6	217	636	388	802	5.88e-48	176
NOEMGP_06470	AIOPCH_03715	24.8	440	320	3	204	633	66	504	3.41e-45	164
NOEMGP_06475	EBLBNC_04335	62.4	205	76	1	3	207	63	266	7.01e-91	264
NOEMGP_06480	HIJMHI_06655	71.8	344	97	0	4	347	53	396	4.75e-180	501
NOEMGP_06490	NNLPHK_08690	36.0	364	229	3	8	369	2	363	5.47e-72	231
NOEMGP_06490	LKAFFP_06110	36.7	360	226	2	14	371	8	367	2.12e-67	217
NOEMGP_06490	FLJHGF_06385	31.3	342	232	2	14	353	6	346	8.00e-52	176
NOEMGP_06520	CJIEHG_02875	71.8	387	109	0	1	387	47	433	6.04e-184	514
NOEMGP_06535	GNBPPJ_17065	56.5	604	211	4	2	561	8	603	2.70e-241	673
NOEMGP_06540	GEHJPL_02760	66.5	185	62	0	3	187	87	271	1.10e-89	260
NOEMGP_06545	MGCPIK_11245	45.1	266	143	2	300	565	8	270	1.82e-74	235
NOEMGP_06545	JAFONP_12205	29.3	549	361	6	52	577	65	609	4.49e-66	223
NOEMGP_06545	OEDLLD_08805	29.6	527	359	6	63	579	206	730	6.66e-66	224
NOEMGP_06545	KAJCKN_09590	27.4	489	339	7	96	574	89	571	6.66e-49	175
NOEMGP_06545	KMMJBO_11065	33.3	231	153	1	339	568	370	600	3.85e-40	150
NOEMGP_06545	NDBPJJ_01855	26.9	499	333	10	67	542	72	561	4.12e-40	150
NOEMGP_06550	MGCPIK_11245	45.4	249	120	1	360	608	45	277	1.27e-67	218
NOEMGP_06550	OEDLLD_08805	30.2	411	263	5	205	612	338	727	1.10e-52	189
NOEMGP_06550	JAFONP_12205	26.8	564	364	11	57	605	72	601	2.06e-51	183
NOEMGP_06550	KAJCKN_09590	33.8	287	174	3	325	609	298	570	5.94e-45	164
NOEMGP_06600	DNBNEF_09455	34.6	439	279	3	3	433	8	446	3.24e-78	246
NOEMGP_06600	JEKOGE_06050	28.5	438	294	9	10	433	14	446	1.50e-43	155
NOEMGP_06615	NPLHCN_14260	34.8	497	178	8	1	492	1508	1863	1.18e-66	229
NOEMGP_06615	JHIMFH_08715	33.6	345	207	5	13	344	68	403	3.07e-45	160
NOEMGP_06640	EEOPDA_04385	50.5	392	186	5	1	387	1	389	2.08e-128	371
NOEMGP_06640	MDMJGO_07865	42.2	386	220	3	1	384	1	385	5.23e-105	311
NOEMGP_06650	GEHMID_04080	52.9	227	99	3	1	222	1	224	2.18e-77	229
NOEMGP_06670	KIFOBE_00585	45.0	411	220	5	5	412	4	411	2.95e-118	347
NOEMGP_06695	NEHECH_03510	47.4	230	117	2	1	227	1	229	4.97e-61	193
NOEMGP_06695	KJKCNM_14465	32.8	311	191	6	1	309	22	316	1.13e-43	150
NOEMGP_06705	FPMAMI_13105	51.4	222	106	1	1	220	1	222	6.54e-71	212
NOEMGP_06710	EHHHNJ_08575	49.4	178	89	1	1	177	1	178	1.80e-55	170
NOEMGP_06780	KJKCNM_14465	33.6	301	179	6	1	281	22	321	9.20e-46	153
NOEMGP_06800	BDLLLF_04730	41.2	371	212	4	8	372	2	372	5.58e-82	253
NOEMGP_06845	OEDLLD_07825	50.7	343	168	1	1	343	1	342	8.71e-120	345
NOEMGP_06850	NIFNPL_05080	43.2	220	120	3	1	216	1	219	2.03e-60	185
NOEMGP_06970	INKIHH_10100	47.6	815	346	9	1	812	1	737	3.08e-236	675
NOEMGP_06970	NIHDHO_00130	31.3	604	368	15	43	634	2	570	3.20e-67	230
NOEMGP_06980	JEKOGE_06050	32.4	451	289	8	1	442	1	444	1.86e-64	211
NOEMGP_06980	NOJFKC_04840	32.2	435	290	2	12	446	15	444	2.04e-62	205
NOEMGP_06980	DNBNEF_09455	31.6	453	277	11	1	434	1	439	1.19e-51	177
NOEMGP_07005	KKGKIC_03535	52.1	265	126	1	4	268	3	266	9.82e-97	281
NOEMGP_07005	FMNLNK_06465	34.7	271	168	2	4	270	2	267	7.67e-55	175
NOEMGP_07085	GOMNJH_00285	53.6	261	105	2	167	411	93	353	1.72e-91	280
NOEMGP_07100	MGKNOI_04015	44.0	441	219	8	239	653	152	590	2.54e-103	323
NOEMGP_07150	FPHNOE_07640	39.4	502	242	10	18	476	1	483	3.94e-111	334
NOEMGP_07160	DPDMEB_13265	41.7	223	130	0	1	223	33	255	5.70e-63	193
NOEMGP_07180	LKLDMN_19325	43.1	202	109	3	23	222	22	219	2.08e-49	157
NOEMGP_07225	FOHGMI_14860	52.9	227	98	3	235	460	2	220	5.60e-70	223
NOEMGP_07235	MKABCP_10815	42.5	362	179	9	51	402	38	380	1.76e-81	252
NOEMGP_07250	MNNBJI_10430	44.2	310	168	3	6	311	3	311	1.38e-95	281
NOEMGP_07255	FOOLJF_09805	60.6	404	128	4	1	404	1	373	2.29e-119	348
NOEMGP_07260	LDGBGO_03080	65.8	269	92	0	1	269	2	270	2.58e-110	317
NOEMGP_07265	NIIHOH_08120	54.4	228	104	0	4	231	28	255	3.57e-90	264
NOEMGP_07270	CKOGHO_14535	37.0	343	171	8	54	354	33	372	3.20e-58	189
NOEMGP_07275	CIIHGC_07795	43.3	210	119	0	3	212	207	416	1.07e-58	187
NOEMGP_07295	BKMNND_07850	73.6	664	161	3	1	661	1	653	0.0	942
NOEMGP_07300	BIKKBB_00065	74.7	300	76	0	1	300	1	300	1.09e-158	441
NOEMGP_07305	JFOKOO_03005	50.3	185	89	2	17	201	13	194	1.86e-61	187
NOEMGP_07310	OPOMOC_16115	47.8	291	141	3	86	374	61	342	3.39e-85	258
NOEMGP_07315	ELNOCH_10340	45.2	294	157	4	1	294	1	290	3.49e-90	267
NOEMGP_07320	DKDGNM_03660	45.4	152	83	0	31	182	9	160	3.05e-45	150
NOEMGP_07325	NPKNPB_15660	40.3	315	183	2	7	319	16	327	1.40e-82	249
NOEMGP_07340	CGOKML_00970	53.5	185	86	0	5	189	5	189	1.25e-60	192
NOEMGP_07350	CHFKLB_07415	46.8	265	130	2	1	265	1	254	6.28e-80	238
NOEMGP_07355	JGACAL_08620	49.4	638	312	6	4	637	4	634	5.18e-195	565
NOEMGP_07360	DIFDMH_04115	41.8	438	254	1	11	447	5	442	8.49e-108	323
NOEMGP_07360	NGIBDE_08595	40.4	436	260	0	5	440	39	474	1.83e-101	308
NOEMGP_07360	OMINCF_06730	34.4	436	281	3	14	447	5	437	1.06e-75	240
NOEMGP_07360	ADMHII_00410	53.3	210	98	0	4	213	1	210	1.95e-68	213
NOEMGP_07360	GKLKJE_14420	32.9	426	273	6	14	432	9	428	1.22e-61	204
NOEMGP_07365	IPLLHO_16290	47.8	247	121	2	8	248	35	279	3.64e-72	219
NOEMGP_07375	OMINCF_03955	46.7	452	235	3	17	462	9	460	1.84e-142	413
NOEMGP_07445	OCDBMN_13345	35.4	461	273	8	7	447	9	464	4.25e-75	239
NOEMGP_07450	FHGONL_08010	52.5	554	257	2	1	549	1	553	1.10e-187	535
NOEMGP_07460	FKEMDL_14575	38.7	287	166	5	1	279	11	295	3.54e-69	213
NOEMGP_07465	INKIHH_10055	48.0	244	122	3	4	246	6	245	9.27e-66	202
NOEMGP_07470	NGMOPK_00295	75.2	612	151	1	1	611	1	612	0.0	944
NOEMGP_07475	PPPHGA_20880	46.9	341	131	4	4	294	8	348	5.21e-89	265
NOEMGP_07485	GIBOLB_01575	45.2	405	203	6	1	395	1	396	3.76e-98	295
NOEMGP_07550	OMINCF_00680	47.5	387	200	3	3	389	4	387	1.37e-119	348
NOEMGP_07550	CAHMAH_08565	41.5	390	222	4	3	388	4	391	3.43e-91	276
NOEMGP_07550	AOOCMJ_07215	37.6	367	219	5	18	379	18	379	5.42e-73	229
NOEMGP_07555	OMINCF_00680	44.9	383	206	4	7	389	8	385	1.42e-99	298
NOEMGP_07555	CAHMAH_08565	39.0	385	231	3	8	390	9	391	1.03e-79	247
NOEMGP_07555	AOOCMJ_07215	38.3	379	228	4	5	381	5	379	3.90e-75	235
NOEMGP_07605	HHJGNO_12810	83.5	200	33	0	113	312	1	200	5.63e-110	321
NOEMGP_07645	ELHJGG_11730	50.8	236	111	4	1	234	1	233	1.75e-70	213
NOEMGP_07665	HCBGLF_06585	41.2	199	116	1	75	272	5	203	1.69e-54	176
NOEMGP_07680	OOFIDG_03175	49.3	420	205	4	9	426	4	417	1.61e-121	356
NOEMGP_07690	BKGFAN_12710	71.3	526	150	1	1	525	1	526	3.37e-252	697
NOEMGP_07775	FPMAMI_13105	36.8	220	138	1	1	219	1	220	4.55e-50	159
NOEMGP_07830	ECMPMP_08745	37.8	304	185	4	7	308	15	316	2.12e-65	205
NOEMGP_07835	OPDKDG_08630	58.9	224	90	2	47	270	1	222	4.16e-90	264
NOEMGP_07840	OGGMNN_06920	85.1	94	14	0	19	112	1	94	1.26e-49	153
NOEMGP_07845	IMMPMF_02225	58.4	231	90	3	1	230	1	226	8.64e-94	271
NOEMGP_07850	DDOCLK_06550	69.5	528	159	1	6	531	20	547	2.78e-268	738
NOEMGP_07855	ADOCAH_00385	94.8	500	26	0	1	500	1	500	0.0	983
NOEMGP_07860	CKMOEO_08105	44.9	494	263	6	5	491	3	494	1.10e-157	454
NOEMGP_07865	KAGJDG_11430	46.4	338	178	3	1	337	12	347	5.51e-99	293
NOEMGP_07870	ABEMBM_08395	46.2	346	175	7	4	342	2	343	5.20e-86	260
NOEMGP_07875	MIKFNA_15845	68.5	238	75	0	267	504	1	238	3.61e-111	326
NOEMGP_07875	CCDOAK_00015	35.4	489	303	5	7	488	30	512	2.24e-92	288
NOEMGP_07875	IOBNAI_13140	43.6	218	117	3	291	504	1	216	7.45e-53	174
NOEMGP_07880	KGACJP_17535	67.4	291	92	2	62	352	76	363	3.64e-133	382
NOEMGP_07885	OEKCMO_04465	38.5	275	162	4	252	525	316	584	3.68e-53	186
NOEMGP_07920	JPDGNJ_23005	46.4	211	113	0	6	216	20	230	3.30e-62	190
NOEMGP_07935	MNPOJG_03675	43.2	421	239	0	1	421	1	421	4.60e-117	345
NOEMGP_07960	LEJEEC_08915	35.2	375	216	7	5	367	4	363	1.06e-56	186
NOEMGP_07960	HAFNKM_08490	31.9	357	233	6	31	382	32	383	1.33e-46	160
NOEMGP_07960	OLKGPM_09705	35.6	334	206	5	33	363	50	377	1.46e-45	163
NOEMGP_07960	MAHJHN_05475	32.8	418	229	9	5	383	457	861	2.76e-45	162
NOEMGP_07975	PPDBCL_07570	46.8	442	229	4	30	465	6	447	2.05e-118	351
NOEMGP_07980	HPMMNG_01440	71.7	152	43	0	1	152	137	288	4.04e-86	250
NOEMGP_07985	FBMMIE_06100	54.0	389	177	1	2	388	3	391	8.59e-140	402
NOEMGP_07985	GAOLHI_08680	35.9	412	255	4	12	421	13	417	1.87e-77	244
NOEMGP_08000	ODPBAK_16055	40.6	362	205	6	17	368	5	366	2.14e-94	283
NOEMGP_08000	LMBKNE_15370	36.3	383	224	10	1	375	69	439	1.91e-75	237
NOEMGP_08045	AOOCMJ_03895	59.9	299	120	0	1	299	25	323	1.23e-131	374
NOEMGP_08060	PPPHGA_25390	55.5	769	216	5	11	655	6	772	7.62e-273	764
NOEMGP_08060	OJBOFE_04935	34.6	673	401	12	10	657	22	680	4.62e-116	359
NOEMGP_08065	JIBNCO_15410	52.2	232	110	1	8	239	16	246	1.23e-78	241
NOEMGP_08065	DAEBIN_05080	36.8	223	139	2	11	231	11	233	2.49e-46	150
NOEMGP_08080	KMMJBO_08230	70.0	343	103	0	1	343	1	343	2.42e-177	494
NOEMGP_08125	FJNPIC_22740	37.7	329	203	2	1	328	1	328	1.71e-66	216
NOEMGP_08130	OOFIDG_03175	31.9	427	276	7	1	422	1	417	5.16e-52	176
NOEMGP_08145	MNPOJG_03675	32.9	414	266	2	13	421	15	421	1.56e-79	248
NOEMGP_08170	BABCNK_07350	45.0	218	120	0	1	218	1	218	8.84e-62	189
NOEMGP_08175	BABCNK_07350	44.2	206	114	1	7	212	5	209	1.13e-57	179
NOEMGP_08180	KBKJLO_09160	53.9	245	112	1	13	256	15	259	5.80e-91	266
NOEMGP_08185	GFNANP_06710	43.6	275	140	5	19	282	7	277	5.39e-63	196
NOEMGP_08190	BGHMFE_09910	41.9	289	164	3	19	306	5	290	4.64e-68	211
NOEMGP_08200	KMEKFL_12295	67.0	188	58	1	1	184	21	208	4.91e-82	238
NOEMGP_08230	PHMEJC_03885	79.8	406	82	0	1	406	65	470	3.16e-245	671
NOEMGP_08235	MNPOJG_03675	48.3	412	211	2	9	419	11	421	3.72e-134	388
NOEMGP_08270	ODHFDB_00935	49.5	1217	569	8	1	1173	32	1246	0.0	1071
NOEMGP_08270	JKEOBL_06960	38.5	1126	664	13	33	1153	46	1148	3.05e-250	739
NOEMGP_08270	DHOMEH_12720	30.7	443	233	6	619	993	246	682	1.41e-55	203
NOEMGP_08275	IBBLIJ_03525	46.6	163	87	0	1	163	1	163	2.44e-53	165
NOEMGP_08280	FAIDMJ_00870	87.0	461	60	0	6	466	39	499	1.42e-297	808
NOEMGP_08285	IDAAGF_13140	42.8	430	233	6	2	427	7	427	1.09e-114	339
NOEMGP_08295	CFELJI_01420	41.6	296	172	1	8	302	8	303	5.66e-77	233
NOEMGP_08300	BKEOOB_02685	48.3	207	107	0	18	224	20	226	1.81e-68	206
NOEMGP_08300	LKLDMN_19325	41.3	201	115	2	17	217	22	219	6.95e-49	156
NOEMGP_08305	LCBCLP_15410	44.0	359	199	2	1	359	1	357	1.12e-98	293
NOEMGP_08305	IDNIFB_04595	41.9	344	197	3	14	354	13	356	6.17e-96	286
NOEMGP_08310	FHGONL_08930	59.4	401	160	3	1	400	1	399	4.16e-171	483
NOEMGP_08315	AHFGAK_10390	46.4	379	201	2	1	378	1	378	3.44e-104	317
NOEMGP_08340	OAEEIH_06680	59.9	274	110	0	1	274	37	310	1.46e-109	316
NOEMGP_08340	MLDKME_23815	42.0	269	154	2	1	267	1	269	3.34e-67	207
NOEMGP_08345	PHMEJC_01780	45.7	230	124	1	2	231	29	257	1.73e-70	213
NOEMGP_08360	PDFOOG_00510	44.7	646	339	5	6	641	15	652	4.68e-188	543
NOEMGP_08365	ABEGPG_12235	61.0	267	102	2	4	270	2	266	7.68e-118	335
NOEMGP_08375	BGHMFE_00440	46.8	393	168	5	26	417	22	374	2.44e-115	348
NOEMGP_08380	AIAJBN_19275	44.7	425	218	4	1	424	1	409	6.96e-124	362
NOEMGP_08385	AJODMC_03980	50.3	386	187	4	6	389	4	386	1.99e-123	358
NOEMGP_08390	CJFJOL_15720	78.0	359	79	0	1	359	33	391	1.07e-213	586
NOEMGP_08395	KPNMII_11605	53.0	549	255	2	4	550	3	550	2.74e-200	567
NOEMGP_08400	LJGBCE_12900	81.6	554	102	0	1	554	31	584	0.0	920
NOEMGP_08400	GIBOLB_11285	43.0	568	278	10	4	553	12	551	1.70e-125	375
NOEMGP_08405	PKHOKF_04630	77.2	360	82	0	1	360	93	452	1.85e-198	550
NOEMGP_08435	AJKFOC_05415	46.4	209	109	3	5	211	7	214	1.48e-55	173
NOEMGP_08450	FPHNOE_05055	73.5	377	100	0	2	378	3	379	3.77e-212	585
NOEMGP_08455	ICGKAE_00315	72.8	709	190	2	1	707	1	708	0.0	968
NOEMGP_08455	IFDCNO_13355	36.2	389	230	7	1	373	1	387	1.07e-50	179
NOEMGP_08460	PDFOOG_10895	49.8	460	212	4	2	458	3	446	4.34e-164	467
NOEMGP_08475	CJHDOF_08685	61.3	424	160	1	1	420	1	424	2.61e-180	506
NOEMGP_08475	OEDLLD_01520	30.3	429	277	6	2	410	4	430	7.63e-60	198
NOEMGP_08475	OHAPKC_02295	38.1	260	149	4	161	410	25	282	6.25e-49	165
NOEMGP_08490	NIIHOH_00330	29.2	582	279	11	88	558	111	670	2.39e-55	194
NOEMGP_08495	BEHLNB_01715	50.0	340	159	2	138	476	68	397	6.83e-103	310
NOEMGP_08510	BAJPMC_02220	45.8	413	208	6	75	486	143	540	1.39e-97	302
NOEMGP_08515	NDEOOA_10895	51.1	393	185	5	11	398	15	405	3.91e-134	387
NOEMGP_08525	AEHBLL_10425	50.3	501	211	5	1	473	1	491	6.75e-172	489
NOEMGP_08535	BPPMOK_09185	47.4	306	157	2	6	307	5	310	1.79e-100	295
NOEMGP_08540	ANOIGO_02040	48.6	551	279	3	166	715	377	924	8.43e-174	518
NOEMGP_08555	KPNMII_11605	27.5	604	373	10	1	603	1	540	2.39e-58	202
NOEMGP_08600	FKNOEG_01930	54.7	667	250	3	3	617	82	748	2.08e-244	689
NOEMGP_08640	JLJJEA_09515	46.0	335	171	3	408	738	2	330	8.59e-92	286
NOEMGP_08645	CJHDOF_01680	72.8	287	76	1	1	287	1	285	1.64e-149	416
NOEMGP_08650	EIKLNG_11410	64.8	491	173	0	3	493	166	656	1.84e-223	627
NOEMGP_08665	ENNDNJ_02705	38.0	450	219	6	11	425	95	519	4.89e-77	251
NOEMGP_08680	ENNDNJ_02705	58.4	279	113	1	1	276	517	795	1.98e-102	313
NOEMGP_08695	KAMEPO_07290	36.9	396	215	9	1	380	1	377	2.13e-65	211
NOEMGP_08720	BDLLLF_04730	34.8	299	190	4	67	364	76	370	1.41e-51	174
NOEMGP_08720	HAINKJ_00320	35.8	307	187	4	58	362	418	716	7.49e-47	166
NOEMGP_08735	LKEOCB_02700	52.1	666	296	6	12	677	5	647	1.23e-217	622
NOEMGP_08735	NIIHOH_06385	39.5	697	387	13	16	703	55	725	5.88e-156	467
NOEMGP_08745	IMLPOL_12395	44.2	251	137	3	183	432	145	393	5.41e-58	192
NOEMGP_08750	EEOPDA_00685	47.5	375	196	1	2	375	3	377	6.56e-116	338
NOEMGP_08755	PGIDOF_19085	42.0	238	137	1	3	239	2	239	1.88e-63	195
NOEMGP_08760	PHMEJC_20060	57.1	494	207	1	5	498	48	536	4.30e-215	601
NOEMGP_08760	KHMKPO_15140	34.4	372	238	4	128	498	155	521	3.20e-61	205
NOEMGP_08775	OPBKNC_15240	47.5	198	104	0	76	273	37	234	3.27e-65	201
NOEMGP_08795	CFMBFO_13550	47.4	302	154	3	4	305	31	327	3.57e-80	243
NOEMGP_08870	FBMMIE_06560	48.0	196	101	1	17	212	18	212	7.14e-67	201
NOEMGP_08875	HIADJD_07200	77.2	618	136	3	1	617	1	614	0.0	957
NOEMGP_08890	COAOJB_00535	51.0	194	90	3	1	191	1	192	4.84e-65	195
NOEMGP_08900	EOAKDK_06705	49.0	439	214	3	49	479	70	506	1.15e-139	407
NOEMGP_08905	IJGGGM_07280	54.1	146	66	1	1	146	1	145	9.40e-49	150
NOEMGP_08925	AIPGGO_11300	47.1	208	103	3	137	337	42	249	2.79e-48	159
NOEMGP_08950	CDILFK_05205	36.8	285	169	3	29	312	58	332	9.91e-58	191
NOEMGP_08955	BKOPBA_06250	59.3	447	174	5	4	448	23	463	2.65e-176	498
NOEMGP_08960	FGOPKK_07530	44.2	391	215	3	4	392	3	392	4.75e-115	337
NOEMGP_09010	CKFMIE_05350	35.4	280	173	3	7	280	3	280	1.32e-54	175
NOEMGP_09020	CDILFK_05205	37.1	310	179	5	2	309	33	328	1.61e-53	180
NOEMGP_09040	HPIFBD_01690	46.1	323	169	2	1	321	1	320	9.06e-99	290
NOEMGP_09050	MNPOJG_03675	47.8	412	214	1	4	415	3	413	2.13e-128	374
NOEMGP_09080	MLIPEK_10095	50.6	389	191	1	1	388	1	389	1.90e-140	402
NOEMGP_09085	LLPFOP_13100	60.9	529	205	1	1	529	56	582	2.30e-227	636
NOEMGP_09090	CPMPBM_01325	68.0	1089	322	3	1	1066	1	1086	0.0	1452
NOEMGP_09095	NDJCGB_23505	46.1	401	179	4	20	384	10	409	5.97e-115	338
NOEMGP_09100	OMINCF_06730	44.7	436	236	3	4	437	4	436	1.82e-112	335
NOEMGP_09100	GKLKJE_14420	31.6	437	278	6	1	426	5	431	1.12e-54	185
NOEMGP_09100	DIFDMH_04115	34.8	356	216	5	4	351	7	354	2.52e-52	179
NOEMGP_09100	NGIBDE_08595	30.1	435	294	4	4	433	47	476	5.39e-50	173
NOEMGP_09115	CPJMGC_00225	51.8	224	103	2	71	292	69	289	5.30e-78	236
NOEMGP_09120	AHNHLJ_18675	57.0	328	141	0	1	328	39	366	3.82e-140	398
NOEMGP_09155	JGACAL_04805	52.1	363	168	3	74	430	151	513	5.18e-123	363
NOEMGP_09175	HJGNEK_06570	50.8	309	146	1	1	309	1	303	1.60e-108	314
NOEMGP_09250	HJGNEK_06795	46.5	260	139	0	1	260	1	260	3.77e-71	216
NOEMGP_09265	JGACAL_04805	56.9	513	218	2	2	513	3	513	8.28e-216	603
NOEMGP_09270	NCLFML_05230	60.1	942	368	4	6	943	5	942	0.0	1128
NOEMGP_09280	KAJHEE_23195	42.6	324	173	3	7	320	15	335	5.78e-84	253
NOEMGP_09290	CCDOAK_00015	41.3	508	287	5	4	502	27	532	1.43e-127	379
NOEMGP_09295	EHJMKI_04105	43.1	343	170	10	64	387	85	421	8.84e-74	233
NOEMGP_09320	ACCPON_01955	60.0	605	223	9	13	608	8	602	1.83e-233	657
NOEMGP_09360	EDPPFC_05720	52.3	239	113	1	9	247	5	242	2.59e-81	240
NOEMGP_09365	GAOLHI_08600	46.9	177	90	2	56	229	41	216	3.06e-47	152
NOEMGP_09380	CPMPBM_01325	42.9	1072	585	10	1	1048	1	1069	8.57e-277	811
NOEMGP_09390	FIPDDK_01965	39.3	298	178	3	1	296	1	297	4.05e-72	221
NOEMGP_09395	NNFGHE_08485	39.7	290	162	6	3	288	10	290	2.77e-58	186
NOEMGP_09400	GANHPB_03080	52.0	304	144	1	19	320	18	321	3.25e-115	332
NOEMGP_09410	CIIHGC_05040	78.5	596	123	2	525	1118	258	850	4.91e-320	905
NOEMGP_09425	BKEOOB_09970	61.7	347	133	0	4	350	5	351	2.29e-147	423
NOEMGP_09450	NGIBDE_08595	31.5	464	295	10	18	464	29	486	1.20e-48	170
NOEMGP_09450	OMINCF_06730	30.6	343	234	2	29	369	2	342	2.20e-42	152
NOEMGP_09455	OODMEK_16380	48.4	248	124	3	4	251	3	246	2.71e-76	228
NOEMGP_09460	PHBJAG_09105	41.7	252	147	0	12	263	56	307	6.26e-64	199
NOEMGP_09470	FFOFOD_03260	49.9	397	198	1	3	399	2	397	3.10e-135	389
NOEMGP_09485	CLNFJC_09055	36.4	415	263	1	8	422	104	517	7.54e-90	278
NOEMGP_09515	IMMPMF_02225	49.1	234	104	6	4	232	3	226	1.23e-64	197
NOEMGP_09530	CCDOAK_00015	33.2	497	320	4	6	490	30	526	2.69e-86	271
NOEMGP_09530	IOBNAI_13140	48.4	213	108	1	280	490	1	213	7.50e-64	203
NOEMGP_09530	MIKFNA_15845	42.9	210	120	0	278	487	23	232	1.61e-52	174
NOEMGP_09545	CNNHAB_05870	47.6	861	408	16	21	854	9	853	6.18e-243	706
NOEMGP_09545	BIJIBE_02780	34.2	784	413	16	34	802	8	703	7.41e-116	370
NOEMGP_09550	PPPHGA_13940	49.9	1000	368	6	4	870	13	1012	0.0	926
NOEMGP_09550	HGOKLA_01315	47.7	153	80	0	1	153	1	153	6.24e-39	150
NOEMGP_09555	FNINNI_04550	44.9	287	157	1	9	295	235	520	2.02e-80	249
NOEMGP_09560	FNINNI_04550	44.4	239	133	0	1	239	1	239	2.83e-60	194
NOEMGP_09620	NPLHCN_14260	27.5	1330	747	37	143	1306	581	1859	1.64e-120	410
NOEMGP_09620	JHIMFH_08715	43.0	379	209	4	931	1306	29	403	9.57e-84	276
NOEMGP_09650	CFELJI_00540	38.2	476	281	4	13	481	12	481	2.61e-103	313
NOEMGP_09715	KOGAEP_18980	45.7	937	421	13	11	876	15	934	1.55e-226	660
NOEMGP_09715	IFHDGK_16005	26.9	702	432	17	81	766	111	747	1.48e-51	191
NOEMGP_09730	EGEPOE_12360	41.4	418	242	3	7	423	7	422	1.80e-110	328
NOEMGP_09735	CFMBFO_15475	67.4	337	77	3	9	312	8	344	4.41e-160	447
NOEMGP_09745	AEPIDE_09480	63.3	286	98	2	1	279	1	286	4.49e-122	347
NOEMGP_09765	PPPHGA_13235	62.0	736	210	5	1	668	1	734	8.28e-311	859
NOEMGP_09765	ENNKMM_10645	28.1	652	399	15	12	645	63	662	1.91e-66	227
NOEMGP_09785	PKNFGM_01310	33.8	465	264	6	6	435	7	462	1.38e-77	245
NOEMGP_09805	CIIHGC_07795	45.1	193	94	4	4	189	2	189	3.36e-47	156
NOEMGP_09825	GNANIN_05260	52.1	480	227	2	1	480	1	477	1.21e-178	506
NOEMGP_09830	EOGDPL_25690	47.2	271	125	4	4	265	5	266	6.85e-82	243
NOEMGP_09835	JPEPBC_05735	39.5	332	195	6	105	431	119	449	3.65e-69	223
NOEMGP_09845	NPLHCN_14260	35.1	516	205	6	325	840	1467	1852	1.84e-78	274
NOEMGP_09845	JHIMFH_08715	30.4	516	225	4	337	852	27	408	4.39e-61	209
NOEMGP_09855	IJGGGM_11235	46.2	340	180	2	2	340	4	341	3.31e-97	317
NOEMGP_09870	HJMBIE_06565	48.8	291	147	2	79	368	157	446	1.23e-81	253
NOEMGP_09915	KAIHOP_11310	43.1	318	169	5	7	323	5	311	1.40e-85	257
NOEMGP_09925	AJKFOC_11935	40.4	324	187	5	24	344	8	328	3.34e-76	234
NOEMGP_09925	AGFMKF_04480	35.9	329	209	2	23	350	73	400	1.86e-65	209
NOEMGP_09935	AHFGAK_10390	43.6	365	204	2	13	376	15	378	8.21e-97	290
NOEMGP_09955	LPHKDC_08610	59.5	664	267	2	3	665	4	666	3.23e-290	804
NOEMGP_09965	MKDNFB_08610	49.6	278	138	2	1	276	1	278	4.72e-93	273
NOEMGP_09965	CCLBIH_12445	37.8	251	153	3	3	250	6	256	1.56e-51	166
NOEMGP_09985	LKEOCB_12235	36.6	306	186	2	5	308	7	306	2.80e-66	207
NOEMGP_09995	CFELJI_10390	49.0	298	130	5	5	280	16	313	1.41e-92	273
NOEMGP_10005	CPMPBM_09225	54.9	530	228	7	27	551	24	547	2.37e-196	561
NOEMGP_10065	IMINFN_01035	49.1	159	80	1	60	217	1	159	3.96e-51	159
NOEMGP_10080	CHOGBF_07310	58.7	143	57	1	1	141	1	143	2.45e-56	169
NOEMGP_10090	CKFMIE_05350	39.4	259	151	2	15	267	15	273	2.58e-62	194
NOEMGP_10090	KDJCIO_04690	38.8	273	154	4	6	278	5	264	1.58e-56	179
NOEMGP_10100	FOMOBF_00230	55.9	229	98	2	7	235	3	228	3.98e-79	234
NOEMGP_10110	HKDGPL_08525	55.9	571	246	4	1	568	1	568	1.81e-221	622
NOEMGP_10145	NPLHCN_14260	43.2	424	215	6	376	795	1458	1859	3.47e-87	299
NOEMGP_10145	JHIMFH_08715	39.2	395	218	2	401	795	31	403	4.16e-77	252
NOEMGP_10265	PDFOOG_03610	52.6	333	156	1	10	342	4	334	6.66e-123	353
NOEMGP_10270	CPHDEA_10650	48.2	284	147	0	1	284	1	284	1.07e-98	289
NOEMGP_10300	NMDBHH_09060	88.1	344	39	1	1	344	1	342	3.79e-216	590
NOEMGP_10310	MNPOJG_03675	39.3	428	249	2	1	424	1	421	1.81e-94	287
NOEMGP_10340	GLPEDO_16060	64.2	802	198	4	1	713	1	802	0.0	950
NOEMGP_10345	MDJFIL_00095	61.7	107	40	1	1	106	1	107	4.54e-48	151
NOEMGP_10350	JFOKOO_09130	63.8	735	261	5	13	745	5	736	0.0	925
NOEMGP_10365	PIJCBA_09290	69.8	401	121	0	1	401	11	411	2.34e-198	550
NOEMGP_10365	GJDIKO_03450	27.5	403	276	5	2	398	3	395	6.16e-52	175
NOEMGP_10370	NPACKI_02135	53.6	401	181	3	1	401	1	396	1.26e-138	398
NOEMGP_10380	NKBHGG_10765	53.2	331	153	1	5	333	47	377	1.19e-123	356
NOEMGP_10380	ENCFBG_02550	31.2	330	214	4	1	322	45	369	4.08e-51	170
NOEMGP_10385	MIMOKC_00785	49.5	927	367	10	9	854	2	908	3.51e-293	830
NOEMGP_10390	NKCJOK_11325	49.4	174	87	1	1	174	1	173	2.91e-55	169
NOEMGP_10435	JKBIAL_02150	41.2	238	133	3	15	245	12	249	2.38e-62	192
NOEMGP_10450	CPJMGC_11990	59.1	342	139	1	1	342	38	378	5.98e-141	401
NOEMGP_10455	PGEJHJ_01480	46.1	369	185	3	205	572	71	426	9.10e-107	324
NOEMGP_10460	CPMPBM_00160	55.5	497	218	2	1	497	1	494	1.32e-201	565
NOEMGP_10465	MLIPEK_08015	50.0	184	91	1	6	188	4	187	9.90e-60	181
NOEMGP_10470	MNPOJG_03675	37.8	410	250	3	16	424	16	421	7.08e-91	278
NOEMGP_10485	ODKGDC_03515	44.7	237	129	2	6	242	6	240	1.80e-72	218
NOEMGP_10505	MFPIGK_04845	51.1	321	156	1	4	324	4	323	1.10e-119	348
NOEMGP_10510	HNGOGK_09900	45.3	472	253	3	5	474	1	469	3.72e-147	426
NOEMGP_10520	OBGAOG_06790	49.3	207	104	1	349	555	1	206	2.79e-67	213
NOEMGP_10550	OLKGPM_10185	41.6	202	116	2	8	207	6	207	6.07e-48	153
NOEMGP_10570	GNBPPJ_17065	41.0	310	177	3	2	306	8	316	1.07e-69	223
NOEMGP_10585	NEEMKD_13085	53.8	225	100	3	100	320	1	225	7.91e-77	231
NOEMGP_10595	JIBABB_11530	43.1	276	152	1	1	276	70	340	2.30e-73	224
NOEMGP_10595	ADMHII_10200	36.2	243	132	1	57	276	213	455	4.37e-47	159
NOEMGP_10600	MFKGBO_06890	44.3	305	168	2	1	303	1	305	8.75e-84	251
NOEMGP_10620	AGFMKF_04480	40.2	336	188	2	6	341	71	393	3.64e-82	252
NOEMGP_10620	AJKFOC_11935	43.2	324	166	4	24	345	24	331	1.79e-81	248
NOEMGP_10630	AHFGAK_10390	45.5	385	201	4	1	383	1	378	3.12e-106	314
NOEMGP_10635	FBNFHD_05595	60.3	282	104	5	2	277	4	283	3.96e-105	303
NOEMGP_10645	DEDJGM_09950	48.4	405	194	6	3	393	2	405	1.82e-109	323
NOEMGP_10670	JEKOGE_21950	54.6	205	93	0	314	518	209	413	5.48e-67	222
NOEMGP_10680	BGHMFE_11105	45.8	513	272	4	6	512	4	516	6.03e-144	421
NOEMGP_10690	AHFGAK_10390	42.8	381	210	3	1	377	1	377	1.34e-92	279
NOEMGP_10705	AJKFOC_11935	36.4	324	187	4	14	337	18	322	3.53e-60	192
NOEMGP_10705	AGFMKF_04480	33.4	338	207	4	5	342	74	393	5.95e-60	194
NOEMGP_10710	CLNFJC_09055	41.7	439	241	9	1	437	98	523	1.22e-96	296
NOEMGP_10730	OMINCF_06730	35.0	451	277	7	4	450	4	442	6.42e-85	264
NOEMGP_10730	GKLKJE_14420	33.2	437	286	2	1	437	5	435	6.84e-66	215
NOEMGP_10730	DIFDMH_04115	33.3	438	279	7	4	438	7	434	4.97e-61	202
NOEMGP_10730	NGIBDE_08595	33.7	433	250	10	14	431	57	467	3.81e-53	182
NOEMGP_10730	ADMHII_00410	46.7	199	106	0	3	201	9	207	4.46e-50	166
NOEMGP_10735	CDILFK_05205	38.6	272	162	4	46	316	75	342	4.96e-54	181
NOEMGP_10735	FDDOCG_07575	37.0	292	177	4	25	315	31	316	1.24e-49	164
NOEMGP_10735	HPIFBD_01690	33.1	278	181	2	43	316	44	320	2.37e-47	158
NOEMGP_10755	CHFKLB_14210	42.4	722	353	12	9	683	7	712	2.00e-152	456
NOEMGP_10765	GPHIJJ_07705	45.6	447	234	4	1	443	1	442	1.35e-120	355
NOEMGP_10770	OKHOCL_06130	59.5	284	109	3	1	284	1	278	3.94e-113	324
NOEMGP_10775	NIMMDJ_02025	53.0	364	137	6	4	338	5	363	9.78e-135	384
NOEMGP_10800	EKBFML_07800	59.4	244	93	2	1	239	1	243	4.88e-108	308
NOEMGP_10810	ENCFBG_02550	71.6	356	101	0	1	356	27	382	8.40e-182	505
NOEMGP_10815	OJKFBE_02800	39.0	354	171	6	7	351	15	332	4.26e-66	208
NOEMGP_10820	KAHMBC_00285	46.0	291	154	1	1	291	1	288	5.12e-80	250
NOEMGP_10830	OBMNEO_04895	68.0	363	113	3	234	594	261	622	5.89e-170	494
NOEMGP_10835	LFFHHF_03375	72.5	418	115	0	1	418	84	501	1.51e-213	594
NOEMGP_10840	KAEJAD_08375	43.6	179	100	1	75	253	234	411	1.07e-44	152
NOEMGP_10845	BPEEIP_15400	41.2	272	147	7	6	269	41	307	3.43e-54	174
NOEMGP_10850	GOMFON_03155	54.0	189	86	1	34	221	33	221	1.88e-69	208
NOEMGP_10885	GLOKCI_14050	63.2	228	84	0	2	229	21	248	3.36e-105	300
NOEMGP_10890	BPPMOK_07490	83.5	139	23	0	1	139	19	157	2.05e-78	225
NOEMGP_10895	NLMKLO_11100	52.7	169	80	0	3	171	75	243	5.95e-64	193
NOEMGP_10940	ADAMEB_07400	60.1	764	276	6	1	764	86	820	1.27e-313	874
NOEMGP_10945	GNANIN_05050	56.8	331	138	2	2	329	1	329	3.11e-128	366
NOEMGP_10965	IMJCGK_11625	55.6	516	227	2	1	515	1	515	1.90e-211	592
NOEMGP_10965	OBHJLJ_05995	32.0	518	339	6	3	507	4	521	7.46e-80	259
NOEMGP_10965	LJALIN_17780	30.2	514	340	5	3	507	50	553	3.70e-69	229
NOEMGP_10965	EHHHNJ_03925	27.0	518	325	9	3	512	3	475	1.07e-53	187
NOEMGP_10970	ACDGMF_10700	50.4	369	178	2	27	390	24	392	5.25e-126	365
NOEMGP_10990	MDIEPL_01880	45.8	474	211	4	11	438	94	567	2.45e-134	396
NOEMGP_10995	INNILH_21185	48.4	525	264	5	1	524	3	521	7.90e-159	459
NOEMGP_11025	JEKOGE_06050	39.9	449	265	3	14	459	1	447	7.54e-103	311
NOEMGP_11025	ADOCAH_04505	43.1	216	123	0	37	252	2	217	6.27e-54	177
NOEMGP_11025	NOJFKC_04840	28.3	438	297	10	23	455	14	439	4.29e-45	159
NOEMGP_11025	DNBNEF_09455	29.3	423	287	6	28	444	16	432	4.36e-44	157
NOEMGP_11045	NOJFKC_04840	46.1	445	236	2	7	451	5	445	9.29e-128	374
NOEMGP_11045	JEKOGE_06050	32.2	422	277	6	18	431	12	432	2.35e-60	200
NOEMGP_11050	ANOIGO_10885	37.2	395	234	3	5	398	3	384	1.56e-76	239
NOEMGP_11055	LMBKNE_04610	86.4	477	65	0	1	477	75	551	1.26e-320	868
NOEMGP_11075	AKJKEO_12255	33.7	498	290	8	37	516	9	484	2.00e-86	271
NOEMGP_11095	HGCDGK_00635	32.3	421	276	3	8	424	40	455	5.69e-66	215
NOEMGP_11095	PPCHMH_03275	29.9	431	301	1	3	432	33	463	2.50e-58	195
NOEMGP_11095	JEKOGE_06050	26.1	441	318	4	4	438	14	452	8.51e-57	191
NOEMGP_11095	FCHPAI_15930	30.6	372	254	4	8	377	21	390	4.68e-49	168
NOEMGP_11110	FFOFOD_03260	49.9	397	198	1	3	399	2	397	3.10e-135	389
NOEMGP_11140	GBDDDA_04680	41.5	217	114	5	5	215	5	214	2.93e-49	156
NOEMGP_11160	EBFHBG_15540	43.0	286	162	1	1	286	1	285	2.39e-83	249
NOEMGP_11165	NLAFOC_00650	39.4	264	156	2	12	275	9	268	1.45e-67	207
NOEMGP_11170	FIGKOO_03390	45.1	499	211	2	32	467	3	501	3.52e-119	355
NOEMGP_11175	GFMNBM_06415	72.9	247	67	0	1	247	51	297	1.54e-134	377
NOEMGP_11195	MFKGBO_06890	29.2	318	209	3	8	325	4	305	2.72e-47	158
NOEMGP_11205	ICGKAE_07920	68.0	316	98	1	1	313	1	316	1.17e-162	454
NOEMGP_11220	IDNIFB_15035	45.7	809	414	6	1	800	1	793	5.15e-224	645
NOEMGP_11225	MCPLNH_08930	40.4	230	120	5	7	232	4	220	1.11e-49	159
NOEMGP_11240	AIAJBN_07055	40.2	448	266	2	1	447	1	447	2.60e-115	342
NOEMGP_11240	NGIBDE_08595	27.9	401	289	0	7	407	48	448	1.39e-46	164
NOEMGP_11295	BDLLLF_08695	43.6	828	377	13	48	855	184	941	2.05e-214	629
NOEMGP_11310	MAHJHN_05475	73.8	846	217	3	27	871	22	863	0.0	1259
NOEMGP_11310	LEJEEC_08915	40.8	382	198	4	489	870	26	379	1.82e-89	285
NOEMGP_11310	OLKGPM_09705	28.6	402	240	8	479	872	34	396	2.64e-42	162
NOEMGP_11355	FHGONL_02310	38.9	676	391	8	1	661	1	669	4.96e-144	431
NOEMGP_11360	LKLDMN_19325	41.4	222	125	2	1	222	1	217	1.34e-58	182
NOEMGP_11365	GOMFON_01025	45.9	316	158	4	44	358	22	325	6.55e-88	264
NOEMGP_11370	PHBJAG_07175	38.7	225	135	1	1	222	1	225	2.83e-57	178
NOEMGP_11380	INHOHM_09930	52.5	497	231	3	1	497	54	545	4.00e-181	515
NOEMGP_11455	BPEEIP_15400	41.3	281	147	8	2	269	33	308	1.41e-58	186
NOEMGP_11460	GBCGGE_06705	60.7	211	83	0	1	211	31	241	1.16e-96	279
NOEMGP_11760	EDPPFC_05720	49.8	243	119	2	19	260	2	242	5.88e-81	240
NOEMGP_11765	GAOLHI_08600	41.7	216	126	0	5	220	1	216	2.69e-54	169
NOEMGP_11795	ANOIGO_04920	57.8	147	54	2	21	161	20	164	3.24e-53	164
NOEMGP_11815	LLPFOP_07715	62.3	130	44	1	3	127	24	153	3.60e-58	173
NOEMGP_11930	KDFPIB_00410	69.7	337	102	0	1	337	43	379	1.59e-161	452
NOEMGP_11940	CPJNAH_07045	50.7	655	217	7	1	580	1	624	1.73e-210	596
NOEMGP_11945	INKIHH_08030	48.9	174	89	0	24	197	8	181	4.78e-49	154
NOEMGP_11950	NMDBHH_02165	75.3	425	46	2	1	366	1	425	7.94e-226	619
NOEMGP_11950	MPNMPI_02470	41.1	355	200	6	4	351	3	355	6.82e-85	258
NOEMGP_11955	FHGONL_11640	46.8	301	154	3	1	301	1	295	2.21e-97	290
NOEMGP_11960	AACDEJ_11685	52.5	177	81	2	3	177	10	185	7.45e-66	196
NOEMGP_11970	JLBLBH_05410	37.7	308	144	5	10	272	9	313	4.75e-65	202
NOEMGP_11975	MFPDBE_06270	42.0	350	187	8	294	642	8	342	6.21e-88	274
NOEMGP_12045	MAHJHN_05475	44.1	442	237	5	11	447	12	448	6.21e-110	342
NOEMGP_12055	EAKJAH_17775	53.8	236	109	0	112	347	51	286	1.66e-81	246
NOEMGP_12060	IAJDHK_12735	48.2	195	101	0	1	195	1	195	2.79e-61	194
NOEMGP_12080	MNPOJG_03675	35.2	420	266	3	10	427	9	424	2.96e-74	235
NOEMGP_12125	PPBGAG_04970	55.8	154	65	2	1	151	2	155	2.93e-60	180
NOEMGP_12130	NKLDCP_09645	54.3	383	172	2	5	385	6	387	6.84e-150	426
NOEMGP_12130	MNPOJG_01295	38.5	395	224	8	5	383	26	417	9.45e-86	263
NOEMGP_12160	EBLBNC_04335	40.0	205	120	2	10	211	61	265	1.07e-46	152
NOEMGP_12165	FIODKN_16670	48.4	618	281	7	1	592	1	606	1.43e-198	567
NOEMGP_12175	ANAEHF_00370	53.8	240	93	3	22	244	36	274	1.64e-75	231
NOEMGP_12185	KNCOJD_14630	46.1	180	97	0	54	233	34	213	1.81e-47	152
NOEMGP_12190	LKAFFP_03145	28.1	423	247	11	31	447	20	391	2.68e-42	150
NOEMGP_12195	FJNPIC_01630	99.2	251	2	0	1	251	1	251	3.88e-181	493
NOEMGP_12205	IINDLL_05235	29.3	283	190	5	14	289	14	293	4.32e-45	150
NOEMGP_12210	JEKOGE_21950	43.9	246	131	2	144	387	220	460	2.74e-58	197
NOEMGP_12320	HIHCLH_11620	36.9	271	146	5	1	247	1	270	1.35e-48	157
NOEMGP_12335	JHIMFH_02745	40.9	235	135	2	1	235	1	231	4.34e-53	167
NOEMGP_12385	JEKOGE_06050	38.4	453	268	3	6	453	1	447	2.60e-99	302
NOEMGP_12385	NOJFKC_04840	29.9	461	296	8	8	462	7	446	3.52e-56	189
NOEMGP_12385	JDIFCN_01505	39.4	213	125	2	10	218	2	214	3.59e-45	154
NOEMGP_12400	BGMBNC_07920	46.7	430	224	3	10	438	12	437	3.25e-131	382
NOEMGP_12410	KAIHOP_08130	54.3	685	304	3	2	681	3	683	1.80e-259	727
NOEMGP_12440	EAGKMD_10480	85.7	435	62	0	1	435	62	496	2.68e-284	772
NOEMGP_12460	IAJJHN_03140	57.8	315	132	1	4	317	4	318	1.52e-131	374
NOEMGP_12465	DANLCD_01670	54.6	454	145	3	1	393	1	454	1.42e-165	469
NOEMGP_12470	OACJHM_06000	46.4	461	238	3	12	472	22	473	1.02e-140	409
NOEMGP_12475	IADIMG_01355	55.8	344	151	1	22	365	33	375	5.84e-135	386
NOEMGP_12495	EDBAJH_08800	73.7	95	25	0	1	95	42	136	2.76e-50	151
NOEMGP_12515	MNPOJG_03675	41.5	422	245	2	1	421	1	421	1.23e-103	310
NOEMGP_12535	IBDNDD_05395	54.1	229	102	3	9	234	9	237	1.31e-82	243
NOEMGP_12550	PGPAMD_09305	42.0	219	127	0	5	223	5	223	1.36e-58	184
NOEMGP_12615	LKEOCB_18860	59.8	199	78	1	1	199	1	197	1.21e-82	240
NOEMGP_12625	MLIPEK_01420	51.7	296	137	3	3	296	2	293	8.66e-95	294
NOEMGP_12630	LKEOCB_03390	50.0	354	164	4	1	353	11	352	2.05e-113	330
NOEMGP_12645	LAPOAN_06745	76.3	338	80	0	3	340	32	369	4.19e-205	563
NOEMGP_12645	AMEFKB_00185	32.6	334	211	9	12	336	21	349	6.56e-51	169
NOEMGP_12655	MFOGNL_22055	44.7	228	123	2	3	228	3	229	5.65e-72	215
NOEMGP_12665	ELHJGG_11730	56.3	240	103	1	1	240	1	238	9.86e-95	274
NOEMGP_12670	BCFHOD_04585	40.8	223	126	3	1	220	1	220	2.26e-52	165
NOEMGP_12705	CJHDOF_00045	56.0	704	291	6	2	692	7	704	2.45e-286	797
NOEMGP_12710	ACCPON_01955	47.4	574	277	7	37	597	36	597	1.57e-162	475
NOEMGP_12720	GKEJOP_10070	29.5	474	311	9	1	466	1	459	1.04e-64	213
NOEMGP_12775	BPHMMJ_01910	46.5	202	108	0	7	208	6	207	6.67e-60	183
NOEMGP_12780	JBCEHI_12990	55.8	251	103	5	7	254	3	248	4.66e-80	238
NOEMGP_12780	JHLGGO_08550	37.9	264	150	6	3	254	5	266	9.03e-50	161
NOEMGP_12785	CDILFK_05205	42.3	272	153	3	43	310	63	334	3.61e-61	200
NOEMGP_12785	FDDOCG_07575	36.4	269	166	4	49	314	47	313	1.93e-47	158
NOEMGP_12790	MNPOJG_03675	43.7	423	237	1	4	426	3	424	4.80e-115	340
NOEMGP_12820	CNNHAB_03230	48.0	171	85	2	11	181	5	171	1.38e-49	154
NOEMGP_12825	FKNOEG_18960	52.9	507	217	9	1	494	138	635	2.76e-159	463
NOEMGP_12835	FKEMDL_01610	69.5	367	112	0	1	367	17	383	2.57e-185	515
NOEMGP_12835	NEHECH_07515	36.7	311	189	4	4	309	49	356	6.74e-67	214
NOEMGP_12840	NEHECH_07515	57.8	325	135	1	3	325	45	369	9.28e-133	385
NOEMGP_12840	FKEMDL_01610	37.3	324	201	2	3	325	16	338	8.45e-69	219
NOEMGP_12845	LJGBCE_12900	46.1	553	294	3	12	561	32	583	2.00e-165	479
NOEMGP_12845	GIBOLB_11285	40.7	504	269	7	33	517	17	509	2.49e-115	350
NOEMGP_12875	KAEJAD_05275	53.9	219	99	1	130	348	74	290	4.09e-80	250
NOEMGP_12935	CMLBML_12860	49.1	375	176	2	14	388	7	366	3.90e-127	367
NOEMGP_12940	CHOGBF_02525	41.9	329	184	4	1	325	1	326	6.32e-81	246
NOEMGP_12950	GNBNBP_10965	45.3	455	244	3	5	457	4	455	1.62e-129	379
NOEMGP_12955	FPLNBH_11565	55.8	156	68	1	6	161	2	156	1.38e-51	159
NOEMGP_12965	FGOPKK_07530	48.6	405	187	5	1	397	1	392	2.27e-114	336
NOEMGP_12990	ADOCAH_14825	76.8	250	58	0	1	250	1	250	1.01e-139	389
NOEMGP_12995	MAHJHN_05475	36.4	451	265	10	11	453	12	448	2.22e-74	247
NOEMGP_13000	ECMPMP_08745	40.8	304	176	4	6	307	15	316	6.23e-71	219
NOEMGP_13005	OPDKDG_08630	58.8	226	91	2	74	299	1	224	5.92e-88	260
NOEMGP_13010	OGGMNN_06920	80.9	94	18	0	19	112	1	94	2.53e-49	152
NOEMGP_13020	KPNMII_11605	32.8	503	306	8	7	504	6	481	5.76e-78	254
NOEMGP_13030	ECMPMP_08745	43.1	299	158	7	5	297	15	307	4.47e-67	209
NOEMGP_13035	OPDKDG_08630	48.9	223	112	2	56	277	1	222	2.18e-71	216
NOEMGP_13055	KPNMII_11605	30.8	555	352	8	7	560	6	529	1.12e-76	250
NOEMGP_13075	MNPOJG_03675	37.0	424	258	5	7	429	6	421	2.60e-89	274
NOEMGP_13105	BKOPBA_06250	70.3	444	132	0	1	444	21	464	6.24e-231	636
NOEMGP_13125	BDEHPM_13855	57.9	515	217	0	3	517	19	533	9.09e-208	584
NOEMGP_13130	NPLHCN_14260	40.8	419	246	2	559	977	138	554	1.44e-94	325
NOEMGP_13130	AIOPCH_03715	35.2	500	290	6	479	971	35	507	1.29e-90	295
NOEMGP_13130	EOGDPL_27240	31.4	437	276	9	545	971	380	802	4.03e-61	219
NOEMGP_13140	HDOOEE_02210	38.9	404	238	5	34	434	27	424	2.19e-86	267
NOEMGP_13145	OEDLLD_01520	32.2	426	278	6	14	435	17	435	5.48e-67	217
NOEMGP_13145	CJHDOF_08685	31.1	428	270	5	7	430	8	414	8.11e-63	206
NOEMGP_13150	OOFIDG_03175	50.2	420	196	4	9	422	2	414	3.41e-128	373
NOEMGP_13160	DMGPIM_03820	63.8	315	114	0	140	454	4	318	1.99e-148	422
NOEMGP_13165	JFOKOO_10320	54.2	144	65	1	12	154	3	146	3.47e-48	150
NOEMGP_13175	PAMFFB_09560	50.1	363	181	0	9	371	9	371	1.26e-129	373
NOEMGP_13195	HDKNDC_07670	56.5	554	236	1	1	554	42	590	1.87e-225	632
NOEMGP_13195	CGDHDB_11180	43.0	546	304	3	7	552	3	541	1.34e-151	442
NOEMGP_13210	PIHIOG_12120	52.4	313	148	1	1	313	1	312	5.41e-121	346
NOEMGP_13210	DHFKBB_08410	33.0	315	202	6	3	311	2	313	5.57e-49	162
NOEMGP_13215	AEGBGH_00595	51.2	658	307	9	5	658	4	651	5.35e-215	613
NOEMGP_13240	HJGNEK_20190	72.1	398	108	1	1	398	53	447	2.39e-215	594
NOEMGP_13245	JEKOGE_21950	40.4	376	201	6	302	672	198	555	2.10e-76	252
NOEMGP_13250	GEHMID_04670	45.0	242	128	4	81	317	174	415	8.72e-64	204
NOEMGP_13275	NEEMKD_13085	55.7	230	96	3	99	324	1	228	1.13e-88	261
NOEMGP_13285	ADMHII_10200	37.7	459	221	10	18	449	37	457	3.31e-80	252
NOEMGP_13285	JIBABB_11530	41.7	235	137	0	212	446	105	339	8.06e-55	182
NOEMGP_13290	DNHLFN_07150	41.3	303	176	2	1	303	1	301	8.06e-78	236
NOEMGP_13290	MFKGBO_06890	34.3	306	197	3	1	303	1	305	4.96e-53	172
NOEMGP_13295	AAHMDH_12575	33.6	545	315	13	55	580	39	555	5.41e-98	305
NOEMGP_13320	NEEMKD_06435	47.2	430	215	4	5	434	2	419	2.22e-139	402
NOEMGP_13325	BKOPBA_06250	61.9	444	169	0	1	444	21	464	1.43e-203	567
NOEMGP_13335	NICIMJ_15570	46.5	228	122	0	1	228	1	228	2.09e-70	211
NOEMGP_13345	NOJFKC_05310	55.1	207	85	2	1	203	1	203	3.48e-83	242
NOEMGP_13355	OMINCF_00680	40.1	387	227	1	3	389	4	385	5.02e-94	283
NOEMGP_13355	CAHMAH_08565	37.7	390	237	3	3	389	4	390	2.45e-77	241
NOEMGP_13395	PIPLNM_21055	31.4	468	301	6	4	463	5	460	2.70e-77	245
NOEMGP_13405	BGMBNC_05215	52.6	380	177	2	14	392	12	389	8.33e-144	410
NOEMGP_13415	DDKOAJ_10325	47.5	158	83	0	1	158	4	161	5.55e-55	167
NOEMGP_13420	JEKOGE_21950	49.8	237	114	1	270	506	229	460	8.22e-65	218
NOEMGP_13425	HPMMNG_01440	64.8	145	51	0	7	151	141	285	4.38e-69	207
NOEMGP_13430	HPMMNG_01440	71.7	152	43	0	1	152	137	288	4.04e-86	250
NOEMGP_13445	KCPKPB_06465	59.8	348	140	0	2	349	25	372	3.35e-151	427
NOEMGP_13445	KNCJAM_10130	31.8	340	220	5	3	331	2	340	6.10e-54	179
NOEMGP_13455	BOMHNF_20155	69.9	136	41	0	3	138	33	168	1.19e-72	211
NOEMGP_13460	GBFPPP_01860	65.0	197	69	0	4	200	14	210	6.06e-92	265
NOEMGP_13535	OCLNOI_00625	50.2	582	280	7	33	613	15	587	4.38e-216	615
NOEMGP_13535	ANGKFO_07170	40.1	534	301	6	29	560	134	650	2.17e-127	390
NOEMGP_13545	GCBDME_20340	48.9	274	137	2	1	274	1	271	1.29e-87	259
NOEMGP_13550	PEEOIC_10765	35.5	256	143	3	10	243	13	268	3.38e-46	152
NOEMGP_13555	AEGBGH_08240	44.8	268	146	2	1	267	1	267	3.66e-69	216
NOEMGP_13560	LHMIFE_00135	56.2	329	144	0	1	329	15	343	3.23e-131	374
NOEMGP_13565	CNNHAB_09490	49.7	191	90	3	1	190	1	186	2.12e-62	188
NOEMGP_13570	NIIHOH_23285	36.4	566	275	11	12	504	4	557	2.94e-109	332
NOEMGP_13570	MKABCP_07780	30.1	501	316	10	4	499	3	474	6.27e-72	233
NOEMGP_13600	EBFHBG_03010	30.5	476	313	7	4	475	29	490	2.99e-71	230
NOEMGP_13605	NEEMKD_13085	52.0	225	106	2	89	311	1	225	3.02e-75	227
NOEMGP_13610	NEEMKD_13085	35.8	240	134	5	99	333	1	225	1.30e-46	154
NOEMGP_13615	JIBABB_11530	49.5	281	141	1	12	292	62	341	5.37e-95	280
NOEMGP_13615	ADMHII_10200	36.8	258	139	4	60	293	200	457	8.43e-50	167
NOEMGP_13620	MFKGBO_06890	45.8	308	166	1	1	307	1	308	1.26e-97	286
NOEMGP_13670	JEKOGE_21950	42.9	389	184	5	144	526	207	563	3.06e-89	281
NOEMGP_13680	OMINCF_00680	39.7	375	214	5	7	376	13	380	2.68e-83	255
NOEMGP_13680	CAHMAH_08565	32.2	370	238	6	9	370	15	379	1.63e-57	189
NOEMGP_13680	AOOCMJ_07215	29.8	363	254	1	13	374	18	380	1.10e-51	173
NOEMGP_13700	BIKKBB_09420	60.3	559	211	3	4	561	3	551	1.18e-224	640
NOEMGP_13790	ECLNLI_04625	60.8	176	69	0	5	180	25	200	1.20e-75	223
NOEMGP_13795	MCCICN_05395	54.6	280	126	1	1	280	1	279	9.34e-103	297
NOEMGP_13800	GJDIKO_00030	49.4	809	400	4	8	814	7	808	1.43e-267	759
NOEMGP_13800	CIIHGC_05655	41.9	668	346	10	18	660	14	664	1.74e-152	466
NOEMGP_13800	EHJFJN_05890	33.0	696	414	20	17	696	8	667	1.41e-94	308
NOEMGP_13805	IDJOEI_11860	70.8	734	114	3	4	637	14	747	0.0	983
NOEMGP_13805	NLLOJM_03475	32.2	665	409	16	5	637	7	661	5.98e-94	300
NOEMGP_13810	IBIBLP_21290	75.6	360	88	0	1	360	54	413	1.53e-204	564
NOEMGP_13820	EEOPDA_06730	50.4	371	179	3	1	368	1	369	1.48e-130	375
NOEMGP_13820	LMJHIN_04880	40.0	360	210	4	7	365	7	361	2.53e-87	265
NOEMGP_13820	IMLPOL_04765	33.5	373	240	6	1	369	1	369	2.09e-68	216
NOEMGP_13825	JDIFCN_08180	53.5	342	154	3	111	450	119	457	1.23e-115	343
NOEMGP_13855	OGFCAC_09480	37.6	441	241	10	3	414	4	439	4.73e-77	242
NOEMGP_13860	CAHMAH_16055	71.0	210	59	1	1	208	1	210	4.92e-104	296
NOEMGP_13865	ODHFDB_12125	51.0	486	204	4	5	459	11	493	3.14e-154	443
NOEMGP_13865	EKDKGG_09510	43.3	344	192	3	5	346	2	344	1.98e-83	261
NOEMGP_13870	PNJNHA_07840	49.4	619	280	6	4	618	8	597	3.54e-189	543
NOEMGP_13875	LKEOCB_18790	42.4	229	125	3	16	242	12	235	3.20e-60	186
NOEMGP_13890	MEIOOM_03965	54.4	250	114	0	1	250	95	344	2.88e-94	277
NOEMGP_13905	LHMIFE_14015	41.1	292	171	1	1	292	1	291	5.81e-78	235
NOEMGP_13930	JHIMFH_08715	38.3	376	229	2	647	1021	30	403	2.79e-79	261
NOEMGP_13930	NPLHCN_14260	40.7	386	218	3	643	1021	1478	1859	1.77e-75	269
NOEMGP_13935	AHFGAK_10390	39.5	370	222	2	5	372	5	374	1.61e-84	258
NOEMGP_13945	GANHPB_00400	43.0	461	254	3	11	462	5	465	2.01e-116	346
NOEMGP_13980	NPACKI_09380	38.8	317	188	5	28	339	61	376	1.34e-67	222
NOEMGP_14025	INHOHM_11200	47.4	625	313	6	3	616	86	705	1.41e-175	512
NOEMGP_14025	PJGAFD_00175	32.1	586	372	8	41	616	48	617	6.53e-83	269
NOEMGP_14025	OOMOLM_10315	31.9	580	348	16	25	570	209	775	2.92e-79	264
NOEMGP_14025	ALODHP_02915	27.9	544	351	12	48	569	118	642	4.16e-58	203
NOEMGP_14035	IJGGGM_11235	54.2	1252	563	7	3	1250	5	1249	0.0	1370
NOEMGP_14040	EHHHNJ_06335	54.5	200	89	1	2	201	3	200	1.73e-68	206
NOEMGP_14045	KGMLLG_02740	57.5	459	191	3	1	456	1	458	1.77e-190	534
NOEMGP_14050	OKNPEK_01685	56.3	584	255	0	3	586	33	616	1.18e-246	688
NOEMGP_14070	GBFPPP_01720	59.1	682	252	2	1	655	19	700	4.53e-292	810
NOEMGP_14090	ADMHII_15160	61.8	217	77	2	1	211	36	252	3.38e-102	292
NOEMGP_14145	FFOFOD_03260	49.9	397	198	1	3	399	2	397	3.10e-135	389
NOEMGP_14190	JEKOGE_21950	40.4	292	161	4	224	513	188	468	2.98e-61	208
NOEMGP_14205	FBNFHD_05595	38.0	284	172	3	3	284	2	283	8.53e-54	173
NOEMGP_14215	DEDJGM_09950	40.7	405	222	8	12	400	1	403	2.11e-84	260
NOEMGP_14220	CLNFJC_09055	39.8	437	248	9	7	441	100	523	7.36e-82	258
NOEMGP_14250	HAFNKM_08490	34.8	371	240	2	13	382	12	381	2.32e-64	206
NOEMGP_14250	LEJEEC_08915	31.2	397	236	9	5	385	3	378	7.56e-52	174
NOEMGP_14250	OLKGPM_09705	31.8	390	249	6	3	385	15	394	2.04e-45	163
NOEMGP_14285	NAGHPK_09505	30.2	470	307	7	5	469	2	455	9.88e-70	228
NOEMGP_14300	MNPOJG_03675	37.5	405	253	0	12	416	12	416	1.50e-94	287
NOEMGP_14305	HPIFBD_01690	46.9	320	167	1	2	318	1	320	3.96e-102	299
NOEMGP_14305	CDILFK_05205	34.1	290	173	6	37	318	63	342	4.79e-44	154
NOEMGP_14315	HGOKLA_19985	56.7	427	133	3	1	376	1	426	3.36e-167	471
NOEMGP_14320	ADJBEN_11135	56.9	504	214	3	2	502	4	507	4.41e-200	563
NOEMGP_14355	MGADKE_02365	30.2	424	276	8	8	421	5	418	8.46e-59	194
NOEMGP_14360	LPHKDC_08610	30.3	557	341	14	14	540	90	629	5.98e-72	240
NOEMGP_14365	AOOCMJ_07215	39.3	392	225	9	1	388	1	383	6.82e-79	244
NOEMGP_14365	OMINCF_00680	38.5	382	218	11	16	392	16	385	3.94e-74	232
NOEMGP_14365	CAHMAH_08565	34.9	387	242	6	11	393	11	391	4.39e-67	214
NOEMGP_14380	OMINCF_06730	35.2	446	282	5	14	457	4	444	1.26e-76	243
NOEMGP_14380	DIFDMH_04115	30.0	446	303	3	10	451	3	443	3.43e-60	200
NOEMGP_14400	ONBPBO_06850	42.0	502	247	9	3	470	3	494	1.47e-111	335
NOEMGP_14405	FGCNNA_15325	49.6	276	128	2	502	777	492	756	2.20e-75	256
NOEMGP_14405	HAINKJ_00320	39.7	290	163	2	483	772	434	711	2.75e-59	210
NOEMGP_14410	JOFPOO_08530	36.4	228	142	1	4	231	7	231	6.68e-53	167
NOEMGP_14415	IDJOEI_10225	45.6	360	155	3	2	320	3	362	2.83e-104	306
NOEMGP_14425	CFELJI_04890	52.9	306	142	1	4	307	3	308	7.83e-105	305
NOEMGP_14430	JKBIAL_06555	52.4	307	140	4	3	306	2	305	4.64e-102	298
NOEMGP_14435	EDPPFC_16165	47.8	245	126	2	2	246	3	245	2.35e-71	215
NOEMGP_14440	AHPIPH_01830	58.5	410	170	0	4	413	17	426	9.27e-166	468
NOEMGP_14455	IJGGGM_15885	52.9	446	196	4	1	443	1	435	6.10e-158	450
NOEMGP_14455	AADGFO_06055	46.4	450	229	4	2	441	25	472	1.00e-132	407
NOEMGP_14460	NPKNPB_04480	50.9	289	137	2	1	289	1	284	7.99e-88	271
NOEMGP_14465	OKLCDA_08070	57.2	367	145	3	7	361	11	377	2.40e-142	405
NOEMGP_14470	ODKGDC_11860	43.5	556	276	6	31	580	2	525	5.89e-140	413
NOEMGP_14535	ENNDNJ_17255	78.0	667	132	1	6	657	57	723	0.0	1058
NOEMGP_14550	KGACJP_08975	77.2	285	65	0	5	289	27	311	5.27e-158	439
NOEMGP_14565	EBFHBG_15540	37.2	288	181	0	1	288	1	288	3.25e-68	210
NOEMGP_14570	ADJBEN_11135	33.0	506	333	6	5	505	4	508	1.75e-80	256
NOEMGP_14590	ADJBEN_11135	43.5	504	278	5	12	510	3	504	1.16e-126	376
NOEMGP_14600	JEKOGE_21950	39.9	281	156	4	206	482	202	473	3.99e-60	205
NOEMGP_14610	JHLGGO_16935	37.2	661	344	15	82	705	10	636	1.54e-122	402
NOEMGP_14620	MIMPCD_10300	38.8	518	302	7	9	519	6	515	2.67e-108	330
NOEMGP_14630	NEEMKD_13085	54.7	225	98	3	98	318	1	225	1.51e-83	248
NOEMGP_14635	MFKGBO_06890	40.8	319	175	4	1	319	1	305	5.44e-75	229
NOEMGP_14635	DNHLFN_07150	33.2	319	195	3	1	319	1	301	2.82e-47	157
NOEMGP_14645	JIBABB_11530	38.0	271	168	0	3	273	72	342	5.07e-59	187
NOEMGP_14680	MFKGBO_06890	43.2	315	169	2	1	315	1	305	5.31e-83	249
NOEMGP_14680	DNHLFN_07150	32.4	315	199	2	1	315	1	301	2.02e-54	176
NOEMGP_14685	JIBABB_11530	38.2	283	173	1	6	288	61	341	2.14e-68	212
NOEMGP_14700	NEEMKD_13085	39.4	221	127	5	97	312	1	219	1.92e-47	156
NOEMGP_14705	NEEMKD_13085	55.8	226	94	4	98	318	1	225	9.65e-85	251
NOEMGP_14725	FJNPIC_22740	99.8	591	1	0	1	591	1	591	0.0	1159
NOEMGP_14735	CJHDOF_01680	37.3	292	163	9	3	283	2	284	5.13e-57	181
NOEMGP_14745	CCDOAK_00015	31.5	504	334	4	10	503	30	532	6.80e-91	284
NOEMGP_14745	IOBNAI_13140	47.9	217	111	1	286	500	1	217	2.92e-62	199
NOEMGP_14745	MIKFNA_15845	37.5	240	146	2	262	499	1	238	6.47e-48	162
NOEMGP_14750	FOLEJH_17180	38.7	302	179	1	19	320	29	324	1.43e-57	185
NOEMGP_14795	FFOFOD_03260	49.9	397	198	1	3	399	2	397	3.10e-135	389
NOEMGP_14845	JOFPOO_08530	61.8	233	87	1	1	233	1	231	2.57e-104	298
NOEMGP_14865	EGEACP_03415	38.5	244	149	1	45	288	19	261	3.75e-54	173
NOEMGP_14865	PODFGD_12430	52.9	140	66	0	151	290	1	140	1.08e-52	165
NOEMGP_14885	HAFNKM_08490	31.5	355	230	7	14	362	12	359	1.47e-46	160
NOEMGP_14885	PAMFFB_09560	32.0	362	219	9	37	384	19	367	2.29e-43	151
NOEMGP_14885	OLKGPM_09705	31.6	329	216	4	31	357	46	367	1.38e-42	155
NOEMGP_14890	PAHPGF_09515	33.6	286	185	4	7	291	5	286	1.35e-46	155
NOEMGP_14915	FGOPKK_07530	35.0	386	249	2	12	396	5	389	6.00e-67	214
NOEMGP_14930	CCDOAK_00015	33.3	504	321	7	3	495	30	529	8.55e-82	260
NOEMGP_15015	JEKOGE_21950	46.3	231	120	1	152	382	230	456	1.93e-64	214
NOEMGP_15040	DEDJGM_09950	39.9	401	228	4	1	389	1	400	9.39e-90	273
NOEMGP_15045	FBNFHD_05595	36.0	286	179	3	6	291	2	283	1.64e-58	185
NOEMGP_15055	JEICDI_06325	52.3	285	125	4	2	281	4	282	2.70e-86	256
NOEMGP_15090	OKNPEK_01685	54.5	536	239	4	6	539	37	569	7.87e-200	569
NOEMGP_15095	KGMLLG_02740	52.1	457	214	2	1	453	1	456	4.56e-160	457
NOEMGP_15100	CFIJDN_11005	61.8	207	79	0	6	212	6	212	4.87e-81	238
NOEMGP_15275	MNPOJG_03675	35.7	420	269	1	3	421	2	421	9.89e-84	259
NOEMGP_15320	OOFIDG_03175	48.5	423	197	5	24	436	4	415	7.86e-128	372
NOEMGP_15355	EAGKMD_19035	64.0	161	58	0	1	161	24	184	4.31e-76	221
NOEMGP_15370	AHFGAK_17940	48.9	405	201	4	4	406	3	403	8.57e-124	361
NOEMGP_15385	FGOPKK_07530	47.8	400	203	3	1	399	1	395	1.25e-113	334
NOEMGP_15390	EDBAJH_12145	48.1	308	155	4	1	306	1	305	6.21e-95	291
NOEMGP_15405	MDIEPL_01320	40.9	416	239	6	1	413	1	412	5.40e-98	296
NOEMGP_15410	CPMPBM_08260	68.1	389	120	3	3	391	2	386	3.73e-188	523
NOEMGP_15420	JOFPOO_08530	39.6	225	134	2	2	226	5	227	7.17e-49	156
NOEMGP_15440	CCDOAK_00015	37.9	501	286	7	6	490	30	521	6.83e-103	315
NOEMGP_15440	IOBNAI_13140	50.7	215	104	1	284	496	1	215	2.90e-64	204
NOEMGP_15440	MIKFNA_15845	38.5	239	143	2	260	496	1	237	2.64e-50	168
NOEMGP_15445	FOLEJH_17180	38.0	305	187	2	8	312	21	323	2.26e-62	197
NOEMGP_15455	POKEEB_12070	45.8	312	164	3	5	313	3	312	2.23e-85	256
NOEMGP_15475	LKAFFP_06110	42.8	353	201	1	15	366	12	364	2.13e-95	292
NOEMGP_15475	NNLPHK_08690	39.9	368	213	4	6	372	3	363	5.70e-77	246
NOEMGP_15475	FLJHGF_06385	32.1	371	247	3	7	376	2	368	4.19e-51	176
NOEMGP_15495	HAINKJ_00320	44.7	257	141	1	297	552	458	714	2.26e-63	217
NOEMGP_15495	FGCNNA_15325	41.0	268	156	1	287	552	487	754	1.75e-59	207
NOEMGP_15510	CNNHAB_12390	35.2	421	262	3	7	417	1	420	5.22e-77	243
NOEMGP_15515	CNNHAB_12390	34.3	435	274	3	7	430	1	434	3.29e-78	246
NOEMGP_15520	BEIPKJ_08610	63.0	440	159	1	3	438	4	443	6.03e-192	536
NOEMGP_15535	HPMMNG_01440	64.8	145	51	0	7	151	141	285	4.38e-69	207
NOEMGP_15540	OCLNOI_00625	44.9	639	330	9	110	746	11	629	1.27e-193	564
NOEMGP_15540	ANGKFO_07170	36.6	618	360	11	110	724	132	720	5.13e-127	395
NOEMGP_15560	LJOEIG_03945	49.8	271	129	2	35	303	8	273	1.63e-91	270
NOEMGP_15580	ENNDNJ_08795	54.8	252	113	1	80	330	1	252	3.25e-90	267
NOEMGP_15585	IFIEJI_09795	63.2	174	64	0	1	174	1	174	3.97e-69	212
NOEMGP_15610	LEGHLG_09460	44.9	234	129	0	201	434	200	433	2.43e-63	207
NOEMGP_15620	ENPFGE_09215	45.9	270	146	0	1	270	6	275	3.83e-80	254
NOEMGP_15630	MHMMDG_07390	52.7	273	128	1	1	273	26	297	6.27e-97	284
NOEMGP_15650	PPLGEL_09165	33.0	300	168	9	6	285	18	304	3.35e-46	154
NOEMGP_15675	NKBHGG_10755	44.0	207	95	5	1	205	1	188	5.75e-47	151
NOEMGP_15685	OKHOCL_06690	37.9	430	249	5	3	429	5	419	1.88e-101	305
NOEMGP_15685	KPFMEK_26910	35.0	432	236	9	1	429	35	424	3.17e-80	250
NOEMGP_15690	LOBHJJ_01635	38.2	225	138	1	5	228	3	227	4.73e-54	169
NOEMGP_15695	PPPHGA_08905	49.1	501	250	3	5	503	1	498	9.79e-169	485
NOEMGP_15695	ELNOCH_01590	39.3	471	274	8	7	476	34	493	2.52e-103	332
NOEMGP_15715	LJALIN_17780	89.2	544	59	0	1	544	50	593	0.0	964
NOEMGP_15715	OBHJLJ_05995	30.9	556	348	7	1	531	4	548	1.19e-85	275
NOEMGP_15715	IMJCGK_11625	29.8	517	338	10	1	504	3	507	4.95e-68	224
NOEMGP_15715	EHHHNJ_03925	29.5	505	294	10	13	504	15	470	1.57e-58	201
NOEMGP_15730	DCNHNC_05375	48.7	762	347	6	1	721	1	759	1.84e-268	754
NOEMGP_15800	EDBAJH_12145	66.4	304	102	0	3	306	2	305	1.41e-149	431
NOEMGP_15805	EDBAJH_12145	60.2	359	142	1	10	367	310	668	7.11e-157	453
NOEMGP_15820	KGLJGB_05040	40.1	252	121	4	8	229	10	261	1.01e-57	182
NOEMGP_15835	CPJMGC_11990	52.6	342	158	2	5	345	44	382	6.05e-110	322
NOEMGP_15865	JEDNID_03795	42.7	234	131	2	44	274	85	318	7.10e-63	198
NOEMGP_15870	PENENA_05520	40.6	325	184	4	19	337	9	330	1.71e-63	203
NOEMGP_15875	GMHKEG_18370	43.9	246	134	2	3	246	2	245	1.73e-76	228
NOEMGP_15880	EHHHNJ_03925	53.7	605	264	5	5	607	3	593	7.93e-213	602
NOEMGP_15880	OBHJLJ_05995	29.9	666	374	17	5	595	4	651	4.25e-75	249
NOEMGP_15880	LJALIN_17780	29.5	518	301	10	5	472	50	553	7.49e-60	206
NOEMGP_15880	IMJCGK_11625	28.4	522	315	10	3	476	1	511	5.09e-54	188
NOEMGP_15885	KNCOJD_04640	33.8	674	326	18	35	610	100	751	2.56e-111	347
NOEMGP_15900	JFOKOO_01465	59.0	283	112	4	1	282	1	280	2.07e-122	348
NOEMGP_15925	MNPOJG_03675	37.6	431	257	4	1	429	1	421	6.66e-93	283
NOEMGP_15940	PIPLNM_21055	30.7	466	296	12	9	460	1	453	5.66e-65	213
NOEMGP_15960	BLJAJM_02075	55.4	296	132	0	13	308	1	296	1.26e-121	348
NOEMGP_16030	PPOBFL_12045	45.6	425	219	4	1	425	1	413	4.04e-119	350
NOEMGP_16035	EBFHBG_18170	62.4	433	162	1	4	435	29	461	2.94e-196	548
NOEMGP_16040	GNBPPJ_17065	44.2	312	170	3	2	312	8	316	8.43e-79	248
NOEMGP_16055	DHNCOO_03795	77.8	108	24	0	1	108	1	108	4.11e-57	168
NOEMGP_16065	MFPDBE_05815	46.2	377	188	4	7	370	3	377	5.08e-109	320
NOEMGP_16075	APAIPM_12310	57.8	462	192	1	2	463	1	459	1.72e-185	524
NOEMGP_16080	PGDNHA_09855	42.9	364	206	1	4	367	1	362	6.74e-95	293
NOEMGP_16085	HNGOGK_09465	44.4	369	184	2	2	361	3	359	1.30e-103	306
NOEMGP_16100	BOLFNP_06995	46.3	376	201	1	3	377	37	412	1.46e-114	336
NOEMGP_16105	FKNOEG_18960	31.4	509	316	13	11	509	144	629	2.59e-67	225
NOEMGP_16110	JEKOGE_21950	50.6	257	120	2	260	516	227	476	5.17e-74	243
NOEMGP_16120	HCCOIE_07565	36.1	457	264	12	9	455	403	841	5.75e-77	253
NOEMGP_16125	BFIMKO_04855	36.5	485	284	10	23	500	3	470	1.36e-97	300
NOEMGP_16135	NEDFAA_04305	94.2	103	6	0	1	103	74	176	2.93e-63	186
NOEMGP_16140	MFOGNL_14960	65.0	206	70	1	3	208	2	205	1.01e-91	264
NOEMGP_16145	DPDMEB_04405	70.6	218	52	1	1	206	1	218	7.74e-102	290
NOEMGP_16155	DPDMEB_04415	87.4	278	33	2	1	278	28	303	1.62e-171	473
NOEMGP_16170	DEDJGM_13625	66.3	208	69	1	1	207	1	208	6.28e-91	268
NOEMGP_16175	CJMCHC_02490	78.3	157	22	1	1	145	1	157	6.82e-85	242
NOEMGP_16190	AAPNJG_07775	78.2	124	25	1	1	122	1	124	3.44e-67	195
NOEMGP_16200	FEAPNK_12085	68.9	177	55	0	3	179	12	188	1.02e-90	259
NOEMGP_16210	JKJAJN_00245	62.4	133	47	1	1	133	1	130	1.04e-56	169
NOEMGP_16215	ALJLGD_10060	61.7	180	69	0	1	180	35	214	1.55e-72	214
NOEMGP_16225	GNANIN_06060	64.7	167	58	1	2	168	10	175	2.64e-69	204
NOEMGP_16235	AJKFOC_09065	81.6	147	26	1	1	146	1	147	3.54e-78	224
NOEMGP_16240	DLFNKE_04470	43.8	479	211	8	1	436	1	464	1.74e-122	360
NOEMGP_16245	DFHILB_18235	58.7	213	85	1	1	213	1	210	9.42e-92	264
NOEMGP_16250	EGEACP_03415	56.5	246	107	0	3	248	17	262	3.63e-97	281
NOEMGP_16265	EGMGCA_06090	79.8	124	23	1	1	122	1	124	1.34e-64	188
NOEMGP_16270	JHIMFH_02475	82.1	117	21	0	17	133	22	138	8.42e-67	195
NOEMGP_16275	ANAEHF_05660	50.8	191	92	1	7	197	7	195	8.19e-63	189
NOEMGP_16280	NPACKI_02020	76.6	320	71	2	1	319	1	317	1.42e-171	475
NOEMGP_16285	DPDMEB_04545	72.1	201	33	1	1	178	1	201	3.74e-91	261
NOEMGP_16295	DFHILB_11720	36.4	297	174	5	1	293	1	286	3.08e-58	186
NOEMGP_16295	NICIMJ_05420	34.5	313	191	5	1	310	39	340	6.19e-52	171
NOEMGP_16335	BCFHOD_10075	42.6	263	140	5	27	282	21	279	5.34e-60	189
NOEMGP_16340	BCFHOD_10075	49.3	280	140	2	1	279	1	279	3.75e-88	261
NOEMGP_16345	FOMOBF_02515	53.4	266	120	1	1	262	1	266	5.96e-91	266
NOEMGP_16365	JEKOGE_21950	43.0	251	130	5	128	374	222	463	4.78e-57	194
NOEMGP_16370	IJCGKP_02285	89.7	252	26	0	1	252	26	277	2.58e-165	454
NOEMGP_16380	CAGOKC_07305	59.4	239	97	0	3	241	4	242	2.63e-105	301
NOEMGP_16400	LPAOAJ_05615	85.3	143	21	0	1	143	61	203	1.46e-87	250
NOEMGP_16405	AEGBGH_07565	69.3	127	38	1	5	130	12	138	9.23e-61	179
NOEMGP_16430	OIDBIB_07015	45.5	255	131	3	1	249	1	253	3.19e-68	207
NOEMGP_16435	NBGKDJ_08915	50.0	234	116	1	1	233	5	238	2.31e-77	229
NOEMGP_16440	IMMPMF_10375	71.4	210	60	0	264	473	1	210	4.14e-107	313
NOEMGP_16450	DKAAEG_05130	43.0	593	297	12	1	560	1	585	4.29e-143	422
NOEMGP_16455	OAOAHE_06260	38.4	445	272	2	2	445	38	481	2.85e-104	315
NOEMGP_16465	CPMPBM_09225	53.3	555	248	7	2	553	1	547	4.13e-212	597
NOEMGP_16490	CCDOAK_00015	29.9	485	324	5	6	478	30	510	2.13e-65	217
NOEMGP_16525	IFHDGK_04315	60.4	369	140	3	2	364	264	632	3.58e-168	480
NOEMGP_16565	IMDKHO_03910	47.9	307	157	2	14	319	6	310	5.56e-108	313
NOEMGP_16580	ILCLPH_03175	43.5	186	101	2	1	185	1	183	2.83e-53	164
NOEMGP_16585	OJOMAB_09255	41.6	257	144	4	16	271	8	259	5.15e-67	205
NOEMGP_16600	OJPNIC_09355	44.1	238	126	2	1	233	1	236	2.00e-69	211
NOEMGP_16605	KKGKIC_13160	52.0	379	179	2	4	380	10	387	1.29e-132	383
NOEMGP_16610	GBJPGG_09795	42.7	220	105	4	1	201	7	224	4.16e-53	166
NOEMGP_16620	DNJKHC_10565	50.2	331	162	3	1	330	1	329	2.57e-98	290
NOEMGP_16625	LCBAOM_08305	60.6	188	74	0	1	188	1	188	4.34e-82	239
NOEMGP_16630	FIGKOO_11715	72.9	494	134	0	1	494	107	600	6.78e-263	725
NOEMGP_16630	KHCMCM_03020	32.7	450	277	7	50	491	48	479	3.94e-72	233
NOEMGP_16660	NPLHCN_14260	50.4	393	175	5	169	554	1480	1859	1.54e-104	342
NOEMGP_16660	JHIMFH_08715	44.2	389	203	5	170	556	29	405	2.59e-92	286
NOEMGP_16685	IFHDGK_04315	40.3	253	145	3	6	256	5	253	8.97e-59	200
NOEMGP_16685	PPPHGA_03180	40.4	235	138	1	7	241	2	234	1.40e-57	186
NOEMGP_16705	FHGONL_08930	30.8	383	251	8	5	375	6	386	1.04e-57	191
NOEMGP_16735	CLNFJC_09055	35.9	423	258	4	6	421	101	517	3.03e-85	266
NOEMGP_16755	FCAKMF_05370	52.4	147	68	1	9	155	2	146	6.30e-52	159
NOEMGP_16775	NIJAON_03930	41.0	293	160	4	9	291	3	292	4.86e-73	223
NOEMGP_16795	INHOHM_11200	50.5	590	276	7	43	620	118	703	9.66e-183	530
NOEMGP_16795	PJGAFD_00175	33.3	609	380	8	23	620	22	615	1.21e-97	308
NOEMGP_16795	OOMOLM_10315	35.7	501	308	5	88	579	283	778	1.05e-94	305
NOEMGP_16795	ALODHP_02915	30.3	577	361	11	40	593	102	660	9.21e-66	224
NOEMGP_16800	MGADKE_02365	50.6	407	199	2	6	412	7	411	3.70e-142	408
NOEMGP_16805	LPHKDC_08610	67.5	667	214	2	1	667	2	665	0.0	922
NOEMGP_16815	ADJBEN_11135	61.6	513	194	3	1	510	1	513	1.59e-218	610
NOEMGP_16830	OMINCF_06730	33.2	440	285	4	4	439	4	438	4.50e-69	222
NOEMGP_16835	OMINCF_06730	34.3	435	279	3	4	435	4	434	8.53e-71	227
NOEMGP_16835	NGIBDE_08595	31.9	379	256	1	4	382	47	423	1.63e-51	177
NOEMGP_16835	DIFDMH_04115	29.9	445	280	7	4	431	7	436	1.09e-50	174
NOEMGP_16845	MFPDBE_02520	43.8	338	188	2	3	339	4	340	7.65e-94	280
NOEMGP_16890	GHOOAO_17090	51.4	257	123	2	1	256	1	256	4.73e-101	291
NOEMGP_16895	DDAJHK_05315	53.1	392	142	6	3	352	7	398	1.53e-138	396
NOEMGP_16900	ALJLGD_16575	54.6	447	188	6	11	452	8	444	6.17e-179	504
NOEMGP_16910	NEALDO_03765	38.2	306	184	4	3	304	2	306	5.21e-62	196
NOEMGP_16910	OEDLLD_10520	32.4	340	216	6	1	328	1	338	1.04e-44	152
NOEMGP_16915	NPACKI_09380	35.9	354	218	5	63	411	61	410	2.60e-68	224
NOEMGP_16930	HPIFBD_01690	46.3	320	169	1	1	317	1	320	1.45e-104	305
NOEMGP_16935	CDILFK_05205	36.9	306	186	6	4	306	33	334	6.54e-55	184
NOEMGP_16960	KMFKPJ_12195	45.1	255	130	2	6	250	11	265	1.00e-63	206
NOEMGP_16995	CFGLOL_04020	80.6	170	33	0	1	170	50	219	9.04e-102	288
NOEMGP_17010	BLAABG_00920	47.6	292	144	4	2	293	1	283	1.82e-88	262
NOEMGP_17015	OLKGPM_05245	47.9	211	110	0	10	220	11	221	6.65e-63	192
NOEMGP_17020	MGCHGM_05220	50.8	331	159	1	70	400	4	330	2.84e-123	357
NOEMGP_17055	HAFNKM_03170	43.2	359	191	8	1	354	1	351	1.77e-91	274
NOEMGP_17060	FCMMOP_09475	48.1	268	127	4	2	264	26	286	8.37e-79	237
NOEMGP_17075	EGEPOE_09050	59.6	381	143	4	4	381	2	374	5.65e-165	463
NOEMGP_17140	PKNBNM_10200	49.0	367	181	2	4	364	6	372	1.22e-123	358
NOEMGP_17155	FIGKOO_08375	62.3	151	56	1	1	150	1	151	2.97e-55	169
NOEMGP_17190	EEOPDA_05455	72.5	1296	324	9	1	1267	6	1297	0.0	1859
NOEMGP_17195	OEKCMO_01405	56.3	1365	393	10	5	1173	4	1361	0.0	1434
NOEMGP_17205	JFBMBM_26315	60.0	120	46	1	147	266	1	118	4.74e-51	159
NOEMGP_17210	LPPKAH_00625	42.6	340	185	6	7	342	3	336	2.84e-94	281
NOEMGP_17215	EBFHBG_15540	45.8	286	147	3	1	281	1	283	1.17e-86	257
NOEMGP_17230	EHMLDC_01085	49.6	228	100	4	1	220	6	226	1.66e-65	199
NOEMGP_17250	KAMEPO_10485	65.7	498	171	0	3	500	176	673	9.27e-232	652
NOEMGP_17255	PIHIOG_11205	31.9	320	180	7	1	294	1	308	1.35e-47	158
NOEMGP_17260	IIPEEC_05240	83.3	466	78	0	1	466	58	523	3.11e-281	767
NOEMGP_17280	CCDOAK_00015	34.1	487	311	6	2	480	26	510	3.91e-86	271
NOEMGP_17280	MIKFNA_15845	48.5	227	117	0	272	498	12	238	2.23e-66	211
NOEMGP_17280	IOBNAI_13140	41.0	217	126	1	285	499	1	217	4.58e-50	167
NOEMGP_17305	KGACJP_15480	32.9	316	207	3	12	325	8	320	3.44e-56	184
NOEMGP_17320	HCBGLF_06190	37.7	297	185	0	1	297	41	337	1.02e-67	211
NOEMGP_17390	AOOCMJ_07215	39.4	393	227	7	6	396	4	387	1.65e-80	249
NOEMGP_17390	CAHMAH_08565	37.6	394	235	6	6	397	7	391	1.79e-77	241
NOEMGP_17400	FDDOCG_07575	49.0	310	154	2	1	307	1	309	2.53e-100	294
NOEMGP_17400	HPIFBD_01690	38.3	298	167	5	29	313	26	319	1.02e-58	187
NOEMGP_17445	GBFPPP_00960	95.6	137	6	0	1	137	22	158	1.99e-90	256
NOEMGP_17450	JOOEPC_00745	69.2	156	48	0	1	156	44	199	3.24e-74	217
NOEMGP_17455	JIBNCO_01295	79.9	703	141	0	1	703	32	734	0.0	1140
NOEMGP_17455	FKJBDL_04740	38.4	701	414	7	6	704	45	729	1.25e-156	467
NOEMGP_17455	HGOKLA_01315	27.1	712	413	20	13	679	5	655	7.81e-56	199
NOEMGP_17455	HFPDKM_12815	27.3	498	316	11	8	494	41	503	8.42e-44	162
NOEMGP_17455	PPPHGA_13940	24.2	712	423	19	14	689	15	645	2.81e-41	158
NOEMGP_17460	IFDCNO_03920	90.2	397	39	0	1	397	32	428	2.89e-273	740
NOEMGP_17515	MPNMPI_08435	50.6	719	333	9	1	709	1	707	1.19e-236	672
NOEMGP_17515	ENNDNJ_02705	27.9	709	428	21	6	657	94	776	3.48e-56	202
NOEMGP_17545	BMFONI_05370	48.5	293	148	2	1	292	1	291	1.06e-88	263
NOEMGP_17555	DIIMPP_04560	32.7	303	191	6	17	309	8	307	2.43e-54	176
NOEMGP_17630	KKGKIC_13160	48.9	380	189	4	15	390	10	388	4.50e-123	359
NOEMGP_17635	JEKOGE_21950	48.0	225	110	2	307	531	254	471	1.52e-60	207
NOEMGP_17655	MNPOJG_03675	42.0	419	241	2	5	422	4	421	8.09e-108	321
NOEMGP_17730	NICIMJ_05420	66.9	302	100	0	1	302	39	340	2.22e-145	409
NOEMGP_17730	DFHILB_11720	34.4	294	184	7	1	289	1	290	1.28e-46	155
NOEMGP_17745	GOBLEJ_20785	50.8	238	94	3	134	348	4	241	1.97e-77	235
NOEMGP_17750	HCJBDG_05655	51.9	243	113	2	1	242	1	240	7.12e-94	273
NOEMGP_17760	FCAKMF_01170	48.8	283	145	0	10	292	10	292	1.31e-93	276
NOEMGP_17780	NDJCGB_22180	56.2	404	163	3	4	397	61	460	3.95e-158	451
NOEMGP_17830	NEHECH_06065	42.0	193	109	3	156	348	320	509	4.25e-42	150
NOEMGP_17840	KNCOJD_10650	56.7	420	151	2	1	389	1	420	9.69e-165	465
NOEMGP_17850	PDFOOG_08375	42.4	243	130	6	4	241	5	242	6.06e-53	168
NOEMGP_17915	EBFHBG_03010	44.5	472	241	5	1	460	28	490	1.64e-132	388
NOEMGP_17925	BDLLLF_08695	39.0	675	342	9	203	807	274	948	3.94e-150	461
NOEMGP_17960	GAOLHI_08600	46.7	210	112	0	11	220	7	216	2.18e-58	180
NOEMGP_17965	EDPPFC_05720	50.4	238	117	1	1	238	6	242	1.51e-75	225
NOEMGP_17970	MNPOJG_01295	30.6	366	243	7	30	389	56	416	5.36e-54	181
NOEMGP_17980	DNBNEF_09455	41.5	441	256	1	12	450	8	448	5.42e-103	311
NOEMGP_17980	JEKOGE_06050	31.4	459	298	10	8	455	2	454	1.06e-58	196
NOEMGP_17985	AFKLCO_01430	55.2	429	185	7	1	427	1	424	3.38e-164	465
NOEMGP_18000	CMLBML_04810	52.6	175	78	2	1	172	1	173	5.89e-62	186
NOEMGP_18010	AJOCFB_04545	45.6	745	375	11	22	759	73	794	1.93e-219	632
NOEMGP_18020	HIADJD_14290	56.2	568	164	4	1	483	1	568	1.16e-219	613
NOEMGP_18025	NIIHOH_07395	60.7	415	162	1	1	415	50	463	4.42e-179	504
NOEMGP_18025	GGKJAP_04230	32.9	401	220	13	3	386	4	372	4.82e-53	180
NOEMGP_18030	JAEGOD_04615	46.3	585	305	7	8	589	6	584	1.18e-172	499
NOEMGP_18030	ODHFDB_02970	40.8	584	320	14	20	589	2	573	4.26e-128	385
NOEMGP_18040	AOHBGH_00885	52.5	223	105	1	5	227	7	228	6.36e-75	223
NOEMGP_18095	MNPOJG_03675	47.7	411	214	1	13	423	12	421	2.21e-128	374
NOEMGP_18105	GEHMID_04080	42.9	226	120	4	5	224	3	225	7.41e-59	182
NOEMGP_18105	MCPLNH_08930	37.4	219	131	5	6	220	4	220	2.12e-46	150
NOEMGP_18110	IEDJIN_05035	56.3	213	93	0	341	553	1	213	1.78e-85	261
NOEMGP_18115	KNCOJD_04640	61.5	698	254	5	31	716	61	755	0.0	909
NOEMGP_18125	IFDCNO_13355	54.1	414	185	3	1	409	1	414	2.32e-137	407
NOEMGP_18125	ICGKAE_00315	32.2	734	452	15	2	718	3	707	5.62e-109	347
NOEMGP_18145	INKIHH_07930	49.1	369	185	3	12	379	11	377	1.03e-116	341
NOEMGP_18180	CCDOAK_00015	41.7	503	287	6	4	503	30	529	1.34e-126	376
NOEMGP_18200	BMFONI_05370	42.2	296	170	1	1	295	1	296	8.16e-73	223
NOEMGP_18230	BDKJEH_07835	46.3	294	157	1	6	299	18	310	7.00e-93	274
NOEMGP_18235	LKIDNC_01490	48.7	382	192	3	4	383	2	381	1.41e-117	354
NOEMGP_18240	LKIDNC_01490	53.9	280	124	2	1	280	429	703	8.73e-95	290
NOEMGP_18240	LKEOCB_10345	47.1	263	139	0	14	276	11	273	3.44e-81	243
NOEMGP_18285	OEDLLD_10335	40.9	308	178	2	1	308	1	304	1.02e-77	236
NOEMGP_18290	JFOKOO_01880	52.6	546	251	6	17	562	2	539	1.88e-198	562
NOEMGP_18310	HJMBIE_06565	51.2	453	145	5	1	378	1	452	3.07e-131	380
NOEMGP_18330	ELHJGG_08225	40.4	255	146	6	4	257	1	250	5.13e-56	177
NOEMGP_18345	ABGNMO_02010	46.8	470	235	2	2	456	6	475	6.07e-136	399
NOEMGP_18350	MKENAJ_04070	51.7	391	187	2	1	389	1	391	3.57e-146	417
NOEMGP_18355	LKLDMN_17670	67.5	126	40	1	1	126	14	138	9.20e-62	183
NOEMGP_18360	JCMKKN_12205	44.7	356	186	4	4	358	3	348	5.85e-111	324
NOEMGP_18365	AIOPCH_14555	42.6	204	116	1	202	405	91	293	1.21e-49	166
NOEMGP_18385	ANBPFB_04615	40.9	577	285	11	4	532	2	570	5.39e-141	417
NOEMGP_18395	NIOBFM_11400	43.5	214	120	1	3	216	5	217	2.00e-53	167
NOEMGP_18445	NNLPHK_08690	59.0	410	155	5	1	410	1	397	8.62e-158	451
NOEMGP_18445	LKAFFP_06110	35.5	375	230	5	1	371	1	367	6.88e-67	216
NOEMGP_18445	FLJHGF_06385	28.8	371	235	8	4	362	2	355	7.79e-46	160
NOEMGP_18450	PJGAFD_04830	47.6	340	175	2	1	338	1	339	4.89e-108	315
NOEMGP_18465	HCBGLF_06190	34.7	300	180	3	7	306	42	325	5.38e-64	202
NOEMGP_18470	CCDOAK_00015	37.9	356	214	2	7	356	30	384	4.24e-76	241
NOEMGP_18475	FFOFOD_03260	49.9	397	198	1	3	399	2	397	3.10e-135	389
NOEMGP_18485	FOLEJH_17180	36.5	329	194	4	2	330	4	317	9.15e-53	173
NOEMGP_18490	FOLEJH_17180	32.3	313	197	2	9	321	20	317	4.09e-44	150
NOEMGP_18500	OEKCMO_04465	35.5	273	172	2	271	543	316	584	1.80e-52	184
NOEMGP_18510	BMCEAO_10385	78.4	657	142	0	3	659	66	722	0.0	1019
NOEMGP_18520	MPNMPI_08435	37.9	681	391	12	8	661	3	678	1.26e-140	424
NOEMGP_18520	ENNDNJ_02705	27.3	717	434	17	14	659	97	797	3.26e-61	215
NOEMGP_18545	ANGKFO_01360	50.5	303	136	5	14	313	6	297	1.05e-97	286
NOEMGP_18550	DLLMNB_11560	47.8	224	114	2	12	234	3	224	4.16e-73	218
NOEMGP_18575	ACCPON_01955	58.5	605	229	10	20	617	9	598	1.03e-228	647
NOEMGP_18580	OJBOFE_11380	54.1	501	220	3	1	492	14	513	3.80e-182	516
NOEMGP_18600	PKLMMB_01070	49.0	623	314	3	12	632	1	621	4.84e-209	595
NOEMGP_18600	MHMDOE_03535	43.2	621	336	6	15	634	11	615	8.27e-167	487
NOEMGP_18605	JEELJN_04115	46.4	302	161	1	3	304	6	306	1.74e-98	290
NOEMGP_18605	KGMLLG_04725	44.3	300	166	1	1	300	1	299	1.37e-85	256
NOEMGP_18610	CFMBFO_15145	56.8	331	115	2	1	303	1	331	4.40e-117	337
NOEMGP_18615	KDNFKF_00210	44.9	287	153	3	1	285	1	284	6.32e-77	232
NOEMGP_18620	PIHIOG_02935	64.6	316	104	2	1	313	1	311	1.09e-140	396
NOEMGP_18630	JCMKKN_05780	48.8	1155	566	10	3	1149	4	1141	0.0	1032
NOEMGP_18635	LKEOCB_03390	35.8	335	192	3	6	318	7	340	1.65e-61	196
NOEMGP_18645	CGJECG_04975	52.4	317	148	1	4	317	5	321	8.21e-122	349
NOEMGP_18655	CPMPBM_10790	61.0	636	240	5	14	644	10	642	3.74e-268	746
NOEMGP_18675	LKLDMN_19325	43.8	219	120	1	28	246	2	217	4.76e-64	196
NOEMGP_18695	ANAEHF_02140	43.8	249	136	2	22	269	18	263	1.06e-61	195
NOEMGP_18710	JPGONO_05465	39.2	441	260	5	117	550	118	557	7.59e-100	310
NOEMGP_18720	HDKNDC_03395	49.4	393	198	1	1	393	1	392	9.15e-142	405
NOEMGP_18755	CPMPBM_01325	49.5	279	123	6	1	266	1093	1366	3.81e-80	259
NOEMGP_18765	PKHOKF_04630	35.1	339	198	9	4	328	95	425	6.78e-60	196
NOEMGP_18795	CPJNAH_07045	33.3	459	222	8	227	601	73	531	2.48e-71	238
NOEMGP_18875	GNBPPJ_17065	44.6	307	160	4	2	300	7	311	3.80e-74	235
NOEMGP_18895	FCHPAI_15930	46.8	380	202	0	2	381	8	387	5.29e-121	354
NOEMGP_18895	HGCDGK_00635	35.8	438	280	1	4	441	29	465	3.57e-90	278
NOEMGP_18930	ICHLBC_04555	45.6	366	189	2	4	359	2	367	3.10e-111	326
NOEMGP_18935	AFLAMK_09165	41.8	220	120	2	1	220	1	212	5.41e-53	166
NOEMGP_18940	MOJDIP_00905	48.2	392	196	3	7	397	4	389	4.83e-128	370
NOEMGP_18940	LLGOHG_02035	81.7	115	21	0	217	331	13	127	7.03e-64	202
NOEMGP_18945	LLGOHG_02035	79.2	154	32	0	1	154	131	284	1.63e-88	256
NOEMGP_18955	FFOFOD_03260	49.9	397	198	1	3	399	2	397	3.10e-135	389
NOEMGP_18975	LPNJBB_08810	40.8	267	151	2	1	263	2	265	9.39e-62	192
NOEMGP_19000	KJKCNM_14465	32.3	300	179	5	1	277	22	320	3.31e-50	164
NOEMGP_19000	PGPAMD_09305	38.8	214	126	2	6	219	9	217	2.10e-45	151
NOEMGP_19015	PCHHPE_18365	69.8	639	188	1	1	639	62	695	0.0	892
NOEMGP_19030	ENNDNJ_02705	54.1	710	299	6	22	705	86	794	4.09e-253	717
NOEMGP_19030	MPNMPI_08435	27.0	696	456	17	29	702	5	670	2.10e-68	234
NOEMGP_19055	LKLDMN_19325	43.9	221	118	3	1	219	1	217	3.15e-58	180
NOEMGP_19065	DPDMEB_13265	39.5	220	132	1	1	219	33	252	2.61e-49	158
NOEMGP_19070	PAMFFB_11460	41.8	275	157	3	67	340	31	303	8.29e-70	224
NOEMGP_19075	FBMMIE_03205	60.1	333	109	2	12	338	1	315	2.53e-128	378
NOEMGP_19080	FBMMIE_03205	72.4	344	95	0	64	407	327	670	4.33e-180	513
NOEMGP_19085	AEPIDE_18615	64.7	331	117	0	3	333	26	356	1.21e-142	404
NOEMGP_19110	NAGHPK_09505	38.1	472	289	3	5	475	4	473	8.27e-115	344
NOEMGP_19135	PPCHMH_03275	51.9	420	200	1	22	441	36	453	1.51e-133	390
NOEMGP_19140	ANENGB_06875	41.9	217	126	0	15	231	6	222	1.03e-59	184
NOEMGP_19165	KAEJAD_08375	41.8	213	116	3	140	348	220	428	8.30e-52	174
NOEMGP_19180	PMEPJL_13775	31.7	404	246	5	461	836	11	412	5.18e-59	203
NOEMGP_19195	HFMJLE_01865	42.6	333	169	5	15	333	25	349	1.33e-91	274
NOEMGP_19195	EKIEJL_04035	35.4	297	191	1	34	330	11	306	1.70e-71	221
NOEMGP_19230	OKLCDA_11440	48.2	342	154	4	24	342	30	371	5.57e-88	265
NOEMGP_19240	FOMOBF_10025	47.9	288	146	3	1	285	1	287	1.75e-94	277
NOEMGP_19250	MGCPIK_00310	41.6	856	421	8	10	825	22	838	2.31e-219	637
NOEMGP_19285	DELOGM_05175	48.8	244	122	3	8	249	6	248	6.11e-81	242
NOEMGP_19295	PAJAIK_09955	44.9	185	94	2	45	229	17	193	7.18e-51	160
NOEMGP_19320	OKHOCL_06685	51.6	306	140	4	1	305	1	299	9.32e-106	307
NOEMGP_19325	APAIPM_14090	57.7	310	75	4	1	254	1	310	6.54e-118	336
NOEMGP_19355	AKJKEO_08460	57.9	684	287	1	10	692	63	746	5.14e-288	803
NOEMGP_19360	HMNLEO_03150	49.2	394	168	5	68	431	66	457	1.50e-126	370
NOEMGP_19375	NIINMJ_13500	78.2	339	74	0	1	339	39	377	1.30e-200	551
NOEMGP_19475	JLNLFB_04605	63.0	154	57	0	1	154	231	384	4.67e-61	191
NOEMGP_19480	KMGACI_09375	52.7	465	214	3	1	464	8	467	9.98e-173	490
NOEMGP_19480	PDHKAH_02565	38.9	489	253	12	3	466	5	472	1.31e-90	280
NOEMGP_19930	FFOFOD_03260	49.9	397	198	1	3	399	2	397	3.10e-135	389
NOEMGP_20010	NIJAON_03930	39.4	292	170	3	1	285	1	292	2.57e-77	233
NOEMGP_20030	KPNMII_11605	42.1	573	304	7	2	569	3	552	8.77e-155	451
NOEMGP_20045	LPCGND_12240	32.8	458	284	8	3	449	15	459	1.71e-74	239
NOEMGP_20045	MGKNOI_09405	33.4	428	253	9	3	404	8	429	1.55e-57	192
NOEMGP_20045	INCKOO_06225	40.3	191	109	2	4	193	11	197	2.76e-45	154
NOEMGP_20055	ABGNMO_11950	46.0	189	99	2	2	189	3	189	2.48e-49	155
NOEMGP_20060	FOOLJF_05335	50.9	224	110	0	26	249	38	261	6.99e-72	218
NOEMGP_20065	NKBHGG_02835	46.9	294	148	5	78	367	55	344	6.72e-85	258
NOEMGP_20080	ANOIGO_11635	40.1	568	333	5	1	566	1	563	2.39e-139	412
NOEMGP_20085	LPAOAJ_11445	60.2	392	154	2	1	392	21	410	1.06e-176	494
NOEMGP_20090	INGAKC_09930	38.8	482	280	7	11	483	11	486	4.27e-90	280
NOEMGP_20105	NIJAON_03930	38.5	270	164	2	15	282	23	292	9.96e-65	201
NOEMGP_20145	KMFKPJ_12195	45.7	267	136	4	2	264	3	264	6.94e-59	193
NOEMGP_20165	CLNFJC_09055	43.0	442	231	9	3	440	99	523	6.62e-102	310
NOEMGP_20175	MGNIFA_13410	68.6	471	142	3	1	468	19	486	2.41e-249	685
NOEMGP_20175	JMCFPI_01740	33.2	416	237	8	59	466	69	451	3.26e-60	200
NOEMGP_20180	KAEJAD_08375	40.8	201	112	2	112	309	220	416	1.06e-50	170
NOEMGP_20185	IPLLHO_16745	50.2	281	131	3	23	295	27	306	6.75e-86	256
NOEMGP_20190	DBKLJG_08495	91.2	205	18	0	293	497	1	205	2.69e-136	388
NOEMGP_20200	PJAAIO_03310	36.8	427	262	5	1	422	1	424	5.07e-92	281
NOEMGP_20210	CPCJJL_13295	59.2	213	81	1	1	207	56	268	2.24e-96	278
NOEMGP_20215	ANENGB_04395	53.8	210	96	1	1	209	1	210	3.18e-81	238
NOEMGP_20215	BEGHAF_02940	40.1	212	125	2	1	211	1	211	5.72e-57	176
NOEMGP_20220	FCCLFG_10765	39.7	443	259	6	11	448	3	442	2.65e-98	298
NOEMGP_20225	OIDBIB_12205	50.5	317	155	2	10	326	7	321	6.96e-108	315
NOEMGP_20235	JLFFKH_01745	62.6	511	191	0	4	514	49	559	1.25e-189	538
NOEMGP_20515	AHGGGF_11555	40.1	197	115	2	8	201	7	203	1.27e-49	157
NOEMGP_20520	FFOFOD_03260	49.9	397	198	1	3	399	2	397	3.10e-135	389
NOEMGP_20540	ADAMEB_07400	35.0	759	419	17	10	729	97	820	1.86e-122	382
NOEMGP_20560	OBHHPC_06125	39.8	269	155	2	497	764	491	753	2.49e-51	188
NOEMGP_20690	CMLBML_04400	52.3	428	202	2	8	434	9	435	3.88e-147	422
NOEMGP_20735	NBBJMH_14115	58.0	119	50	0	1	119	7	125	4.43e-51	154
NOEMGP_20745	PNIHGE_02065	31.5	426	251	8	8	411	42	448	2.12e-43	154
NOEMGP_20755	MPNMPI_05755	48.3	205	102	2	18	218	59	263	4.38e-58	181
NOEMGP_20770	ENGICC_20285	42.8	264	144	3	91	351	374	633	2.73e-52	179
NOEMGP_20775	PPECAL_01430	52.9	711	309	3	2	688	6	714	4.79e-254	715
NOEMGP_20805	EEOPDA_07390	50.5	301	141	4	8	302	3	301	1.29e-96	284
NOEMGP_20840	HGCDGK_00635	57.4	289	123	0	15	303	37	325	1.51e-105	312
NOEMGP_20840	FCHPAI_15930	35.2	298	192	1	7	303	10	307	1.35e-61	197
NOEMGP_20870	CGDHDB_08820	37.3	557	181	15	1	553	1	393	6.08e-68	221
NOEMGP_20920	NDCBAB_13250	50.3	187	93	0	4	190	160	346	6.24e-57	179
NOEMGP_20925	BDJIAA_08435	42.3	267	151	2	4	269	1	265	9.86e-77	230
NOEMGP_20935	PPECAL_01620	52.9	728	304	6	1	690	1	727	3.43e-246	696
NOEMGP_20935	EDPPFC_12330	28.6	723	454	20	5	685	3	705	7.60e-90	291
NOEMGP_21000	MEIOOM_03965	35.6	250	154	4	3	248	97	343	2.59e-46	154
NOEMGP_21100	JCMKKN_07165	45.8	260	133	4	3	260	2	255	2.31e-74	224
NOEMGP_21115	NLNKCD_03020	48.1	264	132	2	2	265	18	276	1.10e-84	251
NOEMGP_21120	KNCOJD_00140	36.8	348	199	6	13	350	45	381	5.14e-65	207
NOEMGP_21125	MCPLNH_08930	50.0	224	105	3	1	220	1	221	5.05e-74	220
NOEMGP_21155	PGPAMD_00760	55.6	1413	615	6	20	1426	2	1408	0.0	1573
NOEMGP_21165	NIHDHO_06285	47.3	459	235	4	1	455	1	456	8.99e-138	401
NOEMGP_21170	KIFOBE_03875	66.6	416	137	2	3	418	2	415	7.94e-207	572
NOEMGP_21175	NPLHCN_14260	46.0	404	201	6	533	933	1466	1855	2.41e-89	309
NOEMGP_21175	JHIMFH_08715	38.7	393	224	4	546	937	27	403	4.04e-73	243
NOEMGP_21250	FFOFOD_03260	49.9	397	198	1	3	399	2	397	3.10e-135	389
NOEMGP_21255	PIPLNM_21055	32.5	464	272	13	6	448	5	448	2.89e-70	227
NOEMGP_21255	OKHOCL_06690	29.0	451	281	11	8	449	5	425	1.55e-49	171
NOEMGP_21350	GOMNJH_00285	57.3	262	96	3	167	413	93	353	3.32e-95	289
NOEMGP_21365	MGKNOI_04015	42.7	494	233	11	198	651	107	590	1.94e-117	359
NOEMGP_21420	FPHNOE_07640	40.4	497	249	8	1	463	1	484	1.57e-118	353
NOEMGP_21420	BCFHOD_06925	32.3	375	230	8	17	390	9	360	4.14e-57	189
NOEMGP_21490	JKFCNN_08040	46.7	336	178	1	4	339	30	364	5.11e-110	322
NOEMGP_21505	ONBPBO_06850	43.7	444	218	7	1	423	1	433	6.87e-109	328
NOEMGP_21515	JEKOGE_06050	33.8	432	277	4	1	426	1	429	8.59e-72	230
NOEMGP_21525	HFAHKK_14275	68.5	558	174	2	1	558	64	619	7.65e-264	731
NOEMGP_21525	PJAPKP_15045	32.5	550	359	4	6	551	3	544	6.53e-94	296
NOEMGP_21535	FGOPKK_07530	32.4	395	262	5	23	415	4	395	4.25e-62	202
NOEMGP_21550	ENCFBG_07925	60.8	339	125	7	1	336	1	334	1.38e-132	377
NOEMGP_21555	PKLMMB_11890	58.1	394	153	6	5	396	3	386	9.52e-151	428
NOEMGP_21560	HOBHPC_14180	56.3	247	107	1	3	248	22	268	4.23e-93	271
NOEMGP_21575	EEMLEJ_12835	58.9	513	205	3	2	513	90	597	2.20e-214	602
NOEMGP_21585	JAFONP_12205	34.2	590	374	6	4	588	32	612	1.07e-97	306
NOEMGP_21585	OEDLLD_08805	32.6	530	356	1	50	579	194	722	1.90e-88	285
NOEMGP_21585	KAJCKN_09590	30.0	546	371	5	38	579	30	568	2.42e-70	233
NOEMGP_21585	MGCPIK_11245	43.0	244	137	1	346	589	45	286	2.41e-62	204
NOEMGP_21585	KMMJBO_11065	26.2	614	398	6	10	579	1	603	3.78e-59	204
NOEMGP_21585	NDBPJJ_01855	26.6	489	339	8	76	550	79	561	2.85e-41	153
NOEMGP_21590	FNLNFA_03580	49.3	280	141	1	1	279	1	280	1.59e-94	277
NOEMGP_21595	AJKFOC_10770	46.8	447	221	3	49	479	45	490	2.77e-129	380
NOEMGP_21620	OHKOAG_03595	47.5	320	165	3	1	319	1	318	1.01e-93	278
NOEMGP_21630	IBDNDD_02480	42.2	325	167	8	24	337	87	401	3.51e-72	226
NOEMGP_21635	KEIMNK_06850	53.6	250	114	2	237	484	205	454	7.99e-86	268
NOEMGP_21670	GOBLEJ_02435	40.3	325	185	4	9	329	34	353	2.17e-70	220
NOEMGP_21725	JPJGOO_09760	42.9	378	209	3	36	413	27	397	1.85e-109	324
NOEMGP_21730	CHFKLB_06175	84.4	604	94	0	1	604	51	654	0.0	1035
NOEMGP_21730	PHAIHL_05095	28.4	582	325	20	4	546	53	581	1.99e-47	172
NOEMGP_21735	BDFMEP_07880	42.9	385	198	6	9	393	4	366	9.33e-97	290
NOEMGP_21740	HEEEIG_02325	50.8	250	122	1	3	252	3	251	9.61e-87	254
NOEMGP_21745	JIDGJJ_02600	52.3	354	133	2	1	318	1	354	8.99e-126	360
NOEMGP_21745	AEOGEB_05155	34.4	323	193	10	2	318	26	335	2.18e-55	179
NOEMGP_21750	NDJAKL_07675	46.4	250	127	2	1	244	1	249	6.04e-71	214
NOEMGP_21750	JLCMGD_11090	40.2	249	138	4	1	244	1	243	1.54e-54	172
NOEMGP_21755	MKENAJ_04070	42.0	383	218	4	4	384	6	386	2.65e-92	279
NOEMGP_21760	HEEEIG_05985	48.3	391	191	5	1	391	1	380	2.81e-120	350
NOEMGP_21770	ODHFDB_02170	49.6	490	184	7	1	428	2	490	5.01e-151	436
NOEMGP_21770	BGMBNC_08915	34.7	389	244	4	4	386	26	410	1.31e-61	203
NOEMGP_21770	NJKLPJ_06960	32.0	400	261	5	8	399	48	444	1.11e-55	188
NOEMGP_21780	OLKGPM_04045	58.0	138	57	1	15	151	1	138	1.55e-50	155
NOEMGP_21790	KDFDAI_07250	58.3	557	228	2	2	555	152	707	8.41e-235	660
NOEMGP_21800	DKDGNM_20170	46.9	179	94	1	35	212	40	218	5.28e-57	176
NOEMGP_21805	MPNMPI_01965	37.7	302	180	2	3	304	5	298	4.06e-69	218
NOEMGP_21805	HFAHKK_07810	30.6	412	177	6	3	307	5	414	4.62e-51	180
NOEMGP_21815	OJKFBE_14620	51.9	1010	446	3	1	970	1	1010	0.0	1038
NOEMGP_21820	IMLPOL_01605	45.8	295	154	3	5	295	1	293	5.12e-91	269
NOEMGP_21825	HFMJLE_01065	39.4	241	116	2	1	211	1	241	2.10e-50	160
NOEMGP_21835	JIDGJJ_02675	79.0	461	97	0	2	462	68	528	1.34e-271	743
NOEMGP_21845	DHNCOO_05400	42.9	874	489	5	3	871	4	872	6.70e-256	733
NOEMGP_21860	IAFEEP_04630	61.3	124	47	1	326	448	1	124	8.61e-45	150
NOEMGP_21865	GKLKJE_14420	28.9	429	286	4	1	417	9	430	1.83e-51	176
NOEMGP_21865	DIFDMH_04115	28.1	423	291	4	1	414	8	426	5.68e-46	161
NOEMGP_21895	CAHMAH_08565	37.8	402	232	5	4	398	1	391	3.42e-81	251
NOEMGP_21895	AOOCMJ_07215	30.8	396	252	8	8	394	4	386	6.35e-52	174
NOEMGP_21905	OPDKDG_08630	43.7	222	124	1	51	272	1	221	7.57e-56	176
NOEMGP_21940	PAMFFB_09560	55.8	371	163	1	2	371	1	371	4.67e-147	417
NOEMGP_21945	JEKOGE_21950	44.8	277	141	3	158	434	228	492	2.07e-70	230
NOEMGP_21950	ODPBAK_16055	48.8	367	177	5	11	368	3	367	1.57e-122	355
NOEMGP_21955	ODPBAK_16055	36.9	379	212	12	11	374	1	367	3.86e-78	241
NOEMGP_21955	LMBKNE_15370	36.8	383	221	12	1	375	69	438	2.65e-69	221
NOEMGP_21960	CLNFJC_09055	65.3	429	147	2	1	428	98	525	1.64e-198	556
NOEMGP_21965	IOMEKN_05545	50.4	484	226	4	3	484	11	482	1.82e-168	480
NOEMGP_22015	MNPOJG_01295	40.0	395	225	3	3	387	22	414	1.12e-99	299
NOEMGP_22015	NKLDCP_09645	40.6	340	198	3	41	378	36	373	1.49e-85	262
NOEMGP_22015	GNBNBP_12875	28.8	396	265	9	7	391	3	392	1.31e-46	161
NOEMGP_22050	IDNIFB_15035	39.0	508	301	4	3	502	4	510	1.59e-106	336
NOEMGP_22175	FAIDMJ_00835	35.4	271	158	5	203	464	53	315	1.15e-50	171
NOEMGP_22185	BIKKBB_09420	59.8	564	213	5	23	585	19	569	6.54e-223	637
NOEMGP_22210	ONBPBO_06850	38.7	504	267	11	1	472	1	494	1.57e-95	293
NOEMGP_22225	PNJNHA_01100	51.1	272	124	2	1	272	1	263	3.92e-95	278
NOEMGP_22230	KKMOGI_12335	60.7	438	162	7	17	452	14	443	1.09e-180	509
NOEMGP_22230	NLNKCD_09525	39.3	425	236	12	43	462	127	534	1.07e-81	261
NOEMGP_22230	PFNDEF_04205	36.6	418	243	11	50	462	360	760	5.16e-68	229
NOEMGP_22230	CFELJI_12430	33.2	410	239	14	45	448	450	830	5.26e-52	185
NOEMGP_22235	GNBNBP_18980	42.2	445	256	1	1	444	1	445	5.35e-122	360
NOEMGP_22240	FBNFHD_02190	80.9	230	44	0	1	230	47	276	4.43e-137	382
NOEMGP_22245	GKLKJE_13615	72.9	336	85	1	1	330	1	336	1.88e-176	489
NOEMGP_22300	APAIPM_19325	40.8	397	224	3	14	399	35	431	1.32e-84	261
NOEMGP_22305	NKCJOK_06160	55.8	739	320	3	2	733	21	759	1.65e-275	773
NOEMGP_22305	NMDBHH_21210	33.5	686	351	17	2	604	3	666	4.31e-103	330
NOEMGP_22345	NAGHPK_09505	46.3	503	260	2	3	505	2	494	1.96e-153	443
NOEMGP_22350	HMNLEO_13705	50.7	148	72	1	21	168	19	165	4.18e-54	165
NOEMGP_22360	HCBGLF_06585	45.8	201	102	3	71	266	5	203	1.06e-54	176
NOEMGP_22390	LPCGND_06910	57.3	347	143	3	1	342	3	349	1.67e-132	379
NOEMGP_22390	PFGANA_12245	39.1	343	198	3	1	339	11	346	1.11e-75	233
NOEMGP_22400	OFMOME_08970	61.4	603	224	3	1	595	12	613	4.57e-249	696
NOEMGP_22405	MKABCP_06035	45.7	357	185	5	5	361	3	350	1.41e-99	296
NOEMGP_22410	FAIDMJ_00835	45.2	250	133	3	430	678	69	315	2.96e-69	227
NOEMGP_22425	ODKGDC_12345	54.1	704	318	5	2	704	43	742	1.87e-255	721
NOEMGP_22450	PPDBCL_07570	50.0	426	209	2	27	448	22	447	1.14e-135	394
NOEMGP_22455	MBIIBD_01400	73.6	484	125	1	1	481	29	512	5.36e-276	754
NOEMGP_22455	PBNOEJ_11460	33.5	525	286	19	6	476	37	552	6.39e-64	213
NOEMGP_22460	NIHDHO_00130	51.9	570	270	3	39	606	2	569	2.58e-204	580
NOEMGP_22460	INKIHH_10100	33.4	616	367	14	7	593	11	612	2.20e-86	281
NOEMGP_22495	NPLHCN_07855	52.4	1193	498	11	1	1140	16	1191	0.0	1199
NOEMGP_22500	CHFKLB_13610	44.6	1252	623	17	3	1218	4	1220	0.0	949
NOEMGP_22500	NKCJOK_09390	36.6	1336	689	27	3	1215	4	1304	3.76e-248	740
NOEMGP_22515	CFMBFO_13550	76.1	301	72	0	5	305	30	330	1.36e-164	457
NOEMGP_22520	CGHKFF_05285	59.4	207	84	0	261	467	1	207	1.61e-80	245
NOEMGP_22530	DCNHNC_00255	38.9	409	217	6	21	404	39	439	1.11e-73	234
NOEMGP_22545	OGFCAC_13505	35.0	369	214	9	22	382	2	352	1.24e-64	207
NOEMGP_22565	JHIMFH_02745	38.9	247	130	8	2	245	3	231	6.08e-47	152
NOEMGP_22590	MFKGBO_06890	33.5	313	200	2	1	313	2	306	7.56e-55	177
NOEMGP_22590	DNHLFN_07150	31.7	322	192	6	1	314	2	303	1.56e-44	150
NOEMGP_22595	JIBABB_11530	43.4	258	146	0	4	261	76	333	5.94e-70	215
NOEMGP_22605	NEEMKD_13085	43.6	225	121	4	378	596	1	225	1.92e-48	165
NOEMGP_22625	FMAOBM_01890	59.8	435	162	3	2	423	5	439	1.79e-174	491
NOEMGP_22630	PFKIPP_17705	49.6	367	179	3	1	363	1	365	8.23e-117	340
NOEMGP_22635	LKEOCB_02500	49.4	237	120	0	97	333	29	265	6.69e-75	228
NOEMGP_22640	FKJBDL_04740	69.4	696	209	2	1	696	42	733	0.0	981
NOEMGP_22640	JIBNCO_01295	37.5	694	422	5	4	686	37	729	3.83e-159	473
NOEMGP_22660	ANOIGO_11635	41.3	567	325	5	1	567	1	559	8.04e-151	442
NOEMGP_22665	LPAOAJ_11445	62.5	248	93	0	1	248	21	268	2.65e-113	328
NOEMGP_22670	JHIMFH_02745	40.6	217	121	6	10	223	20	231	1.19e-46	150
NOEMGP_22695	MFKGBO_06890	33.5	313	200	2	1	313	2	306	7.56e-55	177
NOEMGP_22695	DNHLFN_07150	31.7	322	192	6	1	314	2	303	1.56e-44	150
NOEMGP_22700	JIBABB_11530	43.4	258	146	0	4	261	76	333	5.94e-70	215
NOEMGP_22710	NEEMKD_13085	43.6	225	121	4	378	596	1	225	1.92e-48	165
NOEMGP_22725	CGFENC_13365	41.2	272	151	4	6	273	59	325	6.30e-49	162
NOEMGP_22730	GCDEGP_08150	65.4	269	93	0	2	270	129	397	2.98e-116	336
