KMAKEL_00005	EAGKMD_04415	61.1	396	152	2	3	397	8	402	4.47e-172	484
KMAKEL_00035	IDAAGF_01625	53.4	481	200	9	3	475	277	741	5.02e-175	506
KMAKEL_00060	HPMMNG_01440	72.4	156	43	0	1	156	137	292	6.11e-88	255
KMAKEL_00080	LMAAGL_07260	42.3	208	119	1	6	213	3	209	6.55e-52	167
KMAKEL_00090	GEHMID_04080	37.6	234	132	5	1	229	1	225	1.92e-46	150
KMAKEL_00145	HMNLEO_03150	48.6	393	175	2	41	406	59	451	7.71e-127	370
KMAKEL_00145	MKABCP_10815	32.5	382	219	13	40	409	30	384	2.44e-44	155
KMAKEL_00160	PMOLLI_08705	38.9	252	139	4	1	244	48	292	6.21e-51	166
KMAKEL_00170	GBFPPP_02610	62.5	352	122	3	1	344	54	403	1.51e-155	439
KMAKEL_00175	MKABCP_10815	44.2	353	186	7	45	395	38	381	1.06e-89	273
KMAKEL_00180	KHMKPO_15140	34.9	498	322	1	35	532	26	521	1.79e-106	325
KMAKEL_00180	PHMEJC_20060	33.0	461	294	8	80	532	83	536	2.88e-76	246
KMAKEL_00190	GLAJCN_12950	67.6	870	282	0	1	870	1	870	0.0	1154
KMAKEL_00195	PHMEJC_03885	77.5	409	90	2	1	409	65	471	7.57e-241	660
KMAKEL_00230	KKGKIC_00675	64.6	178	59	3	1	175	1	177	2.76e-75	220
KMAKEL_00235	NJKLPJ_06960	73.5	446	117	1	1	445	42	487	6.45e-239	657
KMAKEL_00235	ODHFDB_02170	30.6	389	236	6	5	363	7	391	8.44e-48	168
KMAKEL_00245	ODHFDB_03390	54.8	199	88	1	3	199	4	202	4.56e-70	209
KMAKEL_00255	GLACJI_08370	46.4	295	155	2	1	293	1	294	8.22e-83	248
KMAKEL_00260	JPFHKD_11655	53.9	607	251	5	1	579	7	612	4.54e-224	630
KMAKEL_00265	IMJCGK_11625	58.1	515	214	2	1	514	1	514	4.24e-220	614
KMAKEL_00265	OBHJLJ_05995	33.5	532	313	9	3	507	4	521	1.78e-82	266
KMAKEL_00265	LJALIN_17780	29.7	519	336	7	3	507	50	553	2.57e-70	232
KMAKEL_00265	EHHHNJ_03925	27.5	513	321	9	3	508	3	471	7.98e-55	190
KMAKEL_00270	GNBNBP_18980	39.2	451	250	5	4	443	2	439	5.80e-109	327
KMAKEL_00275	OJBOFE_06605	44.1	814	429	7	8	800	81	889	6.02e-250	715
KMAKEL_00275	GMHKEG_05155	25.0	836	387	31	6	732	12	716	1.12e-51	190
KMAKEL_00280	FKJBDL_04740	65.1	688	240	0	1	688	42	729	0.0	915
KMAKEL_00280	JIBNCO_01295	35.7	695	429	7	4	682	37	729	1.96e-155	464
KMAKEL_00285	PFKIPP_17705	52.9	365	166	4	3	363	5	367	2.75e-127	366
KMAKEL_00290	FMAOBM_01890	64.8	435	139	3	2	422	5	439	3.94e-197	549
KMAKEL_00315	KMMJBO_08230	68.0	338	108	0	1	338	1	338	1.71e-173	484
KMAKEL_00320	FMAOBM_02935	62.0	245	87	3	1	239	1	245	2.57e-107	307
KMAKEL_00340	FLKHEJ_00860	50.2	448	212	7	3	449	2	439	1.89e-140	406
KMAKEL_00360	MGCPIK_11245	48.0	227	118	0	336	562	45	271	1.04e-67	218
KMAKEL_00360	JAFONP_12205	28.5	544	379	7	30	568	66	604	2.18e-62	213
KMAKEL_00360	OEDLLD_08805	42.8	285	159	3	291	571	442	726	3.53e-60	209
KMAKEL_00360	KAJCKN_09590	39.3	252	150	1	322	570	320	571	9.04e-55	191
KMAKEL_00360	NDBPJJ_01855	27.5	466	325	4	86	538	96	561	1.88e-44	162
KMAKEL_00360	KMMJBO_11065	34.2	228	148	1	336	561	370	597	1.10e-40	152
KMAKEL_00365	MGCPIK_11245	50.7	278	136	1	302	579	6	282	2.02e-92	282
KMAKEL_00365	KAJCKN_09590	27.4	547	368	11	43	573	35	568	5.19e-56	194
KMAKEL_00365	OEDLLD_08805	32.9	377	244	5	205	575	351	724	9.21e-55	194
KMAKEL_00370	NEEMKD_10235	27.3	513	319	12	10	474	6	512	4.38e-48	174
KMAKEL_00405	LKEOCB_12235	44.7	313	173	0	2	314	4	316	9.22e-90	271
KMAKEL_00410	GFNANP_05010	58.9	304	125	0	3	306	235	538	2.83e-116	342
KMAKEL_00415	MJOLHA_01865	48.5	1202	578	9	1	1181	1	1182	4.33e-283	825
KMAKEL_00420	OKHOCL_01060	47.2	229	110	3	3	227	2	223	2.34e-59	183
KMAKEL_00430	DKAAEG_11885	43.1	334	183	4	5	333	1	332	1.37e-85	259
KMAKEL_00435	EHHHNJ_03925	50.9	603	279	5	3	600	3	593	3.01e-204	580
KMAKEL_00435	OBHJLJ_05995	31.8	544	308	9	3	489	4	541	5.23e-78	256
KMAKEL_00435	LJALIN_17780	30.6	545	309	12	4	494	51	580	1.44e-70	235
KMAKEL_00435	IMJCGK_11625	27.4	521	319	8	1	472	1	511	3.85e-58	199
KMAKEL_00460	NGIBDE_08595	37.3	429	268	1	13	441	51	478	1.31e-90	280
KMAKEL_00460	DIFDMH_04115	33.9	442	282	6	1	438	1	436	2.82e-78	247
KMAKEL_00460	ADMHII_00410	48.6	208	105	2	1	207	1	207	8.38e-59	188
KMAKEL_00460	OMINCF_06730	35.2	332	210	3	10	339	5	333	1.99e-50	173
KMAKEL_00475	MFPDBE_04580	55.6	396	172	3	30	424	1	393	3.55e-158	448
KMAKEL_00480	CAHMJP_02730	44.3	332	167	4	12	329	13	340	1.55e-78	240
KMAKEL_00485	GLCPEN_06100	33.6	443	224	11	1	433	1	383	1.42e-58	194
KMAKEL_00520	GCDEGP_08150	32.3	288	194	1	26	313	97	383	2.87e-43	150
KMAKEL_00530	GKMFOG_13490	90.3	454	44	0	1	454	25	478	5.82e-291	789
KMAKEL_00540	AOOCMJ_18300	40.1	237	133	4	2	236	3	232	3.19e-58	182
KMAKEL_00545	HOPKHH_07065	42.3	189	109	0	2	190	1	189	1.13e-50	159
KMAKEL_00550	CFMBFO_09915	57.2	1004	322	7	3	917	2	986	0.0	1038
KMAKEL_00560	ACCPON_01955	55.2	620	263	5	9	621	4	615	3.71e-222	629
KMAKEL_00585	KIFOBE_03875	61.6	417	158	2	3	419	2	416	2.34e-200	556
KMAKEL_00590	ACEIHE_11980	36.8	299	158	8	15	290	19	309	2.82e-48	159
KMAKEL_00595	GAOLHI_00175	43.0	316	174	2	1	313	1	313	2.27e-73	225
KMAKEL_00600	NMDBHH_02165	54.7	424	130	3	1	362	1	424	2.67e-154	437
KMAKEL_00600	MPNMPI_02470	41.5	354	195	4	7	350	6	357	3.76e-86	261
KMAKEL_00605	FHGONL_11640	45.6	355	187	4	1	355	1	349	1.30e-103	305
KMAKEL_00610	KJBCNO_05935	46.7	420	208	3	1	418	1	406	2.22e-125	365
KMAKEL_00615	KAEPKB_01145	76.5	327	77	0	1	327	13	339	1.25e-188	519
KMAKEL_00620	NLFOCH_03850	48.5	493	245	3	1	492	1	485	3.40e-158	455
KMAKEL_00625	KEIMNK_01000	68.7	291	85	1	4	294	154	438	1.13e-138	395
KMAKEL_00625	NGNBGJ_13300	42.6	249	131	4	6	248	5	247	1.00e-53	174
KMAKEL_00650	JOFPOO_08530	50.4	228	111	1	3	230	4	229	8.58e-78	230
KMAKEL_00655	IDBFDI_13260	46.6	509	267	4	16	521	389	895	2.18e-136	413
KMAKEL_00660	ANENGB_04395	47.4	215	112	1	1	214	1	215	1.28e-68	206
KMAKEL_00665	FCCLFG_10765	38.9	445	251	5	15	445	5	442	2.04e-90	278
KMAKEL_00680	DELOGM_13735	45.4	196	106	1	5	199	3	198	4.17e-60	183
KMAKEL_00690	CCLBIH_12445	35.3	292	154	5	3	283	6	273	5.57e-51	165
KMAKEL_00690	MKDNFB_08610	31.5	298	170	5	1	288	1	274	2.86e-45	150
KMAKEL_00695	OCDBMN_13345	32.5	418	258	5	14	407	14	431	5.73e-66	215
KMAKEL_00705	BDKJEH_01155	55.0	231	104	0	5	235	4	234	4.09e-81	251
KMAKEL_00710	OPBKNC_03935	52.0	342	163	1	1	342	31	371	7.30e-127	365
KMAKEL_00715	BLDCGJ_09585	46.5	318	155	5	6	315	1	311	4.39e-90	268
KMAKEL_00720	NPKNPB_10680	34.0	500	253	11	6	445	5	487	2.08e-83	262
KMAKEL_00725	HNFKHH_07575	40.0	422	219	6	258	677	3	392	9.23e-93	290
KMAKEL_00725	HIADJD_26315	45.1	257	122	2	4	241	11	267	1.73e-61	203
KMAKEL_00740	MOBKGA_09500	61.8	249	86	1	1	249	1	240	2.49e-106	304
KMAKEL_00745	JPDGNJ_11930	58.2	373	156	0	3	375	5	377	3.85e-154	442
KMAKEL_00750	OAOAHE_06260	38.7	444	272	0	3	446	38	481	2.06e-101	307
KMAKEL_00755	BKMNND_09895	48.8	293	142	4	1	288	1	290	6.18e-92	272
KMAKEL_00760	FPHNOE_08970	51.4	255	123	1	1	254	1	255	1.14e-86	254
KMAKEL_00765	MPNMPI_05465	50.8	368	179	2	6	372	2	368	4.73e-125	363
KMAKEL_00775	GKLHFB_16435	46.4	181	95	2	7	186	9	188	5.80e-54	166
KMAKEL_00800	PENENA_05520	39.1	340	195	7	1	338	1	330	5.83e-60	194
KMAKEL_00805	HGOKLA_19650	48.8	207	99	3	5	204	24	230	4.32e-57	176
KMAKEL_00810	PIPLNM_21055	46.9	461	239	4	1	456	3	462	6.89e-148	426
KMAKEL_00815	OLKGPM_10185	54.1	209	90	4	4	210	6	210	1.22e-70	211
KMAKEL_00840	FOLEJH_19415	69.1	327	98	2	4	330	3	326	1.05e-164	459
KMAKEL_00845	OHKOAG_01070	52.5	160	75	1	1	159	1	160	3.50e-58	175
KMAKEL_00855	CIIHGC_02750	43.9	321	173	2	1	314	1	321	7.33e-88	262
KMAKEL_00865	PKNFGM_01310	56.9	457	160	2	2	421	7	463	2.02e-184	518
KMAKEL_00880	FPHNOE_03040	65.4	266	92	0	1	266	26	291	4.27e-133	374
KMAKEL_00890	FOHGMI_00905	41.5	193	101	3	1	182	69	260	3.46e-47	151
KMAKEL_00945	LLPFOP_07715	72.9	133	35	1	1	132	21	153	1.43e-66	195
KMAKEL_01095	MLIPEK_10095	43.1	401	211	4	4	401	3	389	1.88e-117	344
KMAKEL_01100	DELOGM_05665	52.9	478	220	3	1	478	1	473	3.94e-178	504
KMAKEL_01105	BCPHIN_09760	49.2	476	240	2	1	476	1	474	1.97e-158	455
KMAKEL_01115	NGIBDE_03660	66.6	443	148	0	1	443	62	504	3.54e-223	618
KMAKEL_01165	PPECAL_07255	54.4	544	189	6	1	492	1	537	1.03e-196	555
KMAKEL_01165	KKMOGI_12335	30.7	482	298	11	11	489	6	454	8.50e-58	194
KMAKEL_01165	PFNDEF_04205	30.6	422	262	10	65	484	364	756	3.72e-40	150
KMAKEL_01170	EDPPFC_06940	45.6	1484	768	16	11	1481	9	1465	0.0	1226
KMAKEL_01175	LLPFOP_13100	69.7	531	161	0	3	533	57	587	1.53e-278	766
KMAKEL_01185	JMCFPI_01740	57.3	459	191	3	4	461	5	459	1.46e-193	543
KMAKEL_01185	MGNIFA_13410	29.4	395	262	7	9	400	21	401	7.30e-49	171
KMAKEL_01190	JLJJEA_09515	52.9	333	154	2	367	699	1	330	1.86e-107	326
KMAKEL_01195	OIDBIB_02930	57.9	584	212	10	6	570	65	633	1.16e-215	609
KMAKEL_01245	HALNJM_06110	41.6	209	118	2	9	213	7	215	4.24e-58	179
KMAKEL_01260	FFOFOD_03260	53.0	398	186	1	3	400	1	397	3.02e-145	415
KMAKEL_01280	GKLKJE_13615	74.4	336	80	1	1	330	1	336	1.32e-176	489
KMAKEL_01285	FBNFHD_02190	81.3	230	43	0	1	230	47	276	8.92e-137	381
KMAKEL_01295	AEPIDE_14725	56.4	220	96	0	2	221	3	222	7.48e-85	249
KMAKEL_01300	NMDBHH_21210	68.2	716	206	4	1	715	1	695	0.0	931
KMAKEL_01300	NKCJOK_06160	30.1	671	394	17	1	666	19	619	2.44e-94	306
KMAKEL_01310	BLJAJM_02075	53.3	304	138	3	42	342	1	303	8.53e-112	324
KMAKEL_01320	HEEEIG_03320	61.2	363	137	1	3	361	2	364	2.17e-157	442
KMAKEL_01325	KIBBKD_08070	76.1	456	109	0	1	456	1	456	1.15e-260	713
KMAKEL_01330	JFOKOO_03005	48.0	200	98	2	1	200	1	194	5.54e-58	177
KMAKEL_01335	IHMAMP_18595	38.0	292	174	6	1	285	2	293	5.67e-61	192
KMAKEL_01350	OODMEK_16380	46.8	250	127	3	4	251	1	246	3.25e-70	213
KMAKEL_01355	PHBJAG_09105	43.8	251	141	0	11	261	55	305	1.97e-65	202
KMAKEL_01360	NHIAMB_19525	36.2	423	253	7	3	409	116	537	2.66e-82	258
KMAKEL_01360	MDIEPL_13060	36.6	413	242	8	18	410	109	521	7.61e-81	254
KMAKEL_01370	DNBNEF_09455	43.5	437	244	2	49	483	2	437	4.32e-112	335
KMAKEL_01370	JEKOGE_06050	29.0	414	279	9	63	467	15	422	2.57e-45	161
KMAKEL_01390	EGMGCA_09000	56.5	416	158	4	1	393	1	416	5.35e-169	475
KMAKEL_01400	NIMMDJ_02025	57.6	363	118	7	4	336	5	361	1.57e-141	402
KMAKEL_01405	OKHOCL_06130	52.7	311	114	7	1	311	1	278	7.70e-98	286
KMAKEL_01425	IJCGKP_02285	61.8	251	96	0	1	251	26	276	5.54e-112	320
KMAKEL_01430	IJGGGM_15885	51.7	443	204	3	1	442	1	434	1.09e-150	432
KMAKEL_01430	AADGFO_06055	42.6	451	249	4	2	443	25	474	2.18e-121	377
KMAKEL_01445	CAGOKC_07305	53.9	232	107	0	4	235	5	236	1.11e-89	261
KMAKEL_01455	JIDGJJ_02675	78.2	463	99	1	2	464	68	528	1.86e-281	768
KMAKEL_01460	HFMJLE_01065	41.7	247	137	3	1	246	1	241	6.43e-59	183
KMAKEL_01465	IMLPOL_01605	48.1	297	146	3	6	298	2	294	7.34e-94	276
KMAKEL_01470	OJKFBE_14620	55.9	1006	405	3	5	971	5	1010	0.0	1133
KMAKEL_01480	IFHDGK_04315	68.9	370	110	2	2	366	264	633	6.25e-190	536
KMAKEL_01485	DKDGNM_16825	43.2	535	269	8	7	508	6	538	7.92e-129	382
KMAKEL_01485	OJKFBE_03005	27.0	466	305	12	3	453	55	500	9.97e-43	156
KMAKEL_01490	NPCMJE_01930	52.2	180	81	3	5	179	14	193	7.65e-65	194
KMAKEL_01495	KNCOJD_04640	30.3	704	371	19	12	620	77	755	1.02e-102	325
KMAKEL_01500	GMHKEG_18370	45.3	254	133	3	1	251	1	251	3.04e-82	243
KMAKEL_01535	ODKGDC_12345	52.8	693	319	5	2	691	43	730	4.08e-244	692
KMAKEL_01545	FIPDDK_01965	33.5	284	178	2	15	287	14	297	2.53e-56	180
KMAKEL_01550	NNFGHE_08485	41.3	286	158	5	2	280	10	292	2.07e-63	199
KMAKEL_01555	GANHPB_03080	50.8	317	154	1	1	315	1	317	3.25e-112	325
KMAKEL_01565	CIIHGC_05040	79.1	585	120	1	359	941	266	850	3.58e-318	893
KMAKEL_01580	BKEOOB_09970	60.7	338	133	0	8	345	9	346	2.03e-136	395
KMAKEL_01590	CIIHGC_05655	66.8	678	220	2	6	678	3	680	0.0	899
KMAKEL_01590	GJDIKO_00030	39.3	713	394	11	1	698	1	689	1.10e-160	481
KMAKEL_01590	EHJFJN_05890	30.6	725	451	19	15	725	7	693	1.31e-85	282
KMAKEL_01595	IDJOEI_11860	45.1	750	290	15	2	641	10	747	1.18e-194	563
KMAKEL_01595	NLLOJM_03475	32.6	657	413	11	1	633	1	651	7.02e-104	326
KMAKEL_01605	LKEOCB_02700	50.5	666	309	6	9	674	4	648	2.26e-215	616
KMAKEL_01605	NIIHOH_06385	37.4	709	415	12	7	708	48	734	1.58e-145	440
KMAKEL_01615	IMLPOL_12395	35.0	329	196	5	103	430	82	393	2.79e-56	187
KMAKEL_01620	EEOPDA_00685	50.1	377	187	1	1	376	1	377	9.27e-124	358
KMAKEL_01625	PJAAIO_03310	36.9	428	267	3	1	427	1	426	2.49e-95	289
KMAKEL_01635	EBLBNC_05495	73.1	301	81	0	1	301	30	330	1.34e-159	447
KMAKEL_01650	PNDHNJ_00120	60.0	552	220	1	4	555	34	584	2.21e-239	667
KMAKEL_01660	DEAMOH_08025	45.0	211	97	2	3	194	8	218	1.23e-55	175
KMAKEL_01665	OPOMOC_16115	54.6	273	122	2	104	374	70	342	6.75e-91	273
KMAKEL_01670	MKBKLI_00520	43.2	324	172	5	1	322	1	314	1.37e-84	263
KMAKEL_01675	HDOCPC_01655	62.5	333	125	0	1	333	41	373	4.35e-150	423
KMAKEL_01685	ICHLBC_08475	44.2	414	210	8	20	421	8	412	1.46e-99	310
KMAKEL_01715	KDFPIB_00630	47.8	454	211	5	1	430	1	452	4.22e-135	392
KMAKEL_01720	DKDGNM_00610	55.6	268	118	1	101	367	1	268	5.23e-96	284
KMAKEL_01730	JFOKOO_05605	43.6	234	124	3	1	233	4	230	1.09e-63	194
KMAKEL_01735	FIODKN_03895	74.5	184	46	1	1	183	24	207	4.81e-92	263
KMAKEL_01740	ANAEHF_04215	44.8	230	126	1	2	230	5	234	1.47e-68	207
KMAKEL_01760	GKNBCF_07930	46.2	411	216	4	254	661	46	454	6.72e-110	338
KMAKEL_01770	OKHOCL_06405	51.5	433	184	7	7	434	3	414	8.77e-136	393
KMAKEL_01785	EDPPFC_05720	48.5	239	121	2	4	242	5	241	4.17e-73	219
KMAKEL_01790	OGGMNN_12325	47.3	222	110	2	1	222	1	215	1.75e-64	196
KMAKEL_01795	GHIDNG_09660	53.6	220	101	1	1	219	1	220	6.51e-76	224
KMAKEL_01810	EBFHBG_25625	52.9	327	152	2	341	665	3	329	5.10e-108	334
KMAKEL_01820	FJNPIC_01630	56.8	227	92	2	5	226	15	240	5.68e-85	249
KMAKEL_01825	IAJJHN_03140	56.9	318	135	2	6	322	5	321	5.09e-126	360
KMAKEL_01850	KOJDON_10340	40.8	201	117	2	8	207	3	202	3.47e-50	159
KMAKEL_01965	INCKOO_06225	52.9	225	102	1	4	228	11	231	4.09e-78	239
KMAKEL_01965	LPCGND_12240	32.4	466	288	10	3	458	15	463	3.29e-70	228
KMAKEL_01975	JCMKKN_07565	53.1	450	208	2	6	455	5	451	2.74e-165	470
KMAKEL_01985	BDLLLF_08695	48.7	783	385	9	39	817	176	945	1.30e-239	692
KMAKEL_02005	AEGBGH_02400	48.3	422	212	4	3	423	25	441	3.05e-135	392
KMAKEL_02015	AEGBGH_02380	46.7	338	174	4	3	340	9	340	6.24e-101	297
KMAKEL_02025	AKJKEO_08460	57.6	677	282	2	3	674	66	742	3.42e-279	780
KMAKEL_02055	APAIPM_14090	52.6	312	91	3	4	262	3	310	2.30e-108	312
KMAKEL_02060	OKHOCL_06685	49.7	306	146	3	1	305	1	299	9.69e-104	302
KMAKEL_02065	OKHOCL_06690	42.2	424	234	6	3	424	3	417	3.37e-110	327
KMAKEL_02065	KPFMEK_26910	40.3	427	221	9	1	427	33	425	2.16e-99	300
KMAKEL_02080	AEPIDE_09480	49.1	287	137	3	1	279	1	286	1.05e-88	262
KMAKEL_02095	PPPHGA_13235	62.1	742	221	8	1	690	1	734	1.39e-317	877
KMAKEL_02095	ENNKMM_10645	29.1	467	261	10	12	457	63	480	5.70e-57	201
KMAKEL_02115	CIIHGC_07795	40.5	215	127	1	2	215	206	420	1.87e-57	184
KMAKEL_02115	APDHGK_13705	35.5	214	137	1	1	214	1	213	2.35e-47	152
KMAKEL_02120	CIIHGC_07795	54.4	193	86	2	4	195	4	195	2.02e-58	185
KMAKEL_02130	JFOKOO_01880	54.1	542	241	5	9	550	6	539	2.72e-210	592
KMAKEL_02145	MPNMPI_08090	41.0	244	141	1	5	245	4	247	2.35e-66	202
KMAKEL_02155	KMGACI_09375	54.7	468	201	5	1	465	8	467	9.65e-171	485
KMAKEL_02155	PDHKAH_02565	38.2	490	256	11	3	467	5	472	3.41e-91	281
KMAKEL_02160	JLNLFB_04605	57.0	158	68	0	1	158	231	388	3.77e-57	179
KMAKEL_02175	PBNOEJ_00970	45.2	850	383	11	13	783	1	846	6.08e-254	723
KMAKEL_02180	BEIPKJ_08610	62.2	437	161	1	3	435	4	440	2.11e-192	538
KMAKEL_02185	FKJBDL_02810	60.3	219	87	0	4	222	20	238	2.16e-93	271
KMAKEL_02200	NEEMKD_10235	52.7	243	114	1	47	288	650	892	3.12e-80	257
KMAKEL_02205	NEEMKD_10235	55.5	568	222	5	6	573	6	542	6.23e-208	601
KMAKEL_02270	KMFKPJ_12195	44.2	276	138	4	1	271	1	265	8.09e-65	209
KMAKEL_02325	FIGKOO_03390	42.4	498	232	2	1	443	1	498	4.08e-115	343
KMAKEL_02330	GFMNBM_06415	64.9	245	86	0	1	245	51	295	9.71e-112	320
KMAKEL_02340	LJOEIG_03945	47.8	268	140	0	116	383	8	275	4.86e-93	277
KMAKEL_02345	EPEMNJ_10385	49.5	481	226	2	1	465	1	480	1.33e-171	488
KMAKEL_02360	CCDOAK_00015	38.1	506	288	8	3	494	27	521	8.56e-106	322
KMAKEL_02360	IOBNAI_13140	56.7	203	83	1	283	485	1	198	8.20e-73	226
KMAKEL_02360	MIKFNA_15845	43.8	217	113	3	281	495	23	232	6.02e-49	165
KMAKEL_02375	OEKCMO_04465	31.4	563	338	11	49	595	59	589	6.07e-79	257
KMAKEL_02390	NNINDC_02165	51.9	588	273	7	13	598	4	583	3.54e-212	600
KMAKEL_02405	LEJEEC_08915	46.6	373	196	2	1	373	1	370	7.08e-119	346
KMAKEL_02405	MAHJHN_05475	33.5	388	229	7	16	377	473	857	1.99e-65	219
KMAKEL_02405	HAFNKM_08490	27.5	385	237	7	11	373	12	376	2.24e-49	167
KMAKEL_02405	OLKGPM_09705	32.3	322	194	5	26	334	47	357	5.67e-46	164
KMAKEL_02415	ADAMEB_04310	73.6	182	48	0	1	182	1	182	5.41e-90	257
KMAKEL_02430	DELOGM_14325	48.4	186	94	2	29	213	6	190	1.83e-52	164
KMAKEL_02460	ELNOCH_15095	83.6	207	33	1	256	462	2	207	2.12e-124	357
KMAKEL_02460	MAHJHN_05475	34.0	359	212	8	75	417	54	403	6.38e-59	204
KMAKEL_02465	JAPGFK_07315	52.3	193	91	1	2	194	1	192	4.22e-66	202
KMAKEL_02525	HJMBIE_16980	70.9	326	93	1	3	328	34	357	2.58e-162	453
KMAKEL_02535	KAEPKB_12610	47.4	274	141	2	1	271	1	274	7.68e-92	270
KMAKEL_02540	PPCHMH_10200	57.0	135	53	2	1	135	1	130	2.42e-49	150
KMAKEL_02545	HJMBIE_06540	48.5	169	84	2	3	169	4	171	2.18e-53	164
KMAKEL_02550	NDEOOA_10895	50.8	392	187	4	10	396	15	405	1.19e-132	383
KMAKEL_02565	KMEKFL_12295	60.7	191	68	2	1	184	21	211	1.29e-69	207
KMAKEL_02675	KOJDON_10340	41.3	201	117	1	8	208	3	202	7.72e-52	163
KMAKEL_02730	OBHHPC_06125	55.8	154	68	0	31	184	2	155	2.06e-55	184
KMAKEL_02785	JHLGGO_06350	50.4	246	120	1	28	273	35	278	5.83e-76	238
KMAKEL_02830	CPJNAH_07045	48.8	640	230	10	1	558	1	624	1.07e-200	570
KMAKEL_02835	ICGKAE_07920	58.7	315	127	1	1	312	1	315	6.65e-136	386
KMAKEL_02850	IDNIFB_15035	47.7	796	409	4	1	792	1	793	5.22e-233	668
KMAKEL_02855	MCPLNH_08930	41.1	224	122	4	7	227	4	220	3.04e-51	162
KMAKEL_02855	GEHMID_04080	35.2	233	136	4	6	232	3	226	2.99e-46	150
KMAKEL_02860	GANHPB_00400	45.0	464	252	3	4	466	3	464	1.71e-121	359
KMAKEL_02865	ANJGBN_13520	46.9	556	287	4	12	564	45	595	1.39e-173	501
KMAKEL_02870	CFELJI_13365	49.2	590	296	3	66	654	2	588	1.78e-193	555
KMAKEL_02875	KHMKPO_15115	49.2	177	90	0	5	181	6	182	9.52e-63	189
KMAKEL_02880	PPBGAG_04970	63.6	154	53	2	4	154	2	155	1.92e-66	196
KMAKEL_02895	FIODKN_16670	54.0	617	213	7	1	550	1	613	2.16e-222	625
KMAKEL_02900	DCEEMK_00265	78.8	99	21	0	1	99	1	99	1.52e-55	164
KMAKEL_02910	LMHIPG_08860	55.0	407	170	3	4	399	17	421	2.34e-150	429
KMAKEL_02920	JCFJEP_06495	64.4	705	245	3	8	706	44	748	0.0	922
KMAKEL_02930	OEKCMO_04465	38.0	234	143	2	350	582	357	589	5.39e-40	150
KMAKEL_02950	MDMJGO_07865	46.5	391	201	6	1	390	1	384	2.95e-114	335
KMAKEL_02950	EEOPDA_04385	39.7	368	209	7	1	364	1	359	6.56e-82	252
KMAKEL_02960	MDIEPL_13060	67.4	426	137	2	1	425	95	519	5.28e-213	592
KMAKEL_02960	NHIAMB_19525	44.7	432	229	6	1	425	108	536	2.73e-122	362
KMAKEL_02980	MGCPIK_04525	64.1	396	132	3	6	394	9	401	2.23e-186	519
KMAKEL_02985	KIDMEI_02510	76.7	236	54	1	1	236	1	235	1.66e-136	379
KMAKEL_02990	AIGKOF_03855	59.4	165	64	1	108	269	70	234	1.08e-70	214
KMAKEL_02995	HHJGNO_12810	83.0	200	34	0	113	312	1	200	5.50e-108	316
KMAKEL_03005	BKGFAN_12710	69.8	526	158	1	1	525	1	526	1.41e-246	683
KMAKEL_03015	PJAAIO_08660	52.1	259	115	5	1	253	1	256	4.02e-74	223
KMAKEL_03020	NKDPLI_06995	49.8	689	332	5	5	679	6	694	9.28e-226	660
KMAKEL_03025	PGPAMD_08360	44.3	210	116	1	22	231	10	218	1.18e-48	160
KMAKEL_03030	EKIEJL_17310	42.1	499	285	3	10	507	10	505	5.31e-136	399
KMAKEL_03045	MGNIFA_13410	72.1	473	125	3	1	471	19	486	2.35e-264	723
KMAKEL_03045	JMCFPI_01740	30.2	480	284	13	3	469	10	451	5.30e-58	194
KMAKEL_03050	PDFOOG_00510	45.5	649	343	4	4	648	11	652	1.22e-200	575
KMAKEL_03055	HAAAJJ_06910	59.8	1267	470	11	252	1490	441	1696	0.0	1507
KMAKEL_03060	AEGBGH_05720	47.0	336	172	3	9	342	5	336	1.67e-100	297
KMAKEL_03065	MGCPIK_09490	57.8	377	157	2	4	378	43	419	2.03e-139	400
KMAKEL_03070	NIIHOH_18445	48.2	307	136	2	135	429	217	512	5.96e-88	273
KMAKEL_03075	LAPOAN_06745	82.0	339	61	0	3	341	32	370	1.94e-217	594
KMAKEL_03075	AMEFKB_00185	34.8	336	205	9	10	336	19	349	1.74e-55	181
KMAKEL_03085	CHFKLB_10885	75.9	282	68	0	1	282	7	288	7.57e-173	475
KMAKEL_03100	DPDMEB_15410	52.7	543	239	12	21	558	2	531	1.32e-199	564
KMAKEL_03110	DPDMEB_15410	40.3	523	295	10	21	534	2	516	4.53e-120	361
KMAKEL_03150	FFOFOD_03260	53.0	398	186	1	3	400	1	397	3.02e-145	415
KMAKEL_03165	PAMFFB_11460	40.9	259	148	4	6	261	47	303	1.85e-57	189
KMAKEL_03185	OMINCF_07275	34.8	302	187	4	6	302	9	305	3.21e-58	186
KMAKEL_03220	DNHLFN_17855	50.2	263	127	1	34	292	66	328	1.27e-56	183
KMAKEL_03235	NIIHOH_06385	42.1	672	380	6	16	685	52	716	2.48e-180	529
KMAKEL_03235	LKEOCB_02700	36.4	656	397	6	18	669	8	647	3.28e-132	402
KMAKEL_03240	JKJAJN_07080	49.3	288	142	2	32	319	7	290	3.77e-90	267
KMAKEL_03250	KEIMNK_00130	73.0	459	124	0	11	469	39	497	6.92e-243	669
KMAKEL_03255	FKNOEG_02840	37.7	284	163	4	4	286	2	272	2.67e-57	181
KMAKEL_03255	OBHHPC_05035	37.9	293	162	7	8	286	12	298	1.67e-52	170
KMAKEL_03260	FFLAPM_17200	41.9	296	155	3	61	349	28	313	1.47e-63	201
KMAKEL_03270	JIBNCO_04780	54.2	190	86	1	11	200	95	283	1.29e-63	195
KMAKEL_03275	OGFFFB_05795	57.7	390	165	0	1	390	36	425	2.53e-161	456
KMAKEL_03295	FHGONL_08930	45.2	389	203	2	2	381	6	393	1.13e-120	354
KMAKEL_03350	OHPCOF_10190	43.5	402	224	3	5	403	6	407	6.44e-115	338
KMAKEL_03375	OEKCMO_04465	29.3	410	261	9	190	582	193	590	1.51e-43	160
KMAKEL_03410	CJHDOF_01680	70.7	287	82	1	1	287	1	285	2.10e-145	406
KMAKEL_03420	CJHDOF_00045	46.5	692	345	9	25	696	12	698	1.26e-230	656
KMAKEL_03425	ACCPON_01955	48.7	515	245	6	91	601	98	597	1.48e-158	466
KMAKEL_03435	GKEJOP_10070	31.9	486	297	8	1	478	1	460	3.66e-70	227
KMAKEL_03475	ANOIGO_10885	37.7	435	222	6	3	437	1	386	7.00e-74	233
KMAKEL_03480	LMBKNE_04610	79.1	479	98	1	1	479	75	551	8.64e-292	795
KMAKEL_03495	ANAEHF_00370	47.0	251	116	2	8	241	26	276	1.65e-68	213
KMAKEL_03535	HIHCLH_11620	43.8	265	114	5	1	237	1	258	3.99e-57	179
KMAKEL_03545	KAJHEE_23195	63.8	320	115	1	7	326	17	335	1.31e-137	390
KMAKEL_03555	CCDOAK_00015	42.3	508	272	7	5	501	28	525	6.06e-118	354
KMAKEL_03560	EHJMKI_04105	85.7	392	54	1	1	392	58	447	1.06e-253	691
KMAKEL_03575	BGMBNC_07920	49.0	429	215	2	10	437	12	437	9.55e-141	407
KMAKEL_03585	KAIHOP_08130	52.0	683	324	3	3	683	4	684	5.49e-264	739
KMAKEL_03610	IBDNDD_05395	52.3	237	110	3	5	238	4	240	1.86e-79	235
KMAKEL_03620	ENPFGE_09215	43.1	274	152	2	1	272	6	277	1.13e-70	229
KMAKEL_03625	LEGHLG_09460	43.6	390	161	5	12	400	101	432	1.21e-102	308
KMAKEL_03635	JAFONP_12205	34.3	574	365	5	2	571	36	601	2.10e-100	313
KMAKEL_03635	OEDLLD_08805	33.7	519	337	3	57	572	207	721	3.57e-94	300
KMAKEL_03635	KAJCKN_09590	32.0	497	313	6	87	571	83	566	7.24e-76	248
KMAKEL_03635	MGCPIK_11245	47.4	232	120	1	340	571	45	274	3.25e-63	206
KMAKEL_03635	KMMJBO_11065	24.1	615	406	7	4	571	1	601	1.63e-54	191
KMAKEL_03635	NDBPJJ_01855	27.7	516	347	10	46	544	55	561	1.93e-49	176
KMAKEL_03640	AHFGAK_17940	48.5	406	201	6	5	407	3	403	2.35e-123	360
KMAKEL_03645	FKEMDL_11265	44.2	423	229	3	15	437	10	425	4.08e-112	333
KMAKEL_03655	BCNBMK_19470	45.9	244	127	3	1	240	1	243	2.21e-73	221
KMAKEL_03680	ONBPBO_06850	45.0	436	208	8	1	413	1	427	8.96e-114	340
KMAKEL_03755	NIJAON_03930	45.3	289	144	4	6	282	5	291	1.79e-84	251
KMAKEL_03825	OEDLLD_08805	28.5	484	312	11	230	693	247	716	8.61e-45	167
KMAKEL_03850	LMAAGL_07260	41.3	206	120	1	5	210	3	207	5.01e-51	165
KMAKEL_03860	FPMAMI_13105	37.5	224	137	2	5	227	3	224	2.08e-49	157
KMAKEL_03875	FFOFOD_03260	51.8	392	188	1	19	410	2	392	1.38e-140	404
KMAKEL_04010	LMAAGL_07260	46.9	209	105	4	7	211	3	209	3.90e-57	181
KMAKEL_04040	OBHHPC_06125	50.8	317	151	5	327	640	439	753	2.12e-86	284
KMAKEL_04095	PPPHGA_25390	33.3	777	388	8	10	667	7	772	7.64e-132	403
KMAKEL_04095	OJBOFE_04935	34.2	688	394	19	11	670	25	681	8.58e-106	332
KMAKEL_04095	FCAKMF_01695	30.5	672	436	10	11	670	9	661	2.17e-98	313
KMAKEL_04180	CPMPBM_08260	62.7	389	141	3	3	391	2	386	2.22e-177	496
KMAKEL_04195	DPDMEB_13265	35.6	225	140	3	1	223	33	254	4.98e-46	150
KMAKEL_04210	LKLDMN_19325	43.0	223	121	3	1	221	1	219	1.13e-56	176
KMAKEL_04210	PBAKMA_17920	40.0	220	117	4	1	219	1	206	1.83e-49	158
KMAKEL_04350	ADAMEB_07400	32.7	756	440	19	9	726	97	821	4.05e-105	337
KMAKEL_04430	PDFOOG_03610	52.4	336	158	1	1	336	1	334	6.58e-124	355
KMAKEL_04435	CPHDEA_10650	48.6	292	150	0	1	292	1	292	1.46e-108	314
KMAKEL_04455	CFGLOL_04020	82.4	170	30	0	1	170	50	219	9.48e-104	293
KMAKEL_04465	CNNHAB_05870	51.5	798	364	8	1	783	1	790	3.24e-265	758
KMAKEL_04465	BIJIBE_02780	35.5	770	392	17	31	783	13	694	4.85e-127	396
KMAKEL_04470	PIHIOG_12120	52.9	312	146	1	1	311	1	312	7.85e-106	308
KMAKEL_04470	DHFKBB_08410	32.8	314	198	7	3	307	2	311	1.95e-45	153
KMAKEL_04475	JEELJN_04115	47.7	302	157	1	3	304	6	306	4.20e-100	294
KMAKEL_04475	KGMLLG_04725	45.3	300	163	1	1	300	1	299	8.24e-88	261
KMAKEL_04480	PKLMMB_01070	49.6	627	293	6	1	613	1	618	1.02e-206	588
KMAKEL_04480	MHMDOE_03535	42.2	614	339	7	3	613	10	610	7.25e-155	456
KMAKEL_04485	ACCPON_01955	54.5	605	262	8	26	623	4	602	1.45e-220	625
KMAKEL_04490	OJBOFE_11380	54.3	492	215	4	1	483	14	504	3.94e-182	516
KMAKEL_04495	ODKGDC_03515	42.8	236	131	3	11	244	4	237	1.11e-66	203
KMAKEL_04500	LPHKDC_15950	46.8	263	139	1	1	263	1	262	3.85e-86	254
KMAKEL_04515	FNBBHI_10615	75.0	336	84	0	1	336	37	372	7.99e-190	524
KMAKEL_04520	EDBAJH_12145	66.1	354	116	1	14	363	315	668	3.49e-167	479
KMAKEL_04525	EDBAJH_12145	68.0	306	97	1	1	306	1	305	5.75e-154	442
KMAKEL_04570	PJAPKP_15045	45.9	588	315	1	1	588	1	585	3.63e-172	499
KMAKEL_04570	HFAHKK_14275	38.4	552	327	5	2	547	68	612	9.39e-114	348
KMAKEL_04580	PPPHGA_13940	51.0	1030	346	12	4	896	13	1020	0.0	954
KMAKEL_04580	HGOKLA_01315	29.6	676	400	13	1	610	1	666	7.62e-77	261
KMAKEL_04580	JIBNCO_01295	27.0	679	420	11	6	610	45	721	2.95e-65	229
KMAKEL_04600	IADIMG_09525	61.0	251	97	1	1	250	1	251	1.22e-108	310
KMAKEL_04600	GMPGOM_08675	39.1	243	144	1	1	239	2	244	6.28e-54	171
KMAKEL_04605	AEPIDE_18615	33.2	298	192	5	68	361	72	366	5.23e-48	162
KMAKEL_04620	NIJAON_03930	34.0	285	177	4	1	275	4	287	7.49e-51	165
KMAKEL_04630	OEKCMO_04465	29.5	373	241	7	239	599	223	585	5.41e-43	159
KMAKEL_04660	BLDCGJ_07655	41.2	277	160	2	7	282	3	277	4.71e-67	207
KMAKEL_04665	HJGNEK_06795	46.9	260	138	0	1	260	1	260	3.93e-77	231
KMAKEL_04675	LPCGND_12240	33.3	453	282	9	13	451	17	463	4.96e-78	248
KMAKEL_04675	MGKNOI_09405	35.6	371	220	6	6	364	3	366	1.15e-56	190
KMAKEL_04675	INCKOO_06225	45.6	206	105	3	13	213	12	215	3.05e-55	180
KMAKEL_04700	LMAAGL_07260	42.8	208	117	2	4	210	3	209	1.56e-50	162
KMAKEL_04730	LMAAGL_07260	41.8	208	120	1	6	213	3	209	2.59e-51	166
KMAKEL_04760	LKLDMN_19325	44.9	227	111	5	1	221	1	219	6.11e-58	179
KMAKEL_04760	PBAKMA_17920	39.6	227	124	5	1	227	1	214	1.41e-47	153
KMAKEL_04770	DPDMEB_13265	36.6	224	140	1	1	224	33	254	7.59e-52	165
KMAKEL_04790	AEGBGH_07565	73.2	127	33	1	5	130	12	138	6.81e-63	185
KMAKEL_04795	LPAOAJ_05615	78.6	140	30	0	1	140	61	200	1.57e-79	230
KMAKEL_04805	FOMOBF_02515	56.6	249	104	1	1	245	1	249	2.67e-92	270
KMAKEL_04810	BCFHOD_10075	47.9	288	145	3	1	287	1	284	1.29e-88	265
KMAKEL_04815	BCFHOD_10075	40.5	257	148	4	27	279	21	276	2.27e-57	182
KMAKEL_04820	BCFHOD_02865	42.1	197	110	1	3	195	3	199	8.98e-50	157
KMAKEL_04825	DEAMOH_14925	57.7	773	316	5	8	770	55	826	2.87e-303	848
KMAKEL_04830	BEHLNB_01715	43.5	409	207	9	11	406	5	402	3.52e-101	304
KMAKEL_04835	PMOLLI_04005	72.0	193	54	0	1	193	37	229	2.21e-98	281
KMAKEL_04840	OLKGPM_00030	43.9	396	222	0	1	396	1	396	4.51e-105	314
KMAKEL_04860	JCMKKN_07165	45.6	263	138	2	1	263	1	258	5.83e-72	218
KMAKEL_04865	IJGGGM_07280	52.0	148	70	1	1	148	1	147	5.30e-49	151
KMAKEL_04870	GKLKJE_14420	37.4	444	275	3	1	442	1	443	7.17e-83	259
KMAKEL_04870	OMINCF_06730	31.1	438	299	2	8	444	4	439	1.16e-58	195
KMAKEL_04870	NGIBDE_08595	29.7	404	277	2	2	400	41	442	3.81e-53	182
KMAKEL_04880	EPEMNJ_09385	41.9	215	114	3	1	207	1	212	5.51e-55	171
KMAKEL_04915	JPJGOO_09760	44.6	390	211	2	10	399	10	394	1.67e-126	367
KMAKEL_04925	KOJDON_10340	38.6	207	126	1	5	211	2	207	2.87e-50	159
KMAKEL_05020	EBFHBG_03010	38.2	463	270	6	1	449	28	488	1.96e-99	303
KMAKEL_05070	NKBHGG_16915	46.3	300	159	2	39	338	62	359	1.92e-90	271
KMAKEL_05080	LCBCLP_15410	40.7	356	209	2	1	356	1	354	2.80e-85	259
KMAKEL_05080	IDNIFB_04595	36.3	358	219	5	3	354	2	356	3.69e-74	230
KMAKEL_05085	OIJDCC_03805	62.8	349	130	0	1	349	57	405	2.25e-164	461
KMAKEL_05090	LMJHIN_02325	38.9	211	129	0	8	218	1	211	7.67e-49	156
KMAKEL_05110	BPEEIP_15400	40.5	311	157	6	20	326	21	307	7.39e-61	194
KMAKEL_05115	CPMPBM_01325	58.8	1072	419	3	1	1052	1	1069	0.0	1227
KMAKEL_05120	NDJCGB_23505	69.4	392	81	2	1	354	19	409	7.30e-198	547
KMAKEL_05145	BEHLNB_01715	44.8	429	204	7	25	452	3	399	6.36e-111	330
KMAKEL_05150	BAJPMC_02220	43.2	412	193	7	59	469	167	538	1.90e-85	270
KMAKEL_05155	IMDKHO_03910	48.4	312	155	3	8	314	2	312	6.53e-103	300
KMAKEL_05165	AEHBLL_10425	49.9	491	222	1	1	467	1	491	2.34e-168	479
KMAKEL_05170	BPPMOK_09185	51.6	320	153	1	1	318	1	320	5.45e-119	342
KMAKEL_05175	ANOIGO_02040	49.6	565	271	4	60	612	362	924	2.07e-187	550
KMAKEL_05180	NPACKI_09380	36.7	270	164	3	58	322	62	329	3.25e-56	189
KMAKEL_05190	ANOIGO_02040	48.9	593	294	7	224	814	339	924	1.49e-174	523
KMAKEL_05195	ANOIGO_02040	47.4	542	278	5	292	828	383	922	1.40e-159	485
KMAKEL_05205	PPPHGA_03180	41.9	234	134	1	6	239	1	232	1.09e-60	194
KMAKEL_05205	IFHDGK_04315	41.0	239	139	2	3	239	2	240	4.35e-56	192
KMAKEL_05210	OJOMAB_09255	44.4	257	137	3	16	271	8	259	4.28e-79	236
KMAKEL_05215	ILCLPH_03175	45.2	168	89	1	13	180	12	176	1.72e-51	160
KMAKEL_05220	NPACKI_09380	40.9	269	155	3	44	309	54	321	1.11e-62	206
KMAKEL_05225	PEEOIC_08100	65.9	372	127	0	2	373	33	404	3.88e-184	513
KMAKEL_05275	ANAEHF_02140	39.8	246	143	3	21	265	15	256	9.05e-55	177
KMAKEL_05295	ADAMEB_07400	63.6	739	265	2	3	741	87	821	0.0	930
KMAKEL_05300	GNANIN_05050	46.2	318	168	1	5	319	5	322	5.56e-97	286
KMAKEL_05305	NCLFML_05230	59.7	936	369	5	11	942	5	936	0.0	1103
KMAKEL_05310	BDFMEP_07880	45.0	371	192	5	13	379	4	366	3.87e-103	305
KMAKEL_05320	CHFKLB_06175	84.0	599	96	0	3	601	55	653	0.0	1019
KMAKEL_05320	PHAIHL_05095	30.8	493	282	14	2	464	53	516	4.56e-49	177
KMAKEL_05325	KEIMNK_06850	64.0	258	93	0	191	448	198	455	5.51e-116	344
KMAKEL_05330	IBDNDD_02480	41.6	320	155	6	6	298	85	399	3.71e-73	227
KMAKEL_05340	OHKOAG_03595	40.7	324	190	2	1	324	1	322	1.91e-84	254
KMAKEL_05355	LKIDNC_01490	53.9	280	124	2	1	280	429	703	1.66e-94	290
KMAKEL_05355	LKEOCB_10345	49.1	265	135	0	14	278	11	275	2.34e-81	243
KMAKEL_05360	LKIDNC_01490	48.2	386	196	3	1	384	1	384	2.30e-117	355
KMAKEL_05375	AJKFOC_10770	48.2	485	234	2	28	495	6	490	1.84e-145	422
KMAKEL_05415	BEEJFJ_04365	40.6	325	182	5	1	324	1	315	5.44e-75	229
KMAKEL_05440	LPAOAJ_11445	35.2	389	247	3	15	398	22	410	5.89e-84	258
KMAKEL_05445	ANOIGO_11635	33.5	568	358	12	6	563	2	559	4.03e-102	316
KMAKEL_05455	NEEMKD_07245	53.5	589	259	5	22	600	21	604	3.04e-219	620
KMAKEL_05460	KEIMNK_08395	78.8	156	33	0	1	156	34	189	5.23e-89	254
KMAKEL_05465	GEHMID_04080	40.1	227	122	3	4	225	3	220	9.63e-47	151
KMAKEL_05475	CHOGBF_07310	58.0	143	58	1	1	141	1	143	1.02e-53	162
KMAKEL_05485	PKNBNM_10200	47.1	187	93	1	3	183	168	354	3.39e-53	171
KMAKEL_05580	KKMOGI_03320	44.3	395	214	3	3	396	21	410	5.30e-114	335
KMAKEL_05580	LKAFFP_03145	37.7	374	224	6	14	384	11	378	1.25e-76	239
KMAKEL_05585	GKLKJE_06895	48.9	280	139	2	7	285	8	284	8.96e-95	278
KMAKEL_05590	CPCJJL_13635	47.9	409	205	5	2	407	4	407	4.45e-119	348
KMAKEL_05595	PIJCBA_10525	77.2	346	79	0	1	346	73	418	1.95e-202	558
KMAKEL_05600	BDFMEP_06280	52.8	405	186	3	3	407	2	401	1.07e-144	414
KMAKEL_05610	FKEMDL_06390	46.6	386	193	3	1	380	1	379	4.47e-99	298
KMAKEL_05615	AHOMGJ_00200	46.2	418	213	6	7	421	6	414	3.19e-129	375
KMAKEL_05620	CNNHAB_12390	45.2	462	220	5	3	457	2	437	3.07e-108	324
KMAKEL_05625	LLGOHG_04120	42.2	303	158	2	14	313	2	290	3.88e-78	236
KMAKEL_05630	KOJDON_10340	40.7	204	109	4	4	196	1	203	6.70e-48	152
KMAKEL_05705	JPJGOO_09760	44.9	390	210	2	10	399	10	394	1.46e-127	370
KMAKEL_05720	HJOCCA_05215	39.3	400	211	8	1	378	1	390	4.70e-76	237
KMAKEL_05730	KIBBKD_06890	66.2	231	78	0	2	232	43	273	9.19e-108	308
KMAKEL_05785	INKIHH_07930	49.9	381	186	4	3	381	2	379	3.17e-127	367
KMAKEL_05790	EOAKDK_06005	62.2	180	67	1	1	180	36	214	2.40e-84	244
KMAKEL_05895	DDOCLK_06550	67.9	523	166	1	10	530	26	548	4.10e-268	738
KMAKEL_05900	ADOCAH_00385	84.9	498	75	0	1	498	2	499	0.0	887
KMAKEL_05935	LFIBHA_14155	47.4	475	147	5	1	372	1	475	2.96e-150	429
KMAKEL_05940	DBPIFH_03400	69.0	420	107	2	1	418	1	399	4.44e-212	591
KMAKEL_05945	GJDIKO_00970	46.6	283	148	3	4	284	3	284	1.24e-93	275
KMAKEL_05950	MKABCP_07780	50.4	478	235	1	6	481	6	483	2.58e-168	480
KMAKEL_05960	OBGAOG_06790	52.2	207	98	1	355	561	1	206	1.28e-70	222
KMAKEL_05965	AAIDMG_03410	82.0	467	84	0	2	468	39	505	6.94e-281	766
KMAKEL_05975	NAGHPK_09505	49.4	490	243	2	1	485	1	490	2.24e-172	491
KMAKEL_05980	CKMOEO_08105	47.3	493	253	3	4	492	3	492	2.26e-173	494
KMAKEL_05985	PKNJCI_08760	45.4	207	102	6	3	204	5	205	4.34e-50	158
KMAKEL_06000	ENPFGE_09215	42.1	290	164	2	3	290	8	295	2.34e-75	242
KMAKEL_06005	LEGHLG_09460	45.6	239	130	0	210	448	197	435	6.56e-67	217
KMAKEL_06015	AGOHIM_03540	46.5	228	117	4	1	227	9	232	3.77e-72	216
KMAKEL_06030	JKFCNN_08040	45.9	342	175	3	3	340	29	364	7.62e-102	301
KMAKEL_06070	CFELJI_13150	25.5	1036	582	32	5	905	4	984	1.28e-60	219
KMAKEL_06135	LKLDMN_19325	46.5	217	113	1	6	222	4	217	5.63e-68	205
KMAKEL_06135	PBAKMA_17920	40.1	222	115	5	4	223	2	207	1.88e-46	151
KMAKEL_06140	EOAKDK_06705	62.2	458	169	1	5	462	54	507	1.39e-202	567
KMAKEL_06145	ODKGDC_11860	44.2	554	272	6	31	577	2	525	1.07e-145	427
KMAKEL_06180	FFOFOD_03260	49.9	393	196	1	1	393	1	392	7.42e-136	391
KMAKEL_06330	ECMPMP_08745	42.8	304	170	4	7	308	15	316	4.18e-73	224
KMAKEL_06335	OPDKDG_08630	61.2	224	85	2	47	270	1	222	4.40e-93	271
KMAKEL_06340	OGGMNN_06920	88.3	94	11	0	19	112	1	94	4.59e-52	159
KMAKEL_06350	LKEOCB_18860	54.3	199	89	1	1	199	1	197	8.37e-76	223
KMAKEL_06360	MLIPEK_01420	43.6	360	196	3	3	360	2	356	3.10e-96	298
KMAKEL_06365	LKEOCB_03390	47.8	360	172	7	3	360	7	352	1.30e-105	310
KMAKEL_06380	GKLKJE_14420	38.8	448	273	1	1	447	1	448	2.25e-108	325
KMAKEL_06380	OMINCF_06730	34.0	423	276	2	8	429	4	424	2.05e-76	242
KMAKEL_06380	NGIBDE_08595	30.4	457	294	5	8	452	47	491	2.88e-64	211
KMAKEL_06380	DIFDMH_04115	31.8	428	285	5	8	431	7	431	4.84e-63	207
KMAKEL_06380	AIAJBN_07055	25.4	452	321	5	3	446	2	445	5.53e-47	164
KMAKEL_06400	MFOGNL_22055	40.9	230	135	1	1	230	1	229	1.13e-61	189
KMAKEL_06415	FKEMDL_01610	67.8	367	117	1	1	366	17	383	3.78e-175	489
KMAKEL_06415	NEHECH_07515	37.5	312	185	5	4	309	49	356	5.05e-66	212
KMAKEL_06420	NEHECH_07515	50.9	399	176	5	3	389	45	435	1.01e-134	390
KMAKEL_06420	FKEMDL_01610	35.7	325	205	3	3	325	16	338	7.10e-67	214
KMAKEL_06425	GNBNBP_10965	49.0	457	228	4	3	457	2	455	2.79e-146	422
KMAKEL_06435	CHOGBF_02525	45.0	329	174	4	1	323	1	328	7.34e-89	266
KMAKEL_06440	CMLBML_12860	43.4	373	196	2	15	387	7	364	5.07e-110	323
KMAKEL_06475	PPDBCL_05260	45.8	382	197	5	4	379	5	382	3.07e-114	335
KMAKEL_06495	ENFPCC_02210	58.9	538	218	2	1	537	10	545	7.56e-231	643
KMAKEL_06505	KCPKPB_06465	65.7	350	120	0	2	351	25	374	7.59e-172	479
KMAKEL_06505	KNCJAM_10130	33.4	353	223	5	4	345	3	354	3.83e-61	198
KMAKEL_06515	BOMHNF_20155	64.2	120	43	0	2	121	34	153	1.54e-53	162
KMAKEL_06525	GBFPPP_01860	57.6	184	77	1	12	194	23	206	3.90e-70	209
KMAKEL_06585	IIPEEC_04410	46.5	340	148	3	1	306	1	340	9.02e-99	291
KMAKEL_06600	IIPEEC_05240	86.0	465	65	0	1	465	58	522	2.21e-291	793
KMAKEL_06605	PIHIOG_11205	34.5	313	179	4	1	292	1	308	1.57e-52	171
KMAKEL_06610	KAMEPO_10485	66.9	496	164	0	2	497	175	670	1.56e-232	654
KMAKEL_06630	EHMLDC_01085	52.2	228	94	4	1	220	6	226	6.34e-68	205
KMAKEL_06690	NPKNPB_15660	32.3	328	204	7	3	320	1	320	2.40e-44	150
KMAKEL_06790	ELNOCH_01590	67.5	748	243	0	4	751	533	1280	0.0	1020
KMAKEL_06790	DEAEDM_14640	38.3	802	434	15	3	755	28	817	9.68e-167	498
KMAKEL_06800	EBLBNC_04335	65.2	204	70	1	3	206	63	265	1.31e-94	274
KMAKEL_06810	PPLGEL_09165	33.0	285	161	5	8	264	20	302	8.60e-50	162
KMAKEL_06810	BGKOBO_00575	37.9	248	144	3	18	262	98	338	2.59e-47	157
KMAKEL_06825	FOLEJH_17180	35.0	303	194	3	5	307	20	319	1.73e-46	156
KMAKEL_06830	CCDOAK_00015	33.7	505	320	5	5	497	25	526	9.50e-89	278
KMAKEL_06830	IOBNAI_13140	40.5	215	126	2	285	498	1	214	2.01e-50	168
KMAKEL_06830	MIKFNA_15845	41.3	213	118	3	263	472	3	211	1.52e-48	164
KMAKEL_06845	ECMPMP_08745	41.0	268	155	3	13	278	24	290	1.52e-64	202
KMAKEL_06855	CPMPBM_00160	39.3	489	286	7	6	490	5	486	3.82e-119	355
KMAKEL_06865	EAGKMD_10480	76.2	433	103	0	4	436	64	496	9.96e-250	685
KMAKEL_06870	CHOGBF_11485	50.0	184	89	2	8	190	60	241	1.40e-61	188
KMAKEL_06875	OBHJLJ_10055	56.0	364	157	2	49	411	5	366	3.71e-148	421
KMAKEL_06880	GBGCDL_06090	93.7	254	16	0	6	259	76	329	7.63e-172	473
KMAKEL_06915	CDILFK_05205	33.0	285	188	3	37	319	59	342	1.54e-46	161
KMAKEL_06940	AOHBGH_00885	44.2	224	122	2	6	229	7	227	3.89e-59	183
KMAKEL_06945	OBLGAK_01710	46.5	372	190	4	1	367	1	368	1.11e-106	314
KMAKEL_06950	ELHJGG_11730	57.9	242	100	1	1	242	1	240	2.15e-95	276
KMAKEL_06960	AOOCMJ_06760	68.2	503	158	2	3	504	46	547	2.99e-259	714
KMAKEL_07010	AOOCMJ_06760	26.4	489	310	15	3	466	49	512	6.41e-42	153
KMAKEL_07015	AOOCMJ_06760	50.7	499	244	2	6	502	50	548	2.41e-187	531
KMAKEL_07030	OFOEJC_06820	36.0	286	180	2	1	286	1	283	4.48e-58	184
KMAKEL_07085	DLLMNB_06850	45.6	401	216	2	1	400	32	431	2.58e-119	352
KMAKEL_07085	BBHEJI_04215	37.7	300	177	6	2	299	5	296	1.07e-51	176
KMAKEL_07130	CLLGJB_00755	52.5	425	183	2	1	406	1	425	2.06e-141	406
KMAKEL_07150	HAFNKM_08490	55.5	384	168	2	1	381	1	384	1.59e-152	432
KMAKEL_07150	LEJEEC_08915	33.2	385	217	11	12	377	11	374	1.27e-57	189
KMAKEL_07150	MAHJHN_05475	32.6	399	231	8	12	377	464	857	4.25e-54	187
KMAKEL_07150	OLKGPM_09705	31.9	373	237	6	18	381	34	398	2.33e-49	174
KMAKEL_07175	NEEMKD_13085	43.0	230	123	5	95	318	1	228	4.46e-54	173
KMAKEL_07190	JIBABB_11530	41.9	272	155	1	4	272	68	339	2.29e-66	206
KMAKEL_07195	MFKGBO_06890	38.9	306	184	1	4	309	3	305	1.05e-78	238
KMAKEL_07195	DNHLFN_07150	34.2	307	193	5	4	309	3	301	5.35e-45	151
KMAKEL_07245	OHKOAG_09020	49.4	168	78	2	9	172	9	173	3.97e-52	160
KMAKEL_07250	OKLCDA_08950	64.1	373	134	0	1	373	61	433	1.43e-183	513
KMAKEL_07250	GGCBJB_04630	35.9	401	221	7	1	368	1	398	2.24e-88	270
KMAKEL_07265	ODHFDB_00935	48.2	1208	509	12	1	1093	32	1237	0.0	1029
KMAKEL_07265	JKEOBL_06960	39.7	1061	575	13	79	1084	94	1144	6.44e-237	702
KMAKEL_07265	DHOMEH_12720	32.1	442	226	6	555	928	247	682	2.42e-61	220
KMAKEL_07275	MNNBJI_10430	45.2	312	170	1	5	316	1	311	9.21e-98	287
KMAKEL_07280	FOOLJF_09805	63.5	386	116	4	3	377	2	373	4.69e-130	374
KMAKEL_07295	OCLNOI_00625	51.8	583	267	8	9	589	11	581	1.14e-215	613
KMAKEL_07295	ANGKFO_07170	39.1	522	299	7	17	536	140	644	2.40e-122	376
KMAKEL_07300	KAEJAD_08375	47.7	256	123	3	104	351	169	421	2.60e-70	225
KMAKEL_07330	FCMMOP_09475	49.4	259	126	2	6	262	31	286	1.49e-81	244
KMAKEL_07345	OMINCF_03955	27.1	450	305	8	25	464	12	448	1.26e-51	178
KMAKEL_07350	OLKGPM_05245	45.9	220	117	1	3	220	2	221	1.83e-58	181
KMAKEL_07355	BLAABG_00920	49.6	268	133	2	1	268	4	269	2.39e-87	259
KMAKEL_07370	PGIDOF_19085	57.1	238	101	1	3	239	2	239	3.80e-95	275
KMAKEL_07480	DEAEDM_14640	49.3	791	392	5	26	812	28	813	6.07e-261	741
KMAKEL_07480	ELNOCH_01590	43.1	800	393	16	23	816	541	1284	3.95e-197	593
KMAKEL_07485	AEOEGG_04380	78.7	1050	217	3	1	1050	58	1100	0.0	1735
KMAKEL_07485	GMHKEG_05155	25.7	832	505	26	15	833	15	746	4.01e-76	265
KMAKEL_07490	NPACKI_09380	36.5	345	211	7	54	392	57	399	6.76e-61	201
KMAKEL_07490	MKABCP_10815	43.0	258	128	6	65	315	38	283	5.69e-49	167
KMAKEL_07500	OMDIBH_06250	75.5	371	91	0	4	374	29	399	2.16e-190	528
KMAKEL_07515	JIBABB_11530	32.7	281	178	5	15	286	56	334	8.18e-45	151
KMAKEL_07525	NEEMKD_13085	49.1	175	88	1	95	268	1	175	2.40e-54	173
KMAKEL_07540	CPMPBM_10790	56.8	676	247	6	7	678	8	642	1.17e-253	711
KMAKEL_07550	CGJECG_04975	47.6	317	163	1	19	332	4	320	2.09e-106	310
KMAKEL_07560	NPKNPB_15660	36.4	261	160	3	10	267	70	327	1.80e-56	180
KMAKEL_07565	MDJFIL_01580	53.3	152	68	3	177	327	1	150	1.24e-46	151
KMAKEL_07570	CGOKML_00970	57.9	309	125	2	4	308	5	312	1.38e-62	197
KMAKEL_07580	FFOFOD_03260	51.8	392	188	1	19	410	2	392	1.38e-140	404
KMAKEL_07585	CHFKLB_07415	49.0	257	128	1	1	257	1	254	3.97e-81	241
KMAKEL_07590	BEGHAF_02940	38.7	212	128	2	4	214	2	212	7.80e-50	158
KMAKEL_07595	FCCLFG_10765	37.7	453	261	5	18	464	5	442	2.48e-87	270
KMAKEL_07600	LKEOCB_03390	33.8	334	198	4	1	312	1	333	6.58e-56	182
KMAKEL_07605	JCMKKN_05780	47.4	1162	573	14	2	1148	3	1141	0.0	1002
KMAKEL_07610	OAEEIH_06680	54.2	273	123	1	1	273	37	307	4.52e-101	294
KMAKEL_07610	MLDKME_23815	40.3	268	158	2	1	267	1	267	1.06e-59	188
KMAKEL_07615	IDJOEI_06160	53.8	275	121	3	1	272	1	272	4.04e-104	301
KMAKEL_07625	IMMPMF_02225	57.8	232	93	4	1	230	1	229	5.03e-90	261
KMAKEL_07630	AAPNJG_09720	53.6	265	121	2	1	265	1	263	4.07e-101	293
KMAKEL_07635	PHMEJC_01780	48.7	232	119	0	3	234	29	260	4.69e-77	229
KMAKEL_07640	FGCNNA_15325	43.3	365	201	3	531	893	403	763	7.89e-83	279
KMAKEL_07640	HAINKJ_00320	48.3	240	124	0	645	884	475	714	3.96e-67	234
KMAKEL_07645	JOFPOO_08530	33.5	227	148	1	2	228	5	228	6.85e-47	151
KMAKEL_07650	FBMMIE_06560	45.1	206	112	1	9	214	8	212	3.66e-62	189
KMAKEL_07680	AFKLCO_01345	42.9	182	100	2	1	181	1	179	1.39e-47	150
KMAKEL_07690	IFFOPK_14205	46.8	479	246	6	8	485	9	479	1.18e-142	414
KMAKEL_07705	PIPLNM_12695	36.3	754	374	17	417	1142	242	917	2.15e-124	401
KMAKEL_07720	HJOCCA_05215	53.3	403	165	8	1	384	1	399	1.31e-138	397
KMAKEL_07770	GBDDDA_04680	45.1	213	110	3	5	214	5	213	1.63e-52	165
KMAKEL_07770	DHFKBB_07845	43.4	212	113	5	6	215	9	215	2.22e-50	159
KMAKEL_07790	KCDKMK_07335	46.0	402	207	5	26	425	25	418	9.37e-128	374
KMAKEL_07795	MMNNJC_09750	35.0	466	292	7	3	458	4	468	1.47e-86	275
KMAKEL_07895	GJDIKO_00030	52.7	811	373	4	8	816	7	808	3.32e-273	774
KMAKEL_07895	CIIHGC_05655	41.7	683	352	12	7	664	3	664	7.09e-158	480
KMAKEL_07895	EHJFJN_05890	32.0	690	425	17	17	696	8	663	2.13e-98	319
KMAKEL_07900	IDJOEI_11860	71.3	734	112	3	7	641	14	747	0.0	1003
KMAKEL_07900	NLLOJM_03475	33.8	665	396	15	8	641	7	658	4.09e-102	321
KMAKEL_07905	GCBDME_20340	48.9	274	137	1	1	274	1	271	1.15e-83	249
KMAKEL_07910	PEEOIC_10765	35.3	269	149	5	1	244	1	269	5.21e-49	160
KMAKEL_07915	AEGBGH_08240	43.2	280	158	1	1	279	1	280	1.48e-73	228
KMAKEL_07920	LHMIFE_00135	58.8	328	135	0	1	328	15	342	1.67e-138	392
KMAKEL_07925	CNNHAB_09490	55.2	194	82	2	1	194	1	189	3.12e-71	211
KMAKEL_07930	NIIHOH_23285	39.5	569	233	8	1	470	1	557	1.10e-127	379
KMAKEL_07930	MKABCP_07780	30.4	467	316	3	4	464	11	474	5.92e-79	251
KMAKEL_07935	JOFPOO_08530	37.3	225	139	2	2	226	5	227	9.06e-47	151
KMAKEL_07945	CPMPBM_08260	66.1	387	128	3	3	388	2	386	2.34e-183	511
KMAKEL_07950	MDIEPL_01320	43.2	417	232	5	1	415	1	414	4.17e-106	317
KMAKEL_07955	JFOKOO_10320	55.6	160	70	1	1	159	1	160	1.08e-54	167
KMAKEL_07965	HDKNDC_07670	53.4	549	254	2	1	549	44	590	2.11e-212	599
KMAKEL_07965	CGDHDB_11180	40.3	544	319	5	5	547	3	541	2.97e-142	418
KMAKEL_07970	AIPGGO_11300	51.0	210	99	1	96	301	41	250	2.00e-61	192
KMAKEL_07985	KGACJP_08975	77.4	279	63	0	22	300	27	305	4.99e-155	432
KMAKEL_07995	IBIBLP_21290	63.0	357	132	0	1	357	54	410	4.09e-174	487
KMAKEL_08005	EEOPDA_06730	53.1	369	170	2	1	366	1	369	1.15e-134	385
KMAKEL_08005	LMJHIN_04880	39.9	368	217	4	1	367	1	365	4.81e-90	271
KMAKEL_08010	JDIFCN_08180	52.5	341	157	3	106	444	120	457	2.11e-112	335
KMAKEL_08030	OGFCAC_09480	41.1	453	230	10	1	430	1	439	9.70e-89	273
KMAKEL_08035	CAHMAH_16055	65.1	152	50	2	160	309	59	209	1.11e-59	187
KMAKEL_08040	ODHFDB_12125	47.1	484	228	5	2	457	10	493	1.50e-146	424
KMAKEL_08040	EKDKGG_09510	40.8	336	196	3	5	338	4	338	1.73e-80	253
KMAKEL_08045	PNJNHA_07840	50.2	611	275	6	9	618	15	597	2.00e-197	564
KMAKEL_08050	LKEOCB_18790	44.9	225	122	2	15	239	12	234	4.05e-63	193
KMAKEL_08055	NEHECH_03510	50.0	234	110	2	1	234	1	227	1.17e-72	222
KMAKEL_08055	KJKCNM_14465	39.9	223	131	2	1	221	22	243	1.12e-48	163
KMAKEL_08080	MEIOOM_03965	56.4	250	109	0	1	250	95	344	4.30e-101	295
KMAKEL_08095	NJNCGO_16320	81.7	426	77	1	1	426	61	485	1.01e-254	697
KMAKEL_08100	LHMIFE_14015	42.3	291	167	1	12	302	1	290	7.17e-96	281
KMAKEL_08125	MEIOOM_03965	38.1	257	150	4	3	258	97	345	1.99e-52	170
KMAKEL_08130	DDAJHK_10035	47.3	188	94	2	15	198	4	190	9.94e-59	183
KMAKEL_08215	MKDNFB_00930	48.6	253	113	2	22	272	11	248	1.77e-80	239
KMAKEL_08225	ODHFDB_06390	47.1	378	189	6	10	379	1	375	1.15e-112	331
KMAKEL_08245	HIADJD_12750	35.7	412	252	8	3	408	6	410	1.05e-69	227
KMAKEL_08250	MNPOJG_01295	29.2	387	241	12	141	512	48	416	2.26e-43	155
KMAKEL_08265	BAJPMC_02220	47.0	351	158	5	94	443	218	541	1.05e-87	277
KMAKEL_08300	ONBPBO_06850	31.7	375	206	9	10	361	11	358	2.24e-50	176
KMAKEL_08310	PBNOEJ_04290	45.5	517	261	5	4	501	3	517	3.42e-154	446
KMAKEL_08345	IMDKHO_06635	44.5	402	221	2	43	443	19	419	5.29e-117	345
KMAKEL_08355	JEKOGE_06050	36.4	453	275	4	19	465	7	452	9.12e-84	262
KMAKEL_08355	JDIFCN_01505	44.8	241	129	2	17	253	2	242	2.85e-51	170
KMAKEL_08355	NOJFKC_04840	27.7	440	303	5	23	459	15	442	1.16e-48	169
KMAKEL_08370	JEICDI_06325	56.8	280	117	3	4	282	6	282	6.41e-101	293
KMAKEL_08380	PJGAFD_04830	44.0	343	187	2	8	349	2	340	3.56e-100	296
KMAKEL_08390	JPGONO_00560	52.7	220	104	0	1	220	43	262	9.41e-84	246
KMAKEL_08410	DNLHEL_07485	50.2	279	139	0	21	299	6	284	3.46e-99	296
KMAKEL_08440	JHIMFH_08715	41.0	383	216	5	667	1044	28	405	3.57e-81	267
KMAKEL_08440	NPLHCN_14260	41.6	387	207	6	671	1047	1484	1861	1.99e-80	284
KMAKEL_08450	MGOMDC_14445	58.2	177	68	1	21	191	37	213	3.28e-67	201
KMAKEL_08460	AHFGAK_17940	37.7	408	226	9	3	385	2	406	2.41e-76	238
KMAKEL_08470	OODMEK_16380	38.6	249	145	3	10	254	2	246	6.96e-55	174
KMAKEL_08500	FIGKOO_03390	48.1	318	133	2	1	286	1	318	3.38e-71	224
KMAKEL_08565	FFLAPM_17200	35.4	288	183	2	6	293	29	313	5.41e-57	182
KMAKEL_08570	FKNOEG_02840	38.8	255	156	0	22	276	18	272	1.36e-54	174
KMAKEL_08625	DKAAEG_05225	42.2	289	149	7	1	282	1	278	2.84e-71	217
KMAKEL_08725	EAGKMD_04415	61.1	396	152	2	3	397	8	402	4.47e-172	484
KMAKEL_08740	NEHECH_07515	57.0	328	140	1	2	329	44	370	1.52e-137	395
KMAKEL_08740	FKEMDL_01610	35.9	323	202	4	7	328	20	338	3.27e-65	209
KMAKEL_08775	KPNMII_11605	31.6	561	348	17	4	554	6	540	1.58e-74	244
KMAKEL_08795	NLMKLO_11100	52.1	169	81	0	3	171	75	243	2.40e-63	191
KMAKEL_08800	BPPMOK_07490	83.7	141	23	0	1	141	19	159	3.04e-78	225
KMAKEL_08805	GLOKCI_14050	61.8	228	87	0	2	229	21	248	5.82e-101	290
KMAKEL_08880	MGOMDC_14445	75.0	172	43	0	17	188	37	208	1.12e-88	255
KMAKEL_08895	EOGDPL_15890	42.1	356	205	1	1	355	1	356	1.90e-109	321
KMAKEL_08900	ENNDNJ_17255	80.7	672	107	2	1	652	55	723	0.0	1094
KMAKEL_08975	KOGAEP_18980	27.8	943	547	26	4	852	11	913	2.04e-59	215
KMAKEL_08995	EHHHNJ_06335	53.2	201	91	2	4	203	5	203	1.03e-59	183
KMAKEL_09000	KGMLLG_02740	62.4	457	168	3	1	454	1	456	9.71e-200	558
KMAKEL_09005	OKNPEK_01685	58.0	583	243	2	6	588	36	616	4.12e-250	697
KMAKEL_09025	GBFPPP_01720	53.7	685	269	4	1	642	19	698	1.81e-254	714
KMAKEL_09040	ADMHII_15160	78.3	217	47	0	1	217	36	252	2.46e-126	353
KMAKEL_09060	JGACAL_04805	55.6	522	219	3	4	525	5	513	6.14e-209	586
KMAKEL_09065	GGJJNG_03135	55.2	174	72	1	1	174	1	168	4.60e-66	196
KMAKEL_09075	KBBIGL_09515	53.2	357	157	4	1	356	1	348	4.89e-131	375
KMAKEL_09085	IGJONA_01105	48.1	337	160	6	54	380	2	333	2.41e-94	283
KMAKEL_09230	GLEIFN_03595	52.7	201	93	1	2	202	3	201	6.84e-62	191
KMAKEL_09320	JHJJPD_12400	73.1	130	35	0	2	131	62	191	1.42e-64	191
KMAKEL_09325	OBHHPC_06125	96.5	374	13	0	33	406	1	374	6.49e-260	725
KMAKEL_09345	ENNKMM_11925	45.1	164	90	0	11	174	7	170	3.05e-44	150
KMAKEL_09405	DLLMNB_06850	48.3	437	215	4	7	442	23	449	4.07e-145	418
KMAKEL_09405	BBHEJI_04215	33.3	429	249	10	14	413	1	421	6.68e-66	213
KMAKEL_09430	NHINDM_13750	41.4	181	96	5	4	175	6	185	5.54e-48	151
KMAKEL_09440	GOMNJH_00285	70.7	351	84	5	487	821	93	440	1.05e-172	502
KMAKEL_09445	MGKNOI_04015	79.0	138	29	0	755	892	454	591	1.16e-71	244
KMAKEL_09515	NKCJOK_06160	37.0	494	285	6	3	474	23	512	3.53e-104	324
KMAKEL_09530	ENNKMM_11925	46.1	167	88	1	6	172	5	169	2.64e-45	154
KMAKEL_09555	LKLDMN_19325	42.2	225	120	4	1	221	1	219	3.64e-55	172
KMAKEL_09565	DPDMEB_13265	36.6	235	132	4	1	229	33	256	1.09e-49	159
KMAKEL_09580	FPHNOE_07640	42.9	487	240	7	1	454	1	482	1.40e-135	396
KMAKEL_09580	BCFHOD_06925	36.1	352	205	6	25	374	17	350	3.61e-68	218
KMAKEL_09615	ODPBAK_18965	41.0	2769	1215	62	1	2677	1	2443	0.0	1725
KMAKEL_09625	PPECAL_13020	32.1	393	161	7	198	588	19	307	4.14e-49	173
KMAKEL_09635	NKCJOK_06160	38.1	661	366	12	2	629	19	669	1.93e-136	416
KMAKEL_09635	NMDBHH_21210	31.9	655	358	17	2	574	1	649	1.45e-87	288
KMAKEL_09660	MGKNOI_04015	34.3	581	309	17	2	533	3	559	1.76e-64	218
KMAKEL_09670	GOMNJH_00285	79.7	355	55	2	455	794	86	438	2.58e-199	569
KMAKEL_09735	MEIOOM_03965	39.3	257	149	2	52	308	97	346	1.05e-57	186
KMAKEL_09800	DPDMEB_13265	36.4	225	138	3	1	223	33	254	6.95e-47	152
KMAKEL_09810	LKLDMN_19325	43.4	221	119	3	1	219	1	217	9.11e-56	173
KMAKEL_09810	PBAKMA_17920	39.4	216	121	3	4	219	1	206	2.31e-47	152
KMAKEL_09860	FFOFOD_03260	51.8	392	188	1	19	410	2	392	1.38e-140	404
KMAKEL_09865	DLLMNB_06850	49.2	437	210	6	16	451	23	448	2.33e-143	414
KMAKEL_09865	BBHEJI_04215	33.6	426	243	10	28	423	6	421	1.34e-66	216
KMAKEL_09915	FPHNOE_07640	39.5	478	251	6	3	446	9	482	6.14e-118	351
KMAKEL_09915	BCFHOD_06925	36.4	365	200	8	11	366	9	350	4.11e-68	218
KMAKEL_09925	NIJAON_03930	48.1	295	138	4	1	282	1	293	1.59e-88	262
KMAKEL_10195	LMAAGL_07260	39.9	228	132	3	4	226	3	230	5.11e-52	165
KMAKEL_10455	DLLMNB_06850	47.7	436	214	5	32	465	26	449	6.60e-137	398
KMAKEL_10455	BBHEJI_04215	33.8	426	233	11	47	439	12	421	1.61e-66	216
KMAKEL_10465	ENNKMM_11925	56.6	175	71	1	1	175	1	170	1.23e-63	202
KMAKEL_10480	BIKKBB_09420	46.5	550	286	3	2	546	3	549	3.69e-174	511
KMAKEL_10485	ANGKFO_08925	52.6	215	100	1	4	218	20	232	4.11e-73	218
KMAKEL_10500	NPLHCN_14260	40.6	414	245	1	555	968	138	550	1.01e-89	311
KMAKEL_10500	AIOPCH_03715	33.4	491	301	6	486	967	34	507	5.76e-84	276
KMAKEL_10510	GNBPPJ_17065	38.1	302	174	3	3	294	11	309	7.64e-55	184
KMAKEL_10550	NPLHCN_14260	36.3	543	343	3	29	568	3	545	1.04e-117	380
KMAKEL_10550	AIOPCH_03715	33.4	443	277	6	138	570	71	505	1.10e-79	256
KMAKEL_10550	EOGDPL_27240	29.5	427	275	8	163	575	391	805	4.79e-52	187
KMAKEL_10560	DNHLFN_07150	42.9	308	169	4	5	312	3	303	6.62e-77	234
KMAKEL_10560	MFKGBO_06890	37.8	307	184	4	5	309	3	304	9.90e-63	197
KMAKEL_10565	ADMHII_10200	84.7	452	67	1	3	452	6	457	4.84e-275	748
KMAKEL_10565	JIBABB_11530	36.5	263	143	2	189	451	103	341	5.16e-52	175
KMAKEL_10570	NEEMKD_13085	41.0	227	129	3	99	322	1	225	7.15e-49	160
KMAKEL_10575	NEEMKD_13085	53.1	228	106	1	109	335	1	228	1.28e-87	259
KMAKEL_10580	AAHMDH_12575	40.8	564	297	11	3	548	5	549	2.06e-145	427
KMAKEL_10590	MFPDBE_02520	42.9	340	191	2	1	337	1	340	1.82e-92	276
KMAKEL_10595	PJPOGC_02490	62.5	200	74	1	1	199	1	200	6.16e-91	261
KMAKEL_10605	KAJCKN_09590	54.6	573	258	2	1	572	1	572	2.94e-198	563
KMAKEL_10605	KMMJBO_11065	36.5	606	347	4	3	571	2	606	7.37e-119	361
KMAKEL_10605	OEDLLD_08805	32.1	524	353	2	49	571	204	725	3.47e-79	260
KMAKEL_10605	JAFONP_12205	27.7	570	409	2	3	571	39	606	4.06e-70	233
KMAKEL_10605	MGCPIK_11245	38.1	244	147	2	334	577	45	284	9.96e-53	178
KMAKEL_10610	OEDLLD_08805	41.4	560	247	8	90	625	223	725	1.99e-128	391
KMAKEL_10610	JAFONP_12205	34.5	609	349	9	16	620	39	601	2.18e-106	330
KMAKEL_10610	MGCPIK_11245	44.4	232	128	1	389	620	44	274	3.88e-59	196
KMAKEL_10610	KMMJBO_11065	25.4	570	411	6	63	625	44	606	1.03e-57	201
KMAKEL_10620	MNPOJG_03675	39.5	430	252	4	4	432	3	425	1.65e-93	301
KMAKEL_10665	APAIPM_19325	32.1	393	258	3	9	392	28	420	6.10e-63	205
KMAKEL_10685	OEKCMO_04465	31.0	352	237	4	239	587	246	594	3.95e-51	182
KMAKEL_10715	APAIPM_19325	31.3	393	261	3	9	392	28	420	3.53e-61	201
KMAKEL_10725	HGOKLA_19985	50.7	426	156	4	1	373	1	425	6.66e-133	384
KMAKEL_10730	MAHJHN_07515	58.7	305	124	1	1	305	1	303	5.95e-130	369
KMAKEL_10740	EGEPOE_12360	38.6	409	243	5	9	411	19	425	2.69e-90	276
KMAKEL_10765	FIODKN_11910	64.2	162	57	1	1	162	1	161	2.06e-68	201
KMAKEL_10785	OIJDCC_03805	41.4	239	118	7	7	234	62	289	2.53e-46	159
KMAKEL_10830	NGIGMC_08570	61.6	510	190	4	1	505	19	527	1.38e-204	575
KMAKEL_10830	INGAKC_09930	38.6	472	259	7	1	465	1	448	4.05e-86	270
KMAKEL_10850	HFMJLE_01865	39.2	367	188	5	5	359	7	350	3.37e-82	251
KMAKEL_10850	EKIEJL_04035	36.6	276	167	3	87	362	46	313	2.53e-58	188
KMAKEL_10860	EAAFOH_08395	59.0	205	84	0	4	208	5	209	1.70e-90	261
KMAKEL_10880	EEOPDA_05455	73.4	1294	312	9	1	1267	1	1289	0.0	1866
KMAKEL_10885	OEKCMO_01405	56.7	1365	391	10	8	1179	4	1361	0.0	1442
KMAKEL_10915	AIOPCH_14555	41.7	206	117	2	130	335	91	293	2.25e-44	150
KMAKEL_10925	GBFPPP_00960	93.4	136	9	0	1	136	22	157	2.14e-87	248
KMAKEL_10930	JOOEPC_00745	69.2	156	48	0	1	156	44	199	9.76e-76	221
KMAKEL_10935	JIBNCO_01295	80.0	701	140	0	5	705	34	734	0.0	1139
KMAKEL_10935	FKJBDL_04740	39.2	697	406	7	8	702	45	725	8.16e-161	478
KMAKEL_10935	HGOKLA_01315	25.7	692	448	13	15	681	5	655	8.46e-54	193
KMAKEL_10935	HFPDKM_12815	28.5	492	304	14	10	488	41	497	1.79e-42	158
KMAKEL_10935	PPPHGA_13940	24.9	712	418	20	16	691	15	645	1.18e-40	156
KMAKEL_10940	IFDCNO_03920	88.2	397	47	0	1	397	32	428	5.19e-260	706
KMAKEL_11010	ILPHGK_08665	39.4	330	173	5	4	307	5	333	2.26e-67	210
KMAKEL_11055	FFOFOD_03260	49.9	393	196	1	1	393	1	392	7.42e-136	391
KMAKEL_11095	NPLHCN_14260	47.1	397	203	3	345	738	1467	1859	1.48e-102	343
KMAKEL_11095	JHIMFH_08715	40.3	392	229	3	361	752	31	417	2.81e-77	251
KMAKEL_11110	IDAAGF_01625	52.5	478	209	6	4	477	278	741	1.34e-172	500
KMAKEL_11145	NKLDCP_08155	50.1	431	205	6	2	428	4	428	3.46e-123	361
KMAKEL_11165	JEKOGE_06050	35.9	426	262	5	15	435	16	435	1.28e-71	230
KMAKEL_11165	ADOCAH_04505	45.6	204	110	1	22	224	1	204	1.90e-47	160
KMAKEL_11195	OFOEJC_06820	37.8	278	169	2	15	292	13	286	7.82e-56	179
KMAKEL_11200	FKNOEG_02840	32.4	272	178	2	14	283	6	273	3.16e-48	158
KMAKEL_11215	GKLKJE_14420	41.1	202	109	2	2	194	244	444	8.94e-45	151
KMAKEL_11230	ACDGMF_10700	50.8	362	173	2	38	394	31	392	1.31e-127	369
KMAKEL_11280	GAOLHI_08600	43.4	212	111	3	286	493	10	216	1.89e-46	157
KMAKEL_11285	EDPPFC_05720	52.9	238	111	1	1	238	6	242	1.87e-81	240
KMAKEL_11285	LKLDMN_19325	39.1	220	125	5	2	216	4	219	1.30e-46	150
KMAKEL_11340	LKLDMN_19325	45.2	221	115	3	1	219	1	217	8.58e-57	176
KMAKEL_11340	PBAKMA_17920	41.0	222	112	5	1	219	1	206	3.49e-47	152
KMAKEL_11350	DPDMEB_13265	59.8	224	84	3	1	220	33	254	6.53e-84	246
KMAKEL_11370	IJPAHP_06985	42.9	259	143	2	27	285	34	287	3.20e-63	197
KMAKEL_11375	BGHMFE_09910	45.0	278	142	2	6	272	5	282	8.98e-78	234
KMAKEL_11380	GFNANP_06710	60.3	267	95	2	46	301	15	281	1.81e-96	282
KMAKEL_11385	KBKJLO_09160	52.4	248	116	1	6	251	12	259	1.12e-89	262
KMAKEL_11390	BABCNK_07350	52.4	227	101	2	3	223	1	226	5.88e-72	215
KMAKEL_11415	DEBDFK_23780	55.5	292	125	2	12	301	15	303	7.72e-113	325
KMAKEL_11415	DIIMPP_04560	33.7	288	182	5	12	295	20	302	5.08e-47	156
KMAKEL_11420	HMNLEO_04995	50.5	293	141	3	5	296	3	292	1.05e-101	296
KMAKEL_11440	NEEMKD_01025	55.3	436	191	2	13	444	9	444	1.35e-190	534
KMAKEL_11450	OEKCMO_04465	37.9	264	158	3	212	472	324	584	1.91e-55	191
KMAKEL_11455	KGACJP_17535	76.9	320	64	4	33	352	76	385	1.02e-167	469
KMAKEL_11460	MIKFNA_15845	72.3	238	66	0	266	503	1	238	1.06e-118	345
KMAKEL_11460	CCDOAK_00015	33.2	488	314	4	7	487	30	512	7.50e-86	271
KMAKEL_11460	IOBNAI_13140	43.1	218	118	3	290	503	1	216	1.06e-52	174
KMAKEL_11465	ABEMBM_08395	45.5	343	178	4	6	342	4	343	2.51e-86	261
KMAKEL_11470	KAGJDG_11430	50.2	331	163	2	9	338	17	346	3.45e-106	311
KMAKEL_11475	JFOKOO_01465	58.5	284	115	3	1	283	1	282	1.19e-120	343
KMAKEL_11505	AFKLCO_01430	59.6	421	165	5	6	424	5	422	2.31e-174	491
KMAKEL_11510	FAIDMJ_00835	42.7	246	138	3	214	458	72	315	3.62e-62	201
KMAKEL_11515	JLJPKD_12840	55.2	346	147	3	1	342	31	372	3.05e-132	379
KMAKEL_11515	FOHGMI_07400	30.7	349	189	7	1	340	1	305	8.31e-50	165
KMAKEL_11520	APHOBL_11345	54.1	460	207	2	1	456	148	607	1.41e-169	486
KMAKEL_11535	JFOKOO_10025	62.0	752	269	7	1	750	2	738	0.0	895
KMAKEL_11540	MOJDIP_04095	45.8	214	103	2	10	223	7	207	1.11e-62	191
KMAKEL_11580	KAMEPO_10485	52.6	498	234	1	6	503	180	675	9.74e-178	514
KMAKEL_11585	PIHIOG_11205	36.2	312	166	4	3	285	2	309	1.82e-54	175
KMAKEL_11590	IIPEEC_05240	69.3	456	140	0	7	462	61	516	1.48e-230	639
KMAKEL_11590	CMLBML_04400	29.8	382	256	7	2	381	16	387	6.03e-46	161
KMAKEL_11600	HDKNDC_03395	48.6	393	201	1	1	393	1	392	2.03e-135	389
KMAKEL_11610	PJAPKP_15045	61.9	586	222	1	1	586	1	585	1.40e-247	692
KMAKEL_11610	HFAHKK_14275	32.4	540	347	5	11	540	76	607	7.09e-86	276
KMAKEL_11620	CJHDOF_00045	30.2	517	242	19	73	487	82	581	2.27e-54	192
KMAKEL_11630	EMGIMK_04390	50.3	328	159	4	124	450	339	663	1.42e-99	312
KMAKEL_11645	MGEHBH_04200	49.1	165	80	1	5	165	2	166	7.74e-54	165
KMAKEL_11655	KHMKPO_15140	38.0	523	318	3	1	519	1	521	5.80e-126	374
KMAKEL_11655	PHMEJC_20060	30.1	491	330	7	35	519	53	536	4.39e-67	222
KMAKEL_11665	MAHJHN_05475	72.2	859	234	4	12	868	8	863	0.0	1242
KMAKEL_11665	LEJEEC_08915	37.3	378	210	3	490	867	29	379	2.71e-81	263
KMAKEL_11665	OLKGPM_09705	32.1	399	224	12	477	864	34	396	2.99e-45	171
KMAKEL_11670	PHAIHL_05095	79.2	605	126	0	1	605	51	655	0.0	957
KMAKEL_11670	CHFKLB_06175	30.5	544	309	21	5	513	56	565	2.25e-48	175
KMAKEL_11675	AHGGGF_11555	56.0	209	89	3	1	208	1	207	6.13e-81	236
KMAKEL_11685	PAHPGF_09515	50.0	280	137	3	1	280	1	277	3.60e-90	266
KMAKEL_11690	NNFGHE_04830	48.0	256	128	2	1	252	1	255	1.98e-79	236
KMAKEL_11695	HMNLEO_03150	46.2	249	123	4	177	415	66	313	1.36e-59	197
KMAKEL_11695	MKABCP_10815	39.1	253	141	7	171	417	32	277	2.88e-43	152
KMAKEL_11705	CFELJI_04825	56.1	255	110	1	1	253	1	255	6.06e-105	301
KMAKEL_11710	NKCJOK_11325	51.1	174	84	1	1	174	1	173	7.19e-56	170
KMAKEL_11715	ELNOCH_01590	54.3	490	217	2	1	490	33	515	3.44e-192	567
KMAKEL_11715	PPPHGA_08905	36.8	487	302	4	2	484	3	487	9.82e-117	352
KMAKEL_11720	MIMOKC_00785	50.5	930	354	12	7	854	3	908	4.38e-292	826
KMAKEL_11725	LPCGND_12240	66.9	478	158	0	2	479	16	493	6.11e-250	688
KMAKEL_11735	CPMPBM_01325	38.0	266	161	2	5	266	1093	1358	9.39e-54	184
KMAKEL_11740	NKBHGG_10765	52.6	323	151	1	6	326	48	370	2.19e-117	340
KMAKEL_11740	ENCFBG_02550	31.9	326	211	5	4	322	48	369	2.79e-49	165
KMAKEL_11745	EEOPDA_09195	54.6	141	63	1	11	151	6	145	1.12e-50	155
KMAKEL_11750	NPACKI_02135	53.2	404	184	4	1	404	1	399	4.42e-137	394
KMAKEL_11755	PIJCBA_09290	71.8	401	113	0	1	401	11	411	5.26e-202	559
KMAKEL_11755	GJDIKO_03450	29.3	403	269	4	2	398	3	395	1.69e-57	189
KMAKEL_11770	GLPEDO_16060	63.9	804	198	5	1	715	1	801	0.0	961
KMAKEL_11800	MFKGBO_06890	44.3	305	169	1	1	304	1	305	9.71e-94	276
KMAKEL_11805	JIBABB_11530	38.7	279	171	0	20	298	62	340	2.59e-63	199
KMAKEL_11815	NEEMKD_13085	57.5	226	92	3	97	318	1	226	3.24e-82	245
KMAKEL_11850	KJKCNM_14465	41.4	220	127	2	1	219	22	240	2.53e-56	180
KMAKEL_11860	NPLHCN_14260	33.6	420	278	1	510	929	131	549	3.70e-73	260
KMAKEL_11860	AIOPCH_03715	30.8	425	274	3	517	929	91	507	9.68e-65	223
KMAKEL_11860	EOGDPL_27240	30.7	440	287	5	500	929	371	802	5.70e-57	207
KMAKEL_11870	BOLFNP_06995	44.1	383	206	3	4	386	37	411	2.08e-108	321
KMAKEL_11875	HNGOGK_09465	53.0	353	149	4	1	343	1	346	6.76e-118	342
KMAKEL_11950	FFOFOD_03260	51.8	392	188	1	19	410	2	392	1.38e-140	404
KMAKEL_11975	EBFHBG_25625	32.0	359	199	11	108	458	27	348	2.82e-41	154
KMAKEL_11985	GKLKJE_14420	34.8	440	282	3	2	439	3	439	1.69e-78	248
KMAKEL_11985	DIFDMH_04115	33.9	445	275	9	1	436	1	435	9.19e-59	196
KMAKEL_11985	OMINCF_06730	31.6	433	291	3	7	438	4	432	2.74e-58	194
KMAKEL_12005	PPCHMH_03275	40.1	434	250	5	2	428	33	463	9.14e-102	307
KMAKEL_12010	EBDDCO_12030	55.5	321	93	4	2	272	19	339	1.72e-114	329
KMAKEL_12065	BEEJFJ_08775	41.7	264	146	4	4	260	3	265	3.59e-60	187
KMAKEL_12085	NAGHPK_09505	28.2	478	336	6	1	474	1	475	3.44e-64	213
KMAKEL_12085	CPMPBM_00160	27.7	459	309	7	3	447	5	454	2.95e-51	178
KMAKEL_12100	IMMPMF_02225	55.0	231	98	3	1	230	1	226	3.60e-88	256
KMAKEL_12120	HJOCCA_05215	38.8	400	213	8	1	378	1	390	1.68e-76	238
KMAKEL_12145	DKAAEG_05130	42.5	584	302	7	1	555	1	579	9.50e-146	429
KMAKEL_12150	DMGPIM_03820	57.2	290	123	1	13	302	6	294	2.33e-123	352
KMAKEL_12155	KDFPIB_25095	37.8	286	172	4	1	280	1	286	2.21e-63	197
KMAKEL_12165	FFOFOD_03260	53.0	398	186	1	3	400	1	397	3.02e-145	415
KMAKEL_12170	NIIHOH_00330	48.0	660	245	4	4	565	4	663	1.07e-211	601
KMAKEL_12180	NIJAON_03930	40.0	290	163	4	4	282	3	292	3.10e-72	220
KMAKEL_12235	LNKMPC_14405	32.5	338	199	5	13	321	1	338	1.93e-56	189
KMAKEL_12260	BCFHOD_06925	50.1	355	170	4	1	353	1	350	1.02e-114	337
KMAKEL_12260	FPHNOE_07640	30.2	477	286	5	1	433	9	482	4.65e-65	213
KMAKEL_12280	PPECAL_13020	40.9	286	159	6	500	784	25	301	4.29e-60	205
KMAKEL_12285	NKCJOK_06160	37.6	659	367	10	5	629	23	671	4.92e-135	412
KMAKEL_12285	NMDBHH_21210	30.3	680	386	15	1	596	1	676	2.31e-78	263
KMAKEL_12305	MGKNOI_04015	30.8	587	334	19	106	651	4	559	8.49e-52	185
KMAKEL_12315	GOMNJH_00285	70.9	364	83	3	464	812	86	441	4.38e-180	520
KMAKEL_12390	NPLHCN_14260	42.0	429	232	6	430	856	1446	1859	2.27e-84	292
KMAKEL_12390	JHIMFH_08715	38.0	392	228	3	465	856	27	403	4.47e-73	242
KMAKEL_12395	GNFLKF_08300	38.1	412	240	7	249	651	49	454	4.39e-96	300
KMAKEL_12430	FKNOEG_01930	63.5	655	227	5	7	650	90	743	7.26e-292	811
KMAKEL_12490	IFHDGK_04315	62.0	374	136	3	2	372	266	636	1.30e-166	476
KMAKEL_12500	MDAJGJ_00800	53.9	178	82	0	1	178	1	178	1.44e-60	197
KMAKEL_12500	LNKMPC_13665	41.1	185	104	3	1	180	1	185	1.06e-46	150
KMAKEL_12515	MDAJGJ_00800	48.4	442	219	3	10	450	174	607	7.53e-144	427
KMAKEL_12525	DNKAFD_19235	46.2	279	143	3	13	286	25	301	5.04e-87	258
KMAKEL_12530	PDFOPD_12205	63.7	300	107	2	3	302	43	340	5.09e-133	378
KMAKEL_12540	NPACKI_01205	57.7	338	140	2	1	335	1	338	1.32e-132	378
KMAKEL_12545	FGDENG_01340	59.9	811	325	0	1	811	25	835	0.0	1043
KMAKEL_12550	BOPGEP_09895	42.8	619	342	6	3	617	4	614	3.95e-170	497
KMAKEL_12555	NEFOEM_04370	45.0	358	188	4	1	350	1	357	1.01e-101	300
KMAKEL_12560	AAEBNE_07155	60.7	163	63	1	2	163	3	165	1.80e-60	181
KMAKEL_12565	CPJMGC_11990	51.9	345	161	3	8	350	42	383	4.37e-108	318
KMAKEL_12605	OBMNEO_04895	66.9	372	118	4	96	463	261	631	1.68e-171	493
KMAKEL_12615	KAHMBC_00285	39.7	307	174	2	1	307	1	296	4.33e-61	201
KMAKEL_12620	OJKFBE_02800	42.9	347	127	5	4	312	19	332	2.81e-87	261
KMAKEL_12620	KAHMBC_00285	33.3	303	174	1	9	311	304	578	9.93e-47	162
KMAKEL_12625	ENCFBG_02550	77.0	356	82	0	1	356	27	382	3.97e-199	549
KMAKEL_12625	NKBHGG_10765	35.1	268	169	3	80	343	100	366	2.57e-43	150
KMAKEL_12630	EDBAJH_12145	49.2	307	151	5	1	304	1	305	4.13e-91	281
KMAKEL_12635	GPHIJJ_07705	45.5	448	236	5	1	443	1	445	4.46e-121	357
KMAKEL_12645	CGDHDB_07975	47.8	400	193	4	9	393	188	586	1.20e-106	323
KMAKEL_12650	PJAAIO_00225	50.3	608	283	8	91	689	16	613	2.76e-213	611
KMAKEL_12665	AFKLCO_01805	41.8	297	161	7	10	304	3	289	6.11e-62	195
KMAKEL_12670	JCMKKN_12205	46.2	355	183	2	2	356	3	349	9.83e-110	321
KMAKEL_12675	NHIAMB_19525	70.5	421	123	1	14	434	118	537	1.82e-210	587
KMAKEL_12675	MDIEPL_13060	43.4	408	227	4	31	435	115	521	3.46e-110	331
KMAKEL_12700	FOMOBF_00230	44.3	230	123	3	6	234	3	228	1.60e-61	189
KMAKEL_12710	CPMPBM_01325	54.8	279	125	1	1	279	1093	1370	4.20e-96	304
KMAKEL_12710	BDFMEP_04085	41.9	277	146	4	1	277	1	262	1.68e-72	220
KMAKEL_12720	GAOLHI_08600	43.4	212	111	3	26	234	11	216	1.78e-50	160
KMAKEL_12725	EDPPFC_05720	51.0	241	117	1	4	244	3	242	3.79e-80	237
KMAKEL_12735	LKBNNH_02180	61.2	134	52	0	1	134	1	134	1.28e-54	166
KMAKEL_12740	AIGKOF_12030	70.6	330	97	0	6	335	54	383	2.03e-174	485
KMAKEL_12755	FCAKMF_09100	28.7	711	456	19	2	686	3	688	1.37e-81	270
KMAKEL_12760	ACAFCJ_08195	39.5	314	177	7	4	309	57	365	2.64e-63	201
KMAKEL_12770	HEOPIF_01560	54.5	492	215	3	1	485	1	490	4.07e-186	525
KMAKEL_12775	BGHMFE_11675	44.4	531	284	5	178	705	109	631	1.47e-152	456
KMAKEL_12785	INKIHH_03230	50.2	305	148	4	1	304	1	302	2.36e-97	286
KMAKEL_12790	LLGOHG_08460	49.6	224	112	1	6	228	4	227	1.16e-66	202
KMAKEL_12795	PIHIOG_01285	43.1	450	229	5	3	450	5	429	2.09e-118	349
KMAKEL_12795	GNBNBP_13670	37.9	448	266	8	5	450	1	438	2.12e-90	278
KMAKEL_12800	LNKMPC_14405	56.0	341	148	2	1	340	1	340	3.05e-138	401
KMAKEL_12805	EOJLEP_03115	42.1	240	136	3	1	239	1	238	8.42e-71	213
KMAKEL_12805	LNKMPC_14405	40.4	235	132	4	7	237	354	584	8.58e-46	157
KMAKEL_12810	HIHCLH_08345	47.0	642	286	11	1	608	1	622	1.90e-154	464
KMAKEL_12810	HEMAGP_10015	40.5	613	306	12	5	591	3	582	1.75e-102	328
KMAKEL_12815	EIKLNG_09905	61.3	292	113	0	1	292	63	354	2.48e-133	378
KMAKEL_12820	BMJLCO_02760	49.8	205	101	2	6	209	7	210	5.79e-67	202
KMAKEL_12875	EBFHBG_25625	36.3	471	264	10	348	793	4	463	2.97e-87	281
KMAKEL_12885	MKHMMK_07280	76.4	365	86	0	1	365	23	387	2.85e-204	562
KMAKEL_12890	FCCLFG_02395	37.2	277	155	6	1	266	1	269	1.04e-53	180
KMAKEL_12895	DBGIOG_14085	81.8	143	26	0	1	143	30	172	5.22e-87	248
KMAKEL_12900	KIFOBE_02715	48.1	308	157	1	3	310	4	308	9.67e-93	274
KMAKEL_12910	BPPMOK_10790	42.7	632	315	9	18	618	43	658	1.31e-164	486
KMAKEL_12915	HJGNEK_09000	60.9	608	207	3	2	609	11	587	1.50e-259	723
KMAKEL_12915	BPPMOK_10790	35.2	480	273	7	130	598	202	654	3.81e-94	299
KMAKEL_12920	LKEOCB_02010	46.9	307	148	6	10	311	8	304	3.75e-82	248
KMAKEL_12925	PBJMKO_02295	43.7	444	248	2	8	451	7	448	4.02e-131	382
KMAKEL_12925	GGKJAP_00545	34.4	456	286	6	3	451	12	461	9.09e-81	262
KMAKEL_12930	OJKFBE_02425	46.7	366	181	8	13	364	140	505	6.17e-92	281
KMAKEL_12935	MDIEPL_01320	40.6	419	236	5	1	413	1	412	2.44e-92	281
KMAKEL_12945	AEGBGH_03235	47.4	312	161	3	6	315	15	325	3.03e-90	275
KMAKEL_12955	NDJCGB_25485	78.7	164	35	0	1	164	101	264	1.23e-90	261
KMAKEL_12965	DCEHBH_13415	64.3	115	41	0	1	115	1	115	1.21e-49	150
KMAKEL_12970	MAHJHN_10560	48.5	355	178	3	32	384	44	395	5.18e-106	314
KMAKEL_12975	NGIGMC_11335	45.6	307	151	6	1	295	1	303	3.37e-68	211
KMAKEL_12980	BNHFML_03630	43.5	260	123	5	71	330	70	305	2.16e-52	173
KMAKEL_12985	OIDBIB_07015	49.0	245	113	4	13	252	14	251	9.30e-72	216
KMAKEL_12990	NBGKDJ_08915	56.4	234	101	1	3	235	5	238	3.68e-89	259
KMAKEL_13045	LFFHHF_03375	69.0	422	130	1	1	421	84	505	1.43e-204	572
KMAKEL_13055	CFMBFO_15475	54.8	336	117	2	3	303	7	342	7.46e-125	357
KMAKEL_13080	LFKIEE_01960	48.4	531	271	2	1	529	1	530	1.01e-181	518
KMAKEL_13090	NPCMJE_14900	49.3	337	170	1	18	354	19	354	2.55e-118	343
KMAKEL_13095	CCDOAK_00015	36.8	505	293	11	6	499	30	519	8.23e-87	273
KMAKEL_13095	IOBNAI_13140	52.0	202	95	1	293	494	1	200	2.26e-63	202
KMAKEL_13100	NMNMDH_20545	50.9	385	180	1	11	386	28	412	3.18e-124	361
KMAKEL_13105	HPIFBD_09180	43.3	238	131	2	3	239	2	236	2.09e-67	204
KMAKEL_13115	JHLGGO_16935	38.7	1076	538	15	5	1059	7	981	3.09e-244	714
KMAKEL_13125	KOGAEP_24830	61.5	327	124	2	1	326	34	359	5.94e-149	420
KMAKEL_13130	MKDNFB_06670	40.8	720	388	6	9	690	7	726	2.48e-191	560
KMAKEL_13145	OFOEJC_06820	37.9	285	170	4	16	296	13	294	1.39e-59	188
KMAKEL_13160	MKDNFB_06670	38.3	724	404	7	10	693	6	726	4.47e-165	493
KMAKEL_13200	KJIPPC_08975	56.2	203	88	1	1	203	1	202	6.13e-74	221
KMAKEL_13205	FFOFOD_03260	58.5	130	54	0	1	130	263	392	2.12e-47	154
KMAKEL_13210	FFOFOD_03260	51.4	177	86	0	1	177	1	177	3.14e-58	183
KMAKEL_13220	INKIHH_10100	53.6	750	325	7	3	743	2	737	2.57e-261	736
KMAKEL_13220	NIHDHO_00130	30.7	602	378	12	44	639	2	570	3.01e-68	231
KMAKEL_13225	LOBHJJ_01635	39.6	222	132	2	5	224	6	227	2.85e-55	172
KMAKEL_13235	CPJNAH_07045	32.2	534	279	10	2	455	4	534	5.93e-72	235
KMAKEL_13340	IMJCGK_11625	40.7	518	292	7	1	509	1	512	1.86e-134	395
KMAKEL_13340	OBHJLJ_05995	31.9	514	332	5	12	508	13	525	2.04e-81	263
KMAKEL_13340	LJALIN_17780	28.0	508	362	4	3	507	50	556	6.44e-63	212
KMAKEL_13340	EHHHNJ_03925	27.6	514	324	9	3	509	3	475	3.89e-50	177
KMAKEL_13380	INHOHM_11200	51.5	619	279	10	11	614	93	705	6.12e-193	556
KMAKEL_13380	OOMOLM_10315	36.8	503	301	8	81	573	285	780	2.42e-90	294
KMAKEL_13380	PJGAFD_00175	31.1	589	378	9	38	614	45	617	1.09e-89	287
KMAKEL_13380	ALODHP_02915	28.8	556	365	10	48	585	118	660	2.50e-64	221
KMAKEL_13390	OOMOLM_10315	50.1	761	361	6	2	756	78	825	1.34e-229	663
KMAKEL_13390	PJGAFD_00175	34.1	548	335	11	216	757	89	616	3.51e-85	281
KMAKEL_13390	INHOHM_11200	28.8	781	464	18	1	762	1	708	2.66e-69	239
KMAKEL_13390	ALODHP_02915	29.0	500	336	7	213	705	155	642	6.86e-58	207
KMAKEL_13390	DIIMPP_11540	31.6	455	286	5	264	696	131	582	2.06e-49	182
KMAKEL_13400	JEKOGE_06050	32.7	452	292	6	13	457	9	455	3.73e-71	229
KMAKEL_13400	DNBNEF_09455	26.9	435	309	6	13	442	10	440	4.96e-44	156
KMAKEL_13410	MPNMPI_08435	38.1	706	379	15	5	679	3	681	1.77e-141	427
KMAKEL_13410	ENNDNJ_02705	27.1	727	437	16	11	672	97	795	1.63e-61	216
KMAKEL_13440	OMINCF_06730	34.4	436	279	5	6	437	3	435	5.25e-65	212
KMAKEL_13440	DIFDMH_04115	32.3	384	246	4	7	383	8	384	3.75e-57	191
KMAKEL_13450	NPLHCN_14260	40.7	381	215	4	337	710	1480	1856	1.03e-76	266
KMAKEL_13450	JHIMFH_08715	40.0	380	225	2	339	717	30	407	2.09e-76	248
KMAKEL_13460	NPLHCN_14260	36.0	531	202	7	449	977	1465	1859	1.07e-79	281
KMAKEL_13460	JHIMFH_08715	34.4	418	249	8	441	847	14	417	7.28e-62	213
KMAKEL_13470	HIADJD_07200	54.7	603	269	3	7	605	5	607	5.96e-221	635
KMAKEL_13475	AOOCMJ_07215	31.6	380	239	9	9	381	13	378	3.16e-47	162
KMAKEL_13475	OMINCF_00680	31.3	374	239	9	6	375	11	370	1.22e-45	157
KMAKEL_13480	FHGONL_08930	41.4	440	243	3	2	427	6	444	3.27e-120	360
KMAKEL_13480	NOJFKC_05310	53.5	198	87	1	401	593	5	202	7.47e-74	231
KMAKEL_13490	DPDMEB_15410	42.4	545	284	10	23	551	2	532	1.69e-137	405
KMAKEL_13500	PPPHGA_08905	62.7	490	180	1	3	492	2	488	3.30e-246	682
KMAKEL_13500	ELNOCH_01590	38.4	474	276	8	4	475	34	493	2.07e-112	357
KMAKEL_13510	NIHDHO_06285	50.4	458	221	2	1	454	1	456	6.53e-152	437
KMAKEL_13525	IPLLHO_16290	76.6	248	58	0	1	248	32	279	2.03e-142	397
KMAKEL_13530	IHPOBM_13605	45.0	398	201	1	5	384	6	403	3.07e-115	338
KMAKEL_13535	PNJNHA_08955	40.5	291	167	5	17	307	16	300	4.41e-58	186
KMAKEL_13570	OEKCMO_04465	36.1	238	151	1	369	606	353	589	2.88e-43	160
KMAKEL_13580	CCDOAK_00015	36.8	511	308	5	2	499	26	534	5.74e-100	307
KMAKEL_13580	IOBNAI_13140	39.9	213	126	1	281	491	1	213	4.52e-49	164
KMAKEL_13655	CNNHAB_04465	42.9	387	217	3	9	393	6	390	3.48e-98	295
KMAKEL_13655	KIFOBE_00585	33.2	395	254	5	5	396	2	389	2.00e-66	214
KMAKEL_13665	KPNMII_11605	45.3	570	290	7	3	569	2	552	1.85e-164	476
KMAKEL_13670	KKMOGI_03320	39.9	278	160	3	10	282	137	412	1.29e-67	212
KMAKEL_13670	LKAFFP_03145	38.5	275	162	5	1	272	112	382	6.58e-54	176
KMAKEL_13690	HAFNKM_08490	33.4	329	214	3	15	339	14	341	1.61e-54	181
KMAKEL_13690	OLKGPM_09705	34.7	372	224	6	26	394	43	398	9.80e-53	184
KMAKEL_13690	LEJEEC_08915	37.5	261	152	2	33	293	27	276	1.19e-46	160
KMAKEL_13700	OKLCDA_11440	42.6	380	175	7	8	363	10	370	3.19e-78	241
KMAKEL_13710	PBAKMA_17510	41.5	272	157	2	9	280	9	278	4.82e-63	197
KMAKEL_13715	PPCHMH_10210	40.5	220	124	2	4	220	3	218	4.85e-51	161
KMAKEL_13735	MFKGBO_06890	34.4	308	199	1	1	308	1	305	1.28e-59	189
KMAKEL_13740	JIBABB_11530	41.4	256	150	0	29	284	84	339	8.14e-65	203
KMAKEL_13785	OOFIDG_03175	43.7	421	228	5	8	424	2	417	2.52e-109	325
KMAKEL_13795	PLPLCB_02300	51.5	328	116	2	1	285	1	328	1.09e-109	317
KMAKEL_13915	DIIMPP_04560	37.0	303	177	5	13	308	8	303	5.14e-61	193
KMAKEL_13920	HJGNEK_01760	38.4	276	169	1	23	297	20	295	1.78e-69	214
KMAKEL_13920	HMNLEO_04995	33.2	268	175	4	33	297	26	292	6.11e-47	155
KMAKEL_13930	KCDKMK_07335	38.7	333	181	13	24	346	26	345	3.81e-64	210
KMAKEL_13970	FFOFOD_03260	49.9	393	196	1	1	393	1	392	7.42e-136	391
KMAKEL_13990	DNBNEF_09455	34.3	449	283	7	7	451	8	448	3.67e-75	239
KMAKEL_13990	JEKOGE_06050	26.7	464	299	9	1	445	1	442	5.99e-44	156
KMAKEL_14000	GNANIN_05260	43.3	478	264	5	90	566	4	475	3.50e-141	414
KMAKEL_14045	MGCPIK_11245	47.6	286	149	1	298	583	3	287	2.67e-90	276
KMAKEL_14045	JAFONP_12205	31.0	494	338	3	82	572	110	603	1.30e-68	229
KMAKEL_14045	OEDLLD_08805	29.7	485	328	5	96	572	243	722	1.23e-62	216
KMAKEL_14045	KAJCKN_09590	27.5	556	378	7	31	572	24	568	1.20e-61	210
KMAKEL_14050	MGCPIK_11245	43.8	267	150	0	296	562	4	270	1.65e-75	238
KMAKEL_14050	JAFONP_12205	28.1	509	338	7	70	562	101	597	4.11e-60	206
KMAKEL_14050	KAJCKN_09590	38.4	310	181	4	270	570	262	570	7.61e-60	205
KMAKEL_14050	OEDLLD_08805	29.6	517	341	9	60	562	209	716	1.67e-58	204
KMAKEL_14050	NDBPJJ_01855	27.9	469	319	5	87	539	96	561	2.13e-49	176
KMAKEL_14050	KMMJBO_11065	35.4	226	144	1	339	562	372	597	2.79e-42	157
KMAKEL_14105	FPMAMI_13105	38.6	220	134	1	1	219	1	220	1.03e-53	168
KMAKEL_14140	NIJAON_03930	45.6	287	147	3	1	278	1	287	4.36e-88	261
KMAKEL_14240	BDLLLF_08695	44.9	833	369	9	48	860	184	946	9.19e-226	658
KMAKEL_14260	LPCGND_12240	50.0	448	212	3	2	437	16	463	3.29e-150	433
KMAKEL_14275	KAJCKN_09590	37.5	549	334	6	168	713	27	569	5.12e-105	328
KMAKEL_14275	KMMJBO_11065	35.7	558	324	2	194	716	50	607	5.04e-102	322
KMAKEL_14275	OEDLLD_08805	33.1	495	329	2	219	713	231	723	2.20e-72	246
KMAKEL_14275	MGCPIK_11245	36.4	228	143	1	479	706	45	270	8.01e-44	155
KMAKEL_14280	OEDLLD_08805	66.1	528	179	0	85	612	203	730	2.70e-244	687
KMAKEL_14280	JAFONP_12205	36.9	582	355	4	26	606	35	605	2.22e-120	366
KMAKEL_14280	KAJCKN_09590	31.0	578	384	5	31	605	4	569	1.39e-82	266
KMAKEL_14280	KMMJBO_11065	27.5	619	400	10	29	609	1	608	9.74e-67	225
KMAKEL_14280	MGCPIK_11245	41.4	266	152	2	339	604	15	276	3.90e-61	201
KMAKEL_14295	IBDNDD_01930	47.1	244	126	2	4	245	2	244	1.07e-73	222
KMAKEL_14300	CGOKML_10095	56.7	291	124	2	1	290	1	290	1.00e-103	301
KMAKEL_14305	JGACAL_08620	50.1	635	307	6	3	633	3	631	9.47e-201	579
KMAKEL_14315	NPLHCN_07855	38.4	1196	649	11	1	1124	16	1195	1.06e-292	848
KMAKEL_14320	CHFKLB_13610	43.8	1284	643	19	3	1269	4	1225	0.0	938
KMAKEL_14320	NKCJOK_09390	36.3	1361	717	27	3	1267	4	1310	1.40e-244	733
KMAKEL_14325	EEBCBO_05060	41.6	457	246	8	12	466	6	443	1.61e-109	328
KMAKEL_14450	LKLDMN_19325	37.0	219	129	3	8	221	3	217	5.43e-48	154
KMAKEL_14465	GMHKEG_05155	59.5	873	341	7	1	870	1	863	0.0	1085
KMAKEL_14465	AEOEGG_04380	26.6	852	530	22	15	780	72	914	6.53e-84	288
KMAKEL_14475	PJAAIO_03310	35.4	435	263	7	1	428	1	424	4.12e-82	255
KMAKEL_14475	FLAJJJ_06280	58.8	170	70	0	18	187	9	178	2.31e-67	209
KMAKEL_14500	GLPAEG_01685	48.4	250	110	2	4	234	3	252	6.88e-74	221
KMAKEL_14525	KOGAEP_23345	57.7	352	141	3	2	352	96	440	4.59e-148	422
KMAKEL_14550	CFMBFO_15145	50.9	328	132	2	3	301	2	329	4.14e-102	299
KMAKEL_14555	KDNFKF_00210	47.2	288	146	4	1	286	1	284	3.78e-82	246
KMAKEL_14560	PIHIOG_02935	60.7	313	121	2	18	329	1	312	6.89e-125	357
KMAKEL_14575	NEDFAA_04305	93.2	103	7	0	1	103	74	176	1.69e-62	184
KMAKEL_14580	MFOGNL_14960	67.5	206	65	1	3	208	2	205	4.60e-97	277
KMAKEL_14585	DPDMEB_04405	72.5	218	48	1	1	206	1	218	9.46e-103	292
KMAKEL_14595	DPDMEB_04415	88.2	279	33	0	1	279	28	306	6.75e-178	489
KMAKEL_14610	DEDJGM_13625	66.8	208	68	1	1	207	1	208	1.69e-93	275
KMAKEL_14615	CJMCHC_02490	75.8	157	26	1	1	145	1	157	7.95e-84	239
KMAKEL_14630	AAPNJG_07775	79.0	124	24	1	1	122	1	124	1.40e-66	193
KMAKEL_14640	FEAPNK_12085	68.9	177	55	0	3	179	12	188	7.19e-91	259
KMAKEL_14650	JKJAJN_00245	66.9	133	41	1	1	133	1	130	2.81e-61	181
KMAKEL_14655	ALJLGD_10060	59.4	180	72	1	1	179	35	214	5.32e-68	202
KMAKEL_14665	GNANIN_06060	67.7	167	53	1	2	168	10	175	5.93e-73	213
KMAKEL_14675	AJKFOC_09065	71.4	147	41	1	1	146	1	147	1.09e-65	193
KMAKEL_14680	DLFNKE_04470	42.8	479	216	10	1	436	1	464	3.25e-117	347
KMAKEL_14685	DFHILB_18235	56.8	213	89	1	1	213	1	210	8.44e-88	254
KMAKEL_14690	EGEACP_03415	53.7	246	114	0	3	248	17	262	2.88e-94	274
KMAKEL_14700	EGMGCA_06090	78.2	124	25	1	1	122	1	124	4.48e-63	184
KMAKEL_14705	JHIMFH_02475	80.3	117	23	0	15	131	22	138	1.83e-65	191
KMAKEL_14710	ANAEHF_05660	52.8	197	91	1	1	197	1	195	3.78e-66	198
KMAKEL_14715	NPACKI_02020	72.5	320	84	2	1	319	1	317	1.85e-162	452
KMAKEL_14720	DPDMEB_04545	67.7	201	42	1	1	178	1	201	4.81e-87	250
KMAKEL_14735	IBDNDD_04560	45.9	246	124	5	2	239	3	247	6.02e-63	193
KMAKEL_14750	COAOJB_00535	53.1	192	87	2	1	189	1	192	1.14e-67	201
KMAKEL_14765	DELOGM_05175	52.4	246	113	3	14	256	9	253	9.23e-88	259
KMAKEL_14775	BCFHOD_11480	54.2	1252	557	10	3	1254	90	1324	0.0	1267
KMAKEL_14795	EDPPFC_05720	43.6	241	128	4	6	245	9	242	9.23e-59	186
KMAKEL_14800	OOFIDG_04160	50.8	193	94	1	16	208	16	207	8.33e-53	166
KMAKEL_14805	CEPJKO_06160	39.2	273	157	2	1	268	1	269	1.09e-63	199
KMAKEL_14845	FKEMDL_11265	31.8	444	273	3	23	466	13	426	3.26e-65	213
KMAKEL_14850	FIGKOO_11715	67.5	495	159	2	15	508	107	600	2.64e-242	673
KMAKEL_14850	KHCMCM_03020	32.5	453	286	7	54	501	38	475	2.59e-68	223
KMAKEL_14855	LCBAOM_08305	69.0	187	58	0	1	187	1	187	5.84e-95	272
KMAKEL_14860	DNJKHC_10565	48.9	331	166	3	1	330	1	329	3.64e-98	290
KMAKEL_14865	EKLPOK_11260	40.4	213	123	1	57	265	58	270	6.86e-48	156
KMAKEL_14870	GBJPGG_09795	46.0	215	95	4	10	205	9	221	9.15e-60	183
KMAKEL_14875	KKGKIC_13160	50.7	379	184	2	4	380	10	387	4.81e-130	376
KMAKEL_14880	OJPNIC_09355	45.5	220	120	0	13	232	17	236	1.06e-68	209
KMAKEL_14890	ELNOCH_10340	48.5	291	149	1	3	293	2	291	2.31e-101	296
KMAKEL_14895	JLJJEA_09515	44.9	332	180	2	375	706	2	330	2.17e-87	274
KMAKEL_14900	FCAKMF_01170	48.1	283	147	0	12	294	10	292	2.13e-93	275
KMAKEL_14910	PEFDJK_00040	43.7	606	323	7	6	604	20	614	7.89e-165	483
KMAKEL_14920	IINDLL_05235	55.8	283	124	1	7	288	6	288	4.87e-111	319
KMAKEL_14925	LCBCLP_15410	45.8	358	190	3	1	357	1	355	3.95e-99	294
KMAKEL_14925	IDNIFB_04595	40.9	350	204	2	8	354	7	356	6.50e-90	271
KMAKEL_14930	BKEOOB_02685	45.2	221	121	0	2	222	4	224	6.58e-58	179
KMAKEL_14935	CFELJI_01420	48.5	303	154	2	1	301	1	303	3.82e-93	275
KMAKEL_14940	IDAAGF_13140	40.9	359	202	5	41	394	75	428	6.42e-93	282
KMAKEL_14955	MFGBFB_07135	49.8	207	99	3	1	205	1	204	1.26e-68	205
KMAKEL_15015	JHIMFH_08715	41.3	385	216	5	540	920	29	407	3.95e-81	265
KMAKEL_15015	NPLHCN_14260	40.6	389	219	7	539	920	1480	1863	5.99e-73	259
KMAKEL_15020	BMCEAO_10385	81.4	652	121	0	4	655	66	717	0.0	1058
KMAKEL_15025	LPCGND_06910	60.4	346	132	2	1	341	1	346	4.18e-143	406
KMAKEL_15025	PFGANA_12245	37.6	343	199	4	4	340	12	345	4.51e-72	224
KMAKEL_15035	OFMOME_08970	59.4	604	235	4	1	596	12	613	1.16e-240	674
KMAKEL_15040	MKABCP_06035	43.5	391	201	5	3	393	2	372	4.83e-107	316
KMAKEL_15050	JIDGJJ_02600	50.1	353	139	3	1	316	1	353	4.35e-116	335
KMAKEL_15050	AEOGEB_05155	32.5	320	198	9	2	315	26	333	3.24e-50	166
KMAKEL_15055	NDJAKL_07675	47.6	252	123	3	1	246	1	249	1.35e-70	213
KMAKEL_15055	JLCMGD_11090	43.7	247	136	3	1	247	1	244	1.44e-61	190
KMAKEL_15060	MKENAJ_04070	38.2	374	227	4	4	375	6	377	1.18e-84	259
KMAKEL_15065	HEEEIG_05985	48.4	386	189	4	7	392	6	381	4.12e-120	350
KMAKEL_15075	ODHFDB_02170	51.6	417	173	6	1	390	1	415	3.97e-136	398
KMAKEL_15075	BGMBNC_08915	31.5	387	255	4	7	387	28	410	1.01e-56	190
KMAKEL_15075	NJKLPJ_06960	32.1	408	264	7	1	402	40	440	1.96e-52	179
KMAKEL_15085	OLKGPM_04045	58.0	138	57	1	1	137	1	138	2.64e-50	154
KMAKEL_15095	KDFDAI_07250	58.3	554	227	2	80	630	154	706	4.00e-238	672
KMAKEL_15110	DKDGNM_20170	42.5	207	115	3	10	212	12	218	1.42e-54	170
KMAKEL_15110	IOMEKN_03295	41.7	211	121	2	2	212	4	212	7.75e-49	155
KMAKEL_15115	MPNMPI_01965	37.1	321	191	3	3	323	5	314	7.18e-69	217
KMAKEL_15115	HFAHKK_07810	31.7	379	151	5	3	275	5	381	4.17e-51	180
KMAKEL_15125	BCFHOD_04585	43.3	210	116	2	5	214	8	214	1.07e-57	178
KMAKEL_15130	BPPMOK_02305	43.7	316	167	5	1	306	1	315	5.41e-84	253
KMAKEL_15180	NGIBDE_08595	38.3	449	275	1	3	449	35	483	3.20e-99	302
KMAKEL_15180	GKLKJE_14420	28.2	380	270	1	13	389	8	387	8.39e-44	156
KMAKEL_15200	LPPKAH_00625	41.4	331	188	5	1	326	1	330	3.12e-101	298
KMAKEL_15210	CAGOKC_03555	52.2	157	38	1	125	281	10	129	8.65e-50	159
KMAKEL_15215	IHPOBM_13605	39.9	411	228	3	9	400	1	411	1.12e-102	307
KMAKEL_15225	ANBPFB_04615	42.3	582	275	8	1	532	1	571	2.22e-154	452
KMAKEL_15240	NPLHCN_14260	38.2	406	238	3	484	880	1458	1859	2.70e-77	271
KMAKEL_15240	JHIMFH_08715	41.2	376	214	3	509	880	31	403	4.23e-76	251
KMAKEL_15250	JHIMFH_08715	38.4	380	229	3	79	457	32	407	5.23e-78	245
KMAKEL_15250	NPLHCN_14260	38.9	398	234	4	61	453	1466	1859	7.47e-78	260
KMAKEL_15255	OKLCDA_08070	54.2	369	145	3	3	348	10	377	7.95e-137	390
KMAKEL_15260	JEKOGE_06050	40.8	446	258	4	8	450	7	449	7.51e-99	300
KMAKEL_15260	ADOCAH_04505	46.9	207	110	0	25	231	2	208	1.18e-54	179
KMAKEL_15260	DNBNEF_09455	29.2	452	304	7	1	446	1	442	3.40e-48	167
KMAKEL_15260	NOJFKC_04840	26.7	424	293	7	11	430	14	423	1.11e-41	150
KMAKEL_15295	EDPPFC_05720	48.1	237	108	2	3	224	6	242	5.19e-73	218
KMAKEL_15300	LNKMPC_14825	64.3	199	71	0	82	280	1	199	8.64e-94	279
KMAKEL_15305	LAMMKD_09880	48.5	423	213	2	4	424	60	479	1.88e-143	414
KMAKEL_15305	OKNPEK_06340	41.1	416	240	3	5	419	6	417	6.55e-115	339
KMAKEL_15335	AMDFLH_11040	47.3	207	108	1	69	275	1	206	6.96e-57	180
KMAKEL_15350	ANGKFO_01360	52.2	297	138	4	25	319	3	297	7.55e-103	300
KMAKEL_15355	NNFGHE_00040	55.6	482	208	4	2	478	2	482	1.10e-182	517
KMAKEL_15360	PBNOEJ_04255	50.9	458	216	4	1	450	12	468	5.95e-162	462
KMAKEL_15375	PPPHGA_24900	60.0	180	72	0	1	180	22	201	2.70e-82	238
KMAKEL_15440	ABEGPG_12235	49.8	265	132	1	2	266	3	266	3.95e-95	277
KMAKEL_15450	BCPHIN_13045	45.9	673	360	2	3	672	3	674	9.47e-198	571
KMAKEL_15460	OJKFBE_02425	54.2	382	172	2	17	397	127	506	2.85e-134	390
KMAKEL_15460	GLACJI_00375	36.2	378	210	7	26	391	12	370	2.76e-57	188
KMAKEL_15470	JKBIAL_06555	52.0	300	139	5	3	299	2	299	1.13e-94	279
KMAKEL_15475	EDPPFC_16165	49.6	246	116	3	2	244	3	243	5.40e-70	211
KMAKEL_15480	AHPIPH_01830	56.9	408	176	0	3	410	19	426	2.95e-161	457
KMAKEL_15495	IJGGGM_15885	51.9	441	202	3	1	440	1	432	6.99e-159	452
KMAKEL_15495	AADGFO_06055	45.3	450	234	4	2	441	25	472	1.31e-138	422
KMAKEL_15500	NPKNPB_04480	48.3	267	136	1	15	281	21	285	2.57e-83	258
KMAKEL_15505	MBIIBD_01400	76.5	486	111	1	1	483	29	514	9.38e-286	779
KMAKEL_15505	PBNOEJ_11460	31.8	529	286	17	6	474	37	550	3.43e-61	206
KMAKEL_15510	NIHDHO_00130	44.4	568	315	1	21	587	2	569	3.95e-169	489
KMAKEL_15510	INKIHH_10100	31.6	620	384	15	1	590	23	632	1.42e-68	232
KMAKEL_15525	KAIHOP_11310	47.7	310	150	4	15	313	2	310	1.14e-100	295
KMAKEL_15565	HFPDKM_12815	65.6	529	181	1	1	529	34	561	1.07e-254	704
KMAKEL_15565	JIBNCO_01295	28.9	492	296	13	8	461	39	514	9.78e-47	170
KMAKEL_15580	GIBOLB_01575	46.2	385	206	1	4	387	7	391	1.74e-100	301
KMAKEL_15590	PPPHGA_20880	46.4	343	134	5	3	295	6	348	6.14e-88	263
KMAKEL_15595	NGMOPK_00295	60.2	611	242	1	1	610	1	611	7.64e-273	758
KMAKEL_15600	INKIHH_10055	45.1	244	129	3	4	246	6	245	9.51e-63	194
KMAKEL_15605	FKEMDL_14575	47.6	290	146	2	1	286	11	298	2.74e-83	249
KMAKEL_15615	FHGONL_08010	53.3	559	259	1	1	559	1	557	2.25e-191	545
KMAKEL_15620	JPEPBC_05735	39.1	404	235	8	2	400	53	450	4.75e-84	260
KMAKEL_15625	EOGDPL_25690	51.1	268	121	4	2	263	3	266	4.89e-92	269
KMAKEL_15630	GNANIN_05260	52.9	480	223	2	1	480	1	477	1.00e-187	529
KMAKEL_15635	OIDBIB_12205	52.2	316	149	2	10	325	7	320	8.57e-109	317
KMAKEL_15645	JLFFKH_01745	68.0	485	154	1	35	519	76	559	1.81e-180	515
KMAKEL_15655	NLNKCD_03020	46.9	290	149	2	4	293	3	287	6.84e-91	268
KMAKEL_15665	JKFCNN_08040	46.0	341	172	4	5	340	31	364	1.81e-105	310
KMAKEL_15670	ABGNMO_02010	40.0	437	245	4	7	429	11	444	3.90e-93	287
KMAKEL_15680	MKENAJ_04070	53.2	391	181	2	1	389	1	391	4.85e-148	421
KMAKEL_15685	LKLDMN_17670	67.2	128	40	1	1	128	13	138	2.17e-61	182
KMAKEL_15690	IFHDGK_16005	41.5	774	411	5	3	771	57	793	8.69e-183	543
KMAKEL_15700	KOJDON_08905	44.4	268	149	0	5	272	2	269	1.90e-85	253
KMAKEL_15705	ENCFBG_07925	61.1	339	124	6	1	336	1	334	3.18e-134	382
KMAKEL_15710	PKLMMB_11890	58.5	390	154	5	5	392	3	386	2.50e-152	432
KMAKEL_15715	HOBHPC_14180	57.9	247	103	1	3	248	22	268	2.39e-97	282
KMAKEL_15720	CPJNAH_07045	35.4	460	213	7	7	382	72	531	2.13e-87	273
KMAKEL_15730	FAIDMJ_00870	45.0	462	241	8	2	453	39	497	7.56e-128	376
KMAKEL_15745	NPACKI_02135	45.7	363	184	6	5	364	1	353	9.37e-98	295
KMAKEL_15750	EEMLEJ_12835	58.6	512	207	2	2	512	90	597	4.14e-212	597
KMAKEL_15755	GKLKJE_14420	44.5	445	246	1	1	444	5	449	8.18e-115	341
KMAKEL_15755	DIFDMH_04115	34.1	387	252	3	4	389	7	391	2.13e-67	218
KMAKEL_15755	OMINCF_06730	31.1	431	294	2	4	433	4	432	1.27e-60	200
KMAKEL_15755	NGIBDE_08595	27.7	447	313	3	2	443	45	486	1.24e-52	180
KMAKEL_15755	AIAJBN_07055	28.4	387	271	2	5	389	8	390	2.25e-43	154
KMAKEL_15760	FAIDMJ_00835	40.8	265	143	5	258	521	65	316	1.00e-57	191
KMAKEL_15775	HJOCCA_05215	38.2	398	218	8	1	378	1	390	3.69e-75	235
KMAKEL_15785	NIINMJ_13500	61.4	339	130	1	1	338	39	377	1.19e-158	445
KMAKEL_15790	IEDJIN_08965	41.1	207	120	2	1	207	5	209	1.31e-47	152
KMAKEL_15800	NKCJOK_06160	53.9	740	334	3	2	734	21	760	1.96e-281	788
KMAKEL_15800	NMDBHH_21210	32.8	661	372	18	2	596	3	657	1.02e-95	310
KMAKEL_15800	NKDPLI_06995	25.7	700	410	23	3	665	5	631	5.98e-44	167
KMAKEL_15810	GBCGGE_06705	54.0	215	99	0	1	215	31	245	2.66e-83	244
KMAKEL_15820	FGDENG_01340	32.6	828	487	14	1	789	25	820	6.13e-145	443
KMAKEL_15820	FGOPKK_02625	25.9	821	528	20	3	789	2147	2921	8.12e-80	277
KMAKEL_15835	PDFOPD_12205	66.8	304	100	1	2	305	45	347	1.26e-149	421
KMAKEL_15840	DNKAFD_19235	42.4	271	150	3	15	281	34	302	2.76e-74	226
KMAKEL_15860	DCNHNC_05375	49.0	755	344	5	4	718	6	759	9.20e-258	727
KMAKEL_15865	BAJPMC_08090	81.3	353	66	0	1	353	24	376	2.12e-216	592
KMAKEL_15870	FFOFOD_03260	49.6	393	197	1	1	393	1	392	8.51e-135	388
KMAKEL_15890	ICHLBC_04555	49.7	370	175	2	10	368	2	371	2.66e-127	367
KMAKEL_15895	AFLAMK_09165	48.4	215	108	2	1	215	1	212	7.93e-67	201
KMAKEL_15900	MOJDIP_00905	49.1	395	194	3	4	397	1	389	6.99e-138	395
KMAKEL_15900	LLGOHG_02035	80.9	115	22	0	217	331	13	127	1.40e-63	202
KMAKEL_15905	LLGOHG_02035	82.5	154	27	0	1	154	131	284	4.45e-91	263
KMAKEL_15920	JHIMFH_03870	45.4	535	277	6	1	534	1	521	8.14e-149	434
KMAKEL_16025	AIAJBN_07055	42.4	448	256	1	1	446	1	448	2.29e-120	355
KMAKEL_16025	OMINCF_06730	30.5	394	260	6	9	395	6	392	3.56e-44	156
KMAKEL_16040	KOGAEP_18980	42.9	931	447	13	8	861	12	934	3.25e-220	644
KMAKEL_16040	IFHDGK_16005	28.5	713	454	20	20	724	55	719	7.59e-66	233
KMAKEL_16070	KKMOGI_09785	49.8	275	133	2	5	276	7	279	1.06e-83	249
KMAKEL_16075	FOOLJF_05335	62.4	237	89	0	2	238	36	272	7.27e-98	283
KMAKEL_16130	KKGFNE_01495	42.9	532	250	4	12	489	12	543	5.36e-154	446
KMAKEL_16145	IPLLHO_16745	45.4	295	135	6	2	279	21	306	1.82e-76	231
KMAKEL_16150	CAEOFN_12655	43.4	399	226	0	1	399	1	399	8.02e-124	360
KMAKEL_16155	OBHJLJ_05995	44.3	654	343	3	1	635	3	654	1.53e-186	539
KMAKEL_16155	IMJCGK_11625	34.3	519	334	5	2	519	3	515	9.91e-95	297
KMAKEL_16155	LJALIN_17780	32.0	535	354	6	2	534	50	576	4.34e-88	282
KMAKEL_16155	EHHHNJ_03925	31.3	552	326	10	1	546	2	506	5.94e-84	271
KMAKEL_16160	JMCFPI_03930	45.3	203	111	0	3	205	2	204	1.64e-58	181
KMAKEL_16165	MCNJPA_03870	42.0	509	255	10	1	487	1	491	6.12e-113	340
KMAKEL_16165	MEIOOM_00955	39.4	284	151	6	227	499	138	411	2.72e-42	152
KMAKEL_16170	NEHECH_06835	49.1	373	184	3	6	375	2	371	6.08e-120	348
KMAKEL_16180	OHAPKC_02295	49.6	268	132	3	169	435	25	290	1.01e-76	237
KMAKEL_16180	OEDLLD_01520	33.7	415	243	10	35	431	34	434	1.40e-56	189
KMAKEL_16180	CJHDOF_08685	29.3	399	273	4	5	402	2	392	2.93e-49	169
KMAKEL_16185	MKBKLI_02280	44.0	241	132	2	1	239	1	240	1.21e-65	200
KMAKEL_16190	MJHEOC_08970	58.4	197	82	0	53	249	58	254	1.35e-77	234
KMAKEL_16195	PNJNHA_01100	49.8	279	130	4	1	278	1	270	4.05e-92	271
KMAKEL_16200	KKMOGI_12335	61.3	437	161	6	16	451	14	443	3.24e-177	501
KMAKEL_16200	NLNKCD_09525	37.8	423	245	9	42	461	127	534	7.83e-74	241
KMAKEL_16200	PFNDEF_04205	36.8	416	243	11	51	462	362	761	2.82e-64	219
KMAKEL_16200	PPECAL_07255	28.2	517	296	11	17	461	20	533	4.50e-43	155
KMAKEL_16205	EFDFGM_07515	37.5	352	206	5	3	341	1	351	5.34e-78	239
KMAKEL_16210	JCMKKN_10135	46.8	806	412	6	1	804	1	791	9.36e-255	724
KMAKEL_16230	PODFGD_12430	58.6	140	58	0	152	291	1	140	1.05e-58	181
KMAKEL_16230	EGEACP_03415	35.8	246	153	2	46	289	19	261	6.74e-52	167
KMAKEL_16235	COHCOF_08135	66.7	114	38	0	1	114	38	151	8.47e-51	154
KMAKEL_16245	EGEPOE_05725	47.0	281	143	4	1	277	1	279	1.63e-86	256
KMAKEL_16250	IBDNDD_10640	51.6	215	101	2	34	246	37	250	1.53e-65	201
KMAKEL_16265	CMLBML_12860	47.9	330	172	0	55	384	34	363	7.48e-116	338
KMAKEL_16270	LKEOCB_03770	43.7	428	240	1	8	435	5	431	1.57e-132	386
KMAKEL_16275	DKAAEG_09340	56.0	439	193	0	3	441	21	459	1.17e-176	498
KMAKEL_16285	DIIMPP_15145	55.6	333	146	1	3	335	18	348	2.67e-123	355
KMAKEL_16355	BBGPKN_01595	50.3	193	94	2	7	198	6	197	1.32e-52	164
KMAKEL_16360	CKFMIE_05350	46.4	280	144	2	5	278	1	280	1.52e-80	241
KMAKEL_16360	KDJCIO_04690	40.2	266	147	4	13	278	7	260	7.82e-63	195
KMAKEL_16370	NKBHGG_02835	49.5	301	139	4	32	322	47	344	5.21e-94	279
KMAKEL_16375	FOOLJF_05335	60.8	245	96	0	17	261	28	272	2.44e-97	283
KMAKEL_16380	ABGNMO_11950	46.4	179	94	2	3	180	4	181	2.42e-50	158
KMAKEL_16490	CPMPBM_08260	49.5	396	183	6	68	452	1	390	2.79e-128	373
KMAKEL_16580	GOMNJH_00285	46.4	345	169	3	449	777	93	437	8.14e-91	288
KMAKEL_16595	LKLDMN_19325	40.7	216	124	2	8	223	4	215	3.43e-52	166
KMAKEL_16605	PHBJAG_07175	36.9	225	138	1	1	221	1	225	1.09e-49	159
KMAKEL_16685	HEJLIN_12385	41.4	370	198	3	10	376	10	363	5.42e-87	264
KMAKEL_16730	FKNOEG_18110	79.8	119	24	0	2	120	3	121	2.79e-62	183
KMAKEL_16750	MEIOOM_03965	34.9	258	161	3	1	258	95	345	5.06e-53	172
KMAKEL_16785	BDLLLF_04730	44.3	282	157	0	78	359	90	371	1.15e-74	234
KMAKEL_16795	LKLDMN_19325	41.4	220	115	4	19	230	4	217	2.96e-47	152
KMAKEL_16825	BCFHOD_06925	36.0	311	179	6	1	306	1	296	1.37e-52	177
KMAKEL_16875	INHOHM_11200	46.6	715	354	9	81	783	5	703	2.14e-197	574
KMAKEL_16875	OOMOLM_10315	30.4	793	485	18	5	748	10	784	5.28e-98	319
KMAKEL_16875	PJGAFD_00175	31.3	620	397	11	175	783	14	615	1.27e-80	267
KMAKEL_16875	ALODHP_02915	30.3	558	355	10	218	756	118	660	9.63e-67	231
KMAKEL_16875	DIIMPP_11540	26.9	510	334	12	254	729	78	582	3.01e-40	154
KMAKEL_16890	LKIDNC_01490	29.1	460	282	14	5	453	7	433	4.26e-47	170
KMAKEL_16900	EDGMOJ_05785	69.9	236	71	0	9	244	146	381	3.16e-104	303
KMAKEL_16925	EAGKMD_04415	42.4	396	225	3	3	397	8	401	1.18e-111	330
KMAKEL_16950	JGACAL_05355	47.4	156	82	0	106	261	1	156	1.68e-48	155
KMAKEL_16985	DLLMNB_06850	48.5	437	214	4	7	442	23	449	2.19e-147	424
KMAKEL_16985	BBHEJI_04215	32.6	429	252	10	14	413	1	421	1.00e-64	210
KMAKEL_16995	EAGKMD_04415	43.5	331	185	2	3	333	8	336	3.69e-89	270
KMAKEL_17080	DLLMNB_06850	45.4	432	223	5	2	432	30	449	1.00e-132	386
KMAKEL_17080	BBHEJI_04215	33.5	418	243	9	13	403	12	421	6.70e-62	202
KMAKEL_17105	GOMNJH_00285	67.4	276	67	3	461	721	86	353	4.40e-122	369
KMAKEL_17110	MGKNOI_04015	31.2	587	314	21	83	611	6	560	2.30e-51	183
KMAKEL_17135	NKCJOK_06160	37.4	658	369	11	2	626	22	669	8.24e-133	406
KMAKEL_17135	NMDBHH_21210	31.7	653	361	16	3	574	5	653	1.12e-75	255
KMAKEL_17140	PPECAL_13020	40.5	291	162	6	400	685	17	301	2.07e-60	206
KMAKEL_17160	BCFHOD_06925	50.4	359	171	4	1	357	1	354	1.12e-116	342
KMAKEL_17160	FPHNOE_07640	29.8	477	288	5	1	433	9	482	1.97e-62	206
KMAKEL_17205	EAGKMD_04415	45.5	393	212	2	4	395	9	400	1.85e-121	355
KMAKEL_17210	FCAKMF_05370	53.3	152	65	2	1	152	1	146	3.20e-54	164
KMAKEL_17225	CGFENC_13365	65.8	313	97	2	1	304	48	359	5.87e-135	383
KMAKEL_17230	AJKFOC_09815	47.8	337	155	2	1	318	1	335	5.91e-97	286
KMAKEL_17245	CJHDOF_08685	52.0	408	190	4	15	418	15	420	1.78e-134	389
KMAKEL_17245	OEDLLD_01520	28.6	427	283	7	2	409	4	427	9.99e-47	163
KMAKEL_17265	PDFOOG_10895	53.4	451	198	5	4	449	3	446	2.11e-174	493
KMAKEL_17270	ICGKAE_00315	58.1	744	273	5	1	743	1	706	4.64e-262	744
KMAKEL_17270	IFDCNO_13355	34.5	455	258	10	1	447	1	423	1.78e-54	190
KMAKEL_17275	HKDGPL_08525	47.6	569	289	4	3	569	5	566	3.05e-182	522
KMAKEL_17280	CMLBML_04810	46.9	175	88	2	1	172	1	173	3.71e-53	163
KMAKEL_17285	AJOCFB_04545	46.0	731	378	8	48	774	77	794	1.17e-216	626
KMAKEL_17295	HIADJD_14290	58.4	397	165	0	100	496	168	564	8.78e-164	472
KMAKEL_17305	NIIHOH_07395	71.5	404	115	0	1	404	60	463	2.59e-211	585
KMAKEL_17305	GGKJAP_04230	32.7	349	208	9	3	344	14	342	7.56e-50	171
KMAKEL_17310	JAEGOD_04615	46.9	588	303	7	8	592	6	587	4.78e-180	518
KMAKEL_17310	ODHFDB_02970	41.5	581	314	15	23	589	5	573	1.92e-129	388
KMAKEL_17315	HEEEIG_02325	51.0	249	122	0	3	251	3	251	7.02e-84	247
KMAKEL_17330	LKLDMN_19325	42.9	219	122	1	3	221	4	219	3.17e-67	202
KMAKEL_17355	JPGONO_05465	37.2	433	258	5	117	537	116	546	3.93e-88	278
KMAKEL_17360	FNLNFA_03580	48.4	285	145	2	3	286	2	285	6.64e-92	270
KMAKEL_17365	FCHNIC_10895	46.9	589	309	3	1	588	1	586	2.31e-185	531
KMAKEL_17365	PNJNHA_04955	30.8	568	365	11	25	588	22	565	6.08e-76	248
KMAKEL_17380	DEAMOH_15020	50.2	201	95	1	1	196	1	201	6.82e-66	199
KMAKEL_17380	EGEPOE_04770	37.3	212	130	1	2	213	5	213	5.19e-46	154
KMAKEL_17395	LHMIFE_06310	46.7	300	159	1	1	300	1	299	6.12e-96	281
KMAKEL_17405	PCHHPE_13495	51.2	250	104	5	5	244	58	299	3.05e-72	219
KMAKEL_17410	FFOHFI_09755	85.6	243	32	1	1	240	86	328	3.45e-149	416
KMAKEL_17415	IBBLIJ_02180	46.3	315	158	4	1	312	1	307	2.59e-73	224
KMAKEL_17430	MEIOOM_03965	41.8	256	140	5	3	257	98	345	3.67e-56	180
KMAKEL_17530	FAIDMJ_00835	40.5	257	139	5	250	505	73	316	6.71e-59	194
KMAKEL_17550	EAGKMD_04415	66.8	395	131	0	3	397	8	402	1.71e-193	538
KMAKEL_17580	LMAAGL_07260	43.1	225	121	3	5	224	3	225	1.16e-58	184
KMAKEL_17615	BCFHOD_06925	50.1	359	172	4	1	357	1	354	2.31e-116	342
KMAKEL_17615	FPHNOE_07640	30.5	485	290	6	1	441	9	490	7.92e-68	221
KMAKEL_17645	PPECAL_13020	39.9	291	165	6	400	686	17	301	6.78e-58	199
KMAKEL_17650	NKCJOK_06160	36.9	658	372	10	2	626	22	669	1.06e-129	398
KMAKEL_17650	NMDBHH_21210	31.9	653	360	16	3	574	5	653	5.45e-74	251
KMAKEL_17670	MGKNOI_04015	30.3	587	319	21	83	611	6	560	8.20e-48	173
KMAKEL_17675	GOMNJH_00285	71.5	362	80	3	461	807	86	439	1.10e-182	527
KMAKEL_17810	JHLGGO_16935	27.4	1073	618	31	5	1012	9	985	1.66e-108	357
KMAKEL_17825	NLAFOC_00650	49.6	268	132	2	1	267	3	268	9.98e-91	266
KMAKEL_17830	PHLAAH_09875	54.8	589	264	2	7	595	5	591	1.58e-229	644
KMAKEL_17835	OEDLLD_08805	43.2	518	282	4	78	587	215	728	8.30e-136	409
KMAKEL_17835	JAFONP_12205	32.3	597	391	5	1	588	18	610	3.58e-103	321
KMAKEL_17835	KAJCKN_09590	30.1	485	329	4	105	582	88	569	9.08e-69	229
KMAKEL_17835	KMMJBO_11065	26.4	605	402	5	20	583	3	605	5.64e-63	214
KMAKEL_17835	MGCPIK_11245	42.2	232	131	2	352	581	46	276	5.93e-55	184
KMAKEL_17840	KMMJBO_11065	53.9	610	259	2	1	588	1	610	1.93e-211	599
KMAKEL_17840	KAJCKN_09590	36.7	575	346	3	10	582	11	569	9.31e-109	335
KMAKEL_17840	JAFONP_12205	29.9	582	393	3	2	583	39	605	5.18e-73	242
KMAKEL_17840	OEDLLD_08805	29.9	532	354	3	59	588	215	729	1.67e-60	210
KMAKEL_17850	ELHJGG_08225	46.4	250	130	4	302	551	2	247	9.65e-67	213
KMAKEL_17855	KMFKPJ_12195	38.3	282	148	6	1	273	1	265	9.82e-46	159
KMAKEL_17860	BIKKBB_00065	61.5	301	116	0	1	301	1	301	1.74e-132	375
KMAKEL_17865	BKMNND_07850	50.3	660	293	6	1	634	1	651	1.89e-209	597
KMAKEL_17880	PFNDEF_12515	47.4	249	129	2	1	247	1	249	8.50e-73	219
KMAKEL_17885	OGFCAC_13505	41.9	358	189	5	21	367	1	350	6.92e-81	248
KMAKEL_17930	KAMEPO_07290	58.5	381	156	2	1	379	1	381	2.35e-151	432
KMAKEL_17950	IFHDGK_04315	54.4	237	108	0	6	242	5	241	9.17e-88	269
KMAKEL_17950	PPPHGA_03180	45.3	190	104	0	46	235	37	226	2.25e-58	182
KMAKEL_17990	GLPAEG_01685	37.9	248	135	1	26	254	5	252	8.10e-51	163
KMAKEL_18000	GOBLEJ_10390	70.5	149	44	0	1	149	67	215	4.49e-76	222
KMAKEL_18005	BKOPBA_06250	72.1	444	124	0	1	444	21	464	6.58e-233	641
KMAKEL_18010	LKAFFP_00125	48.9	442	225	1	12	453	11	451	1.88e-151	434
KMAKEL_18015	MOLHNH_07985	58.3	168	69	1	1	167	1	168	2.45e-69	204
KMAKEL_18025	JFOKOO_10195	56.8	185	79	1	1	185	1	184	3.84e-75	220
KMAKEL_18030	MGCHGM_05220	34.5	336	212	3	1	335	1	329	8.93e-73	225
KMAKEL_18040	GEHMID_04080	40.7	226	126	3	5	225	3	225	1.41e-56	176
KMAKEL_18045	IEDJIN_05035	64.6	209	74	0	303	511	1	209	1.93e-93	280
KMAKEL_18050	NEALDO_02625	56.3	199	86	1	1	199	1	198	1.39e-76	225
KMAKEL_18055	NMNMDH_09010	55.2	252	111	1	1	250	1	252	1.88e-94	274
KMAKEL_18060	GOMFON_03155	52.9	189	88	1	34	221	33	221	2.83e-66	200
KMAKEL_18065	HJGNEK_11040	30.4	542	366	6	5	536	11	551	1.45e-77	251
KMAKEL_18065	FPHHHP_11230	26.5	506	351	7	3	505	2	489	3.35e-41	152
KMAKEL_18070	PGPAMD_00760	55.4	1411	618	7	6	1409	3	1408	0.0	1547
KMAKEL_18075	FPHNOE_05055	76.1	376	90	0	1	376	1	376	1.49e-219	603
KMAKEL_18085	PKHOKF_04630	94.4	357	20	0	1	357	93	449	7.65e-242	660
KMAKEL_18090	LJGBCE_12900	79.2	554	115	0	1	554	31	584	0.0	888
KMAKEL_18090	GIBOLB_11285	42.5	551	281	10	23	553	17	551	2.72e-121	365
KMAKEL_18095	KPNMII_11605	53.3	552	255	2	1	550	1	551	7.78e-209	588
KMAKEL_18100	CJFJOL_15720	79.7	359	73	0	1	359	33	391	1.39e-211	581
KMAKEL_18105	AJODMC_03980	52.2	389	181	4	1	387	1	386	5.80e-135	387
KMAKEL_18120	POKEEB_12070	45.4	328	167	5	6	324	2	326	6.23e-87	261
KMAKEL_18125	OCLNOI_00625	40.1	581	309	8	113	659	17	592	1.16e-143	433
KMAKEL_18135	EDPPFC_05720	38.3	240	142	4	6	241	7	244	3.79e-45	152
KMAKEL_18155	JLBLBH_05410	37.0	308	140	5	10	271	11	310	1.97e-60	190
KMAKEL_18160	MFPDBE_06270	39.5	352	201	6	262	611	1	342	7.75e-80	252
KMAKEL_18165	MFPDBE_06270	29.9	351	231	7	1	342	1	345	5.26e-48	161
KMAKEL_18170	JPGONO_05465	30.9	559	348	9	5	538	4	549	5.43e-74	241
KMAKEL_18180	MGCPIK_00310	36.2	276	173	1	13	288	23	295	1.97e-52	179
KMAKEL_18190	AHFGAK_17940	48.0	408	206	4	6	411	3	406	8.40e-126	366
KMAKEL_18195	DHNCOO_05400	44.9	870	477	2	3	871	4	872	2.04e-268	765
KMAKEL_18205	MEIOOM_03965	41.5	258	142	4	5	261	97	346	5.64e-60	190
KMAKEL_18245	ODPBAK_18965	75.0	2465	435	14	1	2295	1	2453	0.0	3548
KMAKEL_18320	GOMNJH_00285	48.4	347	162	3	447	777	93	438	4.02e-97	305
KMAKEL_18325	NDJCGB_14900	62.4	125	47	0	1	125	1	125	9.29e-62	182
KMAKEL_18360	JEKOGE_06050	34.7	455	285	5	3	451	2	450	3.50e-86	268
KMAKEL_18360	NOJFKC_04840	32.0	440	294	2	15	454	15	449	1.25e-69	224
KMAKEL_18360	DNBNEF_09455	29.2	442	302	6	9	442	6	444	6.67e-58	194
KMAKEL_18370	LKLDMN_19325	45.7	221	114	3	1	219	1	217	5.79e-56	174
KMAKEL_18380	DPDMEB_13265	41.0	227	117	4	6	222	33	252	2.48e-55	174
KMAKEL_18435	OLKGPM_09705	63.8	456	165	0	4	459	405	860	1.19e-205	587
KMAKEL_18440	OLKGPM_09705	58.5	398	165	0	1	398	1	398	3.04e-147	436
KMAKEL_18440	LEJEEC_08915	35.1	336	193	6	27	352	7	327	4.52e-55	183
KMAKEL_18440	MAHJHN_05475	34.1	378	215	7	51	394	485	862	6.25e-53	185
KMAKEL_18445	LKLDMN_19325	39.8	221	124	3	2	217	3	219	3.88e-52	164
KMAKEL_18445	PBAKMA_17920	40.1	202	112	3	16	216	14	207	1.32e-46	151
KMAKEL_18475	LDGBGO_12545	41.3	184	105	2	1	182	1	183	1.54e-47	150
KMAKEL_18480	LKAFFP_11195	46.2	260	124	2	6	265	6	249	5.35e-68	207
KMAKEL_18485	MKHMMK_06820	58.2	146	61	0	1	146	17	162	2.24e-63	189
KMAKEL_18490	ACMOBE_04080	43.9	806	401	9	4	797	2	768	3.03e-231	663
KMAKEL_18490	CFGLOL_00075	31.5	793	482	17	4	783	28	772	2.83e-104	335
KMAKEL_18505	FKNOEG_18960	79.2	518	107	1	17	534	116	632	8.83e-289	794
KMAKEL_18520	KAEJAD_08375	51.0	194	95	0	217	410	235	428	2.76e-65	211
KMAKEL_18525	PPPHGA_25390	56.2	770	213	3	2	647	3	772	8.21e-282	786
KMAKEL_18530	AOOCMJ_03895	57.0	300	129	0	1	300	25	324	7.69e-122	349
KMAKEL_18555	PGEJHJ_01480	44.4	372	192	4	175	545	69	426	2.40e-105	320
KMAKEL_18560	CPJMGC_11990	55.8	351	155	0	1	351	37	387	8.60e-134	383
KMAKEL_18585	JKBIAL_02150	36.9	249	148	4	12	252	4	251	8.96e-50	160
KMAKEL_18635	IJGGGM_11235	43.1	262	147	1	297	558	4	263	1.48e-60	213
KMAKEL_18645	AKJKEO_08215	60.7	749	257	7	1	747	58	771	3.43e-308	857
KMAKEL_18645	BBKFDB_00315	35.9	526	284	13	9	532	5	479	1.12e-84	273
KMAKEL_18660	NPLHCN_14260	40.9	421	232	5	490	900	1446	1859	4.28e-84	292
KMAKEL_18660	JHIMFH_08715	39.6	376	224	2	527	901	31	404	1.42e-75	249
KMAKEL_18685	DELOGM_14325	48.3	174	89	1	5	178	6	178	1.37e-51	161
KMAKEL_18790	MGCPIK_11245	49.3	284	141	1	313	596	2	282	3.96e-88	271
KMAKEL_18790	OEDLLD_08805	31.9	501	313	7	106	594	242	726	5.55e-64	220
KMAKEL_18790	JAFONP_12205	40.8	267	146	2	322	588	347	601	2.33e-57	199
KMAKEL_18790	KAJCKN_09590	33.3	264	175	1	327	589	304	567	8.42e-51	181
KMAKEL_18795	MGCPIK_11245	53.7	227	105	0	340	566	48	274	2.43e-78	245
KMAKEL_18795	OEDLLD_08805	32.2	525	333	8	67	572	206	726	1.82e-69	234
KMAKEL_18795	KAJCKN_09590	29.6	425	275	6	162	571	156	571	8.12e-53	186
KMAKEL_18795	NDBPJJ_01855	40.4	208	119	1	337	539	354	561	4.22e-46	167
KMAKEL_18795	KMMJBO_11065	34.5	220	144	0	350	569	385	604	5.04e-42	156
KMAKEL_18820	EAGKMD_04415	63.0	392	143	2	5	394	9	400	6.32e-179	501
KMAKEL_18840	LJALIN_17780	84.1	546	86	1	1	546	50	594	0.0	919
KMAKEL_18840	OBHJLJ_05995	32.5	554	343	8	1	532	4	548	2.16e-87	280
KMAKEL_18840	IMJCGK_11625	30.1	509	347	6	1	504	3	507	2.50e-69	228
KMAKEL_18840	EHHHNJ_03925	27.7	530	335	10	1	524	3	490	4.45e-61	208
KMAKEL_18850	GHIDNG_08685	62.1	1180	422	14	1	1168	1	1167	0.0	1391
KMAKEL_18860	NEALDO_03765	38.6	306	181	5	3	302	2	306	2.42e-61	194
KMAKEL_18870	CNOENP_09380	46.8	346	175	3	3	344	5	345	3.18e-95	284
KMAKEL_18870	FMAOBM_00120	41.8	352	202	2	1	349	4	355	2.31e-88	266
KMAKEL_18880	PFMFKA_03510	49.6	254	118	3	2	250	3	251	2.16e-82	244
KMAKEL_18895	PKDIEA_12970	51.1	442	215	1	1	441	29	470	3.85e-173	490
KMAKEL_18900	CFELJI_12430	51.0	1020	476	9	1	999	1	1017	0.0	954
KMAKEL_18900	NLNKCD_09525	33.1	465	269	10	449	875	137	597	1.38e-61	218
KMAKEL_18900	PFNDEF_04205	35.0	389	238	9	448	823	360	746	9.43e-53	196
KMAKEL_18905	CFELJI_13150	45.9	998	387	15	5	859	6	993	1.58e-274	784
KMAKEL_18905	ACMOBE_04080	26.6	748	487	16	167	852	6	753	6.85e-66	231
KMAKEL_18915	CFGLOL_00075	55.8	761	330	4	1	757	27	785	2.51e-299	835
KMAKEL_18915	ACMOBE_04080	37.3	773	449	15	1	750	1	760	1.40e-145	441
KMAKEL_18955	ACAFCJ_08195	46.5	314	157	5	5	312	57	365	5.49e-88	264
KMAKEL_18960	DCNHNC_05265	78.2	395	86	0	2	396	5	399	2.76e-235	643
KMAKEL_18965	ACCPON_11550	38.1	428	224	4	4	431	5	391	1.90e-103	309
KMAKEL_18970	BGMBNC_05215	49.0	386	189	4	13	397	11	389	1.78e-117	344
KMAKEL_18975	AIAJBN_19275	46.7	413	215	3	1	412	1	409	3.52e-126	367
KMAKEL_18980	FFOFOD_03260	51.8	392	188	1	19	410	2	392	1.38e-140	404
KMAKEL_18995	CPMPBM_09225	53.6	552	245	7	2	549	1	545	3.97e-201	568
KMAKEL_19000	JFOKOO_09130	57.6	743	305	5	10	751	5	738	2.17e-304	846
KMAKEL_19020	EIKLNG_11410	65.6	494	170	0	2	495	165	658	1.06e-225	633
KMAKEL_19030	MJLBJD_19950	42.6	350	194	4	1	349	1	344	4.55e-95	283
KMAKEL_19050	AEGBGH_00130	44.9	492	242	9	418	892	609	1088	3.17e-110	361
KMAKEL_19080	ENPFGE_04385	46.6	298	157	2	20	315	17	314	8.76e-87	261
KMAKEL_19090	INKIHH_11820	51.5	262	121	3	11	272	10	265	1.70e-78	235
KMAKEL_19105	JFOKOO_10945	50.4	407	191	2	9	415	15	410	1.53e-133	386
KMAKEL_19120	BGMBNC_08915	45.7	407	220	1	34	439	28	434	1.70e-123	364
KMAKEL_19120	ODHFDB_02170	33.9	413	235	7	36	417	9	414	3.51e-69	226
KMAKEL_19125	NGIBDE_08595	52.6	439	208	0	6	444	44	482	1.54e-154	444
KMAKEL_19125	DIFDMH_04115	33.3	426	281	3	4	427	2	426	1.57e-72	232
KMAKEL_19125	AIAJBN_07055	29.5	403	282	1	1	403	1	401	8.85e-52	177
KMAKEL_19125	GKLKJE_14420	26.7	435	312	5	9	439	8	439	2.98e-49	171
KMAKEL_19125	ADMHII_00410	40.3	206	122	1	1	206	3	207	2.79e-45	153
KMAKEL_19135	OOMOLM_10315	50.3	757	342	9	6	744	84	824	9.49e-227	657
KMAKEL_19135	PJGAFD_00175	36.4	549	323	10	206	748	89	617	1.19e-103	331
KMAKEL_19135	INHOHM_11200	31.5	559	353	11	204	748	163	705	5.93e-74	253
KMAKEL_19135	DIIMPP_11540	32.5	455	287	8	254	688	131	585	6.27e-59	210
KMAKEL_19140	HIJMHI_06655	69.7	343	104	0	9	351	56	398	4.05e-170	476
KMAKEL_19210	ANBPFB_10370	53.7	808	364	5	1	806	1	800	1.77e-297	842
KMAKEL_19215	JFBMBM_14950	46.9	794	310	10	1	683	1	793	7.28e-222	635
KMAKEL_19220	LEKCMK_00765	42.6	296	156	5	1	293	1	285	1.11e-70	218
KMAKEL_19225	BPPMOK_08570	73.4	184	49	0	1	184	7	190	4.38e-95	280
KMAKEL_19230	AIGKOF_07555	44.3	406	206	3	4	391	8	411	2.12e-112	333
KMAKEL_19230	PEAHOH_01300	30.3	403	257	5	6	387	5	404	1.36e-56	187
KMAKEL_19235	GCDEGP_05015	48.6	580	247	9	1	529	1	580	3.18e-179	520
KMAKEL_19240	NGNBGJ_09385	50.5	214	101	1	17	230	17	225	8.06e-72	215
KMAKEL_19250	HDKNDC_06820	43.5	269	150	2	13	280	8	275	9.19e-76	230
KMAKEL_19260	AAEBNE_10495	44.1	970	494	12	16	955	19	970	5.81e-280	801
KMAKEL_19265	NEHECH_00655	48.6	255	129	2	1	254	1	254	1.52e-81	242
KMAKEL_19275	OPOMOC_02725	52.8	390	170	5	1	378	1	388	8.61e-122	354
KMAKEL_19340	OIDBIB_20210	56.1	353	152	1	11	360	3	355	4.98e-134	383
KMAKEL_19355	FKEMDL_06390	29.8	363	233	6	40	394	35	383	2.40e-47	166
KMAKEL_19360	LDGBGO_12545	42.9	196	105	2	7	201	5	194	2.10e-57	176
KMAKEL_19365	OMINCF_04520	48.1	291	148	3	16	303	15	305	1.79e-85	255
KMAKEL_19365	BKMNND_09895	36.3	300	170	7	2	293	3	289	3.23e-48	160
KMAKEL_19375	NIINMJ_19970	52.9	350	165	0	5	354	36	385	1.14e-128	371
KMAKEL_19375	GAOLHI_01445	35.6	354	223	4	4	356	43	392	8.15e-72	225
KMAKEL_19390	FPHNOE_02620	60.0	235	91	2	1	232	1	235	3.32e-95	275
KMAKEL_19410	MNNBJI_09460	54.4	195	89	0	1	195	1	195	1.73e-73	217
KMAKEL_19425	JFOKOO_06090	39.9	431	245	4	1	429	1	419	2.29e-101	305
KMAKEL_19455	PFNDEF_09710	46.9	608	309	6	6	613	6	599	1.03e-204	583
KMAKEL_19540	JKBIAL_06555	45.7	302	157	5	6	305	4	300	7.40e-88	261
KMAKEL_19550	AHPIPH_01830	34.7	409	264	2	5	411	19	426	4.13e-79	247
KMAKEL_19555	AHPIPH_01830	45.1	412	219	3	3	414	19	423	9.07e-116	341
KMAKEL_19585	JEKOGE_06050	34.1	460	288	4	11	465	7	456	6.52e-71	228
KMAKEL_19625	NPKNPB_04480	47.3	262	136	1	13	274	26	285	2.67e-77	242
KMAKEL_19630	IJGGGM_15885	48.8	441	216	3	1	440	1	432	2.26e-149	428
KMAKEL_19630	AADGFO_06055	46.0	450	235	3	2	443	25	474	2.07e-128	395
KMAKEL_19660	LKLDMN_19325	42.3	222	121	4	1	220	1	217	1.47e-54	170
KMAKEL_19660	PBAKMA_17920	39.8	221	117	4	1	220	1	206	2.59e-46	150
KMAKEL_19670	JAFONP_12205	37.3	314	196	1	258	570	287	600	7.81e-63	214
KMAKEL_19670	OEDLLD_08805	29.0	524	357	4	51	570	207	719	1.14e-58	204
KMAKEL_19670	MGCPIK_11245	39.1	276	165	2	295	570	1	273	4.93e-54	181
KMAKEL_19670	KAJCKN_09590	34.3	312	196	4	266	572	260	567	1.10e-52	185
KMAKEL_19750	ODPBAK_18965	46.9	318	166	1	1	318	2126	2440	1.33e-96	309
KMAKEL_19760	ODPBAK_18965	43.5	965	525	7	709	1670	1172	2119	4.09e-247	781
KMAKEL_19810	GOMNJH_00285	37.6	351	195	7	448	780	93	437	2.98e-65	220
KMAKEL_19935	DPDMEB_13265	36.8	228	133	4	1	223	33	254	9.81e-47	152
KMAKEL_19955	LKLDMN_19325	42.6	223	122	4	1	221	1	219	1.18e-53	168
KMAKEL_19955	PBAKMA_17920	40.1	202	111	3	18	219	15	206	1.84e-46	150
KMAKEL_19975	DPDMEB_13265	39.6	225	131	3	1	223	33	254	2.21e-48	156
KMAKEL_20000	LMAAGL_07260	44.5	209	111	4	5	210	3	209	4.72e-51	165
KMAKEL_20040	HJGNEK_06795	46.7	259	138	0	1	259	1	259	4.04e-71	216
KMAKEL_20050	LKLDMN_19325	43.8	219	118	3	5	223	4	217	6.69e-54	170
KMAKEL_20060	PHBJAG_07175	40.4	223	128	2	2	219	3	225	7.93e-56	174
KMAKEL_20305	KGINLD_04375	39.8	249	146	1	39	283	66	314	5.03e-58	187
KMAKEL_20315	LKAFFP_00125	48.7	439	221	3	24	461	16	451	6.45e-144	416
KMAKEL_20325	OKHOCL_06405	54.5	426	182	6	5	427	3	419	1.35e-139	402
KMAKEL_20385	INHOHM_11200	49.1	607	286	9	25	619	110	705	2.46e-168	493
KMAKEL_20385	OOMOLM_10315	34.2	573	331	12	38	578	222	780	1.49e-91	297
KMAKEL_20385	PJGAFD_00175	32.6	561	347	8	44	593	51	591	1.01e-88	284
KMAKEL_20400	ALODHP_02915	44.0	698	380	8	1	695	1	690	4.83e-187	543
KMAKEL_20420	MPNMPI_08435	54.1	719	305	11	1	703	1	710	6.12e-255	719
KMAKEL_20420	ENNDNJ_02705	27.0	715	427	22	6	653	94	780	2.62e-62	219
KMAKEL_20440	DANLCD_01670	39.6	447	216	4	3	395	1	447	4.92e-101	304
KMAKEL_20445	OACJHM_06000	46.8	462	236	3	12	473	22	473	2.42e-139	405
KMAKEL_20450	IADIMG_01355	60.6	330	129	1	17	346	44	372	8.43e-143	405
KMAKEL_20465	ODPBAK_01675	48.4	281	132	4	4	279	1	273	1.34e-90	267
KMAKEL_20470	CPMPBM_00160	55.9	497	216	3	1	497	1	494	1.34e-196	553
KMAKEL_20470	NAGHPK_09505	28.7	464	304	12	4	456	2	449	1.01e-46	166
KMAKEL_20480	MLIPEK_11975	42.2	490	278	4	3	489	2	489	5.46e-141	410
KMAKEL_20485	AHNHLJ_13685	54.7	558	250	2	2	559	3	557	3.43e-224	628
KMAKEL_20485	JHFIBJ_16095	42.3	574	312	6	6	560	6	579	2.47e-152	459
KMAKEL_20490	NEEMKD_07245	51.5	598	281	3	9	597	7	604	5.33e-222	627
KMAKEL_20495	KEIMNK_08395	96.2	159	6	0	1	159	34	192	3.49e-112	313
KMAKEL_20500	ANENGB_06875	37.3	209	131	0	10	218	6	214	2.30e-49	157
KMAKEL_20505	ECLNLI_04625	63.7	179	65	0	6	184	25	203	2.54e-76	224
KMAKEL_20510	MCCICN_05395	53.9	280	128	1	1	280	1	279	5.61e-109	313
KMAKEL_20560	OEDLLD_10335	43.7	311	169	2	3	313	6	310	3.39e-84	253
KMAKEL_20585	CGOKML_07875	36.8	348	214	4	1	346	8	351	1.17e-79	244
KMAKEL_20590	PNJNHA_06825	51.7	613	287	5	1	613	1	604	2.66e-208	591
KMAKEL_20610	GMPGOM_08675	33.0	233	156	0	28	260	7	239	2.04e-44	150
KMAKEL_20615	AEPIDE_18615	63.6	330	120	0	10	339	32	361	8.56e-143	405
KMAKEL_20620	FBMMIE_03205	61.2	343	131	1	55	397	330	670	7.93e-151	438
KMAKEL_20625	FBMMIE_03205	35.6	270	136	5	67	335	83	315	1.80e-43	155
KMAKEL_20630	PAMFFB_11460	40.8	282	142	5	142	422	324	581	2.59e-59	201
KMAKEL_20640	LOBHJJ_04520	50.5	194	95	1	3	195	2	195	1.23e-66	199
KMAKEL_20645	OKHBPB_07570	62.4	431	162	0	1	431	42	472	8.57e-190	532
KMAKEL_20650	ENNDNJ_12480	80.5	210	41	0	2	211	341	550	8.49e-117	340
KMAKEL_20650	BKEOOB_07480	65.2	210	71	2	1	210	1	208	1.78e-91	263
KMAKEL_20655	ENNDNJ_12480	59.1	328	133	1	4	331	7	333	3.50e-130	380
KMAKEL_20660	DIIMPP_05975	53.0	166	75	1	1	166	1	163	1.29e-57	175
KMAKEL_20670	EAGKMD_14100	49.0	357	137	5	1	312	1	357	8.11e-107	313
KMAKEL_20670	MDHDGC_08370	36.5	323	188	6	3	309	2	323	8.58e-60	191
KMAKEL_20670	LJOEIG_06330	36.6	290	177	4	1	286	1	287	1.93e-59	190
KMAKEL_20680	CPMPBM_03600	59.2	608	244	3	4	611	3	606	1.47e-280	777
KMAKEL_20685	FLKHEJ_00260	46.2	234	122	1	6	239	8	237	4.74e-65	201
KMAKEL_20690	CFELJI_00540	48.0	481	250	0	1	481	1	481	5.40e-151	436
KMAKEL_20725	MPNMPI_08435	39.2	689	381	13	116	777	3	680	2.80e-149	450
KMAKEL_20725	ENNDNJ_02705	25.5	820	494	21	3	754	8	778	4.87e-60	214
KMAKEL_20735	DHOMEH_12720	39.6	738	380	7	1	678	3	734	2.72e-162	481
KMAKEL_20735	ODHFDB_00935	34.0	409	250	7	234	636	649	1043	3.84e-61	218
KMAKEL_20735	JKEOBL_06960	33.6	408	251	8	235	636	607	1000	7.17e-55	199
KMAKEL_20740	NPACKI_04800	59.3	587	207	6	4	558	2	588	1.04e-224	630
KMAKEL_20745	JNBMOB_16835	64.3	115	40	1	5	119	11	124	1.43e-49	150
KMAKEL_20770	OPOMOC_01965	76.4	144	34	0	1	144	1	144	3.69e-86	245
KMAKEL_20775	IINDLL_04140	48.2	465	236	5	19	479	12	475	3.23e-151	436
KMAKEL_20780	GLCPEN_08265	38.5	348	200	6	86	420	55	401	1.84e-60	199
KMAKEL_20785	HFAHKK_07810	35.8	949	379	13	1	731	1	937	1.67e-166	500
KMAKEL_20785	MPNMPI_01965	40.1	339	195	4	1	339	1	331	8.41e-71	231
KMAKEL_20795	KCGDMB_05840	63.7	314	114	0	14	327	14	327	2.97e-141	401
KMAKEL_20800	PBNOEJ_09080	42.9	203	111	4	1	202	1	199	1.27e-51	161
KMAKEL_20810	ANAEHF_05030	55.6	178	77	2	14	190	13	189	1.54e-60	183
KMAKEL_20815	PNJNHA_01195	50.0	190	72	3	13	201	12	179	1.43e-51	162
KMAKEL_20820	LPPKAH_06170	43.3	201	107	3	1	195	1	200	7.61e-50	157
KMAKEL_20825	IJMKAA_11630	44.6	334	162	5	5	319	9	338	9.56e-85	256
KMAKEL_20830	GNFLKF_08300	39.4	388	230	3	37	421	58	443	9.47e-98	297
KMAKEL_20850	PBNOEJ_04290	30.1	519	319	14	2022	2503	2	513	3.24e-58	207
KMAKEL_20910	EDPPFC_16165	39.3	252	144	4	1	250	1	245	1.37e-49	159
KMAKEL_20915	BGHMFE_04500	34.2	692	382	21	2	654	5	662	2.40e-105	338
KMAKEL_20945	EOJLEP_12515	54.3	280	127	1	1	279	1	280	9.30e-103	297
KMAKEL_21070	GEHMID_04080	57.0	228	91	4	1	223	1	226	1.02e-83	245
KMAKEL_21090	LMAAGL_07260	40.7	209	118	3	4	208	3	209	3.61e-50	162
KMAKEL_21370	EDBAJH_12145	43.7	309	155	6	2	297	3	305	2.05e-83	261
KMAKEL_21420	IMMPMF_02225	50.0	230	111	3	1	230	1	226	1.26e-71	214
KMAKEL_21460	IFHDGK_04315	60.9	371	139	3	2	369	266	633	6.33e-164	469
KMAKEL_21465	AEHBLL_10425	27.0	497	289	14	19	473	17	481	1.11e-42	154
KMAKEL_21490	PCHHPE_15625	45.6	217	118	0	1	217	1	217	1.38e-65	202
KMAKEL_21505	GHIDNG_08150	42.1	349	197	3	5	348	294	642	7.93e-89	278
KMAKEL_21510	GHIDNG_08150	46.8	284	135	6	5	284	6	277	2.78e-73	234
KMAKEL_21520	PEAHOH_01300	46.0	448	194	4	3	450	4	403	1.47e-119	352
KMAKEL_21520	AIGKOF_07555	30.1	448	263	8	3	450	9	406	2.10e-54	185
KMAKEL_21525	FLAJJJ_08755	84.8	204	31	0	1	204	1	204	1.29e-122	353
KMAKEL_21530	HJMBIE_06565	71.0	452	58	2	4	382	3	454	1.19e-207	574
KMAKEL_21545	AKJKEO_12255	67.4	484	152	1	1	478	1	484	1.49e-231	640
KMAKEL_21550	BGHMFE_04500	31.5	674	409	18	1	646	1	649	4.33e-87	282
KMAKEL_21555	AMDFLH_11040	53.6	207	94	2	70	275	1	206	4.55e-67	206
KMAKEL_21565	OOFIDG_03175	43.3	434	224	6	7	436	2	417	1.01e-109	326
KMAKEL_21570	PBAKMA_15545	64.0	297	96	5	15	305	15	306	2.89e-136	384
KMAKEL_21575	EBFHBG_03010	31.7	467	273	9	30	461	35	490	3.07e-67	219
KMAKEL_21585	FKNOEG_02840	35.2	261	166	3	22	281	15	273	1.06e-48	159
KMAKEL_21590	FFLAPM_17200	33.3	297	194	3	1	294	18	313	8.85e-52	169
KMAKEL_21590	OFOEJC_06820	33.4	296	185	4	1	290	1	290	2.73e-48	159
KMAKEL_21710	LMAAGL_07260	45.1	204	106	3	12	210	7	209	1.56e-50	162
KMAKEL_21740	LMAAGL_07260	44.4	223	115	5	4	224	3	218	2.60e-57	181
